step,epoch,elapsed_sec,eta_sec,train_loss,lr,grad_norm,imgs_per_s,sec_per_step
1,1,86.99,1402421.78,0.089494,0.0007845348837209302,0.31523,0.8,82.4115
2,1,153.11,1234045.21,0.077495,0.0008190697674418605,0.307204,1.0,66.107
3,1,153.75,826118.05,0.074782,0.0008536046511627908,0.332332,99.2,0.6452
4,1,154.41,622212.1,0.075328,0.0008881395348837211,0.306839,97.0,0.6596
5,1,155.07,499838.56,0.082458,0.0009226744186046514,0.317113,98.4,0.6504
6,1,155.73,418293.78,0.089482,0.0009572093023255817,0.318243,96.3,0.6645
7,1,156.38,360006.96,0.081354,0.000991744186046512,0.300716,98.9,0.6469
8,1,157.1,316445.54,0.069803,0.0010262790697674424,0.267314,88.5,0.7234
9,1,157.75,282427.67,0.097154,0.0010608139534883725,0.312163,98.9,0.6471
10,1,158.4,255209.76,0.081141,0.0010953488372093029,0.292836,99.3,0.6447
11,1,159.05,232943.57,0.088346,0.001129883720930233,0.311116,98.9,0.6471
12,1,159.69,214386.83,0.094789,0.001164418604651163,0.351241,99.1,0.6459
13,1,160.35,198694.66,0.089074,0.0011989534883720932,0.292108,97.9,0.6538
14,1,161.0,185239.91,0.075831,0.0012334883720930233,0.289272,98.4,0.6502
15,1,161.65,173585.07,0.077467,0.0012680232558139534,0.262178,97.6,0.6556
16,1,162.3,163378.49,0.083563,0.0013025581395348835,0.286455,98.9,0.6473
17,1,162.95,154371.96,0.089446,0.0013370930232558136,0.280094,99.2,0.6453
18,1,163.6,146366.38,0.08964,0.001371627906976744,0.292463,98.9,0.6468
19,1,164.25,139202.32,0.091198,0.0014061627906976743,0.338002,99.1,0.6455
20,1,164.89,132756.1,0.098615,0.0014406976744186044,0.287759,98.8,0.6475
21,1,165.55,126926.66,0.086675,0.0014752325581395347,0.278268,99.4,0.6436
22,1,166.19,121624.5,0.084507,0.0015097674418604649,0.279715,98.9,0.6474
23,1,166.84,116782.22,0.098733,0.0015443023255813952,0.312005,99.1,0.646
24,1,167.49,112341.64,0.095304,0.0015788372093023255,0.290869,99.4,0.6436
25,1,168.14,108259.38,0.090537,0.0016133720930232558,0.277812,98.7,0.6482
26,1,168.78,104488.09,0.09118,0.001647906976744186,0.287326,99.4,0.6436
27,1,169.43,100997.9,0.11028,0.0016824418604651163,0.334115,99.0,0.6465
28,1,170.07,97755.6,0.089656,0.0017169767441860464,0.265111,99.4,0.6441
29,1,170.72,94736.89,0.09067,0.0017515116279069765,0.27563,99.3,0.6444
30,1,171.37,91921.04,0.093629,0.0017860465116279068,0.261524,98.9,0.6474
31,1,172.02,89289.01,0.099435,0.001820581395348837,0.292328,98.2,0.6517
32,1,172.67,86818.25,0.08557,0.0018551162790697673,0.281149,99.2,0.6452
33,1,173.31,84496.88,0.089882,0.0018896511627906974,0.268257,99.3,0.6446
34,1,173.96,82311.96,0.108773,0.0019241860465116275,0.292344,99.3,0.6444
35,1,174.61,80256.17,0.088901,0.001958720930232558,0.235144,97.9,0.6539
36,1,175.26,78311.07,0.110544,0.0019932558139534877,0.311335,99.1,0.6458
37,1,175.9,76470.78,0.10591,0.002027790697674418,0.285567,99.2,0.6453
38,1,176.55,74729.09,0.104531,0.0020623255813953484,0.291481,98.5,0.6496
39,1,177.2,73075.09,0.105365,0.0020968604651162787,0.291058,99.1,0.6456
40,1,177.85,71502.7,0.106607,0.0021313953488372086,0.287262,99.5,0.6432
41,1,178.5,70010.68,0.088405,0.002165930232558139,0.235292,98.7,0.6484
42,1,179.15,68589.94,0.096398,0.0022004651162790692,0.248328,98.0,0.6531
43,1,179.8,67231.98,0.106578,0.002234999999999999,0.279891,99.3,0.6442
44,1,180.45,65936.34,0.091129,0.0022695348837209295,0.242419,99.1,0.646
45,1,181.09,64697.26,0.105613,0.00230406976744186,0.266415,99.5,0.6435
46,1,181.73,63512.35,0.106099,0.00233860465116279,0.288169,99.3,0.6442
47,1,182.38,62377.66,0.101362,0.00237313953488372,0.280844,99.4,0.6439
48,1,183.03,61293.03,0.114086,0.0024076744186046503,0.304441,98.1,0.6521
49,1,183.68,60249.82,0.115437,0.0024422093023255807,0.309083,99.6,0.6423
50,1,184.33,59250.15,0.106969,0.0024767441860465106,0.254258,98.6,0.6494
51,1,184.97,58288.1,0.103016,0.002511279069767441,0.255675,99.3,0.6442
52,1,185.62,57363.37,0.120107,0.0025458139534883712,0.302262,99.2,0.6455
53,1,186.26,56473.11,0.11791,0.0025803488372093016,0.268528,99.4,0.644
54,1,186.91,55615.94,0.100999,0.0026148837209302314,0.254087,99.3,0.6446
55,1,187.57,54793.37,0.118924,0.0026494186046511618,0.283795,97.5,0.6562
56,1,188.22,53999.66,0.125281,0.002683953488372092,0.285451,97.8,0.6544
57,1,188.87,53231.71,0.115552,0.0027184883720930224,0.277984,98.9,0.6471
58,1,189.52,52489.63,0.12434,0.0027530232558139523,0.279709,99.2,0.645
59,1,190.17,51774.44,0.122101,0.0027875581395348827,0.308737,98.2,0.6516
60,1,190.83,51085.06,0.116556,0.0028220930232558126,0.27043,97.1,0.6589
61,1,191.48,50415.09,0.109025,0.002856627906976743,0.254933,99.6,0.6428
62,1,192.13,49766.86,0.103205,0.002891162790697673,0.205437,98.8,0.6478
63,1,192.78,49139.88,0.128535,0.0029256976744186035,0.305054,98.4,0.6506
64,1,193.42,48529.94,0.1085,0.0029602325581395334,0.259484,100.0,0.6403
65,1,194.07,47941.07,0.106415,0.0029947674418604633,0.201527,98.5,0.6497
66,1,194.73,47371.71,0.11261,0.0030293023255813937,0.246228,97.5,0.6566
67,1,195.37,46817.01,0.122755,0.003063837209302324,0.250397,99.0,0.6468
68,1,196.03,46280.35,0.111213,0.0030983720930232543,0.249571,97.8,0.6542
69,1,196.68,45757.57,0.118748,0.0031329069767441846,0.24585,98.9,0.647
70,1,197.33,45250.48,0.122304,0.003167441860465115,0.252924,98.4,0.6504
71,1,197.97,44756.1,0.113018,0.003201976744186045,0.23103,99.4,0.6436
72,1,198.64,44280.15,0.129501,0.003236511627906975,0.242522,96.3,0.6645
73,1,199.31,43819.02,0.108074,0.003271046511627906,0.238813,95.1,0.6728
74,1,199.98,43367.57,0.135168,0.003305581395348836,0.300551,96.9,0.6602
75,1,200.63,42927.72,0.131972,0.003340116279069766,0.247809,97.2,0.6582
76,1,201.34,42509.38,0.127744,0.0033746511627906965,0.276525,90.8,0.705
77,1,202.0,42091.28,0.113692,0.003409186046511627,0.232327,97.8,0.6545
78,1,202.66,41686.15,0.132398,0.003443720930232557,0.23562,96.2,0.6655
79,1,203.36,41298.52,0.139721,0.003478255813953488,0.279953,91.3,0.7013
80,1,204.07,40920.75,0.139332,0.0035127906976744182,0.269398,91.1,0.7022
81,1,204.73,40544.25,0.12486,0.0035473255813953486,0.258508,97.7,0.6551
82,1,205.39,40175.43,0.13874,0.0035818604651162785,0.251933,97.9,0.6539
83,1,206.03,39813.56,0.14306,0.003616395348837209,0.298144,99.4,0.6441
84,1,206.68,39460.83,0.13279,0.003650930232558139,0.202306,98.9,0.6469
85,1,207.32,39115.84,0.136495,0.0036854651162790695,0.246504,99.4,0.644
86,1,207.97,38778.87,0.133066,0.0037199999999999993,0.258446,99.3,0.6443
87,1,208.62,38451.31,0.117984,0.0037545348837209297,0.217723,98.0,0.6531
88,1,209.28,38131.8,0.132759,0.00378906976744186,0.236868,97.5,0.6567
89,1,209.92,37817.15,0.152004,0.00382360465116279,0.263068,99.4,0.6438
90,1,210.57,37509.97,0.143793,0.0038581395348837202,0.257824,99.0,0.6466
91,1,211.22,37209.16,0.157572,0.0038926744186046506,0.295407,99.3,0.6445
92,1,211.87,36915.79,0.143533,0.003927209302325581,0.275334,98.5,0.6498
93,1,212.51,36627.81,0.144459,0.003961744186046511,0.247382,99.3,0.6445
94,1,213.16,36346.31,0.142751,0.003996279069767441,0.232352,99.0,0.6466
95,1,213.81,36071.1,0.125637,0.004030813953488371,0.215786,98.7,0.6487
96,1,214.46,35800.66,0.114,0.004065348837209301,0.199317,99.5,0.6432
97,1,215.1,35536.04,0.132619,0.004099883720930232,0.246044,99.3,0.6445
98,1,215.75,35277.11,0.163491,0.0041344186046511616,0.244865,99.0,0.6466
99,1,216.4,35023.55,0.14445,0.0041689534883720914,0.217687,98.8,0.6475
100,1,217.06,34777.15,0.154105,0.004203488372093021,0.241211,96.9,0.6607
101,1,217.71,34534.13,0.13932,0.004238023255813952,0.246814,99.0,0.6465
102,1,218.36,34294.98,0.141477,0.004272558139534883,0.252144,99.1,0.6457
103,1,219.01,34061.52,0.131857,0.004307093023255814,0.201134,98.1,0.6523
104,1,219.67,33833.49,0.143773,0.0043416279069767435,0.2082,97.2,0.6585
105,1,220.32,33607.6,0.123842,0.004376162790697673,0.182151,99.3,0.6443
106,1,220.96,33386.47,0.152904,0.004410697674418604,0.233976,98.8,0.6476
107,1,221.61,33168.78,0.131075,0.004445232558139534,0.208255,99.5,0.643
108,1,222.25,32955.13,0.13476,0.004479767441860465,0.192095,99.5,0.6432
109,1,222.91,32746.87,0.127316,0.004514302325581396,0.207553,98.0,0.6533
110,1,223.6,32547.72,0.143041,0.004548837209302326,0.238281,92.8,0.69
111,1,224.24,32345.38,0.135126,0.004583372093023256,0.221517,99.5,0.643
112,1,224.89,32147.04,0.148311,0.004617906976744186,0.201751,99.1,0.6457
113,1,225.53,31952.05,0.148891,0.004652441860465117,0.220075,99.3,0.6447
114,1,226.18,31760.53,0.141081,0.004686976744186047,0.181707,99.2,0.6451
115,1,226.82,31572.02,0.152629,0.0047215116279069776,0.244343,99.5,0.643
116,1,227.47,31386.85,0.154145,0.0047560465116279075,0.218993,99.4,0.6439
117,1,228.11,31204.77,0.13595,0.004790581395348837,0.214323,99.5,0.6432
118,1,228.76,31025.83,0.141545,0.004825116279069767,0.196259,99.4,0.6437
119,1,229.4,30850.15,0.13913,0.004859651162790697,0.20349,99.1,0.6458
120,1,230.06,30677.91,0.145393,0.004894186046511628,0.212498,98.6,0.6493
121,1,230.71,30509.56,0.161698,0.004928720930232558,0.285677,98.1,0.6523
122,1,231.36,30342.47,0.126265,0.0049632558139534886,0.169191,99.0,0.6462
123,1,232.01,30178.02,0.15486,0.004997790697674419,0.273841,99.1,0.6456
124,1,232.65,30016.08,0.148055,0.005032325581395349,0.183018,99.3,0.6446
125,1,233.3,29857.01,0.134028,0.005066860465116279,0.197392,99.0,0.6466
126,1,233.95,29700.35,0.147973,0.005101395348837209,0.173042,99.1,0.646
127,1,234.6,29546.15,0.162952,0.005135930232558139,0.222164,99.0,0.6462
128,1,235.24,29394.52,0.127695,0.005170465116279069,0.191071,98.8,0.6475
129,1,235.89,29244.98,0.154557,0.005204999999999999,0.211755,99.2,0.645
130,1,236.54,29097.51,0.149827,0.005239534883720929,0.178105,99.4,0.6436
131,1,237.18,28952.65,0.151247,0.005274069767441859,0.193641,98.9,0.6468
132,1,237.83,28809.68,0.136715,0.005308604651162789,0.173192,99.3,0.6442
133,1,238.48,28669.03,0.141252,0.005343139534883719,0.173151,99.1,0.6458
134,1,239.12,28530.56,0.14367,0.005377674418604649,0.174678,99.0,0.6465
135,1,239.77,28394.0,0.136409,0.005412209302325579,0.165096,99.1,0.6455
136,1,240.42,28260.17,0.146539,0.005446744186046509,0.222276,98.2,0.6515
137,1,241.07,28128.06,0.152999,0.005481279069767439,0.204731,98.5,0.6497
138,1,241.73,27998.44,0.163605,0.005515813953488369,0.196201,97.7,0.6548
139,1,242.37,27869.45,0.150165,0.0055503488372092985,0.188965,99.4,0.6439
140,1,243.02,27742.27,0.136189,0.005584883720930228,0.167291,99.4,0.6441
141,1,243.67,27617.42,0.146515,0.005619418604651158,0.191935,99.5,0.643
142,1,244.31,27493.76,0.156096,0.005653953488372089,0.182097,99.4,0.6436
143,1,244.96,27372.08,0.138316,0.00568848837209302,0.183333,99.1,0.6461
144,1,245.61,27252.05,0.154854,0.00572302325581395,0.212355,99.1,0.6455
145,1,246.25,27133.44,0.16744,0.0057575581395348805,0.207705,99.4,0.6436
146,1,246.9,27016.67,0.137521,0.005792093023255811,0.134732,99.1,0.6457
147,1,247.54,26901.23,0.157187,0.005826627906976742,0.195906,99.5,0.6431
148,1,248.19,26787.36,0.136587,0.005861162790697672,0.200248,99.4,0.6436
149,1,248.83,26675.01,0.166114,0.005895697674418602,0.190794,99.4,0.6436
150,1,249.48,26564.18,0.136955,0.005930232558139532,0.155747,99.4,0.6439
151,1,250.12,26454.59,0.145146,0.0059647674418604624,0.177309,99.7,0.6417
152,1,250.77,26347.3,0.128848,0.005999302325581392,0.143739,98.5,0.65
153,1,251.42,26241.15,0.12249,0.006033837209302322,0.147062,98.8,0.6477
154,1,252.06,26136.06,0.128299,0.006068372093023252,0.132303,99.3,0.6445
155,1,252.71,26032.63,0.140825,0.006102906976744182,0.162928,98.8,0.6477
156,1,253.36,25930.11,0.136224,0.006137441860465112,0.181182,99.5,0.6435
157,1,254.0,25828.93,0.14739,0.006171976744186042,0.216299,99.3,0.6442
158,1,254.65,25728.93,0.143639,0.006206511627906973,0.141444,99.5,0.6432
159,1,255.3,25631.62,0.134457,0.0062410465116279025,0.136917,97.3,0.6577
160,1,255.96,25535.09,0.14125,0.006275581395348833,0.194333,98.0,0.6531
161,1,256.61,25439.35,0.151816,0.006310116279069763,0.167364,99.1,0.6457
162,1,257.26,25344.91,0.155192,0.006344651162790693,0.225761,98.4,0.6504
163,1,257.91,25251.75,0.122151,0.006379186046511623,0.153186,98.2,0.6516
164,1,258.57,25159.91,0.145388,0.006413720930232553,0.157607,97.9,0.6538
165,1,259.26,25073.15,0.134958,0.006448255813953483,0.210019,92.1,0.6948
166,1,260.08,24999.09,0.152706,0.006482790697674413,0.17911,78.4,0.8162
167,1,261.05,24940.35,0.159252,0.006517325581395343,0.239671,66.2,0.9672
168,1,261.83,24864.7,0.143335,0.006551860465116274,0.159927,81.9,0.7816
169,1,262.49,24778.43,0.145531,0.006586395348837204,0.204155,97.0,0.6599
170,1,263.17,24694.59,0.141743,0.006620930232558134,0.170744,94.8,0.6751
171,1,263.85,24611.79,0.138885,0.006655465116279065,0.14173,94.7,0.6759
172,1,264.53,24530.13,0.164459,0.006689999999999995,0.20992,94.4,0.678
173,1,265.18,24447.21,0.157042,0.006724534883720925,0.191185,97.8,0.6542
174,1,265.83,24364.51,0.138272,0.006759069767441856,0.162175,99.1,0.6461
175,1,266.47,24282.47,0.143304,0.006793604651162787,0.151914,99.5,0.6433
176,1,267.12,24201.79,0.153161,0.006828139534883717,0.188147,98.8,0.6481
177,1,267.77,24121.75,0.148193,0.006862674418604647,0.135316,99.2,0.6449
178,1,268.42,24043.36,0.150619,0.006897209302325577,0.172503,97.9,0.6537
179,1,269.07,23964.9,0.141004,0.006931744186046508,0.156167,99.5,0.643
180,1,269.71,23887.27,0.1354,0.006966279069767439,0.157232,99.6,0.6428
181,1,270.36,23811.11,0.150616,0.007000813953488369,0.154891,99.3,0.6443
182,1,271.01,23735.43,0.146555,0.007035348837209299,0.174947,99.1,0.6458
183,1,271.65,23660.36,0.145751,0.007069883720930229,0.184249,99.5,0.6433
184,1,272.3,23586.44,0.155048,0.0071044186046511585,0.193,98.9,0.6474
185,1,272.95,23513.14,0.142138,0.007138953488372088,0.177807,99.2,0.6453
186,1,273.59,23440.38,0.138916,0.007173488372093018,0.170748,99.6,0.6423
187,1,274.23,23368.54,0.137025,0.007208023255813949,0.174564,99.4,0.6442
188,1,274.88,23297.65,0.127763,0.00724255813953488,0.182245,99.0,0.6466
189,1,275.53,23227.79,0.146486,0.007277093023255811,0.17534,98.5,0.6498
190,1,276.18,23158.66,0.144173,0.007311627906976741,0.151186,98.5,0.6498
191,1,276.83,23090.27,0.152719,0.007346162790697672,0.184408,98.5,0.65
192,1,277.48,23022.25,0.154762,0.007380697674418603,0.177571,99.1,0.6461
193,1,278.13,22954.75,0.128766,0.007415232558139534,0.189888,99.4,0.6438
194,1,278.77,22887.88,0.135266,0.0074497674418604635,0.186366,99.5,0.6432
195,1,279.42,22821.99,0.127111,0.007484302325581393,0.179087,98.9,0.6468
196,1,280.06,22756.56,0.141474,0.007518837209302324,0.161179,99.3,0.6443
197,1,280.71,22692.18,0.157314,0.007553372093023255,0.197512,98.6,0.649
198,1,281.36,22628.16,0.136502,0.007587906976744185,0.163684,99.1,0.6456
199,1,282.0,22564.62,0.138812,0.007622441860465115,0.213572,99.4,0.6436
200,1,282.65,22501.7,0.127421,0.0076569767441860455,0.146272,99.4,0.6438
201,1,283.31,22440.41,0.144541,0.007691511627906975,0.201788,98.1,0.6527
202,1,284.11,22391.39,0.162702,0.007726046511627905,0.173238,79.6,0.8044
203,1,284.91,22342.31,0.172815,0.007760581395348836,0.241995,80.3,0.7974
204,1,285.64,22288.63,0.131709,0.007795116279069765,0.184355,87.4,0.7321
205,1,286.59,22251.68,0.14699,0.007829651162790694,0.188809,68.0,0.9413
206,1,287.26,22194.7,0.139767,0.007864186046511625,0.148807,94.4,0.6776
207,1,288.23,22160.41,0.140546,0.007898720930232554,0.181702,66.3,0.9654
208,1,288.97,22109.12,0.142621,0.007933255813953483,0.204997,86.6,0.7393
209,1,289.63,22052.24,0.140879,0.007967790697674414,0.167721,97.1,0.6594
210,1,290.29,21995.73,0.121135,0.008002325581395343,0.18728,97.4,0.6572
211,1,291.0,21943.3,0.141771,0.008036860465116273,0.189424,90.8,0.7046
212,1,291.64,21887.11,0.151395,0.008071395348837204,0.188955,98.8,0.648
213,1,292.29,21831.08,0.126951,0.008105930232558133,0.181017,99.6,0.6427
214,1,292.94,21775.98,0.133108,0.008140465116279062,0.208401,98.7,0.6484
215,1,293.58,21721.07,0.128223,0.008174999999999991,0.182457,99.3,0.6443
216,1,294.23,21666.65,0.145526,0.008209534883720922,0.195273,99.4,0.6441
217,1,294.88,21613.25,0.144222,0.008244069767441851,0.201707,98.3,0.6512
218,1,295.53,21559.8,0.125001,0.00827860465116278,0.17726,99.4,0.6439
219,1,296.17,21506.74,0.130158,0.00831313953488371,0.183661,99.6,0.6427
220,1,296.81,21454.16,0.141474,0.008347674418604638,0.186835,99.6,0.6427
221,1,297.47,21402.76,0.125181,0.008382209302325567,0.183657,98.8,0.6475
222,1,298.11,21351.25,0.146651,0.008416744186046498,0.258921,99.3,0.6445
223,1,298.76,21300.38,0.13531,0.008451279069767429,0.160234,98.9,0.6471
224,1,299.41,21249.94,0.123533,0.008485813953488358,0.216612,98.9,0.6469
225,1,300.05,21199.88,0.117884,0.008520348837209289,0.158303,99.1,0.646
226,1,300.7,21150.07,0.12674,0.00855488372093022,0.159139,99.5,0.6432
227,1,301.34,21100.75,0.133212,0.00858941860465115,0.187415,99.3,0.6444
228,1,301.99,21051.83,0.172169,0.00862395348837208,0.208227,99.4,0.6439
229,1,302.64,21003.64,0.147354,0.008658488372093012,0.181414,98.7,0.6483
230,1,303.29,20955.76,0.138934,0.008693023255813942,0.172937,99.0,0.6467
231,1,303.93,20908.23,0.141014,0.008727558139534871,0.184192,99.1,0.646
232,1,304.58,20861.24,0.142376,0.0087620930232558,0.201356,98.8,0.6481
233,1,305.23,20814.61,0.123232,0.008796627906976731,0.20339,98.9,0.6472
234,1,305.88,20768.16,0.140145,0.00883116279069766,0.19831,99.4,0.6439
235,1,306.52,20722.11,0.149331,0.008865697674418591,0.198851,99.3,0.6443
236,1,307.17,20676.78,0.153756,0.008900232558139522,0.247906,98.6,0.6491
237,1,307.81,20631.36,0.144725,0.008934767441860452,0.171933,99.6,0.6424
238,1,308.46,20586.48,0.133796,0.008969302325581383,0.204598,99.3,0.6447
239,1,309.11,20542.49,0.11331,0.009003837209302312,0.191106,98.0,0.6528
240,1,309.77,20499.05,0.127668,0.009038372093023241,0.180478,97.6,0.6555
241,1,310.52,20462.08,0.128284,0.00907290697674417,0.173321,86.2,0.7421
242,1,311.35,20430.76,0.14696,0.009107441860465101,0.180024,77.1,0.8298
243,1,312.12,20395.4,0.122497,0.009141976744186032,0.176908,83.8,0.7639
244,1,312.97,20366.23,0.139271,0.009176511627906963,0.168987,74.8,0.8552
245,1,313.76,20332.98,0.144453,0.009211046511627893,0.240702,81.2,0.7884
246,1,314.46,20294.16,0.14358,0.009245581395348822,0.231257,91.7,0.6979
247,1,315.24,20260.58,0.150735,0.009280116279069751,0.197645,82.6,0.7748
248,1,316.07,20231.23,0.135017,0.009314651162790682,0.212899,76.5,0.8366
249,1,316.74,20191.42,0.116392,0.009349186046511613,0.155132,95.7,0.6687
250,1,317.44,20153.34,0.131816,0.009383720930232542,0.183944,92.6,0.6913
251,1,318.11,20114.74,0.13907,0.009418255813953471,0.180156,94.4,0.6782
252,1,318.84,20079.43,0.121512,0.009452790697674402,0.174931,88.2,0.7258
253,1,319.55,20043.42,0.108852,0.009487325581395332,0.191918,90.1,0.7103
254,1,320.2,20003.98,0.121454,0.009521860465116263,0.183376,98.3,0.6508
255,1,320.88,19966.53,0.140411,0.009556395348837192,0.219181,94.4,0.6782
256,1,321.58,19930.17,0.123473,0.009590930232558123,0.200176,92.7,0.6908
257,1,322.24,19892.07,0.13193,0.009625465116279054,0.184092,97.3,0.6581
258,1,322.89,19853.9,0.144451,0.009659999999999985,0.224946,98.1,0.6527
259,1,323.54,19815.63,0.129334,0.009694534883720914,0.236233,99.1,0.646
260,1,324.18,19777.59,0.141996,0.009729069767441844,0.232806,99.2,0.6452
261,1,324.84,19740.8,0.14161,0.009763604651162773,0.196943,97.5,0.6561
262,1,325.5,19703.76,0.126979,0.009798139534883704,0.19156,98.1,0.6526
263,1,326.15,19666.79,0.140923,0.009832674418604635,0.235081,98.6,0.6488
264,1,326.81,19631.17,0.141326,0.009867209302325566,0.225643,96.0,0.667
265,1,327.47,19594.92,0.141272,0.009901744186046495,0.242224,98.1,0.6521
266,1,328.11,19558.44,0.139973,0.009936279069767425,0.218541,99.4,0.6435
267,1,328.76,19522.49,0.146867,0.009970813953488356,0.214111,98.8,0.6481
268,1,329.41,19486.6,0.156998,0.010005348837209287,0.318736,99.3,0.6442
269,1,330.05,19450.98,0.119122,0.010039883720930218,0.191688,99.3,0.6447
270,1,330.7,19415.53,0.117906,0.010074418604651149,0.173494,99.5,0.6433
271,1,331.34,19380.38,0.128723,0.010108953488372078,0.312901,99.4,0.6438
272,1,331.98,19345.42,0.127963,0.010143488372093007,0.225985,99.6,0.6428
273,1,332.63,19311.09,0.131961,0.010178023255813936,0.23507,98.5,0.6495
274,1,333.28,19276.78,0.119844,0.010212558139534865,0.224315,99.1,0.6455
275,1,333.93,19242.74,0.134813,0.010247093023255795,0.205997,99.1,0.6457
276,1,334.57,19208.76,0.122352,0.010281627906976724,0.20717,99.6,0.6426
277,1,335.22,19175.36,0.120683,0.010316162790697653,0.182692,98.7,0.6485
278,1,335.87,19142.27,0.132096,0.010350697674418582,0.206516,98.5,0.6497
279,1,336.52,19109.01,0.14313,0.010385232558139513,0.209972,99.6,0.6427
280,1,337.16,19076.29,0.120452,0.010419767441860442,0.186935,98.7,0.6481
281,1,337.82,19043.91,0.153648,0.010454302325581373,0.273849,99.2,0.6451
282,1,338.46,19011.53,0.12847,0.010488837209302304,0.215581,99.0,0.6464
283,1,339.11,18979.21,0.121961,0.010523372093023235,0.234001,99.5,0.6432
284,1,339.75,18947.14,0.11947,0.010557906976744165,0.190045,99.4,0.6438
285,1,340.4,18915.22,0.143193,0.010592441860465094,0.196608,99.6,0.6424
286,1,341.04,18883.53,0.1287,0.010626976744186023,0.198381,99.6,0.6428
287,1,341.68,18852.19,0.121018,0.010661511627906954,0.188114,99.2,0.6452
288,1,342.33,18821.07,0.130286,0.010696046511627885,0.197417,99.2,0.6453
289,1,342.99,18790.73,0.117689,0.010730581395348816,0.215458,97.6,0.6556
290,1,343.64,18760.11,0.118699,0.010765116279069746,0.21079,98.9,0.6469
291,1,344.28,18729.55,0.132764,0.010799651162790677,0.179694,99.4,0.644
292,1,344.92,18699.14,0.127754,0.010834186046511606,0.228754,99.5,0.6433
293,1,345.57,18669.09,0.135888,0.010868720930232537,0.210691,99.1,0.6461
294,1,346.22,18639.28,0.145429,0.010903255813953468,0.25849,99.0,0.6465
295,1,346.87,18609.62,0.12123,0.010937790697674397,0.209634,99.1,0.6456
296,1,347.51,18580.12,0.118187,0.010972325581395326,0.205821,99.2,0.645
297,1,348.16,18550.75,0.11487,0.011006860465116257,0.225409,99.4,0.644
298,1,348.8,18521.47,0.128839,0.011041395348837187,0.228838,99.7,0.6422
299,1,349.44,18492.45,0.106518,0.011075930232558118,0.197732,99.5,0.6432
300,1,350.09,18463.81,0.112448,0.011110465116279049,0.177492,99.0,0.6468
301,1,361.05,18977.13,0.138341,0.01114499999999998,0.185799,96.8,0.661
302,1,361.69,18946.75,0.151702,0.01117953488372091,0.251104,99.8,0.6415
303,1,362.33,18916.63,0.113252,0.011214069767441841,0.194864,99.6,0.6427
304,1,362.98,18886.71,0.12528,0.011248604651162772,0.241363,99.6,0.6429
305,1,363.62,18857.05,0.124841,0.011283139534883703,0.181208,99.3,0.6443
306,1,364.27,18827.91,0.108442,0.011317674418604633,0.190536,98.4,0.6507
307,1,364.92,18798.96,0.136559,0.011352209302325564,0.301407,98.4,0.6504
308,1,365.57,18770.0,0.135143,0.011386744186046495,0.19817,98.9,0.6471
309,1,366.22,18741.1,0.126397,0.011421279069767426,0.324406,99.3,0.6443
310,1,366.87,18712.9,0.129027,0.011455813953488356,0.208347,97.8,0.6546
311,1,367.52,18684.42,0.129511,0.011490348837209285,0.207147,99.1,0.6456
312,1,368.16,18656.04,0.121313,0.011524883720930214,0.205721,99.4,0.6441
313,1,368.81,18627.83,0.124095,0.011559418604651144,0.233933,99.4,0.644
314,1,369.46,18600.26,0.115648,0.011593953488372074,0.217778,98.0,0.6532
315,1,370.11,18572.39,0.137821,0.011628488372093005,0.256403,99.4,0.6437
316,1,370.77,18545.45,0.1291,0.011663023255813934,0.191134,97.2,0.6587
317,1,371.41,18517.93,0.135927,0.011697558139534863,0.205123,99.4,0.6439
318,1,372.07,18490.98,0.13058,0.011732093023255794,0.225213,98.2,0.6519
319,1,372.71,18463.78,0.122922,0.011766627906976723,0.267348,99.4,0.6438
320,1,373.36,18437.12,0.14542,0.011801162790697652,0.270428,98.3,0.6512
321,1,374.02,18410.78,0.109694,0.011835697674418581,0.200844,98.4,0.6505
322,1,374.93,18397.43,0.109065,0.011870232558139512,0.20501,69.9,0.9155
323,1,375.69,18376.05,0.126681,0.011904767441860442,0.240947,85.4,0.7498
324,1,376.53,18359.29,0.142056,0.011939302325581371,0.185732,76.0,0.8424
325,1,377.31,18339.37,0.127278,0.011973837209302302,0.212814,82.6,0.7751
326,1,378.09,18320.12,0.135054,0.012008372093023233,0.191756,81.3,0.7869
327,1,378.79,18296.76,0.138243,0.012042906976744162,0.189443,91.6,0.6988
328,1,379.57,18277.12,0.100186,0.012077441860465093,0.190646,82.7,0.7735
329,1,380.24,18252.59,0.135592,0.012111976744186022,0.20632,95.6,0.6696
330,1,381.07,18236.0,0.11701,0.012146511627906953,0.194406,76.9,0.8322
331,1,381.72,18210.71,0.136306,0.012181046511627882,0.262496,98.8,0.6478
332,1,382.37,18185.54,0.115091,0.01221558139534881,0.201765,98.9,0.6471
333,1,383.01,18160.37,0.140022,0.012250116279069741,0.205707,99.3,0.6442
334,1,383.66,18135.28,0.118866,0.01228465116279067,0.1987,99.6,0.6427
335,1,384.3,18110.37,0.1206,0.0123191860465116,0.24981,99.5,0.6434
336,1,384.95,18085.91,0.103379,0.01235372093023253,0.211387,98.4,0.6502
337,1,385.6,18061.25,0.127307,0.012388255813953461,0.270623,99.6,0.6428
338,1,386.24,18036.75,0.11515,0.01242279069767439,0.208663,99.5,0.6432
339,1,386.89,18012.5,0.109123,0.01245732558139532,0.24237,99.1,0.6456
340,1,387.53,17988.32,0.106466,0.01249186046511625,0.258553,99.4,0.644
341,1,388.18,17964.59,0.120433,0.012526395348837179,0.226923,99.0,0.6462
342,1,388.83,17940.62,0.120331,0.01256093023255811,0.224344,99.6,0.6427
343,1,389.47,17916.76,0.116017,0.01259546511627904,0.19151,99.8,0.6416
344,1,390.12,17893.39,0.111148,0.01262999999999997,0.221976,98.5,0.65
345,1,390.77,17869.86,0.122235,0.0126645348837209,0.226424,99.5,0.6434
346,1,391.41,17846.48,0.117686,0.01269906976744183,0.204369,99.4,0.644
347,1,392.06,17823.45,0.142688,0.01273360465116276,0.287724,98.7,0.6486
348,1,392.7,17800.29,0.103018,0.01276813953488369,0.213385,99.5,0.643
349,1,393.35,17777.28,0.130437,0.012802674418604621,0.289873,99.5,0.6432
350,1,393.99,17754.44,0.098262,0.012837209302325552,0.185586,99.3,0.6444
351,1,394.64,17731.64,0.121754,0.012871744186046483,0.248404,99.6,0.6423
352,1,395.28,17709.14,0.100271,0.012906279069767414,0.211056,99.0,0.6463
353,1,395.93,17686.59,0.120658,0.012940813953488343,0.241304,99.6,0.6424
354,1,396.57,17664.19,0.110767,0.012975348837209274,0.189003,99.5,0.6429
355,1,397.22,17642.24,0.125133,0.013009883720930203,0.233038,98.4,0.6503
356,1,397.87,17620.28,0.12354,0.013044418604651132,0.274898,98.9,0.6474
357,1,398.53,17598.82,0.10778,0.013078953488372062,0.173977,97.6,0.6558
358,1,399.23,17579.42,0.125601,0.013113488372092993,0.219899,91.4,0.7001
359,1,400.05,17565.56,0.128337,0.013148023255813922,0.238627,77.7,0.8241
360,1,401.06,17559.76,0.132967,0.013182558139534853,0.24951,63.6,1.0062
361,1,402.0,17551.11,0.094237,0.013217093023255784,0.191574,68.5,0.9342
362,1,402.68,17531.16,0.122148,0.013251627906976714,0.21203,94.1,0.68
363,1,403.39,17512.28,0.145794,0.013286162790697643,0.249332,91.1,0.7023
364,1,404.07,17492.78,0.122122,0.013320697674418574,0.208044,93.4,0.6854
365,1,404.78,17474.13,0.12483,0.013355232558139503,0.221765,91.1,0.7026
366,1,405.58,17459.8,0.116119,0.013389767441860434,0.224752,79.9,0.8008
367,1,406.29,17441.64,0.125116,0.013424302325581363,0.262143,90.1,0.71
368,1,407.07,17426.48,0.11327,0.013458837209302294,0.198287,82.3,0.7778
369,1,407.94,17415.19,0.118619,0.013493372093023223,0.233989,73.9,0.8665
370,1,408.64,17397.11,0.114905,0.013527906976744152,0.188596,90.7,0.7059
371,1,409.32,17377.94,0.132025,0.013562441860465083,0.232498,94.4,0.678
372,1,410.2,17367.14,0.113962,0.013596976744186012,0.238157,73.3,0.8734
373,1,410.85,17347.27,0.1215,0.013631511627906942,0.206744,97.4,0.6572
374,1,411.55,17329.22,0.111644,0.013666046511627871,0.198285,91.7,0.6981
375,1,412.27,17312.15,0.12094,0.0137005813953488,0.282902,89.0,0.7192
376,1,413.0,17295.52,0.126667,0.01373511627906973,0.227199,87.9,0.7277
377,1,413.65,17275.8,0.133575,0.013769651162790658,0.239375,98.2,0.6515
378,1,414.3,17255.77,0.13896,0.01380418604651159,0.227047,99.7,0.6418
379,1,414.94,17235.99,0.120709,0.013838720930232518,0.280234,99.2,0.6454
380,1,415.6,17216.64,0.111268,0.013873255813953449,0.192797,97.9,0.6534
381,1,416.26,17197.75,0.13336,0.01390779069767438,0.2387,97.5,0.6564
382,1,416.9,17178.22,0.11842,0.013942325581395309,0.239732,99.3,0.6443
383,1,417.55,17158.88,0.109766,0.013976860465116241,0.23555,99.0,0.6464
384,1,418.2,17139.59,0.129218,0.014011395348837172,0.283485,99.2,0.645
385,1,418.84,17120.39,0.103179,0.014045930232558103,0.243415,99.2,0.645
386,1,419.49,17101.22,0.100921,0.014080465116279032,0.203532,99.5,0.6433
387,1,420.14,17082.27,0.124002,0.014114999999999963,0.244154,99.0,0.6466
388,1,420.78,17063.25,0.10511,0.014149534883720892,0.194883,99.6,0.6426
389,1,421.43,17044.78,0.096814,0.01418406976744182,0.201558,97.9,0.6537
390,1,422.09,17026.51,0.098876,0.014218604651162751,0.215797,97.5,0.6566
391,1,422.74,17007.85,0.120419,0.01425313953488368,0.222928,99.3,0.6444
392,1,423.38,16989.33,0.145571,0.014287674418604611,0.215969,99.1,0.6455
393,1,424.03,16970.85,0.103781,0.014322209302325542,0.218685,99.3,0.6446
394,1,424.67,16952.48,0.127482,0.014356744186046473,0.197847,99.2,0.6449
395,1,425.32,16934.14,0.113755,0.014391279069767402,0.220435,99.5,0.6433
396,1,425.96,16915.91,0.103869,0.01442581395348833,0.25452,99.4,0.6441
397,1,426.62,16898.14,0.122278,0.014460348837209262,0.274863,97.9,0.6535
398,1,427.26,16880.16,0.133471,0.01449488372093019,0.227032,99.1,0.6456
399,1,427.91,16862.17,0.099865,0.01452941860465112,0.187397,99.5,0.6434
400,1,428.55,16844.35,0.149295,0.014563953488372049,0.279511,99.1,0.6455
401,1,429.24,16828.29,0.117512,0.014598488372092978,0.202,99.2,0.6451
402,1,429.89,16810.68,0.104218,0.014633023255813908,0.220387,99.0,0.6467
403,1,430.54,16793.07,0.103515,0.014667558139534837,0.221396,99.3,0.6447
404,1,431.18,16775.49,0.114422,0.014702093023255768,0.223516,99.5,0.6429
405,1,431.83,16758.05,0.102897,0.014736627906976697,0.208558,99.3,0.6446
406,1,432.47,16740.71,0.119167,0.014771162790697628,0.283204,99.2,0.6449
407,1,433.12,16723.44,0.100397,0.014805697674418557,0.218444,99.3,0.6444
408,1,433.76,16706.2,0.109213,0.01484023255813949,0.244952,99.5,0.6433
409,1,434.41,16689.06,0.119351,0.014874767441860419,0.205393,99.4,0.6437
410,1,435.05,16671.9,0.11751,0.014909302325581348,0.211653,99.8,0.6413
411,1,435.69,16654.91,0.129863,0.014943837209302277,0.205174,99.5,0.6434
412,1,436.34,16638.0,0.111671,0.014978372093023207,0.220357,99.5,0.6435
413,1,436.98,16621.16,0.136176,0.015012906976744138,0.226168,99.5,0.6434
414,1,437.64,16605.0,0.121864,0.015047441860465067,0.291392,97.1,0.6592
415,1,438.29,16588.3,0.105993,0.015081976744185996,0.198083,99.5,0.6431
416,1,438.93,16571.73,0.109187,0.015116511627906925,0.185128,99.4,0.6441
417,1,439.57,16555.2,0.13202,0.015151046511627856,0.238223,99.4,0.6436
418,1,440.22,16538.9,0.11976,0.015185581395348787,0.198098,98.9,0.6473
419,1,440.9,16523.91,0.123576,0.015220116279069716,0.227017,94.0,0.6805
420,1,441.61,16509.93,0.132311,0.015254651162790645,0.278765,90.7,0.7057
421,1,442.52,16503.69,0.09217,0.015289186046511576,0.267006,70.6,0.9063
422,1,443.34,16493.98,0.132082,0.015323720930232506,0.191505,78.3,0.8172
423,1,444.07,16481.07,0.128856,0.015358255813953435,0.276559,87.7,0.7297
424,1,444.81,16468.49,0.128331,0.015392790697674364,0.213407,86.8,0.7373
425,1,445.46,16452.75,0.107642,0.015427325581395293,0.214425,98.5,0.65
426,1,446.11,16437.01,0.12184,0.015461860465116224,0.201134,98.7,0.6485
427,1,446.76,16421.22,0.099807,0.015496395348837155,0.292262,99.2,0.6452
428,1,447.42,16406.11,0.103607,0.015530930232558087,0.185892,96.7,0.6619
429,1,448.07,16390.44,0.132626,0.015565465116279016,0.287549,99.3,0.6443
430,1,448.72,16375.18,0.114422,0.015599999999999946,0.23046,97.9,0.654
431,1,449.36,16359.58,0.093605,0.015634534883720876,0.244503,99.6,0.6427
432,1,450.01,16344.03,0.127108,0.015669069767441805,0.184683,99.6,0.6423
433,1,450.66,16328.72,0.130041,0.015703604651162738,0.216756,98.9,0.6469
434,1,451.34,16314.71,0.12229,0.015738139534883667,0.239719,94.0,0.6808
435,1,451.98,16299.48,0.12277,0.0157726744186046,0.188707,99.1,0.6456
436,1,452.63,16284.38,0.116794,0.01580720930232553,0.225201,98.9,0.6471
437,1,453.28,16269.19,0.113336,0.01584174418604646,0.193721,99.5,0.6429
438,1,453.92,16254.19,0.116623,0.01587627906976739,0.250403,99.0,0.6465
439,1,454.57,16239.31,0.106605,0.01591081395348832,0.186928,98.8,0.6479
440,1,455.22,16224.36,0.122747,0.01594534883720925,0.224053,99.4,0.644
441,1,455.87,16209.76,0.122497,0.015979883720930184,0.223598,99.2,0.6454
442,1,456.52,16194.92,0.114872,0.016014418604651113,0.195378,99.4,0.6438
443,1,457.17,16180.46,0.118694,0.016048953488372042,0.231848,98.1,0.6524
444,1,457.81,16165.75,0.107518,0.01608348837209297,0.208969,99.4,0.6437
445,1,458.46,16151.23,0.1086,0.016118023255813903,0.202924,98.9,0.647
446,1,459.11,16136.72,0.128849,0.016152558139534836,0.291198,99.1,0.6458
447,1,459.76,16122.62,0.106318,0.01618709302325577,0.219512,97.6,0.656
448,1,460.41,16108.28,0.124852,0.0162216279069767,0.238541,98.9,0.6471
449,1,461.06,16093.94,0.153224,0.01625616279069763,0.29959,99.2,0.6453
450,1,461.71,16079.65,0.120545,0.01629069767441856,0.216767,99.3,0.6446
451,1,462.37,16066.08,0.115007,0.016325232558139488,0.231895,96.4,0.6641
452,1,463.08,16054.09,0.114301,0.016359767441860417,0.23661,90.4,0.7076
453,1,464.02,16050.17,0.078968,0.016394302325581346,0.185258,68.1,0.9398
454,1,465.02,16048.44,0.098161,0.016428837209302275,0.208943,63.8,1.0027
455,1,465.91,16042.8,0.120477,0.016463372093023204,0.222238,72.0,0.8891
456,1,466.6,16030.04,0.135398,0.016497906976744133,0.235663,94.0,0.6811
457,1,467.41,16021.93,0.105069,0.016532441860465062,0.245256,78.5,0.8157
458,1,468.28,16015.55,0.13895,0.01656697674418599,0.224517,74.0,0.8652
459,1,469.01,16004.71,0.128259,0.01660151162790692,0.210213,87.3,0.7335
460,1,469.66,15990.96,0.117468,0.016636046511627853,0.20124,98.9,0.6469
461,1,470.31,15977.3,0.094882,0.016670581395348782,0.225664,99.5,0.6429
462,1,470.96,15963.67,0.116476,0.016705116279069714,0.210284,98.8,0.6475
463,1,471.6,15949.98,0.139751,0.016739651162790647,0.20265,99.4,0.6439
464,1,472.26,15936.67,0.119015,0.016774186046511576,0.230345,98.0,0.6531
465,1,472.9,15923.07,0.121295,0.016808720930232505,0.207078,99.5,0.6434
466,1,473.56,15909.92,0.115482,0.016843255813953437,0.199339,97.7,0.6551
467,1,474.2,15896.41,0.11057,0.01687779069767437,0.235859,99.6,0.6428
468,1,474.85,15883.02,0.102156,0.016912325581395302,0.274719,99.3,0.6446
469,1,475.49,15869.62,0.128469,0.016946860465116235,0.246393,99.6,0.6428
470,1,476.14,15856.32,0.121009,0.016981395348837167,0.229085,99.4,0.6439
471,1,476.78,15843.11,0.09536,0.017015930232558096,0.176994,99.2,0.6452
472,1,477.43,15829.9,0.09864,0.017050465116279025,0.221769,99.5,0.6435
473,1,478.08,15816.97,0.096489,0.017084999999999954,0.210291,98.4,0.6506
474,1,478.72,15803.84,0.118534,0.017119534883720883,0.285015,99.6,0.6428
475,1,479.37,15790.82,0.116215,0.017154069767441812,0.215726,99.3,0.6444
476,1,480.02,15778.16,0.127368,0.017188604651162745,0.219217,97.9,0.6536
477,1,480.66,15765.2,0.090921,0.017223139534883674,0.213671,99.5,0.6431
478,1,481.31,15752.34,0.122017,0.017257674418604603,0.254606,99.3,0.6446
479,1,481.96,15739.55,0.085693,0.017292209302325532,0.245995,99.2,0.6452
480,1,482.61,15726.92,0.115862,0.017326744186046465,0.195172,98.7,0.6485
481,1,483.26,15714.4,0.114031,0.017361279069767394,0.250118,99.4,0.6441
482,1,483.91,15701.94,0.125747,0.017395813953488323,0.187734,98.3,0.6508
483,1,484.56,15689.35,0.097836,0.01743034883720925,0.220222,99.2,0.6453
484,1,485.2,15676.88,0.125769,0.017464883720930184,0.207478,98.9,0.6473
485,1,485.85,15664.4,0.114029,0.017499418604651113,0.214948,99.1,0.6456
486,1,486.51,15652.47,0.105198,0.017533953488372042,0.213027,96.8,0.661
487,1,487.22,15642.01,0.111609,0.01756848837209297,0.223839,90.7,0.7052
488,1,488.06,15635.77,0.101473,0.0176030232558139,0.202414,76.6,0.8357
489,1,488.9,15629.75,0.109035,0.01763755813953483,0.230538,76.0,0.842
490,1,489.62,15619.94,0.115645,0.01767209302325576,0.257328,88.5,0.7228
491,1,490.42,15612.47,0.132683,0.017706627906976694,0.257559,80.5,0.7949
492,1,491.25,15606.18,0.120872,0.017741162790697623,0.219909,77.0,0.8314
493,1,492.07,15599.37,0.122457,0.017775697674418556,0.228093,78.6,0.814
494,1,492.86,15591.86,0.103612,0.017810232558139488,0.277426,80.9,0.791
495,1,493.53,15580.71,0.109487,0.017844767441860417,0.246991,94.8,0.6749
496,1,494.21,15569.62,0.119064,0.01787930232558135,0.194544,94.7,0.6758
497,1,494.99,15561.9,0.112544,0.01791383720930228,0.203715,81.9,0.7811
498,1,495.76,15553.69,0.128023,0.017948372093023208,0.254014,83.7,0.765
499,1,497.06,15562.2,0.103743,0.017982906976744137,0.203849,49.3,1.298
500,1,497.9,15556.37,0.107438,0.018017441860465066,0.209031,76.2,0.8402
501,1,498.93,15556.5,0.11455,0.018051976744186,0.249619,62.5,1.0234
502,1,499.6,15545.4,0.117612,0.01808651162790693,0.27096,95.5,0.67
503,1,500.31,15535.61,0.111367,0.018121046511627863,0.209748,90.1,0.7107
504,1,500.98,15524.52,0.104838,0.018155581395348792,0.197899,95.8,0.6681
505,1,501.63,15512.8,0.100995,0.01819011627906972,0.170982,99.0,0.6463
506,1,502.29,15501.49,0.093916,0.01822465116279065,0.252226,97.3,0.6581
507,1,502.94,15489.84,0.126978,0.01825918604651158,0.208299,99.1,0.6457
508,1,503.59,15478.37,0.10386,0.01829372093023251,0.263747,98.5,0.6496
509,1,504.23,15466.73,0.111628,0.018328255813953438,0.237498,99.5,0.6434
510,1,504.87,15455.09,0.082355,0.018362790697674367,0.205417,99.7,0.6418
511,1,505.52,15443.51,0.119583,0.018397325581395296,0.312051,99.6,0.6426
512,1,506.16,15431.95,0.131532,0.018431860465116228,0.231282,99.8,0.6416
513,1,506.82,15420.84,0.120747,0.018466395348837157,0.245963,97.7,0.655
514,1,507.46,15409.41,0.110876,0.018500930232558086,0.24434,99.4,0.6436
515,1,508.11,15398.12,0.122652,0.018535465116279015,0.304333,99.0,0.6463
516,1,508.75,15386.73,0.12344,0.018569999999999948,0.246016,99.8,0.6416
517,1,509.39,15375.45,0.128493,0.018604534883720877,0.205449,99.4,0.644
518,1,510.04,15364.23,0.092755,0.01863906976744181,0.168829,99.2,0.6449
519,1,510.68,15353.01,0.113309,0.018673604651162738,0.216064,99.5,0.6431
520,1,511.33,15341.9,0.105803,0.01870813953488367,0.213903,99.1,0.6459
521,1,511.98,15330.83,0.127917,0.018742674418604603,0.22967,99.7,0.6419
522,1,512.62,15319.69,0.111169,0.018777209302325532,0.224216,99.7,0.6422
523,1,513.27,15308.67,0.125753,0.018811744186046465,0.227165,99.3,0.6446
524,1,513.91,15297.65,0.103654,0.018846279069767397,0.246618,99.5,0.6433
525,1,514.56,15286.77,0.095861,0.018880813953488326,0.203487,99.0,0.6465
526,1,515.2,15275.83,0.114753,0.018915348837209255,0.226973,99.5,0.6434
527,1,515.85,15264.97,0.115838,0.018949883720930184,0.203388,99.3,0.6446
528,1,516.49,15254.09,0.104554,0.018984418604651113,0.217249,99.6,0.6427
529,1,517.14,15243.32,0.102806,0.019018953488372042,0.227489,99.2,0.6454
530,1,517.79,15232.67,0.111695,0.019053488372092975,0.286328,98.8,0.648
531,1,518.43,15221.98,0.11978,0.019088023255813907,0.229749,99.2,0.6453
532,1,519.08,15211.3,0.130817,0.019122558139534836,0.224232,99.4,0.644
533,1,519.72,15200.67,0.105409,0.01915709302325577,0.189362,99.3,0.6448
534,1,520.37,15190.15,0.123469,0.0191916279069767,0.215156,98.9,0.6471
535,1,521.01,15179.54,0.114457,0.01922616279069763,0.279226,99.6,0.6428
536,1,521.66,15169.0,0.117284,0.01926069767441856,0.195232,99.4,0.6441
537,1,522.31,15158.54,0.109535,0.01929523255813949,0.184868,99.2,0.6453
538,1,522.95,15148.06,0.127167,0.019329767441860417,0.278382,99.4,0.6437
539,1,523.61,15137.95,0.11535,0.01936430232558135,0.276726,97.7,0.6551
540,1,524.26,15127.67,0.123613,0.01939883720930228,0.27338,98.8,0.6478
541,1,524.91,15117.53,0.096411,0.019433372093023208,0.231374,99.0,0.6462
542,1,525.55,15107.16,0.108526,0.019467906976744137,0.21925,99.6,0.6424
543,1,526.19,15096.84,0.132754,0.019502441860465066,0.2384,99.5,0.6432
544,1,526.84,15086.65,0.116742,0.019536976744185995,0.202622,99.3,0.6446
545,1,527.49,15076.47,0.112849,0.019571511627906924,0.18284,99.2,0.6451
546,1,528.13,15066.26,0.11567,0.019606046511627853,0.241602,99.5,0.643
547,1,528.78,15056.11,0.094668,0.019640581395348782,0.218805,99.4,0.6441
548,1,529.42,15046.05,0.111211,0.01967511627906971,0.237443,99.3,0.6444
549,1,530.08,15036.22,0.080182,0.01970965116279064,0.3455,98.0,0.6528
550,1,530.73,15026.47,0.119226,0.01974418604651157,0.347498,97.8,0.6545
551,1,531.38,15016.6,0.100211,0.0197787209302325,0.20455,98.6,0.6488
552,1,532.1,15008.58,0.108632,0.019813255813953427,0.215738,89.7,0.7131
553,1,532.74,14998.71,0.104946,0.019847790697674356,0.20916,99.0,0.6468
554,1,533.39,14988.91,0.120137,0.019882325581395285,0.268095,98.8,0.6479
555,1,534.04,14979.01,0.09556,0.019916860465116218,0.203435,99.5,0.6433
556,1,534.68,14969.1,0.118915,0.019951395348837147,0.220965,99.7,0.6422
557,1,535.33,14959.33,0.099536,0.019985930232558076,0.200084,99.2,0.6451
558,1,535.97,14949.56,0.126211,0.02002046511627901,0.247398,99.4,0.6441
559,1,536.62,14939.86,0.10442,0.020054999999999937,0.218573,99.1,0.6458
560,1,537.26,14930.13,0.121798,0.020089534883720866,0.228027,99.5,0.6433
561,1,537.91,14920.67,0.118745,0.020124069767441796,0.223174,98.9,0.6474
562,1,538.56,14910.98,0.112216,0.020158604651162725,0.223797,99.6,0.6427
563,1,539.21,14901.45,0.098656,0.020193139534883657,0.261568,98.9,0.6474
564,1,539.86,14892.17,0.094507,0.020227674418604586,0.242963,97.7,0.6548
565,1,540.51,14882.59,0.127895,0.020262209302325515,0.260405,99.5,0.6433
566,1,541.15,14873.05,0.109571,0.020296744186046448,0.216385,99.5,0.6433
567,1,541.8,14863.71,0.106843,0.020331279069767377,0.229615,98.5,0.65
568,1,542.45,14854.29,0.109928,0.020365813953488306,0.210094,99.2,0.6455
569,1,543.09,14844.88,0.103954,0.020400348837209235,0.246484,99.3,0.6444
570,1,543.74,14835.46,0.119452,0.020434883720930164,0.255385,99.5,0.6435
571,1,544.39,14826.16,0.098237,0.020469418604651093,0.281262,98.9,0.6468
572,1,545.03,14816.8,0.127641,0.020503953488372022,0.235836,99.5,0.6432
573,1,545.68,14807.74,0.090816,0.02053848837209295,0.284991,97.9,0.6536
574,1,546.33,14798.6,0.111691,0.020573023255813883,0.259411,98.6,0.6491
575,1,546.98,14789.31,0.108419,0.020607558139534812,0.238187,99.6,0.6427
576,1,547.64,14780.5,0.125458,0.02064209302325574,0.24482,97.1,0.6594
577,1,548.28,14771.37,0.115697,0.02067662790697667,0.220345,99.0,0.6463
578,1,548.93,14762.19,0.096845,0.0207111627906976,0.197608,99.5,0.6432
579,1,549.58,14753.23,0.10807,0.02074569767441853,0.237489,98.4,0.6507
580,1,550.22,14744.1,0.069768,0.020780232558139457,0.209112,99.5,0.6429
581,1,550.87,14735.17,0.095546,0.02081476744186039,0.191742,99.2,0.6451
582,1,551.52,14726.19,0.102926,0.020849302325581322,0.265395,99.0,0.6466
583,1,552.17,14717.19,0.122231,0.020883837209302255,0.310422,99.3,0.6443
584,1,552.81,14708.2,0.122837,0.020918372093023184,0.273229,99.4,0.6439
585,1,553.46,14699.22,0.09164,0.020952906976744113,0.206786,99.5,0.6434
586,1,554.1,14690.32,0.109948,0.020987441860465045,0.233697,99.2,0.6453
587,1,554.75,14681.43,0.144223,0.021021976744185978,0.225288,99.3,0.6444
588,1,555.39,14672.52,0.110616,0.021056511627906907,0.28858,99.6,0.6426
589,1,556.04,14663.66,0.122558,0.021091046511627836,0.224125,99.5,0.6434
590,1,556.68,14654.86,0.118671,0.02112558139534877,0.189346,99.2,0.6451
591,1,557.33,14646.1,0.111343,0.021160116279069698,0.227517,99.2,0.6453
592,1,557.97,14637.33,0.095832,0.02119465116279063,0.237171,99.4,0.6436
593,1,558.62,14628.76,0.088946,0.021229186046511563,0.245372,98.4,0.6505
594,1,559.27,14620.05,0.11193,0.02126372093023249,0.243141,99.3,0.6444
595,1,559.91,14611.32,0.104093,0.02129825581395342,0.22164,99.7,0.6421
596,1,560.55,14602.63,0.11532,0.021332790697674353,0.285639,99.6,0.6429
597,1,561.2,14594.05,0.12605,0.021367325581395282,0.272201,99.1,0.646
598,1,561.85,14585.44,0.11359,0.02140186046511621,0.2412,99.4,0.6436
599,1,562.49,14576.81,0.106256,0.02143639534883714,0.251613,99.7,0.6417
600,1,563.13,14568.21,0.113985,0.02147093023255807,0.198776,99.6,0.6424
601,1,703.38,18164.91,0.112507,0.021505465116278998,0.279044,90.7,0.7059
602,1,704.04,18150.65,0.092537,0.021539999999999927,0.189454,96.7,0.6617
603,1,704.79,18138.81,0.103958,0.021574534883720856,0.217914,84.9,0.7542
604,1,705.69,18130.55,0.09324,0.02160906976744179,0.190689,71.8,0.8917
605,1,706.46,18119.26,0.09135,0.021643604651162718,0.212777,82.8,0.773
606,1,707.3,18109.75,0.113371,0.02167813953488365,0.284371,76.1,0.841
607,1,708.2,18101.7,0.113522,0.02171267441860458,0.237315,71.3,0.8972
608,1,708.95,18089.86,0.110419,0.02174720930232551,0.260475,85.6,0.7474
609,1,709.65,18076.86,0.108291,0.02178174418604644,0.247132,91.3,0.7011
610,1,710.38,18064.72,0.115445,0.021816279069767373,0.254627,87.3,0.7329
611,1,711.05,18050.95,0.11354,0.021850813953488302,0.244936,95.9,0.6673
612,1,711.71,18036.86,0.122495,0.02188534883720923,0.256651,98.0,0.6529
613,1,712.4,18023.91,0.111379,0.02191988372093016,0.291456,91.9,0.6964
614,1,713.25,18014.75,0.117669,0.021954418604651093,0.270421,75.8,0.8446
615,1,713.97,18002.6,0.106006,0.021988953488372022,0.203135,88.2,0.7252
616,1,714.72,17991.09,0.128138,0.02202348837209295,0.248207,85.5,0.7488
617,1,715.43,17978.58,0.093803,0.022058023255813883,0.258234,90.4,0.7076
618,1,716.09,17964.83,0.100582,0.022092558139534816,0.225574,97.4,0.657
619,1,716.76,17951.3,0.121089,0.02212709302325575,0.340062,96.4,0.6637
620,1,717.47,17939.04,0.114832,0.022161627906976678,0.238253,89.7,0.7131
621,1,718.12,17925.32,0.095271,0.022196162790697607,0.190457,99.1,0.6461
622,1,718.77,17911.53,0.069402,0.022230697674418536,0.192667,98.7,0.6485
623,1,719.42,17897.67,0.108672,0.022265232558139465,0.218926,99.4,0.644
624,1,720.06,17883.8,0.087104,0.022299767441860394,0.263896,99.7,0.6419
625,1,720.7,17870.02,0.123574,0.022334302325581326,0.238851,99.4,0.6435
626,1,721.39,17857.32,0.105331,0.022368837209302255,0.256677,93.3,0.6857
627,1,722.04,17843.67,0.094405,0.022403372093023188,0.221903,99.0,0.6462
628,1,722.69,17830.2,0.121343,0.022437906976744117,0.281049,98.2,0.6515
629,1,723.33,17816.53,0.146206,0.022472441860465046,0.285463,99.8,0.6413
630,1,723.98,17802.97,0.13101,0.022506976744185975,0.285333,99.3,0.6447
631,1,724.62,17789.41,0.095225,0.022541511627906907,0.271071,99.6,0.6423
632,1,725.27,17775.97,0.096922,0.02257604651162784,0.21715,99.1,0.6461
633,1,725.91,17762.49,0.133483,0.02261058139534877,0.292388,99.6,0.6427
634,1,726.56,17749.11,0.119366,0.0226451162790697,0.217192,99.2,0.645
635,1,727.2,17735.7,0.105399,0.02267965116279063,0.265494,99.6,0.6424
636,1,727.85,17722.36,0.10008,0.02271418604651156,0.231265,99.5,0.6434
637,1,728.49,17709.12,0.114253,0.022748720930232492,0.220799,99.0,0.6462
638,1,729.15,17696.24,0.099266,0.022783255813953424,0.228644,97.5,0.6563
639,1,729.82,17683.59,0.118956,0.022817790697674357,0.262669,95.9,0.6671
640,1,730.47,17670.48,0.114747,0.022852325581395286,0.249937,99.0,0.6464
641,1,731.13,17657.85,0.108947,0.022886860465116215,0.270009,97.1,0.6594
642,1,731.81,17645.4,0.105056,0.022921395348837144,0.237891,95.4,0.6711
643,1,732.46,17632.65,0.118517,0.022955930232558076,0.241154,97.5,0.6567
644,1,733.11,17619.66,0.135803,0.02299046511627901,0.250136,99.2,0.6452
645,1,733.76,17606.88,0.115477,0.023024999999999938,0.227803,98.0,0.6529
646,1,734.43,17594.41,0.110153,0.02305953488372087,0.259845,96.5,0.6634
647,1,735.09,17581.89,0.115934,0.0230940697674418,0.254582,96.9,0.6603
648,1,735.74,17569.27,0.100611,0.023128604651162732,0.252425,97.9,0.654
649,1,736.41,17556.92,0.109588,0.02316313953488366,0.232154,96.4,0.6638
650,1,737.06,17544.19,0.093961,0.023197674418604593,0.239896,99.0,0.6465
651,1,737.7,17531.4,0.088551,0.023232209302325522,0.179998,99.6,0.6426
652,1,738.34,17518.62,0.097639,0.023266744186046455,0.228607,99.7,0.6417
653,1,738.99,17505.91,0.105036,0.023301279069767384,0.265635,99.5,0.643
654,1,739.64,17493.43,0.121696,0.023335813953488313,0.250605,98.3,0.6511
655,1,740.28,17480.85,0.109768,0.023370348837209242,0.246001,99.2,0.645
656,1,740.97,17469.16,0.113853,0.02340488372093017,0.234838,93.9,0.6812
657,1,741.66,17457.75,0.1151,0.0234394186046511,0.262452,92.5,0.692
658,1,742.34,17446.02,0.10144,0.023473953488372033,0.345927,94.5,0.6771
659,1,742.98,17433.53,0.114201,0.02350848837209296,0.28466,99.5,0.643
660,1,743.71,17423.08,0.102924,0.02354302325581389,0.277534,87.8,0.7291
661,1,744.36,17410.76,0.108227,0.02357755813953482,0.192971,99.5,0.643
662,1,745.01,17398.67,0.102667,0.023612093023255752,0.288468,97.6,0.6555
663,1,745.67,17386.49,0.108489,0.023646627906976685,0.259667,98.4,0.6506
664,1,746.32,17374.48,0.101574,0.023681162790697614,0.260204,97.7,0.6554
665,1,746.96,17362.14,0.127804,0.023715697674418543,0.242627,99.9,0.6409
666,1,747.62,17350.12,0.098689,0.023750232558139475,0.210979,98.0,0.6528
667,1,748.26,17337.86,0.114759,0.023784767441860408,0.231859,99.8,0.6415
668,1,748.91,17325.73,0.094478,0.023819302325581337,0.237849,99.3,0.6447
669,1,749.55,17313.55,0.090172,0.023853837209302266,0.275816,99.8,0.6416
670,1,750.2,17301.64,0.111708,0.023888372093023198,0.224681,98.2,0.6516
671,1,751.23,17298.46,0.096057,0.02392290697674413,0.207863,62.2,1.0293
672,1,751.9,17286.88,0.097713,0.02395744186046506,0.232243,96.5,0.6634
673,1,752.68,17278.04,0.10957,0.023991976744185992,0.222879,81.9,0.7817
674,1,753.47,17269.33,0.107701,0.024026511627906925,0.233599,81.4,0.7865
675,1,754.18,17259.09,0.082431,0.024061046511627854,0.246456,89.1,0.7182
676,1,754.83,17247.31,0.104749,0.024095581395348783,0.25315,98.5,0.6495
677,1,755.53,17236.59,0.119049,0.024130116279069712,0.230251,92.1,0.6947
678,1,756.25,17226.51,0.108922,0.02416465116279064,0.26115,88.7,0.7215
679,1,756.91,17214.91,0.1039,0.02419918604651157,0.275316,97.9,0.6536
680,1,757.77,17207.99,0.083622,0.024233720930232502,0.256054,74.6,0.8581
681,1,758.48,17197.79,0.106022,0.02426825581395343,0.240137,90.4,0.7081
682,1,759.18,17187.21,0.115605,0.02430279069767436,0.223224,92.1,0.6947
683,1,759.92,17177.86,0.119446,0.02433732558139529,0.247529,85.6,0.7478
684,1,760.62,17167.25,0.109677,0.02437186046511622,0.236056,92.6,0.6909
685,1,761.33,17157.17,0.117161,0.024406395348837148,0.250329,89.7,0.7132
686,1,762.0,17146.14,0.090182,0.024440930232558077,0.233524,95.6,0.6693
687,1,762.66,17134.89,0.102689,0.024475465116279006,0.266038,97.1,0.6588
688,1,763.43,17126.19,0.115272,0.024509999999999935,0.222645,83.1,0.7702
689,1,764.1,17115.22,0.091952,0.024544534883720864,0.251474,95.7,0.6686
690,1,764.88,17106.68,0.094855,0.024579069767441796,0.286357,82.5,0.7762
691,1,765.85,17102.5,0.098345,0.02461360465116273,0.280319,66.0,0.9697
692,1,766.51,17091.3,0.115421,0.024648139534883658,0.286651,97.7,0.6548
693,1,767.15,17079.88,0.09296,0.02468267441860459,0.22915,99.4,0.6438
694,1,767.8,17068.55,0.106884,0.02471720930232552,0.224443,99.1,0.6459
695,1,768.45,17057.31,0.114449,0.024751744186046448,0.292595,98.8,0.6475
696,1,769.09,17045.96,0.100806,0.024786279069767377,0.244007,99.6,0.6426
697,1,769.75,17035.07,0.084754,0.024820813953488306,0.22308,96.7,0.6619
698,1,770.41,17024.14,0.108673,0.02485534883720924,0.252242,97.1,0.659
699,1,771.06,17012.93,0.101838,0.024889883720930168,0.292493,99.3,0.6446
700,1,771.7,17001.71,0.094766,0.0249244186046511,0.255561,99.5,0.6432
701,1,772.35,16990.64,0.13285,0.02495895348837203,0.281392,99.3,0.6448
702,1,772.99,16979.46,0.119949,0.024993488372092962,0.223635,99.7,0.6421
703,1,773.64,16968.38,0.076228,0.02502802325581389,0.206763,99.2,0.645
704,1,774.29,16957.38,0.107686,0.02506255813953482,0.287413,98.8,0.6479
705,1,774.95,16946.68,0.11534,0.025097093023255752,0.278912,97.0,0.6596
706,1,775.6,16935.87,0.084721,0.02513162790697668,0.305692,98.0,0.6533
707,1,776.27,16925.36,0.115415,0.02516616279069761,0.218041,96.1,0.6662
708,1,777.13,16919.06,0.109858,0.02520069767441854,0.217734,74.6,0.8581
709,1,777.96,16912.13,0.115715,0.02523523255813947,0.294503,77.3,0.8283
710,1,778.76,16904.53,0.117937,0.025269767441860397,0.239952,80.3,0.7967
711,1,779.67,16899.51,0.10059,0.025304302325581327,0.282028,69.9,0.915
712,1,780.54,16893.47,0.117848,0.02533883720930226,0.233871,73.8,0.8672
713,1,781.27,16884.39,0.107359,0.025373372093023188,0.275681,88.2,0.7258
714,1,782.12,16877.98,0.111587,0.025407906976744117,0.315315,75.4,0.8484
715,1,782.91,16870.27,0.102529,0.02544244186046505,0.337866,81.3,0.7874
716,1,783.63,16861.25,0.092592,0.02547697674418598,0.239508,88.3,0.725
717,1,784.4,16853.05,0.103871,0.02551151162790691,0.280654,83.9,0.7628
718,1,785.21,16845.93,0.109385,0.02554604651162784,0.261131,78.8,0.812
719,1,785.94,16836.94,0.099515,0.02558058139534877,0.251913,88.3,0.7244
720,1,786.63,16827.25,0.114224,0.025615116279069698,0.247504,92.8,0.69
721,1,787.3,16817.23,0.090833,0.02564965116279063,0.251358,96.1,0.6658
722,1,788.22,16812.49,0.09868,0.02568418604651156,0.287091,69.6,0.9197
723,1,789.08,16806.36,0.125458,0.025718720930232492,0.246394,74.9,0.8541
724,1,789.93,16800.27,0.087277,0.02575325581395342,0.248306,74.8,0.8556
725,1,790.69,16792.09,0.100915,0.025787790697674354,0.240109,84.6,0.7563
726,1,791.6,16787.05,0.106585,0.025822325581395283,0.254663,70.8,0.9035
727,1,792.48,16781.51,0.11735,0.025856860465116212,0.254247,72.8,0.8789
728,1,793.29,16774.7,0.097076,0.025891395348837144,0.225856,78.2,0.8184
729,1,794.01,16765.68,0.09631,0.025925930232558077,0.21888,89.8,0.7128
730,1,794.77,16757.6,0.091808,0.02596046511627901,0.233917,84.6,0.7567
731,1,795.59,16750.87,0.103575,0.025994999999999942,0.275327,78.1,0.82
732,1,796.34,16742.66,0.109712,0.02602953488372087,0.282241,85.6,0.7479
733,1,797.2,16736.79,0.103065,0.026064069767441803,0.305996,74.5,0.8591
734,1,797.98,16729.26,0.083619,0.026098604651162732,0.258995,82.1,0.7794
735,1,798.64,16719.23,0.116904,0.02613313953488366,0.257535,97.1,0.6588
736,1,799.29,16709.12,0.116945,0.02616767441860459,0.259541,97.9,0.6538
737,1,799.94,16698.96,0.121267,0.026202209302325523,0.318812,98.4,0.6504
738,1,800.6,16688.87,0.104773,0.026236744186046455,0.341965,98.1,0.6526
739,1,801.25,16678.86,0.128368,0.026271279069767384,0.271404,97.7,0.6553
740,1,801.91,16668.84,0.122048,0.026305813953488313,0.243727,97.9,0.6534
741,1,802.59,16659.39,0.101237,0.026340348837209242,0.190007,95.0,0.6737
742,1,803.27,16649.92,0.105438,0.02637488372093017,0.2432,94.5,0.6774
743,1,803.92,16640.05,0.108409,0.026409418604651104,0.271136,97.4,0.6572
744,1,804.63,16631.21,0.098046,0.026443953488372036,0.24585,90.7,0.7057
745,1,805.56,16626.96,0.121191,0.026478488372092965,0.288445,69.0,0.927
746,1,806.58,16624.56,0.113041,0.026513023255813898,0.286781,63.0,1.0161
747,1,807.53,16620.75,0.117026,0.026547558139534827,0.26729,67.5,0.9476
748,1,808.61,16619.71,0.127121,0.026582093023255756,0.224179,59.2,1.0818
749,1,809.34,16611.44,0.106115,0.026616627906976685,0.232031,87.7,0.7298
750,1,810.48,16611.55,0.129184,0.026651162790697618,0.220001,56.3,1.1374
751,1,811.24,16603.86,0.093202,0.026685697674418547,0.210163,84.6,0.7568
752,1,812.16,16599.59,0.099715,0.026720232558139476,0.211618,69.3,0.9233
753,1,812.98,16593.29,0.098788,0.026754767441860405,0.328865,77.8,0.8226
754,1,813.89,16588.76,0.102504,0.026789302325581334,0.243931,70.4,0.9092
755,1,814.95,16587.16,0.112521,0.026823837209302263,0.31375,60.8,1.053
756,1,815.7,16579.48,0.098206,0.026858372093023195,0.224339,84.9,0.7535
757,1,816.46,16571.88,0.101571,0.026892906976744128,0.365054,84.6,0.7565
758,1,817.33,16566.5,0.110332,0.026927441860465057,0.302523,74.0,0.8652
759,1,818.46,16566.57,0.111955,0.02696197674418599,0.275698,56.5,1.1337
760,1,819.4,16562.6,0.084588,0.02699651162790692,0.268499,68.5,0.9345
761,1,820.37,16559.43,0.112581,0.027031046511627854,0.366346,66.2,0.9666
762,1,821.09,16551.09,0.093146,0.027065581395348783,0.254208,89.4,0.7162
763,1,822.27,16552.0,0.123108,0.027100116279069716,0.236761,54.5,1.1753
764,1,823.19,16547.81,0.089678,0.027134651162790648,0.222582,69.4,0.9218
765,1,824.02,16541.71,0.094898,0.027169186046511577,0.241358,77.5,0.8257
766,1,824.69,16532.48,0.095385,0.027203720930232506,0.241626,95.6,0.6695
767,1,825.44,16524.94,0.09045,0.027238255813953435,0.22145,85.0,0.7526
768,1,826.27,16518.9,0.121772,0.027272790697674368,0.232097,77.4,0.8271
769,1,826.95,16510.0,0.08801,0.0273073255813953,0.234698,93.7,0.6829
770,1,827.64,16501.27,0.103107,0.027341860465116233,0.232877,92.8,0.6899
771,1,828.29,16491.64,0.109448,0.027376395348837162,0.291992,99.3,0.6444
772,1,829.02,16483.75,0.112964,0.02741093023255809,0.251799,87.6,0.7303
773,1,829.72,16475.2,0.101579,0.02744546511627902,0.262637,91.9,0.6964
774,1,830.58,16469.91,0.109605,0.027479999999999952,0.313807,74.4,0.8597
775,1,831.38,16463.52,0.093047,0.027514534883720885,0.257347,79.7,0.8033
776,1,832.06,16454.54,0.109473,0.027549069767441817,0.263522,95.2,0.6719
777,1,833.08,16452.56,0.112653,0.02758360465116275,0.280729,62.4,1.0251
778,1,834.0,16448.43,0.091562,0.02761813953488368,0.337713,69.9,0.9155
779,1,834.7,16440.05,0.105996,0.02765267441860461,0.257438,91.4,0.7
780,1,835.38,16431.37,0.101211,0.02768720930232554,0.275062,93.6,0.6838
781,1,836.13,16423.98,0.090557,0.027721744186046473,0.213791,86.1,0.7432
782,1,836.8,16415.03,0.112008,0.027756279069767405,0.305158,95.8,0.6683
783,1,837.48,16406.34,0.113881,0.027790813953488334,0.293093,94.2,0.6798
784,1,838.24,16399.11,0.100846,0.027825348837209263,0.332734,85.0,0.7532
785,1,838.92,16390.55,0.097612,0.027859883720930192,0.264437,93.5,0.6847
786,1,839.79,16385.53,0.103915,0.02789441860465112,0.271918,74.0,0.8652
787,1,840.64,16380.14,0.107208,0.027928953488372047,0.260336,75.7,0.8455
788,1,841.42,16373.43,0.08547,0.02796348837209298,0.230942,82.3,0.7773
789,1,842.19,16366.76,0.115489,0.027998023255813912,0.251141,82.2,0.7786
790,1,842.91,16358.93,0.11271,0.02803255813953484,0.240123,89.2,0.7175
791,1,843.86,16355.58,0.124142,0.028067093023255774,0.332678,67.5,0.9483
792,1,844.53,16346.81,0.091989,0.028101627906976703,0.231006,95.8,0.6681
793,1,845.18,16337.69,0.093666,0.028136162790697628,0.250953,98.7,0.6486
794,1,845.83,16328.53,0.122972,0.02817069767441856,0.299207,99.1,0.6457
795,1,846.47,16319.31,0.089463,0.028205232558139486,0.201316,99.8,0.6416
796,1,847.11,16310.15,0.122218,0.028239767441860415,0.276108,99.4,0.6437
797,1,847.76,16301.06,0.118197,0.028274302325581344,0.29615,99.1,0.6457
798,1,848.41,16291.94,0.099078,0.028308837209302277,0.277026,99.5,0.643
799,1,849.05,16282.91,0.117323,0.02834337209302321,0.306872,98.9,0.6472
800,1,849.7,16273.97,0.102872,0.028377906976744142,0.22779,98.4,0.6502
801,1,850.39,16265.73,0.115581,0.028412441860465074,0.267338,98.9,0.6468
802,1,851.03,16256.66,0.113147,0.028446976744186007,0.370227,99.7,0.6417
803,1,851.68,16247.67,0.099101,0.02848151162790694,0.261618,99.3,0.6447
804,1,852.32,16238.63,0.08962,0.028516046511627872,0.257675,99.9,0.6408
805,1,852.96,16229.64,0.098354,0.028550581395348797,0.26882,99.6,0.6427
806,1,853.61,16220.69,0.119664,0.02858511627906973,0.278926,99.4,0.6436
807,1,854.26,16211.81,0.116072,0.02861965116279066,0.270823,99.0,0.6462
808,1,854.9,16202.94,0.113038,0.028654186046511588,0.237664,99.1,0.6456
809,1,855.56,16194.25,0.105261,0.028688720930232517,0.274488,97.9,0.654
810,1,856.22,16185.78,0.117776,0.028723255813953446,0.254228,96.4,0.6641
811,1,856.95,16178.48,0.097604,0.028757790697674375,0.31235,88.2,0.7254
812,1,857.63,16170.27,0.086098,0.028792325581395307,0.248313,94.7,0.6761
813,1,858.29,16161.82,0.103925,0.02882686046511624,0.359235,96.6,0.6628
814,1,858.94,16153.2,0.077661,0.028861395348837172,0.205779,98.1,0.6521
815,1,859.59,16144.56,0.101588,0.0288959302325581,0.237742,98.4,0.6505
816,1,860.25,16136.09,0.121579,0.02893046511627903,0.269846,97.2,0.6587
817,1,860.91,16127.58,0.087703,0.02896499999999996,0.238921,97.7,0.655
818,1,861.57,16119.19,0.104887,0.028999534883720885,0.27889,96.8,0.661
819,1,862.22,16110.6,0.100043,0.029034069767441814,0.250784,98.7,0.6487
820,1,862.89,16102.29,0.100093,0.029068604651162743,0.287014,96.5,0.6633
821,1,863.55,16094.0,0.088391,0.029103139534883672,0.205957,97.3,0.6575
822,1,864.2,16085.46,0.111118,0.0291376744186046,0.301294,98.7,0.6482
823,1,864.87,16077.38,0.091558,0.02917220930232553,0.313522,95.2,0.672
824,1,865.83,16074.55,0.091085,0.02920674418604646,0.258468,67.1,0.9539
825,1,866.51,16066.72,0.085221,0.029241279069767392,0.243653,93.6,0.684
826,1,867.18,16058.59,0.096498,0.029275813953488324,0.274883,95.9,0.6672
827,1,867.85,16050.5,0.10356,0.029310348837209257,0.324549,95.8,0.6683
828,1,868.51,16042.31,0.106866,0.02934488372093019,0.267889,96.7,0.6616
829,1,869.21,16034.74,0.09571,0.029379418604651118,0.252604,92.1,0.6948
830,1,869.87,16026.49,0.09395,0.02941395348837205,0.232649,97.5,0.6562
831,1,870.52,16018.24,0.111432,0.029448488372092983,0.358993,97.6,0.656
832,1,871.18,16009.95,0.13803,0.029483023255813916,0.293748,98.1,0.6526
833,1,871.83,16001.75,0.086936,0.029517558139534848,0.236423,97.5,0.6564
834,1,872.49,15993.53,0.104539,0.029552093023255777,0.477523,97.9,0.6539
835,1,873.16,15985.63,0.089902,0.029586627906976706,0.241821,95.4,0.6706
836,1,874.21,15984.68,0.098013,0.029621162790697635,0.257138,61.0,1.0499
837,1,875.01,15979.09,0.112625,0.029655697674418568,0.277361,80.4,0.7958
838,1,875.69,15971.49,0.11877,0.029690232558139497,0.281,93.5,0.6846
839,1,876.37,15963.63,0.096839,0.02972476744186043,0.219945,95.5,0.6701
840,1,877.03,15955.69,0.10538,0.029759302325581362,0.256524,96.3,0.6644
841,1,877.94,15952.15,0.089183,0.029793837209302294,0.260071,71.2,0.8994
842,1,878.79,15947.69,0.093472,0.02982837209302322,0.272195,74.9,0.8547
843,1,879.6,15942.36,0.089754,0.029862906976744145,0.270761,79.4,0.806
844,1,880.33,15935.67,0.108211,0.029897441860465074,0.298639,87.6,0.7302
845,1,881.03,15928.4,0.098425,0.029931976744186007,0.286444,91.8,0.6974
846,1,881.72,15920.96,0.078207,0.02996651162790694,0.275129,93.4,0.6855
847,1,882.37,15912.85,0.080602,0.03000104651162787,0.227719,98.5,0.6497
848,1,883.02,15904.83,0.085517,0.0300355813953488,0.337778,97.9,0.6536
849,1,883.7,15897.17,0.100848,0.030070116279069734,0.27049,95.2,0.6719
850,1,884.35,15889.11,0.101277,0.030104651162790666,0.249184,98.5,0.6495
851,1,884.99,15880.92,0.100213,0.0301391860465116,0.278215,99.8,0.6414
852,1,885.63,15872.78,0.111194,0.03017372093023253,0.279842,99.6,0.6425
853,1,886.28,15864.65,0.080829,0.03020825581395346,0.235562,99.6,0.6425
854,1,886.92,15856.59,0.103175,0.030242790697674393,0.27951,99.2,0.6452
855,1,887.56,15848.48,0.0832,0.030277325581395325,0.230212,99.8,0.6414
856,1,888.21,15840.38,0.129832,0.030311860465116254,0.338415,99.8,0.6415
857,1,888.86,15832.49,0.107007,0.030346395348837187,0.282594,98.2,0.6519
858,1,889.5,15824.47,0.079119,0.030380930232558116,0.284154,99.4,0.6437
859,1,890.15,15816.47,0.091868,0.030415465116279045,0.278208,99.4,0.6437
860,1,890.79,15808.48,0.110372,0.030449999999999974,0.297503,99.4,0.6438
861,1,891.45,15800.64,0.108115,0.030484534883720906,0.268439,99.0,0.6467
862,1,892.09,15792.73,0.086961,0.03051906976744184,0.253646,99.1,0.6456
863,1,892.73,15784.75,0.08118,0.030553604651162768,0.264986,99.8,0.6415
864,1,893.38,15776.83,0.105793,0.030588139534883697,0.29298,99.5,0.6434
865,1,894.02,15768.92,0.100936,0.030622674418604626,0.296093,99.5,0.6431
866,1,894.67,15761.05,0.0894,0.030657209302325555,0.294013,99.3,0.6444
867,1,895.32,15753.25,0.12873,0.030691744186046487,0.321895,98.7,0.6481
868,1,895.96,15745.39,0.088916,0.030726279069767416,0.272,99.6,0.6429
869,1,896.61,15737.6,0.117555,0.03076081395348835,0.26295,99.0,0.6463
870,1,897.25,15729.79,0.111337,0.03079534883720928,0.265957,99.3,0.6445
871,1,897.9,15722.0,0.102381,0.030829883720930214,0.265277,99.3,0.6443
872,1,898.54,15714.19,0.094711,0.030864418604651146,0.218026,99.6,0.6423
873,1,899.19,15706.47,0.101659,0.030898953488372075,0.313653,99.0,0.6465
874,1,899.83,15698.69,0.102562,0.030933488372093004,0.271147,99.7,0.6422
875,1,900.48,15690.98,0.08852,0.03096802325581393,0.22076,99.2,0.6454
876,1,901.13,15683.3,0.12577,0.03100255813953486,0.304926,99.1,0.6458
877,1,901.77,15675.57,0.096794,0.03103709302325579,0.273404,99.7,0.6421
878,1,902.41,15667.88,0.116275,0.031071627906976717,0.329348,99.4,0.6437
879,1,903.06,15660.29,0.09712,0.03110616279069765,0.236543,98.7,0.6483
880,1,903.71,15652.69,0.106021,0.031140697674418575,0.279556,98.9,0.6471
881,1,904.36,15645.11,0.087198,0.031175232558139504,0.221125,99.6,0.6423
882,1,905.01,15637.66,0.110348,0.031209767441860433,0.245074,97.9,0.6536
883,1,905.66,15630.03,0.113305,0.031244302325581362,0.25255,99.6,0.6427
884,1,906.31,15622.65,0.095181,0.03127883720930229,0.273402,97.6,0.6559
885,1,906.96,15615.05,0.100822,0.03131337209302322,0.340392,99.6,0.6426
886,1,907.7,15609.13,0.098607,0.031347906976744146,0.239826,86.6,0.7395
887,1,908.6,15605.92,0.094795,0.03138244186046508,0.465821,71.4,0.8964
888,1,909.24,15598.42,0.117458,0.03141697674418601,0.291954,99.1,0.6455
889,1,909.89,15590.9,0.083752,0.03145151162790694,0.285604,99.3,0.6445
890,1,910.54,15583.58,0.089947,0.031486046511627876,0.226433,97.8,0.6544
891,1,911.19,15576.07,0.09427,0.03152058139534881,0.255756,99.5,0.6434
892,1,911.84,15568.7,0.104738,0.031555116279069734,0.338606,98.5,0.6497
893,1,912.48,15561.2,0.111199,0.031589651162790666,0.302427,99.8,0.6414
894,1,913.12,15553.76,0.109168,0.0316241860465116,0.266644,99.3,0.6444
895,1,913.79,15546.63,0.106635,0.03165872093023253,0.288898,96.9,0.6608
896,1,914.86,15546.5,0.090047,0.031693255813953464,0.272948,59.7,1.0719
897,1,915.7,15542.47,0.096962,0.031727790697674396,0.200094,75.9,0.8432
898,1,916.43,15536.39,0.095797,0.03176232558139533,0.227939,88.7,0.7212
899,1,917.13,15530.07,0.091125,0.031796860465116254,0.275254,90.5,0.7071
900,1,917.94,15525.49,0.092445,0.03183139534883719,0.21505,79.2,0.8086
901,1,930.02,15711.33,0.081609,0.03186593023255812,0.22394,93.5,0.6842
902,1,930.87,15707.11,0.112672,0.03190046511627905,0.260828,76.0,0.8426
903,1,931.59,15700.82,0.120331,0.03193499999999998,0.280423,89.0,0.7187
904,1,932.53,15698.34,0.114493,0.03196953488372091,0.263523,67.7,0.9448
905,1,933.52,15696.57,0.108439,0.03200406976744184,0.292108,64.9,0.9867
906,1,934.36,15692.3,0.110657,0.03203860465116277,0.288078,76.6,0.836
907,1,935.03,15685.21,0.090856,0.0320731395348837,0.240051,95.6,0.6694
908,1,936.02,15683.51,0.09824,0.03210767441860463,0.282289,64.7,0.9899
909,1,936.85,15679.14,0.11632,0.032142209302325565,0.307618,77.0,0.8307
910,1,937.68,15674.72,0.097109,0.0321767441860465,0.247905,77.4,0.8268
911,1,938.75,15674.28,0.100155,0.03221127906976742,0.296707,60.1,1.0646
912,1,939.52,15669.0,0.095936,0.032245813953488356,0.273693,82.6,0.7745
913,1,940.19,15661.92,0.106446,0.03228034883720929,0.261204,96.1,0.6662
914,1,941.22,15660.91,0.104281,0.032314883720930214,0.269448,62.2,1.0296
915,1,942.16,15658.42,0.100572,0.032349418604651146,0.269437,68.0,0.941
916,1,943.06,15655.13,0.083794,0.03238395348837208,0.256613,71.7,0.8923
917,1,944.11,15654.49,0.079832,0.03241848837209301,0.224305,60.9,1.0517
918,1,944.79,15647.75,0.102378,0.03245302325581394,0.213256,93.6,0.684
919,1,945.71,15644.81,0.118355,0.03248755813953487,0.289281,70.1,0.9125
920,1,946.47,15639.34,0.104996,0.0325220930232558,0.290519,84.3,0.7593
921,1,947.36,15636.08,0.099496,0.032556627906976734,0.29977,72.1,0.8872
922,1,948.12,15630.68,0.092349,0.03259116279069766,0.273659,83.9,0.7627
923,1,949.22,15630.83,0.107162,0.03262569767441859,0.265465,58.3,1.0986
924,1,950.11,15627.49,0.108404,0.032660232558139525,0.266352,72.2,0.8865
925,1,950.81,15621.05,0.098699,0.03269476744186045,0.259187,91.7,0.698
926,1,951.54,15615.15,0.103908,0.03272930232558138,0.27761,87.7,0.7297
927,1,952.37,15610.81,0.103243,0.03276383720930231,0.28399,77.7,0.8242
928,1,953.18,15606.33,0.114259,0.03279837209302324,0.320613,78.5,0.8157
929,1,954.04,15602.55,0.12652,0.032832906976744174,0.247341,74.6,0.8574
930,1,954.83,15597.65,0.093093,0.0328674418604651,0.251897,81.1,0.7891
931,1,955.59,15592.28,0.092801,0.03290197674418603,0.312002,84.2,0.7599
932,1,956.29,15585.87,0.097963,0.03293651162790696,0.317404,92.2,0.6941
933,1,957.31,15584.82,0.115533,0.03297104651162789,0.249111,62.5,1.0234
934,1,958.14,15580.5,0.087426,0.03300558139534882,0.249622,77.8,0.8228
935,1,958.91,15575.3,0.088074,0.03304011627906975,0.253337,83.4,0.7676
936,1,959.83,15572.58,0.087386,0.03307465116279067,0.264634,69.5,0.9203
937,1,960.68,15568.75,0.099379,0.0331091860465116,0.255615,75.2,0.8515
938,1,961.42,15563.05,0.10865,0.033143720930232524,0.291432,87.1,0.7346
939,1,962.36,15560.64,0.105259,0.03317825581395346,0.277526,68.2,0.9386
940,1,963.09,15554.94,0.099254,0.03321279069767439,0.242604,87.2,0.7342
941,1,963.78,15548.51,0.102661,0.033247325581395315,0.277706,94.0,0.6809
942,1,964.48,15542.26,0.114743,0.03328186046511625,0.269443,91.6,0.6986
943,1,965.24,15537.03,0.115664,0.03331639534883717,0.350443,84.0,0.7619
944,1,966.34,15537.17,0.083435,0.0333509302325581,0.230257,58.5,1.0949
945,1,967.16,15532.83,0.083351,0.033385465116279024,0.245269,78.4,0.816
946,1,967.86,15526.72,0.10174,0.03341999999999995,0.27154,90.7,0.7053
947,1,968.6,15521.2,0.104474,0.03345453488372088,0.232326,86.3,0.7416
948,1,969.39,15516.35,0.082431,0.033489069767441815,0.234145,81.7,0.7832
949,1,970.22,15512.35,0.100229,0.03352360465116274,0.281048,76.7,0.8348
950,1,971.08,15508.65,0.103704,0.03355813953488367,0.251216,74.9,0.8539
951,1,971.82,15503.16,0.117323,0.033592674418604605,0.295796,86.4,0.7408
952,1,972.66,15499.27,0.110252,0.03362720930232554,0.239548,76.1,0.8409
953,1,973.51,15495.46,0.118686,0.03366174418604647,0.241438,75.7,0.8456
954,1,974.29,15490.53,0.091846,0.0336962790697674,0.263642,82.6,0.7745
955,1,974.94,15483.71,0.119289,0.03373081395348833,0.297734,97.7,0.6552
956,1,975.62,15477.29,0.089275,0.033765348837209254,0.271062,94.2,0.6793
957,1,976.41,15472.59,0.102048,0.033799883720930186,0.305214,81.3,0.7875
958,1,977.24,15468.47,0.088701,0.03383441860465112,0.232811,77.7,0.8233
959,1,977.98,15463.07,0.122543,0.03386895348837205,0.347412,86.3,0.7419
960,1,978.89,15460.29,0.124177,0.033903488372092984,0.313537,70.5,0.9074
961,1,979.72,15456.27,0.083347,0.033938023255813916,0.208018,77.8,0.8223
962,1,980.57,15452.61,0.093448,0.03397255813953484,0.233605,75.3,0.8499
963,1,981.24,15446.17,0.076092,0.034007093023255774,0.220866,94.9,0.6743
964,1,981.92,15439.81,0.073712,0.03404162790697671,0.239787,94.4,0.6781
965,1,982.58,15433.05,0.107396,0.03407616279069764,0.272953,98.1,0.6523
966,1,983.23,15426.3,0.108391,0.03411069767441857,0.259491,98.2,0.6519
967,1,983.89,15419.65,0.098706,0.034145232558139504,0.224685,97.3,0.6575
968,1,984.54,15412.98,0.092391,0.03417976744186044,0.264243,97.6,0.6557
969,1,985.22,15406.61,0.10448,0.03421430232558136,0.276296,95.0,0.6736
970,1,985.9,15400.33,0.106709,0.034248837209302295,0.276691,94.3,0.6786
971,1,986.55,15393.59,0.112423,0.03428337209302323,0.327645,98.7,0.6485
972,1,987.22,15387.21,0.105951,0.03431790697674416,0.244154,95.4,0.6711
973,1,987.9,15380.99,0.108598,0.03435244186046509,0.294901,94.1,0.6801
974,1,988.57,15374.61,0.079949,0.034386976744186025,0.242712,95.5,0.67
975,1,989.23,15368.03,0.131036,0.03442151162790696,0.321207,97.7,0.6553
976,1,989.88,15361.43,0.102632,0.03445604651162789,0.286549,97.9,0.6537
977,1,990.55,15355.01,0.097172,0.034490581395348816,0.300222,96.3,0.6643
978,1,991.22,15348.68,0.114418,0.03452511627906974,0.375994,95.5,0.67
979,1,991.88,15342.2,0.109994,0.034559651162790674,0.27503,97.1,0.6594
980,1,992.53,15335.58,0.108669,0.0345941860465116,0.264841,98.6,0.6491
981,1,993.19,15329.15,0.121164,0.03462872093023253,0.289298,97.6,0.6555
982,1,993.85,15322.69,0.098242,0.034663255813953464,0.257862,97.2,0.6587
983,1,994.52,15316.45,0.117336,0.0346977906976744,0.356532,95.3,0.6714
984,1,995.19,15310.16,0.087904,0.03473232558139533,0.261075,95.9,0.6676
985,1,995.85,15303.74,0.096576,0.03476686046511626,0.283801,97.3,0.6575
986,1,996.51,15297.35,0.103509,0.034801395348837194,0.293613,97.0,0.6597
987,1,997.17,15290.92,0.096336,0.03483593023255812,0.245193,97.5,0.6565
988,1,997.82,15284.48,0.107311,0.03487046511627905,0.315203,97.7,0.6551
989,1,998.48,15277.99,0.109842,0.034904999999999985,0.292261,98.4,0.6503
990,1,999.16,15272.07,0.115128,0.03493953488372092,0.268624,93.1,0.6877
991,1,999.82,15265.67,0.096712,0.03497406976744185,0.410237,97.7,0.6554
992,1,1000.47,15259.24,0.102891,0.03500860465116278,0.245828,98.1,0.6524
993,1,1001.13,15252.81,0.10381,0.035043139534883715,0.272696,98.2,0.652
994,1,1001.79,15246.59,0.11166,0.03507767441860465,0.276898,96.3,0.6644
995,1,1002.45,15240.26,0.085259,0.03511220930232558,0.264189,97.5,0.6566
996,1,1003.12,15234.1,0.091077,0.035146744186046505,0.275399,95.9,0.6672
997,1,1003.77,15227.77,0.0903,0.03518127906976744,0.221917,97.7,0.6553
998,1,1004.44,15221.52,0.108214,0.03521581395348837,0.274404,97.0,0.6601
999,1,1005.1,15215.37,0.097131,0.0352503488372093,0.224789,96.2,0.6653
1000,1,1005.76,15209.07,0.097185,0.035284883720930235,0.30194,97.7,0.6552
1001,1,1006.41,15202.75,0.115937,0.03531941860465116,0.267798,98.6,0.6489
1002,1,1007.07,15196.49,0.102055,0.03535395348837209,0.331604,97.5,0.6561
1003,1,1007.72,15190.18,0.089634,0.035388488372093026,0.316102,98.1,0.6526
1004,1,1008.38,15183.96,0.087602,0.03542302325581396,0.283645,97.4,0.6573
1005,1,1009.04,15177.72,0.093217,0.03545755813953489,0.273609,97.7,0.655
1006,1,1009.7,15171.53,0.100028,0.035492093023255816,0.256439,97.3,0.6581
1007,1,1010.37,15165.51,0.108441,0.03552662790697675,0.233014,95.7,0.6685
1008,1,1011.02,15159.27,0.095456,0.03556116279069768,0.2729,98.0,0.6533
1009,1,1011.7,15153.45,0.069511,0.035595697674418614,0.254684,94.1,0.6798
1010,1,1012.36,15147.25,0.094102,0.035630232558139546,0.29326,97.8,0.6546
1011,1,1013.01,15141.05,0.0902,0.03566476744186048,0.254162,98.0,0.653
1012,1,1013.67,15134.96,0.081962,0.035699302325581404,0.244586,96.9,0.6605
1013,1,1014.33,15128.81,0.098375,0.03573383720930234,0.267081,97.7,0.6551
1014,1,1015.0,15122.86,0.110134,0.03576837209302326,0.291391,95.8,0.6682
1015,1,1015.65,15116.72,0.08651,0.035802906976744195,0.273992,97.7,0.6548
1016,1,1016.31,15110.62,0.099137,0.03583744186046513,0.257042,97.5,0.6564
1017,1,1016.98,15104.64,0.080869,0.03587197674418606,0.253202,96.4,0.6641
1018,1,1017.63,15098.49,0.109707,0.03590651162790699,0.271896,98.2,0.6519
1019,1,1018.31,15092.75,0.08029,0.035941046511627925,0.232747,94.3,0.6787
1020,1,1018.96,15086.61,0.093063,0.03597558139534886,0.270308,98.3,0.6513
1021,1,1019.63,15080.73,0.100203,0.03601011627906979,0.30255,96.5,0.6632
1022,1,1020.3,15074.85,0.088398,0.03604465116279072,0.262437,95.9,0.6673
1023,1,1020.97,15069.07,0.110732,0.036079186046511655,0.251487,95.1,0.6732
1024,1,1021.64,15063.17,0.087848,0.03611372093023259,0.280066,96.3,0.6643
1025,1,1022.28,15056.99,0.090005,0.03614825581395352,0.230007,99.2,0.645
1026,1,1022.93,15050.79,0.098982,0.03618279069767445,0.254981,99.5,0.6432
1027,1,1023.57,15044.6,0.129839,0.036217325581395385,0.312256,99.6,0.6428
1028,1,1024.22,15038.48,0.116407,0.03625186046511631,0.283943,99.0,0.6465
1029,1,1024.86,15032.31,0.092134,0.03628639534883724,0.277697,99.5,0.6433
1030,1,1025.51,15026.23,0.092438,0.03632093023255817,0.245324,98.8,0.6475
1031,1,1026.16,15020.12,0.097579,0.0363554651162791,0.262964,99.1,0.6458
1032,1,1026.8,15014.03,0.103564,0.036390000000000026,0.315651,99.1,0.6458
1033,1,1027.45,15007.88,0.098178,0.03642453488372096,0.275016,99.8,0.6413
1034,1,1028.09,15001.77,0.103163,0.03645906976744189,0.273958,99.5,0.643
1035,1,1028.73,14995.64,0.082844,0.036493604651162824,0.276429,99.8,0.6416
1036,1,1029.38,14989.54,0.112362,0.036528139534883756,0.264753,99.6,0.6426
1037,1,1030.02,14983.46,0.094175,0.03656267441860469,0.268657,99.6,0.6424
1038,1,1030.67,14977.46,0.100688,0.03659720930232562,0.327533,98.8,0.6479
1039,1,1031.32,14971.45,0.092491,0.036631744186046554,0.232433,98.9,0.6469
1040,1,1031.96,14965.39,0.095667,0.036666279069767486,0.265383,99.7,0.6417
1041,1,1032.61,14959.42,0.087589,0.03670081395348842,0.229886,99.4,0.6442
1042,1,1033.26,14953.45,0.091226,0.03673534883720935,0.374823,98.9,0.647
1043,1,1033.9,14947.41,0.085404,0.03676988372093028,0.384209,99.8,0.6416
1044,1,1034.55,14941.47,0.111781,0.0368044186046512,0.281784,98.8,0.6475
1045,1,1035.19,14935.52,0.100718,0.036838953488372135,0.241296,99.0,0.6463
1046,1,1035.84,14929.53,0.079285,0.03687348837209307,0.273055,99.5,0.6429
1047,1,1036.48,14923.53,0.098824,0.03690802325581399,0.292183,99.8,0.6415
1048,1,1037.12,14917.55,0.097475,0.03694255813953492,0.218732,99.6,0.6423
1049,1,1037.77,14911.68,0.086409,0.03697709302325585,0.263885,98.6,0.6491
1050,1,1038.42,14905.71,0.090674,0.037011627906976784,0.331697,99.8,0.6413
1051,1,1039.06,14899.77,0.083217,0.037046162790697716,0.28506,99.6,0.6426
1052,1,1039.71,14893.9,0.116524,0.03708069767441865,0.284802,98.9,0.6469
1053,1,1040.35,14887.99,0.102713,0.03711523255813958,0.340904,99.4,0.6437
1054,1,1041.01,14882.28,0.085986,0.037149767441860514,0.260773,97.4,0.6568
1055,1,1041.66,14876.46,0.106585,0.037184302325581446,0.233773,98.7,0.6485
1056,1,1042.31,14870.66,0.105769,0.03721883720930238,0.292921,98.6,0.6493
1057,1,1043.0,14865.44,0.089705,0.03725337209302331,0.227998,92.9,0.6892
1058,1,1043.66,14859.84,0.100111,0.037287906976744244,0.245706,96.6,0.6623
1059,1,1044.31,14854.02,0.077175,0.037322441860465176,0.229289,99.1,0.6455
1060,1,1044.96,14848.36,0.076724,0.0373569767441861,0.257247,97.5,0.6565
1061,1,1045.63,14842.86,0.096433,0.037391511627907034,0.273894,96.9,0.6605
1062,1,1046.29,14837.2,0.083207,0.03742604651162797,0.290149,97.7,0.6553
1063,1,1046.94,14831.55,0.091818,0.0374605813953489,0.287884,97.7,0.6551
1064,1,1047.59,14825.8,0.106816,0.03749511627906983,0.29873,98.9,0.647
1065,1,1048.24,14820.11,0.103341,0.037529651162790764,0.278333,98.3,0.6507
1066,1,1048.91,14814.64,0.0962,0.0375641860465117,0.265101,96.1,0.6657
1067,1,1049.56,14808.94,0.095274,0.03759872093023263,0.296331,98.7,0.6484
1068,1,1050.23,14803.53,0.117498,0.03763325581395356,0.252138,95.8,0.6683
1069,1,1050.91,14798.25,0.090887,0.03766779069767449,0.282127,94.5,0.6773
1070,1,1051.58,14792.86,0.082578,0.03770232558139542,0.33291,95.7,0.6691
1071,1,1052.24,14787.33,0.115075,0.037736860465116345,0.302471,97.3,0.658
1072,1,1052.94,14782.4,0.089216,0.03777139534883728,0.24999,91.4,0.7005
1073,1,1053.59,14776.77,0.106667,0.03780593023255821,0.329978,98.5,0.6497
1074,1,1054.25,14771.3,0.097379,0.03784046511627914,0.240231,96.8,0.661
1075,1,1054.95,14766.29,0.08871,0.037875000000000075,0.263088,92.4,0.6928
1076,1,1055.63,14761.19,0.102308,0.03790953488372101,0.307013,93.4,0.6855
1077,1,1056.53,14759.03,0.094389,0.03794406976744194,0.258359,71.6,0.8934
1078,1,1057.32,14755.34,0.081508,0.037978604651162866,0.25085,81.4,0.7861
1079,1,1058.75,14760.73,0.102378,0.0380131395348838,0.302092,44.6,1.4355
1080,1,1059.65,14758.54,0.090418,0.03804767441860473,0.290794,71.6,0.8933
1081,1,1060.68,14758.22,0.096195,0.03808220930232566,0.343679,62.7,1.0214
1082,1,1061.82,14759.48,0.135966,0.038116744186046596,0.338362,56.1,1.1411
1083,1,1062.49,14754.24,0.09572,0.03815127906976752,0.265521,95.0,0.6735
1084,1,1063.31,14751.01,0.095676,0.038185813953488454,0.260873,78.3,0.8176
1085,1,1064.06,14746.78,0.09697,0.038220348837209386,0.269102,85.9,0.745
1086,1,1064.83,14742.94,0.112758,0.03825488372093031,0.290168,82.7,0.7735
1087,1,1066.09,14745.72,0.082821,0.03828941860465124,0.269312,51.1,1.2516
1088,1,1067.12,14745.46,0.098121,0.03832395348837217,0.304948,62.0,1.0319
1089,1,1068.18,14745.61,0.095874,0.038358488372093096,0.335507,60.3,1.0617
1090,1,1068.94,14741.54,0.095245,0.03839302325581403,0.251046,84.7,0.7559
1091,1,1069.6,14736.11,0.097382,0.03842755813953496,0.260426,97.4,0.6568
1092,1,1070.28,14731.06,0.089116,0.038462093023255886,0.30564,93.6,0.6836
1093,1,1070.94,14725.73,0.091689,0.03849662790697682,0.267239,96.6,0.6629
1094,1,1071.61,14720.37,0.105652,0.03853116279069775,0.312482,97.0,0.6595
1095,1,1072.27,14715.12,0.094124,0.03856569767441868,0.325603,96.0,0.6668
1096,1,1072.93,14709.66,0.07887,0.03860023255813961,0.247481,98.2,0.6516
1097,1,1073.6,14704.56,0.082307,0.03863476744186054,0.234681,94.5,0.6775
1098,1,1074.27,14699.29,0.090367,0.038669302325581474,0.257289,96.5,0.6635
1099,1,1074.92,14693.87,0.090351,0.03870383720930241,0.255409,98.0,0.6528
1100,1,1075.6,14688.77,0.102314,0.03873837209302334,0.353756,94.9,0.6746
1101,1,1076.27,14683.62,0.085113,0.038772906976744265,0.237849,96.1,0.6658
1102,1,1076.96,14678.72,0.085007,0.03880744186046519,0.243462,92.8,0.6895
1103,1,1077.64,14673.63,0.063989,0.03884197674418612,0.230619,94.9,0.6741
1104,1,1078.36,14669.27,0.090251,0.038876511627907055,0.252508,88.0,0.7274
1105,1,1079.09,14664.85,0.089167,0.03891104651162799,0.266092,88.6,0.7222
1106,1,1079.83,14660.66,0.084237,0.03894558139534892,0.244864,86.6,0.7388
1107,1,1080.49,14655.38,0.091009,0.03898011627906985,0.28764,97.3,0.6578
1108,1,1081.17,14650.48,0.086696,0.03901465116279078,0.231538,93.4,0.6855
1109,1,1081.85,14645.51,0.101525,0.039049186046511704,0.272644,94.2,0.6797
1110,1,1082.51,14640.17,0.088923,0.039083720930232636,0.312638,98.2,0.652
1111,1,1083.18,14635.18,0.105091,0.03911825581395357,0.285445,94.5,0.6773
1112,1,1083.84,14629.95,0.091398,0.0391527906976745,0.33697,97.2,0.6587
1113,1,1084.5,14624.7,0.095819,0.03918732558139543,0.284901,97.8,0.6541
1114,1,1085.16,14619.5,0.085525,0.03922186046511636,0.269461,97.0,0.6601
1115,1,1085.82,14614.23,0.103032,0.03925639534883729,0.34966,97.9,0.6536
1116,1,1086.47,14608.99,0.079679,0.03929093023255822,0.287355,97.6,0.6556
1117,1,1087.15,14604.05,0.111362,0.03932546511627914,0.271868,94.5,0.6774
1118,1,1087.83,14599.1,0.105285,0.039360000000000075,0.256534,94.7,0.676
1119,1,1088.52,14594.4,0.086639,0.03939453488372101,0.281526,92.2,0.6939
1120,1,1089.19,14589.28,0.097212,0.03942906976744194,0.259141,96.6,0.6622
1121,1,1089.85,14584.17,0.083546,0.03946360465116287,0.326809,97.8,0.6545
1122,1,1090.53,14579.29,0.083005,0.039498139534883805,0.225155,94.3,0.679
1123,1,1091.18,14574.07,0.104502,0.03953267441860473,0.352943,98.1,0.6527
1124,1,1091.88,14569.36,0.116515,0.039567209302325664,0.353714,92.7,0.6905
1125,1,1092.59,14565.0,0.10481,0.039601744186046596,0.425389,89.4,0.7159
1126,1,1093.43,14562.3,0.072603,0.03963627906976753,0.263915,76.2,0.8401
1127,1,1094.33,14560.35,0.104845,0.039670813953488454,0.406167,71.4,0.8964
1128,1,1095.19,14557.88,0.111943,0.03970534883720939,0.321888,74.7,0.8571
1129,1,1096.15,14556.69,0.097084,0.03973988372093032,0.215862,67.1,0.9535
1130,1,1096.95,14553.57,0.110217,0.039774418604651245,0.289645,79.2,0.8084
1131,1,1097.81,14551.05,0.104206,0.03980895348837218,0.289642,75.2,0.8514
1132,1,1098.66,14548.48,0.079199,0.03984348837209311,0.325614,75.4,0.8488
1133,1,1099.4,14544.51,0.110315,0.03987802325581404,0.261399,86.2,0.7425
1134,1,1100.21,14541.43,0.117201,0.03991255813953497,0.278576,79.0,0.8101
1135,1,1101.05,14538.74,0.115834,0.0399470930232559,0.288335,76.4,0.8379
1136,1,1102.03,14537.88,0.107738,0.039981627906976826,0.31018,65.5,0.9777
1137,1,1102.85,14534.88,0.092602,0.04001616279069776,0.254514,78.5,0.8152
1138,1,1103.82,14533.94,0.064533,0.040050697674418684,0.270346,65.9,0.9708
1139,1,1104.8,14533.08,0.090937,0.04008523255813961,0.292249,65.5,0.9773
1140,1,1105.67,14530.87,0.096639,0.04011976744186054,0.277228,73.2,0.8746
1141,1,1106.4,14526.65,0.078868,0.04015430232558147,0.236406,89.6,0.7144
1142,1,1107.29,14524.71,0.082044,0.04018883720930239,0.276749,71.5,0.8947
1143,1,1108.04,14520.87,0.086395,0.040223372093023325,0.273721,85.5,0.749
1144,1,1108.94,14519.03,0.113231,0.04025790697674426,0.272891,70.9,0.9021
1145,1,1109.73,14515.71,0.075369,0.040292441860465184,0.26483,81.1,0.7891
1146,1,1110.39,14510.69,0.072609,0.040326976744186116,0.325618,97.2,0.6582
1147,1,1111.05,14505.68,0.06887,0.04036151162790704,0.244018,97.3,0.6577
1148,1,1111.72,14500.74,0.098868,0.040396046511627974,0.301082,96.5,0.6632
1149,1,1112.37,14495.65,0.08349,0.04043058139534891,0.274468,98.3,0.6514
1150,1,1113.02,14490.6,0.116861,0.04046511627906984,0.273183,97.9,0.6535
1151,1,1113.67,14485.43,0.11615,0.040499651162790765,0.320179,99.3,0.6442
1152,1,1114.34,14480.65,0.091231,0.0405341860465117,0.296335,95.1,0.6729
1153,1,1114.99,14475.51,0.091162,0.04056872093023262,0.243011,99.2,0.6451
1154,1,1115.65,14470.59,0.072116,0.040603255813953555,0.272111,96.7,0.6617
1155,1,1116.3,14465.52,0.128084,0.04063779069767449,0.321117,98.7,0.6486
1156,1,1116.95,14460.42,0.094247,0.04067232558139541,0.344821,99.0,0.6467
1157,1,1117.61,14455.57,0.084481,0.040706860465116346,0.266551,96.3,0.6649
1158,1,1118.27,14450.57,0.095862,0.04074139534883728,0.27306,98.1,0.6526
1159,1,1118.93,14445.68,0.103571,0.04077593023255821,0.303528,96.8,0.6609
1160,1,1119.6,14440.93,0.058921,0.04081046511627914,0.225096,95.4,0.6709
1161,1,1120.28,14436.21,0.076951,0.040845000000000076,0.240743,95.9,0.6673
1162,1,1120.95,14431.46,0.130288,0.040879534883721,0.327462,95.6,0.6697
1163,1,1121.6,14426.53,0.107767,0.040914069767441934,0.35758,97.7,0.6553
1164,1,1122.27,14421.69,0.095835,0.04094860465116286,0.266102,96.8,0.6614
1165,1,1122.92,14416.7,0.105535,0.04098313953488379,0.284339,98.5,0.6496
1166,1,1123.57,14411.78,0.079792,0.041017674418604724,0.236904,97.7,0.6549
1167,1,1124.24,14407.08,0.111559,0.04105220930232566,0.284705,95.4,0.6711
1168,1,1124.91,14402.27,0.114274,0.04108674418604658,0.319273,96.8,0.6614
1169,1,1125.58,14397.54,0.094918,0.04112127906976751,0.356542,95.8,0.6678
1170,1,1126.24,14392.74,0.084566,0.04115581395348843,0.268793,96.7,0.6616
1171,1,1126.9,14387.95,0.098161,0.041190348837209366,0.280424,96.7,0.6618
1172,1,1127.56,14383.09,0.118964,0.04122488372093029,0.291324,97.7,0.6549
1173,1,1128.21,14378.2,0.10132,0.041259418604651224,0.234139,98.0,0.653
1174,1,1128.87,14373.35,0.076148,0.04129395348837215,0.273149,97.6,0.6557
1175,1,1129.52,14368.42,0.096077,0.04132848837209308,0.298688,98.6,0.6488
1176,1,1130.16,14363.45,0.087535,0.04136302325581401,0.259383,99.3,0.6447
1177,1,1130.82,14358.61,0.104216,0.04139755813953494,0.285676,98.1,0.6523
1178,1,1131.48,14353.87,0.077771,0.04143209302325587,0.263065,96.7,0.6619
1179,1,1132.13,14348.92,0.0979,0.041466627906976805,0.277148,99.2,0.6449
1180,1,1132.79,14344.21,0.09234,0.04150116279069774,0.231937,96.4,0.664
1181,1,1133.45,14339.43,0.083448,0.04153569767441866,0.250004,98.2,0.6517
1182,1,1134.11,14334.71,0.091177,0.041570232558139596,0.27605,96.8,0.6611
1183,1,1134.76,14329.8,0.091906,0.04160476744186053,0.28575,99.1,0.646
1184,1,1135.42,14325.04,0.109277,0.04163930232558146,0.320361,97.4,0.657
1185,1,1136.08,14320.42,0.099035,0.04167383720930239,0.314781,95.9,0.6673
1186,1,1136.74,14315.58,0.082212,0.04170837209302332,0.242085,98.5,0.6498
1187,1,1137.4,14310.88,0.08858,0.04174290697674425,0.291351,97.0,0.6596
1188,1,1138.24,14308.46,0.07503,0.04177744186046518,0.278058,76.1,0.8409
1189,1,1139.11,14306.39,0.105717,0.0418119767441861,0.313829,73.7,0.8684
1190,1,1139.99,14304.42,0.09821,0.041846511627907035,0.328057,73.0,0.8764
1191,1,1141.03,14304.59,0.119186,0.04188104651162797,0.289165,61.1,1.0472
1192,1,1141.71,14300.08,0.11593,0.0419155813953489,0.279325,95.1,0.6732
1193,1,1142.5,14297.03,0.096332,0.041950116279069825,0.275959,81.1,0.7894
1194,1,1143.4,14295.36,0.089727,0.04198465116279076,0.23045,71.2,0.8993
1195,1,1144.32,14293.88,0.099234,0.04201918604651168,0.28672,69.9,0.9154
1196,1,1145.31,14293.36,0.099172,0.042053720930232616,0.291952,64.6,0.991
1197,1,1146.15,14291.0,0.100933,0.04208825581395355,0.34158,75.8,0.8444
1198,1,1147.25,14291.76,0.117824,0.04212279069767448,0.316173,58.5,1.0938
1199,1,1148.07,14289.1,0.085443,0.042157325581395406,0.272385,78.1,0.8195
1200,1,1148.74,14284.61,0.074674,0.04219186046511634,0.248174,95.2,0.6723
1201,1,1235.25,15346.49,0.106675,0.04222639534883727,0.357312,98.8,0.6477
1202,1,1235.89,15340.7,0.068372,0.042260930232558204,0.295757,99.4,0.644
1203,1,1236.54,15334.94,0.069208,0.042295465116279136,0.192373,99.1,0.6458
1204,1,1237.19,15329.24,0.103114,0.04233000000000007,0.338217,98.5,0.65
1205,1,1237.85,15323.6,0.093479,0.042364534883720995,0.265834,97.9,0.654
1206,1,1238.57,15318.82,0.077878,0.04239906976744193,0.273865,88.6,0.7225
1207,1,1239.23,15313.23,0.086514,0.04243360465116286,0.297347,97.4,0.6574
1208,1,1239.99,15308.89,0.084124,0.04246813953488379,0.250471,84.5,0.7574
1209,1,1241.01,15307.87,0.090504,0.042502674418604725,0.301287,62.4,1.0264
1210,1,1242.12,15307.82,0.102888,0.04253720930232566,0.322075,57.9,1.1048
1211,1,1243.03,15305.41,0.097979,0.04257174418604659,0.316718,70.1,0.913
1212,1,1243.95,15302.99,0.072495,0.04260627906976752,0.267512,70.2,0.9118
1213,1,1244.61,15297.53,0.105966,0.042640813953488454,0.319202,96.4,0.6641
1214,1,1245.36,15293.08,0.076155,0.04267534883720939,0.342514,85.7,0.747
1215,1,1246.29,15290.93,0.112917,0.04270988372093031,0.318647,68.6,0.9329
1216,1,1247.19,15288.36,0.071296,0.042744418604651245,0.24405,71.1,0.8995
1217,1,1247.93,15283.84,0.077989,0.04277895348837218,0.329232,86.6,0.7392
1218,1,1248.67,15279.29,0.10039,0.04281348837209311,0.290984,86.9,0.7365
1219,1,1249.49,15275.74,0.084984,0.04284802325581404,0.267856,78.3,0.8178
1220,1,1250.33,15272.5,0.103774,0.042882558139534975,0.26722,76.0,0.8423
1221,1,1251.17,15269.25,0.113997,0.04291709302325591,0.281702,76.5,0.8364
1222,1,1252.05,15266.34,0.10828,0.04295162790697684,0.330088,73.6,0.8695
1223,1,1252.9,15263.29,0.100946,0.042986162790697766,0.285623,74.7,0.857
1224,1,1253.78,15260.5,0.098609,0.0430206976744187,0.318747,72.9,0.8782
1225,1,1254.61,15257.04,0.094267,0.043055232558139624,0.230971,77.7,0.8238
1226,1,1255.38,15252.95,0.108513,0.04308976744186055,0.341384,83.1,0.7705
1227,1,1256.1,15248.26,0.10159,0.043124302325581475,0.268862,88.9,0.7202
1228,1,1256.94,15244.95,0.107305,0.04315883720930241,0.368994,76.7,0.8345
1229,1,1257.77,15241.69,0.104123,0.04319337209302333,0.277726,76.3,0.8385
1230,1,1258.45,15236.42,0.085656,0.043227906976744265,0.230544,95.3,0.6714
1231,1,1259.17,15231.72,0.116949,0.0432624418604652,0.307007,89.1,0.718
1232,1,1259.91,15227.38,0.077584,0.04329697674418613,0.256037,85.6,0.7475
1233,1,1260.74,15223.92,0.094735,0.043331511627907056,0.40948,78.1,0.8196
1234,1,1261.48,15219.5,0.092976,0.04336604651162798,0.262944,86.7,0.7382
1235,1,1262.32,15216.34,0.062576,0.04340058139534891,0.209878,75.8,0.8441
1236,1,1263.0,15211.13,0.097945,0.04343511627906983,0.287608,94.9,0.6742
1237,1,1263.78,15207.28,0.071397,0.04346965116279076,0.295025,81.6,0.7846
1238,1,1264.67,15204.63,0.082321,0.043504186046511684,0.284043,72.3,0.8857
1239,1,1265.59,15202.43,0.102862,0.043538720930232616,0.306124,69.4,0.922
1240,1,1266.29,15197.47,0.090947,0.04357325581395354,0.278067,92.5,0.6917
1241,1,1267.13,15194.28,0.07506,0.043607790697674474,0.255623,76.9,0.8318
1242,1,1268.06,15192.21,0.076124,0.04364232558139541,0.305456,68.6,0.9326
1243,1,1268.81,15187.95,0.101949,0.04367686046511634,0.436381,85.4,0.7498
1244,1,1269.83,15186.93,0.089329,0.043711395348837265,0.250389,62.8,1.0194
1245,1,1270.64,15183.33,0.088944,0.0437459302325582,0.273244,79.6,0.8039
1246,1,1271.55,15181.09,0.07269,0.04378046511627913,0.259574,69.8,0.9171
1247,1,1272.68,15181.29,0.082713,0.04381500000000006,0.284278,57.1,1.1218
1248,1,1273.4,15176.7,0.074516,0.043849534883720995,0.31559,88.9,0.7201
1249,1,1274.17,15172.74,0.094628,0.04388406976744193,0.293523,82.8,0.7727
1250,1,1275.11,15170.74,0.102299,0.04391860465116285,0.357581,68.3,0.9365
1251,1,1276.16,15170.09,0.06411,0.04395313953488378,0.213651,60.9,1.051
1252,1,1277.02,15167.17,0.089847,0.04398767441860471,0.295741,74.5,0.8594
1253,1,1277.94,15164.99,0.077791,0.044022209302325636,0.289016,69.5,0.921
1254,1,1278.96,15163.93,0.100171,0.04405674418604656,0.327507,63.1,1.0148
1255,1,1279.74,15160.11,0.103993,0.044091279069767494,0.332774,81.9,0.7819
1256,1,1280.76,15159.12,0.08578,0.04412581395348843,0.268087,62.7,1.0211
1257,1,1281.54,15155.2,0.097624,0.04416034883720936,0.286338,82.7,0.7735
1258,1,1282.61,15154.82,0.08205,0.04419488372093029,0.236837,59.7,1.0719
1259,1,1283.38,15150.79,0.110066,0.04422941860465122,0.303422,83.8,0.7633
1260,1,1284.05,15145.72,0.092907,0.04426395348837215,0.268612,94.8,0.6752
1261,1,1284.97,15143.54,0.088086,0.044298488372093076,0.25157,70.0,0.9141
1262,1,1285.85,15140.88,0.087329,0.04433302325581401,0.361887,72.8,0.8788
1263,1,1286.72,15138.02,0.086605,0.044367558139534934,0.329902,74.2,0.862
1264,1,1287.4,15133.07,0.095436,0.044402093023255866,0.296525,93.7,0.6828
1265,1,1288.19,15129.35,0.072857,0.0444366279069768,0.245689,81.4,0.7862
1266,1,1289.04,15126.38,0.089007,0.04447116279069773,0.471473,75.2,0.8514
1267,1,1290.06,15125.39,0.080978,0.044505697674418664,0.286094,62.8,1.0183
1268,1,1290.87,15121.96,0.080376,0.044540232558139596,0.339794,78.9,0.8111
1269,1,1291.57,15117.19,0.109803,0.04457476744186053,0.321251,91.9,0.6966
1270,1,1292.56,15115.83,0.078368,0.044609302325581454,0.323731,64.8,0.987
1271,1,1293.27,15111.2,0.103962,0.04464383720930238,0.268895,90.4,0.7082
1272,1,1294.23,15109.48,0.095673,0.044678372093023305,0.332156,66.9,0.9561
1273,1,1294.94,15104.88,0.07717,0.04471290697674424,0.230053,90.3,0.7091
1274,1,1295.76,15101.57,0.084185,0.04474744186046516,0.292395,78.1,0.8196
1275,1,1296.61,15098.65,0.11237,0.04478197674418609,0.247487,75.0,0.8529
1276,1,1297.4,15094.95,0.097754,0.04481651162790702,0.311352,81.5,0.7856
1277,1,1298.21,15091.53,0.088253,0.044851046511627954,0.287597,79.1,0.8089
1278,1,1299.09,15088.91,0.089485,0.044885581395348886,0.334021,73.0,0.8773
1279,1,1299.88,15085.27,0.091604,0.04492011627906981,0.369749,81.0,0.7898
1280,1,1300.56,15080.4,0.099426,0.04495465116279074,0.281549,93.7,0.6829
1281,1,1301.22,15075.22,0.085982,0.04498918604651166,0.284761,98.3,0.6512
1282,1,1301.87,15069.98,0.08222,0.04502372093023259,0.26445,98.5,0.65
1283,1,1302.52,15064.81,0.10047,0.045058255813953514,0.290584,97.6,0.6556
1284,1,1303.17,15059.57,0.098361,0.04509279069767444,0.314345,98.7,0.6486
1285,1,1303.83,15054.36,0.092687,0.045127325581395365,0.308749,98.4,0.6507
1286,1,1304.47,15049.13,0.114747,0.0451618604651163,0.313064,98.6,0.6488
1287,1,1305.13,15043.97,0.110183,0.04519639534883722,0.280483,97.9,0.6537
1288,1,1305.79,15038.87,0.074929,0.045230930232558156,0.229868,97.3,0.6581
1289,1,1306.44,15033.68,0.075208,0.04526546511627909,0.249586,98.5,0.6498
1290,1,1307.09,15028.52,0.110694,0.04530000000000002,0.24371,98.2,0.6515
1291,1,1307.74,15023.29,0.109558,0.04533453488372095,0.31421,99.1,0.6456
1292,1,1308.39,15018.09,0.11051,0.045369069767441886,0.287939,98.9,0.647
1293,1,1309.05,15013.05,0.095975,0.04540360465116282,0.267592,96.9,0.6602
1294,1,1309.7,15007.9,0.075142,0.045438139534883744,0.305079,98.4,0.6505
1295,1,1310.35,15002.74,0.093766,0.045472674418604676,0.348142,98.6,0.6494
1296,1,1311.02,14997.84,0.111748,0.04550720930232561,0.3483,95.7,0.6689
1297,1,1311.68,14992.75,0.105501,0.045541744186046534,0.310008,97.9,0.6536
1298,1,1312.33,14987.65,0.118135,0.04557627906976747,0.301118,98.1,0.6526
1299,1,1312.98,14982.53,0.10549,0.0456108139534884,0.288025,98.4,0.6501
1300,1,1313.64,14977.48,0.108731,0.045645348837209325,0.392401,97.6,0.6556
1301,1,1314.31,14972.61,0.083387,0.04567988372093026,0.289765,96.4,0.6639
1302,1,1314.96,14967.49,0.069819,0.04571441860465119,0.236467,98.7,0.6481
1303,1,1315.61,14962.45,0.091009,0.04574895348837212,0.308591,97.8,0.6541
1304,1,1316.28,14957.54,0.123909,0.045783488372093055,0.432683,96.2,0.6654
1305,1,1316.94,14952.62,0.087398,0.04581802325581399,0.339361,96.3,0.6645
1306,1,1317.61,14947.66,0.107237,0.04585255813953491,0.299036,97.0,0.6598
1307,1,1318.26,14942.67,0.080101,0.045887093023255845,0.276058,97.5,0.6565
1308,1,1319.24,14941.3,0.081177,0.04592162790697678,0.339639,65.6,0.9752
1309,1,1320.09,14938.49,0.088567,0.04595616279069771,0.29115,75.5,0.8478
1310,1,1320.78,14933.93,0.073752,0.04599069767441864,0.282347,92.3,0.6935
1311,1,1321.61,14930.91,0.099905,0.04602523255813957,0.288285,77.2,0.8291
1312,1,1322.36,14926.96,0.084346,0.046059767441860494,0.289958,85.7,0.7466
1313,1,1323.07,14922.52,0.092136,0.04609430232558143,0.241871,91.1,0.7026
1314,1,1324.17,14922.62,0.128182,0.04612883720930235,0.301132,57.9,1.1051
1315,1,1325.24,14922.26,0.08844,0.046163372093023285,0.254276,60.1,1.064
1316,1,1326.14,14920.06,0.102389,0.04619790697674422,0.282905,71.0,0.9008
1317,1,1327.16,14919.26,0.087966,0.04623244186046515,0.315234,62.5,1.0244
1318,1,1327.95,14915.79,0.101698,0.04626697674418608,0.34111,81.2,0.7879
1319,1,1328.81,14913.1,0.097144,0.04630151162790701,0.3084,74.7,0.8566
1320,1,1329.89,14912.95,0.096401,0.04633604651162794,0.279842,59.1,1.0827
1321,1,1330.96,14912.54,0.066286,0.04637058139534887,0.209411,60.9,1.0517
1322,1,1331.77,14909.4,0.106109,0.0464051162790698,0.357631,78.4,0.8164
1323,1,1332.57,14906.07,0.091275,0.046439651162790724,0.336659,80.2,0.7979
1324,1,1333.35,14902.5,0.098913,0.04647418604651165,0.337772,82.4,0.7771
1325,1,1334.02,14897.72,0.054634,0.046508720930232575,0.245871,95.7,0.6686
1326,1,1334.91,14895.47,0.083927,0.04654325581395351,0.352283,71.6,0.8941
1327,1,1336.17,14897.2,0.095068,0.04657779069767444,0.328153,51.2,1.2501
1328,1,1336.95,14893.69,0.096976,0.04661232558139537,0.292538,82.0,0.7807
1329,1,1337.66,14889.43,0.093764,0.0466468604651163,0.236547,89.7,0.7139
1330,1,1338.71,14888.88,0.08264,0.046681395348837224,0.250072,61.2,1.0465
1331,1,1339.78,14888.54,0.062376,0.046715930232558156,0.256222,60.1,1.0657
1332,1,1340.54,14884.78,0.099139,0.04675046511627908,0.286415,84.4,0.758
1333,1,1341.79,14886.53,0.110785,0.04678500000000001,0.338003,51.1,1.2524
1334,1,1343.14,14889.36,0.077659,0.04681953488372094,0.257406,47.3,1.3522
1335,1,1343.95,14886.15,0.090116,0.04685406976744187,0.263938,79.4,0.8061
1336,1,1344.97,14885.32,0.097899,0.046888604651162805,0.308325,62.7,1.0212
1337,1,1345.78,14882.04,0.067946,0.04692313953488374,0.192426,80.2,0.798
1338,1,1346.74,14880.54,0.104256,0.04695767441860467,0.274893,66.6,0.9605
1339,1,1347.52,14877.04,0.11212,0.0469922093023256,0.276094,82.0,0.7801
1340,1,1348.37,14874.28,0.083464,0.047026744186046535,0.251361,75.7,0.8456
1341,1,1349.17,14871.11,0.080174,0.04706127906976747,0.334469,79.7,0.8028
1342,1,1350.48,14873.39,0.109967,0.04709581395348839,0.308191,49.1,1.3036
1343,1,1351.23,14869.53,0.081629,0.047130348837209325,0.221777,85.9,0.7447
1344,1,1352.09,14866.96,0.100761,0.04716488372093026,0.276539,74.2,0.8628
1345,1,1352.86,14863.32,0.091301,0.04719941860465119,0.294191,83.6,0.7651
1346,1,1353.6,14859.43,0.103658,0.04723395348837212,0.294098,86.2,0.7421
1347,1,1354.32,14855.28,0.076314,0.047268488372093055,0.259353,89.1,0.7183
1348,1,1354.97,14850.35,0.086554,0.04730302325581399,0.322564,99.0,0.6467
1349,1,1355.79,14847.36,0.090436,0.04733755813953492,0.319293,77.8,0.8226
1350,1,1356.45,14842.59,0.116116,0.04737209302325585,0.286054,96.9,0.6603
1351,1,1357.1,14837.73,0.104878,0.04740662790697678,0.316079,98.5,0.65
1352,1,1357.77,14833.0,0.085375,0.04744116279069771,0.321498,96.5,0.6629
1353,1,1358.5,14829.07,0.113418,0.04747569767441864,0.308499,87.0,0.7353
1354,1,1359.22,14824.89,0.097576,0.047510232558139576,0.290341,89.9,0.7117
1355,1,1360.42,14826.02,0.082648,0.0475447674418605,0.321519,53.4,1.1984
1356,1,1361.23,14822.99,0.069288,0.04757930232558143,0.271945,78.4,0.8165
1357,1,1362.04,14819.85,0.083671,0.04761383720930235,0.253321,79.3,0.8068
1358,1,1362.77,14815.81,0.095642,0.04764837209302328,0.288267,88.5,0.723
1359,1,1363.49,14811.81,0.092937,0.04768290697674421,0.245976,88.1,0.7261
1360,1,1364.27,14808.38,0.100146,0.04771744186046514,0.282591,82.1,0.7796
1361,1,1364.97,14804.1,0.075175,0.04775197674418607,0.26163,92.2,0.6944
1362,1,1365.74,14800.52,0.094251,0.047786511627906994,0.251143,83.8,0.7641
1363,1,1366.63,14798.34,0.071149,0.047821046511627927,0.304129,71.7,0.8924
1364,1,1367.49,14795.8,0.098877,0.04785558139534886,0.23087,74.5,0.8588
1365,1,1368.17,14791.22,0.091171,0.047890116279069785,0.244422,95.4,0.6709
1366,1,1369.13,14789.86,0.107109,0.04792465116279072,0.301663,66.1,0.9677
1367,1,1370.11,14788.55,0.082776,0.04795918604651165,0.302022,65.8,0.9722
1368,1,1370.96,14785.95,0.088644,0.047993720930232575,0.236619,75.0,0.8529
1369,1,1371.83,14783.48,0.081605,0.0480282558139535,0.27394,74.1,0.8643
1370,1,1372.78,14781.96,0.111596,0.04806279069767443,0.279187,67.1,0.9535
1371,1,1373.45,14777.33,0.110627,0.04809732558139536,0.320751,96.5,0.6633
1372,1,1374.1,14772.56,0.08623,0.04813186046511629,0.264769,98.4,0.6503
1373,1,1374.77,14768.02,0.110842,0.04816639534883722,0.326702,95.3,0.6717
1374,1,1375.63,14765.51,0.114606,0.04820093023255814,0.278342,74.5,0.8588
1375,1,1376.32,14761.2,0.093452,0.048235465116279075,0.350862,92.5,0.6921
1376,1,1376.99,14756.65,0.077021,0.04827000000000001,0.229308,95.7,0.6686
1377,1,1377.66,14752.05,0.096641,0.04830453488372094,0.345431,96.4,0.6642
1378,1,1378.32,14747.39,0.102286,0.04833906976744187,0.285942,97.4,0.6574
1379,1,1379.02,14743.25,0.078459,0.048373604651162805,0.391199,90.8,0.7048
1380,1,1379.7,14738.82,0.075728,0.04840813953488374,0.286299,94.5,0.6776
1381,1,1380.36,14734.19,0.095482,0.04844267441860467,0.284515,97.7,0.655
1382,1,1381.03,14729.65,0.079273,0.048477209302325595,0.264925,95.9,0.667
1383,1,1381.72,14725.32,0.06623,0.04851174418604652,0.255235,93.4,0.6854
1384,1,1382.48,14721.81,0.094326,0.048546279069767447,0.283838,83.9,0.7627
1385,1,1383.17,14717.58,0.121735,0.04858081395348838,0.262491,92.3,0.6936
1386,1,1383.84,14713.0,0.124351,0.04861534883720931,0.277435,96.8,0.6615
1387,1,1384.52,14708.61,0.096488,0.04864988372093024,0.265925,94.4,0.678
1388,1,1385.23,14704.57,0.101342,0.04868441860465117,0.339439,90.1,0.71
1389,1,1386.35,14704.93,0.103135,0.048718953488372095,0.360719,56.9,1.1249
1390,1,1387.28,14703.15,0.107635,0.04875348837209303,0.326834,69.3,0.9236
1391,1,1388.09,14700.23,0.103269,0.04878802325581396,0.307651,78.5,0.8154
1392,1,1388.81,14696.26,0.105909,0.04882255813953489,0.315558,89.5,0.7155
1393,1,1389.63,14693.33,0.104663,0.048857093023255825,0.28737,78.6,0.8146
1394,1,1390.59,14692.01,0.08779,0.04889162790697675,0.258266,66.3,0.9654
1395,1,1391.79,14693.06,0.124793,0.04892616279069768,0.372697,53.7,1.1908
1396,1,1392.45,14688.58,0.100536,0.04896069767441861,0.270933,96.0,0.6664
1397,1,1393.11,14684.03,0.090291,0.04899523255813954,0.306126,97.1,0.6593
1398,1,1394.0,14681.92,0.084017,0.049029767441860474,0.342028,71.9,0.8904
1399,1,1394.85,14679.3,0.067323,0.049064302325581406,0.357798,76.1,0.8415
1400,1,1395.73,14677.06,0.07093,0.04909883720930233,0.260523,72.9,0.8784
1401,1,1396.41,14672.73,0.097219,0.049133372093023264,0.301726,94.9,0.6741
1402,1,1397.29,14670.53,0.082696,0.0491679069767442,0.215519,72.7,0.8807
1403,1,1398.22,14668.82,0.109534,0.04920244186046513,0.396954,68.9,0.9283
1404,1,1399.1,14666.63,0.074762,0.049236976744186055,0.316521,72.6,0.8818
1405,1,1399.78,14662.33,0.092436,0.04927151162790699,0.436239,94.1,0.6805
1406,1,1400.63,14659.82,0.071368,0.04930604651162792,0.231887,75.2,0.8507
1407,1,1401.35,14655.96,0.099015,0.04934058139534885,0.302983,88.7,0.7213
1408,1,1402.04,14651.74,0.09747,0.04937511627906978,0.238201,93.2,0.6866
1409,1,1402.78,14648.08,0.094346,0.04940965116279071,0.253669,86.5,0.7397
1410,1,1403.43,14643.48,0.091583,0.04944418604651164,0.235308,98.7,0.6483
1411,1,1404.15,14639.56,0.093225,0.049478720930232575,0.359531,89.6,0.7145
1412,1,1404.84,14635.42,0.087012,0.04951325581395351,0.258658,92.5,0.6916
1413,1,1405.81,14634.16,0.107591,0.04954779069767443,0.389187,66.1,0.9681
1414,1,1406.76,14632.69,0.101014,0.04958232558139536,0.337388,67.5,0.9485
1415,1,1407.44,14628.4,0.084493,0.049616860465116285,0.285586,94.5,0.6776
1416,1,1408.24,14625.36,0.106209,0.04965139534883721,0.306919,80.4,0.7961
1417,1,1409.15,14623.49,0.08625,0.049685930232558136,0.286042,70.4,0.9097
1418,1,1409.86,14619.63,0.102232,0.04972046511627906,0.28775,89.3,0.7169
1419,1,1410.6,14615.97,0.084741,0.049754999999999994,0.295252,86.9,0.7365
1420,1,1411.29,14611.8,0.081985,0.04978953488372092,0.386773,93.2,0.6864
1421,1,1412.14,14609.3,0.119181,0.04982406976744185,0.275227,75.9,0.8434
1422,1,1412.91,14606.06,0.092036,0.049858604651162784,0.312446,82.7,0.7741
1423,1,1413.75,14603.5,0.0695,0.04989313953488372,0.249362,76.1,0.8413
1424,1,1414.42,14599.13,0.103144,0.04992767441860464,0.308134,96.2,0.6651
1425,1,1415.17,14595.66,0.109646,0.04996220930232557,0.290282,85.1,0.7518
1426,1,1415.91,14591.99,0.07955,0.0499967441860465,0.323834,87.3,0.7328
1427,1,1416.6,14587.94,0.09366,0.05003127906976743,0.280736,92.1,0.695
1428,1,1417.62,14587.18,0.09582,0.050065813953488365,0.27445,63.1,1.0143
1429,1,1418.35,14583.45,0.091066,0.05010034883720929,0.285921,88.3,0.7251
1430,1,1419.11,14580.09,0.109335,0.050134883720930216,0.316186,84.1,0.7614
1431,1,1419.87,14576.71,0.100531,0.05016941860465114,0.310434,84.4,0.7585
1432,1,1420.7,14574.06,0.089705,0.05020395348837207,0.276764,77.2,0.8293
1433,1,1421.44,14570.53,0.075027,0.050238488372093,0.22715,86.1,0.7434
1434,1,1422.32,14568.41,0.096852,0.050273023255813926,0.255992,72.6,0.8811
1435,1,1423.06,14564.83,0.089294,0.05030755813953486,0.271758,86.7,0.7381
1436,1,1423.98,14563.05,0.080465,0.05034209302325579,0.26191,70.1,0.9128
1437,1,1424.9,14561.37,0.10289,0.05037662790697672,0.255342,69.3,0.9234
1438,1,1425.84,14559.84,0.084422,0.050411162790697656,0.254055,68.2,0.938
1439,1,1426.52,14555.68,0.090819,0.05044569767441859,0.245232,94.2,0.6797
1440,1,1427.25,14552.04,0.111433,0.050480232558139514,0.320599,87.7,0.73
1441,1,1428.09,14549.46,0.096453,0.050514767441860446,0.317845,77.4,0.8267
1442,1,1428.84,14545.99,0.098984,0.05054930232558138,0.292037,85.9,0.7454
1443,1,1429.85,14545.26,0.084619,0.050583837209302304,0.413,63.0,1.0162
1444,1,1430.7,14542.77,0.083593,0.05061837209302324,0.239869,76.0,0.8426
1445,1,1431.38,14538.65,0.123461,0.05065290697674417,0.262582,93.9,0.6816
1446,1,1432.17,14535.66,0.092393,0.0506874418604651,0.365824,80.8,0.7922
1447,1,1433.15,14534.58,0.077547,0.050721976744186034,0.295569,65.3,0.9806
1448,1,1434.02,14532.31,0.096845,0.05075651162790696,0.365853,74.2,0.8628
1449,1,1434.71,14528.27,0.107722,0.05079104651162789,0.312045,93.1,0.6875
1450,1,1435.44,14524.69,0.082476,0.050825581395348825,0.351135,87.3,0.7328
1451,1,1436.39,14523.3,0.102884,0.05086011627906975,0.319202,67.4,0.9502
1452,1,1437.14,14519.83,0.084803,0.05089465116279068,0.262197,86.2,0.7425
1453,1,1438.02,14517.77,0.091864,0.050929186046511615,0.399926,72.5,0.8829
1454,1,1438.89,14515.62,0.102047,0.05096372093023254,0.371546,73.4,0.8717
1455,1,1439.64,14512.14,0.108987,0.050998255813953466,0.283537,86.3,0.7413
1456,1,1440.39,14508.77,0.127988,0.0510327906976744,0.308495,85.1,0.7519
1457,1,1441.16,14505.53,0.082397,0.05106732558139533,0.362418,83.7,0.7646
1458,1,1441.98,14502.89,0.080796,0.05110186046511626,0.269479,77.7,0.8242
1459,1,1443.07,14502.86,0.095875,0.05113639534883718,0.282997,59.0,1.084
1460,1,1443.84,14499.76,0.070865,0.051170930232558115,0.241977,82.3,0.7776
1461,1,1444.67,14497.18,0.094012,0.05120546511627905,0.255642,78.7,0.8134
1462,1,1445.43,14493.84,0.089627,0.05123999999999997,0.283263,84.9,0.7536
1463,1,1446.3,14491.66,0.099771,0.051274534883720906,0.317026,73.7,0.868
1464,1,1446.99,14487.7,0.107576,0.05130906976744183,0.349395,92.6,0.6912
1465,1,1447.65,14483.4,0.091166,0.05134360465116276,0.263571,97.5,0.6564
1466,1,1448.32,14479.22,0.085214,0.05137813953488369,0.30411,95.9,0.6677
1467,1,1448.98,14475.02,0.087521,0.05141267441860462,0.251268,96.2,0.6655
1468,1,1449.64,14470.75,0.105424,0.05144720930232555,0.281069,97.3,0.658
1469,1,1450.29,14466.4,0.092498,0.05148174418604647,0.271505,98.6,0.6494
1470,1,1450.94,14462.01,0.102185,0.0515162790697674,0.265682,99.2,0.6455
1471,1,1451.59,14457.7,0.085316,0.05155081395348833,0.290373,98.1,0.6521
1472,1,1452.25,14453.45,0.099299,0.05158534883720926,0.348556,97.3,0.658
1473,1,1452.91,14449.2,0.09681,0.051619883720930196,0.345413,97.3,0.6579
1474,1,1453.56,14444.89,0.080288,0.05165441860465112,0.29989,98.3,0.651
1475,1,1454.21,14440.59,0.098495,0.051688953488372054,0.298864,98.2,0.6518
1476,1,1454.87,14436.34,0.10577,0.051723488372092986,0.404002,97.7,0.6553
1477,1,1455.52,14431.98,0.099476,0.05175802325581391,0.275992,99.2,0.6449
1478,1,1456.16,14427.64,0.112473,0.05179255813953484,0.300355,99.0,0.6462
1479,1,1456.82,14423.44,0.076487,0.05182709302325577,0.315794,97.0,0.6598
1480,1,1457.47,14419.11,0.095662,0.0518616279069767,0.238391,99.1,0.6457
1481,1,1458.13,14414.94,0.098414,0.051896162790697635,0.493125,97.5,0.6562
1482,1,1458.78,14410.61,0.083167,0.05193069767441856,0.308927,99.3,0.6445
1483,1,1459.43,14406.33,0.094813,0.05196523255813949,0.401583,98.4,0.6504
1484,1,1460.08,14402.05,0.111974,0.05199976744186042,0.329539,98.6,0.649
1485,1,1460.73,14397.77,0.095548,0.05203430232558135,0.299106,98.9,0.6473
1486,1,1461.39,14393.58,0.116261,0.052068837209302284,0.344506,97.3,0.6575
1487,1,1462.03,14389.29,0.105435,0.052103372093023216,0.24111,99.0,0.6465
1488,1,1462.69,14385.12,0.087425,0.05213790697674415,0.257151,97.1,0.6588
1489,1,1463.34,14380.84,0.088987,0.052172441860465074,0.270418,99.1,0.6457
1490,1,1464.0,14376.66,0.125693,0.052206976744186,0.319606,97.5,0.6565
1491,1,1464.65,14372.44,0.088342,0.05224151162790693,0.253695,98.2,0.6516
1492,1,1465.3,14368.18,0.096138,0.052276046511627865,0.265211,98.9,0.6474
1493,1,1465.95,14363.92,0.081046,0.0523105813953488,0.275136,98.9,0.6469
1494,1,1466.61,14359.78,0.088848,0.05234511627906972,0.22571,97.3,0.658
1495,1,1467.26,14355.59,0.124365,0.052379651162790655,0.370157,98.0,0.6528
1496,1,1467.94,14351.62,0.094498,0.05241418604651158,0.245424,94.9,0.6745
1497,1,1468.59,14347.42,0.089583,0.052448720930232506,0.333404,98.2,0.6514
1498,1,1469.24,14343.26,0.102485,0.05248325581395344,0.31407,97.9,0.6538
1499,1,1469.9,14339.09,0.104229,0.052517790697674364,0.314873,98.0,0.6532
1500,1,1470.56,14335.01,0.109563,0.05255232558139529,0.31398,96.7,0.6621
1501,1,1479.71,14413.59,0.10676,0.05258686046511622,0.326331,95.5,0.67
1502,1,1480.35,14409.27,0.082613,0.052621395348837155,0.270124,99.6,0.6424
1503,1,1480.99,14404.95,0.085453,0.05265593023255809,0.234406,99.7,0.642
1504,1,1481.64,14400.69,0.095923,0.05269046511627901,0.300562,98.8,0.6475
1505,1,1482.29,14396.44,0.081668,0.052724999999999946,0.252268,98.7,0.6484
1506,1,1482.93,14392.14,0.093171,0.05275953488372087,0.284904,99.6,0.6427
1507,1,1483.58,14387.88,0.083376,0.052794069767441804,0.236143,99.0,0.6462
1508,1,1484.23,14383.61,0.091432,0.05282860465116273,0.296365,99.4,0.6441
1509,1,1484.88,14379.39,0.092382,0.05286313953488366,0.322803,98.6,0.6492
1510,1,1485.52,14375.16,0.10082,0.052897674418604594,0.345077,98.8,0.6478
1511,1,1486.17,14370.92,0.092126,0.05293220930232553,0.296204,99.0,0.6467
1512,1,1486.82,14366.69,0.106385,0.05296674418604645,0.417282,99.1,0.6461
1513,1,1487.46,14362.41,0.103697,0.053001279069767385,0.281355,99.8,0.6415
1514,1,1488.1,14358.15,0.081291,0.05303581395348831,0.306794,99.6,0.6425
1515,1,1488.75,14353.88,0.091877,0.05307034883720924,0.256833,99.8,0.641
1516,1,1489.39,14349.62,0.086736,0.053104883720930175,0.309239,99.7,0.6419
1517,1,1490.03,14345.38,0.0856,0.05313941860465111,0.259768,99.6,0.6425
1518,1,1490.68,14341.13,0.079006,0.05317395348837203,0.258685,99.7,0.6419
1519,1,1491.32,14336.94,0.101108,0.053208488372092966,0.296636,98.7,0.6483
1520,1,1491.97,14332.76,0.079683,0.0532430232558139,0.279293,98.8,0.648
1521,1,1492.62,14328.59,0.081943,0.05327755813953483,0.342266,99.3,0.6442
1522,1,1493.26,14324.35,0.084211,0.05331209302325576,0.321279,99.9,0.6409
1523,1,1493.91,14320.12,0.076104,0.05334662790697669,0.223924,99.8,0.6412
1524,1,1494.55,14315.94,0.102533,0.05338116279069762,0.285793,99.2,0.6454
1525,1,1495.2,14311.76,0.085795,0.053415697674418554,0.264477,99.1,0.6455
1526,1,1495.85,14307.62,0.09793,0.053450232558139486,0.285184,98.5,0.6498
1527,1,1496.49,14303.42,0.098117,0.05348476744186041,0.349231,99.6,0.6426
1528,1,1497.14,14299.23,0.107363,0.053519302325581344,0.290501,99.6,0.6423
1529,1,1497.78,14295.03,0.094446,0.05355383720930227,0.466292,99.6,0.6423
1530,1,1498.43,14290.91,0.112297,0.053588372093023195,0.297406,98.6,0.6488
1531,1,1499.07,14286.71,0.082593,0.05362290697674412,0.306215,99.8,0.6411
1532,1,1499.72,14282.54,0.123037,0.053657441860465054,0.414625,99.6,0.6428
1533,1,1500.36,14278.42,0.08039,0.053691976744185986,0.32555,98.8,0.6477
1534,1,1501.01,14274.27,0.097187,0.05372651162790692,0.30813,99.2,0.6452
1535,1,1501.66,14270.14,0.084386,0.05376104651162785,0.243488,99.2,0.6452
1536,1,1502.3,14265.97,0.086283,0.05379558139534878,0.276038,99.7,0.6419
1537,1,1502.94,14261.82,0.087607,0.05383011627906971,0.322561,99.7,0.6421
1538,1,1503.58,14257.66,0.079298,0.05386465116279064,0.245829,99.7,0.6417
1539,1,1504.26,14253.79,0.120645,0.053899186046511574,0.356779,95.2,0.6723
1540,1,1504.92,14249.81,0.079907,0.05393372093023251,0.265604,97.1,0.659
1541,1,1505.61,14246.14,0.109608,0.05396825581395344,0.334654,93.1,0.6871
1542,1,1506.27,14242.14,0.088025,0.05400279069767437,0.308118,97.6,0.6554
1543,1,1506.95,14238.35,0.08205,0.0540373255813953,0.267605,94.3,0.6789
1544,1,1507.6,14234.31,0.084441,0.05407186046511623,0.240369,98.3,0.6514
1545,1,1508.28,14230.51,0.101658,0.05410639534883716,0.300434,94.8,0.6752
1546,1,1508.93,14226.47,0.103004,0.05414093023255809,0.252673,98.4,0.6506
1547,1,1509.75,14224.0,0.073318,0.05417546511627902,0.274552,78.3,0.8171
1548,1,1510.63,14222.22,0.092176,0.054209999999999946,0.266302,72.0,0.8887
1549,1,1511.46,14219.81,0.077054,0.05424453488372088,0.2737,77.8,0.8229
1550,1,1512.34,14217.9,0.085909,0.054279069767441804,0.244711,73.1,0.8753
1551,1,1513.28,14216.68,0.098488,0.05431360465116273,0.602554,67.5,0.9488
1552,1,1514.15,14214.64,0.097536,0.05434813953488366,0.361804,74.3,0.8608
1553,1,1514.81,14210.77,0.079456,0.05438267441860459,0.265094,96.1,0.666
1554,1,1515.62,14208.21,0.106464,0.05441720930232552,0.292383,79.5,0.8055
1555,1,1516.56,14206.92,0.090768,0.054451744186046445,0.362142,68.0,0.9405
1556,1,1517.4,14204.7,0.069626,0.05448627906976738,0.252142,76.0,0.8419
1557,1,1518.28,14202.76,0.076655,0.05452081395348831,0.24496,73.4,0.8714
1558,1,1518.96,14199.04,0.077828,0.05455534883720924,0.231231,94.1,0.6801
1559,1,1519.97,14198.37,0.096165,0.054589883720930175,0.295462,63.5,1.0071
1560,1,1520.76,14195.73,0.07803,0.0546244186046511,0.314252,80.4,0.7956
1561,1,1521.58,14193.25,0.081408,0.054658953488372033,0.302276,79.5,0.805
1562,1,1522.48,14191.58,0.102021,0.05469348837209296,0.279634,71.1,0.8995
1563,1,1523.41,14190.2,0.071481,0.054728023255813885,0.275964,68.8,0.9303
1564,1,1524.37,14189.12,0.110559,0.05476255813953481,0.297904,66.5,0.9619
1565,1,1525.15,14186.33,0.079657,0.054797093023255736,0.276943,82.2,0.7786
1566,1,1525.83,14182.65,0.090022,0.05483162790697666,0.372536,93.7,0.6833
1567,1,1526.6,14179.77,0.121786,0.054866162790697594,0.292754,83.4,0.7677
1568,1,1527.29,14176.14,0.107856,0.054900697674418526,0.358772,93.2,0.6865
1569,1,1528.16,14174.23,0.090487,0.05493523255813945,0.293722,73.3,0.8728
1570,1,1528.98,14171.81,0.132956,0.054969767441860384,0.445429,78.4,0.8166
1571,1,1529.71,14168.58,0.109884,0.05500430232558131,0.330331,87.6,0.7302
1572,1,1530.49,14165.8,0.112822,0.055038837209302235,0.329422,82.4,0.7768
1573,1,1531.22,14162.54,0.113478,0.05507337209302316,0.298553,88.3,0.7244
1574,1,1531.88,14158.71,0.084573,0.05510790697674409,0.336566,96.4,0.6641
1575,1,1532.7,14156.35,0.081552,0.05514244186046502,0.285129,77.9,0.8213
1576,1,1533.39,14152.74,0.10138,0.05517697674418595,0.393751,93.1,0.6871
1577,1,1534.4,14152.13,0.112905,0.055211511627906884,0.31858,63.3,1.0116
1578,1,1535.09,14148.54,0.105486,0.05524604651162781,0.328817,93.1,0.6874
1579,1,1535.86,14145.64,0.082791,0.05528058139534874,0.273268,83.9,0.7626
1580,1,1536.55,14142.05,0.086087,0.05531511627906967,0.302727,93.1,0.6872
1581,1,1537.33,14139.39,0.085921,0.05534965116279059,0.393725,81.7,0.783
1582,1,1538.1,14136.5,0.093534,0.055384186046511526,0.273601,83.9,0.7624
1583,1,1538.82,14133.21,0.085197,0.05541872093023245,0.235861,89.1,0.7184
1584,1,1539.57,14130.19,0.098486,0.055453255813953384,0.296626,85.5,0.7489
1585,1,1540.33,14127.26,0.074916,0.055487790697674316,0.364592,84.5,0.7572
1586,1,1541.01,14123.64,0.096445,0.05552232558139524,0.354468,93.9,0.6814
1587,1,1541.94,14122.32,0.105871,0.055556860465116174,0.311469,68.6,0.933
1588,1,1542.64,14118.83,0.103486,0.05559139534883711,0.269985,92.3,0.6934
1589,1,1543.42,14116.15,0.095806,0.05562593023255803,0.301169,81.7,0.7836
1590,1,1544.12,14112.64,0.090315,0.055660465116278965,0.279572,92.4,0.6926
1591,1,1545.06,14111.46,0.097548,0.0556949999999999,0.292691,67.6,0.9466
1592,1,1545.79,14108.24,0.094857,0.05572953488372083,0.268162,88.4,0.7238
1593,1,1546.6,14105.8,0.104597,0.05576406976744176,0.335987,79.1,0.8089
1594,1,1547.3,14102.36,0.097053,0.05579860465116269,0.337893,91.6,0.6987
1595,1,1548.3,14101.64,0.068792,0.055833139534883613,0.275442,64.2,0.9975
1596,1,1549.03,14098.5,0.101789,0.05586767441860454,0.252557,87.5,0.7312
1597,1,1550.0,14097.54,0.081483,0.05590220930232547,0.299996,65.9,0.971
1598,1,1550.81,14095.08,0.093102,0.0559367441860464,0.352917,79.4,0.8057
1599,1,1551.82,14094.52,0.106791,0.05597127906976732,0.285286,63.1,1.0144
1600,1,1552.53,14091.2,0.082303,0.056005813953488255,0.290318,90.1,0.7103
1601,1,1553.32,14088.53,0.094878,0.05604034883720919,0.300173,86.7,0.738
1602,1,1554.15,14086.31,0.099874,0.05607488372093012,0.333231,77.0,0.8308
1603,1,1554.99,14084.12,0.089733,0.05610941860465105,0.297494,76.7,0.8345
1604,1,1555.83,14082.05,0.072837,0.056143953488371985,0.215529,75.6,0.8469
1605,1,1556.52,14078.53,0.09364,0.05617848837209291,0.309784,93.1,0.6877
1606,1,1557.18,14074.74,0.106278,0.05621302325581384,0.323353,97.5,0.6564
1607,1,1557.85,14071.04,0.07815,0.05624755813953477,0.32876,96.1,0.6662
1608,1,1558.5,14067.2,0.098705,0.056282093023255694,0.294917,98.3,0.651
1609,1,1559.14,14063.3,0.091964,0.05631662790697662,0.31024,99.6,0.6428
1610,1,1559.79,14059.42,0.11298,0.05635116279069755,0.350759,99.1,0.6457
1611,1,1560.43,14055.53,0.074437,0.056385697674418485,0.263943,99.6,0.6427
1612,1,1561.08,14051.67,0.118731,0.05642023255813941,0.302079,98.9,0.6472
1613,1,1561.72,14047.76,0.079655,0.05645476744186034,0.26931,100.0,0.6403
1614,1,1562.37,14043.87,0.120926,0.05648930232558127,0.255916,99.7,0.6422
1615,1,1563.01,14039.99,0.088483,0.0565238372093022,0.270209,99.6,0.6427
1616,1,1563.66,14036.16,0.101667,0.05655837209302313,0.302833,98.8,0.6481
1617,1,1564.31,14032.31,0.093383,0.056592906976744066,0.336609,99.1,0.646
1618,1,1564.96,14028.55,0.105355,0.056627441860465005,0.445846,97.7,0.6548
1619,1,1565.62,14024.82,0.104661,0.05666197674418594,0.39364,97.2,0.6582
1620,1,1566.28,14021.14,0.085718,0.05669651162790687,0.273904,96.7,0.6621
1621,1,1566.96,14017.55,0.095071,0.056731046511627796,0.31124,95.8,0.6679
1622,1,1567.61,14013.82,0.073897,0.05676558139534873,0.268487,97.6,0.6556
1623,1,1568.27,14010.1,0.085806,0.056800116279069654,0.347644,97.3,0.6579
1624,1,1568.94,14006.5,0.09374,0.056834651162790586,0.239012,95.5,0.6699
1625,1,1569.6,14002.77,0.10267,0.05686918604651151,0.379513,97.7,0.6547
1626,1,1570.26,13999.11,0.098683,0.05690372093023245,0.26051,96.4,0.6637
1627,1,1570.98,13995.88,0.075393,0.056938255813953384,0.289548,90.1,0.7103
1628,1,1571.67,13992.5,0.101147,0.05697279069767431,0.298981,94.0,0.681
1629,1,1572.34,13988.92,0.125657,0.05700732558139525,0.324659,95.4,0.6707
1630,1,1573.01,13985.32,0.095144,0.057041860465116175,0.278011,95.9,0.6672
1631,1,1573.67,13981.61,0.09578,0.05707639534883711,0.337486,97.6,0.6554
1632,1,1574.32,13977.87,0.105213,0.05711093023255803,0.33085,98.3,0.6509
1633,1,1574.98,13974.19,0.094474,0.057145465116278965,0.313882,97.3,0.658
1634,1,1575.63,13970.45,0.085925,0.05717999999999989,0.369594,98.4,0.6505
1635,1,1576.28,13966.73,0.110991,0.05721453488372082,0.306276,98.0,0.6528
1636,1,1576.93,13963.0,0.089793,0.057249069767441756,0.283807,98.4,0.6501
1637,1,1577.59,13959.29,0.071994,0.05728360465116269,0.33077,98.1,0.6527
1638,1,1578.24,13955.6,0.109788,0.05731813953488362,0.264009,97.9,0.654
1639,1,1578.91,13952.02,0.089424,0.05735267441860455,0.353416,96.0,0.6666
1640,1,1579.56,13948.27,0.105299,0.05738720930232548,0.34244,98.9,0.6472
1641,1,1580.22,13944.68,0.078051,0.05742174418604641,0.354303,97.2,0.6582
1642,1,1580.88,13940.98,0.082066,0.05745627906976734,0.32571,98.3,0.6513
1643,1,1581.53,13937.27,0.090332,0.05749081395348826,0.233085,98.5,0.6501
1644,1,1582.18,13933.59,0.1117,0.057525348837209195,0.348694,97.9,0.6538
1645,1,1582.83,13929.86,0.075312,0.05755988372093013,0.252257,98.9,0.6469
1646,1,1583.48,13926.19,0.092962,0.05759441860465106,0.353499,98.0,0.6532
1647,1,1584.15,13922.67,0.102231,0.05762895348837199,0.290232,95.6,0.6697
1648,1,1584.8,13918.94,0.102741,0.05766348837209292,0.292114,99.1,0.6458
1649,1,1585.46,13915.31,0.085882,0.05769802325581384,0.336492,97.4,0.6568
1650,1,1586.11,13911.6,0.070967,0.057732558139534776,0.287273,99.0,0.6467
1651,1,1586.76,13907.91,0.066754,0.0577670930232557,0.236943,98.5,0.6497
1652,1,1587.42,13904.32,0.109476,0.057801627906976634,0.3269,96.9,0.6603
1653,1,1588.08,13900.74,0.111932,0.05783616279069756,0.366266,96.9,0.6607
1654,1,1588.74,13897.13,0.094131,0.057870697674418485,0.277854,97.4,0.6571
1655,1,1589.4,13893.53,0.073185,0.05790523255813941,0.246466,97.4,0.6573
1656,1,1590.14,13890.68,0.09978,0.057939767441860336,0.31223,86.1,0.7432
1657,1,1590.83,13887.35,0.078916,0.05797430232558126,0.283856,93.1,0.6877
1658,1,1591.65,13885.18,0.077419,0.058008837209302194,0.285229,78.1,0.8195
1659,1,1592.38,13882.21,0.102241,0.05804337209302313,0.280803,87.8,0.7293
1660,1,1593.29,13880.84,0.102057,0.05807790697674406,0.285098,70.2,0.9113
1661,1,1594.16,13879.08,0.081375,0.058112441860464985,0.259797,74.3,0.8609
1662,1,1594.87,13875.95,0.101077,0.05814697674418591,0.346121,90.2,0.7096
1663,1,1595.55,13872.51,0.10611,0.05818151162790684,0.288918,95.0,0.6736
1664,1,1596.38,13870.46,0.120069,0.058216046511627775,0.294184,76.9,0.8321
1665,1,1597.24,13868.63,0.103162,0.0582505813953487,0.272142,74.6,0.8583
1666,1,1598.08,13866.63,0.083813,0.05828511627906963,0.306119,76.3,0.8386
1667,1,1598.76,13863.31,0.075602,0.058319651162790566,0.233755,93.3,0.6856
1668,1,1599.68,13862.01,0.092276,0.05835418604651149,0.27662,69.8,0.9175
1669,1,1600.38,13858.76,0.081741,0.058388720930232424,0.349648,92.2,0.694
1670,1,1601.2,13856.6,0.089964,0.05842325581395335,0.275394,78.2,0.8183
1671,1,1602.03,13854.55,0.086933,0.058457790697674275,0.309274,77.0,0.8316
1672,1,1602.84,13852.33,0.099207,0.05849232558139521,0.246878,78.8,0.8123
1673,1,1603.6,13849.61,0.067313,0.05852686046511613,0.267302,84.9,0.7534
1674,1,1604.45,13847.74,0.083345,0.058561395348837066,0.242323,75.1,0.8523
1675,1,1605.26,13845.52,0.08392,0.058595930232558,0.324181,78.9,0.8107
1676,1,1606.15,13843.95,0.079215,0.05863046511627893,0.287619,72.2,0.887
1677,1,1607.07,13842.67,0.081482,0.05866499999999986,0.279911,69.6,0.9201
1678,1,1607.83,13839.95,0.10247,0.058699534883720796,0.225583,85.1,0.7517
1679,1,1608.58,13837.24,0.086646,0.05873406976744173,0.359995,84.9,0.7542
1680,1,1609.37,13834.8,0.099293,0.058768604651162654,0.273622,81.5,0.785
1681,1,1610.09,13831.79,0.104211,0.058803139534883586,0.390616,89.7,0.7133
1682,1,1611.03,13830.69,0.085389,0.05883767441860451,0.297856,68.1,0.9394
1683,1,1611.76,13827.77,0.093498,0.058872209302325444,0.253146,87.9,0.7284
1684,1,1612.44,13824.47,0.080809,0.05890674418604638,0.262168,93.8,0.6826
1685,1,1613.16,13821.49,0.105086,0.05894127906976731,0.277725,88.8,0.7207
1686,1,1613.99,13819.42,0.086122,0.05897581395348824,0.27479,77.5,0.8262
1687,1,1614.9,13818.04,0.09961,0.059010348837209174,0.220772,70.5,0.9073
1688,1,1615.77,13816.37,0.083756,0.0590448837209301,0.27754,73.3,0.8726
1689,1,1616.46,13813.1,0.084192,0.059079418604651025,0.33002,93.3,0.6858
1690,1,1617.22,13810.45,0.086485,0.05911395348837196,0.248476,84.5,0.7574
1691,1,1618.03,13808.29,0.081934,0.0591484883720929,0.335688,78.5,0.8153
1692,1,1618.76,13805.42,0.106121,0.05918302325581383,0.306252,87.5,0.7313
1693,1,1619.7,13804.32,0.102933,0.059217558139534755,0.281789,68.1,0.9395
1694,1,1620.46,13801.63,0.086355,0.05925209302325569,0.180254,85.0,0.7526
1695,1,1621.26,13799.39,0.107492,0.05928662790697661,0.279738,79.6,0.8043
1696,1,1622.11,13797.47,0.113054,0.05932116279069754,0.37007,76.0,0.842
1697,1,1622.81,13794.34,0.11471,0.059355697674418464,0.314816,91.5,0.6996
1698,1,1623.73,13793.06,0.113262,0.0593902325581394,0.368759,69.7,0.9176
1699,1,1624.64,13791.79,0.098796,0.05942476744186032,0.317236,69.7,0.9177
1700,1,1625.61,13790.88,0.11043,0.059459302325581255,0.310204,66.6,0.9609
1701,1,1626.43,13788.81,0.124167,0.05949383720930219,0.319959,78.2,0.8189
1702,1,1627.15,13785.86,0.097117,0.05952837209302311,0.385829,89.2,0.7173
1703,1,1628.01,13784.04,0.121462,0.059562906976744046,0.272276,75.0,0.8528
1704,1,1628.83,13781.97,0.105885,0.05959744186046498,0.358673,77.7,0.8235
1705,1,1629.53,13778.81,0.091299,0.05963197674418591,0.267939,92.2,0.6941
1706,1,1630.22,13775.68,0.09033,0.05966651162790684,0.260524,91.7,0.6978
1707,1,1631.02,13773.38,0.111502,0.059701046511627776,0.30677,80.5,0.7949
1708,1,1632.27,13774.88,0.074956,0.05973558139534871,0.268612,51.4,1.2458
1709,1,1633.2,13773.75,0.096606,0.05977011627906964,0.260644,68.5,0.9344
1710,1,1633.96,13771.16,0.110044,0.05980465116279057,0.351506,84.2,0.7605
1711,1,1634.65,13767.91,0.094924,0.0598391860465115,0.28011,93.9,0.6815
1712,1,1635.61,13767.02,0.095658,0.05987372093023244,0.344132,66.5,0.9624
1713,1,1636.65,13766.74,0.080371,0.05990825581395338,0.259935,61.9,1.0345
1714,1,1637.51,13765.01,0.096342,0.05994279069767431,0.350828,74.2,0.862
1715,1,1638.57,13764.95,0.105461,0.059977325581395236,0.286033,60.3,1.0607
1716,1,1639.3,13762.12,0.090203,0.06001186046511616,0.291225,87.5,0.7318
1717,1,1640.07,13759.58,0.109136,0.060046395348837094,0.293902,83.7,0.7647
1718,1,1640.78,13756.61,0.083659,0.060080930232558026,0.27662,89.7,0.7135
1719,1,1641.54,13754.03,0.106336,0.06011546511627895,0.364517,84.2,0.7604
1720,1,1642.34,13751.74,0.098505,0.06014999999999988,0.2975,80.5,0.795
1721,1,1643.13,13749.38,0.088023,0.0601845348837208,0.289939,81.9,0.7815
1722,1,1643.86,13746.6,0.103933,0.06021906976744173,0.38042,87.0,0.7357
1723,1,1644.54,13743.33,0.092715,0.060253604651162654,0.290684,94.7,0.6762
1724,1,1645.45,13741.96,0.094641,0.060288139534883586,0.349288,71.0,0.9014
1725,1,1646.11,13738.56,0.077681,0.060322674418604526,0.235899,96.9,0.6603
1726,1,1646.78,13735.24,0.088279,0.06035720930232545,0.293112,95.5,0.6705
1727,1,1647.43,13731.74,0.09341,0.060391744186046384,0.293486,98.9,0.6472
1728,1,1648.07,13728.22,0.076956,0.060426279069767316,0.281271,99.2,0.6452
1729,1,1648.73,13724.83,0.109816,0.06046081395348825,0.265031,97.0,0.6599
1730,1,1649.4,13721.49,0.097992,0.06049534883720918,0.298818,96.2,0.6653
1731,1,1650.05,13717.97,0.097888,0.060529883720930114,0.37005,99.4,0.6437
1732,1,1650.71,13714.58,0.109037,0.060564418604651046,0.318816,97.1,0.6594
1733,1,1651.36,13711.12,0.095698,0.060598953488371986,0.278463,98.3,0.6507
1734,1,1652.01,13707.68,0.091415,0.06063348837209291,0.357201,98.3,0.6509
1735,1,1652.67,13704.27,0.096786,0.06066802325581384,0.2752,97.7,0.6553
1736,1,1653.31,13700.79,0.11729,0.06070255813953477,0.332366,98.9,0.6468
1737,1,1653.97,13697.37,0.089309,0.0607370930232557,0.311062,97.9,0.6536
1738,1,1654.62,13693.89,0.08049,0.06077162790697663,0.243051,99.0,0.6464
1739,1,1655.28,13690.57,0.097756,0.06080616279069755,0.301095,96.4,0.6639
1740,1,1655.94,13687.16,0.111077,0.060840697674418485,0.281197,97.9,0.6535
1741,1,1656.6,13683.8,0.097197,0.06087523255813941,0.323769,97.9,0.654
1742,1,1657.26,13680.5,0.087099,0.060909767441860344,0.26861,96.1,0.6662
1743,1,1657.92,13677.13,0.100041,0.060944302325581276,0.30847,97.4,0.6573
1744,1,1658.58,13673.76,0.120958,0.0609788372093022,0.359632,97.5,0.6563
1745,1,1659.23,13670.33,0.099657,0.06101337209302313,0.290665,98.5,0.6498
1746,1,1659.88,13666.91,0.093348,0.06104790697674406,0.306783,98.6,0.6492
1747,1,1660.55,13663.64,0.099617,0.06108244186046499,0.353772,95.9,0.6674
1748,1,1661.2,13660.25,0.094305,0.061116976744185925,0.229103,97.9,0.6535
1749,1,1661.87,13656.99,0.113316,0.06115151162790685,0.336944,95.8,0.668
1750,1,1662.53,13653.61,0.107293,0.06118604651162778,0.312708,98.0,0.6532
1751,1,1663.18,13650.25,0.09654,0.06122058139534871,0.330122,97.6,0.6557
1752,1,1663.84,13646.88,0.102972,0.06125511627906964,0.271295,97.9,0.6535
1753,1,1664.49,13643.47,0.114665,0.061289651162790566,0.253506,98.7,0.6482
1754,1,1665.17,13640.33,0.089427,0.06132418604651149,0.221993,94.0,0.6812
1755,1,1665.84,13637.11,0.079166,0.061358720930232424,0.249766,95.4,0.6707
1756,1,1666.49,13633.71,0.089122,0.06139325581395335,0.274971,98.6,0.6491
1757,1,1667.15,13630.41,0.086462,0.06142779069767428,0.31862,96.9,0.6607
1758,1,1667.8,13627.0,0.100514,0.061462325581395215,0.325357,99.0,0.6463
1759,1,1668.45,13623.63,0.091251,0.06149686046511614,0.246568,98.3,0.6509
1760,1,1669.1,13620.27,0.089481,0.06153139534883708,0.33028,98.0,0.653
1761,1,1669.78,13617.1,0.097006,0.06156593023255801,0.289106,96.0,0.6669
1762,1,1670.44,13613.78,0.108662,0.06160046511627894,0.308552,97.4,0.657
1763,1,1671.13,13610.77,0.080261,0.06163499999999988,0.339103,92.2,0.6941
1764,1,1672.0,13609.2,0.075929,0.0616695348837208,0.290185,73.5,0.8703
1765,1,1672.76,13606.67,0.092659,0.061704069767441735,0.281137,85.1,0.7523
1766,1,1673.44,13603.55,0.109684,0.061738604651162675,0.325235,94.2,0.6795
1767,1,1674.14,13600.58,0.087262,0.06177313953488361,0.351573,91.8,0.6969
1768,1,1674.79,13597.28,0.134816,0.06180767441860453,0.327012,97.5,0.6567
1769,1,1675.44,13593.92,0.080018,0.06184220930232546,0.316952,98.5,0.6498
1770,1,1676.1,13590.61,0.108252,0.061876744186046384,0.349525,97.9,0.654
1771,1,1676.76,13587.32,0.106968,0.06191127906976731,0.304161,97.4,0.6572
1772,1,1677.41,13583.99,0.091189,0.061945813953488235,0.25957,98.2,0.6518
1773,1,1678.13,13581.25,0.070477,0.06198034883720917,0.285561,88.5,0.7235
1774,1,1678.8,13578.04,0.120798,0.0620148837209301,0.27611,96.1,0.6661
1775,1,1679.49,13575.03,0.113085,0.062049418604651026,0.253584,92.7,0.6902
1776,1,1680.26,13572.62,0.094813,0.06208395348837195,0.336281,83.8,0.7637
1777,1,1680.97,13569.82,0.114096,0.062118488372092884,0.327318,89.5,0.7151
1778,1,1681.76,13567.62,0.080299,0.062153023255813816,0.258485,81.3,0.7875
1779,1,1682.75,13566.97,0.084123,0.06218755813953474,0.28237,65.2,0.9812
1780,1,1683.66,13565.76,0.112364,0.06222209302325567,0.293819,70.1,0.9127
1781,1,1684.38,13563.02,0.095758,0.0622566279069766,0.296086,89.5,0.7151
1782,1,1685.07,13559.98,0.087861,0.062291162790697525,0.285499,93.5,0.6844
1783,1,1685.82,13557.44,0.097458,0.06232569767441846,0.300697,85.8,0.7457
1784,1,1686.73,13556.22,0.104002,0.062360232558139383,0.285396,70.3,0.9109
1785,1,1687.41,13553.2,0.129623,0.062394767441860316,0.337612,93.2,0.6864
1786,1,1688.3,13551.77,0.070735,0.062429302325581255,0.299816,72.3,0.8846
1787,1,1689.02,13549.06,0.092899,0.06246383720930219,0.295229,88.5,0.7232
1788,1,1689.93,13547.82,0.095959,0.062498372093023113,0.227321,70.5,0.9084
1789,1,1690.61,13544.7,0.128113,0.06253290697674405,0.401488,95.1,0.6727
1790,1,1691.33,13541.95,0.101634,0.06256744186046498,0.361988,89.1,0.7185
1791,1,1692.15,13540.01,0.094904,0.06260197674418591,0.256378,78.2,0.8184
1792,1,1693.29,13540.62,0.100755,0.06263651162790684,0.30377,56.3,1.1378
1793,1,1694.18,13539.29,0.101281,0.06267104651162776,0.394274,71.5,0.8957
1794,1,1695.02,13537.51,0.079922,0.06270558139534868,0.242266,76.2,0.8398
1795,1,1695.74,13534.75,0.091706,0.06274011627906961,0.260653,89.3,0.7164
1796,1,1696.55,13532.75,0.115719,0.06277465116279055,0.357017,78.9,0.8114
1797,1,1697.46,13531.48,0.114927,0.06280918604651148,0.30927,71.0,0.9018
1798,1,1698.45,13530.93,0.086156,0.06284372093023241,0.308273,64.4,0.994
1799,1,1699.27,13528.96,0.085642,0.06287825581395334,0.347121,78.6,0.8138
1800,1,1700.11,13527.24,0.130906,0.06291279069767428,0.342083,75.6,0.847
1801,1,1776.65,14127.4,0.093764,0.06294732558139521,0.283974,99.2,0.6454
1802,1,1777.3,14123.7,0.08575,0.06298186046511613,0.329842,99.4,0.644
1803,1,1777.95,14120.02,0.10234,0.06301639534883706,0.372788,99.0,0.6463
1804,1,1778.63,14116.64,0.086381,0.06305093023255799,0.248987,93.7,0.6831
1805,1,1779.28,14113.0,0.093667,0.06308546511627892,0.285616,98.3,0.6508
1806,1,1779.93,14109.33,0.102737,0.06311999999999984,0.272918,99.1,0.6457
1807,1,1780.57,14105.65,0.090072,0.06315453488372078,0.344882,99.2,0.6452
1808,1,1781.22,14101.96,0.081691,0.06318906976744171,0.250745,99.7,0.642
1809,1,1781.86,14098.28,0.109062,0.06322360465116264,0.29738,99.5,0.6435
1810,1,1782.59,14095.26,0.09326,0.06325813953488356,0.271384,88.0,0.7274
1811,1,1783.25,14091.73,0.087489,0.06329267441860449,0.258359,96.9,0.6605
1812,1,1784.11,14089.74,0.091193,0.06332720930232541,0.276504,74.7,0.8567
1813,1,1784.8,14086.42,0.077803,0.06336174418604634,0.33409,93.1,0.6874
1814,1,1785.48,14083.09,0.08469,0.06339627906976728,0.264085,93.4,0.6855
1815,1,1786.2,14079.95,0.082099,0.06343081395348821,0.266589,90.0,0.7107
1816,1,1787.03,14077.8,0.098114,0.06346534883720914,0.283531,76.7,0.8345
1817,1,1787.76,14074.81,0.110582,0.06349988372093006,0.33302,87.8,0.729
1818,1,1788.57,14072.42,0.09313,0.06353441860465099,0.224153,79.6,0.8038
1819,1,1789.27,14069.22,0.081841,0.06356895348837192,0.251332,91.4,0.7006
1820,1,1790.11,14067.09,0.073127,0.06360348837209286,0.278884,76.5,0.8371
1821,1,1790.78,14063.64,0.094673,0.06363802325581379,0.283997,96.3,0.6643
1822,1,1791.43,14060.08,0.078639,0.06367255813953472,0.33594,97.9,0.6536
1823,1,1792.09,14056.53,0.087893,0.06370709302325565,0.272965,97.8,0.6546
1824,1,1792.76,14053.12,0.102185,0.06374162790697659,0.279058,95.0,0.6735
1825,1,1793.42,14049.59,0.073885,0.06377616279069752,0.236365,97.6,0.6559
1826,1,1794.07,14046.0,0.095159,0.06381069767441845,0.287776,98.6,0.6491
1827,1,1794.72,14042.46,0.092822,0.06384523255813938,0.248898,97.8,0.6547
1828,1,1795.39,14038.99,0.107205,0.0638797674418603,0.29309,96.4,0.664
1829,1,1796.05,14035.48,0.108342,0.06391430232558123,0.329739,97.4,0.6573
1830,1,1796.7,14031.97,0.091032,0.06394883720930217,0.28816,97.4,0.657
1831,1,1797.35,14028.4,0.143679,0.0639833720930231,0.398866,98.5,0.6496
1832,1,1798.01,14024.88,0.09167,0.06401790697674402,0.279325,97.6,0.6554
1833,1,1798.66,14021.33,0.089003,0.06405244186046495,0.329448,98.3,0.6511
1834,1,1799.32,14017.83,0.110076,0.06408697674418587,0.415007,97.3,0.6576
1835,1,1799.98,14014.36,0.080637,0.0641215116279068,0.247427,97.0,0.6598
1836,1,1800.65,14010.9,0.096557,0.06415604651162773,0.432101,96.7,0.662
1837,1,1801.31,14007.46,0.074182,0.06419058139534867,0.237624,96.6,0.6625
1838,1,1801.97,14003.96,0.094569,0.0642251162790696,0.334593,97.5,0.6564
1839,1,1802.63,14000.51,0.086404,0.06425965116279053,0.288006,96.9,0.6605
1840,1,1803.29,13997.02,0.109236,0.06429418604651146,0.4435,97.4,0.6569
1841,1,1803.96,13993.68,0.092788,0.06432872093023238,0.342342,95.7,0.6686
1842,1,1804.62,13990.19,0.060186,0.06436325581395332,0.224431,97.7,0.6551
1843,1,1805.28,13986.77,0.093501,0.06439779069767425,0.309597,96.3,0.6643
1844,1,1805.95,13983.42,0.117332,0.06443232558139518,0.30409,95.3,0.6718
1845,1,1806.61,13979.95,0.084396,0.06446686046511611,0.244066,97.3,0.6575
1846,1,1807.29,13976.61,0.099938,0.06450139534883705,0.336454,95.2,0.6723
1847,1,1807.96,13973.28,0.088603,0.06453593023255798,0.26428,94.9,0.6746
1848,1,1808.63,13969.88,0.077714,0.0645704651162789,0.275816,96.4,0.6637
1849,1,1809.3,13966.54,0.091016,0.06460499999999982,0.299391,95.2,0.6721
1850,1,1809.96,13963.07,0.07972,0.06463953488372075,0.31831,97.7,0.655
1851,1,1810.61,13959.62,0.102008,0.06467406976744168,0.32857,97.5,0.6562
1852,1,1811.27,13956.15,0.085723,0.06470860465116261,0.259034,98.0,0.6531
1853,1,1811.93,13952.72,0.091271,0.06474313953488355,0.296564,97.0,0.6597
1854,1,1812.6,13949.4,0.112649,0.06477767441860448,0.334479,95.2,0.6725
1855,1,1813.47,13947.58,0.083928,0.06481220930232541,0.321781,73.9,0.8666
1856,1,1814.21,13944.77,0.100879,0.06484674418604634,0.235647,86.7,0.738
1857,1,1815.12,13943.28,0.070193,0.06488127906976728,0.283809,70.4,0.9094
1858,1,1815.87,13940.54,0.085491,0.06491581395348821,0.250157,85.6,0.7477
1859,1,1816.55,13937.28,0.069988,0.06495034883720913,0.248939,94.2,0.6791
1860,1,1817.52,13936.27,0.094851,0.06498488372093006,0.346841,65.9,0.9716
1861,1,1818.22,13933.19,0.107827,0.06501941860465099,0.294706,91.8,0.6968
1862,1,1819.11,13931.49,0.099981,0.06505395348837192,0.328105,72.5,0.8826
1863,1,1819.77,13928.16,0.110133,0.06508848837209286,0.307181,95.8,0.6681
1864,1,1820.61,13926.11,0.078174,0.06512302325581379,0.235371,76.6,0.836
1865,1,1821.29,13922.86,0.106684,0.06515755813953472,0.314334,94.4,0.6783
1866,1,1822.01,13919.92,0.073175,0.06519209302325565,0.363824,89.1,0.7184
1867,1,1823.15,13920.18,0.079506,0.06522662790697657,0.293639,56.3,1.1367
1868,1,1824.08,13918.87,0.102155,0.0652611627906975,0.263676,68.6,0.9326
1869,1,1825.0,13917.48,0.098731,0.06529569767441844,0.291225,69.5,0.9206
1870,1,1825.72,13914.56,0.064696,0.06533023255813937,0.217712,88.8,0.7206
1871,1,1826.68,13913.46,0.072847,0.0653647674418603,0.255112,66.8,0.9584
1872,1,1827.41,13910.55,0.102682,0.06539930232558124,0.316296,88.7,0.7213
1873,1,1828.25,13908.55,0.084962,0.06543383720930215,0.301687,76.1,0.8413
1874,1,1829.13,13906.87,0.096862,0.06546837209302309,0.244608,72.6,0.8821
1875,1,1829.79,13903.44,0.103274,0.065502906976744,0.297807,98.0,0.6528
1876,1,1830.44,13899.99,0.109112,0.06553744186046492,0.300756,98.7,0.6483
1877,1,1831.09,13896.6,0.095335,0.06557197674418584,0.245738,97.5,0.6566
1878,1,1831.75,13893.17,0.095464,0.06560651162790677,0.259208,98.3,0.6513
1879,1,1832.4,13889.79,0.106759,0.06564104651162771,0.237247,97.4,0.6569
1880,1,1833.06,13886.41,0.094975,0.06567558139534864,0.275587,97.4,0.6569
1881,1,1833.73,13883.1,0.105822,0.06571011627906957,0.342465,97.1,0.6593
1882,1,1834.38,13879.71,0.089725,0.0657446511627905,0.274647,97.7,0.6551
1883,1,1835.03,13876.27,0.106014,0.06577918604651144,0.235312,98.7,0.6481
1884,1,1835.69,13872.93,0.113731,0.06581372093023237,0.264306,97.0,0.6601
1885,1,1836.34,13869.52,0.108196,0.0658482558139533,0.33658,98.2,0.6515
1886,1,1837.0,13866.11,0.096205,0.06588279069767423,0.291494,98.3,0.6511
1887,1,1837.65,13862.71,0.09381,0.06591732558139515,0.269323,98.3,0.6511
1888,1,1838.3,13859.29,0.103266,0.06595186046511609,0.33166,98.6,0.6491
1889,1,1838.95,13855.91,0.102535,0.06598639534883702,0.2912,98.1,0.6527
1890,1,1839.61,13852.56,0.099469,0.06602093023255794,0.265336,97.3,0.6578
1891,1,1840.26,13849.15,0.098347,0.06605546511627887,0.274109,98.7,0.6482
1892,1,1840.92,13845.84,0.100168,0.0660899999999998,0.261922,96.8,0.6614
1893,1,1841.59,13842.54,0.089259,0.06612453488372072,0.27122,96.6,0.6623
1894,1,1842.24,13839.14,0.093041,0.06615906976744164,0.283585,98.6,0.649
1895,1,1842.88,13835.73,0.092145,0.06619360465116257,0.353967,98.9,0.6471
1896,1,1843.53,13832.28,0.091834,0.0662281395348835,0.267081,99.6,0.6423
1897,1,1844.17,13828.88,0.103189,0.06626267441860444,0.344148,99.0,0.6465
1898,1,1844.82,13825.44,0.094147,0.06629720930232537,0.378315,99.6,0.6425
1899,1,1845.46,13822.01,0.100426,0.06633174418604629,0.312662,99.5,0.643
1900,1,1846.1,13818.57,0.119352,0.06636627906976722,0.342967,99.7,0.6416
1901,1,1846.75,13815.19,0.089415,0.06640081395348814,0.27725,99.4,0.644
1902,1,1847.4,13811.78,0.082181,0.06643534883720907,0.245196,99.3,0.6446
1903,1,1848.04,13808.36,0.100207,0.06646988372093,0.282815,99.6,0.6427
1904,1,1848.68,13804.94,0.092899,0.06650441860465092,0.304543,99.7,0.6422
1905,1,1849.33,13801.52,0.083637,0.06653895348837185,0.304019,99.6,0.6425
1906,1,1849.97,13798.13,0.081931,0.06657348837209277,0.363786,99.1,0.6457
1907,1,1850.63,13794.8,0.097213,0.0666080232558137,0.323455,98.1,0.6524
1908,1,1851.28,13791.47,0.091226,0.06664255813953464,0.297827,97.9,0.6534
1909,1,1851.93,13788.12,0.088355,0.06667709302325557,0.257303,98.6,0.6493
1910,1,1852.58,13784.72,0.093034,0.0667116279069765,0.370518,99.6,0.6428
1911,1,1853.22,13781.32,0.080489,0.06674616279069742,0.265979,99.7,0.6421
1912,1,1853.86,13777.92,0.107483,0.06678069767441835,0.345426,99.5,0.6431
1913,1,1854.51,13774.54,0.103128,0.06681523255813929,0.247603,99.4,0.6437
1914,1,1855.15,13771.16,0.095422,0.06684976744186022,0.268109,99.4,0.6437
1915,1,1855.79,13767.76,0.101497,0.06688430232558115,0.261087,99.8,0.6415
1916,1,1856.44,13764.38,0.088568,0.06691883720930208,0.292261,99.5,0.6431
1917,1,1857.09,13761.04,0.095014,0.066953372093023,0.244951,98.9,0.6473
1918,1,1857.73,13757.66,0.111166,0.06698790697674394,0.299885,99.7,0.6422
1919,1,1858.38,13754.31,0.110024,0.06702244186046487,0.299047,99.0,0.6466
1920,1,1859.02,13750.94,0.10363,0.0670569767441858,0.345613,99.7,0.642
1921,1,1859.67,13747.62,0.092965,0.06709151162790673,0.27445,99.2,0.6449
1922,1,1860.33,13744.35,0.105546,0.06712604651162767,0.378449,97.6,0.6559
1923,1,1861.04,13741.53,0.100371,0.06716058139534858,0.378213,89.4,0.7159
1924,1,1861.7,13738.28,0.073045,0.0671951162790695,0.231123,97.4,0.657
1925,1,1862.36,13735.04,0.116134,0.06722965116279042,0.368051,97.1,0.6593
1926,1,1863.1,13732.36,0.118016,0.06726418604651134,0.402541,87.2,0.7343
1927,1,1864.08,13731.5,0.095662,0.06729872093023227,0.329588,65.3,0.9802
1928,1,1864.89,13729.37,0.087719,0.0673332558139532,0.277102,79.2,0.8079
1929,1,1865.84,13728.29,0.102832,0.06736779069767414,0.288009,67.3,0.9513
1930,1,1866.51,13725.11,0.090204,0.06740232558139507,0.288585,96.3,0.6648
1931,1,1867.17,13721.92,0.068001,0.067436860465116,0.23835,96.4,0.6642
1932,1,1867.86,13718.88,0.083587,0.06747139534883694,0.369497,93.6,0.6834
1933,1,1868.65,13716.65,0.100978,0.06750593023255787,0.31076,80.6,0.7942
1934,1,1869.67,13716.07,0.090123,0.0675404651162788,0.301816,62.9,1.0182
1935,1,1870.71,13715.63,0.096314,0.06757499999999973,0.301576,61.7,1.0372
1936,1,1871.45,13713.03,0.08941,0.06760953488372066,0.300766,86.1,0.7431
1937,1,1872.32,13711.37,0.076915,0.0676440697674416,0.321723,73.5,0.871
1938,1,1873.01,13708.37,0.073465,0.06767860465116253,0.244073,93.2,0.687
1939,1,1874.08,13708.11,0.119303,0.06771313953488346,0.280497,60.2,1.0625
1940,1,1875.05,13707.19,0.107215,0.06774767441860438,0.31676,65.9,0.9709
1941,1,1876.01,13706.19,0.115824,0.06778220930232531,0.309428,67.0,0.9548
1942,1,1876.89,13704.58,0.078163,0.06781674418604625,0.258778,72.9,0.8779
1943,1,1877.55,13701.42,0.10284,0.06785127906976718,0.220574,96.4,0.6642
1944,1,1878.43,13699.81,0.094433,0.0678858139534881,0.370214,72.9,0.8783
1945,1,1879.24,13697.71,0.093233,0.06792034883720903,0.251692,79.1,0.8091
1946,1,1880.25,13697.02,0.112906,0.06795488372092996,0.346601,63.8,1.0026
1947,1,1881.02,13694.61,0.063885,0.0679894186046509,0.221444,83.4,0.7671
1948,1,1881.7,13691.58,0.095629,0.06802395348837181,0.310193,93.8,0.6821
1949,1,1882.37,13688.46,0.096506,0.06805848837209275,0.337651,95.8,0.6678
1950,1,1883.27,13687.03,0.110021,0.06809302325581368,0.300225,71.0,0.901
1951,1,1884.1,13685.05,0.096692,0.06812755813953461,0.295668,77.6,0.8252
1952,1,1884.97,13683.39,0.101197,0.06816209302325554,0.25812,73.7,0.8686
1953,1,1885.72,13680.85,0.105789,0.06819662790697648,0.286538,85.6,0.7475
1954,1,1886.53,13678.82,0.087913,0.06823116279069741,0.237352,78.3,0.8176
1955,1,1887.34,13676.7,0.093179,0.06826569767441833,0.302276,79.5,0.8052
1956,1,1888.11,13674.34,0.111155,0.06830023255813926,0.354747,82.8,0.7725
1957,1,1888.97,13672.59,0.07623,0.06833476744186019,0.250134,74.8,0.8558
1958,1,1889.85,13671.01,0.103063,0.06836930232558112,0.352617,72.8,0.8797
1959,1,1890.75,13669.57,0.09232,0.06840383720930206,0.222105,71.3,0.8979
1960,1,1891.55,13667.38,0.072975,0.06843837209302299,0.27497,80.5,0.7954
1961,1,1892.38,13665.5,0.099018,0.06847290697674392,0.366387,76.9,0.8326
1962,1,1893.14,13663.01,0.077581,0.06850744186046485,0.274395,84.9,0.7539
1963,1,1893.92,13660.76,0.087786,0.06854197674418579,0.309159,81.4,0.786
1964,1,1894.7,13658.45,0.11416,0.06857651162790672,0.317153,82.3,0.7774
1965,1,1895.41,13655.62,0.083239,0.06861104651162765,0.29647,91.0,0.7033
1966,1,1896.25,13653.79,0.109285,0.06864558139534857,0.35969,75.9,0.8436
1967,1,1897.03,13651.46,0.119082,0.06868011627906949,0.31439,82.8,0.7729
1968,1,1897.73,13648.58,0.103012,0.06871465116279042,0.317686,91.7,0.6976
1969,1,1898.67,13647.51,0.088929,0.06874918604651135,0.31646,67.5,0.9485
1970,1,1899.4,13644.82,0.093902,0.06878372093023229,0.303269,88.5,0.7229
1971,1,1900.21,13642.74,0.099751,0.0688182558139532,0.365009,79.2,0.8081
1972,1,1901.15,13641.65,0.112043,0.06885279069767414,0.267983,67.7,0.9455
1973,1,1902.04,13640.09,0.083449,0.06888732558139506,0.288826,72.7,0.8805
1974,1,1902.83,13637.9,0.088849,0.06892186046511599,0.258997,80.9,0.7916
1975,1,1903.52,13635.0,0.078526,0.06895639534883692,0.29158,92.4,0.6926
1976,1,1904.25,13632.36,0.105168,0.06899093023255785,0.323362,87.8,0.7293
1977,1,1905.04,13630.13,0.067966,0.06902546511627879,0.263141,81.7,0.7835
1978,1,1905.87,13628.19,0.115437,0.06905999999999972,0.356499,77.3,0.8276
1979,1,1906.68,13626.19,0.075483,0.06909453488372064,0.341476,78.3,0.8175
1980,1,1907.51,13624.24,0.105349,0.06912906976744157,0.344326,77.7,0.8242
1981,1,1908.29,13622.0,0.100021,0.06916360465116249,0.299616,82.2,0.7783
1982,1,1909.04,13619.52,0.100976,0.06919813953488342,0.247891,85.3,0.7505
1983,1,1909.76,13616.76,0.098531,0.06923267441860434,0.254611,90.2,0.7093
1984,1,1910.72,13615.78,0.09887,0.06926720930232526,0.247301,66.6,0.9606
1985,1,1911.63,13614.47,0.10831,0.06930174418604618,0.329503,70.1,0.9133
1986,1,1912.47,13612.65,0.096602,0.06933627906976711,0.238552,76.1,0.8413
1987,1,1913.33,13610.95,0.100845,0.06937081395348804,0.363369,74.6,0.8584
1988,1,1914.04,13608.14,0.099886,0.06940534883720897,0.30591,91.1,0.7023
1989,1,1914.85,13606.12,0.078873,0.0694398837209299,0.301465,78.7,0.8133
1990,1,1915.67,13604.14,0.108523,0.06947441860465083,0.249164,78.2,0.818
1991,1,1916.55,13602.63,0.104601,0.06950895348837176,0.279596,72.4,0.8843
1992,1,1917.21,13599.49,0.114359,0.06954348837209269,0.254816,97.7,0.6552
1993,1,1917.86,13596.33,0.114782,0.06957802325581362,0.273098,98.2,0.6517
1994,1,1918.53,13593.29,0.093897,0.06961255813953456,0.266426,95.9,0.6675
1995,1,1919.18,13590.11,0.080649,0.06964709302325547,0.237085,98.7,0.6486
1996,1,1919.83,13586.93,0.090232,0.06968162790697639,0.252506,98.8,0.6476
1997,1,1920.48,13583.74,0.11781,0.06971616279069731,0.401141,99.2,0.6455
1998,1,1921.15,13580.71,0.100488,0.06975069767441823,0.355796,95.6,0.6692
1999,1,1921.8,13577.55,0.097734,0.06978523255813916,0.332938,98.5,0.6495
2000,1,1922.46,13574.49,0.096686,0.0698197674418601,0.358669,96.6,0.6628
2001,1,1923.18,13571.81,0.084765,0.06985430232558103,0.316637,95.0,0.674
2002,1,1923.83,13568.69,0.098161,0.06988883720930196,0.364691,97.8,0.6542
2003,1,1924.49,13565.62,0.091251,0.06992337209302288,0.341823,96.7,0.6616
2004,1,1925.17,13562.68,0.071582,0.06995790697674381,0.369733,94.4,0.6781
2005,1,1925.83,13559.59,0.106697,0.06999244186046474,0.27832,97.3,0.6576
2006,1,1926.5,13556.55,0.06777,0.07002697674418568,0.280434,96.3,0.6645
2007,1,1927.16,13553.51,0.115421,0.0700615116279066,0.313507,96.4,0.6642
2008,1,1927.81,13550.36,0.092385,0.07009604651162753,0.321031,98.9,0.6468
2009,1,1928.46,13547.22,0.1082,0.07013058139534846,0.304919,98.6,0.6494
2010,1,1929.11,13544.1,0.081357,0.07016511627906939,0.391231,98.1,0.6522
2011,1,1929.77,13541.04,0.080932,0.07019965116279031,0.265278,97.1,0.6591
2012,1,1930.42,13537.92,0.086576,0.07023418604651124,0.269897,98.4,0.6503
2013,1,1931.08,13534.85,0.082386,0.07026872093023218,0.308939,97.4,0.6574
2014,1,1931.74,13531.76,0.103132,0.07030325581395311,0.285438,97.9,0.6539
2015,1,1933.19,13534.26,0.092855,0.07033779069767404,0.294693,44.0,1.4531
2016,1,1933.84,13531.11,0.105077,0.07037232558139497,0.292607,99.1,0.6457
2017,1,1934.48,13527.97,0.086299,0.07040686046511589,0.303729,99.2,0.6454
2018,1,1935.14,13524.85,0.084214,0.07044139534883682,0.353161,98.5,0.6496
2019,1,1935.79,13521.79,0.105435,0.07047593023255776,0.323009,97.5,0.6567
2020,1,1936.45,13518.69,0.089427,0.07051046511627869,0.248883,98.3,0.6508
2021,1,1937.12,13515.76,0.103553,0.07054499999999962,0.441217,95.3,0.6713
2022,1,1937.78,13512.72,0.097747,0.07057953488372055,0.351512,97.2,0.6585
2023,1,1938.43,13509.57,0.111136,0.07061406976744149,0.251849,99.6,0.6428
2024,1,1939.07,13506.43,0.101598,0.0706486046511624,0.330092,99.2,0.6449
2025,1,1939.71,13503.29,0.090262,0.07068313953488334,0.248071,99.5,0.6431
2026,1,1940.36,13500.15,0.097859,0.07071767441860427,0.292504,99.5,0.6434
2027,1,1941.01,13497.05,0.093916,0.0707522093023252,0.239588,98.7,0.6487
2028,1,1941.65,13493.9,0.085594,0.07078674418604614,0.31209,99.7,0.6422
2029,1,1942.3,13490.78,0.0957,0.07082127906976707,0.274051,99.3,0.6447
2030,1,1942.94,13487.65,0.1014,0.07085581395348799,0.348027,99.5,0.6431
2031,1,1943.58,13484.51,0.126468,0.07089034883720892,0.310477,99.6,0.6426
2032,1,1944.24,13481.45,0.097559,0.07092488372092985,0.238563,98.1,0.6527
2033,1,1944.88,13478.31,0.089539,0.07095941860465077,0.335775,99.8,0.6411
2034,1,1945.52,13475.18,0.096768,0.0709939534883717,0.378918,99.7,0.6417
2035,1,1946.16,13472.05,0.094487,0.07102848837209264,0.400194,99.7,0.6418
2036,1,1946.81,13468.92,0.107609,0.07106302325581355,0.320053,99.8,0.6416
2037,1,1947.46,13465.86,0.107402,0.07109755813953447,0.357661,98.3,0.6509
2038,1,1948.17,13463.24,0.081928,0.0711320930232554,0.263275,89.6,0.7145
2039,1,1948.85,13460.35,0.075824,0.07116662790697634,0.286944,94.7,0.6755
2040,1,1949.67,13458.43,0.112404,0.07120116279069727,0.353826,78.6,0.8148
2041,1,1950.54,13456.88,0.116555,0.0712356976744182,0.331162,74.1,0.8636
2042,1,1951.2,13453.93,0.119698,0.07127023255813913,0.417736,96.2,0.6655
2043,1,1951.93,13451.4,0.10101,0.07130476744186007,0.409594,88.1,0.7263
2044,1,1952.72,13449.33,0.108646,0.071339302325581,0.255895,80.7,0.793
2045,1,1953.58,13447.7,0.125534,0.07137383720930193,0.417275,74.7,0.8568
2046,1,1954.3,13445.14,0.101883,0.07140837209302286,0.306657,88.7,0.7214
2047,1,1955.25,13444.15,0.095051,0.07144290697674378,0.285723,67.4,0.949
2048,1,1955.92,13441.22,0.085664,0.0714774418604647,0.304605,96.1,0.6658
2049,1,1956.58,13438.25,0.081213,0.07151197674418562,0.30654,96.8,0.661
2050,1,1957.3,13435.66,0.109655,0.07154651162790655,0.260013,89.5,0.7147
2051,1,1958.22,13434.47,0.085156,0.07158104651162747,0.247704,69.6,0.9195
2052,1,1959.07,13432.78,0.105644,0.0716155813953484,0.277952,75.5,0.8471
2053,1,1959.99,13431.6,0.115353,0.07165011627906934,0.249888,69.5,0.9203
2054,1,1960.66,13428.72,0.082126,0.07168465116279027,0.268337,95.1,0.6733
2055,1,1961.43,13426.47,0.11158,0.0717191860465112,0.267785,83.8,0.7633
2056,1,1962.13,13423.81,0.108782,0.07175372093023213,0.332181,90.8,0.7045
2057,1,1963.05,13422.59,0.109703,0.07178825581395305,0.339061,69.9,0.915
2058,1,1963.8,13420.29,0.079176,0.07182279069767399,0.238224,84.7,0.7555
2059,1,1964.68,13418.79,0.080422,0.07185732558139492,0.271776,73.2,0.874
2060,1,1965.54,13417.18,0.089344,0.07189186046511585,0.257978,74.6,0.8581
2061,1,1966.26,13414.66,0.106501,0.07192639534883678,0.366045,89.2,0.7171
2062,1,1967.1,13412.91,0.135004,0.0719609302325577,0.305486,76.5,0.8369
2063,1,1967.98,13411.47,0.105958,0.07199546511627862,0.313549,72.6,0.882
2064,1,1968.8,13409.6,0.108584,0.07202999999999954,0.416919,78.2,0.8184
2065,1,1969.67,13408.04,0.103597,0.07206453488372047,0.310832,74.1,0.8636
2066,1,1970.45,13405.93,0.084221,0.07209906976744139,0.365364,81.8,0.7823
2067,1,1971.17,13403.4,0.101331,0.07213360465116232,0.249755,88.7,0.7214
2068,1,1971.98,13401.48,0.093389,0.07216813953488325,0.272062,78.9,0.8107
2069,1,1972.84,13399.84,0.104386,0.07220267441860417,0.297861,75.2,0.8514
2070,1,1973.59,13397.56,0.086938,0.0722372093023251,0.307422,84.4,0.7582
2071,1,1974.37,13395.38,0.083934,0.07227174418604602,0.362432,83.0,0.771
2072,1,1975.15,13393.29,0.083272,0.07230627906976696,0.352137,81.5,0.7848
2073,1,1976.04,13391.87,0.107891,0.07234081395348789,0.320235,72.5,0.8831
2074,1,1976.84,13389.87,0.112577,0.07237534883720881,0.439718,80.1,0.7985
2075,1,1977.59,13387.6,0.078051,0.07240988372092974,0.306538,84.5,0.7573
2076,1,1978.26,13384.71,0.113557,0.07244441860465067,0.291107,96.1,0.6656
2077,1,1978.97,13382.09,0.084923,0.0724789534883716,0.304299,90.7,0.706
2078,1,1979.88,13380.86,0.110224,0.07251348837209254,0.288427,70.3,0.9104
2079,1,1980.72,13379.14,0.109014,0.07254802325581347,0.356649,76.4,0.8378
2080,1,1981.4,13376.34,0.095297,0.0725825581395344,0.313811,94.3,0.679
2081,1,1982.09,13373.64,0.096412,0.07261709302325534,0.26957,93.1,0.6875
2082,1,1982.93,13371.94,0.097355,0.07265162790697625,0.291734,76.1,0.8407
2083,1,1983.79,13370.35,0.115378,0.07268616279069719,0.27575,74.8,0.8561
2084,1,1984.53,13367.99,0.089094,0.07272069767441812,0.325179,86.1,0.7436
2085,1,1985.21,13365.18,0.109998,0.07275523255813905,0.264581,94.9,0.6746
2086,1,1986.03,13363.31,0.112063,0.07278976744185998,0.281973,78.5,0.8149
2087,1,1986.84,13361.43,0.092445,0.07282430232558092,0.34159,78.7,0.8134
2088,1,1987.59,13359.13,0.094716,0.07285883720930184,0.289984,85.3,0.7506
2089,1,1988.41,13357.26,0.105256,0.07289337209302277,0.282371,78.6,0.8144
2090,1,1989.36,13356.32,0.078778,0.0729279069767437,0.232578,67.2,0.9526
2091,1,1990.11,13354.04,0.082819,0.07296244186046463,0.30487,85.1,0.7525
2092,1,1990.78,13351.17,0.088176,0.07299697674418557,0.277069,96.2,0.6654
2093,1,1991.49,13348.62,0.099374,0.0730315116279065,0.259605,89.8,0.7125
2094,1,1992.3,13346.69,0.092297,0.07306604651162743,0.224899,79.6,0.8042
2095,1,1992.99,13343.99,0.087437,0.07310058139534836,0.290367,92.9,0.6892
2096,1,1993.88,13342.61,0.100896,0.0731351162790693,0.329726,72.2,0.8867
2097,1,1994.75,13341.13,0.106684,0.07316965116279023,0.30218,73.5,0.8704
2098,1,1995.5,13338.84,0.097527,0.07320418604651115,0.263982,85.3,0.7507
2099,1,1996.18,13336.05,0.098838,0.07323872093023208,0.317275,95.0,0.6737
2100,1,1996.88,13333.46,0.117366,0.07327325581395301,0.355407,91.0,0.7033
2101,1,2006.17,13388.16,0.123545,0.07330779069767394,0.302349,93.6,0.6835
2102,1,2006.81,13385.12,0.101626,0.07334232558139488,0.363965,99.9,0.6409
2103,1,2007.46,13382.09,0.089824,0.07337686046511581,0.262171,99.8,0.6411
2104,1,2008.1,13379.06,0.089967,0.07341139534883674,0.271532,99.8,0.6414
2105,1,2008.74,13376.02,0.099097,0.07344593023255767,0.246259,99.8,0.6411
2106,1,2009.39,13373.01,0.085477,0.0734804651162786,0.31289,99.5,0.6431
2107,1,2010.03,13370.0,0.103608,0.07351499999999954,0.268531,99.5,0.6433
2108,1,2010.68,13367.03,0.105736,0.07354953488372047,0.320303,98.8,0.6475
2109,1,2011.33,13364.02,0.100135,0.0735840697674414,0.310566,99.5,0.6433
2110,1,2011.97,13361.0,0.127376,0.07361860465116234,0.287193,99.7,0.6417
2111,1,2012.61,13357.99,0.098483,0.07365313953488327,0.248677,99.4,0.6439
2112,1,2013.26,13355.0,0.112037,0.0736876744186042,0.280053,99.5,0.6431
2113,1,2013.9,13351.99,0.096302,0.07372220930232513,0.256689,99.7,0.6421
2114,1,2014.55,13349.01,0.083573,0.07375674418604607,0.228264,99.3,0.6447
2115,1,2015.19,13346.0,0.119961,0.073791279069767,0.267809,99.7,0.6416
2116,1,2015.83,13342.99,0.102639,0.07382581395348793,0.315608,99.8,0.6414
2117,1,2016.48,13340.0,0.110419,0.07386034883720886,0.247253,99.5,0.6432
2118,1,2017.13,13337.04,0.098668,0.0738948837209298,0.247929,98.9,0.6472
2119,1,2017.77,13334.04,0.07957,0.07392941860465073,0.27854,99.7,0.6419
2120,1,2018.41,13331.04,0.1046,0.07396395348837166,0.285626,99.8,0.6414
2121,1,2019.17,13328.83,0.088881,0.0739984883720926,0.289475,98.9,0.6471
2122,1,2019.82,13325.84,0.091393,0.07403302325581353,0.341377,99.7,0.642
2123,1,2020.46,13322.85,0.097773,0.07406755813953446,0.259914,99.7,0.642
2124,1,2021.1,13319.86,0.0978,0.07410209302325539,0.244715,99.6,0.6424
2125,1,2021.75,13316.92,0.085575,0.07413662790697631,0.238665,98.8,0.6477
2126,1,2022.39,13313.94,0.119692,0.07417116279069724,0.283404,99.7,0.6421
2127,1,2023.04,13310.95,0.095115,0.07420569767441818,0.319726,99.7,0.6416
2128,1,2023.68,13307.98,0.102406,0.07424023255813911,0.256885,99.7,0.6419
2129,1,2024.32,13305.01,0.079214,0.07427476744186003,0.262041,99.5,0.6429
2130,1,2024.97,13302.04,0.11046,0.07430930232558096,0.352025,99.6,0.6424
2131,1,2025.62,13299.16,0.12002,0.07434383720930189,0.360866,97.6,0.6558
2132,1,2026.28,13296.26,0.102686,0.07437837209302282,0.413214,98.0,0.6533
2133,1,2026.94,13293.41,0.119478,0.07441290697674374,0.323871,97.1,0.6592
2134,1,2027.6,13290.54,0.117879,0.07444744186046467,0.30701,97.5,0.6562
2135,1,2028.26,13287.69,0.097124,0.07448197674418561,0.244535,97.0,0.66
2136,1,2028.91,13284.79,0.08874,0.07451651162790653,0.357276,98.3,0.6511
2137,1,2029.64,13282.4,0.095399,0.07455104651162746,0.283096,88.0,0.7277
2138,1,2030.29,13279.53,0.104951,0.07458558139534839,0.285073,97.5,0.6563
2139,1,2030.96,13276.72,0.084028,0.07462011627906932,0.396225,96.4,0.6642
2140,1,2031.6,13273.78,0.111481,0.07465465116279026,0.425895,99.4,0.6437
2141,1,2032.25,13270.87,0.082863,0.07468918604651119,0.243798,99.5,0.6434
2142,1,2032.93,13268.13,0.105837,0.07472372093023212,0.321997,95.0,0.6735
2143,1,2033.6,13265.36,0.13243,0.07475825581395305,0.402733,95.6,0.6694
2144,1,2034.25,13262.51,0.105357,0.07479279069767399,0.34328,97.6,0.656
2145,1,2034.92,13259.69,0.088303,0.07482732558139492,0.250165,96.8,0.6614
2146,1,2035.57,13256.82,0.097128,0.07486186046511584,0.377719,98.1,0.6527
2147,1,2036.22,13253.94,0.082853,0.07489639534883677,0.264545,98.3,0.6508
2148,1,2036.88,13251.13,0.111591,0.0749309302325577,0.240714,96.9,0.6605
2149,1,2037.56,13248.39,0.101225,0.07496546511627863,0.378767,95.4,0.6708
2150,1,2038.25,13245.79,0.102982,0.075,0.319009,92.4,0.6929
2151,1,2039.01,13243.64,0.084121,0.07499999906153289,0.220727,83.9,0.7628
2152,1,2039.94,13242.56,0.102164,0.0749999962461316,0.225171,69.2,0.9255
2153,1,2040.6,13239.71,0.113401,0.07499999155379629,0.412624,97.7,0.6547
2154,1,2041.24,13236.79,0.100214,0.07499998498452719,0.36136,99.6,0.6425
2155,1,2041.93,13234.19,0.09334,0.07499997653832463,0.262604,92.6,0.6909
2156,1,2042.88,13233.25,0.112011,0.07499996621518903,0.243563,67.5,0.948
2157,1,2043.85,13232.47,0.124649,0.07499995401512094,0.305871,65.9,0.9718
2158,1,2044.85,13231.85,0.119539,0.07499993993812094,0.35579,64.1,0.9983
2159,1,2045.63,13229.8,0.099192,0.07499992398418977,0.28453,82.6,0.775
2160,1,2046.67,13229.45,0.10302,0.07499990615332823,0.236389,61.6,1.0385
2161,1,2047.61,13228.43,0.09099,0.07499988644553719,0.291019,68.8,0.9298
2162,1,2048.78,13228.94,0.103604,0.0749998648608177,0.267124,54.6,1.172
2163,1,2049.79,13228.37,0.11017,0.07499984139917082,0.298204,63.6,1.0061
2164,1,2050.5,13225.94,0.086053,0.07499981606059773,0.297667,89.5,0.7153
2165,1,2051.38,13224.53,0.082286,0.07499978884509972,0.305334,73.2,0.8744
2166,1,2052.22,13222.86,0.090029,0.07499975975267817,0.304839,76.7,0.8349
2167,1,2053.36,13223.2,0.103691,0.07499972878333455,0.260573,55.8,1.146
2168,1,2054.49,13223.4,0.098692,0.07499969593707043,0.317581,56.9,1.1244
2169,1,2055.24,13221.16,0.095124,0.07499966121388744,0.333562,85.7,0.7464
2170,1,2056.36,13221.36,0.092856,0.07499962461378738,0.334646,56.9,1.1247
2171,1,2057.03,13218.64,0.097349,0.07499958613677209,0.339844,95.7,0.6685
2172,1,2058.01,13217.9,0.060457,0.0749995457828435,0.239642,65.4,0.9792
2173,1,2059.1,13217.82,0.091674,0.07499950355200365,0.324891,59.2,1.0818
2174,1,2060.14,13217.53,0.108879,0.07499945944425468,0.33839,61.1,1.0478
2175,1,2060.9,13215.31,0.113885,0.07499941345959882,0.30767,85.5,0.7489
2176,1,2061.85,13214.39,0.091096,0.0749993655980384,0.248172,67.3,0.9509
2177,1,2062.6,13212.18,0.110508,0.07499931585957584,0.312806,85.4,0.7491
2178,1,2063.45,13210.62,0.08428,0.07499926424421363,0.271453,75.3,0.8499
2179,1,2064.25,13208.72,0.081139,0.07499921075195443,0.312689,80.3,0.7973
2180,1,2065.09,13207.13,0.08813,0.0749991553828009,0.261803,75.7,0.845
2181,1,2065.78,13204.5,0.101487,0.07499909813675584,0.285197,94.1,0.6799
2182,1,2066.64,13203.01,0.081133,0.07499903901382217,0.269508,74.4,0.8608
2183,1,2067.48,13201.39,0.092038,0.07499897801400286,0.293391,76.2,0.8401
2184,1,2068.3,13199.59,0.091259,0.074998915137301,0.246607,78.7,0.813
2185,1,2068.97,13196.88,0.091582,0.07499885038371977,0.405733,95.8,0.6684
2186,1,2070.07,13196.91,0.115496,0.07499878375326244,0.269236,58.2,1.1001
2187,1,2070.73,13194.14,0.088858,0.07499871524593239,0.239747,97.0,0.6596
2188,1,2071.38,13191.3,0.100392,0.07499864486173308,0.270515,98.7,0.6484
2189,1,2072.03,13188.46,0.082376,0.07499857260066806,0.301106,98.6,0.6488
2190,1,2072.67,13185.61,0.101578,0.07499849846274098,0.325105,99.0,0.6462
2191,1,2073.34,13182.87,0.107834,0.0749984224479556,0.269163,96.6,0.6625
2192,1,2074.01,13180.19,0.080788,0.07499834455631575,0.248357,95.0,0.6734
2193,1,2074.68,13177.51,0.105688,0.0749982647878254,0.316361,95.3,0.6713
2194,1,2075.4,13175.11,0.097331,0.07499818314248853,0.277341,89.4,0.7158
2195,1,2076.31,13173.91,0.101161,0.0749980996203093,0.329959,70.7,0.9053
2196,1,2077.04,13171.63,0.09499,0.07499801422129196,0.409655,87.2,0.7336
2197,1,2077.97,13170.59,0.091346,0.07499792694544077,0.240926,68.8,0.9298
2198,1,2078.63,13167.79,0.089156,0.07499783779276019,0.360387,98.1,0.6525
2199,1,2079.28,13165.0,0.093629,0.07499774676325469,0.254065,97.8,0.6543
2200,1,2079.93,13162.2,0.096357,0.07499765385692889,0.30847,98.3,0.6513
2201,1,2080.59,13159.45,0.094289,0.07499755907378748,0.253862,97.9,0.654
2202,1,2081.26,13156.71,0.110987,0.07499746241383527,0.304378,96.8,0.6612
2203,1,2081.93,13154.08,0.10536,0.07499736387707714,0.318057,94.5,0.6773
2204,1,2082.59,13151.33,0.095496,0.07499726346351807,0.224795,97.2,0.6582
2205,1,2083.26,13148.61,0.108896,0.07499716117316313,0.359023,96.7,0.6617
2206,1,2083.98,13146.26,0.109754,0.07499705700601748,0.260114,88.8,0.7211
2207,1,2084.63,13143.47,0.095032,0.07499695096208642,0.274601,98.1,0.6525
2208,1,2085.32,13140.9,0.087745,0.07499684304137527,0.301245,93.3,0.6858
2209,1,2086.03,13138.49,0.073949,0.07499673324388952,0.283094,90.1,0.7104
2210,1,2086.68,13135.71,0.083483,0.07499662156963471,0.308419,98.3,0.6508
2211,1,2087.33,13132.93,0.096185,0.0749965080186165,0.355338,98.2,0.652
2212,1,2088.0,13130.25,0.099574,0.0749963925908406,0.330342,95.9,0.6672
2213,1,2088.67,13127.59,0.100725,0.07499627528631285,0.283502,95.5,0.6704
2214,1,2089.33,13124.82,0.087091,0.07499615610503921,0.3257,98.2,0.652
2215,1,2090.02,13122.28,0.116869,0.07499603504702568,0.350431,93.0,0.6885
2216,1,2090.69,13119.61,0.092667,0.07499591211227838,0.359388,95.9,0.6677
2217,1,2091.36,13116.96,0.104409,0.07499578730080354,0.324365,95.5,0.6699
2218,1,2092.01,13114.19,0.089672,0.07499566061260748,0.287365,98.5,0.6496
2219,1,2092.7,13111.66,0.100032,0.07499553204769657,0.255424,92.7,0.6901
2220,1,2093.37,13109.04,0.112359,0.07499540160607734,0.32369,95.0,0.6738
2221,1,2094.04,13106.34,0.095305,0.07499526928775638,0.270928,97.6,0.6555
2222,1,2094.69,13103.61,0.081979,0.07499513509274036,0.264268,97.5,0.6562
2223,1,2095.36,13100.95,0.106885,0.07499499902103608,0.281969,96.0,0.6669
2224,1,2096.09,13098.65,0.126074,0.07499486107265042,0.313002,88.4,0.7239
2225,1,2096.77,13096.07,0.079051,0.07499472124759035,0.224634,94.0,0.6805
2226,1,2097.42,13093.34,0.11539,0.07499457954586294,0.274407,97.9,0.6538
2227,1,2098.08,13090.64,0.138325,0.07499443596747536,0.33158,96.9,0.6602
2228,1,2098.74,13087.93,0.116869,0.07499429051243486,0.321359,97.3,0.6578
2229,1,2099.41,13085.28,0.070174,0.07499414318074879,0.279092,96.1,0.6658
2230,1,2100.31,13084.1,0.104535,0.07499399397242462,0.279226,70.9,0.9022
2231,1,2101.1,13082.2,0.125742,0.07499384288746988,0.298911,81.3,0.7876
2232,1,2101.88,13080.25,0.115364,0.07499368992589221,0.253218,82.4,0.7769
2233,1,2102.74,13078.79,0.088013,0.07499353508769933,0.263549,74.7,0.8569
2234,1,2103.65,13077.66,0.094566,0.07499337837289907,0.316458,70.3,0.911
2235,1,2104.41,13075.57,0.103622,0.07499321978149938,0.256323,84.7,0.7555
2236,1,2105.06,13072.86,0.094656,0.07499305931350825,0.353331,97.7,0.6549
2237,1,2105.71,13070.09,0.110819,0.07499289696893381,0.292809,99.0,0.6463
2238,1,2106.36,13067.31,0.106953,0.07499273274778426,0.264259,99.4,0.6439
2239,1,2107.0,13064.52,0.123936,0.0749925666500679,0.385516,99.5,0.6429
2240,1,2107.65,13061.77,0.09052,0.07499239867579313,0.315563,98.9,0.647
2241,1,2108.3,13059.04,0.090924,0.07499222882496845,0.308962,99.0,0.6466
2242,1,2108.94,13056.26,0.101944,0.07499205709760244,0.392911,99.6,0.6423
2243,1,2109.59,13053.47,0.103819,0.07499188349370378,0.363602,99.8,0.6415
2244,1,2110.27,13050.92,0.112935,0.07499170801328126,0.315921,94.2,0.6794
2245,1,2111.02,13048.81,0.104331,0.07499153065634373,0.319795,85.3,0.7503
2246,1,2111.76,13046.66,0.118555,0.07499135142290017,0.332437,86.1,0.7432
2247,1,2112.66,13045.44,0.126406,0.07499117031295963,0.281321,71.6,0.8934
2248,1,2113.43,13043.45,0.092094,0.07499098732653128,0.417694,83.3,0.7679
2249,1,2114.15,13041.17,0.082033,0.07499080246362436,0.305025,88.7,0.7212
2250,1,2115.18,13040.77,0.079732,0.07499061572424823,0.284363,62.4,1.0251
2251,1,2115.91,13038.54,0.089608,0.07499042710841232,0.261101,87.6,0.7309
2252,1,2116.76,13037.04,0.081194,0.07499023661612618,0.255265,75.4,0.8483
2253,1,2117.56,13035.28,0.085973,0.07499004424739943,0.298857,79.5,0.8052
2254,1,2118.28,13032.96,0.084276,0.0749898500022418,0.291721,89.5,0.7152
2255,1,2119.21,13031.96,0.096689,0.07498965388066309,0.344567,68.9,0.9284
2256,1,2119.89,13029.44,0.094372,0.07498945588267324,0.288756,94.0,0.6809
2257,1,2120.55,13026.75,0.121154,0.07498925600828224,0.337476,97.7,0.6549
2258,1,2121.19,13024.01,0.088163,0.07498905425750023,0.202553,99.1,0.6455
2259,1,2121.86,13021.38,0.113384,0.07498885063033738,0.294891,96.7,0.662
2260,1,2122.52,13018.73,0.092673,0.07498864512680399,0.299948,96.9,0.6606
2261,1,2123.18,13016.08,0.096958,0.07498843774691044,0.276989,98.2,0.6518
2262,1,2123.83,13013.39,0.078316,0.07498822849066725,0.297323,98.0,0.6529
2263,1,2124.49,13010.75,0.092827,0.07498801735808497,0.374783,97.0,0.66
2264,1,2125.16,13008.14,0.08745,0.07498780434917428,0.266717,96.2,0.6653
2265,1,2125.8,13005.41,0.086113,0.07498758946394594,0.240686,99.4,0.644
2266,1,2126.45,13002.71,0.072516,0.07498737270241085,0.285234,98.4,0.6505
2267,1,2127.11,13000.03,0.083672,0.07498715406457993,0.313416,98.2,0.6516
2268,1,2127.76,12997.35,0.120822,0.07498693355046424,0.352021,98.1,0.6521
2269,1,2128.42,12994.69,0.091647,0.07498671116007492,0.368931,97.6,0.6559
2270,1,2129.07,12992.03,0.110721,0.07498648689342324,0.293657,97.6,0.6554
2271,1,2129.72,12989.35,0.107752,0.07498626075052052,0.316984,98.4,0.6506
2272,1,2130.37,12986.64,0.106267,0.0749860327313782,0.382517,98.9,0.6471
2273,1,2131.02,12983.96,0.088348,0.07498580283600781,0.271532,98.4,0.6507
2274,1,2131.68,12981.34,0.107765,0.07498557106442097,0.287355,96.9,0.6605
2275,1,2132.36,12978.79,0.113908,0.07498533741662938,0.277778,95.3,0.6716
2276,1,2133.02,12976.19,0.118798,0.07498510189264489,0.275133,96.8,0.6612
2277,1,2133.68,12973.54,0.081236,0.07498486449247939,0.286468,97.7,0.6553
2278,1,2134.34,12970.92,0.097895,0.07498462521614488,0.268069,97.2,0.6582
2279,1,2135.0,12968.29,0.084976,0.07498438406365344,0.258043,97.2,0.6586
2280,1,2135.65,12965.64,0.108963,0.0749841410350173,0.321663,98.1,0.6527
2281,1,2136.33,12963.13,0.102762,0.07498389613024871,0.323159,95.4,0.6707
2282,1,2137.02,12960.71,0.101518,0.07498364934936008,0.28215,92.6,0.6914
2283,1,2138.03,12960.26,0.10517,0.07498340069236387,0.292627,63.1,1.0149
2284,1,2138.88,12958.78,0.099158,0.07498315015927265,0.294577,75.7,0.8456
2285,1,2139.56,12956.27,0.096229,0.0749828977500991,0.286663,94.7,0.6756
2286,1,2140.45,12955.06,0.114301,0.07498264346485597,0.394265,71.9,0.8904
2287,1,2141.38,12954.1,0.113336,0.07498238730355612,0.291801,68.7,0.9318
2288,1,2142.44,12953.92,0.094078,0.0749821292662125,0.40854,60.4,1.0602
2289,1,2143.32,12952.6,0.104959,0.07498186935283815,0.36448,73.4,0.8716
2290,1,2143.98,12950.02,0.091759,0.07498160756344624,0.258759,96.6,0.6627
2291,1,2144.83,12948.56,0.091742,0.07498134389804996,0.274635,75.4,0.8492
2292,1,2145.6,12946.6,0.093531,0.07498107835666265,0.272218,83.6,0.7657
2293,1,2146.44,12945.08,0.102606,0.07498081093929776,0.240754,76.3,0.8384
2294,1,2147.19,12943.05,0.083782,0.07498054164596879,0.39921,84.9,0.7537
2295,1,2147.97,12941.15,0.107536,0.07498027047668936,0.331021,82.7,0.774
2296,1,2148.7,12938.97,0.09507,0.0749799974314732,0.34619,87.9,0.7281
2297,1,2149.44,12936.89,0.101649,0.07497972251033407,0.33975,85.9,0.7452
2298,1,2150.21,12934.96,0.123068,0.07497944571328591,0.267007,83.2,0.7688
2299,1,2150.94,12932.74,0.114468,0.07497916704034269,0.34454,88.6,0.7222
2300,1,2151.69,12930.72,0.10095,0.0749788864915185,0.315478,84.9,0.7538
2301,1,2152.53,12929.22,0.0732,0.07497860406682753,0.249499,76.9,0.8323
2302,1,2153.25,12927.01,0.106804,0.07497831976628408,0.246628,88.7,0.7212
2303,1,2153.95,12924.61,0.102189,0.07497803358990249,0.25397,92.6,0.6914
2304,1,2154.89,12923.73,0.126156,0.07497774553769723,0.427492,67.9,0.942
2305,1,2155.83,12922.84,0.097333,0.07497745560968289,0.32593,67.9,0.9429
2306,1,2156.77,12921.89,0.099789,0.0749771638058741,0.263152,68.7,0.9312
2307,1,2157.59,12920.27,0.106584,0.07497687012628564,0.29057,78.1,0.8194
2308,1,2158.27,12917.8,0.09118,0.07497657457093233,0.377252,94.4,0.6783
2309,1,2158.95,12915.38,0.067513,0.07497627713982913,0.315019,93.4,0.6849
2310,1,2159.82,12914.05,0.108109,0.07497597783299108,0.291755,73.7,0.8682
2311,1,2160.65,12912.46,0.093534,0.0749756766504333,0.313318,77.6,0.8245
2312,1,2161.48,12910.9,0.097388,0.07497537359217102,0.309778,77.2,0.8291
2313,1,2162.4,12909.89,0.088969,0.07497506865821957,0.237586,69.4,0.9229
2314,1,2163.42,12909.47,0.127042,0.07497476184859435,0.291,62.8,1.0197
2315,1,2164.27,12908.02,0.090864,0.07497445316331088,0.267798,75.6,0.847
2316,1,2165.07,12906.31,0.107385,0.07497414260238476,0.37729,79.6,0.8044
2317,1,2165.92,12904.87,0.096185,0.07497383016583171,0.353812,75.5,0.8478
2318,1,2166.92,12904.28,0.096494,0.07497351585366752,0.336383,64.6,0.9915
2319,1,2167.66,12902.18,0.093049,0.07497319966590807,0.350649,86.6,0.7389
2320,1,2168.68,12901.75,0.098527,0.07497288160256935,0.291889,62.9,1.0177
2321,1,2169.43,12899.76,0.10704,0.07497256166366743,0.322075,85.1,0.7518
2322,1,2170.45,12899.33,0.112835,0.0749722398492185,0.304658,63.0,1.0164
2323,1,2171.29,12897.81,0.09553,0.07497191615923883,0.312767,76.6,0.8352
2324,1,2172.69,12899.62,0.126706,0.07497159059374478,0.333013,45.8,1.396
2325,1,2173.58,12898.44,0.09155,0.0749712631527528,0.29999,71.7,0.8931
2326,1,2174.5,12897.43,0.094386,0.07497093383627948,0.271567,69.6,0.9189
2327,1,2175.19,12895.02,0.116049,0.07497060264434142,0.449946,93.3,0.6861
2328,1,2176.01,12893.44,0.107165,0.07497026957695539,0.29174,77.9,0.8216
2329,1,2176.75,12891.34,0.083046,0.07496993463413824,0.303965,86.8,0.737
2330,1,2177.88,12891.55,0.110607,0.0749695978159069,0.311799,56.8,1.126
2331,1,2178.81,12890.59,0.097045,0.07496925912227836,0.34695,68.9,0.9289
2332,1,2179.76,12889.77,0.118112,0.07496891855326979,0.425675,67.2,0.9526
2333,1,2180.58,12888.16,0.095935,0.07496857610889839,0.334736,78.2,0.8181
2334,1,2181.3,12885.93,0.07026,0.07496823178918147,0.264547,89.4,0.7158
2335,1,2182.26,12885.17,0.106169,0.07496788559413643,0.318036,66.5,0.9626
2336,1,2183.37,12885.27,0.113867,0.0749675375237808,0.281286,57.7,1.1083
2337,1,2184.19,12883.61,0.104345,0.07496718757813216,0.319956,78.8,0.8122
2338,1,2184.87,12881.21,0.102801,0.0749668357572082,0.252875,93.6,0.6839
2339,1,2185.98,12881.28,0.091276,0.07496648206102671,0.278905,57.9,1.1045
2340,1,2187.02,12880.97,0.082479,0.07496612648960559,0.29399,61.6,1.0396
2341,1,2187.96,12880.07,0.088598,0.07496576904296279,0.342967,68.6,0.9329
2342,1,2189.08,12880.26,0.086869,0.0749654097211164,0.306579,56.9,1.1251
2343,1,2190.03,12879.39,0.100685,0.07496504852408456,0.388475,67.8,0.9439
2344,1,2190.82,12877.62,0.108693,0.07496468545188557,0.351914,80.8,0.7922
2345,1,2191.56,12875.55,0.09894,0.07496432050453776,0.310916,86.4,0.7405
2346,1,2192.43,12874.23,0.093941,0.07496395368205958,0.297038,73.7,0.8689
2347,1,2193.2,12872.3,0.108458,0.07496358498446958,0.340031,83.8,0.7638
2348,1,2193.89,12869.94,0.092099,0.0749632144117864,0.26288,92.7,0.6902
2349,1,2194.66,12868.05,0.115847,0.07496284196402878,0.37733,83.2,0.7696
2350,1,2195.47,12866.37,0.127361,0.07496246764121553,0.295613,79.5,0.8047
2351,1,2196.27,12864.65,0.094914,0.0749620914433656,0.523563,80.2,0.7979
2352,1,2197.12,12863.25,0.082399,0.07496171337049802,0.36023,74.9,0.855
2353,1,2197.89,12861.35,0.108935,0.07496133342263187,0.298983,83.5,0.7665
2354,1,2198.68,12859.55,0.106055,0.07496095159978637,0.330327,81.5,0.7856
2355,1,2199.39,12857.34,0.095616,0.07496056790198083,0.394794,89.6,0.7143
2356,1,2200.28,12856.16,0.085022,0.07496018232923465,0.251569,71.8,0.8915
2357,1,2201.0,12853.94,0.0775,0.07495979488156732,0.291096,89.8,0.7126
2358,1,2201.84,12852.46,0.108268,0.07495940555899842,0.404491,76.3,0.839
2359,1,2202.78,12851.56,0.086759,0.07495901436154764,0.360888,68.2,0.9381
2360,1,2203.53,12849.55,0.114641,0.07495862128923478,0.315291,85.5,0.7484
2361,1,2204.44,12848.52,0.100408,0.07495822634207967,0.346187,70.3,0.9105
2362,1,2205.09,12845.93,0.085871,0.07495782952010231,0.324442,98.5,0.6499
2363,1,2205.75,12843.38,0.129078,0.07495743082332275,0.28943,97.9,0.6537
2364,1,2206.42,12840.9,0.104463,0.07495703025176115,0.283702,95.9,0.6674
2365,1,2207.09,12838.46,0.125687,0.07495662780543776,0.34697,95.1,0.6728
2366,1,2207.75,12835.92,0.115473,0.07495622348437292,0.312083,97.5,0.6564
2367,1,2208.4,12833.37,0.098215,0.07495581728858708,0.311072,97.8,0.6545
2368,1,2209.07,12830.86,0.137851,0.07495540921810077,0.379402,96.9,0.6604
2369,1,2209.73,12828.38,0.116083,0.07495499927293464,0.266807,96.5,0.6633
2370,1,2210.43,12826.1,0.099755,0.07495458745310939,0.337593,91.5,0.6991
2371,1,2211.07,12823.49,0.108046,0.07495417375864584,0.32687,99.6,0.6427
2372,1,2211.72,12820.89,0.08544,0.07495375818956493,0.275282,99.2,0.6452
2373,1,2212.36,12818.29,0.131196,0.07495334074588765,0.352021,99.5,0.643
2374,1,2213.01,12815.69,0.111205,0.07495292142763511,0.32188,99.4,0.6439
2375,1,2213.66,12813.15,0.10269,0.07495250023482852,0.336012,98.1,0.6525
2376,1,2214.31,12810.55,0.086424,0.07495207716748915,0.320208,99.5,0.6435
2377,1,2214.95,12807.95,0.111585,0.07495165222563842,0.341457,99.8,0.6414
2378,1,2215.61,12805.43,0.097705,0.07495122540929779,0.327077,97.6,0.6559
2379,1,2216.25,12802.83,0.097777,0.07495079671848885,0.310042,99.7,0.6421
2380,1,2216.89,12800.23,0.103151,0.07495036615323326,0.232781,99.6,0.6428
2381,1,2217.54,12797.68,0.123891,0.07494993371355281,0.334079,99.5,0.6435
2382,1,2218.19,12795.1,0.098509,0.07494949939946934,0.300375,99.2,0.6451
2383,1,2218.83,12792.51,0.114148,0.07494906321100482,0.287492,99.6,0.6424
2384,1,2219.48,12789.91,0.111082,0.07494862514818129,0.286992,99.7,0.6417
2385,1,2220.12,12787.35,0.114535,0.07494818521102092,0.402159,98.9,0.6468
2386,1,2220.77,12784.78,0.106264,0.07494774339954595,0.312935,99.3,0.6446
2387,1,2221.42,12782.23,0.084,0.0749472997137787,0.285127,98.6,0.6494
2388,1,2222.06,12779.66,0.095213,0.07494685415374161,0.376057,99.3,0.6448
2389,1,2222.71,12777.1,0.091659,0.0749464067194572,0.313,99.4,0.6439
2390,1,2223.36,12774.53,0.106299,0.07494595741094809,0.275324,99.3,0.6444
2391,1,2224.01,12772.04,0.102447,0.07494550622823701,0.408431,97.4,0.6572
2392,1,2224.66,12769.47,0.116688,0.07494505317134675,0.415446,99.3,0.6442
2393,1,2225.31,12766.91,0.111618,0.07494459824030024,0.333323,99.2,0.6451
2394,1,2225.95,12764.33,0.105183,0.07494414143512046,0.355384,99.7,0.6418
2395,1,2226.59,12761.76,0.094278,0.07494368275583052,0.315679,99.7,0.6417
2396,1,2227.24,12759.2,0.098268,0.0749432222024536,0.374353,99.2,0.645
2397,1,2227.88,12756.63,0.066916,0.07494275977501298,0.249145,99.7,0.642
2398,1,2228.52,12754.07,0.098966,0.07494229547353204,0.343573,99.6,0.6424
2399,1,2229.17,12751.52,0.092853,0.07494182929803427,0.439215,99.1,0.6459
2400,1,2229.81,12748.96,0.104174,0.07494136124854321,0.283736,99.6,0.6427
2401,1,2305.97,13177.96,0.101851,0.07494089132508255,0.357102,99.5,0.6431
2402,1,2306.62,13175.19,0.098771,0.07494041952767605,0.348459,99.5,0.643
2403,1,2307.26,13172.43,0.097353,0.07493994585634753,0.28394,99.3,0.6444
2404,1,2307.91,13169.66,0.113593,0.07493947031112097,0.271445,99.6,0.6423
2405,1,2308.56,13166.94,0.093277,0.0749389928920204,0.269939,98.4,0.6504
2406,1,2309.2,13164.19,0.10201,0.07493851359906996,0.257355,99.3,0.6443
2407,1,2309.85,13161.42,0.134807,0.07493803243229387,0.426904,99.8,0.641
2408,1,2310.49,13158.65,0.097674,0.07493754939171647,0.265366,99.7,0.6419
2409,1,2311.13,13155.91,0.134893,0.07493706447736218,0.456579,99.2,0.6452
2410,1,2311.78,13153.14,0.100054,0.0749365776892555,0.302537,99.9,0.6408
2411,1,2312.42,13150.4,0.124007,0.07493608902742106,0.358567,99.3,0.6443
2412,1,2313.06,13147.64,0.115857,0.07493559849188357,0.345316,99.7,0.6419
2413,1,2313.71,13144.9,0.09569,0.0749351060826678,0.371412,99.3,0.6446
2414,1,2314.35,13142.15,0.114286,0.07493461179979868,0.370342,99.7,0.6416
2415,1,2315.0,13139.4,0.088732,0.07493411564330117,0.290507,99.5,0.6432
2416,1,2315.64,13136.66,0.102619,0.07493361761320036,0.284194,99.6,0.6427
2417,1,2316.28,13133.91,0.100255,0.07493311770952146,0.341236,99.7,0.6417
2418,1,2316.96,13131.36,0.090861,0.0749326159322897,0.309383,94.5,0.6773
2419,1,2317.65,13128.86,0.122651,0.07493211228153047,0.393347,93.5,0.6843
2420,1,2318.5,13127.31,0.116872,0.07493160675726923,0.34871,75.0,0.8531
2421,1,2319.17,13124.74,0.096773,0.07493109935953154,0.388717,96.1,0.6661
2422,1,2319.87,13122.29,0.098612,0.07493059008834306,0.362661,92.4,0.6925
2423,1,2320.52,13119.62,0.094473,0.07493007894372954,0.263737,97.9,0.6537
2424,1,2321.18,13116.95,0.086083,0.0749295659257168,0.312954,97.8,0.6547
2425,1,2321.89,13114.59,0.099181,0.07492905103433078,0.483182,90.5,0.7073
2426,1,2322.53,13111.86,0.092982,0.07492853426959753,0.318689,99.6,0.6428
2427,1,2323.17,13109.12,0.101437,0.07492801563154317,0.277185,99.9,0.6407
2428,1,2323.81,13106.39,0.103104,0.07492749512019391,0.344246,99.8,0.6414
2429,1,2324.46,13103.65,0.117051,0.07492697273557607,0.290871,99.8,0.6413
2430,1,2325.1,13100.92,0.094333,0.07492644847771605,0.348896,99.8,0.6416
2431,1,2325.74,13098.2,0.083705,0.07492592234664038,0.336337,99.7,0.6421
2432,1,2326.38,13095.47,0.111184,0.07492539434237565,0.361033,99.7,0.642
2433,1,2327.03,13092.77,0.121388,0.07492486446494855,0.303419,99.1,0.6458
2434,1,2327.69,13090.15,0.116371,0.07492433271438588,0.362503,97.1,0.6591
2435,1,2328.36,13087.57,0.124809,0.0749237990907145,0.334819,95.9,0.667
2436,1,2329.01,13084.93,0.081999,0.07492326359396143,0.278515,97.8,0.6546
2437,1,2329.66,13082.25,0.090683,0.07492272622415369,0.312809,98.5,0.6494
2438,1,2330.34,13079.72,0.139555,0.07492218698131849,0.356687,94.8,0.6748
2439,1,2331.0,13077.13,0.109255,0.07492164586548306,0.309632,96.6,0.6626
2440,1,2331.66,13074.51,0.105405,0.07492110287667478,0.325682,97.3,0.6579
2441,1,2332.32,13071.91,0.127655,0.07492055801492109,0.350874,97.6,0.656
2442,1,2333.0,13069.4,0.112641,0.07492001128024954,0.381883,94.5,0.6776
2443,1,2333.83,13067.74,0.107795,0.07491946267268777,0.288895,77.2,0.8289
2444,1,2334.93,13067.57,0.120788,0.07491891219226353,0.353042,58.6,1.0916
2445,1,2335.86,13066.5,0.090578,0.07491835983900465,0.282932,68.6,0.9335
2446,1,2336.77,13065.27,0.088908,0.07491780561293902,0.286202,70.6,0.9067
2447,1,2337.44,13062.7,0.090937,0.0749172495140947,0.246008,96.2,0.665
2448,1,2338.25,13060.96,0.085143,0.07491669154249979,0.284545,78.7,0.8136
2449,1,2339.02,13058.96,0.084031,0.0749161316981825,0.314959,83.5,0.7668
2450,1,2339.81,13057.09,0.129911,0.07491556998117115,0.483884,81.0,0.7902
2451,1,2340.66,13055.53,0.125244,0.0749150063914941,0.325669,75.7,0.846
2452,1,2341.52,13054.04,0.108968,0.07491444092917986,0.323411,74.6,0.8584
2453,1,2342.41,13052.76,0.102296,0.07491387359425704,0.332038,71.6,0.8944
2454,1,2343.34,13051.66,0.09697,0.0749133043867543,0.356418,68.9,0.9286
2455,1,2344.26,13050.54,0.101017,0.07491273330670042,0.387935,69.3,0.9236
2456,1,2344.95,13048.08,0.104682,0.0749121603541243,0.47764,93.5,0.6841
2457,1,2346.05,13047.92,0.140971,0.07491158552905487,0.407699,58.4,1.0959
2458,1,2346.72,13045.41,0.125217,0.07491100883152121,0.363132,94.8,0.6754
2459,1,2347.52,13043.58,0.07598,0.07491043026155247,0.373122,80.4,0.7963
2460,1,2348.55,13043.05,0.098778,0.0749098498191779,0.293728,62.2,1.0282
2461,1,2349.4,13041.51,0.100593,0.07490926750442686,0.3563,75.8,0.8442
2462,1,2350.2,13039.7,0.103802,0.07490868331732876,0.373163,80.2,0.7982
2463,1,2350.89,13037.26,0.103256,0.07490809725791316,0.313191,93.1,0.6874
2464,1,2351.95,13036.9,0.084488,0.07490750932620968,0.305049,60.4,1.0597
2465,1,2352.6,13034.27,0.113068,0.07490691952224805,0.374642,98.2,0.6515
2466,1,2353.25,13031.62,0.103201,0.0749063278460581,0.254153,98.8,0.6476
2467,1,2353.89,13028.95,0.100194,0.07490573429766971,0.292179,99.6,0.6427
2468,1,2354.55,13026.37,0.110807,0.0749051388771129,0.402374,97.0,0.6599
2469,1,2355.36,13024.57,0.094099,0.0749045415844178,0.215096,80.0,0.8
2470,1,2356.03,13022.05,0.1117,0.07490394241961458,0.33605,95.6,0.6696
2471,1,2356.7,13019.56,0.109059,0.07490334138273354,0.325489,95.0,0.6737
2472,1,2357.36,13017.0,0.102274,0.07490273847380506,0.386742,96.7,0.6618
2473,1,2358.02,13014.39,0.11269,0.07490213369285964,0.334853,98.1,0.6525
2474,1,2358.68,13011.83,0.110628,0.07490152703992783,0.310373,96.6,0.6628
2475,1,2359.34,13009.23,0.100165,0.07490091851504033,0.293614,97.8,0.6542
2476,1,2360.06,13007.02,0.0987,0.07490030811822787,0.244652,88.4,0.7237
2477,1,2360.71,13004.39,0.08963,0.07489969584952134,0.303571,98.8,0.6478
2478,1,2361.55,13002.8,0.094074,0.0748990817089517,0.243407,76.5,0.8366
2479,1,2362.3,13000.76,0.11926,0.07489846569654997,0.326656,84.8,0.7548
2480,1,2363.08,12998.84,0.11786,0.07489784781234729,0.339228,82.5,0.7762
2481,1,2363.87,12997.02,0.099558,0.07489722805637493,0.4004,81.2,0.7884
2482,1,2364.54,12994.47,0.084921,0.0748966064286642,0.302193,96.6,0.6624
2483,1,2365.24,12992.15,0.113327,0.07489598292924655,0.297069,91.2,0.7017
2484,1,2365.89,12989.56,0.103326,0.07489535755815349,0.317853,97.9,0.6537
2485,1,2366.64,12987.5,0.105758,0.07489473031541663,0.279031,85.4,0.7493
2486,1,2367.29,12984.84,0.107192,0.07489410120106768,0.33351,99.8,0.6415
2487,1,2367.93,12982.2,0.106728,0.07489347021513847,0.329591,99.5,0.643
2488,1,2368.57,12979.55,0.112861,0.07489283735766086,0.303594,99.8,0.6414
2489,1,2369.22,12976.95,0.116991,0.07489220262866689,0.402499,98.5,0.65
2490,1,2369.87,12974.32,0.10042,0.07489156602818862,0.330771,99.2,0.6453
2491,1,2370.52,12971.7,0.085812,0.07489092755625824,0.280445,99.2,0.6454
2492,1,2371.16,12969.06,0.084293,0.07489028721290804,0.308254,99.6,0.6428
2493,1,2371.8,12966.42,0.099412,0.0748896449981704,0.377778,99.9,0.6407
2494,1,2372.44,12963.78,0.129143,0.07488900091207776,0.396004,99.7,0.6417
2495,1,2373.1,12961.19,0.115489,0.07488835495466269,0.275078,98.3,0.6513
2496,1,2373.74,12958.58,0.085715,0.07488770712595787,0.276771,99.1,0.6458
2497,1,2374.38,12955.94,0.127741,0.07488705742599604,0.400039,99.7,0.6418
2498,1,2375.03,12953.33,0.108013,0.07488640585481005,0.298559,99.2,0.6449
2499,1,2375.67,12950.69,0.076592,0.07488575241243282,0.316992,99.9,0.6409
2500,1,2376.31,12948.05,0.10214,0.07488509709889743,0.302748,100.0,0.6402
2501,1,2376.96,12945.45,0.110649,0.07488443991423697,0.32199,99.6,0.6428
2502,1,2377.61,12942.86,0.089441,0.07488378085848468,0.269488,98.5,0.6494
2503,1,2378.25,12940.24,0.103658,0.07488311993167389,0.275727,99.6,0.6428
2504,1,2378.9,12937.62,0.108305,0.074882457133838,0.312636,99.8,0.6415
2505,1,2379.54,12935.01,0.088211,0.0748817924650105,0.349557,99.5,0.643
2506,1,2380.18,12932.39,0.110456,0.07488112592522506,0.310235,99.6,0.6425
2507,1,2380.83,12929.78,0.110505,0.07488045751451532,0.311289,99.4,0.6441
2508,1,2381.48,12927.21,0.112342,0.0748797872329151,0.374969,98.4,0.6505
2509,1,2382.14,12924.68,0.086956,0.07487911508045826,0.281646,97.6,0.6557
2510,1,2382.78,12922.1,0.101885,0.07487844105717881,0.337692,98.8,0.6481
2511,1,2383.43,12919.49,0.083224,0.0748777651631108,0.261384,99.5,0.6434
2512,1,2384.07,12916.88,0.090768,0.07487708739828844,0.339583,99.8,0.6415
2513,1,2384.73,12914.34,0.106888,0.07487640776274597,0.351567,97.7,0.655
2514,1,2385.38,12911.77,0.080218,0.07487572625651774,0.315762,98.7,0.6483
2515,1,2386.05,12909.36,0.124701,0.07487504287963821,0.273651,94.6,0.6769
2516,1,2387.07,12908.75,0.132567,0.07487435763214195,0.370522,63.3,1.011
2517,1,2388.02,12907.86,0.123547,0.07487367051406359,0.346588,66.8,0.958
2518,1,2388.84,12906.2,0.089507,0.07487298152543787,0.272792,78.4,0.816
2519,1,2389.52,12903.76,0.103712,0.07487229066629963,0.325598,95.1,0.6727
2520,1,2390.38,12902.35,0.108411,0.0748715979366838,0.322235,74.3,0.8619
2521,1,2391.15,12900.46,0.095339,0.07487090333662537,0.298494,83.5,0.7665
2522,1,2391.83,12898.04,0.111839,0.0748702068661595,0.330257,94.7,0.676
2523,1,2392.67,12896.54,0.092791,0.07486950852532138,0.302015,75.7,0.845
2524,1,2393.4,12894.41,0.13712,0.07486880831414633,0.272881,88.0,0.7277
2525,1,2394.13,12892.26,0.080518,0.07486810623266972,0.25574,88.4,0.7236
2526,1,2395.0,12890.89,0.119411,0.07486740228092706,0.320852,73.6,0.8696
2527,1,2395.78,12889.04,0.092645,0.07486669645895395,0.27663,82.2,0.7787
2528,1,2396.6,12887.4,0.116095,0.07486598876678607,0.349732,78.1,0.8195
2529,1,2397.51,12886.25,0.11963,0.0748652792044592,0.41296,70.4,0.9089
2530,1,2398.18,12883.83,0.085296,0.07486456777200921,0.26728,95.2,0.6726
2531,1,2398.9,12881.63,0.130096,0.07486385446947208,0.319628,89.6,0.7142
2532,1,2400.1,12882.04,0.095199,0.07486313929688385,0.28915,53.3,1.1999
2533,1,2401.14,12881.63,0.098941,0.07486242225428069,0.231667,61.2,1.0457
2534,1,2402.16,12881.01,0.110423,0.07486170334169885,0.291597,63.4,1.0096
2535,1,2402.83,12878.6,0.117758,0.07486098255917469,0.371039,95.2,0.6725
2536,1,2403.58,12876.59,0.09081,0.07486025990674462,0.306191,85.4,0.7491
2537,1,2404.5,12875.5,0.108834,0.0748595353844452,0.35325,69.5,0.9212
2538,1,2405.25,12873.46,0.115338,0.07485880899231305,0.377055,86.2,0.7427
2539,1,2406.22,12872.64,0.096879,0.07485808073038491,0.361104,66.0,0.9703
2540,1,2407.04,12871.05,0.103923,0.07485735059869758,0.380966,77.4,0.8267
2541,1,2407.75,12868.82,0.096428,0.07485661859728798,0.393306,91.2,0.7016
2542,1,2408.6,12867.32,0.099666,0.07485588472619312,0.322483,75.9,0.8436
2543,1,2409.32,12865.19,0.100586,0.07485514898545009,0.354821,88.3,0.7249
2544,1,2410.21,12863.91,0.108415,0.0748544113750961,0.308343,72.5,0.8833
2545,1,2411.2,12863.2,0.100885,0.07485367189516844,0.454771,64.6,0.9906
2546,1,2411.87,12860.78,0.092211,0.07485293054570448,0.315837,95.5,0.6705
2547,1,2412.55,12858.42,0.111675,0.07485218732674173,0.353761,94.0,0.6812
2548,1,2413.6,12857.98,0.124263,0.07485144223831774,0.304811,61.4,1.0426
2549,1,2414.29,12855.69,0.085459,0.0748506952804702,0.305086,92.2,0.6943
2550,1,2415.04,12853.67,0.111801,0.07484994645323687,0.277611,86.6,0.7388
2551,1,2415.79,12851.71,0.100256,0.07484919575665558,0.290668,84.7,0.7559
2552,1,2416.73,12850.71,0.117793,0.07484844319076432,0.345371,68.4,0.9354
2553,1,2417.4,12848.28,0.12538,0.07484768875560112,0.325425,95.9,0.6672
2554,1,2418.08,12845.91,0.085412,0.07484693245120412,0.323214,94.3,0.6784
2555,1,2418.73,12843.43,0.125075,0.07484617427761156,0.303844,97.4,0.6571
2556,1,2419.41,12841.04,0.099252,0.07484541423486178,0.328328,95.0,0.6736
2557,1,2420.07,12838.58,0.120699,0.07484465232299319,0.280773,97.1,0.6592
2558,1,2420.74,12836.17,0.095283,0.07484388854204432,0.370015,95.7,0.6689
2559,1,2421.4,12833.7,0.091024,0.07484312289205379,0.256176,97.2,0.6586
2560,1,2422.06,12831.23,0.108983,0.07484235537306029,0.277788,97.4,0.657
2561,1,2422.74,12828.91,0.119012,0.07484158598510264,0.362353,94.1,0.6799
2562,1,2423.4,12826.4,0.08767,0.07484081472821974,0.362674,98.5,0.65
2563,1,2424.06,12823.96,0.10544,0.07484004160245056,0.337579,96.7,0.662
2564,1,2424.72,12821.48,0.122566,0.07483926660783422,0.315911,97.7,0.6552
2565,1,2425.38,12819.05,0.116715,0.07483848974440988,0.363004,96.6,0.6626
2566,1,2426.04,12816.59,0.11894,0.0748377110122168,0.295832,97.2,0.6584
2567,1,2426.7,12814.16,0.11213,0.07483693041129438,0.310772,96.3,0.6643
2568,1,2427.36,12811.72,0.121483,0.07483614794168207,0.353065,97.0,0.6596
2569,1,2428.02,12809.24,0.112282,0.07483536360341944,0.323637,97.8,0.6541
2570,1,2428.67,12806.76,0.105931,0.07483457739654616,0.267306,98.1,0.6521
2571,1,2429.33,12804.32,0.096509,0.07483378932110193,0.274513,96.7,0.6616
2572,1,2429.99,12801.84,0.109823,0.07483299937712663,0.344922,98.0,0.6529
2573,1,2430.64,12799.34,0.104907,0.07483220756466018,0.300024,98.9,0.6474
2574,1,2431.32,12797.03,0.103871,0.07483141388374262,0.299112,93.4,0.6851
2575,1,2431.99,12794.64,0.101321,0.0748306183344141,0.38351,96.0,0.667
2576,1,2432.68,12792.32,0.11145,0.07482982091671478,0.332503,93.8,0.6826
2577,1,2433.33,12789.84,0.110334,0.07482902163068503,0.398437,98.2,0.6517
2578,1,2434.04,12787.66,0.112634,0.07482822047636524,0.324308,90.6,0.7066
2579,1,2434.71,12785.29,0.094901,0.07482741745379591,0.371111,95.2,0.6723
2580,1,2435.38,12782.94,0.092009,0.07482661256301765,0.341419,94.9,0.6743
2581,1,2436.05,12780.52,0.081555,0.07482580580407114,0.256969,97.2,0.6585
2582,1,2436.71,12778.11,0.09595,0.07482499717699718,0.330236,96.5,0.663
2583,1,2437.39,12775.76,0.10558,0.07482418668183666,0.301157,94.8,0.6752
2584,1,2438.19,12774.1,0.119818,0.07482337431863052,0.353132,79.6,0.8038
2585,1,2438.96,12772.25,0.092029,0.07482256008741987,0.322578,83.1,0.7697
2586,1,2439.62,12769.78,0.096605,0.07482174398824586,0.42303,98.2,0.6514
2587,1,2440.27,12767.32,0.106343,0.07482092602114973,0.4544,98.1,0.6523
2588,1,2440.93,12764.88,0.103822,0.07482010618617287,0.502101,97.6,0.6556
2589,1,2441.59,12762.48,0.129816,0.07481928448335669,0.366708,96.4,0.6637
2590,1,2442.25,12760.07,0.104295,0.07481846091274277,0.404249,96.8,0.6612
2591,1,2442.94,12757.8,0.116906,0.07481763547437273,0.341721,93.1,0.6872
2592,1,2443.59,12755.34,0.09853,0.07481680816828828,0.367407,98.2,0.6514
2593,1,2444.24,12752.86,0.119477,0.0748159789945313,0.493662,98.9,0.647
2594,1,2444.89,12750.36,0.100727,0.07481514795314366,0.322805,99.4,0.6439
2595,1,2445.53,12747.87,0.121892,0.0748143150441674,0.410575,99.3,0.6445
2596,1,2446.19,12745.42,0.099145,0.07481348026764462,0.382767,98.0,0.6528
2597,1,2446.83,12742.92,0.111345,0.07481264362361753,0.320171,99.7,0.642
2598,1,2447.48,12740.45,0.0966,0.07481180511212843,0.306425,98.7,0.6483
2599,1,2448.12,12737.96,0.113091,0.0748109647332197,0.3252,99.5,0.6432
2600,1,2448.77,12735.47,0.104373,0.07481012248693385,0.348938,99.4,0.6436
2601,1,2449.42,12733.02,0.118093,0.07480927837331344,0.360911,99.4,0.6436
2602,1,2450.06,12730.53,0.092126,0.07480843239240116,0.436243,99.6,0.6428
2603,1,2450.7,12728.03,0.100322,0.07480758454423977,0.384474,99.8,0.6414
2604,1,2451.35,12725.54,0.102594,0.07480673482887215,0.32863,99.6,0.6424
2605,1,2451.99,12723.07,0.111348,0.07480588324634124,0.317243,99.1,0.6459
2606,1,2452.7,12720.92,0.097468,0.07480502979669011,0.289041,90.5,0.7074
2607,1,2453.77,12720.63,0.121116,0.07480417447996189,0.406163,60.1,1.0658
2608,1,2454.55,12718.85,0.111671,0.07480331729619984,0.410627,82.2,0.7783
2609,1,2455.42,12717.56,0.107165,0.07480245824544728,0.324967,73.3,0.8728
2610,1,2456.14,12715.45,0.11322,0.07480159732774765,0.262365,89.6,0.7144
2611,1,2456.9,12713.6,0.106616,0.07480073454314447,0.281035,83.7,0.7646
2612,1,2457.56,12711.2,0.084651,0.07479986989168137,0.275297,97.3,0.6575
2613,1,2458.28,12709.12,0.093762,0.07479900337340206,0.329933,88.9,0.7201
2614,1,2458.94,12706.71,0.087135,0.07479813498835036,0.283949,97.7,0.6549
2615,1,2459.58,12704.24,0.120201,0.07479726473657014,0.351183,99.5,0.6433
2616,1,2460.23,12701.76,0.123776,0.07479639261810543,0.353728,99.7,0.6419
2617,1,2460.87,12699.29,0.100905,0.07479551863300031,0.469595,99.5,0.6434
2618,1,2461.52,12696.85,0.10634,0.07479464278129896,0.428833,98.6,0.6492
2619,1,2462.17,12694.42,0.091266,0.07479376506304569,0.33281,98.6,0.6492
2620,1,2462.82,12691.96,0.113973,0.07479288547828483,0.340334,99.2,0.645
2621,1,2463.47,12689.54,0.118875,0.07479200402706089,0.280544,99.0,0.6462
2622,1,2464.11,12687.08,0.102414,0.0747911207094184,0.323319,99.7,0.6422
2623,1,2464.76,12684.63,0.09666,0.07479023552540205,0.280585,99.5,0.6429
2624,1,2465.45,12682.39,0.124674,0.07478934847505657,0.324869,93.4,0.6852
2625,1,2466.09,12679.93,0.118901,0.0747884595584268,0.295037,99.4,0.6436
2626,1,2466.76,12677.63,0.116401,0.07478756877555771,0.357391,94.9,0.6745
2627,1,2467.43,12675.27,0.100293,0.07478667612649431,0.393237,96.6,0.6624
2628,1,2468.08,12672.84,0.085438,0.07478578161128174,0.221825,98.9,0.6474
2629,1,2468.74,12670.51,0.095461,0.07478488522996522,0.254521,95.9,0.6674
2630,1,2469.4,12668.13,0.101811,0.07478398698259009,0.320025,97.4,0.6571
2631,1,2470.06,12665.73,0.132577,0.07478308686920174,0.317046,97.8,0.6541
2632,1,2470.72,12663.36,0.098775,0.07478218488984567,0.363665,97.3,0.658
2633,1,2471.37,12660.98,0.096111,0.0747812810445675,0.297145,97.6,0.6558
2634,1,2472.03,12658.59,0.087097,0.07478037533341292,0.257586,97.8,0.6547
2635,1,2472.69,12656.24,0.105223,0.07477946775642771,0.319842,96.8,0.6609
2636,1,2473.34,12653.81,0.129059,0.07477855831365778,0.358332,99.0,0.6463
2637,1,2473.99,12651.38,0.096565,0.07477764700514908,0.276212,99.0,0.6467
2638,1,2474.64,12649.01,0.113265,0.07477673383094768,0.331343,97.4,0.6574
2639,1,2475.31,12646.66,0.097705,0.07477581879109978,0.252507,96.9,0.6604
2640,1,2475.96,12644.3,0.121689,0.07477490188565163,0.41012,97.3,0.6576
2641,1,2476.62,12641.92,0.120339,0.07477398311464957,0.299025,98.6,0.649
2642,1,2477.26,12639.48,0.10337,0.07477306247814007,0.357111,99.5,0.6435
2643,1,2477.91,12637.04,0.092961,0.07477213997616966,0.351947,99.8,0.6413
2644,1,2478.55,12634.6,0.093667,0.07477121560878498,0.372979,99.7,0.6422
2645,1,2479.19,12632.17,0.085666,0.07477028937603278,0.325057,99.4,0.6442
2646,1,2479.84,12629.75,0.111333,0.07476936127795987,0.253893,99.4,0.6439
2647,1,2480.48,12627.32,0.105747,0.07476843131461318,0.333607,99.3,0.6444
2648,1,2481.13,12624.92,0.092921,0.07476749948603972,0.321699,99.0,0.6466
2649,1,2481.78,12622.52,0.103244,0.07476656579228662,0.27954,98.8,0.6479
2650,1,2482.44,12620.15,0.096036,0.07476563023340106,0.237548,98.1,0.6527
2651,1,2483.09,12617.75,0.095735,0.07476469280943035,0.376308,98.8,0.6477
2652,1,2483.74,12615.38,0.12375,0.07476375352042189,0.381385,98.0,0.6533
2653,1,2484.39,12612.97,0.119154,0.07476281236642315,0.461547,99.1,0.6459
2654,1,2485.03,12610.55,0.091098,0.07476186934748173,0.366898,99.4,0.644
2655,1,2485.67,12608.12,0.101549,0.0747609244636453,0.299004,99.7,0.6418
2656,1,2486.32,12605.7,0.087246,0.07475997771496164,0.309159,99.6,0.6424
2657,1,2486.96,12603.28,0.099333,0.07475902910147858,0.365833,99.6,0.6427
2658,1,2487.6,12600.86,0.094377,0.07475807862324411,0.334374,99.8,0.6411
2659,1,2488.24,12598.44,0.094698,0.07475712628030629,0.27696,99.7,0.6419
2660,1,2488.89,12596.01,0.126281,0.07475617207271323,0.455557,99.7,0.6417
2661,1,2489.54,12593.63,0.095874,0.07475521600051323,0.25742,99.6,0.6423
2662,1,2490.18,12591.21,0.110314,0.07475425806375458,0.38478,100.0,0.6403
2663,1,2490.82,12588.78,0.07999,0.07475329826248572,0.33398,99.9,0.6409
2664,1,2491.46,12586.37,0.101968,0.07475233659675518,0.305419,99.7,0.642
2665,1,2492.1,12583.95,0.123761,0.07475137306661159,0.34711,99.9,0.6409
2666,1,2492.75,12581.54,0.132801,0.07475040767210364,0.387805,99.7,0.6417
2667,1,2493.39,12579.13,0.099841,0.07474944041328015,0.381421,99.8,0.6412
2668,1,2494.03,12576.72,0.103445,0.07474847129019002,0.275715,99.7,0.6422
2669,1,2494.67,12574.31,0.08299,0.07474750030288224,0.340257,99.9,0.6409
2670,1,2495.31,12571.9,0.096314,0.07474652745140592,0.375673,99.8,0.6411
2671,1,2495.96,12569.49,0.120026,0.07474555273581023,0.440999,99.8,0.6416
2672,1,2496.6,12567.09,0.095242,0.07474457615614444,0.256362,99.7,0.6417
2673,1,2497.24,12564.69,0.118894,0.07474359771245793,0.273177,99.6,0.6425
2674,1,2497.89,12562.29,0.085217,0.07474261740480019,0.303974,99.6,0.6426
2675,1,2498.53,12559.9,0.127458,0.07474163523322075,0.348413,99.4,0.6439
2676,1,2499.17,12557.51,0.103204,0.07474065119776926,0.335334,99.5,0.6432
2677,1,2499.82,12555.12,0.103688,0.07473966529849552,0.295894,99.6,0.6426
2678,1,2500.46,12552.73,0.087107,0.07473867753544933,0.440855,99.5,0.643
2679,1,2501.1,12550.33,0.121133,0.07473768790868064,0.350915,99.8,0.6413
2680,1,2501.75,12547.94,0.125051,0.07473669641823949,0.508621,99.6,0.6426
2681,1,2502.39,12545.57,0.122313,0.074735703064176,0.351816,99.7,0.6421
2682,1,2503.04,12543.18,0.126252,0.07473470784654039,0.340867,99.6,0.6425
2683,1,2503.68,12540.8,0.124169,0.07473371076538297,0.300694,99.5,0.6431
2684,1,2504.32,12538.41,0.131835,0.07473271182075417,0.321587,99.7,0.6418
2685,1,2504.97,12536.03,0.095816,0.07473171101270447,0.35931,99.6,0.6424
2686,1,2505.61,12533.65,0.100915,0.0747307083412845,0.343904,99.6,0.6425
2687,1,2623.08,13115.42,0.098153,0.0747297038065449,0.4249,0.2,117.472
2688,2,2629.17,13139.97,0.099344,0.07472869740853649,0.43957,74.9,0.8543
2689,2,2629.86,13137.58,0.093682,0.07472768914731016,0.234884,93.0,0.6879
2690,2,2630.55,13135.13,0.105171,0.07472667902291688,0.385629,93.7,0.683
2691,2,2631.25,13132.78,0.087249,0.0747256670354077,0.295957,91.3,0.7011
2692,2,2631.93,13130.3,0.097793,0.0747246531848338,0.340614,94.7,0.6757
2693,2,2632.62,13127.93,0.105258,0.07472363747124643,0.340829,91.9,0.6965
2694,2,2633.34,13125.63,0.09925,0.07472261989469695,0.266649,90.0,0.7111
2695,2,2634.01,13123.11,0.096612,0.07472160045523679,0.32271,95.8,0.6682
2696,2,2634.69,13120.69,0.091918,0.0747205791529175,0.271349,93.2,0.6868
2697,2,2635.37,13118.24,0.110453,0.0747195559877907,0.312781,94.3,0.6785
2698,2,2636.07,13115.85,0.120513,0.07471853095990816,0.266422,92.5,0.6917
2699,2,2636.75,13113.4,0.121352,0.07471750406932166,0.329148,94.0,0.6807
2700,2,2637.43,13110.94,0.114383,0.07471647531608314,0.30512,94.6,0.6763
2701,2,2649.71,13166.15,0.104642,0.07471544470024459,0.326853,90.7,0.7059
2702,2,2650.54,13164.43,0.107308,0.07471441222185814,0.312003,77.2,0.8289
2703,2,2651.37,13162.67,0.117846,0.07471337788097597,0.38341,77.7,0.8233
2704,2,2652.17,13160.8,0.139071,0.07471234167765037,0.460634,80.1,0.7993
2705,2,2653.01,13159.11,0.127049,0.07471130361193375,0.579747,76.3,0.8384
2706,2,2653.72,13156.78,0.102293,0.07471026368387856,0.360344,90.6,0.7064
2707,2,2654.5,13154.84,0.121956,0.07470922189353742,0.277019,81.5,0.7854
2708,2,2655.21,13152.52,0.135773,0.07470817824096297,0.356198,90.4,0.7082
2709,2,2656.04,13150.8,0.113326,0.07470713272620796,0.369102,77.1,0.8298
2710,2,2656.9,13149.21,0.114668,0.0747060853493253,0.399061,74.7,0.8566
2711,2,2657.79,13147.77,0.107985,0.07470503611036788,0.256188,72.2,0.8863
2712,2,2658.63,13146.1,0.111488,0.07470398500938878,0.286585,76.4,0.838
2713,2,2659.43,13144.24,0.106061,0.07470293204644114,0.265388,79.9,0.801
2714,2,2660.09,13141.67,0.082621,0.0747018772215782,0.253804,97.5,0.6563
2715,2,2660.75,13139.09,0.10817,0.07470082053485327,0.407784,97.6,0.6557
2716,2,2661.41,13136.55,0.106271,0.07469976198631978,0.284322,96.4,0.664
2717,2,2662.07,13133.98,0.118082,0.07469870157603126,0.337244,97.7,0.6552
2718,2,2662.72,13131.36,0.106478,0.0746976393040413,0.349045,98.9,0.6468
2719,2,2663.37,13128.79,0.130575,0.07469657517040362,0.405048,97.6,0.6556
2720,2,2664.03,13126.22,0.112594,0.07469550917517202,0.304536,97.7,0.6554
2721,2,2664.69,13123.67,0.096449,0.07469444131840039,0.428589,97.9,0.6538
2722,2,2665.36,13121.16,0.102577,0.07469337160014272,0.285872,96.1,0.6659
2723,2,2666.02,13118.63,0.114189,0.07469230002045309,0.36644,96.4,0.6636
2724,2,2666.69,13116.11,0.125476,0.07469122657938568,0.331308,96.3,0.6644
2725,2,2667.34,13113.52,0.115079,0.07469015127699474,0.272277,98.3,0.6514
2726,2,2668.0,13110.99,0.118386,0.07468907411333467,0.389298,96.8,0.6614
2727,2,2668.67,13108.47,0.121629,0.0746879950884599,0.477573,96.4,0.6642
2728,2,2669.33,13105.93,0.131875,0.07468691420242499,0.277827,97.2,0.6585
2729,2,2670.0,13103.43,0.101054,0.07468583145528458,0.325857,95.7,0.6686
2730,2,2670.66,13100.93,0.103146,0.07468474684709342,0.321829,95.9,0.6675
2731,2,2671.33,13098.43,0.10877,0.07468366037790634,0.428935,96.1,0.6661
2732,2,2672.0,13095.93,0.107429,0.07468257204777828,0.523663,96.1,0.6661
2733,2,2672.68,13093.5,0.105877,0.07468148185676426,0.337141,94.1,0.6801
2734,2,2673.36,13091.03,0.098361,0.0746803898049194,0.271012,95.0,0.674
2735,2,2674.01,13088.49,0.099919,0.07467929589229888,0.312075,97.4,0.6571
2736,2,2674.66,13085.91,0.109727,0.07467820011895804,0.38835,98.5,0.6494
2737,2,2675.32,13083.37,0.118916,0.07467710248495227,0.414295,97.6,0.6557
2738,2,2675.98,13080.83,0.102408,0.07467600299033704,0.311549,97.3,0.6576
2739,2,2676.63,13078.26,0.120164,0.07467490163516798,0.292747,98.4,0.6505
2740,2,2677.28,13075.68,0.116716,0.07467379841950074,0.273967,98.8,0.648
2741,2,2677.94,13073.14,0.088789,0.0746726933433911,0.306287,98.5,0.6496
2742,2,2678.59,13070.58,0.098839,0.07467158640689495,0.328478,98.3,0.651
2743,2,2679.25,13068.06,0.094543,0.07467047761006823,0.344597,97.1,0.659
2744,2,2679.91,13065.54,0.114868,0.074669366952967,0.33473,96.9,0.6604
2745,2,2680.57,13063.01,0.099658,0.07466825443564742,0.332764,97.6,0.6556
2746,2,2681.22,13060.46,0.107037,0.07466714005816573,0.528625,98.2,0.6517
2747,2,2681.87,13057.91,0.121083,0.07466602382057827,0.302611,98.4,0.6507
2748,2,2682.71,13056.23,0.118402,0.07466490572294149,0.410768,77.0,0.8312
2749,2,2683.46,13054.18,0.137515,0.0746637857653119,0.418285,84.8,0.7543
2750,2,2684.14,13051.76,0.099337,0.07466266394774612,0.492539,94.4,0.6783
2751,2,2684.79,13049.22,0.097954,0.07466154027030086,0.360643,98.1,0.6526
2752,2,2685.46,13046.71,0.132393,0.07466041473303295,0.45911,96.9,0.6603
2753,2,2686.12,13044.2,0.129665,0.07465928733599929,0.431877,97.3,0.6579
2754,2,2686.78,13041.69,0.13027,0.07465815807925687,0.465212,97.2,0.6583
2755,2,2687.45,13039.25,0.101113,0.07465702696286278,0.33184,95.5,0.6704
2756,2,2688.1,13036.72,0.126987,0.07465589398687422,0.365404,97.9,0.654
2757,2,2688.77,13034.24,0.109874,0.07465475915134846,0.333585,96.4,0.6641
2758,2,2689.42,13031.71,0.119577,0.07465362245634288,0.452816,97.9,0.6538
2759,2,2690.08,13029.18,0.096849,0.07465248390191494,0.34028,97.8,0.6541
2760,2,2690.75,13026.72,0.114207,0.07465134348812219,0.258735,96.0,0.667
2761,2,2691.42,13024.28,0.123239,0.07465020121502232,0.424448,96.4,0.6637
2762,2,2692.07,13021.77,0.105566,0.07464905708267305,0.305701,97.7,0.6554
2763,2,2692.75,13019.33,0.087831,0.07464791109113224,0.454619,95.4,0.6706
2764,2,2693.44,13017.02,0.153011,0.07464676324045783,0.38026,91.7,0.6976
2765,2,2694.18,13014.9,0.100599,0.07464561353070784,0.265234,86.9,0.7362
2766,2,2694.94,13012.89,0.093499,0.07464446196194041,0.303273,84.3,0.759
2767,2,2695.85,13011.58,0.08194,0.07464330853421375,0.324097,70.8,0.9042
2768,2,2696.7,13010.04,0.113363,0.07464215324758618,0.358141,74.8,0.8551
2769,2,2697.5,13008.22,0.1287,0.0746409961021161,0.312993,80.3,0.7972
2770,2,2698.3,13006.38,0.117047,0.07463983709786201,0.340357,80.7,0.7932
2771,2,2699.0,13004.08,0.113,0.07463867623488252,0.33833,91.6,0.6986
2772,2,2699.68,13001.7,0.08911,0.0746375135132363,0.358482,94.0,0.6806
2773,2,2700.34,12999.22,0.115085,0.07463634893298214,0.345717,96.9,0.6603
2774,2,2701.0,12996.74,0.100936,0.07463518249417894,0.455342,97.3,0.6579
2775,2,2701.66,12994.25,0.105075,0.07463401419688566,0.303576,97.2,0.6583
2776,2,2702.33,12991.82,0.097643,0.07463284404116136,0.523494,95.7,0.6687
2777,2,2703.0,12989.37,0.08971,0.07463167202706518,0.422527,96.4,0.664
2778,2,2703.67,12986.94,0.105679,0.07463049815465642,0.366624,95.5,0.6704
2779,2,2704.34,12984.52,0.106251,0.0746293224239944,0.32318,95.6,0.6697
2780,2,2705.0,12982.06,0.099925,0.07462814483513855,0.377362,96.5,0.6631
2781,2,2705.66,12979.6,0.087352,0.07462696538814842,0.237012,97.6,0.6556
2782,2,2706.34,12977.22,0.100446,0.07462578408308364,0.347277,94.4,0.6777
2783,2,2707.02,12974.82,0.122821,0.07462460092000392,0.299688,94.8,0.6754
2784,2,2707.68,12972.37,0.098851,0.07462341589896909,0.360012,96.6,0.6624
2785,2,2708.34,12969.9,0.132789,0.07462222902003908,0.442006,97.2,0.6584
2786,2,2709.03,12967.55,0.095577,0.07462104028327386,0.328339,93.9,0.6818
2787,2,2709.7,12965.14,0.10031,0.07461984968873357,0.253061,95.2,0.6723
2788,2,2710.36,12962.69,0.089883,0.07461865723647837,0.347801,96.6,0.6625
2789,2,2711.03,12960.24,0.118141,0.07461746292656855,0.279177,96.9,0.6601
2790,2,2711.71,12957.87,0.105671,0.07461626675906449,0.414769,94.3,0.6786
2791,2,2712.36,12955.4,0.112025,0.0746150687340267,0.281511,97.5,0.6562
2792,2,2713.03,12952.99,0.121439,0.07461386885151569,0.297724,95.4,0.6708
2793,2,2713.71,12950.59,0.085655,0.07461266711159216,0.328276,95.2,0.672
2794,2,2714.37,12948.15,0.125604,0.07461146351431686,0.296603,96.8,0.6613
2795,2,2715.04,12945.72,0.126323,0.07461025805975065,0.252213,96.3,0.6645
2796,2,2715.71,12943.31,0.096863,0.07460905074795444,0.383024,95.6,0.6693
2797,2,2716.38,12940.93,0.080297,0.07460784157898931,0.306758,94.9,0.6744
2798,2,2717.06,12938.55,0.125765,0.07460663055291636,0.314368,94.8,0.6749
2799,2,2717.73,12936.17,0.127878,0.07460541766979684,0.287713,95.1,0.6733
2800,2,2718.41,12933.78,0.116225,0.07460420292969205,0.346284,95.3,0.6718
2801,2,2719.11,12931.57,0.110222,0.07460298633266343,0.397578,95.5,0.6698
2802,2,2719.78,12929.16,0.118201,0.07460176787877247,0.57815,96.0,0.6666
2803,2,2720.44,12926.7,0.100285,0.07460054756808077,0.390934,97.4,0.6571
2804,2,2721.1,12924.26,0.097763,0.07459932540065002,0.247351,97.1,0.6594
2805,2,2721.76,12921.79,0.109916,0.07459810137654202,0.361137,97.8,0.6544
2806,2,2722.41,12919.33,0.09406,0.07459687549581866,0.403488,97.6,0.6554
2807,2,2723.08,12916.92,0.117284,0.0745956477585419,0.324736,96.4,0.6637
2808,2,2723.74,12914.47,0.087153,0.07459441816477383,0.261665,97.3,0.6578
2809,2,2724.4,12912.02,0.113582,0.0745931867145766,0.339051,97.3,0.6579
2810,2,2725.06,12909.61,0.115559,0.07459195340801246,0.286674,96.4,0.6639
2811,2,2725.72,12907.17,0.091999,0.07459071824514378,0.36538,97.2,0.6586
2812,2,2726.38,12904.74,0.098992,0.074589481226033,0.292082,97.1,0.6593
2813,2,2727.04,12902.3,0.083112,0.07458824235074266,0.400316,97.2,0.6588
2814,2,2727.69,12899.84,0.10815,0.0745870016193354,0.334029,98.2,0.6519
2815,2,2728.34,12897.34,0.087944,0.07458575903187394,0.356106,99.3,0.6445
2816,2,2728.99,12894.86,0.098234,0.07458451458842111,0.234845,98.6,0.649
2817,2,2729.63,12892.35,0.108836,0.07458326828903981,0.396064,99.6,0.6423
2818,2,2730.28,12889.88,0.110992,0.07458202013379307,0.302469,98.7,0.6485
2819,2,2730.93,12887.41,0.111791,0.07458077012274399,0.355476,98.6,0.6494
2820,2,2731.58,12884.93,0.118486,0.07457951825595575,0.551125,98.7,0.6481
2821,2,2732.26,12882.59,0.114423,0.07457826453349166,0.369602,95.7,0.6687
2822,2,2732.91,12880.14,0.096539,0.07457700895541508,0.291816,98.0,0.6528
2823,2,2733.58,12877.74,0.102561,0.07457575152178951,0.309082,96.4,0.6637
2824,2,2734.24,12875.34,0.121091,0.07457449223267852,0.346919,96.4,0.664
2825,2,2734.9,12872.9,0.113174,0.07457323108814577,0.267733,97.9,0.6536
2826,2,2735.55,12870.45,0.103915,0.07457196808825502,0.382506,97.9,0.6536
2827,2,2736.21,12868.02,0.143777,0.07457070323307012,0.525021,97.5,0.6562
2828,2,2736.87,12865.6,0.111991,0.07456943652265503,0.349926,97.5,0.6562
2829,2,2737.52,12863.16,0.099014,0.07456816795707379,0.312218,97.7,0.6548
2830,2,2738.19,12860.78,0.09893,0.07456689753639052,0.366303,96.1,0.6663
2831,2,2738.86,12858.4,0.113385,0.07456562526066947,0.349311,96.2,0.665
2832,2,2739.52,12856.01,0.103779,0.07456435112997493,0.414522,96.6,0.6625
2833,2,2740.19,12853.64,0.113746,0.07456307514437137,0.377251,95.9,0.6673
2834,2,2740.85,12851.25,0.120081,0.07456179730392325,0.32284,96.5,0.6635
2835,2,2741.52,12848.89,0.110951,0.07456051760869518,0.330878,95.6,0.6696
2836,2,2742.17,12846.44,0.143609,0.0745592360587519,0.546796,98.6,0.6494
2837,2,2742.82,12843.99,0.130171,0.07455795265415814,0.355766,98.5,0.65
2838,2,2743.47,12841.54,0.112113,0.07455666739497883,0.300266,98.7,0.6484
2839,2,2744.13,12839.14,0.095505,0.07455538028127894,0.315771,97.2,0.6585
2840,2,2744.79,12836.72,0.142537,0.07455409131312353,0.402704,97.7,0.655
2841,2,2745.46,12834.35,0.089237,0.07455280049057778,0.401838,97.1,0.6591
2842,2,2746.11,12831.95,0.090466,0.07455150781370694,0.365831,97.5,0.6565
2843,2,2746.77,12829.51,0.112102,0.07455021328257637,0.409403,98.4,0.6507
2844,2,2747.42,12827.08,0.098564,0.07454891689725152,0.311004,98.2,0.6518
2845,2,2748.07,12824.66,0.100071,0.07454761865779792,0.373259,97.8,0.6542
2846,2,2748.73,12822.26,0.096187,0.07454631856428122,0.310472,97.3,0.6574
2847,2,2749.39,12819.86,0.132136,0.07454501661676713,0.442244,97.4,0.6568
2848,2,2750.04,12817.45,0.112162,0.07454371281532149,0.359983,97.9,0.654
2849,2,2750.7,12815.05,0.108136,0.07454240716001022,0.457624,97.3,0.6574
2850,2,2751.36,12812.65,0.141855,0.07454109965089932,0.369667,97.6,0.656
2851,2,2752.02,12810.24,0.101135,0.0745397902880549,0.36367,97.7,0.6552
2852,2,2752.67,12807.81,0.132754,0.07453847907154314,0.457513,98.7,0.6486
2853,2,2753.33,12805.42,0.115995,0.07453716600143036,0.37477,97.1,0.6593
2854,2,2753.99,12803.08,0.111887,0.07453585107778292,0.370621,95.9,0.6674
2855,2,2754.65,12800.66,0.106404,0.07453453430066731,0.337899,98.3,0.6512
2856,2,2755.31,12798.3,0.097627,0.0745332156701501,0.383122,96.5,0.6635
2857,2,2755.97,12795.94,0.101963,0.07453189518629796,0.327542,96.6,0.6626
2858,2,2756.63,12793.56,0.110047,0.07453057284917766,0.297844,97.2,0.6587
2859,2,2757.3,12791.23,0.098843,0.07452924865885603,0.295991,95.5,0.6699
2860,2,2757.96,12788.85,0.106122,0.07452792261540002,0.374934,97.1,0.659
2861,2,2758.63,12786.51,0.131841,0.0745265947188767,0.310861,97.0,0.66
2862,2,2759.29,12784.13,0.096352,0.07452526496935316,0.400159,97.2,0.6587
2863,2,2760.02,12782.1,0.107004,0.07452393336689667,0.294296,87.3,0.733
2864,2,2760.8,12780.28,0.105744,0.07452259991157452,0.404419,82.3,0.7777
2865,2,2761.57,12778.41,0.09748,0.07452126460345415,0.300073,83.5,0.7666
2866,2,2762.23,12776.05,0.105498,0.07451992744260307,0.339221,96.7,0.6615
2867,2,2762.92,12773.83,0.101717,0.07451858842908887,0.387978,92.7,0.6904
2868,2,2763.59,12771.5,0.116044,0.07451724756297924,0.264187,95.7,0.6684
2869,2,2764.4,12769.83,0.114509,0.07451590484434198,0.286853,79.1,0.8088
2870,2,2765.07,12767.49,0.121075,0.07451456027324498,0.347509,96.3,0.6649
2871,2,2765.78,12765.36,0.117061,0.0745132138497562,0.299016,90.4,0.7079
2872,2,2766.57,12763.62,0.080413,0.07451186557394372,0.243074,80.5,0.7946
2873,2,2767.25,12761.35,0.101025,0.07451051544587572,0.346123,94.3,0.6787
2874,2,2767.91,12758.99,0.083968,0.07450916346562045,0.599189,97.0,0.6597
2875,2,2768.61,12756.81,0.114111,0.07450780963324624,0.337022,91.8,0.6975
2876,2,2769.3,12754.59,0.124446,0.07450645394882156,0.392865,92.8,0.6895
2877,2,2770.04,12752.57,0.096281,0.07450509641241496,0.321124,87.4,0.7326
2878,2,2770.81,12750.73,0.109954,0.07450373702409505,0.397583,82.9,0.7718
2879,2,2771.59,12748.92,0.117378,0.07450237578393056,0.366499,82.5,0.7758
2880,2,2772.31,12746.86,0.121691,0.0745010126919903,0.347807,88.5,0.7232
2881,2,2773.07,12744.94,0.113718,0.07449964774834322,0.292328,85.3,0.7499
2882,2,2773.74,12742.65,0.110414,0.0744982809530583,0.317273,95.3,0.6717
2883,2,2774.51,12740.8,0.104964,0.07449691230620464,0.390134,83.4,0.7677
2884,2,2775.18,12738.48,0.114348,0.07449554180785145,0.420631,96.1,0.6661
2885,2,2775.88,12736.34,0.112956,0.07449416945806801,0.268766,90.9,0.704
2886,2,2776.55,12734.05,0.085559,0.0744927952569237,0.479804,95.3,0.6717
2887,2,2777.23,12731.78,0.092706,0.07449141920448801,0.273325,94.6,0.6765
2888,2,2778.16,12730.68,0.103404,0.07449004130083048,0.288555,68.8,0.9303
2889,2,2778.92,12728.78,0.126615,0.0744886615460208,0.333827,84.6,0.7568
2890,2,2779.7,12726.99,0.096556,0.07448727994012871,0.315513,82.1,0.7796
2891,2,2780.49,12725.23,0.089155,0.07448589648322407,0.35146,81.4,0.7862
2892,2,2781.26,12723.38,0.120022,0.07448451117537681,0.487964,83.4,0.7676
2893,2,2782.13,12722.03,0.109008,0.07448312401665699,0.364678,73.1,0.8749
2894,2,2782.96,12720.45,0.111118,0.07448173500713474,0.262985,77.5,0.8256
2895,2,2783.67,12718.36,0.115317,0.07448034414688026,0.291673,89.7,0.7137
2896,2,2784.35,12716.11,0.110398,0.07447895143596389,0.31276,94.2,0.6797
2897,2,2785.08,12714.09,0.088153,0.07447755687445604,0.360688,88.0,0.7269
2898,2,2785.76,12711.85,0.100838,0.0744761604624272,0.451347,93.9,0.6812
2899,2,2786.44,12709.58,0.093229,0.07447476219994796,0.318261,95.0,0.6737
2900,2,2787.11,12707.3,0.114131,0.07447336208708905,0.31056,95.4,0.671
2901,2,2787.94,12705.74,0.108712,0.07447196012392122,0.354583,78.1,0.82
2902,2,2788.68,12703.77,0.078935,0.07447055631051537,0.234726,86.7,0.7383
2903,2,2789.35,12701.47,0.087817,0.07446915064694246,0.326153,96.3,0.6648
2904,2,2790.1,12699.57,0.116664,0.07446774313327356,0.513082,84.9,0.7537
2905,2,2790.82,12697.52,0.098671,0.07446633376957984,0.337345,88.7,0.7217
2906,2,2791.59,12695.67,0.113654,0.07446492255593254,0.304349,84.0,0.7623
2907,2,2792.26,12693.39,0.117263,0.07446350949240302,0.349324,95.4,0.6708
2908,2,2792.95,12691.19,0.116015,0.07446209457906272,0.326401,93.3,0.6862
2909,2,2793.79,12689.69,0.106173,0.07446067781598315,0.310259,76.1,0.8406
2910,2,2794.59,12688.03,0.099395,0.07445925920323596,0.44171,79.4,0.8065
2911,2,2795.38,12686.28,0.11527,0.07445783874089286,0.555315,81.6,0.7839
2912,2,2796.07,12684.07,0.10469,0.07445641642902567,0.251379,93.4,0.6853
2913,2,2796.91,12682.58,0.099985,0.0744549922677063,0.419868,76.2,0.8404
2914,2,2797.61,12680.43,0.098429,0.07445356625700676,0.428408,91.6,0.6984
2915,2,2798.34,12678.44,0.111261,0.07445213839699913,0.44319,87.4,0.7323
2916,2,2799.02,12676.23,0.114332,0.0744507086877556,0.37258,93.9,0.6818
2917,2,2799.71,12674.03,0.096027,0.07444927712934846,0.345739,93.4,0.6854
2918,2,2800.39,12671.79,0.125668,0.07444784372185008,0.53667,94.7,0.6759
2919,2,2801.08,12669.63,0.116177,0.07444640846533292,0.314678,92.5,0.6919
2920,2,2801.76,12667.43,0.095937,0.07444497135986956,0.286096,93.4,0.6855
2921,2,2802.42,12665.08,0.125457,0.07444353240553266,0.279328,99.1,0.6458
2922,2,2803.07,12662.75,0.110364,0.07444209160239494,0.452407,97.8,0.6542
2923,2,2803.74,12660.46,0.120457,0.07444064895052928,0.614375,96.5,0.6634
2924,2,2804.39,12658.12,0.109374,0.07443920445000858,0.390957,98.2,0.652
2925,2,2805.05,12655.79,0.127915,0.07443775810090589,0.40599,97.8,0.6546
2926,2,2805.7,12653.47,0.101908,0.07443630990329433,0.309312,97.5,0.6567
2927,2,2806.37,12651.18,0.094973,0.07443485985724711,0.227607,96.6,0.6622
2928,2,2807.02,12648.84,0.11492,0.07443340796283755,0.551927,98.2,0.6516
2929,2,2807.67,12646.52,0.117344,0.07443195422013907,0.50989,97.8,0.6544
2930,2,2808.33,12644.2,0.130103,0.07443049862922514,0.336346,97.5,0.6562
2931,2,2809.0,12641.92,0.125375,0.07442904119016935,0.351666,96.5,0.6632
2932,2,2809.65,12639.6,0.119169,0.0744275819030454,0.28661,97.9,0.6536
2933,2,2810.31,12637.31,0.111175,0.07442612076792705,0.322953,96.6,0.6628
2934,2,2810.97,12635.0,0.117291,0.07442465778488819,0.328892,97.7,0.6552
2935,2,2811.63,12632.72,0.10889,0.07442319295400276,0.285665,96.5,0.6631
2936,2,2812.31,12630.48,0.113205,0.07442172627534485,0.487263,95.3,0.6714
2937,2,2812.97,12628.2,0.119027,0.0744202577489886,0.322287,96.6,0.6622
2938,2,2813.64,12625.93,0.118397,0.07441878737500823,0.522169,96.2,0.6651
2939,2,2814.29,12623.61,0.103527,0.0744173151534781,0.415691,98.1,0.6524
2940,2,2814.95,12621.3,0.126905,0.07441584108447265,0.335017,97.7,0.6549
2941,2,2815.61,12619.04,0.107481,0.07441436516806638,0.332032,97.0,0.6597
2942,2,2816.28,12616.78,0.102733,0.07441288740433392,0.363037,96.2,0.6656
2943,2,2816.95,12614.55,0.081618,0.07441140779334998,0.310997,95.4,0.671
2944,2,2817.61,12612.27,0.107571,0.07440992633518938,0.395758,96.7,0.6617
2945,2,2818.28,12610.0,0.113079,0.074408443029927,0.347172,96.8,0.6613
2946,2,2818.94,12607.71,0.110671,0.07440695787763783,0.447929,97.2,0.6586
2947,2,2819.59,12605.39,0.100077,0.07440547087839697,0.365874,98.4,0.6505
2948,2,2820.24,12603.06,0.109342,0.07440398203227959,0.413261,98.6,0.6494
2949,2,2820.9,12600.8,0.118658,0.07440249133936096,0.299132,96.4,0.6638
2950,2,2821.57,12598.56,0.120258,0.07440099879971644,0.528425,95.8,0.668
2951,2,2822.23,12596.25,0.109708,0.07439950441342151,0.440342,98.0,0.6529
2952,2,2822.9,12594.03,0.111252,0.07439800818055169,0.31807,95.3,0.6715
2953,2,2823.58,12591.84,0.111335,0.07439651010118264,0.361531,94.1,0.6799
2954,2,2824.38,12590.18,0.105532,0.07439501017539012,0.310519,80.2,0.7977
2955,2,2825.08,12588.1,0.115375,0.07439350840324992,0.323728,91.1,0.7027
2956,2,2825.75,12585.87,0.112554,0.07439200478483801,0.387057,95.8,0.6684
2957,2,2826.41,12583.58,0.112138,0.07439049932023038,0.320518,97.7,0.6551
2958,2,2827.07,12581.31,0.11403,0.07438899200950316,0.306755,97.1,0.6592
2959,2,2827.72,12579.02,0.094108,0.07438748285273254,0.328424,97.7,0.6549
2960,2,2828.38,12576.74,0.119848,0.07438597184999482,0.326023,97.4,0.6569
2961,2,2829.05,12574.49,0.10486,0.0743844590013664,0.29097,97.3,0.658
2962,2,2829.7,12572.18,0.127584,0.07438294430692374,0.264103,98.6,0.6492
2963,2,2830.35,12569.88,0.103077,0.07438142776674346,0.249287,98.2,0.652
2964,2,2831.0,12567.58,0.11946,0.0743799093809022,0.396596,98.6,0.6489
2965,2,2831.65,12565.26,0.097234,0.07437838914947675,0.431153,98.8,0.6481
2966,2,2832.3,12562.95,0.096412,0.07437686707254396,0.285484,98.8,0.6475
2967,2,2832.95,12560.67,0.133405,0.07437534315018075,0.416306,97.6,0.6556
2968,2,2833.61,12558.38,0.12583,0.07437381738246421,0.529149,97.9,0.6537
2969,2,2834.27,12556.14,0.124609,0.07437228976947147,0.586539,96.5,0.6631
2970,2,2835.0,12554.19,0.146497,0.07437076031127975,0.333148,87.9,0.7279
2971,2,2835.67,12551.95,0.120877,0.07436922900796637,0.361338,96.3,0.6648
2972,2,2836.39,12549.95,0.115955,0.07436769585960876,0.296357,89.2,0.7174
2973,2,2837.09,12547.88,0.116601,0.07436616086628442,0.408357,91.4,0.7
2974,2,2837.89,12546.25,0.137046,0.07436462402807097,0.58891,80.1,0.7993
2975,2,2838.71,12544.73,0.098158,0.0743630853450461,0.416549,77.6,0.8253
2976,2,2839.51,12543.09,0.112809,0.07436154481728759,0.286186,80.1,0.7989
2977,2,2840.18,12540.87,0.090573,0.07436000244487334,0.385247,96.0,0.6669
2978,2,2840.83,12538.59,0.090629,0.07435845822788133,0.32062,98.0,0.6528
2979,2,2841.5,12536.36,0.103902,0.07435691216638962,0.344846,96.5,0.663
2980,2,2842.16,12534.13,0.116803,0.07435536426047638,0.349167,96.7,0.6621
2981,2,2842.84,12531.94,0.086295,0.07435381451021988,0.276421,96.1,0.6658
2982,2,2843.5,12529.69,0.099792,0.07435226291569846,0.343897,97.2,0.6585
2983,2,2844.16,12527.45,0.116524,0.07435070947699056,0.366682,96.8,0.6613
2984,2,2844.82,12525.2,0.110528,0.07434915419417472,0.316135,97.2,0.6586
2985,2,2845.48,12522.95,0.105339,0.07434759706732956,0.297398,97.3,0.6579
2986,2,2846.13,12520.68,0.100797,0.07434603809653383,0.403423,98.2,0.6516
2987,2,2846.78,12518.39,0.125705,0.07434447728186631,0.321202,98.5,0.6499
2988,2,2847.43,12516.1,0.124893,0.07434291462340595,0.29845,98.8,0.6477
2989,2,2848.07,12513.8,0.113797,0.07434135012123173,0.426955,99.1,0.6457
2990,2,2848.72,12511.5,0.126515,0.07433978377542276,0.319276,99.4,0.6438
2991,2,2849.37,12509.2,0.101672,0.07433821558605822,0.320536,99.1,0.6455
2992,2,2850.01,12506.91,0.085953,0.0743366455532174,0.311546,99.0,0.6465
2993,2,2850.66,12504.6,0.111285,0.07433507367697965,0.486374,99.7,0.6418
2994,2,2851.31,12502.32,0.093467,0.07433349995742448,0.264603,98.6,0.6488
2995,2,2851.95,12500.03,0.107475,0.07433192439463145,0.387094,98.9,0.647
2996,2,2852.6,12497.75,0.110009,0.0743303469886802,0.424457,98.8,0.6476
2997,2,2853.25,12495.49,0.11687,0.07432876773965047,0.439641,98.2,0.6518
2998,2,2853.9,12493.2,0.109025,0.07432718664762211,0.319821,99.0,0.6462
2999,2,2854.55,12490.9,0.130462,0.07432560371267506,0.432019,99.4,0.6439
3000,2,2855.2,12488.63,0.116617,0.07432401893488935,0.452591,98.7,0.6483
3001,2,2932.58,12821.84,0.080175,0.0743224323143451,0.387011,99.3,0.6446
3002,2,2933.23,12819.43,0.108194,0.07432084385112252,0.494254,98.7,0.6486
3003,2,2933.88,12817.03,0.13846,0.07431925354530192,0.424622,98.5,0.65
3004,2,2934.54,12814.66,0.091239,0.07431766139696369,0.372225,97.5,0.6564
3005,2,2935.19,12812.26,0.104769,0.07431606740618835,0.434966,98.3,0.651
3006,2,2935.84,12809.87,0.079561,0.07431447157305647,0.382966,98.3,0.6513
3007,2,2936.5,12807.5,0.106536,0.07431287389764875,0.426097,97.5,0.6562
3008,2,2937.15,12805.13,0.094914,0.07431127438004594,0.254218,97.7,0.6549
3009,2,2937.82,12802.8,0.102132,0.07430967302032891,0.408781,96.3,0.6646
3010,2,2938.48,12800.44,0.100248,0.07430806981857864,0.346682,97.2,0.6588
3011,2,2939.15,12798.15,0.134705,0.07430646477487617,0.382296,95.3,0.6715
3012,2,2940.0,12796.61,0.107448,0.07430485788930263,0.287591,75.7,0.8452
3013,2,2940.65,12794.22,0.129681,0.07430324916193928,0.340506,98.2,0.652
3014,2,2941.3,12791.81,0.086481,0.07430163859286745,0.343028,99.4,0.6436
3015,2,2941.95,12789.44,0.115545,0.07430002618216858,0.32857,97.8,0.6546
3016,2,2942.6,12787.02,0.108252,0.07429841192992416,0.522295,99.5,0.6435
3017,2,2943.25,12784.64,0.116516,0.07429679583621582,0.428109,98.5,0.6494
3018,2,2943.9,12782.26,0.097499,0.07429517790112526,0.459598,98.3,0.651
3019,2,2944.55,12779.86,0.098,0.07429355812473427,0.513577,99.0,0.6464
3020,2,2945.21,12777.51,0.128761,0.07429193650712476,0.338689,97.1,0.6588
3021,2,2945.9,12775.3,0.110584,0.0742903130483787,0.333668,93.7,0.6829
3022,2,2946.63,12773.28,0.100094,0.07428868774857818,0.398033,87.5,0.7313
3023,2,2947.3,12770.97,0.119466,0.07428706060780535,0.441193,96.1,0.6658
3024,2,2947.95,12768.61,0.114143,0.0742854316261425,0.379542,97.7,0.6553
3025,2,2948.61,12766.24,0.084321,0.07428380080367196,0.434116,98.1,0.6522
3026,2,2949.26,12763.89,0.115745,0.07428216814047621,0.306086,97.8,0.6542
3027,2,2949.92,12761.54,0.112759,0.07428053363663775,0.308577,97.6,0.656
3028,2,2950.66,12759.56,0.134264,0.07427889729223926,0.3745,86.4,0.7408
3029,2,2951.3,12757.15,0.102028,0.07427725910736345,0.522764,99.8,0.6414
3030,2,2951.95,12754.78,0.116642,0.07427561908209314,0.372055,98.4,0.6505
3031,2,2952.6,12752.39,0.109122,0.07427397721651123,0.385134,99.3,0.6443
3032,2,2953.25,12749.99,0.126732,0.07427233351070076,0.488404,99.2,0.6449
3033,2,2953.89,12747.6,0.106508,0.07427068796474481,0.392958,99.2,0.6449
3034,2,2954.54,12745.21,0.137019,0.07426904057872659,0.337747,99.3,0.6443
3035,2,2955.18,12742.83,0.099782,0.07426739135272938,0.382176,99.1,0.646
3036,2,2955.83,12740.44,0.104589,0.07426574028683655,0.306333,99.4,0.6441
3037,2,2956.47,12738.05,0.113757,0.07426408738113158,0.406595,99.3,0.6446
3038,2,2957.12,12735.66,0.128361,0.07426243263569804,0.40453,99.4,0.6438
3039,2,2957.76,12733.27,0.138645,0.07426077605061958,0.469582,99.7,0.6416
3040,2,2958.41,12730.91,0.101748,0.07425911762597998,0.540747,98.2,0.6519
3041,2,2959.07,12728.56,0.145574,0.07425745736186304,0.398309,98.9,0.6472
3042,2,2959.71,12726.18,0.122809,0.07425579525835273,0.388289,99.3,0.6444
3043,2,2960.36,12723.81,0.099891,0.07425413131553307,0.349346,99.1,0.646
3044,2,2961.01,12721.43,0.10462,0.07425246553348819,0.659468,99.4,0.6442
3045,2,2961.65,12719.04,0.112029,0.07425079791230231,0.5613,99.6,0.6426
3046,2,2962.32,12716.77,0.09398,0.07424912845205972,0.438493,95.6,0.6694
3047,2,2962.99,12714.5,0.127667,0.07424745715284485,0.402171,95.8,0.6682
3048,2,2963.65,12712.19,0.117402,0.07424578401474217,0.486787,97.0,0.6598
3049,2,2964.32,12709.91,0.125884,0.0742441090378363,0.3234,95.9,0.6675
3050,2,2964.99,12707.66,0.103396,0.07424243222221191,0.28092,95.3,0.6717
3051,2,2965.66,12705.37,0.111148,0.07424075356795376,0.353281,96.2,0.6652
3052,2,2966.33,12703.1,0.131409,0.07423907307514671,0.370832,95.8,0.6679
3053,2,2966.99,12700.82,0.125123,0.07423739074387577,0.36933,96.2,0.665
3054,2,2967.65,12698.53,0.108395,0.07423570657422593,0.548258,96.8,0.6614
3055,2,2968.32,12696.25,0.113806,0.07423402056628238,0.388657,96.1,0.6662
3056,2,2968.99,12694.0,0.102224,0.07423233272013036,0.342088,95.3,0.6714
3057,2,2969.66,12691.73,0.108665,0.07423064303585519,0.436596,96.0,0.667
3058,2,2970.32,12689.42,0.126029,0.0742289515135423,0.338666,97.5,0.6566
3059,2,2970.97,12687.09,0.087496,0.0742272581532772,0.387827,98.3,0.6514
3060,2,2971.62,12684.73,0.108826,0.07422556295514551,0.351092,99.0,0.6467
3061,2,2972.27,12682.4,0.103979,0.07422386591923294,0.32336,99.3,0.6447
3062,2,2972.92,12680.05,0.114699,0.07422216704562527,0.266353,99.0,0.6462
3063,2,2973.78,12678.63,0.097616,0.0742204663344084,0.314337,74.1,0.8637
3064,2,2974.59,12676.96,0.087266,0.07421876378566832,0.450552,79.3,0.8067
3065,2,2975.35,12675.11,0.133312,0.0742170593994911,0.405358,83.9,0.7625
3066,2,2976.02,12672.83,0.124334,0.0742153531759629,0.490159,96.6,0.6628
3067,2,2976.68,12670.55,0.100261,0.07421364511517,0.416175,96.8,0.6609
3068,2,2977.34,12668.27,0.11,0.07421193521719872,0.422654,96.7,0.6621
3069,2,2978.0,12665.95,0.126063,0.07421022348213556,0.64393,98.1,0.6522
3070,2,2978.66,12663.67,0.119489,0.07420850991006701,0.521764,96.6,0.6624
3071,2,2979.33,12661.41,0.116774,0.07420679450107975,0.280793,96.3,0.6648
3072,2,2979.99,12659.15,0.114251,0.07420507725526047,0.333184,96.2,0.6651
3073,2,2980.66,12656.87,0.105303,0.07420335817269601,0.403918,96.7,0.6621
3074,2,2981.32,12654.62,0.10859,0.07420163725347327,0.341417,96.2,0.6653
3075,2,2982.0,12652.42,0.10509,0.07419991449767925,0.359694,94.3,0.679
3076,2,2982.69,12650.25,0.090917,0.07419818990540106,0.320285,93.2,0.6868
3077,2,2983.38,12648.08,0.11609,0.07419646347672587,0.408391,93.3,0.6859
3078,2,2984.04,12645.8,0.126701,0.074194735211741,0.340798,97.3,0.6577
3079,2,2984.68,12643.46,0.1094,0.07419300511053378,0.429218,99.0,0.6463
3080,2,2985.34,12641.18,0.10704,0.07419127317319171,0.35253,97.1,0.6589
3081,2,2986.0,12638.89,0.121336,0.07418953939980236,0.370505,98.5,0.6499
3082,2,2986.66,12636.6,0.106825,0.07418780379045337,0.419263,97.5,0.6562
3083,2,2987.32,12634.33,0.135635,0.07418606634523248,0.402445,96.8,0.6614
3084,2,2987.98,12632.06,0.07436,0.07418432706422755,0.26663,97.1,0.6594
3085,2,2988.64,12629.78,0.11764,0.0741825859475265,0.40565,97.4,0.6571
3086,2,2989.29,12627.49,0.089749,0.07418084299521734,0.224092,97.5,0.6564
3087,2,2989.95,12625.2,0.105583,0.07417909820738822,0.334031,97.9,0.654
3088,2,2990.6,12622.91,0.092678,0.07417735158412732,0.577092,97.7,0.6551
3089,2,2991.25,12620.59,0.121047,0.07417560312552297,0.578228,98.8,0.6479
3090,2,2991.92,12618.33,0.096407,0.07417385283166356,0.602071,96.7,0.6617
3091,2,2992.58,12616.06,0.094003,0.07417210070263758,0.3892,97.2,0.6583
3092,2,2993.23,12613.79,0.142425,0.07417034673853362,0.353762,97.5,0.6564
3093,2,2993.89,12611.51,0.120276,0.07416859093944034,0.304485,97.4,0.657
3094,2,2994.55,12609.25,0.118327,0.07416683330544652,0.298685,97.2,0.6587
3095,2,2995.21,12606.98,0.137197,0.074165073836641,0.354096,97.1,0.6589
3096,2,2995.87,12604.74,0.117506,0.07416331253311277,0.478839,96.9,0.6603
3097,2,2996.53,12602.45,0.125868,0.07416154939495084,0.364452,98.1,0.6524
3098,2,2997.19,12600.19,0.106208,0.07415978442224438,0.292177,97.0,0.66
3099,2,2997.85,12597.94,0.106631,0.07415801761508262,0.31466,97.2,0.6586
3100,2,2998.51,12595.68,0.099214,0.07415624897355484,0.469971,96.9,0.6605
3101,2,2999.18,12593.45,0.089045,0.0741544784977505,0.428258,97.3,0.6576
3102,2,2999.84,12591.21,0.125226,0.0741527061877591,0.371947,96.5,0.6631
3103,2,3000.5,12588.97,0.116348,0.07415093204367024,0.419811,96.7,0.6618
3104,2,3001.16,12586.72,0.115037,0.07414915606557362,0.433788,97.0,0.6596
3105,2,3001.82,12584.43,0.089669,0.07414737825355902,0.253034,98.3,0.6513
3106,2,3002.47,12582.16,0.10292,0.07414559860771634,0.311655,97.8,0.6547
3107,2,3003.14,12579.94,0.109098,0.07414381712813553,0.382272,96.0,0.6664
3108,2,3003.8,12577.69,0.106095,0.0741420338149067,0.404435,96.9,0.6605
3109,2,3004.47,12575.49,0.07391,0.07414024866811994,0.42259,95.7,0.6688
3110,2,3005.13,12573.24,0.146438,0.07413846168786556,0.463968,97.2,0.6583
3111,2,3005.8,12571.03,0.130248,0.07413667287423388,0.336797,95.8,0.6681
3112,2,3006.47,12568.81,0.10447,0.07413488222731533,0.261428,96.0,0.6665
3113,2,3007.12,12566.54,0.097114,0.07413308974720047,0.381466,97.9,0.6535
3114,2,3007.79,12564.32,0.132542,0.0741312954339799,0.399148,96.5,0.6633
3115,2,3008.45,12562.09,0.138411,0.07412949928774433,0.383023,96.6,0.6622
3116,2,3009.12,12559.87,0.108075,0.07412770130858458,0.282619,96.3,0.6646
3117,2,3009.78,12557.65,0.100754,0.07412590149659155,0.402768,96.4,0.6638
3118,2,3010.44,12555.42,0.123863,0.07412409985185624,0.315892,96.6,0.6626
3119,2,3011.12,12553.24,0.112736,0.07412229637446971,0.442027,95.2,0.672
3120,2,3011.77,12550.97,0.116423,0.07412049106452316,0.445385,98.0,0.653
3121,2,3012.43,12548.74,0.108796,0.07411868392210787,0.31503,97.9,0.6539
3122,2,3013.09,12546.49,0.092105,0.07411687494731518,0.386666,97.4,0.6573
3123,2,3013.75,12544.28,0.09937,0.07411506414023658,0.43235,96.5,0.663
3124,2,3014.44,12542.14,0.126592,0.07411325150096358,0.323097,93.7,0.6832
3125,2,3015.11,12539.97,0.095163,0.07411143702958783,0.297879,95.2,0.6726
3126,2,3015.78,12537.78,0.118341,0.07410962072620109,0.3091,95.5,0.6704
3127,2,3016.71,12536.68,0.115481,0.07410780259089515,0.412666,68.8,0.9296
3128,2,3017.63,12535.53,0.122356,0.07410598262376196,0.370247,69.5,0.9205
3129,2,3018.46,12533.98,0.110271,0.07410416082489353,0.321175,77.8,0.8223
3130,2,3019.21,12532.14,0.103247,0.07410233719438196,0.337119,85.2,0.7513
3131,2,3019.95,12530.25,0.116075,0.07410051173231944,0.361938,86.4,0.7406
3132,2,3020.69,12528.32,0.115518,0.07409868443879827,0.422979,87.4,0.7322
3133,2,3021.45,12526.55,0.118772,0.07409685531391083,0.406872,83.4,0.7671
3134,2,3022.3,12525.09,0.107119,0.07409502435774959,0.328664,75.9,0.8432
3135,2,3022.97,12522.89,0.110289,0.07409319157040711,0.311977,96.1,0.6661
3136,2,3023.64,12520.74,0.094887,0.07409135695197608,0.43868,94.5,0.677
3137,2,3024.31,12518.53,0.1082,0.07408952050254923,0.412215,96.6,0.6622
3138,2,3025.26,12517.54,0.133039,0.07408768222221941,0.321451,67.0,0.9558
3139,2,3026.18,12516.37,0.121887,0.07408584211107956,0.3279,70.0,0.914
3140,2,3026.95,12514.62,0.094816,0.0740840001692227,0.495405,82.9,0.772
3141,2,3027.65,12512.55,0.129623,0.07408215639674198,0.435325,92.8,0.69
3142,2,3028.45,12510.91,0.12892,0.07408031079373059,0.380852,80.2,0.7977
3143,2,3029.14,12508.81,0.121342,0.07407846336028184,0.33074,92.9,0.6892
3144,2,3029.95,12507.23,0.113723,0.07407661409648915,0.285431,78.8,0.8117
3145,2,3030.71,12505.42,0.135048,0.07407476300244599,0.341443,84.4,0.7583
3146,2,3031.52,12503.83,0.111975,0.07407291007824597,0.278718,79.0,0.8103
3147,2,3032.2,12501.68,0.109461,0.07407105532398275,0.271037,94.7,0.6756
3148,2,3032.94,12499.8,0.096817,0.07406919873975011,0.29456,86.4,0.7405
3149,2,3033.6,12497.6,0.121218,0.07406734032564193,0.348298,96.8,0.6609
3150,2,3034.37,12495.81,0.108596,0.07406548008175212,0.349561,84.1,0.761
3151,2,3035.24,12494.49,0.086712,0.07406361800817478,0.307721,73.1,0.8759
3152,2,3036.15,12493.28,0.103218,0.07406175410500401,0.39296,70.8,0.9034
3153,2,3036.89,12491.43,0.104339,0.07405988837233407,0.494779,85.9,0.7449
3154,2,3037.67,12489.69,0.115815,0.07405802081025928,0.437225,82.8,0.7733
3155,2,3038.37,12487.66,0.117698,0.07405615141887405,0.62664,91.0,0.7031
3156,2,3039.26,12486.4,0.125051,0.07405428019827288,0.515121,72.0,0.889
3157,2,3039.97,12484.37,0.111191,0.07405240714855041,0.432048,91.0,0.7032
3158,2,3040.74,12482.65,0.11017,0.07405053226980131,0.506382,82.5,0.7755
3159,2,3041.51,12480.9,0.108231,0.07404865556212038,0.376724,83.1,0.7701
3160,2,3042.19,12478.75,0.123864,0.07404677702560249,0.568044,95.0,0.6733
3161,2,3042.92,12476.84,0.119722,0.07404489666034261,0.42114,88.5,0.7233
3162,2,3043.6,12474.71,0.10138,0.07404301446643584,0.275023,94.5,0.6773
3163,2,3044.26,12472.52,0.134621,0.0740411304439773,0.407317,96.7,0.662
3164,2,3044.94,12470.4,0.116622,0.07403924459306226,0.446264,94.2,0.6792
3165,2,3045.88,12469.36,0.116277,0.07403735691378606,0.306019,68.0,0.9406
3166,2,3046.58,12467.3,0.117459,0.07403546740624412,0.545855,92.3,0.6936
3167,2,3047.25,12465.14,0.120537,0.07403357607053199,0.56931,95.9,0.6676
3168,2,3047.91,12462.94,0.130878,0.07403168290674528,0.281635,97.1,0.6591
3169,2,3048.56,12460.72,0.090615,0.0740297879149797,0.493001,97.9,0.6539
3170,2,3049.23,12458.55,0.123787,0.07402789109533106,0.483763,96.2,0.665
3171,2,3049.9,12456.41,0.130049,0.07402599244789528,0.362428,95.0,0.6738
3172,2,3050.61,12454.43,0.130333,0.07402409197276831,0.476558,90.1,0.7103
3173,2,3051.57,12453.44,0.129784,0.07402218967004624,0.48355,67.2,0.9523
3174,2,3052.28,12451.46,0.098938,0.07402028553982527,0.355754,90.1,0.7104
3175,2,3052.94,12449.28,0.105899,0.07401837958220167,0.363029,96.6,0.6627
3176,2,3053.6,12447.06,0.088495,0.07401647179727176,0.447177,98.2,0.6517
3177,2,3054.26,12444.87,0.105398,0.07401456218513201,0.336346,97.1,0.6589
3178,2,3054.99,12443.0,0.144276,0.07401265074587898,0.404904,86.9,0.7365
3179,2,3055.81,12441.45,0.115272,0.0740107374796093,0.345554,78.5,0.8157
3180,2,3056.68,12440.1,0.131932,0.07400882238641969,0.6506,73.9,0.8659
3181,2,3057.64,12439.13,0.104091,0.074006905466407,0.540853,67.1,0.9537
3182,2,3058.42,12437.44,0.131592,0.0740049867196681,0.383694,82.1,0.7795
3183,2,3059.14,12435.51,0.109743,0.07400306614630002,0.30883,88.7,0.7218
3184,2,3059.98,12434.05,0.110312,0.07400114374639985,0.366075,76.5,0.8367
3185,2,3060.71,12432.16,0.120185,0.0739992195200648,0.38026,87.3,0.7332
3186,2,3061.37,12429.96,0.11668,0.07399729346739214,0.472266,98.0,0.6531
3187,2,3062.02,12427.73,0.104121,0.07399536558847924,0.458401,98.7,0.6481
3188,2,3062.68,12425.56,0.112743,0.07399343588342358,0.427515,96.7,0.6621
3189,2,3063.34,12423.37,0.124668,0.07399150435232273,0.352546,97.7,0.6551
3190,2,3063.98,12421.14,0.11155,0.07398957099527431,0.411909,98.8,0.648
3191,2,3064.63,12418.92,0.118119,0.07398763581237608,0.343538,98.6,0.6491
3192,2,3065.29,12416.74,0.115657,0.07398569880372588,0.343222,97.5,0.6565
3193,2,3065.95,12414.56,0.123276,0.07398375996942166,0.488868,97.0,0.6599
3194,2,3066.63,12412.44,0.121411,0.07398181930956141,0.554012,95.1,0.6732
3195,2,3067.29,12410.27,0.097756,0.07397987682424326,0.345221,96.9,0.6604
3196,2,3067.95,12408.12,0.115387,0.07397793251356541,0.302666,96.6,0.6626
3197,2,3068.61,12405.92,0.105118,0.07397598637762616,0.412384,97.8,0.6543
3198,2,3069.27,12403.77,0.126417,0.07397403841652389,0.489368,96.5,0.6633
3199,2,3069.93,12401.6,0.11417,0.07397208863035712,0.405313,96.9,0.6602
3200,2,3070.6,12399.47,0.124299,0.07397013701922439,0.508973,95.8,0.6682
3201,2,3071.29,12397.42,0.132958,0.07396818358322439,0.504059,99.2,0.645
3202,2,3071.94,12395.21,0.119359,0.07396622832245586,0.40529,98.7,0.6487
3203,2,3072.59,12392.99,0.114944,0.07396427123701767,0.383232,98.9,0.6471
3204,2,3073.24,12390.78,0.125365,0.07396231232700876,0.398771,98.9,0.6474
3205,2,3073.88,12388.55,0.108123,0.07396035159252815,0.394036,99.4,0.6439
3206,2,3074.55,12386.43,0.11553,0.07395838903367498,0.440956,95.8,0.6682
3207,2,3075.25,12384.41,0.143891,0.07395642465054848,0.278158,92.0,0.6957
3208,2,3075.91,12382.26,0.09085,0.07395445844324797,0.436783,96.7,0.6619
3209,2,3076.74,12380.79,0.12284,0.07395249041187282,0.429907,77.2,0.8291
3210,2,3077.42,12378.71,0.112376,0.07395052055652257,0.646723,93.9,0.6812
3211,2,3078.07,12376.5,0.123118,0.0739485488772968,0.515095,99.1,0.6459
3212,2,3078.72,12374.29,0.104108,0.07394657537429516,0.472955,99.1,0.6457
3213,2,3079.36,12372.06,0.133231,0.07394460004761746,0.711514,99.7,0.6422
3214,2,3080.0,12369.85,0.121663,0.07394262289736356,0.522357,99.2,0.6451
3215,2,3080.65,12367.64,0.114806,0.0739406439236334,0.311748,99.3,0.6443
3216,2,3081.3,12365.42,0.123292,0.07393866312652707,0.343558,99.3,0.6447
3217,2,3081.94,12363.22,0.113192,0.07393668050614469,0.405634,98.9,0.6468
3218,2,3082.59,12361.0,0.116027,0.07393469606258649,0.38255,99.6,0.6426
3219,2,3083.24,12358.82,0.108781,0.0739327097959528,0.426803,98.2,0.6517
3220,2,3083.89,12356.62,0.118073,0.07393072170634404,0.401183,98.7,0.6484
3221,2,3084.55,12354.49,0.107577,0.07392873179386074,0.381853,97.3,0.6576
3222,2,3085.23,12352.4,0.076289,0.07392674005860347,0.324007,95.1,0.6729
3223,2,3086.03,12350.81,0.104755,0.07392474650067295,0.291121,80.2,0.798
3224,2,3086.68,12348.65,0.10746,0.07392275112016997,0.454921,97.4,0.6574
3225,2,3087.34,12346.48,0.127713,0.07392075391719541,0.504158,98.1,0.6525
3226,2,3087.98,12344.28,0.122736,0.07391875489185024,0.556946,99.2,0.6449
3227,2,3088.63,12342.09,0.116935,0.07391675404423552,0.488863,98.8,0.6479
3228,2,3089.28,12339.89,0.122031,0.0739147513744524,0.638493,99.3,0.6444
3229,2,3089.92,12337.68,0.108752,0.07391274688260215,0.418128,99.5,0.6431
3230,2,3090.59,12335.57,0.110939,0.0739107405687861,0.467105,95.8,0.668
3231,2,3091.26,12333.47,0.111505,0.07390873243310568,0.399179,95.8,0.6679
3232,2,3091.93,12331.38,0.118436,0.07390672247566243,0.444977,95.3,0.6716
3233,2,3092.6,12329.27,0.091101,0.07390471069655795,0.322661,95.8,0.6682
3234,2,3093.25,12327.11,0.120281,0.07390269709589396,0.334522,98.3,0.6513
3235,2,3093.92,12324.97,0.100084,0.07390068167377226,0.358717,96.9,0.6606
3236,2,3094.58,12322.86,0.121374,0.07389866443029475,0.2897,96.3,0.6643
3237,2,3095.25,12320.75,0.105842,0.07389664536556341,0.391073,96.0,0.667
3238,2,3095.92,12318.64,0.095804,0.07389462447968032,0.393752,96.2,0.6653
3239,2,3096.58,12316.53,0.1194,0.07389260177274765,0.517768,96.2,0.6652
3240,2,3097.24,12314.41,0.1286,0.07389057724486765,0.474994,96.6,0.6625
3241,2,3097.9,12312.25,0.133794,0.0738885508961427,0.639793,99.0,0.6467
3242,2,3098.57,12310.15,0.105226,0.07388652272667522,0.485505,95.8,0.6681
3243,2,3099.24,12308.07,0.122479,0.07388449273656776,0.577833,95.5,0.6701
3244,2,3099.9,12305.94,0.112109,0.07388246092592296,0.660828,97.2,0.6582
3245,2,3100.55,12303.79,0.109483,0.07388042729484352,0.373218,97.7,0.6552
3246,2,3101.22,12301.71,0.102723,0.07387839184343227,0.340956,95.7,0.6691
3247,2,3101.89,12299.62,0.112783,0.07387635457179212,0.286793,95.6,0.6695
3248,2,3102.56,12297.52,0.1175,0.07387431548002606,0.267346,96.2,0.6649
3249,2,3103.22,12295.41,0.116295,0.07387227456823718,0.425378,96.3,0.6645
3250,2,3104.01,12293.79,0.094369,0.07387023183652867,0.462273,81.4,0.7861
3251,2,3104.85,12292.37,0.109926,0.0738681872850038,0.332477,76.7,0.8348
3252,2,3105.78,12291.32,0.145209,0.07386614091376593,0.365509,68.7,0.9315
3253,2,3106.66,12290.08,0.119137,0.07386409272291854,0.330008,72.7,0.8807
3254,2,3107.33,12287.97,0.133015,0.07386204271256516,0.413724,96.4,0.6639
3255,2,3107.98,12285.83,0.129124,0.07385999088280945,0.354177,98.1,0.6523
3256,2,3108.64,12283.7,0.097948,0.07385793723375512,0.299048,97.2,0.6587
3257,2,3109.31,12281.63,0.101638,0.07385588176550602,0.390464,95.4,0.6709
3258,2,3109.99,12279.58,0.112283,0.07385382447816606,0.293507,94.7,0.6757
3259,2,3110.8,12278.07,0.121584,0.07385176537183925,0.609606,78.7,0.813
3260,2,3111.46,12275.96,0.118727,0.0738497044466297,0.755771,97.0,0.6601
3261,2,3112.15,12273.94,0.109749,0.07384764170264158,0.409615,94.3,0.679
3262,2,3112.99,12272.55,0.121289,0.0738455771399792,0.709537,76.0,0.8419
3263,2,3113.83,12271.14,0.092535,0.07384351075874694,0.535121,76.5,0.8369
3264,2,3114.51,12269.1,0.10264,0.07384144255904927,0.441928,94.5,0.6775
3265,2,3115.19,12267.06,0.11178,0.07383937254099074,0.349112,94.6,0.6767
3266,2,3116.15,12266.16,0.108683,0.073837300704676,0.436883,66.2,0.9665
3267,2,3116.94,12264.56,0.114089,0.07383522705020981,0.285796,81.0,0.7901
3268,2,3117.9,12263.6,0.099734,0.07383315157769701,0.371429,67.3,0.9511
3269,2,3118.58,12261.57,0.127018,0.07383107428724252,0.348134,94.3,0.6785
3270,2,3119.24,12259.48,0.108894,0.07382899517895135,0.511667,96.2,0.6654
3271,2,3119.94,12257.53,0.123847,0.07382691425292863,0.488715,91.6,0.6989
3272,2,3120.83,12256.33,0.096554,0.07382483150927958,0.318878,71.9,0.8902
3273,2,3121.81,12255.46,0.086914,0.07382274694810949,0.285416,65.7,0.9735
3274,2,3122.73,12254.37,0.109249,0.07382066056952373,0.445536,69.7,0.9176
3275,2,3123.4,12252.3,0.119361,0.0738185723736278,0.318361,95.7,0.6686
3276,2,3124.2,12250.76,0.108678,0.07381648236052725,0.396789,79.6,0.8038
3277,2,3124.96,12249.05,0.108667,0.07381439053032776,0.330424,84.4,0.7586
3278,2,3125.64,12247.0,0.126313,0.0738122968831351,0.303013,94.9,0.6745
3279,2,3126.29,12244.88,0.103252,0.07381020141905512,0.271566,97.8,0.6544
3280,2,3126.94,12242.75,0.115492,0.07380810413819373,0.319012,98.2,0.6515
3281,2,3127.6,12240.63,0.128067,0.07380600504065699,0.301639,98.5,0.6497
3282,2,3128.25,12238.49,0.113945,0.073803904126551,0.34477,98.6,0.649
3283,2,3128.92,12236.41,0.113254,0.073801801395982,0.336816,96.2,0.6654
3284,2,3129.57,12234.28,0.126111,0.07379969684905628,0.462972,98.4,0.6504
3285,2,3130.22,12232.18,0.10822,0.07379759048588026,0.501511,97.5,0.6563
3286,2,3130.88,12230.06,0.107448,0.07379548230656041,0.482649,97.9,0.6535
3287,2,3131.53,12227.93,0.127281,0.07379337231120335,0.437083,98.3,0.6513
3288,2,3132.18,12225.81,0.13745,0.07379126049991572,0.331476,98.2,0.6515
3289,2,3132.85,12223.73,0.11599,0.07378914687280429,0.338028,96.5,0.6632
3290,2,3133.51,12221.62,0.121433,0.07378703142997592,0.317719,97.6,0.6557
3291,2,3134.17,12219.54,0.111703,0.07378491417153757,0.476193,96.9,0.6607
3292,2,3134.83,12217.46,0.118614,0.07378279509759628,0.336775,96.5,0.6635
3293,2,3135.49,12215.36,0.127902,0.07378067420825918,0.422313,97.6,0.6555
3294,2,3136.14,12213.25,0.134171,0.0737785515036335,0.389852,97.9,0.6536
3295,2,3136.8,12211.16,0.131158,0.07377642698382655,0.390113,97.0,0.6596
3296,2,3137.47,12209.08,0.085781,0.07377430064894577,0.331342,96.6,0.6624
3297,2,3138.13,12207.0,0.100495,0.07377217249909862,0.326051,97.0,0.6599
3298,2,3138.78,12204.89,0.126947,0.07377004253439272,0.445889,98.2,0.6516
3299,2,3139.52,12203.09,0.124675,0.07376791075493576,0.918687,87.2,0.7339
3300,2,3140.31,12201.55,0.138113,0.07376577716083549,0.590664,80.2,0.7982
3301,2,3152.77,12245.29,0.126875,0.07376364175219978,0.607258,96.2,0.6656
3302,2,3153.42,12243.15,0.121031,0.07376150452913662,0.752719,98.8,0.6479
3303,2,3154.07,12240.99,0.099001,0.07375936549175403,0.394425,99.3,0.6446
3304,2,3154.71,12238.83,0.109396,0.07375722464016018,0.385393,99.3,0.6446
3305,2,3155.36,12236.68,0.10995,0.07375508197446329,0.382311,99.4,0.6437
3306,2,3156.0,12234.52,0.106253,0.07375293749477169,0.303176,99.3,0.6444
3307,2,3156.65,12232.37,0.135253,0.07375079120119378,0.401168,99.4,0.6441
3308,2,3157.29,12230.22,0.128621,0.0737486430938381,0.341729,99.4,0.6437
3309,2,3157.95,12228.11,0.0976,0.07374649317281326,0.426417,97.5,0.6567
3310,2,3158.63,12226.11,0.123198,0.07374434143822793,0.45776,93.8,0.6822
3311,2,3159.3,12224.03,0.120558,0.0737421878901909,0.444772,96.7,0.6621
3312,2,3159.95,12221.92,0.116787,0.07374003252881103,0.424495,97.6,0.6557
3313,2,3160.61,12219.8,0.104277,0.07373787535419732,0.355037,98.4,0.6504
3314,2,3161.27,12217.74,0.126368,0.07373571636645881,0.394455,95.9,0.6671
3315,2,3161.92,12215.61,0.090841,0.07373355556570467,0.470628,98.5,0.6499
3316,2,3162.66,12213.81,0.134504,0.07373139295204413,0.475519,87.4,0.7326
3317,2,3163.34,12211.79,0.113826,0.07372922852558654,0.399707,94.6,0.6764
3318,2,3164.17,12210.38,0.131088,0.0737270622864413,0.430979,76.7,0.8346
3319,2,3164.83,12208.3,0.114031,0.07372489423471795,0.33027,97.0,0.6596
3320,2,3165.48,12206.18,0.13028,0.0737227243705261,0.415186,98.2,0.652
3321,2,3166.17,12204.19,0.12445,0.07372055269397546,0.637092,94.5,0.6769
3322,2,3166.84,12202.14,0.139614,0.0737183792051758,0.474534,95.8,0.668
3323,2,3167.51,12200.09,0.108654,0.07371620390423701,0.399478,95.6,0.6694
3324,2,3168.18,12198.07,0.114886,0.07371402679126908,0.332712,94.9,0.6742
3325,2,3168.83,12195.94,0.110877,0.07371184786638207,0.355182,99.0,0.6465
3326,2,3169.48,12193.81,0.112308,0.07370966712968616,0.312954,99.0,0.6462
3327,2,3170.12,12191.68,0.103022,0.07370748458129156,0.468904,99.3,0.6448
3328,2,3170.77,12189.55,0.115531,0.07370530022130865,0.505742,99.0,0.6467
3329,2,3171.42,12187.43,0.150471,0.07370311404984786,0.672042,99.1,0.6458
3330,2,3172.08,12185.36,0.154186,0.07370092606701972,0.389442,96.8,0.6613
3331,2,3172.74,12183.3,0.109143,0.07369873627293481,0.508521,96.4,0.6637
3332,2,3173.4,12181.2,0.120918,0.0736965446677039,0.345055,97.9,0.6536
3333,2,3174.08,12179.2,0.113354,0.07369435125143772,0.46684,94.5,0.677
3334,2,3174.75,12177.19,0.10649,0.07369215602424722,0.70136,94.7,0.676
3335,2,3175.41,12175.09,0.136191,0.07368995898624338,0.508285,98.3,0.6514
3336,2,3176.07,12173.04,0.128863,0.07368776013753726,0.345903,96.1,0.6657
3337,2,3176.74,12171.0,0.104924,0.07368555947824003,0.349738,96.2,0.6654
3338,2,3177.41,12168.98,0.13747,0.07368335700846294,0.301959,95.0,0.6737
3339,2,3178.09,12166.96,0.106799,0.07368115272831736,0.386443,95.4,0.6707
3340,2,3178.74,12164.87,0.102266,0.07367894663791472,0.314352,97.9,0.6535
3341,2,3179.41,12162.84,0.142009,0.07367673873736655,0.454303,96.5,0.6635
3342,2,3180.25,12161.47,0.113659,0.07367452902678448,0.34779,76.2,0.8403
3343,2,3181.12,12160.21,0.11443,0.07367231750628023,0.331562,73.5,0.8707
3344,2,3181.89,12158.55,0.099596,0.0736701041759656,0.301106,83.6,0.7652
3345,2,3182.73,12157.17,0.119077,0.0736678890359525,0.72191,76.4,0.8375
3346,2,3183.65,12156.1,0.105824,0.07366567208635291,0.557481,69.7,0.9183
3347,2,3184.4,12154.36,0.1063,0.07366345332727894,0.524505,85.9,0.7449
3348,2,3185.44,12153.77,0.128589,0.07366123275884273,0.691137,61.3,1.0445
3349,2,3186.36,12152.7,0.134007,0.07365901038115656,0.409063,69.6,0.9196
3350,2,3187.26,12151.55,0.09227,0.07365678619433279,0.334731,71.3,0.8972
3351,2,3187.97,12149.67,0.101746,0.07365456019848386,0.438011,90.6,0.7067
3352,2,3188.74,12148.03,0.110703,0.07365233239372232,0.35175,83.2,0.7692
3353,2,3189.44,12146.11,0.112776,0.07365010278016078,0.384254,92.1,0.6949
3354,2,3190.33,12144.94,0.116157,0.07364787135791198,0.443911,71.6,0.8937
3355,2,3191.24,12143.83,0.106402,0.07364563812708874,0.421284,70.5,0.9073
3356,2,3192.12,12142.6,0.132273,0.07364340308780397,0.410659,73.0,0.8773
3357,2,3193.1,12141.77,0.103687,0.07364116624017064,0.698789,65.1,0.9837
3358,2,3194.01,12140.67,0.122809,0.07363892758430186,0.617405,70.3,0.9097
3359,2,3194.75,12138.9,0.116511,0.0736366871203108,0.356163,87.0,0.7358
3360,2,3195.59,12137.54,0.124676,0.07363444484831075,0.591906,76.0,0.8417
3361,2,3196.52,12136.52,0.130433,0.07363220076841505,0.595118,69.0,0.9281
3362,2,3197.23,12134.63,0.101548,0.07362995488073718,0.489859,91.3,0.7013
3363,2,3198.06,12133.25,0.120773,0.07362770718539065,0.393611,76.5,0.8369
3364,2,3198.98,12132.16,0.114315,0.07362545768248911,0.467775,70.0,0.9138
3365,2,3199.75,12130.51,0.120093,0.07362320637214631,0.376824,83.6,0.7659
3366,2,3200.44,12128.6,0.118324,0.07362095325447604,0.43276,91.9,0.6962
3367,2,3201.23,12127.01,0.096699,0.07361869832959224,0.320592,82.0,0.7804
3368,2,3202.04,12125.54,0.119677,0.0736164415976089,0.362517,78.6,0.8138
3369,2,3203.05,12124.8,0.101694,0.0736141830586401,0.540231,63.7,1.0046
3370,2,3204.09,12124.19,0.117374,0.07361192271280005,0.564824,61.7,1.038
3371,2,3204.86,12122.58,0.131885,0.07360966056020302,0.448191,82.5,0.7759
3372,2,3205.67,12121.07,0.093732,0.07360739660096335,0.34436,79.8,0.8025
3373,2,3206.36,12119.17,0.108641,0.07360513083519554,0.325038,91.9,0.6966
3374,2,3207.15,12117.6,0.131029,0.07360286326301413,0.413083,81.2,0.7879
3375,2,3207.98,12116.18,0.115226,0.07360059388453373,0.644224,77.8,0.8231
3376,2,3208.67,12114.25,0.119281,0.07359832269986911,0.70035,92.5,0.6915
3377,2,3209.54,12112.99,0.117889,0.0735960497091351,0.565645,73.8,0.8668
3378,2,3210.27,12111.2,0.119323,0.07359377491244656,0.422928,88.0,0.7269
3379,2,3211.2,12110.2,0.099995,0.07359149830991857,0.324923,68.4,0.9358
3380,2,3212.22,12109.51,0.114203,0.07358921990166617,0.400845,62.9,1.0174
3381,2,3213.21,12108.69,0.126104,0.07358693968780458,0.367696,65.5,0.9778
3382,2,3214.21,12107.95,0.113712,0.07358465766844909,0.450502,63.6,1.007
3383,2,3214.95,12106.18,0.133014,0.07358237384371503,0.442962,87.7,0.7301
3384,2,3215.87,12105.14,0.119,0.07358008821371792,0.378836,69.2,0.9245
3385,2,3217.04,12105.0,0.107762,0.07357780077857327,0.939333,54.8,1.1671
3386,2,3218.02,12104.16,0.115529,0.07357551153839675,0.515549,65.4,0.978
3387,2,3219.11,12103.74,0.130927,0.07357322049330409,0.385972,58.7,1.0894
3388,2,3219.84,12101.98,0.125506,0.07357092764341111,0.472446,87.2,0.7339
3389,2,3220.72,12100.74,0.117679,0.07356863298883373,0.365948,73.3,0.8731
3390,2,3221.7,12099.92,0.123197,0.07356633652968798,0.390642,65.2,0.982
3391,2,3222.67,12099.02,0.108369,0.07356403826608995,0.285178,66.3,0.965
3392,2,3223.55,12097.83,0.092233,0.07356173819815584,0.496924,72.3,0.8854
3393,2,3224.28,12096.04,0.114129,0.07355943632600193,0.52181,88.4,0.7237
3394,2,3224.95,12094.03,0.089735,0.07355713264974459,0.457671,95.9,0.6672
3395,2,3225.71,12092.36,0.125447,0.07355482716950029,0.356223,84.6,0.7563
3396,2,3226.66,12091.44,0.111509,0.0735525198853856,0.326229,66.9,0.9565
3397,2,3227.42,12089.78,0.109294,0.07355021079751717,0.412018,84.2,0.7599
3398,2,3228.15,12088.0,0.11048,0.07354789990601171,0.309275,87.8,0.7292
3399,2,3228.87,12086.19,0.093638,0.07354558721098609,0.385084,89.0,0.7189
3400,2,3229.93,12085.62,0.111252,0.07354327271255721,0.581618,61.0,1.0496
3401,2,3230.9,12084.75,0.130295,0.0735409564108421,0.84533,66.3,0.9651
3402,2,3231.82,12083.7,0.115486,0.07353863830595786,0.647096,69.3,0.923
3403,2,3232.85,12083.04,0.105479,0.07353631839802169,0.335012,62.4,1.0261
3404,2,3233.77,12082.0,0.112167,0.07353399668715087,0.312261,69.3,0.9239
3405,2,3234.62,12080.68,0.107253,0.07353167317346278,0.248287,75.3,0.8497
3406,2,3235.56,12079.66,0.124517,0.0735293478570749,0.382337,68.7,0.9312
3407,2,3236.51,12078.72,0.100435,0.07352702073810478,0.524296,67.3,0.9506
3408,2,3237.47,12077.8,0.121458,0.07352469181667008,0.388418,67.0,0.9558
3409,2,3238.41,12076.83,0.106655,0.07352236109288854,0.357829,67.8,0.9446
3410,2,3239.27,12075.54,0.114771,0.07352002856687798,0.36196,74.7,0.8566
3411,2,3240.15,12074.34,0.10506,0.07351769423875634,0.469313,72.7,0.8806
3412,2,3241.05,12073.18,0.123906,0.07351535810864165,0.603185,71.6,0.8942
3413,2,3242.02,12072.31,0.08844,0.073513020176652,0.429455,66.0,0.9695
3414,2,3242.96,12071.32,0.118065,0.0735106804429056,0.480912,68.2,0.9378
3415,2,3243.69,12069.55,0.110253,0.07350833890752073,0.323154,87.9,0.7277
3416,2,3244.53,12068.23,0.105276,0.07350599557061577,0.446724,75.5,0.8473
3417,2,3245.21,12066.26,0.129027,0.0735036504323092,0.440481,94.7,0.676
3418,2,3245.89,12064.29,0.085552,0.07350130349271959,0.411834,95.3,0.6713
3419,2,3246.7,12062.83,0.119078,0.07349895475196559,0.569455,78.9,0.8116
3420,2,3247.37,12060.85,0.114291,0.07349660421016593,0.437068,95.2,0.6724
3421,2,3248.14,12059.21,0.098424,0.07349425186743946,0.522882,84.6,0.7564
3422,2,3248.91,12057.62,0.120342,0.07349189772390512,0.75358,82.7,0.7742
3423,2,3249.67,12055.96,0.120009,0.07348954177968191,0.575688,84.3,0.7588
3424,2,3250.46,12054.43,0.104252,0.07348718403488895,0.536515,80.9,0.7914
3425,2,3251.13,12052.44,0.114638,0.07348482448964544,0.450732,95.9,0.667
3426,2,3251.79,12050.43,0.107888,0.07348246314407067,0.535375,96.6,0.6622
3427,2,3252.46,12048.43,0.150274,0.073480099998284,0.432658,96.3,0.6647
3428,2,3253.13,12046.44,0.109603,0.07347773505240494,0.326805,96.1,0.6657
3429,2,3253.79,12044.44,0.121733,0.07347536830655305,0.452974,96.5,0.6632
3430,2,3254.45,12042.43,0.108887,0.07347299976084795,0.459348,96.8,0.6614
3431,2,3255.12,12040.45,0.102602,0.07347062941540942,0.313464,95.7,0.6688
3432,2,3255.77,12038.4,0.10803,0.0734682572703573,0.375298,98.5,0.6494
3433,2,3256.43,12036.38,0.100665,0.07346588332581151,0.508887,97.1,0.6589
3434,2,3257.1,12034.4,0.112702,0.07346350758189206,0.346992,95.6,0.6696
3435,2,3257.77,12032.39,0.09115,0.07346113003871908,0.764947,97.0,0.6598
3436,2,3258.41,12030.33,0.124549,0.07345875069641276,0.62883,99.1,0.6458
3437,2,3259.06,12028.27,0.122463,0.0734563695550934,0.337886,99.3,0.6447
3438,2,3259.7,12026.2,0.126892,0.07345398661488138,0.401778,99.2,0.6453
3439,2,3260.35,12024.14,0.115193,0.07345160187589717,0.419714,99.2,0.6452
3440,2,3260.99,12022.07,0.098479,0.07344921533826133,0.468607,99.8,0.6414
3441,2,3261.64,12020.02,0.109262,0.07344682700209454,0.598124,99.6,0.6429
3442,2,3262.29,12017.97,0.106766,0.07344443686751753,0.450234,98.7,0.6483
3443,2,3262.93,12015.9,0.114305,0.07344204493465115,0.38114,99.6,0.6423
3444,2,3263.58,12013.86,0.113183,0.0734396512036163,0.505058,98.6,0.6492
3445,2,3264.23,12011.81,0.111557,0.07343725567453403,0.64168,98.8,0.648
3446,2,3264.88,12009.74,0.099189,0.07343485834752544,0.478553,99.9,0.6408
3447,2,3265.53,12007.71,0.139634,0.07343245922271174,0.395303,98.4,0.6504
3448,2,3266.17,12005.65,0.133221,0.07343005830021422,0.50945,99.6,0.6427
3449,2,3266.83,12003.63,0.113856,0.07342765558015425,0.515505,97.6,0.6558
3450,2,3267.65,12002.21,0.122128,0.07342525106265332,0.311149,78.5,0.8156
3451,2,3268.45,12000.73,0.104946,0.07342284474783299,0.282105,79.9,0.8015
3452,2,3269.31,11999.48,0.133604,0.07342043663581492,0.34381,74.1,0.864
3453,2,3269.98,11997.49,0.119517,0.07341802672672086,0.405201,97.1,0.6593
3454,2,3270.7,11995.71,0.110423,0.07341561502067263,0.553916,88.9,0.7198
3455,2,3271.45,11994.07,0.079932,0.07341320151779218,0.345813,84.6,0.7564
3456,2,3272.14,11992.16,0.129551,0.07341078621820152,0.359564,93.8,0.682
3457,2,3272.8,11990.19,0.125493,0.07340836912202275,0.675309,96.3,0.6647
3458,2,3273.46,11988.19,0.125745,0.07340595022937811,0.72013,97.4,0.6573
3459,2,3274.15,11986.3,0.125349,0.07340352954038985,0.59439,93.1,0.6875
3460,2,3274.92,11984.7,0.115322,0.07340110705518037,0.605719,83.7,0.7649
3461,2,3275.63,11982.9,0.125817,0.07339868277387214,0.497707,91.1,0.7026
3462,2,3276.48,11981.59,0.121202,0.07339625669658772,0.442477,75.5,0.8473
3463,2,3277.15,11979.63,0.125027,0.0733938288234498,0.465011,95.9,0.6675
3464,2,3277.92,11978.03,0.107216,0.07339139915458108,0.673984,83.4,0.7672
3465,2,3278.69,11976.44,0.080299,0.07338896769010442,0.271408,83.3,0.7681
3466,2,3279.41,11974.68,0.123701,0.07338653443014276,0.393607,88.3,0.7247
3467,2,3280.06,11972.64,0.112694,0.0733840993748191,0.417779,99.3,0.6443
3468,2,3280.71,11970.61,0.129852,0.07338166252425654,0.555154,98.7,0.6482
3469,2,3281.35,11968.57,0.101493,0.0733792238785783,0.423382,99.2,0.645
3470,2,3282.0,11966.54,0.10795,0.07337678343790766,0.531249,99.0,0.6466
3471,2,3282.65,11964.5,0.136775,0.07337434120236801,0.341405,99.4,0.6439
3472,2,3283.3,11962.47,0.110784,0.07337189717208281,0.494081,99.0,0.6466
3473,2,3283.95,11960.45,0.133346,0.07336945134717565,0.518934,98.7,0.6485
3474,2,3284.6,11958.42,0.124196,0.07336700372777016,0.465177,98.7,0.6485
3475,2,3285.24,11956.39,0.098152,0.07336455431399008,0.389582,99.0,0.6463
3476,2,3285.89,11954.37,0.131588,0.07336210310595925,0.387995,98.5,0.6495
3477,2,3286.61,11952.61,0.120835,0.07335965010380162,0.499559,89.1,0.7185
3478,2,3287.3,11950.72,0.127552,0.07335719530764118,0.574368,93.5,0.6847
3479,2,3287.99,11948.86,0.083568,0.07335473871760205,0.582866,92.3,0.6938
3480,2,3288.74,11947.2,0.103952,0.07335228033380843,0.70303,85.9,0.7454
3481,2,3289.41,11945.26,0.150507,0.0733498201563846,0.573523,96.7,0.6619
3482,2,3290.26,11943.98,0.113119,0.07334735818545493,0.491152,75.3,0.85
3483,2,3291.1,11942.64,0.119736,0.0733448944211439,0.430037,76.7,0.8348
3484,2,3291.93,11941.29,0.101109,0.0733424288635761,0.350536,76.8,0.8335
3485,2,3292.67,11939.6,0.128315,0.07333996151287615,0.337958,86.7,0.7385
3486,2,3293.55,11938.39,0.12101,0.07333749236916878,0.465086,73.5,0.871
3487,2,3294.44,11937.26,0.111926,0.07333502143257886,0.469242,71.9,0.8904
3488,2,3295.31,11936.06,0.131497,0.07333254870323129,0.368465,73.3,0.8734
3489,2,3296.2,11934.91,0.110435,0.07333007418125109,0.627336,72.0,0.8891
3490,2,3297.08,11933.74,0.120615,0.07332759786676335,0.70925,72.8,0.8795
3491,2,3297.81,11932.02,0.082338,0.0733251197598933,0.550657,87.5,0.7317
3492,2,3298.68,11930.79,0.109115,0.07332263986076619,0.389823,74.2,0.8624
3493,2,3299.54,11929.53,0.124673,0.0733201581695074,0.323959,74.6,0.8575
3494,2,3300.45,11928.47,0.138988,0.07331767468624242,0.334134,70.3,0.9098
3495,2,3301.28,11927.12,0.116074,0.0733151894110968,0.368355,76.9,0.8322
3496,2,3302.17,11925.99,0.116995,0.07331270234419618,0.314356,72.0,0.8895
3497,2,3303.11,11925.0,0.104172,0.0733102134856663,0.340963,68.6,0.9324
3498,2,3303.95,11923.68,0.118509,0.073307722835633,0.390461,76.3,0.8392
3499,2,3304.92,11922.83,0.093417,0.07330523039422218,0.410363,66.1,0.9687
3500,2,3305.86,11921.86,0.115794,0.07330273616155987,0.398799,68.4,0.9357
3501,2,3306.8,11920.92,0.107898,0.07330024013777217,0.478774,68.1,0.9403
3502,2,3307.62,11919.54,0.130461,0.07329774232298526,0.623113,78.0,0.8206
3503,2,3308.33,11917.72,0.106649,0.07329524271732543,0.406562,91.1,0.7025
3504,2,3309.3,11916.89,0.126236,0.07329274132091906,0.398704,65.6,0.9752
3505,2,3310.29,11916.09,0.107215,0.07329023813389261,0.468688,65.2,0.9816
3506,2,3311.15,11914.83,0.129811,0.07328773315637263,0.476551,74.6,0.8575
3507,2,3311.93,11913.3,0.09457,0.07328522638848575,0.268774,82.1,0.7796
3508,2,3312.66,11911.61,0.111544,0.07328271783035874,0.576879,86.9,0.7363
3509,2,3313.38,11909.85,0.114277,0.07328020748211839,0.453075,89.4,0.7159
3510,2,3314.2,11908.48,0.101128,0.07327769534389163,0.400438,77.8,0.8228
3511,2,3315.02,11907.07,0.120212,0.07327518141580547,0.4121,78.6,0.8142
3512,2,3316.05,11906.43,0.131609,0.07327266569798702,0.515244,62.3,1.027
3513,2,3316.88,11905.08,0.132617,0.07327014819056342,0.375574,77.0,0.8313
3514,2,3317.86,11904.27,0.096285,0.073267628893662,0.350625,65.3,0.9805
3515,2,3318.79,11903.28,0.093702,0.07326510780741012,0.333961,68.9,0.9289
3516,2,3319.5,11901.47,0.114446,0.07326258493193522,0.34381,91.2,0.7015
3517,2,3320.35,11900.22,0.099129,0.07326006026736485,0.466069,74.7,0.8566
3518,2,3321.28,11899.22,0.086688,0.07325753381382667,0.432203,69.0,0.9277
3519,2,3322.05,11897.64,0.120068,0.07325500557144839,0.403683,83.5,0.7668
3520,2,3323.06,11896.94,0.121085,0.07325247554035784,0.482173,63.3,1.0105
3521,2,3323.79,11895.24,0.109013,0.07324994372068291,0.444656,88.1,0.7261
3522,2,3324.73,11894.27,0.114554,0.07324741011255165,0.583265,68.4,0.9362
3523,2,3325.72,11893.48,0.103987,0.0732448747160921,0.360573,64.9,0.9854
3524,2,3326.68,11892.61,0.099094,0.07324233753143249,0.249337,66.4,0.9646
3525,2,3327.43,11890.94,0.114768,0.07323979855870104,0.314732,86.5,0.7402
3526,2,3328.13,11889.14,0.124058,0.07323725779802615,0.471503,91.1,0.7027
3527,2,3328.86,11887.42,0.117578,0.07323471524953626,0.458057,88.2,0.7256
3528,2,3329.64,11885.9,0.118187,0.07323217091335993,0.648392,81.8,0.7821
3529,2,3330.4,11884.32,0.138897,0.07322962478962577,0.570339,84.0,0.7619
3530,2,3331.26,11883.07,0.110633,0.07322707687846254,0.452365,74.6,0.8578
3531,2,3332.15,11881.95,0.126615,0.07322452717999903,0.644481,71.7,0.8927
3532,2,3332.87,11880.18,0.096935,0.07322197569436414,0.502332,89.9,0.712
3533,2,3333.57,11878.39,0.097502,0.07321942242168689,0.455398,90.9,0.7044
3534,2,3334.4,11877.04,0.114783,0.07321686736209633,0.550737,77.1,0.8297
3535,2,3335.1,11875.22,0.108444,0.07321431051572166,0.435509,92.1,0.6951
3536,2,3335.81,11873.44,0.119508,0.07321175188269215,0.352122,90.5,0.7071
3537,2,3336.53,11871.7,0.108088,0.07320919146313715,0.352222,88.9,0.7196
3538,2,3337.31,11870.19,0.083148,0.07320662925718611,0.357513,81.7,0.7836
3539,2,3338.11,11868.75,0.127413,0.07320406526496856,0.342457,80.0,0.8
3540,2,3338.93,11867.35,0.089851,0.07320149948661414,0.324866,78.5,0.8149
3541,2,3339.6,11865.44,0.116678,0.07319893192225257,0.433094,96.7,0.6621
3542,2,3340.27,11863.51,0.113764,0.07319636257201365,0.351246,96.3,0.6645
3543,2,3340.96,11861.69,0.099908,0.07319379143602728,0.394855,92.2,0.6938
3544,2,3341.63,11859.77,0.098781,0.07319121851442345,0.419068,95.7,0.6691
3545,2,3342.43,11858.33,0.115018,0.07318864380733223,0.376085,79.9,0.801
3546,2,3343.1,11856.42,0.120208,0.07318606731488381,0.417185,95.7,0.6691
3547,2,3343.77,11854.49,0.106025,0.07318348903720844,0.479654,96.5,0.6634
3548,2,3344.43,11852.54,0.137281,0.07318090897443646,0.676551,97.5,0.6561
3549,2,3345.08,11850.58,0.10702,0.07317832712669833,0.510895,97.7,0.6551
3550,2,3345.84,11848.97,0.098203,0.07317574349412456,0.340391,85.0,0.7533
3551,2,3346.5,11847.05,0.121726,0.0731731580768458,0.487388,96.4,0.6636
3552,2,3347.16,11845.11,0.119359,0.07317057087499272,0.431754,97.1,0.6594
3553,2,3347.83,11843.18,0.122442,0.07316798188869617,0.34047,96.4,0.6642
3554,2,3348.5,11841.3,0.100601,0.07316539111808701,0.335822,94.8,0.6754
3555,2,3349.17,11839.37,0.130094,0.07316279856329623,0.283565,96.7,0.6618
3556,2,3349.82,11837.42,0.114662,0.0731602042244549,0.326727,97.5,0.6564
3557,2,3350.48,11835.47,0.102462,0.07315760810169418,0.404363,97.5,0.6561
3558,2,3351.14,11833.54,0.128941,0.07315501019514532,0.385275,96.9,0.6608
3559,2,3351.8,11831.59,0.115288,0.07315241050493969,0.584537,97.6,0.6556
3560,2,3352.46,11829.67,0.125223,0.0731498090312087,0.564516,96.7,0.6621
3561,2,3353.13,11827.77,0.115803,0.07314720577408387,0.469122,96.5,0.6634
3562,2,3353.8,11825.88,0.127655,0.07314460073369682,0.397507,95.1,0.6729
3563,2,3354.47,11823.96,0.126031,0.07314199391017924,0.576609,96.6,0.6622
3564,2,3355.12,11822.01,0.118236,0.07313938530366294,0.551884,98.0,0.6531
3565,2,3355.78,11820.05,0.098293,0.0731367749142798,0.405594,98.1,0.6522
3566,2,3356.44,11818.12,0.134262,0.0731341627421618,0.423733,96.9,0.6603
3567,2,3357.1,11816.2,0.129506,0.073131548787441,0.462246,96.8,0.6615
3568,2,3357.77,11814.29,0.084316,0.07312893305024955,0.385521,96.3,0.6647
3569,2,3358.43,11812.37,0.127557,0.07312631553071969,0.359217,96.6,0.6622
3570,2,3359.08,11810.42,0.104255,0.07312369622898375,0.304501,98.1,0.6521
3571,2,3359.73,11808.46,0.10065,0.07312107514517419,0.566583,98.2,0.6516
3572,2,3360.38,11806.48,0.119401,0.07311845227942347,0.40994,99.4,0.6436
3573,2,3361.04,11804.56,0.100565,0.07311582763186424,0.36302,96.8,0.6612
3574,2,3361.71,11802.66,0.108854,0.07311320120262917,0.43544,96.2,0.6656
3575,2,3362.37,11800.75,0.101308,0.07311057299185106,0.35294,96.4,0.6637
3576,2,3363.05,11798.88,0.100631,0.07310794299966276,0.543194,94.8,0.6748
3577,2,3363.72,11797.0,0.120348,0.07310531122619728,0.289494,95.5,0.6699
3578,2,3364.38,11795.06,0.1402,0.07310267767158764,0.551183,97.5,0.6566
3579,2,3365.04,11793.15,0.117041,0.07310004233596698,0.670112,96.8,0.661
3580,2,3365.71,11791.27,0.151492,0.07309740521946856,0.660894,95.3,0.6713
3581,2,3366.37,11789.36,0.118587,0.0730947663222257,0.412057,97.7,0.6551
3582,2,3367.04,11787.45,0.115682,0.0730921256443718,0.452854,96.3,0.6646
3583,2,3367.7,11785.56,0.15264,0.07308948318604036,0.395832,96.2,0.6651
3584,2,3368.37,11783.66,0.102813,0.073086838947365,0.479451,96.0,0.667
3585,2,3369.04,11781.78,0.105164,0.0730841929284794,0.4026,95.7,0.6685
3586,2,3369.7,11779.86,0.114729,0.07308154512951731,0.512727,96.9,0.6603
3587,2,3370.36,11777.93,0.094631,0.07307889555061263,0.72749,98.0,0.6533
3588,2,3371.02,11776.03,0.126177,0.07307624419189929,0.475523,96.5,0.6632
3589,2,3371.7,11774.18,0.092176,0.07307359105351136,0.458105,94.2,0.6798
3590,2,3372.52,11772.82,0.105119,0.07307093613558294,0.570613,78.3,0.8177
3591,2,3373.21,11771.01,0.119492,0.07306827943824827,0.680078,93.1,0.6877
3592,2,3374.0,11769.55,0.122652,0.07306562096164168,0.641493,81.2,0.788
3593,2,3374.88,11768.39,0.120375,0.07306296070589757,0.447397,73.1,0.8756
3594,2,3375.73,11767.15,0.098747,0.07306029867115044,0.365197,75.0,0.853
3595,2,3376.53,11765.71,0.110937,0.07305763485753484,0.494812,80.6,0.7938
3596,2,3377.22,11763.92,0.090641,0.07305496926518548,0.464245,92.3,0.6933
3597,2,3377.89,11762.04,0.126777,0.0730523018942371,0.404073,95.6,0.6698
3598,2,3378.73,11760.76,0.101206,0.07304963274482458,0.365365,76.2,0.8401
3599,2,3379.58,11759.51,0.121543,0.07304696181708285,0.415725,75.5,0.8472
3600,2,3380.29,11757.76,0.126473,0.07304428911114695,0.50173,90.7,0.7053
3601,2,3461.23,12035.01,0.115287,0.073041614627152,0.411541,97.9,0.6539
3602,2,3461.88,12032.98,0.138886,0.07303893836523322,0.512441,98.0,0.6528
3603,2,3462.55,12031.0,0.139288,0.07303626032552592,0.555134,96.0,0.6665
3604,2,3463.41,12029.66,0.110336,0.07303358050816547,0.442192,75.0,0.8531
3605,2,3464.21,12028.18,0.114202,0.07303089891328737,0.472986,79.1,0.8088
3606,2,3465.1,12026.95,0.085885,0.0730282155410272,0.38893,72.5,0.8822
3607,2,3465.92,12025.49,0.129709,0.0730255303915206,0.623937,78.3,0.8179
3608,2,3466.87,12024.52,0.130668,0.07302284346490336,0.943986,67.0,0.9553
3609,2,3467.64,12022.9,0.108734,0.07302015476131128,0.600297,83.1,0.7703
3610,2,3468.48,12021.49,0.11581,0.07301746428088034,0.383445,77.1,0.8301
3611,2,3469.36,12020.26,0.123256,0.07301477202374652,0.336442,72.5,0.8832
3612,2,3470.05,12018.37,0.101733,0.07301207799004596,0.303379,92.8,0.6897
3613,2,3470.75,12016.5,0.125167,0.07300938217991484,0.419085,91.7,0.6983
3614,2,3471.62,12015.24,0.125454,0.0730066845934895,0.379128,73.4,0.8714
3615,2,3472.53,12014.07,0.108503,0.07300398523090627,0.438307,71.0,0.9012
3616,2,3473.26,12012.34,0.123703,0.07300128409230164,0.402797,86.9,0.7367
3617,2,3474.08,12010.89,0.142364,0.07299858117781216,0.384649,78.2,0.8182
3618,2,3474.78,12009.01,0.100103,0.07299587648757451,0.362747,92.5,0.6923
3619,2,3475.75,12008.1,0.106003,0.07299317002172541,0.401462,65.8,0.9731
3620,2,3476.68,12007.03,0.134345,0.0729904617804017,0.530277,69.0,0.9281
3621,2,3477.49,12005.55,0.148437,0.0729877517637403,0.801408,79.5,0.8053
3622,2,3478.23,12003.84,0.140148,0.07298503997187822,0.516239,86.4,0.7405
3623,2,3478.9,12001.89,0.103799,0.07298232640495254,0.588068,95.3,0.6717
3624,2,3479.7,12000.36,0.095267,0.0729796110631005,0.619761,80.6,0.7945
3625,2,3480.45,11998.67,0.130556,0.07297689394645933,0.526709,85.7,0.7464
3626,2,3481.15,11996.83,0.133964,0.07297417505516643,0.494173,91.1,0.7027
3627,2,3481.93,11995.24,0.123964,0.07297145438935924,0.61787,82.3,0.7776
3628,2,3482.61,11993.3,0.113003,0.07296873194917533,0.408381,94.9,0.6746
3629,2,3483.32,11991.49,0.122316,0.07296600773475231,0.551299,90.0,0.711
3630,2,3484.15,11990.08,0.118268,0.07296328174622795,0.471385,77.2,0.8292
3631,2,3485.0,11988.76,0.122213,0.07296055398374002,0.431114,75.1,0.8523
3632,2,3485.74,11987.04,0.110536,0.07295782444742646,0.319569,86.5,0.7397
3633,2,3486.48,11985.33,0.119136,0.07295509313742526,0.444538,86.6,0.739
3634,2,3487.19,11983.48,0.124264,0.07295236005387451,0.338694,91.4,0.6999
3635,2,3488.03,11982.12,0.10824,0.07294962519691238,0.286919,76.1,0.8412
3636,2,3488.92,11980.94,0.123177,0.07294688856667714,0.301148,71.5,0.8954
3637,2,3489.59,11978.98,0.105725,0.07294415016330714,0.285837,96.2,0.6653
3638,2,3490.37,11977.39,0.11858,0.07294140998694085,0.327989,82.5,0.7757
3639,2,3491.21,11976.02,0.128931,0.07293866803771677,0.383549,76.2,0.8396
3640,2,3491.88,11974.07,0.147527,0.07293592431577355,0.374081,95.6,0.6692
3641,2,3492.6,11972.29,0.12634,0.07293317882124989,0.409463,89.8,0.7127
3642,2,3493.37,11970.69,0.113926,0.07293043155428461,0.544677,82.9,0.7716
3643,2,3494.1,11968.95,0.125575,0.07292768251501659,0.413619,87.8,0.729
3644,2,3494.74,11966.91,0.11112,0.07292493170358483,0.270097,99.5,0.6432
3645,2,3495.39,11964.88,0.121192,0.07292217912012837,0.345186,99.0,0.6466
3646,2,3496.04,11962.88,0.118365,0.07291942476478641,0.385631,98.0,0.6528
3647,2,3496.7,11960.89,0.137438,0.07291666863769819,0.537388,97.4,0.6568
3648,2,3497.35,11958.86,0.112894,0.07291391073900304,0.558145,99.5,0.6432
3649,2,3497.99,11956.82,0.119269,0.07291115106884041,0.484667,99.6,0.6428
3650,2,3498.64,11954.8,0.134123,0.0729083896273498,0.597153,99.1,0.646
3651,2,3499.3,11952.81,0.139291,0.07290562641467084,0.747552,97.3,0.6575
3652,2,3499.95,11950.82,0.129395,0.07290286143094322,0.87727,97.8,0.6545
3653,2,3500.62,11948.88,0.130374,0.07290009467630675,0.891526,95.7,0.6691
3654,2,3501.52,11947.72,0.112858,0.07289732615090126,0.632903,71.2,0.8989
3655,2,3502.21,11945.85,0.117101,0.07289455585486676,0.49285,93.1,0.6877
3656,2,3502.89,11943.94,0.124679,0.07289178378834331,0.637185,94.4,0.6782
3657,2,3503.68,11942.39,0.111454,0.07288900995147103,0.543904,81.5,0.7849
3658,2,3504.51,11941.0,0.128862,0.07288623434439019,0.387115,77.0,0.8314
3659,2,3505.35,11939.65,0.133914,0.07288345696724109,0.487395,76.1,0.8412
3660,2,3506.05,11937.82,0.092649,0.07288067782016416,0.415012,91.2,0.7014
3661,2,3506.85,11936.33,0.127018,0.0728778969032999,0.446061,81.0,0.7904
3662,2,3507.76,11935.19,0.134347,0.07287511421678892,0.486109,70.9,0.9028
3663,2,3508.6,11933.84,0.127105,0.07287232976077188,0.514638,76.0,0.8422
3664,2,3509.49,11932.65,0.110536,0.07286954353538957,0.387077,71.9,0.89
3665,2,3510.3,11931.18,0.122987,0.07286675554078285,0.650862,79.6,0.8045
3666,2,3510.97,11929.26,0.108643,0.07286396577709268,0.459692,94.9,0.6747
3667,2,3511.66,11927.38,0.116478,0.07286117424446009,0.428936,93.3,0.6862
3668,2,3512.58,11926.32,0.128268,0.07285838094302621,0.431156,69.3,0.924
3669,2,3513.3,11924.53,0.158896,0.07285558587293228,0.661289,89.7,0.7132
3670,2,3514.08,11922.97,0.110471,0.0728527890343196,0.517743,82.4,0.777
3671,2,3514.79,11921.17,0.10361,0.07284999042732956,0.503043,90.2,0.7096
3672,2,3515.74,11920.18,0.11491,0.07284719005210367,0.600876,67.6,0.9468
3673,2,3516.65,11919.08,0.136667,0.0728443879087835,0.525867,70.0,0.9146
3674,2,3517.5,11917.75,0.130694,0.07284158399751071,0.663619,75.8,0.844
3675,2,3518.32,11916.35,0.128309,0.07283877831842707,0.554478,77.5,0.826
3676,2,3519.03,11914.53,0.103986,0.07283597087167441,0.357152,91.3,0.7009
3677,2,3519.8,11912.96,0.12364,0.0728331616573947,0.355666,82.5,0.776
3678,2,3520.74,11911.92,0.122091,0.07283035067572993,0.270525,68.8,0.9308
3679,2,3521.58,11910.59,0.120688,0.07282753792682223,0.325784,75.5,0.8479
3680,2,3522.32,11908.89,0.151701,0.07282472341081381,0.57582,86.9,0.7361
3681,2,3523.04,11907.15,0.119155,0.07282190712784695,0.584696,88.9,0.7197
3682,2,3523.82,11905.57,0.120571,0.07281908907806404,0.448741,82.9,0.7722
3683,2,3524.59,11904.0,0.109619,0.07281626926160757,0.339212,82.7,0.7741
3684,2,3525.51,11902.92,0.123856,0.07281344767862008,0.534087,69.6,0.9195
3685,2,3526.39,11901.7,0.138553,0.07281062432924422,0.651966,72.9,0.878
3686,2,3527.14,11900.04,0.114219,0.07280779921362275,0.442888,85.4,0.7491
3687,2,3527.82,11898.13,0.1171,0.07280497233189848,0.46349,95.2,0.6723
3688,2,3528.49,11896.21,0.140702,0.07280214368421434,0.518727,95.5,0.6704
3689,2,3529.16,11894.29,0.113768,0.07279931327071333,0.706307,95.6,0.6692
3690,2,3529.85,11892.43,0.132163,0.07279648109153854,0.923517,93.2,0.687
3691,2,3530.52,11890.51,0.131913,0.07279364714683319,0.476547,95.6,0.6694
3692,2,3531.18,11888.57,0.124612,0.07279081143674053,0.509347,96.3,0.6644
3693,2,3531.84,11886.6,0.118396,0.07278797396140392,0.437663,97.8,0.6542
3694,2,3532.49,11884.63,0.131752,0.07278513472096683,0.400777,97.6,0.6559
3695,2,3533.16,11882.69,0.123777,0.0727822937155728,0.741105,96.5,0.663
3696,2,3533.83,11880.77,0.129999,0.07277945094536545,0.778095,96.1,0.6661
3697,2,3534.5,11878.86,0.116953,0.07277660641048853,0.500306,95.1,0.6731
3698,2,3535.17,11876.95,0.139272,0.07277376011108584,0.417317,95.4,0.6706
3699,2,3535.84,11875.03,0.117576,0.07277091204730128,0.437591,96.2,0.6651
3700,2,3536.51,11873.1,0.114197,0.07276806221927883,0.490378,96.0,0.6664
3701,2,3537.17,11871.15,0.117074,0.07276521062716257,0.524883,97.8,0.6541
3702,2,3537.82,11869.19,0.148074,0.07276235727109667,0.486638,97.8,0.6546
3703,2,3538.49,11867.26,0.137542,0.07275950215122541,0.47038,96.3,0.6647
3704,2,3539.16,11865.37,0.105467,0.07275664526769311,0.446285,94.8,0.675
3705,2,3539.84,11863.49,0.126259,0.07275378662064423,0.608243,94.1,0.6799
3706,2,3540.52,11861.59,0.125467,0.07275092621022328,0.489118,95.3,0.6714
3707,2,3541.19,11859.69,0.115286,0.07274806403657487,0.520264,95.1,0.6731
3708,2,3541.87,11857.81,0.131474,0.0727452000998437,0.713679,94.5,0.6775
3709,2,3542.53,11855.86,0.118746,0.07274233440017457,0.659269,97.6,0.656
3710,2,3543.2,11853.95,0.095187,0.07273946693771235,0.486358,95.7,0.6687
3711,2,3543.86,11852.03,0.098143,0.07273659771260203,0.313918,95.9,0.6671
3712,2,3544.52,11850.08,0.117924,0.07273372672498866,0.509332,97.7,0.6553
3713,2,3545.18,11848.13,0.146269,0.0727308539750174,0.803604,97.6,0.656
3714,2,3545.83,11846.17,0.119354,0.07272797946283349,0.586002,97.9,0.6537
3715,2,3546.49,11844.24,0.135744,0.07272510318858223,0.693063,96.8,0.6609
3716,2,3547.16,11842.32,0.120849,0.07272222515240906,0.523515,96.1,0.666
3717,2,3547.82,11840.4,0.136843,0.07271934535445948,0.535121,96.5,0.6631
3718,2,3548.5,11838.5,0.126862,0.07271646379487907,0.659395,95.6,0.6695
3719,2,3549.15,11836.54,0.148171,0.07271358047381353,0.570977,97.9,0.6541
3720,2,3549.81,11834.61,0.127303,0.07271069539140863,0.446525,96.9,0.6605
3721,2,3550.49,11832.73,0.101912,0.07270780854781024,0.477636,95.7,0.6688
3722,2,3551.15,11830.82,0.112606,0.07270491994316429,0.547331,96.1,0.6658
3723,2,3551.82,11828.9,0.124821,0.07270202957761683,0.467598,96.2,0.6654
3724,2,3552.49,11827.01,0.110302,0.07269913745131398,0.299036,95.5,0.6699
3725,2,3553.14,11825.05,0.103295,0.07269624356440199,0.380899,98.3,0.6508
3726,2,3553.81,11823.16,0.123261,0.07269334791702713,0.528285,95.3,0.6715
3727,2,3554.47,11821.21,0.120945,0.07269045050933581,0.625554,98.0,0.6529
3728,2,3555.14,11819.33,0.123228,0.07268755134147452,0.943653,94.9,0.6746
3729,2,3555.81,11817.42,0.110992,0.07268465041358982,0.728197,96.1,0.6657
3730,2,3556.47,11815.49,0.09034,0.07268174772582837,0.471717,97.0,0.6598
3731,2,3557.13,11813.55,0.111542,0.07267884327833694,0.419433,98.0,0.6531
3732,2,3557.78,11811.61,0.112592,0.07267593707126237,0.436663,97.4,0.6572
3733,2,3558.44,11809.67,0.105767,0.07267302910475157,0.39383,97.8,0.6541
3734,2,3559.1,11807.73,0.108492,0.07267011937895157,0.341066,97.6,0.6558
3735,2,3559.9,11806.29,0.124159,0.07266720789400948,0.365739,79.5,0.8054
3736,2,3560.74,11804.96,0.118846,0.0726642946500725,0.556485,76.6,0.836
3737,2,3561.52,11803.43,0.110901,0.0726613796472879,0.466487,82.1,0.7792
3738,2,3562.22,11801.64,0.088376,0.07265846288580306,0.320124,91.7,0.6981
3739,2,3563.04,11800.24,0.10966,0.07265554436576546,0.374386,78.2,0.8186
3740,2,3563.89,11798.97,0.130931,0.07265262408732265,0.436298,74.9,0.8547
3741,2,3564.75,11797.68,0.13702,0.07264970205062224,0.457145,75.5,0.8477
3742,2,3565.59,11796.36,0.098807,0.07264677825581199,0.506397,76.3,0.8391
3743,2,3566.41,11794.96,0.114696,0.07264385270303969,0.483282,78.2,0.8183
3744,2,3567.27,11793.71,0.109503,0.07264092539245329,0.357124,74.2,0.8625
3745,2,3568.16,11792.54,0.113499,0.07263799632420075,0.502881,72.2,0.8859
3746,2,3568.83,11790.65,0.089266,0.07263506549843017,0.523275,95.8,0.6678
3747,2,3569.61,11789.15,0.115596,0.07263213291528971,0.299588,81.6,0.7845
3748,2,3570.44,11787.77,0.102264,0.07262919857492765,0.439614,77.6,0.8247
3749,2,3571.25,11786.37,0.109512,0.07262626247749235,0.785521,78.5,0.8155
3750,2,3572.08,11785.01,0.103907,0.07262332462313223,0.87715,77.2,0.8287
3751,2,3572.86,11783.48,0.130139,0.07262038501199582,0.677168,82.4,0.7764
3752,2,3573.58,11781.76,0.104816,0.07261744364423174,0.360664,89.1,0.7184
3753,2,3574.31,11780.09,0.126598,0.0726145005199887,0.338418,87.2,0.7337
3754,2,3575.03,11778.38,0.138357,0.07261155563941551,0.517072,88.9,0.7198
3755,2,3575.9,11777.14,0.110524,0.07260860900266104,0.620472,74.1,0.8634
3756,2,3576.77,11775.9,0.124901,0.07260566060987426,0.690819,73.9,0.8659
3757,2,3577.65,11774.72,0.101991,0.07260271046120426,0.604572,72.6,0.882
3758,2,3578.63,11773.86,0.134772,0.07259975855680016,0.771805,65.4,0.9783
3759,2,3579.46,11772.5,0.119995,0.07259680489681121,0.72474,77.4,0.8267
3760,2,3580.12,11770.61,0.126406,0.07259384948138674,0.80175,96.2,0.6651
3761,2,3580.97,11769.3,0.126037,0.07259089231067616,0.683004,76.4,0.8375
3762,2,3581.88,11768.22,0.113185,0.07258793338482898,0.382658,70.2,0.9119
3763,2,3582.83,11767.25,0.11206,0.0725849727039948,0.572052,67.5,0.9478
3764,2,3583.69,11765.99,0.116043,0.0725820102683233,0.436665,74.7,0.8573
3765,2,3584.53,11764.68,0.141159,0.07257904607796425,0.407695,76.1,0.8408
3766,2,3585.46,11763.67,0.108968,0.07257608013306752,0.345501,68.6,0.9334
3767,2,3586.3,11762.35,0.12918,0.07257311243378305,0.566601,76.2,0.8402
3768,2,3587.1,11760.88,0.121801,0.07257014298026089,0.529527,80.8,0.7922
3769,2,3587.86,11759.32,0.123791,0.07256717177265115,0.332874,83.6,0.7659
3770,2,3588.73,11758.08,0.145661,0.07256419881110407,0.529875,74.2,0.8625
3771,2,3589.44,11756.34,0.132217,0.07256122409576993,0.430238,90.2,0.7098
3772,2,3590.24,11754.88,0.110387,0.07255824762679912,0.331938,80.4,0.7959
3773,2,3591.13,11753.74,0.118788,0.07255526940434213,0.440285,71.6,0.8938
3774,2,3592.01,11752.56,0.122661,0.07255228942854956,0.473728,72.6,0.8814
3775,2,3592.76,11750.94,0.116387,0.07254930769957205,0.519738,85.8,0.7459
3776,2,3593.66,11749.83,0.137014,0.07254632421756033,0.723654,70.9,0.9027
3777,2,3594.61,11748.87,0.135588,0.07254333898266524,0.551381,67.7,0.9454
3778,2,3595.46,11747.57,0.125543,0.07254035199503772,0.53868,75.8,0.8447
3779,2,3596.22,11746.0,0.127788,0.07253736325482878,0.421036,83.9,0.7626
3780,2,3597.05,11744.65,0.128525,0.0725343727621895,0.671694,77.2,0.8286
3781,2,3597.86,11743.25,0.144465,0.07253138051727111,0.828893,79.4,0.8064
3782,2,3598.58,11741.53,0.112513,0.07252838652022485,0.657544,89.4,0.7158
3783,2,3599.49,11740.43,0.125126,0.07252539077120213,0.392377,70.8,0.9045
3784,2,3600.35,11739.2,0.100944,0.07252239327035437,0.613705,74.1,0.8641
3785,2,3601.09,11737.56,0.125934,0.07251939401783312,0.615094,86.7,0.7384
3786,2,3601.83,11735.91,0.124465,0.07251639301379005,0.29698,86.7,0.7378
3787,2,3602.74,11734.82,0.124344,0.07251339025837684,0.528587,70.5,0.9075
3788,2,3603.51,11733.29,0.145592,0.07251038575174532,0.491596,82.7,0.774
3789,2,3604.21,11731.51,0.111959,0.07250737949404738,0.547368,92.4,0.6929
3790,2,3605.12,11730.45,0.106937,0.07250437148543501,0.671777,69.8,0.9169
3791,2,3606.08,11729.51,0.117013,0.0725013617260603,0.668634,67.1,0.9544
3792,2,3606.83,11727.9,0.107998,0.0724983502160754,0.479541,85.5,0.7484
3793,2,3607.52,11726.11,0.12474,0.07249533695563254,0.397834,92.3,0.6932
3794,2,3608.2,11724.27,0.11455,0.0724923219448841,0.381709,94.9,0.6743
3795,2,3608.97,11722.74,0.108159,0.0724893051839825,0.347855,83.1,0.7705
3796,2,3609.8,11721.39,0.126422,0.07248628667308027,0.840479,77.2,0.8289
3797,2,3610.57,11719.85,0.132906,0.07248326641233001,0.762448,83.3,0.7684
3798,2,3611.4,11718.51,0.104051,0.0724802444018844,0.497971,77.2,0.8291
3799,2,3612.11,11716.76,0.107773,0.07247722064189623,0.45515,90.9,0.7037
3800,2,3612.93,11715.4,0.154498,0.07247419513251838,0.655632,77.9,0.8221
3801,2,3613.71,11713.91,0.135848,0.07247116787390381,0.750612,82.3,0.7777
3802,2,3614.38,11712.05,0.110887,0.07246813886620557,0.584028,95.4,0.671
3803,2,3615.14,11710.48,0.118242,0.0724651081095768,0.65441,84.5,0.757
3804,2,3615.9,11708.92,0.129788,0.07246207560417071,0.64536,84.1,0.7613
3805,2,3616.62,11707.2,0.120886,0.07245904135014065,0.456913,89.6,0.7145
3806,2,3617.59,11706.3,0.10211,0.07245600534763999,0.389713,66.4,0.964
3807,2,3618.49,11705.19,0.113146,0.07245296759682224,0.444887,71.0,0.9012
3808,2,3619.2,11703.48,0.118113,0.07244992809784097,0.65169,89.7,0.7131
3809,2,3620.05,11702.19,0.117383,0.07244688685084985,0.9275,75.6,0.8461
3810,2,3620.75,11700.42,0.146415,0.07244384385600264,0.723651,92.0,0.6956
3811,2,3621.47,11698.73,0.08896,0.07244079911345318,0.838841,88.9,0.72
3812,2,3622.37,11697.64,0.163739,0.0724377526233554,0.696662,70.7,0.9053
3813,2,3623.06,11695.84,0.118977,0.07243470438586333,0.747544,93.4,0.6854
3814,2,3623.77,11694.11,0.135226,0.07243165440113107,0.804946,90.5,0.7072
3815,2,3624.6,11692.78,0.113831,0.07242860266931285,0.59428,76.8,0.8335
3816,2,3625.39,11691.32,0.111018,0.07242554919056292,0.511563,81.0,0.7903
3817,2,3626.16,11689.79,0.125375,0.07242249396503567,0.373654,83.2,0.7697
3818,2,3626.87,11688.05,0.129974,0.07241943699288556,0.391406,90.8,0.7046
3819,2,3627.84,11687.16,0.101833,0.07241637827426715,0.406752,66.2,0.9664
3820,2,3628.67,11685.84,0.117649,0.07241331780933508,0.80227,76.6,0.8356
3821,2,3629.42,11684.24,0.154364,0.07241025559824406,0.847514,86.3,0.7414
3822,2,3630.37,11683.29,0.122505,0.07240719164114892,0.633594,67.4,0.9493
3823,2,3631.09,11681.6,0.122031,0.07240412593820458,0.424095,89.0,0.7189
3824,2,3631.8,11679.89,0.105992,0.072401058489566,0.368401,90.0,0.7115
3825,2,3632.62,11678.53,0.107966,0.0723979892953883,0.362303,77.9,0.8211
3826,2,3633.61,11677.68,0.115949,0.0723949183558266,0.4576,65.3,0.9799
3827,2,3634.51,11676.58,0.112471,0.07239184567103621,0.384405,71.1,0.9006
3828,2,3635.47,11675.66,0.121024,0.07238877124117245,0.348222,66.7,0.9594
3829,2,3636.17,11673.92,0.102306,0.07238569506639075,0.424807,91.3,0.7008
3830,2,3637.11,11672.94,0.154576,0.07238261714684664,0.458869,68.2,0.939
3831,2,3637.83,11671.25,0.122283,0.07237953748269574,0.314566,89.1,0.7185
3832,2,3638.64,11669.87,0.147471,0.07237645607409375,0.385534,78.6,0.814
3833,2,3639.36,11668.17,0.111493,0.07237337292119643,0.399964,89.3,0.7163
3834,2,3640.07,11666.44,0.110817,0.07237028802415968,0.883457,90.8,0.7047
3835,2,3640.74,11664.61,0.139796,0.07236720138313946,1.118377,95.4,0.6707
3836,2,3641.39,11662.71,0.140062,0.0723641129982918,0.656837,97.9,0.6538
3837,2,3642.05,11660.83,0.139843,0.07236102286977288,0.774305,97.3,0.6575
3838,2,3642.72,11658.97,0.145699,0.07235793099773889,0.654608,96.5,0.6635
3839,2,3643.37,11657.08,0.118658,0.07235483738234617,0.463746,98.0,0.6529
3840,2,3644.02,11655.18,0.137278,0.07235174202375111,0.48831,98.0,0.6531
3841,2,3644.7,11653.35,0.098572,0.07234864492211021,0.580043,96.0,0.6664
3842,2,3645.36,11651.49,0.126675,0.07234554607758006,0.647523,96.8,0.6611
3843,2,3646.01,11649.6,0.12006,0.07234244549031732,0.655568,98.1,0.6527
3844,2,3646.68,11647.75,0.118225,0.07233934316047874,0.535219,95.9,0.6672
3845,2,3647.35,11645.9,0.124591,0.07233623908822118,0.411784,96.3,0.6647
3846,2,3648.02,11644.06,0.113075,0.07233313327370156,0.477664,95.9,0.6675
3847,2,3648.67,11642.17,0.112066,0.07233002571707689,0.468533,98.0,0.6528
3848,2,3649.34,11640.32,0.141448,0.0723269164185043,0.463426,96.1,0.666
3849,2,3650.01,11638.49,0.119812,0.072323805378141,0.654114,95.4,0.6709
3850,2,3650.68,11636.66,0.107569,0.07232069259614422,0.549847,95.3,0.6714
3851,2,3651.35,11634.83,0.115253,0.07231757807267139,0.499798,95.7,0.6691
3852,2,3652.02,11632.98,0.107926,0.07231446180787995,0.698571,96.4,0.6639
3853,2,3652.67,11631.1,0.112431,0.07231134380192747,0.714991,97.6,0.6557
3854,2,3653.34,11629.25,0.131283,0.07230822405497155,0.554351,96.7,0.6619
3855,2,3653.99,11627.36,0.129417,0.07230510256716993,0.451943,98.2,0.6516
3856,2,3654.64,11625.48,0.108288,0.07230197933868043,0.586604,97.9,0.654
3857,2,3655.31,11623.63,0.130824,0.07229885436966095,0.719645,96.8,0.6613
3858,2,3655.96,11621.74,0.119746,0.07229572766026948,0.586891,98.3,0.6511
3859,2,3656.61,11619.86,0.117754,0.0722925992106641,0.385209,98.1,0.6526
3860,2,3657.28,11618.02,0.134889,0.07228946902100297,0.402791,96.1,0.666
3861,2,3657.95,11616.19,0.117825,0.07228633709144433,0.376864,96.2,0.6651
3862,2,3658.6,11614.31,0.108801,0.07228320342214656,0.31392,98.0,0.6531
3863,2,3659.26,11612.43,0.114548,0.07228006801326804,0.504457,98.2,0.6516
3864,2,3659.92,11610.58,0.108076,0.07227693086496732,0.56976,96.7,0.6619
3865,2,3660.58,11608.74,0.120489,0.07227379197740301,0.559336,96.5,0.6629
3866,2,3661.23,11606.85,0.117788,0.07227065135073378,0.339433,98.5,0.6497
3867,2,3661.89,11604.98,0.135153,0.07226750898511843,0.354934,97.9,0.6535
3868,2,3662.53,11603.07,0.12167,0.07226436488071582,0.438976,99.6,0.6425
3869,2,3663.18,11601.18,0.130198,0.0722612190376849,0.630001,98.6,0.6491
3870,2,3663.83,11599.28,0.112093,0.07225807145618474,1.079826,99.1,0.6459
3871,2,3664.47,11597.37,0.123576,0.07225492213637445,0.85232,99.7,0.6417
3872,2,3665.11,11595.47,0.096818,0.07225177107841327,0.442786,99.6,0.6426
3873,2,3665.76,11593.57,0.119641,0.07224861828246047,0.401052,99.2,0.6454
3874,2,3666.4,11591.66,0.126359,0.07224546374867549,0.331546,99.8,0.6414
3875,2,3667.05,11589.77,0.13009,0.07224230747721778,0.350118,99.3,0.6446
3876,2,3667.7,11587.87,0.108147,0.07223914946824694,0.504875,99.0,0.6462
3877,2,3668.35,11586.0,0.115613,0.07223598972192262,0.603165,98.1,0.6525
3878,2,3669.01,11584.15,0.112495,0.07223282823840456,0.637063,97.3,0.6577
3879,2,3669.66,11582.28,0.115125,0.0722296650178526,0.550062,98.1,0.6522
3880,2,3670.31,11580.41,0.107663,0.07222650006042666,0.438898,98.2,0.6516
3881,2,3670.98,11578.57,0.12914,0.07222333336628677,0.583777,97.4,0.6574
3882,2,3671.64,11576.72,0.111557,0.07222016493559301,0.489047,97.4,0.6574
3883,2,3672.29,11574.84,0.114209,0.07221699476850556,0.455801,98.5,0.6497
3884,2,3672.96,11573.05,0.108047,0.07221382286518471,0.544098,94.8,0.6752
3885,2,3673.71,11571.49,0.081502,0.07221064922579083,0.35408,85.2,0.7509
3886,2,3674.6,11570.37,0.133323,0.07220747385048437,0.444124,72.1,0.8874
3887,2,3675.29,11568.62,0.12921,0.07220429673942584,0.722548,92.7,0.6903
3888,2,3676.04,11567.06,0.138372,0.07220111789277588,0.570339,85.6,0.7479
3889,2,3676.8,11565.53,0.149722,0.07219793731069522,0.385604,84.5,0.7573
3890,2,3677.47,11563.72,0.137622,0.07219475499334464,0.585098,95.5,0.6699
3891,2,3678.24,11562.2,0.154489,0.07219157094088505,1.034101,83.8,0.7636
3892,2,3679.04,11560.82,0.12837,0.07218838515347739,0.793687,79.5,0.8051
3893,2,3679.85,11559.43,0.125447,0.07218519763128275,0.746275,79.8,0.8016
3894,2,3680.53,11557.66,0.154136,0.07218200837446229,0.547409,93.9,0.6815
3895,2,3681.28,11556.11,0.13368,0.07217881738317723,0.420438,85.2,0.7513
3896,2,3682.08,11554.69,0.10529,0.07217562465758891,0.404828,80.7,0.7929
3897,2,3682.79,11553.02,0.124102,0.07217243019785874,0.471541,89.8,0.7131
3898,2,3683.77,11552.17,0.133994,0.07216923400414824,0.48076,65.7,0.9747
3899,2,3684.63,11550.97,0.117154,0.07216603607661896,0.483108,74.0,0.8648
3900,2,3685.32,11549.23,0.142675,0.07216283641543263,0.57612,93.0,0.688
3901,2,3694.53,11574.18,0.120015,0.07215963502075097,0.647796,93.0,0.6885
3902,2,3695.23,11572.45,0.153021,0.07215643189273586,0.620413,91.9,0.6965
3903,2,3695.94,11570.75,0.109566,0.07215322703154922,0.460245,90.8,0.7052
3904,2,3696.88,11569.79,0.109143,0.07215002043735311,0.338727,67.8,0.9434
3905,2,3697.73,11568.56,0.13012,0.07214681211030961,0.406721,74.9,0.8542
3906,2,3698.43,11566.82,0.142426,0.07214360205058096,0.52829,92.2,0.6938
3907,2,3699.43,11566.03,0.143987,0.07214039025832943,0.462865,64.3,0.996
3908,2,3700.22,11564.61,0.154597,0.07213717673371739,0.582047,80.7,0.7934
3909,2,3701.0,11563.15,0.137212,0.07213396147690733,0.522196,82.0,0.7808
3910,2,3701.69,11561.4,0.144042,0.07213074448806178,0.618231,93.0,0.6885
3911,2,3702.56,11560.21,0.130374,0.0721275257673434,0.430476,73.8,0.8676
3912,2,3703.45,11559.07,0.107504,0.07212430531491491,0.261846,72.4,0.8834
3913,2,3704.2,11557.53,0.122134,0.07212108313093915,0.767402,84.9,0.754
3914,2,3704.98,11556.04,0.129656,0.07211785921557899,0.461633,82.9,0.7724
3915,2,3705.8,11554.71,0.110541,0.07211463356899746,0.446331,77.9,0.8211
3916,2,3706.47,11552.91,0.123196,0.0721114061913576,0.535935,95.0,0.6737
3917,2,3707.16,11551.15,0.112986,0.07210817708282259,0.745641,93.7,0.6831
3918,2,3707.88,11549.5,0.126399,0.07210494624355569,0.692956,88.8,0.7205
3919,2,3708.55,11547.69,0.109196,0.07210171367372024,0.639062,96.0,0.6665
3920,2,3709.44,11546.59,0.124608,0.07209847937347967,0.604385,71.4,0.8968
3921,2,3710.13,11544.82,0.112578,0.07209524334299751,0.475845,95.1,0.6732
3922,2,3710.8,11543.02,0.091905,0.07209200558243735,0.477225,95.5,0.6698
3923,2,3711.61,11541.67,0.134509,0.07208876609196288,0.49767,78.2,0.8179
3924,2,3712.49,11540.51,0.138505,0.07208552487173789,0.410287,73.2,0.8738
3925,2,3713.16,11538.7,0.137143,0.07208228192192623,0.593823,95.6,0.6694
3926,2,3713.97,11537.33,0.106145,0.07207903724269185,0.329304,79.2,0.8085
3927,2,3714.84,11536.16,0.124805,0.07207579083419882,0.495791,73.4,0.8715
3928,2,3715.71,11534.98,0.111829,0.07207254269661124,0.423633,73.4,0.8719
3929,2,3716.4,11533.23,0.095211,0.07206929283009336,0.4417,93.7,0.6833
3930,2,3717.24,11531.95,0.111352,0.07206604123480946,0.443456,76.4,0.8374
3931,2,3718.09,11530.72,0.11944,0.07206278791092394,0.70848,74.8,0.8551
3932,2,3718.83,11529.11,0.110158,0.07205953285860127,0.960441,87.6,0.7306
3933,2,3719.5,11527.33,0.152296,0.07205627607800603,0.693289,95.0,0.6734
3934,2,3720.31,11525.97,0.126246,0.07205301756930287,0.443839,78.9,0.8108
3935,2,3721.05,11524.38,0.122367,0.07204975733265652,0.601779,86.8,0.7371
3936,2,3721.97,11523.35,0.126526,0.07204649536823182,0.518264,69.6,0.9189
3937,2,3722.86,11522.22,0.134656,0.07204323167619367,0.493504,72.3,0.8851
3938,2,3723.53,11520.45,0.094557,0.07203996625670708,0.470564,94.5,0.6773
3939,2,3724.47,11519.48,0.128785,0.07203669910993715,0.621923,68.5,0.9346
3940,2,3725.43,11518.57,0.129348,0.07203343023604906,0.709771,66.9,0.9569
3941,2,3726.28,11517.33,0.122295,0.07203015963520806,0.707743,75.9,0.8435
3942,2,3726.97,11515.6,0.132245,0.07202688730757952,0.464634,92.6,0.6913
3943,2,3727.76,11514.18,0.138335,0.07202361325332884,0.329141,80.9,0.7913
3944,2,3728.73,11513.29,0.114505,0.07202033747262158,0.448894,66.5,0.9629
3945,2,3729.65,11512.29,0.138262,0.07201705996562337,0.57784,69.1,0.9255
3946,2,3730.4,11510.72,0.106369,0.07201378073249988,0.531293,86.3,0.7416
3947,2,3731.27,11509.56,0.132842,0.07201049977341692,0.538247,73.1,0.876
3948,2,3732.0,11507.96,0.122013,0.07200721708854035,0.345742,87.8,0.7293
3949,2,3732.73,11506.32,0.113935,0.07200393267803613,0.424519,88.8,0.7206
3950,2,3733.51,11504.88,0.134177,0.07200064654207033,0.732157,81.6,0.7839
3951,2,3734.17,11503.07,0.110838,0.07199735868080907,0.679617,96.7,0.662
3952,2,3735.09,11502.02,0.108408,0.07199406909441859,0.74593,70.2,0.9119
3953,2,3735.99,11500.95,0.121758,0.0719907777830652,0.810956,71.0,0.9015
3954,2,3736.75,11499.45,0.131202,0.07198748474691527,0.687886,83.6,0.7652
3955,2,3737.43,11497.69,0.139093,0.07198418998613533,0.38485,94.4,0.6783
3956,2,3738.21,11496.23,0.134742,0.07198089350089192,0.3399,82.3,0.7773
3957,2,3738.93,11494.58,0.121136,0.0719775952913517,0.303408,89.5,0.7151
3958,2,3739.78,11493.36,0.118499,0.07197429535768145,0.41534,75.0,0.8536
3959,2,3740.5,11491.72,0.120636,0.07197099370004799,0.645089,89.4,0.7157
3960,2,3741.21,11490.06,0.125828,0.07196769031861822,0.712273,89.8,0.7128
3961,2,3742.0,11488.62,0.106056,0.07196438521355919,0.540813,82.4,0.7763
3962,2,3742.74,11487.05,0.14578,0.07196107838503797,1.008028,86.6,0.739
3963,2,3743.62,11485.91,0.124873,0.07195776983322175,0.835809,72.6,0.8811
3964,2,3744.33,11484.26,0.144928,0.0719544595582778,0.953028,89.9,0.7117
3965,2,3745.05,11482.61,0.135393,0.07195114756037346,0.860377,89.7,0.7138
3966,2,3745.95,11481.53,0.107831,0.07194783383967623,0.398769,71.2,0.899
3967,2,3746.67,11479.89,0.139796,0.07194451839635359,0.519979,89.4,0.7162
3968,2,3747.36,11478.18,0.132492,0.07194120123057317,0.477667,92.1,0.6952
3969,2,3748.08,11476.55,0.111286,0.0719378823425027,0.308274,89.2,0.7175
3970,2,3748.84,11475.03,0.118173,0.07193456173230994,0.483064,84.8,0.7551
3971,2,3749.6,11473.53,0.131463,0.0719312394001628,0.53234,83.9,0.7629
3972,2,3750.35,11471.98,0.09011,0.07192791534622922,0.680662,85.9,0.7448
3973,2,3751.13,11470.54,0.142223,0.07192458957067728,0.695911,82.0,0.7807
3974,2,3751.89,11469.04,0.130177,0.0719212620736751,0.663078,83.9,0.763
3975,2,3752.63,11467.46,0.129993,0.07191793285539091,0.69765,87.1,0.7352
3976,2,3753.37,11465.9,0.126107,0.07191460191599305,0.569845,86.7,0.7382
3977,2,3754.04,11464.12,0.137775,0.0719112692556499,0.496441,95.5,0.6702
3978,2,3754.7,11462.31,0.131833,0.07190793487452996,0.45687,97.1,0.6594
3979,2,3755.38,11460.55,0.112373,0.0719045987728018,0.294085,94.7,0.6761
3980,2,3756.04,11458.76,0.131395,0.0719012609506341,0.661168,96.1,0.6659
3981,2,3756.74,11457.06,0.118204,0.07189792140819559,0.720984,93.0,0.6881
3982,2,3757.5,11455.56,0.144608,0.07189458014565511,0.828843,84.1,0.7609
3983,2,3758.18,11453.83,0.120534,0.0718912371631816,0.49589,93.6,0.6834
3984,2,3758.87,11452.09,0.137466,0.07188789246094407,0.533508,93.9,0.6819
3985,2,3759.58,11450.46,0.129524,0.0718845460391116,0.591009,89.3,0.717
3986,2,3760.25,11448.68,0.113402,0.07188119789785338,0.457545,96.0,0.6665
3987,2,3760.94,11446.95,0.147246,0.07187784803733871,0.619011,93.6,0.6838
3988,2,3761.79,11445.74,0.111543,0.07187449645773691,0.566614,74.7,0.8565
3989,2,3762.63,11444.48,0.109723,0.07187114315921746,0.620604,76.4,0.8375
3990,2,3763.33,11442.77,0.086974,0.07186778814194987,0.547386,92.5,0.6918
3991,2,3764.02,11441.07,0.140378,0.07186443140610377,0.591116,92.5,0.692
3992,2,3764.72,11439.4,0.120655,0.07186107295184886,0.316495,91.0,0.7034
3993,2,3765.58,11438.2,0.116987,0.07185771277935495,0.53567,74.6,0.8578
3994,2,3766.25,11436.41,0.122328,0.07185435088879188,0.552251,96.5,0.6629
3995,2,3767.11,11435.23,0.124611,0.07185098728032968,0.432415,74.0,0.8646
3996,2,3767.79,11433.47,0.124489,0.07184762195413837,0.343527,95.2,0.6726
3997,2,3768.5,11431.85,0.106031,0.07184425491038808,0.43013,89.4,0.7163
3998,2,3769.48,11431.0,0.108653,0.07184088614924908,0.611407,65.7,0.9747
3999,2,3770.27,11429.61,0.11574,0.07183751567089164,0.404145,80.8,0.792
4000,2,3770.98,11427.95,0.124581,0.07183414347548617,0.55673,90.8,0.7051
4001,2,3771.76,11426.52,0.134122,0.07183076956320318,0.522727,87.1,0.7351
4002,2,3772.5,11424.96,0.115296,0.07182739393421322,0.805299,86.6,0.7393
4003,2,3773.31,11423.62,0.144247,0.07182401658868698,0.636898,79.2,0.8082
4004,2,3774.13,11422.29,0.104331,0.07182063752679517,0.318955,78.4,0.816
4005,2,3774.84,11420.67,0.106571,0.07181725674870866,0.472135,89.4,0.7161
4006,2,3775.51,11418.91,0.114446,0.07181387425459837,0.733359,95.5,0.67
4007,2,3776.4,11417.78,0.111037,0.0718104900446353,0.608834,72.6,0.8814
4008,2,3777.2,11416.4,0.133399,0.07180710411899054,0.763409,80.3,0.7975
4009,2,3777.92,11414.81,0.114432,0.07180371647783529,0.516547,88.2,0.7253
4010,2,3778.72,11413.42,0.149415,0.07180032712134081,0.639716,80.6,0.794
4011,2,3779.65,11412.45,0.115873,0.07179693604967845,0.700522,68.6,0.9329
4012,2,3780.48,11411.18,0.126115,0.07179354326301965,0.58658,76.9,0.8325
4013,2,3781.19,11409.53,0.140259,0.07179014876153596,0.479475,90.9,0.7038
4014,2,3782.05,11408.35,0.124534,0.07178675254539899,0.320205,74.1,0.8634
4015,2,3782.83,11406.89,0.106786,0.07178335461478043,0.473803,83.0,0.7715
4016,2,3783.59,11405.41,0.113651,0.07177995496985207,0.608821,84.2,0.7599
4017,2,3784.32,11403.84,0.107681,0.07177655361078579,0.485626,87.3,0.7331
4018,2,3785.02,11402.15,0.144755,0.07177315053775357,0.701277,92.4,0.6929
4019,2,3785.72,11400.49,0.111654,0.07176974575092744,0.66316,90.7,0.7053
4020,2,3786.61,11399.4,0.108617,0.07176633925047955,0.64186,71.8,0.8912
4021,2,3787.42,11398.04,0.122413,0.07176293103658211,0.544775,80.4,0.7965
4022,2,3788.22,11396.69,0.113142,0.07175952110940743,0.513489,79.7,0.8034
4023,2,3788.9,11394.95,0.130496,0.07175610946912792,0.53434,94.7,0.6759
4024,2,3789.61,11393.31,0.108008,0.07175269611591606,0.56805,90.4,0.7082
4025,2,3790.29,11391.58,0.135884,0.0717492810499444,0.522514,94.3,0.6788
4026,2,3790.95,11389.81,0.097162,0.07174586427138561,0.443631,96.1,0.6661
4027,2,3791.61,11388.02,0.134889,0.07174244578041244,0.386883,97.5,0.6566
4028,2,3792.27,11386.23,0.09693,0.0717390255771977,0.475465,97.0,0.6596
4029,2,3792.93,11384.44,0.127399,0.07173560366191434,0.480586,97.3,0.6578
4030,2,3793.59,11382.66,0.14421,0.07173218003473532,0.69304,97.1,0.659
4031,2,3794.24,11380.85,0.10592,0.07172875469583376,0.592707,98.1,0.6524
4032,2,3794.91,11379.1,0.129056,0.07172532764538281,0.735607,95.6,0.6697
4033,2,3795.58,11377.32,0.116373,0.07172189888355575,0.764113,96.9,0.6605
4034,2,3796.24,11375.53,0.140058,0.07171846841052591,0.618209,97.2,0.6585
4035,2,3796.88,11373.71,0.112401,0.07171503622646677,0.516321,98.9,0.6473
4036,2,3797.53,11371.89,0.119064,0.0717116023315518,0.324579,99.4,0.6437
4037,2,3798.18,11370.06,0.119368,0.07170816672595463,0.347838,99.1,0.6456
4038,2,3798.82,11368.23,0.11866,0.07170472940984896,0.334574,99.7,0.6419
4039,2,3799.47,11366.43,0.118071,0.07170129038340856,0.712844,98.1,0.6525
4040,2,3800.12,11364.6,0.143464,0.0716978496468073,0.582665,99.4,0.6436
4041,2,3800.77,11362.79,0.121184,0.07169440720021913,0.465152,99.5,0.6435
4042,2,3801.41,11360.96,0.134994,0.0716909630438181,0.703229,99.8,0.6411
4043,2,3802.05,11359.14,0.147135,0.07168751717777833,0.622749,99.3,0.6443
4044,2,3802.7,11357.31,0.108561,0.07168406960227404,0.349867,99.4,0.6436
4045,2,3803.34,11355.49,0.137086,0.07168062031747953,0.39438,99.4,0.6439
4046,2,3803.98,11353.66,0.129351,0.07167716932356916,0.430856,99.9,0.641
4047,2,3804.63,11351.84,0.122454,0.07167371662071742,0.559521,99.3,0.6447
4048,2,3805.27,11350.02,0.136531,0.07167026220909889,0.628919,99.3,0.6446
4049,2,3805.92,11348.2,0.126217,0.07166680608888819,0.848343,99.3,0.6443
4050,2,3806.56,11346.38,0.143151,0.07166334826026005,0.902916,99.6,0.6428
4051,2,3807.21,11344.58,0.126792,0.0716598887233893,0.79279,98.8,0.648
4052,2,3807.86,11342.76,0.140528,0.07165642747845084,1.032791,99.0,0.6462
4053,2,3808.5,11340.94,0.108319,0.07165296452561967,0.622204,99.4,0.6436
4054,2,3809.15,11339.13,0.122707,0.07164949986507085,0.503572,99.3,0.6446
4055,2,3809.79,11337.31,0.122609,0.07164603349697957,0.664838,99.5,0.6434
4056,2,3810.44,11335.49,0.125057,0.07164256542152105,0.498133,99.3,0.6445
4057,2,3811.08,11333.68,0.110436,0.07163909563887064,0.541041,99.5,0.6431
4058,2,3811.73,11331.86,0.093958,0.07163562414920376,0.373719,99.4,0.6441
4059,2,3812.37,11330.05,0.128959,0.07163215095269591,0.486149,99.4,0.6436
4060,2,3813.01,11328.22,0.13919,0.07162867604952271,0.809129,99.9,0.6404
4061,2,3813.66,11326.42,0.129788,0.07162519943985982,0.709956,99.5,0.643
4062,2,3814.31,11324.61,0.155829,0.07162172112388301,0.967158,99.4,0.6436
4063,2,3814.95,11322.79,0.14479,0.07161824110176815,0.953049,99.6,0.6424
4064,2,3815.6,11320.98,0.134057,0.07161475937369113,0.524177,99.5,0.6432
4065,2,3816.24,11319.18,0.117246,0.07161127593982804,0.636981,98.8,0.6477
4066,2,3816.9,11317.39,0.122507,0.07160779080035495,0.809421,98.1,0.6524
4067,2,3817.56,11315.63,0.128028,0.07160430395544809,0.522353,97.1,0.6591
4068,2,3818.22,11313.86,0.113725,0.07160081540528372,0.47108,97.2,0.6584
4069,2,3818.88,11312.12,0.143291,0.07159732515003822,0.527149,96.2,0.6656
4070,2,3819.54,11310.33,0.129335,0.07159383318988803,0.611891,98.1,0.6521
4071,2,3820.18,11308.53,0.114865,0.07159033952500973,0.717954,99.1,0.6459
4072,2,3820.85,11306.8,0.121734,0.07158684415557993,0.763873,95.4,0.6712
4073,2,3821.52,11305.06,0.128172,0.07158334708177534,0.728801,96.2,0.6652
4074,2,3822.18,11303.3,0.143555,0.07157984830377277,0.66247,96.8,0.6613
4075,2,3822.84,11301.53,0.106389,0.07157634782174911,0.391057,97.9,0.6539
4076,2,3823.72,11300.41,0.101797,0.07157284563588133,0.440701,72.9,0.8782
4077,2,3824.59,11299.27,0.129233,0.0715693417463465,0.776152,73.7,0.8685
4078,2,3825.52,11298.34,0.134784,0.07156583615332174,0.683627,68.2,0.938
4079,2,3826.46,11297.38,0.10079,0.07156232885698431,0.465425,68.7,0.9319
4080,2,3827.2,11295.88,0.125837,0.07155881985751152,0.754127,86.0,0.744
4081,2,3828.13,11294.9,0.127497,0.07155530915508078,0.83247,69.7,0.9182
4082,2,3829.04,11293.88,0.113102,0.07155179674986957,0.531131,70.4,0.9086
4083,2,3829.72,11292.18,0.097739,0.07154828264205547,0.564825,94.0,0.6808
4084,2,3830.5,11290.8,0.136535,0.07154476683181615,0.480567,81.6,0.7843
4085,2,3831.3,11289.44,0.134088,0.07154124931932936,0.42315,80.3,0.7967
4086,2,3832.03,11287.89,0.109172,0.07153773010477292,0.477993,88.1,0.7266
4087,2,3832.7,11286.17,0.123994,0.07153420918832477,0.43973,95.3,0.6713
4088,2,3833.66,11285.3,0.115575,0.0715306865701629,0.273816,66.6,0.9613
4089,2,3834.64,11284.47,0.128033,0.07152716225046542,0.359265,65.9,0.9717
4090,2,3835.42,11283.07,0.111958,0.0715236362294105,0.606585,82.1,0.7799
4091,2,3836.17,11281.59,0.116917,0.07152010850717641,0.626504,85.1,0.7524
4092,2,3836.88,11279.99,0.125851,0.0715165790839415,0.545679,90.1,0.7102
4093,2,3837.77,11278.91,0.132257,0.07151304795988422,0.680403,72.0,0.8888
4094,2,3838.51,11277.39,0.125584,0.07150951513518307,0.807163,86.4,0.7406
4095,2,3839.38,11276.25,0.133585,0.07150598061001667,0.423605,73.9,0.8665
4096,2,3840.34,11275.37,0.119348,0.07150244438456371,0.397726,67.0,0.955
4097,2,3841.2,11274.21,0.15097,0.07149890645900299,0.57898,74.2,0.8626
4098,2,3842.01,11272.89,0.137869,0.07149536683351336,0.506637,79.6,0.8043
4099,2,3842.72,11271.3,0.134354,0.07149182550827378,0.353214,89.5,0.7151
4100,2,3843.65,11270.34,0.140505,0.0714882824834633,0.52851,68.9,0.9293
4101,2,3844.47,11269.05,0.11491,0.07148473775926102,0.591687,78.9,0.8116
4102,2,3845.2,11267.51,0.128066,0.07148119133584616,0.554503,87.8,0.729
4103,2,3846.11,11266.47,0.120561,0.07147764321339803,0.595318,70.9,0.9027
4104,2,3847.0,11265.42,0.123357,0.07147409339209601,0.525854,71.2,0.8985
4105,2,3847.78,11264.0,0.118018,0.07147054187211956,0.568904,83.0,0.771
4106,2,3848.68,11262.97,0.152935,0.07146698865364824,0.54099,70.8,0.9044
4107,2,3849.47,11261.61,0.120587,0.07146343373686168,0.603388,81.0,0.7901
4108,2,3850.16,11259.92,0.118972,0.07145987712193962,0.701126,94.0,0.6807
4109,2,3850.93,11258.5,0.12992,0.07145631880906186,0.747915,83.1,0.7704
4110,2,3851.75,11257.23,0.110554,0.07145275879840832,0.867437,78.0,0.821
4111,2,3852.51,11255.76,0.115428,0.07144919709015896,0.90342,84.8,0.7551
4112,2,3853.29,11254.38,0.119215,0.07144563368449386,0.601812,81.8,0.7821
4113,2,3854.17,11253.29,0.130626,0.07144206858159319,0.305326,72.3,0.8852
4114,2,3855.02,11252.08,0.121611,0.07143850178163716,0.393367,75.9,0.8427
4115,2,3855.83,11250.78,0.116534,0.07143493328480612,0.559323,78.9,0.8113
4116,2,3856.64,11249.47,0.138803,0.07143136309128047,0.556348,79.2,0.8078
4117,2,3857.41,11248.03,0.11661,0.07142779120124072,0.664441,83.6,0.7651
4118,2,3858.19,11246.67,0.126658,0.07142421761486745,0.329913,81.2,0.7879
4119,2,3859.04,11245.46,0.115309,0.07142064233234133,0.342299,75.7,0.8453
4120,2,3859.74,11243.83,0.115959,0.07141706535384311,0.43673,91.8,0.6968
4121,2,3860.5,11242.4,0.12331,0.07141348667955365,0.459531,84.1,0.7606
4122,2,3861.32,11241.11,0.130993,0.07140990630965385,0.8505,78.5,0.815
4123,2,3862.1,11239.71,0.105501,0.07140632424432476,0.881318,82.1,0.7794
4124,2,3862.94,11238.5,0.138632,0.07140274048374745,0.834769,76.3,0.8392
4125,2,3863.83,11237.43,0.103931,0.07139915502810312,0.50421,71.7,0.8924
4126,2,3864.66,11236.17,0.117578,0.07139556787757304,0.719087,77.7,0.824
4127,2,3865.56,11235.13,0.11428,0.07139197903233854,0.510602,71.3,0.898
4128,2,3866.38,11233.86,0.14383,0.0713883884925811,0.448616,77.9,0.8211
4129,2,3867.19,11232.56,0.104512,0.07138479625848222,0.441779,79.2,0.8081
4130,2,3867.9,11230.96,0.143087,0.07138120233022352,0.82785,90.7,0.7058
4131,2,3868.67,11229.54,0.094572,0.07137760670798671,0.501277,83.3,0.7688
4132,2,3869.44,11228.13,0.104243,0.07137400939195356,0.449766,82.8,0.7729
4133,2,3870.16,11226.54,0.145491,0.07137041038230593,0.544047,90.1,0.71
4134,2,3870.95,11225.18,0.114887,0.0713668096792258,0.598888,81.1,0.789
4135,2,3871.71,11223.75,0.126893,0.0713632072828952,0.381842,83.7,0.7644
4136,2,3872.4,11222.11,0.126514,0.07135960319349627,0.46298,92.6,0.6915
4137,2,3873.09,11220.44,0.111593,0.07135599741121121,0.546681,93.7,0.6827
4138,2,3873.89,11219.11,0.111746,0.07135238993622231,0.372514,80.2,0.7979
4139,2,3874.71,11217.84,0.129486,0.07134878076871197,0.953988,78.0,0.8202
4140,2,3875.44,11216.32,0.125065,0.07134516990886265,0.963861,87.3,0.7333
4141,2,3876.31,11215.18,0.103207,0.0713415573568569,0.510769,74.6,0.858
4142,2,3877.21,11214.14,0.108034,0.07133794311287737,0.366995,71.3,0.898
4143,2,3878.08,11213.01,0.103132,0.07133432717710679,0.398134,73.6,0.8697
4144,2,3878.94,11211.85,0.105081,0.07133070954972796,0.655191,74.5,0.8589
4145,2,3879.66,11210.3,0.134068,0.07132709023092379,0.37553,88.8,0.721
4146,2,3880.32,11208.58,0.126539,0.07132346922087725,0.667675,96.8,0.6611
4147,2,3881.05,11207.03,0.135403,0.07131984651977141,0.963231,88.7,0.7219
4148,2,3881.73,11205.35,0.129632,0.07131622212778943,0.497701,94.7,0.6757
4149,2,3882.5,11203.93,0.110917,0.07131259604511454,0.300024,83.2,0.7695
4150,2,3883.27,11202.54,0.114259,0.07130896827193008,0.395883,82.6,0.7753
4151,2,3884.02,11201.06,0.115382,0.07130533880841944,0.531945,85.7,0.7467
4152,2,3884.74,11199.51,0.132015,0.07130170765476612,0.504072,89.1,0.7187
4153,2,3885.42,11197.84,0.122642,0.07129807481115372,0.610804,94.0,0.681
4154,2,3886.22,11196.5,0.123003,0.07129444027776588,0.630293,80.3,0.7965
4155,2,3887.12,11195.46,0.154632,0.07129080405478637,0.981349,71.3,0.8976
4156,2,3887.88,11194.03,0.113216,0.07128716614239901,0.710083,84.1,0.7614
4157,2,3888.68,11192.71,0.135655,0.07128352654078773,0.62111,79.8,0.8022
4158,2,3889.48,11191.37,0.130889,0.07127988525013655,0.564472,80.7,0.7926
4159,2,3890.26,11189.98,0.112714,0.07127624227062956,0.739915,82.4,0.7769
4160,2,3891.02,11188.55,0.139593,0.07127259760245092,0.827045,84.3,0.7594
4161,2,3891.9,11187.46,0.116622,0.0712689512457849,0.551895,73.3,0.873
4162,2,3892.74,11186.24,0.112146,0.07126530320081587,0.713412,76.5,0.8366
4163,2,3893.41,11184.55,0.116233,0.07126165346772824,0.66925,95.4,0.6707
4164,2,3894.06,11182.78,0.139779,0.07125800204670654,0.687593,99.3,0.6447
4165,2,3894.7,11181.02,0.109985,0.07125434893793539,0.347571,99.1,0.6455
4166,2,3895.34,11179.25,0.142279,0.07125069414159946,0.64471,99.7,0.6418
4167,2,3895.99,11177.48,0.13696,0.07124703765788354,0.785537,99.2,0.6451
4168,2,3896.64,11175.71,0.129638,0.07124337948697249,0.71455,99.4,0.6438
4169,2,3897.28,11173.95,0.12147,0.07123971962905123,0.544823,99.4,0.6437
4170,2,3897.93,11172.19,0.121739,0.07123605808430483,0.813109,98.9,0.647
4171,2,3898.57,11170.43,0.13151,0.0712323948529184,0.72837,99.3,0.6445
4172,2,3899.22,11168.67,0.097001,0.07122872993507712,0.485102,99.2,0.6451
4173,2,3899.86,11166.9,0.107145,0.07122506333096629,0.692547,99.5,0.6431
4174,2,3900.51,11165.13,0.150978,0.07122139504077128,0.656736,99.9,0.641
4175,2,3901.15,11163.38,0.152814,0.07121772506467755,0.766462,98.9,0.6468
4176,2,3901.8,11161.62,0.110417,0.07121405340287064,0.74497,99.2,0.6453
4177,2,3902.45,11159.85,0.113678,0.07121038005553619,0.621983,99.7,0.6421
4178,2,3903.1,11158.12,0.115409,0.07120670502285992,0.586767,97.9,0.6534
4179,2,3903.75,11156.37,0.129503,0.07120302830502762,0.51676,98.9,0.6471
4180,2,3904.39,11154.6,0.138571,0.07119934990222515,0.635315,99.7,0.6419
4181,2,3905.05,11152.87,0.141218,0.07119566981463853,0.834282,98.3,0.6514
4182,2,3905.7,11151.13,0.161693,0.07119198804245376,0.805445,98.5,0.6499
4183,2,3906.34,11149.38,0.124185,0.07118830458585702,0.501237,99.1,0.6455
4184,2,3906.99,11147.62,0.13876,0.07118461944503451,0.408435,99.4,0.6442
4185,2,3907.64,11145.87,0.11735,0.07118093262017255,0.466868,99.3,0.6447
4186,2,3908.28,11144.11,0.118517,0.07117724411145755,0.409668,99.4,0.6441
4187,2,3908.93,11142.36,0.136474,0.07117355391907598,0.374329,99.0,0.6462
4188,2,3909.57,11140.61,0.167262,0.07116986204321439,0.476046,99.2,0.645
4189,2,3910.22,11138.86,0.107697,0.07116616848405945,0.514106,99.2,0.645
4190,2,3910.86,11137.1,0.115606,0.07116247324179789,0.452889,99.5,0.643
4191,2,3911.51,11135.35,0.149278,0.07115877631661653,0.756714,99.0,0.6467
4192,2,3912.17,11133.63,0.142106,0.07115507770870227,0.757094,97.4,0.6571
4193,2,3912.83,11131.91,0.143904,0.07115137741824211,0.637485,98.0,0.6534
4194,2,3913.48,11130.19,0.10719,0.07114767544542312,0.520252,97.6,0.656
4195,2,3914.13,11128.44,0.130047,0.07114397179043248,0.687511,99.4,0.6441
4196,2,3914.77,11126.69,0.134471,0.07114026645345742,0.501938,99.4,0.644
4197,2,3915.43,11124.96,0.112175,0.07113655943468526,0.395775,97.8,0.6546
4198,2,3916.09,11123.26,0.122359,0.07113285073430342,0.569228,97.0,0.6597
4199,2,3916.77,11121.63,0.107803,0.07112914035249943,0.743459,93.6,0.6838
4200,2,3917.64,11120.51,0.119567,0.07112542828946083,0.587463,73.8,0.8669
4201,2,4010.99,11381.81,0.112707,0.07112171454537534,0.456692,99.4,0.6438
4202,2,4011.63,11379.97,0.118872,0.0711179991204307,0.539872,99.5,0.6435
4203,2,4012.28,11378.14,0.120963,0.07111428201481473,0.576382,99.1,0.6457
4204,2,4012.92,11376.3,0.143682,0.07111056322871538,0.708334,99.9,0.6404
4205,2,4013.56,11374.47,0.108122,0.07110684276232064,0.705396,99.5,0.6433
4206,2,4014.21,11372.64,0.132089,0.07110312061581862,0.416257,99.3,0.6442
4207,2,4014.85,11370.8,0.105898,0.07109939678939751,0.352436,99.8,0.6411
4208,2,4015.49,11368.97,0.120692,0.07109567128324557,0.596904,99.5,0.6434
4209,2,4016.14,11367.13,0.126297,0.07109194409755112,0.789798,99.7,0.6416
4210,2,4016.79,11365.32,0.104708,0.07108821523250265,0.823299,98.5,0.65
4211,2,4017.44,11363.49,0.142215,0.07108448468828865,0.553584,99.3,0.6445
4212,2,4018.08,11361.66,0.103516,0.07108075246509772,0.456401,99.4,0.6436
4213,2,4018.73,11359.84,0.130271,0.07107701856311856,0.512285,99.2,0.645
4214,2,4019.37,11358.01,0.127411,0.07107328298253995,0.43716,99.5,0.6432
4215,2,4020.01,11356.18,0.129527,0.07106954572355076,0.316722,99.8,0.6414
4216,2,4020.66,11354.35,0.114063,0.0710658067863399,0.428892,99.4,0.6438
4217,2,4021.3,11352.52,0.148169,0.07106206617109644,0.72315,99.4,0.644
4218,2,4021.95,11350.7,0.134395,0.07105832387800946,1.063729,99.5,0.6434
4219,2,4022.59,11348.86,0.136106,0.07105457990726818,0.933215,99.8,0.6412
4220,2,4023.24,11347.06,0.133563,0.07105083425906188,0.63867,98.5,0.6498
4221,2,4023.89,11345.26,0.124785,0.07104708693357992,0.6147,99.2,0.6454
4222,2,4024.54,11343.43,0.128009,0.07104333793101178,0.307794,99.3,0.6442
4223,2,4025.18,11341.6,0.122222,0.07103958725154697,0.63566,99.9,0.6405
4224,2,4025.82,11339.78,0.122708,0.07103583489537513,0.75435,99.5,0.6431
4225,2,4026.47,11337.95,0.120682,0.07103208086268596,0.783921,99.6,0.6426
4226,2,4027.11,11336.13,0.142765,0.07102832515366926,0.804328,99.4,0.6439
4227,2,4027.75,11334.31,0.137412,0.07102456776851492,0.82728,99.5,0.6434
4228,2,4028.4,11332.5,0.127008,0.07102080870741287,0.666908,99.3,0.6445
4229,2,4029.05,11330.68,0.128635,0.07101704797055318,0.60819,99.3,0.6444
4230,2,4029.69,11328.86,0.131744,0.07101328555812597,0.774063,99.4,0.6436
4231,2,4030.33,11327.03,0.122975,0.07100952147032148,0.899999,99.9,0.6406
4232,2,4030.98,11325.21,0.097067,0.07100575570732999,0.611361,99.5,0.6434
4233,2,4031.64,11323.44,0.12148,0.0710019882693419,0.767067,96.9,0.6604
4234,2,4032.3,11321.69,0.152723,0.07099821915654765,0.840592,96.0,0.6667
4235,2,4032.99,11319.99,0.122477,0.07099444836913783,0.77721,93.6,0.6838
4236,2,4033.66,11318.25,0.156123,0.07099067590730308,0.522562,95.3,0.6714
4237,2,4034.34,11316.52,0.140761,0.0709869017712341,0.378318,94.9,0.6745
4238,2,4035.0,11314.76,0.135186,0.07098312596112172,0.592227,96.3,0.6645
4239,2,4035.67,11313.0,0.123254,0.07097934847715683,0.528698,96.6,0.6624
4240,2,4036.32,11311.23,0.124419,0.0709755693195304,0.578167,97.4,0.6571
4241,2,4037.0,11309.51,0.100567,0.0709717884884335,0.516574,95.3,0.6715
4242,2,4037.67,11307.77,0.11178,0.07096800598405728,0.450256,95.6,0.6694
4243,2,4038.34,11306.01,0.130241,0.07096422180659297,0.425804,96.8,0.6609
4244,2,4039.01,11304.27,0.112016,0.0709604359562319,0.419826,95.6,0.6697
4245,2,4039.68,11302.55,0.11156,0.07095664843316546,0.464167,94.5,0.6771
4246,2,4040.36,11300.83,0.129859,0.07095285923758513,0.412353,94.7,0.676
4247,2,4041.03,11299.08,0.12669,0.07094906836968248,0.356416,96.5,0.6632
4248,2,4041.68,11297.29,0.130222,0.07094527582964918,0.550669,98.0,0.653
4249,2,4042.36,11295.58,0.102543,0.07094148161767697,0.567641,94.3,0.6789
4250,2,4043.04,11293.88,0.138375,0.07093768573395764,0.673961,94.0,0.6808
4251,2,4043.71,11292.14,0.118645,0.07093388817868314,0.532085,95.8,0.6682
4252,2,4044.38,11290.4,0.12439,0.07093008895204546,0.348427,96.1,0.6659
4253,2,4045.05,11288.66,0.117478,0.07092628805423666,0.499765,95.7,0.6688
4254,2,4045.71,11286.9,0.121679,0.07092248548544891,0.942162,97.2,0.6584
4255,2,4046.38,11285.16,0.129326,0.07091868124587446,0.8844,95.7,0.6688
4256,2,4047.08,11283.51,0.135869,0.07091487533570563,0.529602,91.8,0.6975
4257,2,4047.75,11281.79,0.122215,0.07091106775513487,0.623008,95.1,0.6728
4258,2,4048.42,11280.06,0.138809,0.07090725850435463,0.693448,95.1,0.6728
4259,2,4049.08,11278.3,0.132705,0.07090344758355753,0.656119,97.5,0.6566
4260,2,4049.75,11276.55,0.118629,0.07089963499293624,0.503774,96.3,0.6643
4261,2,4050.41,11274.79,0.136079,0.07089582073268348,0.50687,97.9,0.6539
4262,2,4051.06,11273.02,0.133259,0.07089200480299213,0.591802,97.9,0.6534
4263,2,4051.72,11271.25,0.113687,0.07088818720405508,0.474894,97.7,0.6551
4264,2,4052.39,11269.53,0.128262,0.07088436793606535,0.44259,95.1,0.6728
4265,2,4053.08,11267.85,0.102824,0.07088054699921605,0.65236,93.0,0.6879
4266,2,4053.75,11266.12,0.128741,0.07087672439370031,0.532536,96.1,0.6659
4267,2,4054.42,11264.4,0.149145,0.07087290011971144,0.378359,95.2,0.672
4268,2,4055.08,11262.64,0.139095,0.07086907417744276,0.430105,97.0,0.6601
4269,2,4055.75,11260.91,0.118195,0.07086524656708769,0.526459,95.9,0.6674
4270,2,4056.41,11259.16,0.124519,0.07086141728883977,0.475214,96.8,0.661
4271,2,4057.07,11257.39,0.117954,0.07085758634289256,0.298803,97.9,0.6536
4272,2,4057.73,11255.63,0.119509,0.07085375372943976,0.346381,97.2,0.6582
4273,2,4058.39,11253.9,0.137879,0.07084991944867516,0.523282,96.3,0.6647
4274,2,4059.06,11252.16,0.13561,0.07084608350079259,0.46779,96.2,0.6655
4275,2,4059.72,11250.42,0.113257,0.07084224588598599,0.339257,96.3,0.6643
4276,2,4060.39,11248.69,0.121087,0.07083840660444934,0.350779,96.3,0.6646
4277,2,4061.06,11246.95,0.122674,0.07083456565637682,0.389705,96.3,0.6643
4278,2,4061.72,11245.2,0.102845,0.07083072304196256,0.478185,96.9,0.6607
4279,2,4062.37,11243.44,0.113285,0.07082687876140083,0.767306,97.9,0.6537
4280,2,4063.04,11241.7,0.138278,0.07082303281488601,0.780716,96.5,0.6633
4281,2,4063.71,11240.0,0.142909,0.07081918520261253,0.46076,95.5,0.6701
4282,2,4064.38,11238.28,0.125246,0.07081533592477492,0.708889,95.6,0.6695
4283,2,4065.05,11236.55,0.136353,0.07081148498156778,0.857915,95.8,0.6683
4284,2,4065.74,11234.88,0.126728,0.07080763237318581,0.642476,93.1,0.6874
4285,2,4066.42,11233.19,0.111172,0.07080377809982377,0.452295,94.6,0.6765
4286,2,4067.09,11231.46,0.122354,0.07079992216167655,0.377749,95.8,0.6682
4287,2,4067.74,11229.7,0.119958,0.07079606455893907,0.438186,98.3,0.6514
4288,2,4068.41,11227.97,0.10898,0.07079220529180637,0.357626,96.1,0.6663
4289,2,4069.08,11226.26,0.110779,0.07078834436047356,0.640502,95.3,0.6715
4290,2,4069.75,11224.54,0.142217,0.07078448176513585,0.924595,96.1,0.6657
4291,2,4070.41,11222.81,0.142647,0.0707806175059885,1.094581,96.1,0.666
4292,2,4071.08,11221.09,0.115747,0.07077675158322691,0.399987,95.8,0.6679
4293,2,4071.75,11219.35,0.115132,0.0707728839970465,0.822641,96.7,0.6619
4294,2,4072.4,11217.59,0.115195,0.0707690147476428,0.576069,98.3,0.6508
4295,2,4073.06,11215.86,0.137588,0.07076514383521144,0.375257,96.4,0.6636
4296,2,4073.73,11214.13,0.120558,0.07076127125994815,0.340755,96.3,0.6648
4297,2,4074.4,11212.42,0.117653,0.07075739702204865,0.437632,95.4,0.671
4298,2,4075.07,11210.7,0.090992,0.07075352112170886,0.504258,96.2,0.6653
4299,2,4075.74,11209.0,0.11729,0.07074964355912475,0.526213,95.1,0.6732
4300,2,4076.41,11207.28,0.116789,0.07074576433449231,0.479465,96.0,0.6666
4301,2,4077.08,11205.58,0.121918,0.07074188344800769,0.556352,96.2,0.6653
4302,2,4077.75,11203.85,0.132287,0.07073800089986709,0.598306,96.4,0.6642
4303,2,4078.42,11202.15,0.11253,0.07073411669026682,0.895219,95.1,0.6729
4304,2,4079.09,11200.44,0.129616,0.07073023081940322,1.003022,95.5,0.6702
4305,2,4079.76,11198.73,0.128999,0.07072634328747276,0.752482,95.7,0.6691
4306,2,4080.45,11197.07,0.149731,0.07072245409467201,0.573867,93.5,0.6846
4307,2,4081.1,11195.32,0.123949,0.07071856324119756,0.507443,97.9,0.6536
4308,2,4081.79,11193.64,0.107775,0.07071467072724613,0.631628,93.9,0.6819
4309,2,4082.46,11191.93,0.119637,0.07071077655301453,1.060102,95.6,0.6692
4310,2,4083.12,11190.2,0.138314,0.07070688071869963,0.979228,97.0,0.6598
4311,2,4083.79,11188.52,0.100242,0.07070298322449839,0.59567,94.4,0.6777
4312,2,4084.47,11186.81,0.133909,0.07069908407060786,0.496982,95.6,0.6697
4313,2,4085.13,11185.1,0.109521,0.07069518325722517,0.583629,96.1,0.6657
4314,2,4085.8,11183.38,0.145982,0.0706912807845475,0.584149,96.0,0.6664
4315,2,4086.45,11181.62,0.121834,0.07068737665277221,0.381261,99.1,0.646
4316,2,4087.09,11179.85,0.142708,0.07068347086209663,0.82175,99.1,0.646
4317,2,4087.74,11178.07,0.142283,0.07067956341271825,0.59078,99.7,0.6421
4318,2,4088.38,11176.3,0.124279,0.07067565430483462,0.704981,99.1,0.6461
4319,2,4089.03,11174.53,0.108071,0.07067174353864336,0.73292,99.5,0.6432
4320,2,4089.67,11172.75,0.123312,0.0706678311143422,1.021999,99.6,0.6428
4321,2,4090.34,11171.05,0.138826,0.07066391703212895,1.026443,97.4,0.6573
4322,2,4091.01,11169.36,0.159488,0.07066000129220146,1.665216,95.3,0.6718
4323,2,4091.66,11167.58,0.161701,0.07065608389475773,1.685459,99.8,0.6414
4324,2,4092.31,11165.82,0.160772,0.07065216483999581,0.991262,98.9,0.6473
4325,2,4092.98,11164.13,0.15667,0.07064824412811382,1.38948,95.3,0.6716
4326,2,4093.62,11162.36,0.159621,0.07064432175930999,0.955838,99.5,0.6431
4327,2,4094.27,11160.59,0.133812,0.07064039773378263,0.720047,99.4,0.6436
4328,2,4094.96,11158.96,0.134138,0.07063647205173011,1.025651,92.3,0.6933
4329,2,4095.61,11157.19,0.123689,0.07063254471335093,1.151168,99.6,0.6423
4330,2,4096.26,11155.45,0.121603,0.0706286157188436,0.683974,98.1,0.6524
4331,2,4096.95,11153.81,0.12443,0.0706246850684068,0.52412,92.4,0.6924
4332,2,4097.68,11152.26,0.127916,0.07062075276223924,0.573578,88.6,0.7224
4333,2,4098.35,11150.57,0.123444,0.07061681880053972,0.562654,95.3,0.6713
4334,2,4099.13,11149.19,0.116306,0.07061288318350713,0.503126,81.8,0.782
4335,2,4100.09,11148.28,0.13506,0.07060894591134045,0.426867,66.7,0.9598
4336,2,4101.09,11147.47,0.109071,0.07060500698423874,0.495425,64.3,0.995
4337,2,4101.93,11146.23,0.120773,0.07060106640240114,0.493625,76.5,0.837
4338,2,4102.71,11144.85,0.114122,0.07059712416602686,0.679494,81.8,0.7826
4339,2,4103.38,11143.15,0.109389,0.07059318027531522,0.576406,95.8,0.6684
4340,2,4104.04,11141.42,0.14363,0.07058923473046562,0.436109,97.5,0.6562
4341,2,4104.73,11139.78,0.127308,0.07058528753167752,0.788279,93.6,0.684
4342,2,4105.38,11138.05,0.134946,0.07058133867915048,0.552894,98.1,0.6523
4343,2,4106.05,11136.35,0.118943,0.07057738817308416,0.385701,96.0,0.6667
4344,2,4106.73,11134.68,0.160881,0.07057343601367827,0.324852,94.4,0.6782
4345,2,4107.42,11133.05,0.120254,0.07056948220113263,0.72631,92.6,0.6911
4346,2,4108.08,11131.33,0.114488,0.07056552673564712,0.40589,97.3,0.658
4347,2,4108.73,11129.58,0.12878,0.07056156961742173,0.601912,98.8,0.6477
4348,2,4109.39,11127.87,0.14702,0.07055761084665652,0.920787,96.4,0.6642
4349,2,4110.05,11126.15,0.15131,0.07055365042355162,0.717501,97.6,0.6558
4350,2,4110.81,11124.7,0.10168,0.07054968834830726,1.013896,84.7,0.756
4351,2,4111.65,11123.47,0.139941,0.07054572462112375,0.872346,76.2,0.8401
4352,2,4112.53,11122.34,0.139579,0.0705417592422015,0.409456,73.0,0.8762
4353,2,4113.25,11120.8,0.124046,0.070537792211741,0.35388,88.4,0.7242
4354,2,4114.02,11119.37,0.107575,0.07053382352994278,0.373836,83.8,0.7638
4355,2,4114.67,11117.64,0.121331,0.0705298531970075,0.307111,97.9,0.6537
4356,2,4115.33,11115.92,0.146979,0.07052588121313588,0.49811,97.6,0.6559
4357,2,4115.98,11114.19,0.120642,0.07052190757852875,0.633619,97.8,0.6547
4358,2,4116.64,11112.46,0.127819,0.070517932293387,0.470952,98.1,0.6521
4359,2,4117.29,11110.74,0.128533,0.07051395535791159,0.516384,97.6,0.656
4360,2,4117.95,11109.03,0.135289,0.0705099767723036,0.606341,97.1,0.6588
4361,2,4118.62,11107.33,0.130065,0.07050599653676416,0.818894,97.6,0.6559
4362,2,4119.27,11105.6,0.137883,0.07050201465149454,0.57077,97.8,0.6545
4363,2,4119.95,11103.93,0.10034,0.07049803111669602,0.504705,95.2,0.6721
4364,2,4120.76,11102.64,0.120394,0.07049404593256998,0.657798,78.6,0.814
4365,2,4121.69,11101.66,0.135884,0.07049005909931794,0.650701,68.7,0.9321
4366,2,4122.58,11100.56,0.147506,0.07048607061714143,0.579382,72.3,0.8854
4367,2,4123.46,11099.45,0.144111,0.07048208048624212,0.721707,72.7,0.88
4368,2,4124.38,11098.43,0.127824,0.07047808870682172,0.445486,69.9,0.9153
4369,2,4125.3,11097.42,0.130949,0.07047409527908206,0.558347,69.6,0.9195
4370,2,4126.21,11096.39,0.143047,0.07047010020322503,0.485133,70.2,0.9114
4371,2,4127.09,11095.27,0.11658,0.0704661034794526,0.524278,73.0,0.8763
4372,2,4127.98,11094.18,0.110687,0.07046210510796685,0.623852,71.9,0.89
4373,2,4128.83,11093.0,0.144465,0.07045810508896992,1.048469,74.9,0.8541
4374,2,4129.8,11092.11,0.125558,0.07045410342266403,1.008156,66.2,0.9662
4375,2,4130.57,11090.7,0.119837,0.0704501001092515,1.258975,83.2,0.7694
4376,2,4131.47,11089.64,0.125008,0.07044609514893473,0.484921,71.4,0.8967
4377,2,4132.25,11088.25,0.129296,0.07044208854191619,1.278701,82.4,0.7771
4378,2,4132.91,11086.55,0.142306,0.07043808028839846,1.016625,96.5,0.6632
4379,2,4133.58,11084.86,0.136287,0.07043407038858417,0.789154,96.3,0.6644
4380,2,4134.25,11083.2,0.101862,0.07043005884267604,0.813057,94.9,0.6741
4381,2,4134.92,11081.5,0.099042,0.0704260456508769,0.422834,97.6,0.6555
4382,2,4135.59,11079.83,0.138853,0.07042203081338966,0.541808,95.6,0.6692
4383,2,4136.26,11078.15,0.131629,0.07041801433041725,0.454406,95.4,0.6709
4384,2,4136.94,11076.49,0.112323,0.07041399620216278,0.53289,94.9,0.6745
4385,2,4137.62,11074.86,0.12937,0.07040997642882937,0.699555,93.4,0.6849
4386,2,4138.31,11073.23,0.12222,0.07040595501062026,0.807424,93.1,0.6873
4387,2,4138.97,11071.54,0.1221,0.07040193194773876,0.55193,96.4,0.6636
4388,2,4139.64,11069.87,0.122425,0.07039790724038826,0.446053,95.7,0.6689
4389,2,4140.31,11068.18,0.118571,0.07039388088877224,0.484788,96.5,0.6635
4390,2,4141.01,11066.58,0.142623,0.07038985289309425,0.777983,91.8,0.697
4391,2,4141.68,11064.91,0.129603,0.07038582325355795,0.862671,95.8,0.6683
4392,2,4142.33,11063.2,0.131766,0.07038179197036706,0.555582,97.3,0.6575
4393,2,4143.01,11061.56,0.123532,0.07037775904372538,0.496126,94.4,0.6783
4394,2,4143.69,11059.9,0.158554,0.07037372447383683,0.471616,95.1,0.6733
4395,2,4144.36,11058.22,0.137393,0.07036968826090538,0.573956,96.0,0.6663
4396,2,4145.03,11056.56,0.124923,0.07036565040513507,0.527448,95.1,0.673
4397,2,4145.69,11054.87,0.12528,0.07036161090673004,0.585847,96.8,0.6615
4398,2,4146.37,11053.2,0.12092,0.07035756976589455,0.714568,95.3,0.6719
4399,2,4147.04,11051.55,0.135039,0.07035352698283287,0.868278,94.7,0.6758
4400,2,4147.72,11049.91,0.13042,0.07034948255774941,0.773294,94.0,0.6809
4401,2,4148.43,11048.33,0.12099,0.07034543649084864,0.453299,97.2,0.6587
4402,2,4149.1,11046.68,0.117447,0.07034138878233512,0.343454,94.7,0.6758
4403,2,4149.77,11045.02,0.110065,0.07033733943241349,0.77226,95.5,0.6702
4404,2,4150.45,11043.36,0.11005,0.07033328844128849,0.722419,95.4,0.671
4405,2,4151.12,11041.7,0.13723,0.07032923580916489,0.390203,94.9,0.6743
4406,2,4151.79,11040.04,0.147002,0.07032518153624762,0.411963,95.5,0.6702
4407,2,4152.47,11038.38,0.131248,0.07032112562274162,0.34103,95.4,0.6709
4408,2,4153.12,11036.68,0.12382,0.07031706806885196,0.532157,97.2,0.6581
4409,2,4153.79,11035.02,0.118321,0.07031300887478378,0.809104,95.9,0.6673
4410,2,4154.47,11033.36,0.128373,0.07030894804074231,0.793835,95.3,0.6714
4411,2,4155.13,11031.69,0.105601,0.07030488556693283,0.392104,96.0,0.6666
4412,2,4155.79,11029.98,0.151297,0.07030082145356073,0.752346,97.9,0.6535
4413,2,4156.45,11028.29,0.137917,0.0702967557008315,0.916968,97.3,0.658
4414,2,4157.12,11026.64,0.153829,0.07029268830895069,0.85708,95.1,0.6727
4415,2,4157.8,11024.99,0.126027,0.07028861927812392,0.437049,94.5,0.677
4416,2,4158.47,11023.33,0.147617,0.07028454860855693,0.658168,95.6,0.6692
4417,2,4159.15,11021.69,0.1275,0.07028047630045549,0.908567,94.8,0.6751
4418,2,4159.8,11019.99,0.133654,0.0702764023540255,0.841419,97.8,0.6543
4419,2,4160.46,11018.31,0.110201,0.07027232676947294,0.492588,96.5,0.663
4420,2,4161.12,11016.61,0.125641,0.07026824954700386,0.680419,97.8,0.6545
4421,2,4161.78,11014.91,0.139081,0.07026417068682438,0.767367,98.6,0.6491
4422,2,4162.43,11013.21,0.155188,0.07026009018914071,0.690213,97.9,0.6539
4423,2,4163.09,11011.52,0.12409,0.07025600805415916,0.836267,97.7,0.6551
4424,2,4163.75,11009.85,0.104891,0.07025192428208611,0.725135,96.3,0.6648
4425,2,4164.42,11008.2,0.12338,0.07024783887312801,0.63397,95.3,0.6713
4426,2,4165.09,11006.53,0.136229,0.07024375182749143,0.407563,96.5,0.663
4427,2,4165.75,11004.86,0.139903,0.07023966314538299,0.42673,96.3,0.6648
4428,2,4166.41,11003.16,0.136609,0.07023557282700939,0.492831,97.8,0.6541
4429,2,4167.07,11001.48,0.118074,0.07023148087257743,0.492951,96.8,0.6609
4430,2,4167.73,10999.81,0.11436,0.070227387282294,0.491982,96.6,0.6622
4431,2,4168.4,10998.14,0.120834,0.07022329205636603,0.849527,96.6,0.6627
4432,2,4169.06,10996.47,0.14841,0.0702191951950006,0.993153,96.2,0.6654
4433,2,4169.73,10994.8,0.102668,0.07021509669840482,0.902174,96.5,0.6633
4434,2,4170.4,10993.14,0.136701,0.07021099656678591,0.587607,96.3,0.6647
4435,2,4171.05,10991.43,0.127248,0.07020689480035114,0.689121,98.6,0.649
4436,2,4171.7,10989.74,0.137316,0.07020279139930789,0.736348,98.0,0.6532
4437,2,4172.37,10988.08,0.097888,0.07019868636386363,0.822989,96.2,0.6653
4438,2,4173.03,10986.42,0.151005,0.07019457969422589,0.635692,95.9,0.6675
4439,2,4173.7,10984.76,0.111214,0.07019047139060228,0.62345,95.9,0.6672
4440,2,4174.37,10983.1,0.11858,0.07018636145320052,0.749818,96.2,0.6651
4441,2,4175.03,10981.43,0.120312,0.07018224988222838,0.843691,97.1,0.6588
4442,2,4175.68,10979.73,0.135907,0.07017813667789374,0.736523,99.0,0.6467
4443,2,4176.32,10978.0,0.130429,0.07017402184040457,0.53872,99.9,0.6409
4444,2,4176.97,10976.29,0.096985,0.07016990536996888,0.468058,99.0,0.6464
4445,2,4177.61,10974.58,0.142154,0.0701657872667948,0.506173,99.4,0.6441
4446,2,4178.26,10972.86,0.128888,0.07016166753109052,0.524898,99.4,0.644
4447,2,4178.91,10971.15,0.136991,0.07015754616306431,0.413023,99.1,0.6457
4448,2,4179.55,10969.44,0.14963,0.07015342316292457,0.357034,99.4,0.6438
4449,2,4180.2,10967.73,0.128872,0.07014929853087971,0.809991,99.2,0.645
4450,2,4180.84,10966.01,0.126111,0.07014517226713829,0.944468,99.7,0.642
4451,2,4181.49,10964.32,0.129153,0.07014104437190889,1.008513,98.3,0.6511
4452,2,4182.14,10962.61,0.128126,0.07013691484540023,0.654022,99.1,0.6456
4453,2,4182.78,10960.9,0.136473,0.0701327836878211,0.821369,99.6,0.6423
4454,2,4183.54,10959.48,0.14248,0.07012865089938032,0.903398,84.4,0.7579
4455,2,4184.2,10957.8,0.140418,0.07012451648028686,1.209692,97.7,0.6548
4456,2,4184.85,10956.13,0.172948,0.07012038043074974,0.879372,97.2,0.6586
4457,2,4185.64,10954.79,0.119249,0.07011624275097805,0.374027,81.7,0.7832
4458,2,4186.31,10953.15,0.157661,0.070112103441181,0.54123,95.0,0.6734
4459,2,4186.98,10951.49,0.111596,0.07010796250156787,0.985402,96.8,0.6615
4460,2,4187.62,10949.79,0.130385,0.07010381993234799,0.650286,98.9,0.6474
4461,2,4188.27,10948.1,0.126636,0.0700996757337308,0.62144,99.5,0.6432
4462,2,4188.92,10946.4,0.108349,0.07009552990592582,0.54808,99.0,0.6463
4463,2,4189.57,10944.69,0.117648,0.07009138244914266,0.640846,99.4,0.6438
4464,2,4190.21,10942.99,0.140898,0.070087233363591,0.550378,99.2,0.6449
4465,2,4190.86,10941.29,0.136981,0.07008308264948061,0.434142,99.1,0.6456
4466,2,4191.5,10939.57,0.119484,0.07007893030702134,0.510305,99.8,0.6412
4467,2,4192.15,10937.88,0.112475,0.07007477633642309,0.403973,98.5,0.6498
4468,2,4192.8,10936.18,0.135785,0.07007062073789591,0.240341,99.2,0.6452
4469,2,4193.44,10934.48,0.13425,0.07006646351164988,0.38871,99.1,0.6459
4470,2,4194.09,10932.77,0.125917,0.07006230465789519,0.562401,99.7,0.6418
4471,2,4194.74,10931.09,0.109861,0.07005814417684207,0.434593,98.2,0.6518
4472,2,4195.39,10929.4,0.134517,0.07005398206870089,0.621554,99.1,0.6461
4473,2,4196.04,10927.7,0.116767,0.07004981833368207,0.592785,98.7,0.6484
4474,2,4196.68,10926.01,0.119297,0.0700456529719961,0.608272,99.2,0.6454
4475,2,4197.33,10924.31,0.10753,0.07004148598385358,0.422594,99.1,0.6459
4476,2,4197.97,10922.61,0.126477,0.0700373173694652,0.496447,99.3,0.6444
4477,2,4198.62,10920.92,0.138471,0.07003314712904168,0.664907,98.8,0.6481
4478,2,4199.27,10919.22,0.165216,0.07002897526279388,0.681164,99.4,0.6439
4479,2,4199.91,10917.53,0.122136,0.0700248017709327,0.871489,99.3,0.6444
4480,2,4200.56,10915.83,0.121501,0.07002062665366916,0.656082,99.4,0.644
4481,2,4201.21,10914.15,0.107186,0.07001644991121433,0.65679,98.9,0.6471
4482,2,4201.86,10912.46,0.142885,0.07001227154377937,0.85127,99.0,0.6466
4483,2,4202.51,10910.77,0.109479,0.07000809155157553,0.624532,99.2,0.6451
4484,2,4203.15,10909.08,0.119987,0.07000390993481415,0.339379,98.9,0.6469
4485,2,4203.8,10907.39,0.153174,0.0699997266937066,0.686696,99.0,0.6464
4486,2,4204.45,10905.69,0.137244,0.06999554182846443,0.700718,99.3,0.6446
4487,2,4205.09,10904.0,0.148391,0.06999135533929918,0.584742,99.2,0.6453
4488,2,4205.74,10902.32,0.148052,0.06998716722642252,0.385523,98.9,0.6473
4489,2,4206.39,10900.63,0.146984,0.06998297749004617,0.661146,99.0,0.6467
4490,2,4207.03,10898.94,0.163333,0.06997878613038197,1.045919,99.4,0.6442
4491,2,4207.7,10897.29,0.176098,0.06997459314764183,0.841387,96.6,0.6622
4492,2,4208.36,10895.63,0.111683,0.06997039854203772,0.452762,97.4,0.6572
4493,2,4209.02,10893.98,0.108459,0.0699662023137817,0.596899,96.9,0.6603
4494,2,4209.68,10892.35,0.136878,0.06996200446308593,0.672794,96.0,0.6669
4495,2,4210.36,10890.72,0.122424,0.06995780499016264,0.340973,95.5,0.6699
4496,2,4211.02,10889.09,0.123692,0.06995360389522415,0.308752,96.2,0.6651
4497,2,4211.69,10887.45,0.102464,0.06994940117848283,0.611255,96.7,0.6622
4498,2,4212.36,10885.82,0.128219,0.0699451968401512,1.034863,95.9,0.6674
4499,2,4213.01,10884.16,0.130607,0.0699409908804418,1.142671,97.4,0.6569
4500,2,4213.69,10882.55,0.150406,0.06993678329956726,0.686294,95.3,0.6717
4501,2,4224.69,10907.6,0.141549,0.06993257409774033,0.481959,91.8,0.6971
4502,2,4225.43,10906.15,0.099887,0.06992836327517377,0.713081,86.6,0.7389
4503,2,4226.15,10904.65,0.129422,0.0699241508320805,0.646331,88.9,0.7201
4504,2,4226.94,10903.32,0.135315,0.06991993676867349,0.368679,81.7,0.7834
4505,2,4227.66,10901.82,0.124066,0.06991572108516576,0.461457,88.5,0.7229
4506,2,4228.32,10900.17,0.110797,0.0699115037817705,0.708149,96.9,0.6604
4507,2,4228.99,10898.55,0.121476,0.06990728485870087,0.493774,95.1,0.6727
4508,2,4229.66,10896.92,0.156529,0.0699030643161702,0.457671,95.8,0.6684
4509,2,4230.33,10895.28,0.118874,0.06989884215439186,0.576037,96.4,0.6641
4510,2,4231.01,10893.67,0.136697,0.06989461837357931,0.921602,94.4,0.6781
4511,2,4231.67,10892.04,0.123237,0.06989039297394609,0.589419,96.3,0.6644
4512,2,4232.34,10890.4,0.1281,0.0698861659557058,0.646899,96.0,0.6667
4513,2,4233.02,10888.78,0.137511,0.06988193731907219,0.535533,95.2,0.6726
4514,2,4233.67,10887.11,0.10052,0.06987770706425903,0.632935,98.0,0.6529
4515,2,4234.32,10885.43,0.13633,0.06987347519148018,0.357673,99.2,0.6452
4516,2,4234.98,10883.79,0.124609,0.0698692417009496,0.592771,96.2,0.6656
4517,2,4235.66,10882.17,0.134588,0.06986500659288133,0.798447,95.2,0.6723
4518,2,4236.33,10880.55,0.129865,0.06986076986748947,0.977274,95.3,0.6713
4519,2,4237.01,10878.96,0.131749,0.06985653152498822,0.98816,94.1,0.6802
4520,2,4237.67,10877.32,0.135103,0.06985229156559186,0.791906,96.6,0.6627
4521,2,4238.34,10875.68,0.126731,0.06984804998951476,0.466315,97.3,0.658
4522,2,4239.01,10874.06,0.134682,0.06984380679697136,0.477292,95.3,0.6713
4523,2,4239.68,10872.44,0.128681,0.06983956198817616,0.781099,95.8,0.6678
4524,2,4240.35,10870.81,0.142328,0.0698353155633438,0.998947,95.9,0.6677
4525,2,4241.01,10869.18,0.12929,0.06983106752268894,0.470052,96.2,0.6651
4526,2,4241.69,10867.57,0.117251,0.06982681786642636,0.637343,94.7,0.6755
4527,2,4242.36,10865.96,0.126579,0.06982256659477092,0.569897,95.3,0.6715
4528,2,4243.05,10864.37,0.131277,0.06981831370793753,0.586852,93.9,0.6817
4529,2,4243.72,10862.77,0.128492,0.06981405920614123,0.582882,94.7,0.6758
4530,2,4244.38,10861.11,0.118935,0.0698098030895971,0.588363,98.1,0.6521
4531,2,4245.03,10859.45,0.107258,0.06980554535852032,0.472856,97.5,0.6564
4532,2,4245.71,10857.84,0.129235,0.06980128601312614,0.498798,95.2,0.6719
4533,2,4246.38,10856.24,0.142027,0.06979702505362992,0.604718,94.6,0.6768
4534,2,4247.06,10854.63,0.12559,0.06979276248024706,0.430499,95.3,0.6712
4535,2,4247.75,10853.08,0.139625,0.06978849829319307,0.7398,92.0,0.6953
4536,2,4248.4,10851.42,0.099575,0.06978423249268353,0.847339,98.4,0.6506
4537,2,4249.08,10849.8,0.113508,0.06977996507893414,0.633911,95.7,0.6691
4538,2,4249.74,10848.16,0.132297,0.06977569605216061,0.642161,97.0,0.66
4539,2,4250.4,10846.52,0.11613,0.06977142541257879,0.521521,97.2,0.6585
4540,2,4251.07,10844.9,0.122699,0.06976715316040458,0.700999,95.4,0.6706
4541,2,4251.75,10843.33,0.129491,0.06976287929585398,0.733835,94.3,0.6787
4542,2,4252.42,10841.71,0.101995,0.06975860381914306,0.298413,95.8,0.6681
4543,2,4253.07,10840.05,0.103214,0.06975432673048798,0.468931,98.1,0.6525
4544,2,4253.73,10838.41,0.122645,0.06975004803010498,0.594806,97.3,0.6575
4545,2,4254.4,10836.78,0.132808,0.06974576771821037,0.558138,96.2,0.6651
4546,2,4255.06,10835.14,0.137373,0.06974148579502054,0.653844,97.5,0.6561
4547,2,4255.72,10833.5,0.124162,0.069737202260752,1.004203,97.0,0.6597
4548,2,4256.39,10831.91,0.144121,0.06973291711562131,0.874142,94.7,0.676
4549,2,4257.07,10830.31,0.159382,0.0697286303598451,0.704587,94.9,0.6744
4550,2,4257.74,10828.69,0.153595,0.0697243419936401,0.659297,96.2,0.6655
4551,2,4258.41,10827.07,0.135513,0.0697200520172231,0.955212,95.8,0.6678
4552,2,4259.07,10825.45,0.110232,0.06971576043081103,0.875473,96.2,0.6655
4553,2,4259.74,10823.84,0.144123,0.06971146723462082,0.714299,95.5,0.6699
4554,2,4260.42,10822.25,0.140097,0.06970717242886955,0.47708,94.7,0.6759
4555,2,4261.08,10820.62,0.124684,0.06970287601377435,0.495383,97.1,0.659
4556,2,4261.73,10818.97,0.120416,0.06969857798955242,0.570928,98.0,0.6531
4557,2,4262.41,10817.37,0.09324,0.06969427835642106,0.585134,95.1,0.6728
4558,2,4263.08,10815.77,0.109652,0.06968997711459766,0.787303,95.1,0.6729
4559,2,4263.75,10814.16,0.132445,0.06968567426429967,0.870532,95.7,0.6685
4560,2,4264.43,10812.57,0.13532,0.06968136980574463,0.85445,94.7,0.6758
4561,2,4265.1,10810.97,0.139136,0.06967706373915016,0.739707,96.0,0.6664
4562,2,4265.76,10809.33,0.112834,0.06967275606473396,0.465928,97.6,0.6556
4563,2,4266.42,10807.69,0.136315,0.0696684467827138,0.650508,97.1,0.6588
4564,2,4267.09,10806.09,0.114001,0.06966413589330758,0.63824,95.4,0.6709
4565,2,4267.76,10804.48,0.118687,0.06965982339673321,0.679852,96.0,0.6668
4566,2,4268.43,10802.89,0.147317,0.06965550929320875,1.004391,94.7,0.6759
4567,2,4269.12,10801.32,0.116077,0.06965119358295228,0.933276,94.0,0.681
4568,2,4269.79,10799.73,0.142872,0.06964687626618202,0.632419,94.7,0.676
4569,2,4270.45,10798.1,0.131136,0.06964255734311621,0.931307,97.1,0.6593
4570,2,4271.11,10796.47,0.107711,0.06963823681397323,0.42317,97.6,0.6555
4571,2,4271.76,10794.82,0.129795,0.0696339146789715,0.469713,98.2,0.6514
4572,2,4272.42,10793.19,0.121073,0.06962959093832953,0.517821,97.1,0.659
4573,2,4273.08,10791.56,0.138855,0.06962526559226594,0.399874,97.4,0.6568
4574,2,4273.74,10789.93,0.152147,0.06962093864099936,0.566992,97.2,0.6585
4575,2,4274.41,10788.33,0.116172,0.06961661008474859,0.820523,95.6,0.6694
4576,2,4275.07,10786.72,0.136506,0.06961227992373245,0.626291,96.3,0.6644
4577,2,4275.73,10785.08,0.138432,0.06960794815816988,0.434216,97.5,0.6566
4578,2,4276.39,10783.45,0.128439,0.06960361478827987,0.658863,97.6,0.6557
4579,2,4277.05,10781.83,0.126862,0.06959927981428149,0.557049,97.1,0.6591
4580,2,4277.72,10780.22,0.145571,0.06959494323639391,0.537428,95.9,0.6676
4581,2,4278.41,10778.67,0.124657,0.06959060505483639,0.603408,93.8,0.6825
4582,2,4279.08,10777.09,0.114289,0.06958626526982825,0.638115,94.9,0.6742
4583,2,4279.74,10775.46,0.153335,0.06958192388158889,0.771948,97.6,0.6557
4584,2,4280.41,10773.85,0.152173,0.0695775808903378,0.654636,96.3,0.6649
4585,2,4281.07,10772.23,0.111149,0.06957323629629455,0.549438,97.2,0.6582
4586,2,4281.79,10770.77,0.160821,0.0695688900996788,0.482285,88.2,0.7253
4587,2,4282.45,10769.14,0.125583,0.06956454230071027,0.667475,97.7,0.6554
4588,2,4283.12,10767.54,0.144139,0.06956019289960878,0.909347,95.6,0.6694
4589,2,4283.77,10765.91,0.134085,0.06955584189659422,0.859155,97.8,0.6542
4590,2,4284.44,10764.3,0.14432,0.06955148929188655,0.38168,96.7,0.6618
4591,2,4285.11,10762.7,0.126277,0.06954713508570586,0.431843,95.6,0.6696
4592,2,4285.77,10761.1,0.121075,0.06954277927827225,0.408558,96.2,0.6651
4593,2,4286.43,10759.47,0.121097,0.06953842186980597,0.392321,97.5,0.6561
4594,2,4287.08,10757.84,0.123049,0.06953406286052728,0.240735,98.1,0.6527
4595,2,4287.73,10756.19,0.138673,0.06952970225065659,0.412857,98.8,0.6475
4596,2,4288.37,10754.53,0.118647,0.06952534004041434,0.549701,99.8,0.641
4597,2,4289.03,10752.89,0.141086,0.0695209762300211,0.471173,98.1,0.6522
4598,2,4289.68,10751.25,0.124524,0.06951661081969746,0.415745,98.7,0.6484
4599,2,4290.32,10749.6,0.123757,0.06951224380966413,0.712321,99.1,0.6459
4600,2,4290.97,10747.94,0.115667,0.0695078752001419,0.764812,99.4,0.6436
4601,2,4291.66,10746.4,0.116222,0.06950350499135163,0.829263,97.6,0.6557
4602,2,4292.31,10744.76,0.120545,0.06949913318351428,0.681348,98.6,0.649
4603,2,4292.96,10743.13,0.118353,0.06949475977685085,0.528135,98.2,0.6516
4604,2,4293.6,10741.47,0.139463,0.06949038477158247,0.625291,99.5,0.6433
4605,2,4294.25,10739.83,0.116821,0.06948600816793032,0.529841,98.6,0.649
4606,2,4294.9,10738.19,0.131124,0.06948162996611566,0.53666,98.8,0.6477
4607,2,4295.55,10736.54,0.129834,0.06947725016635985,0.677164,99.4,0.6439
4608,2,4296.19,10734.89,0.129658,0.06947286876888432,0.639593,99.7,0.6419
4609,2,4296.84,10733.24,0.147743,0.06946848577391057,0.975644,99.2,0.6451
4610,2,4297.48,10731.59,0.118044,0.0694641011816602,1.504173,99.2,0.6454
4611,2,4298.13,10729.94,0.133556,0.0694597149923549,0.836748,99.4,0.6436
4612,2,4298.78,10728.3,0.134477,0.06945532720621637,0.835925,99.0,0.6463
4613,2,4299.42,10726.65,0.145894,0.06945093782346651,1.21355,99.3,0.6445
4614,2,4300.07,10725.01,0.125724,0.06944654684432719,0.664786,99.3,0.6446
4615,2,4300.72,10723.37,0.124159,0.06944215426902042,0.769157,98.6,0.6489
4616,2,4301.36,10721.72,0.131076,0.06943776009776828,1.076226,99.8,0.6413
4617,2,4302.0,10720.07,0.13578,0.06943336433079293,0.734563,99.5,0.643
4618,2,4302.65,10718.43,0.113178,0.0694289669683166,0.51267,99.0,0.6464
4619,2,4303.3,10716.78,0.110593,0.06942456801056161,0.422797,99.1,0.6457
4620,2,4303.94,10715.14,0.137543,0.06942016745775034,0.400344,99.6,0.6423
4621,2,4304.61,10713.54,0.133792,0.0694157653101053,0.507012,96.9,0.6602
4622,2,4305.3,10712.01,0.120744,0.06941136156784905,0.741158,92.8,0.6894
4623,2,4305.96,10710.42,0.136665,0.0694069562312042,0.857805,96.0,0.6665
4624,2,4306.74,10709.11,0.109077,0.06940254930039348,0.354361,82.3,0.778
4625,2,4307.42,10707.54,0.12861,0.06939814077563972,0.900658,95.0,0.6736
4626,2,4308.21,10706.25,0.14099,0.06939373065716577,1.278869,81.5,0.7857
4627,2,4308.98,10704.92,0.143014,0.06938931894519461,0.75403,83.1,0.7702
4628,2,4309.63,10703.31,0.121361,0.06938490563994927,0.509203,97.8,0.6541
4629,2,4310.29,10701.71,0.125595,0.0693804907416529,0.538267,96.7,0.6616
4630,2,4310.95,10700.09,0.149276,0.06937607425052868,0.570671,98.0,0.6532
4631,2,4311.59,10698.45,0.136979,0.0693716561667999,0.381361,99.4,0.644
4632,2,4312.24,10696.81,0.151824,0.06936723649068993,0.354843,99.5,0.6434
4633,2,4312.89,10695.19,0.132652,0.06936281522242221,0.465017,98.1,0.6526
4634,2,4313.54,10693.56,0.117464,0.06935839236222029,0.726929,98.3,0.6509
4635,2,4314.2,10691.95,0.136909,0.06935396791030775,0.663331,98.1,0.6523
4636,2,4314.85,10690.33,0.116646,0.06934954186690828,0.369832,97.9,0.6535
4637,2,4315.5,10688.7,0.131545,0.06934511423224567,0.575137,99.2,0.6454
4638,2,4316.15,10687.08,0.132654,0.06934068500654374,0.956079,98.3,0.6508
4639,2,4316.8,10685.45,0.139469,0.06933625419002644,1.352029,98.4,0.6502
4640,2,4317.45,10683.82,0.155927,0.06933182178291776,0.912071,99.3,0.6447
4641,2,4318.1,10682.2,0.126644,0.06932738778544181,0.592818,99.6,0.6427
4642,2,4318.74,10680.56,0.129178,0.06932295219782275,0.529169,99.1,0.646
4643,2,4319.39,10678.93,0.133211,0.06931851502028484,0.562134,99.3,0.6447
4644,2,4320.06,10677.35,0.127275,0.0693140762530524,0.540424,95.8,0.6682
4645,2,4320.73,10675.77,0.103722,0.06930963589634984,0.592224,96.1,0.666
4646,2,4321.4,10674.21,0.119066,0.06930519395040166,0.771474,95.0,0.674
4647,2,4322.06,10672.62,0.151408,0.06930075041543243,1.3463,97.1,0.6593
4648,2,4322.73,10671.03,0.167918,0.0692963052916668,1.125206,96.5,0.663
4649,2,4323.39,10669.44,0.107091,0.0692918585793295,0.597717,97.0,0.6597
4650,2,4324.05,10667.84,0.141746,0.06928741027864535,0.546849,97.3,0.6581
4651,2,4324.7,10666.24,0.142829,0.06928296038983925,0.437003,97.3,0.6581
4652,2,4325.37,10664.66,0.117646,0.06927850891313615,0.411623,96.3,0.6645
4653,2,4326.03,10663.07,0.109418,0.06927405584876113,0.4678,96.9,0.6603
4654,2,4326.7,10661.49,0.110418,0.06926960119693931,0.691587,96.1,0.6656
4655,2,4327.36,10659.91,0.113092,0.06926514495789592,0.469977,96.2,0.665
4656,2,4328.02,10658.31,0.136465,0.06926068713185622,0.49892,97.4,0.6572
4657,2,4328.69,10656.74,0.152451,0.06925622771904562,0.771244,95.8,0.668
4658,2,4329.35,10655.15,0.133731,0.06925176671968955,0.454721,97.1,0.6588
4659,2,4330.01,10653.55,0.140179,0.06924730413401357,0.579524,97.5,0.6562
4660,2,4330.69,10652.01,0.133225,0.06924283996224329,0.931596,94.2,0.6793
4661,2,4331.36,10650.45,0.151677,0.06923837420460438,1.620825,95.8,0.6681
4662,2,4332.02,10648.86,0.186739,0.06923390686132265,1.174985,97.0,0.6598
4663,2,4332.68,10647.27,0.147432,0.06922943793262393,1.337603,97.2,0.6586
4664,2,4333.36,10645.72,0.166806,0.06922496741873417,1.543238,94.9,0.6746
4665,2,4334.03,10644.15,0.138402,0.0692204953198794,0.791469,96.1,0.6661
4666,2,4334.68,10642.55,0.151241,0.06921602163628568,0.518708,97.5,0.6561
4667,2,4335.36,10641.0,0.129268,0.06921154636817922,0.657704,95.1,0.6733
4668,2,4336.02,10639.41,0.135581,0.06920706951578626,0.983618,96.7,0.6616
4669,2,4336.68,10637.82,0.14,0.06920259107933315,0.717453,97.4,0.6574
4670,2,4337.35,10636.27,0.137358,0.06919811105904627,0.493445,95.1,0.6731
4671,2,4338.01,10634.67,0.121468,0.06919362945515219,0.429025,97.4,0.6569
4672,2,4338.69,10633.13,0.112058,0.06918914626787742,0.613642,94.5,0.677
4673,2,4339.37,10631.59,0.12106,0.06918466149744863,0.878356,94.6,0.6764
4674,2,4340.05,10630.05,0.145393,0.06918017514409258,0.877445,94.0,0.6811
4675,2,4340.71,10628.47,0.155816,0.06917568720803607,0.700259,97.1,0.6592
4676,2,4341.41,10626.97,0.120908,0.069171197689506,0.424444,91.9,0.6963
4677,2,4342.07,10625.41,0.124811,0.06916670658872935,0.764522,95.9,0.6674
4678,2,4342.74,10623.83,0.140018,0.06916221390593316,0.871602,96.5,0.6631
4679,2,4343.4,10622.25,0.146325,0.0691577196413446,0.634735,96.9,0.6602
4680,2,4344.07,10620.7,0.108025,0.06915322379519086,0.54311,95.3,0.6714
4681,2,4344.75,10619.15,0.134982,0.06914872636769925,0.67209,96.0,0.6664
4682,2,4345.42,10617.59,0.11794,0.06914422735909714,0.56721,95.5,0.67
4683,2,4346.09,10616.03,0.129132,0.06913972676961201,0.348862,95.8,0.6679
4684,2,4346.75,10614.46,0.094431,0.06913522459947137,0.499918,96.3,0.6648
4685,2,4347.42,10612.9,0.133866,0.06913072084890284,0.474686,96.3,0.6649
4686,2,4348.16,10611.51,0.13222,0.06912621551813412,0.471426,86.5,0.7401
4687,2,4348.9,10610.13,0.119733,0.069121708607393,0.429544,86.2,0.7423
4688,2,4349.59,10608.61,0.117636,0.06911720011690732,0.331829,93.9,0.6818
4689,2,4350.24,10607.02,0.141094,0.06911269004690503,0.636092,97.4,0.6569
4690,2,4350.92,10605.48,0.137108,0.06910817839761413,0.409241,95.1,0.673
4691,2,4351.58,10603.9,0.120368,0.06910366516926272,0.741345,97.4,0.6574
4692,2,4352.24,10602.33,0.139394,0.06909915036207898,1.209362,96.5,0.663
4693,2,4352.92,10600.78,0.172322,0.06909463397629118,0.863666,95.2,0.6726
4694,2,4353.58,10599.21,0.123939,0.06909011601212763,0.472904,97.0,0.6601
4695,2,4354.23,10597.62,0.127586,0.06908559646981675,0.536946,97.8,0.6547
4696,2,4354.9,10596.05,0.14018,0.06908107534958706,0.434396,96.2,0.6656
4697,2,4355.58,10594.53,0.113095,0.06907655265166711,0.588547,93.9,0.6813
4698,2,4356.24,10592.95,0.135048,0.06907202837628557,0.836568,97.7,0.6553
4699,2,4356.9,10591.37,0.167657,0.06906750252367115,1.167618,97.3,0.6576
4700,2,4357.56,10589.81,0.131943,0.06906297509405268,1.006945,96.1,0.6657
4701,2,4358.23,10588.25,0.126641,0.06905844608765906,0.70568,96.8,0.6611
4702,2,4358.89,10586.66,0.128003,0.06905391550471926,0.683886,97.6,0.6557
4703,2,4359.54,10585.07,0.099581,0.06904938334546235,0.516774,98.3,0.6511
4704,2,4360.2,10583.5,0.158892,0.06904484961011742,0.531595,96.7,0.6618
4705,2,4360.87,10581.93,0.131508,0.06904031429891372,0.487919,96.7,0.6621
4706,2,4361.53,10580.38,0.14338,0.06903577741208053,1.023563,95.8,0.6679
4707,2,4362.19,10578.81,0.143469,0.06903123894984722,0.934487,97.1,0.6593
4708,2,4362.87,10577.26,0.15615,0.06902669891244324,0.682974,95.4,0.6707
4709,2,4363.54,10575.72,0.134613,0.06902215730009813,0.522495,95.2,0.672
4710,2,4364.2,10574.14,0.138901,0.06901761411304148,0.783204,97.7,0.6549
4711,2,4364.85,10572.55,0.147898,0.06901306935150302,0.751218,98.1,0.6524
4712,2,4365.52,10571.0,0.152348,0.06900852301571248,0.930449,95.8,0.6678
4713,2,4366.19,10569.45,0.129006,0.06900397510589973,1.087905,95.7,0.669
4714,2,4366.86,10567.91,0.122048,0.06899942562229469,0.848405,95.7,0.6689
4715,2,4367.51,10566.32,0.139647,0.06899487456512739,0.817427,97.9,0.6535
4716,2,4368.18,10564.76,0.115625,0.06899032193462788,0.55026,96.6,0.6627
4717,2,4368.83,10563.18,0.142708,0.06898576773102637,0.492433,98.2,0.6516
4718,2,4369.5,10561.62,0.14863,0.06898121195455308,0.698023,96.3,0.6645
4719,2,4370.15,10560.04,0.140965,0.06897665460543834,0.369475,97.5,0.6563
4720,2,4370.82,10558.5,0.105378,0.06897209568391256,0.525247,95.8,0.6678
4721,2,4371.71,10557.48,0.115025,0.06896753519020624,0.425494,72.7,0.8809
4722,2,4372.59,10556.44,0.139934,0.06896297312454992,0.517741,72.9,0.8779
4723,2,4373.23,10554.84,0.155576,0.06895840948717429,0.664646,99.4,0.6439
4724,2,4373.9,10553.28,0.120702,0.06895384427831001,0.708081,96.4,0.6639
4725,2,4374.57,10551.74,0.101382,0.06894927749818794,0.430618,95.6,0.6695
4726,2,4375.24,10550.2,0.11804,0.06894470914703893,0.381135,95.8,0.6678
4727,2,4375.89,10548.62,0.119485,0.06894013922509395,0.679056,97.9,0.6534
4728,2,4376.56,10547.08,0.135342,0.06893556773258407,0.839597,95.7,0.6685
4729,2,4377.23,10545.52,0.121222,0.06893099466974036,0.444968,96.8,0.6609
4730,2,4377.89,10543.95,0.13008,0.06892642003679406,0.443967,97.2,0.6586
4731,2,4378.55,10542.4,0.138507,0.06892184383397644,0.424159,95.9,0.6674
4732,2,4379.21,10540.82,0.130775,0.06891726606151885,0.429017,98.2,0.6518
4733,2,4379.87,10539.26,0.126741,0.06891268671965275,0.669255,97.3,0.6581
4734,2,4380.53,10537.7,0.11893,0.06890810580860965,0.665902,96.6,0.6627
4735,2,4381.21,10536.19,0.119878,0.06890352332862114,0.728164,94.0,0.6811
4736,2,4381.89,10534.66,0.140671,0.06889893927991889,0.843609,95.1,0.6732
4737,2,4382.57,10533.15,0.133475,0.06889435366273466,0.656996,94.4,0.6777
4738,2,4383.24,10531.62,0.124172,0.06888976647730032,0.551877,95.2,0.6723
4739,2,4383.89,10530.04,0.133415,0.06888517772384775,0.661884,98.0,0.6531
4740,2,4384.55,10528.47,0.147717,0.06888058740260895,0.561638,97.9,0.6539
4741,2,4385.22,10526.93,0.144251,0.068875995513816,0.630614,96.2,0.6654
4742,2,4385.89,10525.39,0.130144,0.06887140205770105,0.68518,96.4,0.664
4743,2,4386.55,10523.83,0.117597,0.06886680703449632,0.639985,96.7,0.6617
4744,2,4387.23,10522.33,0.140851,0.06886221044443415,0.945625,93.9,0.6813
4745,2,4387.91,10520.81,0.133398,0.06885761228774691,0.718892,94.6,0.6766
4746,2,4388.58,10519.28,0.133829,0.06885301256466705,0.939857,95.3,0.6714
4747,2,4389.24,10517.72,0.123651,0.06884841127542717,0.830021,97.1,0.6594
4748,2,4389.9,10516.15,0.119314,0.06884380842025986,0.620004,97.9,0.6541
4749,2,4390.56,10514.59,0.124412,0.06883920399939783,1.055809,97.4,0.6572
4750,2,4391.23,10513.07,0.160812,0.06883459801307387,1.142426,94.9,0.6744
4751,2,4391.9,10511.54,0.135765,0.06882999046152084,0.52241,95.3,0.6717
4752,2,4392.58,10510.03,0.129059,0.06882538134497172,0.367183,94.2,0.6791
4753,2,4393.25,10508.5,0.148542,0.06882077066365952,0.530073,95.8,0.6678
4754,2,4393.93,10506.97,0.155513,0.0688161584178173,1.029531,95.3,0.6715
4755,2,4394.59,10505.43,0.11297,0.06881154460767827,0.490902,96.5,0.6633
4756,2,4395.26,10503.9,0.118021,0.0688069292334757,0.626449,95.5,0.6699
4757,2,4395.93,10502.35,0.128652,0.06880231229544294,0.769824,96.6,0.6627
4758,2,4396.59,10500.81,0.113138,0.06879769379381337,0.88728,96.3,0.6647
4759,2,4397.25,10499.24,0.104047,0.06879307372882053,0.914837,97.9,0.6537
4760,2,4397.91,10497.71,0.120495,0.06878845210069796,0.573662,96.0,0.6666
4761,2,4398.6,10496.21,0.118529,0.06878382890967934,0.355914,94.6,0.6769
4762,2,4399.26,10494.66,0.12201,0.06877920415599839,0.47021,97.2,0.6584
4763,2,4399.92,10493.1,0.152407,0.06877457783988897,0.439175,97.3,0.6577
4764,2,4400.57,10491.54,0.125539,0.0687699499615849,0.496916,97.6,0.6556
4765,2,4401.23,10489.98,0.144543,0.06876532052132021,0.766867,97.6,0.656
4766,2,4401.91,10488.48,0.129783,0.06876068951932894,1.137124,94.1,0.6803
4767,2,4402.59,10486.98,0.14823,0.0687560569558452,1.007516,94.0,0.6812
4768,2,4403.27,10485.47,0.125316,0.06875142283110322,0.756098,94.9,0.6745
4769,2,4403.93,10483.93,0.125391,0.06874678714533727,0.76419,96.5,0.6631
4770,2,4404.6,10482.39,0.134679,0.06874214989878173,0.711756,96.1,0.6662
4771,2,4405.26,10480.85,0.142355,0.06873751109167105,0.632459,97.0,0.6601
4772,2,4405.92,10479.3,0.149243,0.06873287072423974,0.374556,97.1,0.6591
4773,2,4406.59,10477.78,0.112188,0.0687282287967224,0.398434,95.2,0.672
4774,2,4407.25,10476.23,0.138976,0.06872358530935373,0.489179,97.4,0.6571
4775,2,4407.91,10474.67,0.114807,0.0687189402623685,0.675133,97.7,0.655
4776,2,4408.56,10473.11,0.139944,0.06871429365600151,0.760939,97.7,0.6548
4777,2,4409.24,10471.61,0.132618,0.0687096454904877,0.791899,94.2,0.6793
4778,2,4409.9,10470.05,0.123005,0.06870499576606211,0.926877,97.7,0.6551
4779,2,4410.55,10468.49,0.13855,0.06870034448295977,0.947057,98.2,0.6519
4780,2,4411.21,10466.93,0.141915,0.06869569164141583,1.040559,97.6,0.6558
4781,2,4411.87,10465.38,0.131337,0.06869103724166553,0.740697,98.3,0.6509
4782,2,4412.53,10463.85,0.12632,0.0686863812839442,0.507431,96.4,0.664
4783,2,4413.2,10462.33,0.13197,0.06868172376848723,0.339624,95.6,0.6695
4784,2,4413.87,10460.8,0.14854,0.06867706469553009,0.319918,95.9,0.6671
4785,2,4414.54,10459.28,0.132411,0.06867240406530832,0.365722,95.7,0.6688
4786,2,4415.2,10457.73,0.115413,0.06866774187805755,0.353011,97.5,0.6562
4787,2,4415.85,10456.17,0.109504,0.06866307813401348,0.361734,98.3,0.6514
4788,2,4416.5,10454.6,0.128585,0.06865841283341192,0.451264,98.5,0.6499
4789,2,4417.17,10453.09,0.114102,0.06865374597648871,0.298908,95.5,0.6702
4790,2,4417.84,10451.57,0.099204,0.06864907756347982,0.554073,95.6,0.6698
4791,2,4418.51,10450.03,0.118433,0.06864440759462125,0.676342,96.7,0.6618
4792,2,4419.17,10448.51,0.116396,0.06863973607014909,0.919518,96.1,0.6662
4793,2,4419.84,10446.98,0.129828,0.06863506299029953,0.797912,96.5,0.6635
4794,2,4420.5,10445.43,0.140353,0.06863038835530885,0.612791,97.6,0.6556
4795,2,4421.15,10443.87,0.119329,0.06862571216541337,0.653653,98.1,0.6524
4796,2,4421.8,10442.32,0.130065,0.06862103442084949,0.492594,97.9,0.6539
4797,2,4422.48,10440.8,0.127913,0.06861635512185373,0.475176,95.4,0.6708
4798,2,4423.14,10439.28,0.112693,0.06861167426866263,0.510191,96.0,0.6667
4799,2,4423.81,10437.76,0.125277,0.06860699186151287,0.403021,96.0,0.6669
4800,2,4424.49,10436.26,0.124445,0.06860230790064116,0.549553,95.0,0.6739
4801,2,4507.97,10630.03,0.121356,0.06859762238628432,0.411976,98.8,0.6479
4802,2,4508.61,10628.39,0.136668,0.06859293531867923,0.807496,99.8,0.6411
4803,2,4509.26,10626.76,0.153328,0.06858824669806285,1.027993,99.6,0.6424
4804,2,4509.91,10625.13,0.120286,0.06858355652467223,1.019757,99.2,0.645
4805,2,4510.55,10623.5,0.144055,0.0685788647987445,1.061966,99.4,0.6439
4806,2,4511.2,10621.87,0.134163,0.06857417152051684,0.924304,99.7,0.6417
4807,2,4511.84,10620.24,0.131288,0.06856947669022656,0.742431,99.3,0.6442
4808,2,4512.49,10618.62,0.147463,0.06856478030811099,0.945446,99.1,0.6461
4809,2,4513.28,10617.32,0.098672,0.06856008237440757,0.800328,81.5,0.7853
4810,2,4513.94,10615.74,0.140692,0.06855538288935382,1.018378,96.2,0.6654
4811,2,4514.65,10614.27,0.131041,0.06855068185318733,0.638687,90.1,0.7106
4812,2,4515.3,10612.65,0.123932,0.06854597926614577,0.822907,98.7,0.6486
4813,2,4515.95,10611.03,0.135965,0.06854127512846689,0.779957,98.8,0.6479
4814,2,4516.6,10609.41,0.117091,0.06853656944038851,0.602033,99.4,0.6439
4815,2,4517.24,10607.78,0.157765,0.06853186220214855,0.643015,99.4,0.644
4816,2,4517.89,10606.16,0.139528,0.06852715341398498,0.697043,99.3,0.6447
4817,2,4518.53,10604.53,0.125401,0.06852244307613588,0.825494,99.4,0.6438
4818,2,4519.18,10602.9,0.114785,0.06851773118883939,0.740089,99.7,0.6417
4819,2,4519.82,10601.28,0.156299,0.06851301775233372,0.831972,98.9,0.6472
4820,2,4520.47,10599.66,0.136342,0.06850830276685717,0.914599,99.0,0.6467
4821,2,4521.12,10598.06,0.128674,0.06850358623264811,0.844165,99.0,0.6463
4822,2,4521.77,10596.44,0.152698,0.068498868149945,0.826019,99.0,0.6464
4823,2,4522.42,10594.82,0.125956,0.0684941485189864,0.482126,99.2,0.645
4824,2,4523.07,10593.2,0.123218,0.06848942734001087,0.568246,99.1,0.6457
4825,2,4523.71,10591.57,0.132338,0.06848470461325713,0.502533,99.6,0.6423
4826,2,4524.35,10589.95,0.139829,0.06847998033896395,0.637021,99.2,0.645
4827,2,4525.0,10588.34,0.116116,0.06847525451737015,0.798368,99.0,0.6467
4828,2,4525.66,10586.74,0.120062,0.06847052714871467,0.737633,98.1,0.6522
4829,2,4526.32,10585.16,0.125776,0.06846579823323652,0.63343,96.7,0.6618
4830,2,4526.98,10583.58,0.146297,0.06846106777117478,0.704781,96.4,0.6637
4831,2,4527.65,10582.01,0.155096,0.0684563357627686,0.968482,96.7,0.6621
4832,2,4528.32,10580.45,0.138136,0.06845160220825723,0.663932,95.4,0.671
4833,2,4528.98,10578.87,0.134276,0.06844686710787998,0.541352,96.8,0.661
4834,2,4529.64,10577.28,0.133062,0.06844213046187624,0.553084,97.6,0.6555
4835,2,4530.29,10575.67,0.119468,0.06843739227048547,0.574334,98.4,0.6506
4836,2,4530.94,10574.07,0.138249,0.06843265253394722,0.694331,98.2,0.6514
4837,2,4531.61,10572.51,0.128678,0.06842791125250115,1.161549,96.1,0.6658
4838,2,4532.28,10570.94,0.127269,0.06842316842638693,0.735422,96.1,0.6657
4839,2,4532.94,10569.37,0.124162,0.06841842405584436,0.374084,96.2,0.6653
4840,2,4533.6,10567.79,0.121761,0.0684136781411133,0.761249,97.1,0.6594
4841,2,4534.28,10566.24,0.095845,0.06840893068243367,0.524229,96.1,0.6663
4842,2,4534.94,10564.66,0.117044,0.06840418168004551,0.403192,97.2,0.6583
4843,2,4535.6,10563.09,0.125501,0.06839943113418892,0.707742,96.1,0.6661
4844,2,4536.25,10561.48,0.11807,0.06839467904510407,0.377441,99.0,0.6464
4845,2,4536.9,10559.87,0.105152,0.06838992541303121,0.405605,98.9,0.647
4846,2,4537.56,10558.3,0.127875,0.06838517023821067,0.402695,96.8,0.6611
4847,2,4538.21,10556.71,0.125282,0.06838041352088284,0.747169,97.8,0.6541
4848,2,4538.87,10555.13,0.148508,0.06837565526128823,0.9109,97.1,0.6588
4849,2,4539.53,10553.54,0.139889,0.06837089545966742,0.854086,97.9,0.6539
4850,2,4540.19,10551.96,0.119572,0.06836613411626101,0.63924,97.2,0.6586
