step,epoch,elapsed_sec,eta_sec,train_loss,lr,grad_norm,imgs_per_s,sec_per_step,true_imgs_per_s,data_wait_pct
1,1,143.49,3084275.21,0.467201,1.3838606290519237e-08,1.011159,0.5,116.37,0.5,17.1
2,1,143.73,1544658.44,0.445025,1.5798580572009085e-08,1.352063,279.6,0.2289,0.9,17.1
3,1,144.4,1034495.91,0.476445,1.7758554853498933e-08,1.243719,276.7,0.2313,1.4,17.0
4,1,145.06,779430.82,0.448825,1.971852913498878e-08,1.166351,273.5,0.234,1.8,17.0
5,1,145.73,626392.61,0.477764,2.1678503416478628e-08,0.904417,276.4,0.2315,2.3,17.0
6,1,146.4,524358.98,0.419465,2.3638477697968476e-08,1.197172,275.0,0.2328,2.7,16.9
7,1,147.06,451461.94,0.440755,2.5598451979458327e-08,1.165524,277.5,0.2307,3.2,16.9
8,1,147.73,396806.72,0.449377,2.7558426260948174e-08,1.288764,274.5,0.2331,3.6,16.9
9,1,148.4,354288.42,0.487468,2.9518400542438022e-08,0.867184,275.5,0.2323,4.1,16.9
10,1,149.06,320275.53,0.440961,3.147837482392787e-08,1.135418,278.4,0.2299,4.5,16.8
11,1,149.73,292447.31,0.483415,3.3438349105417724e-08,0.8854,278.9,0.2295,4.9,16.8
12,1,150.4,269265.74,0.501879,3.539832338690757e-08,0.976303,273.1,0.2344,5.4,16.8
13,1,151.07,249642.61,0.469663,3.735829766839741e-08,1.397498,276.1,0.2318,5.8,16.8
14,1,151.73,232822.27,0.417493,3.9318271949887263e-08,1.039898,278.3,0.2299,6.3,16.7
15,1,152.4,218246.83,0.446192,4.1278246231377114e-08,0.863279,278.6,0.2297,6.7,16.7
16,1,153.07,205493.7,0.465097,4.323822051286696e-08,0.84349,277.6,0.2305,7.1,16.7
17,1,153.74,194241.18,0.415982,4.519819479435681e-08,1.031319,277.1,0.231,7.6,16.6
18,1,154.41,184243.89,0.443522,4.715816907584666e-08,1.270873,273.6,0.2339,8.0,16.6
19,1,155.08,175293.98,0.509369,4.911814335733651e-08,1.552769,273.4,0.2341,8.4,16.6
20,1,155.75,167239.93,0.472495,5.107811763882636e-08,0.554718,273.7,0.2338,8.8,16.6
21,1,156.45,159988.89,0.486401,5.3038091920316214e-08,1.314234,274.8,0.2329,275.1,0.4
22,1,157.12,153363.39,0.451337,5.499806620180606e-08,1.122236,272.4,0.2349,274.7,0.4
23,1,157.79,147316.45,0.496876,5.695804048329591e-08,1.16106,270.9,0.2363,274.3,0.4
24,1,158.46,141771.94,0.44622,5.891801476478576e-08,0.771226,271.8,0.2355,274.1,0.5
25,1,159.14,136674.5,0.455871,6.08779890462756e-08,0.705765,272.2,0.2351,273.8,0.5
26,1,159.81,131966.76,0.439539,6.283796332776546e-08,0.742782,274.0,0.2336,273.7,0.5
27,1,160.48,127607.34,0.453241,6.47979376092553e-08,0.917781,273.2,0.2342,273.5,0.5
28,1,161.16,123560.48,0.377377,6.675791189074516e-08,1.00447,273.2,0.2342,273.4,0.5
29,1,161.83,119795.17,0.430656,6.871788617223501e-08,1.145937,267.4,0.2394,272.7,0.6
30,1,162.5,116275.93,0.421897,7.067786045372486e-08,0.996387,272.9,0.2345,272.4,0.6
31,1,163.18,112988.4,0.485026,7.26378347352147e-08,0.717573,270.3,0.2367,271.9,0.7
32,1,163.85,109901.63,0.425733,7.459780901670455e-08,1.32102,273.5,0.234,271.9,0.7
33,1,164.52,107005.8,0.427297,7.655778329819439e-08,0.622615,272.4,0.235,271.6,0.7
34,1,165.2,104281.56,0.46492,7.851775757968424e-08,1.199356,270.4,0.2366,270.9,0.8
35,1,165.88,101711.9,0.439737,8.047773186117409e-08,0.989627,272.1,0.2352,270.5,0.9
36,1,166.55,99284.46,0.463263,8.243770614266393e-08,0.778726,271.7,0.2356,270.1,0.9
37,1,167.23,96988.63,0.450388,8.439768042415376e-08,0.905174,270.3,0.2368,269.6,0.9
38,1,167.9,94812.43,0.46266,8.635765470564361e-08,0.915498,270.5,0.2366,269.5,0.9
39,1,168.58,92748.27,0.441999,8.831762898713346e-08,0.562133,273.1,0.2343,269.3,1.0
40,1,169.25,90787.98,0.446175,9.027760326862332e-08,0.606997,270.2,0.2368,269.0,1.1
41,1,169.98,88947.96,0.391683,9.223757755011317e-08,0.645311,271.5,0.2357,268.8,1.1
42,1,170.65,87170.6,0.42883,9.4197551831603e-08,0.796123,273.7,0.2338,268.8,1.1
43,1,171.36,85493.33,0.413438,9.615752611309286e-08,0.642176,256.3,0.2497,267.7,1.2
44,1,172.04,83876.84,0.432079,9.81175003945827e-08,0.596476,269.5,0.2375,267.7,1.2
45,1,172.71,82329.93,0.461285,1.0007747467607256e-07,0.847231,273.3,0.2342,267.7,1.2
46,1,173.39,80851.15,0.475184,1.0203744895756241e-07,0.794502,267.2,0.2395,267.3,1.2
47,1,174.06,79433.68,0.411588,1.0399742323905225e-07,0.545989,272.9,0.2346,267.3,1.2
48,1,174.74,78077.96,0.461733,1.0595739752054208e-07,0.764805,272.9,0.2345,267.3,1.2
49,1,175.41,76775.37,0.403031,1.0791737180203193e-07,0.756781,274.5,0.2331,267.6,1.2
50,1,176.09,75526.93,0.463504,1.0987734608352179e-07,0.907828,271.4,0.2358,267.5,1.2
51,1,176.76,74327.18,0.438725,1.1183732036501164e-07,0.781055,273.1,0.2343,267.7,1.2
52,1,177.44,73173.06,0.43836,1.1379729464650149e-07,0.631744,270.6,0.2365,267.5,1.2
53,1,178.14,72074.36,0.440407,1.1575726892799135e-07,0.495491,257.2,0.2489,266.5,1.3
54,1,178.88,71028.94,0.438593,1.177172432094812e-07,0.598849,228.0,0.2807,264.1,1.3
55,1,179.59,70011.31,0.445007,1.1967721749097104e-07,0.628104,222.2,0.2881,261.2,1.3
56,1,180.23,69003.33,0.475242,1.2163719177246088e-07,0.865431,270.0,0.2371,261.2,1.3
57,1,180.91,68045.2,0.477283,1.2359716605395072e-07,0.689684,270.5,0.2366,261.2,1.3
58,1,181.59,67118.68,0.482536,1.2555714033544055e-07,0.755988,272.0,0.2353,261.1,1.3
59,1,182.27,66224.54,0.433528,1.275171146169304e-07,0.818822,268.7,0.2382,260.9,1.3
60,1,182.94,65358.45,0.411763,1.2947708889842023e-07,0.518414,272.0,0.2353,261.1,1.3
61,1,183.66,64538.62,0.43219,1.3143706317991007e-07,0.578435,272.5,0.2348,261.1,1.3
62,1,184.38,63741.87,0.418757,1.333970374613999e-07,0.626954,250.2,0.2558,259.8,1.3
63,1,185.04,62951.74,0.488362,1.3535701174288977e-07,0.897441,272.7,0.2347,260.8,1.3
64,1,185.72,62193.83,0.448426,1.373169860243796e-07,0.640991,267.2,0.2396,260.7,1.3
65,1,186.4,61457.13,0.384291,1.3927696030586947e-07,0.593822,269.4,0.2375,260.7,1.2
66,1,187.08,60744.02,0.448862,1.4123693458735934e-07,0.749169,267.2,0.2395,260.7,1.2
67,1,187.76,60051.82,0.491566,1.4319690886884917e-07,0.626898,268.7,0.2381,260.5,1.2
68,1,188.44,59379.31,0.447097,1.4515688315033904e-07,0.749447,270.5,0.2366,260.4,1.2
69,1,189.11,58726.14,0.455282,1.471168574318289e-07,0.850128,271.4,0.2359,260.4,1.2
70,1,189.79,58092.17,0.429371,1.4907683171331877e-07,0.628346,270.8,0.2363,260.3,1.2
71,1,190.47,57475.22,0.389387,1.5103680599480863e-07,0.816383,273.1,0.2344,260.2,1.2
72,1,191.15,56877.18,0.434467,1.529967802762985e-07,0.998305,268.5,0.2383,260.2,1.2
73,1,191.83,56294.81,0.452473,1.5495675455778833e-07,0.537461,268.8,0.2381,261.0,1.1
74,1,192.51,55728.78,0.494419,1.569167288392782e-07,0.537616,267.6,0.2392,263.3,1.1
75,1,193.19,55176.45,0.44622,1.5887670312076806e-07,0.695464,271.4,0.2358,266.1,1.1
76,1,193.89,54646.66,0.427589,1.608366774022579e-07,0.767736,260.8,0.2454,265.4,1.2
77,1,194.57,54122.58,0.367732,1.6279665168374776e-07,0.537478,271.9,0.2354,265.4,1.2
78,1,195.25,53613.87,0.499816,1.6475662596523763e-07,0.949552,265.7,0.2408,265.2,1.2
79,1,195.93,53115.94,0.46311,1.667166002467275e-07,0.533773,270.7,0.2364,265.5,1.1
80,1,196.61,52631.26,0.473928,1.6867657452821733e-07,0.820145,270.9,0.2363,265.6,1.1
81,1,197.33,52170.67,0.42418,1.706365488097072e-07,0.679034,271.9,0.2354,265.6,1.0
82,1,198.01,51709.91,0.438685,1.7259652309119703e-07,0.519165,270.9,0.2363,267.0,0.9
83,1,198.69,51259.77,0.477093,1.7455649737268687e-07,0.471408,269.3,0.2377,266.8,0.9
84,1,199.37,50820.32,0.462348,1.7651647165417673e-07,0.925442,271.2,0.236,266.8,1.0
85,1,200.05,50391.22,0.425986,1.7847644593566657e-07,0.723179,269.4,0.2375,266.8,1.0
86,1,200.73,49971.96,0.414937,1.804364202171564e-07,0.558508,270.4,0.2366,267.0,1.0
87,1,201.41,49562.59,0.427166,1.8239639449864625e-07,0.518828,270.3,0.2368,267.1,1.0
88,1,202.09,49163.16,0.432507,1.843563687801361e-07,0.549973,267.7,0.2391,266.8,1.0
89,1,202.83,48785.45,0.480456,1.8631634306162597e-07,0.886787,219.5,0.2916,263.8,1.0
90,1,203.47,48395.05,0.458935,1.882763173431158e-07,0.767852,271.7,0.2356,263.9,1.0
91,1,204.16,48021.55,0.47049,1.9023629162460565e-07,0.670771,268.9,0.238,263.6,1.0
92,1,204.84,47656.45,0.473501,1.921962659060955e-07,0.781092,266.6,0.2401,263.3,1.1
93,1,205.52,47298.69,0.469091,1.9415624018758532e-07,0.533261,266.9,0.2398,263.3,1.1
94,1,206.2,46946.77,0.493093,1.961162144690752e-07,0.803371,271.5,0.2357,263.5,1.1
95,1,206.88,46603.94,0.419961,1.9807618875056505e-07,0.56296,268.4,0.2384,263.3,1.1
96,1,207.56,46268.38,0.369885,2.000361630320549e-07,0.648281,268.2,0.2386,263.8,1.0
97,1,208.24,45939.73,0.403109,2.0199613731354473e-07,0.73532,267.0,0.2397,263.8,1.0
98,1,208.92,45616.19,0.510257,2.039561115950346e-07,0.937096,273.2,0.2342,264.0,1.0
99,1,209.64,45308.75,0.467077,2.0591608587652446e-07,0.732413,259.7,0.2464,263.0,1.2
100,1,210.31,44998.87,0.418042,2.0787606015801432e-07,0.539317,273.2,0.2342,263.0,1.2
101,1,211.12,44722.04,0.431806,2.0983603443950416e-07,0.876946,203.5,0.3144,258.8,1.2
102,1,211.77,44417.86,0.458831,2.11796008720994e-07,0.581443,223.4,0.2865,256.2,1.2
103,1,212.41,44117.33,0.424393,2.1375598300248383e-07,0.638613,267.6,0.2392,256.2,1.2
104,1,213.09,43831.29,0.42614,2.1571595728397367e-07,0.804563,266.6,0.2401,256.1,1.1
105,1,213.81,43557.55,0.414556,2.1767593156546354e-07,0.628591,247.9,0.2582,254.6,1.3
106,1,214.48,43279.76,0.496966,2.1963590584695337e-07,0.718871,267.6,0.2392,254.3,1.3
107,1,215.16,43009.09,0.416841,2.215958801284432e-07,0.566719,271.1,0.2361,254.3,1.3
108,1,215.84,42743.69,0.392254,2.2355585440993305e-07,0.576166,268.7,0.2382,254.4,1.3
109,1,216.52,42483.19,0.391415,2.2551582869142291e-07,0.790118,269.1,0.2379,257.2,1.3
110,1,217.22,42231.17,0.457467,2.2747580297291275e-07,0.625179,254.4,0.2516,256.0,1.5
111,1,217.89,41978.17,0.401018,2.294357772544026e-07,0.744862,266.6,0.24,256.0,1.4
112,1,218.57,41731.48,0.496208,2.3139575153589245e-07,0.941189,266.9,0.2398,256.1,1.4
113,1,219.3,41497.37,0.455587,2.333557258173823e-07,0.751138,227.6,0.2812,254.0,1.4
114,1,219.94,41251.75,0.43517,2.3531570009887216e-07,0.626871,271.9,0.2353,254.0,1.4
115,1,220.62,41018.03,0.435032,2.37275674380362e-07,0.651887,268.7,0.2382,254.0,1.4
116,1,221.3,40787.98,0.488354,2.392356486618518e-07,0.700074,271.0,0.2361,254.1,1.4
117,1,221.98,40561.85,0.441438,2.4119562294334167e-07,0.780227,269.2,0.2378,254.1,1.4
118,1,222.66,40340.08,0.471382,2.4315559722483153e-07,1.022577,268.1,0.2387,254.0,1.4
119,1,223.42,40134.91,0.42044,2.451155715063214e-07,0.539565,204.5,0.3129,251.1,1.2
120,1,224.11,39921.45,0.427083,2.470755457878112e-07,0.546251,199.3,0.3211,247.0,1.2
121,1,224.75,39702.86,0.443101,2.4903552006930107e-07,0.923957,272.3,0.235,250.7,1.2
122,1,225.43,39494.95,0.427282,2.509954943507909e-07,0.895609,268.8,0.2381,253.0,1.3
123,1,226.12,39290.7,0.463718,2.5295546863228075e-07,0.754534,266.3,0.2404,252.9,1.3
124,1,226.8,39089.37,0.458337,2.549154429137706e-07,0.712795,268.3,0.2385,252.9,1.3
125,1,227.5,38894.9,0.446047,2.568754171952605e-07,0.902055,264.2,0.2423,253.9,1.2
126,1,228.18,38700.09,0.505629,2.5883539147675034e-07,0.760619,268.5,0.2384,254.1,1.2
127,1,228.86,38508.36,0.46561,2.607953657582402e-07,0.570792,269.8,0.2372,254.0,1.2
128,1,229.55,38320.42,0.397438,2.6275534003973e-07,0.838541,266.6,0.2401,254.0,1.2
129,1,230.23,38134.19,0.45852,2.647153143212199e-07,0.558251,268.5,0.2383,253.9,1.2
130,1,230.91,37951.25,0.43443,2.666752886027097e-07,0.815803,268.6,0.2382,254.9,1.1
131,1,231.6,37771.2,0.463494,2.6863526288419956e-07,0.664362,268.0,0.2388,254.9,1.1
132,1,232.28,37594.08,0.42745,2.705952371656894e-07,0.695522,266.9,0.2398,254.9,1.1
133,1,232.96,37419.57,0.455502,2.725552114471793e-07,0.576233,266.6,0.2401,257.1,1.1
134,1,233.73,37260.68,0.443451,2.745151857286691e-07,0.641377,198.0,0.3232,252.7,1.0
135,1,234.33,37077.2,0.374817,2.7647516001015896e-07,0.507076,267.2,0.2395,252.6,1.0
136,1,235.01,36909.87,0.447363,2.784351342916488e-07,0.651898,269.3,0.2376,252.7,1.0
137,1,235.69,36745.22,0.460214,2.803951085731387e-07,0.678661,268.9,0.238,252.7,1.0
138,1,236.37,36582.31,0.464952,2.823550828546285e-07,0.813613,268.9,0.238,252.7,1.0
139,1,237.05,36421.89,0.468991,2.843150571361183e-07,0.593792,270.2,0.2369,256.6,1.0
140,1,237.73,36264.1,0.403802,2.862750314176082e-07,0.615708,267.6,0.2391,261.0,1.0
141,1,238.46,36115.25,0.445846,2.8823500569909804e-07,0.609904,269.7,0.2373,260.9,0.9
142,1,239.15,35963.91,0.433135,2.9019497998058785e-07,0.605424,262.6,0.2437,260.7,0.9
143,1,239.83,35812.22,0.445979,2.921549542620777e-07,0.662408,270.1,0.237,260.7,1.0
144,1,240.52,35663.63,0.461558,2.941149285435676e-07,0.71048,267.8,0.239,260.8,0.9
145,1,241.2,35516.78,0.471211,2.9607490282505744e-07,1.030099,267.9,0.2389,261.2,0.8
146,1,241.88,35371.34,0.418509,2.9803487710654725e-07,0.69882,268.8,0.2381,261.2,0.9
147,1,242.57,35228.46,0.47708,2.999948513880371e-07,0.695759,268.0,0.2388,261.1,0.9
148,1,243.25,35087.31,0.418691,3.01954825669527e-07,0.550935,267.2,0.2395,261.1,0.9
149,1,243.93,34947.67,0.447675,3.0391479995101685e-07,0.548265,269.1,0.2378,260.9,0.9
150,1,244.61,34810.27,0.403749,3.058747742325067e-07,0.470462,268.3,0.2385,261.0,0.9
151,1,245.29,34673.94,0.429695,3.078347485139966e-07,0.633028,270.3,0.2368,261.1,0.9
152,1,245.98,34540.45,0.387503,3.097947227954864e-07,0.854991,268.1,0.2387,261.2,0.9
153,1,246.66,34408.4,0.390405,3.117546970769762e-07,0.829794,266.0,0.2406,261.1,0.9
154,1,247.34,34277.83,0.391471,3.1371467135846606e-07,0.578038,267.8,0.239,265.7,0.9
155,1,248.02,34148.92,0.459569,3.156746456399559e-07,0.699018,269.6,0.2374,265.9,0.9
156,1,248.71,34022.35,0.442023,3.176346199214458e-07,0.758872,266.7,0.24,265.7,0.9
157,1,249.39,33896.78,0.449946,3.195945942029356e-07,0.618467,267.6,0.2391,265.6,0.9
158,1,250.08,33772.92,0.413597,3.2155456848442547e-07,0.491866,266.3,0.2403,265.5,0.9
159,1,250.76,33650.35,0.432686,3.2351454276591533e-07,0.637853,268.7,0.2382,265.3,1.0
160,1,251.44,33529.76,0.427868,3.254745170474052e-07,0.813108,267.6,0.2392,265.2,1.0
161,1,252.18,33417.67,0.420229,3.27434491328895e-07,0.508223,268.2,0.2386,265.0,1.1
162,1,252.86,33300.08,0.51356,3.293944656103848e-07,0.905506,265.6,0.241,265.2,1.0
163,1,253.55,33183.87,0.394483,3.313544398918747e-07,0.550391,268.0,0.2388,265.1,1.0
164,1,254.23,33068.95,0.430726,3.3331441417336455e-07,0.742696,266.7,0.24,264.8,1.1
165,1,254.91,32954.98,0.414259,3.352743884548544e-07,0.722307,267.7,0.2391,264.8,1.1
166,1,255.6,32842.71,0.436654,3.372343627363443e-07,0.718292,269.3,0.2377,264.8,1.1
167,1,256.29,32732.42,0.457681,3.3919433701783414e-07,0.739353,266.3,0.2403,264.7,1.1
168,1,256.97,32622.75,0.431334,3.41154311299324e-07,0.538889,268.9,0.238,264.7,1.2
169,1,257.65,32514.36,0.466043,3.4311428558081387e-07,0.766285,268.0,0.2388,264.8,1.1
170,1,258.36,32411.0,0.438374,3.4507425986230373e-07,0.539102,257.5,0.2486,264.0,1.2
171,1,259.04,32304.12,0.426152,3.470342341437936e-07,0.617638,266.1,0.2405,264.0,1.1
172,1,259.72,32199.66,0.47745,3.4899420842528346e-07,0.499746,266.7,0.2399,263.8,1.2
173,1,260.41,32096.22,0.450315,3.5095418270677327e-07,0.549725,269.5,0.2375,264.0,1.2
174,1,261.14,31999.88,0.398525,3.5291415698826313e-07,0.471735,223.7,0.2861,261.6,1.1
175,1,261.77,31892.7,0.442867,3.5487413126975295e-07,0.681788,269.5,0.2375,261.5,1.1
176,1,262.45,31792.73,0.438698,3.568341055512428e-07,0.629596,269.8,0.2372,261.7,1.1
177,1,263.14,31693.81,0.458001,3.587940798327326e-07,0.667748,270.7,0.2364,261.8,1.1
178,1,263.82,31596.28,0.449386,3.6075405411422243e-07,0.690011,268.2,0.2386,261.8,1.2
179,1,264.5,31499.68,0.417153,3.6271402839571224e-07,0.596457,266.6,0.2401,261.8,1.1
180,1,265.19,31404.44,0.399139,3.646740026772021e-07,0.647587,268.1,0.2387,262.0,1.1
181,1,265.92,31315.76,0.437153,3.6663397695869197e-07,0.706021,268.2,0.2387,262.1,1.0
182,1,266.61,31222.11,0.451079,3.6859395124018184e-07,0.65163,265.0,0.2415,262.0,1.1
183,1,267.32,31133.09,0.431345,3.7055392552167165e-07,0.576143,239.0,0.2677,260.4,1.1
184,1,267.97,31038.46,0.453455,3.725138998031615e-07,0.843068,272.1,0.2352,260.7,1.0
185,1,268.66,30948.05,0.420291,3.744738740846513e-07,0.932748,270.1,0.237,260.8,1.1
186,1,269.34,30858.46,0.414574,3.764338483661412e-07,0.695232,267.8,0.239,260.8,1.0
187,1,270.02,30769.7,0.439242,3.7839382264763105e-07,0.783471,270.5,0.2366,260.9,1.1
188,1,270.71,30682.3,0.396872,3.803537969291209e-07,0.607068,268.7,0.2382,261.0,1.0
189,1,271.39,30595.83,0.453382,3.823137712106108e-07,0.976083,266.0,0.2406,260.8,1.1
190,1,272.08,30509.92,0.43853,3.842737454921006e-07,0.590476,270.6,0.2365,261.7,1.0
191,1,272.76,30425.03,0.441595,3.862337197735904e-07,0.684297,267.0,0.2397,261.8,1.0
192,1,273.44,30340.83,0.425405,3.8819369405508027e-07,0.562026,268.6,0.2383,261.9,1.0
193,1,274.13,30257.93,0.407254,3.9015366833657013e-07,0.683745,267.0,0.2397,261.8,1.0
194,1,274.81,30175.58,0.422366,3.9211364261806e-07,0.584747,269.5,0.2375,264.3,1.0
195,1,275.5,30094.12,0.401113,3.940736168995498e-07,0.766951,272.0,0.2353,264.5,1.0
196,1,276.18,30013.7,0.446086,3.9603359118103967e-07,0.613688,266.8,0.2399,264.4,0.9
197,1,276.87,29933.78,0.468783,3.979935654625295e-07,0.632525,267.7,0.2391,264.3,0.9
198,1,277.55,29855.12,0.400175,3.9995353974401935e-07,0.598504,267.1,0.2396,264.2,1.0
199,1,278.28,29781.82,0.452399,4.0191351402550916e-07,0.604861,227.2,0.2817,261.7,1.0
200,1,278.95,29702.77,0.420987,4.03873488306999e-07,0.662001,264.9,0.2416,261.6,1.0
201,1,290.38,30764.5,0.43332,4.058334625884889e-07,0.701179,276.9,0.2312,262.0,1.0
202,1,291.06,30681.97,0.499569,4.0779343686997875e-07,0.789211,272.8,0.2346,262.5,1.0
203,1,291.73,30600.12,0.465894,4.097534111514686e-07,0.621894,273.8,0.2337,264.6,0.9
204,1,292.41,30519.07,0.418685,4.117133854329585e-07,0.56237,274.9,0.2328,264.9,0.8
205,1,293.08,30439.1,0.439066,4.1367335971444834e-07,0.764028,273.5,0.234,265.2,0.8
206,1,293.76,30359.58,0.433969,4.156333339959382e-07,0.742485,273.4,0.2341,265.4,0.8
207,1,294.44,30281.37,0.432327,4.1759330827742807e-07,0.896169,269.5,0.2375,265.6,0.7
208,1,295.11,30203.34,0.447785,4.19553282558918e-07,0.878316,273.6,0.2339,266.0,0.6
209,1,295.79,30126.5,0.443702,4.215132568404078e-07,0.63138,269.8,0.2372,266.2,0.6
210,1,296.46,30049.89,0.436977,4.2347323112189766e-07,0.696105,274.5,0.2332,266.4,0.6
211,1,297.14,29974.74,0.411837,4.2543320540338753e-07,0.628719,265.9,0.2406,266.4,0.6
212,1,297.82,29899.67,0.486268,4.2739317968487744e-07,0.715061,272.7,0.2347,266.7,0.6
213,1,298.49,29825.24,0.413429,4.293531539663673e-07,0.498106,273.2,0.2342,267.1,0.5
214,1,299.17,29751.73,0.416065,4.313131282478571e-07,0.607817,272.8,0.2346,267.4,0.5
215,1,299.84,29679.05,0.393311,4.33273102529347e-07,0.746855,271.6,0.2357,267.4,0.5
216,1,300.52,29606.88,0.466414,4.3523307681083685e-07,0.830921,270.7,0.2364,267.6,0.5
217,1,301.2,29535.53,0.426064,4.3719305109232666e-07,0.598188,271.7,0.2356,267.9,0.4
218,1,301.88,29464.93,0.41108,4.3915302537381647e-07,0.693893,268.8,0.2381,268.0,0.4
219,1,302.56,29394.86,0.440725,4.411129996553064e-07,0.585043,271.0,0.2362,270.8,0.4
220,1,303.23,29325.47,0.469836,4.430729739367962e-07,0.795149,270.4,0.2367,271.1,0.3
221,1,303.94,29259.63,0.420562,4.4503294821828606e-07,0.663455,270.3,0.2368,270.7,0.4
222,1,304.64,29192.96,0.45304,4.4699292249977593e-07,0.675352,270.2,0.2368,270.3,0.5
223,1,305.32,29125.76,0.454083,4.489528967812658e-07,1.120507,269.2,0.2377,270.0,0.5
224,1,306.01,29059.56,0.423549,4.5091287106275566e-07,0.506393,265.1,0.2414,269.5,0.5
225,1,306.69,28993.61,0.404356,4.528728453442455e-07,0.632862,267.0,0.2397,269.1,0.5
226,1,307.37,28928.5,0.399417,4.548328196257354e-07,0.593442,266.0,0.2406,268.7,0.5
227,1,308.06,28863.68,0.434,4.567927939072252e-07,0.598993,266.9,0.2398,268.4,0.6
228,1,308.74,28799.53,0.491315,4.58752768188715e-07,0.539409,265.2,0.2413,268.0,0.6
229,1,309.42,28735.89,0.46396,4.6071274247020487e-07,0.805738,268.1,0.2387,267.7,0.7
230,1,310.1,28672.41,0.446539,4.6267271675169474e-07,0.653433,270.5,0.2366,267.4,0.7
231,1,310.79,28610.29,0.431,4.6463269103318455e-07,0.783986,266.3,0.2403,267.4,0.7
232,1,311.48,28548.54,0.465123,4.6659266531467446e-07,0.897918,264.7,0.2418,266.7,0.8
233,1,312.16,28487.04,0.427529,4.6855263959616433e-07,0.684961,269.6,0.2374,266.4,0.9
234,1,312.93,28433.63,0.41574,4.705126138776542e-07,0.608039,198.9,0.3217,261.7,0.9
235,1,313.53,28365.76,0.454287,4.7247258815914406e-07,0.625156,267.2,0.2396,261.4,0.9
236,1,314.22,28306.42,0.480579,4.744325624406339e-07,0.785744,264.3,0.2421,261.1,0.9
237,1,314.9,28246.71,0.466571,4.7639253672212373e-07,0.541252,269.6,0.2374,260.9,0.9
238,1,315.59,28187.99,0.427247,4.783525110036136e-07,0.69512,266.6,0.2401,260.7,0.9
239,1,316.27,28129.43,0.403719,4.803124852851034e-07,0.868563,269.2,0.2377,260.6,1.0
240,1,316.96,28072.09,0.450151,4.822724595665932e-07,0.839026,262.8,0.2435,260.2,1.0
241,1,317.7,28019.64,0.414487,4.84232433848083e-07,0.721102,267.4,0.2394,259.9,1.0
242,1,318.38,27962.47,0.446944,4.861924081295728e-07,0.777965,266.7,0.24,259.8,1.0
243,1,319.07,27906.07,0.418027,4.881523824110627e-07,0.771013,267.1,0.2396,259.6,1.1
244,1,319.75,27849.96,0.443367,4.901123566925526e-07,0.849263,268.8,0.2381,259.7,1.1
245,1,320.44,27794.63,0.467096,4.920723309740424e-07,0.7166,266.6,0.2401,259.6,1.1
246,1,321.13,27739.8,0.4126,4.940323052555323e-07,0.585955,264.6,0.2419,259.4,1.2
247,1,321.82,27685.27,0.48797,4.959922795370222e-07,0.899586,265.1,0.2415,259.3,1.2
248,1,322.5,27630.94,0.440655,4.97952253818512e-07,0.537205,266.5,0.2401,259.2,1.2
249,1,323.18,27576.99,0.411943,4.999122281000018e-07,0.615568,268.3,0.2386,259.3,1.2
250,1,323.87,27523.67,0.425795,5.018722023814916e-07,0.598579,267.4,0.2393,259.2,1.2
251,1,324.56,27471.09,0.474524,5.038321766629816e-07,0.751853,264.7,0.2417,259.1,1.2
252,1,325.26,27420.05,0.427654,5.057921509444714e-07,0.822624,248.3,0.2577,258.4,1.1
253,1,325.95,27367.86,0.387489,5.077521252259612e-07,0.987199,267.7,0.2391,258.2,1.2
254,1,326.63,27316.37,0.410514,5.097120995074511e-07,0.482294,264.5,0.242,262.3,1.3
255,1,327.32,27265.19,0.449227,5.116720737889409e-07,0.509437,266.2,0.2404,262.1,1.3
256,1,328.01,27214.65,0.39362,5.136320480704307e-07,0.559531,263.8,0.2426,262.0,1.3
257,1,328.7,27164.2,0.417761,5.155920223519206e-07,0.637742,266.4,0.2402,261.9,1.3
258,1,329.39,27114.28,0.450378,5.175519966334105e-07,0.631478,266.0,0.2406,261.9,1.3
259,1,330.08,27065.16,0.418199,5.195119709149004e-07,0.624738,265.1,0.2414,261.5,1.4
260,1,330.77,27015.93,0.452714,5.214719451963902e-07,0.587769,266.4,0.2403,261.7,1.4
261,1,331.5,26970.76,0.441149,5.2343191947788e-07,0.609947,269.1,0.2379,262.0,1.3
262,1,332.19,26922.39,0.428338,5.253918937593698e-07,0.662641,266.6,0.2401,262.0,1.3
263,1,332.87,26874.19,0.443883,5.273518680408596e-07,0.518917,267.6,0.2391,262.2,1.2
264,1,333.56,26826.36,0.441809,5.293118423223494e-07,0.564558,267.8,0.239,262.2,1.2
265,1,334.27,26780.48,0.458775,5.312718166038392e-07,0.793087,258.0,0.248,261.6,1.2
266,1,335.02,26738.94,0.421075,5.332317908853291e-07,0.669971,205.8,0.311,258.1,1.2
267,1,335.64,26686.75,0.461716,5.351917651668189e-07,0.528258,265.5,0.2411,258.1,1.2
268,1,336.33,26640.23,0.469734,5.371517394483088e-07,0.699175,266.9,0.2398,258.2,1.2
269,1,337.01,26594.02,0.416975,5.391117137297986e-07,0.520288,266.5,0.2402,258.2,1.1
270,1,337.7,26548.57,0.449167,5.410716880112884e-07,0.929233,264.8,0.2417,258.1,1.1
271,1,338.4,26503.55,0.44304,5.430316622927782e-07,0.701574,262.7,0.2436,257.8,1.2
272,1,339.08,26458.39,0.415267,5.449916365742681e-07,0.558358,267.1,0.2396,258.8,1.2
273,1,339.77,26413.73,0.433613,5.469516108557579e-07,0.537027,266.4,0.2402,258.9,1.1
274,1,340.46,26369.32,0.420588,5.489115851372478e-07,0.801231,266.1,0.2405,259.1,1.1
275,1,341.14,26324.97,0.445626,5.508715594187377e-07,0.596268,267.4,0.2393,259.3,1.0
276,1,341.83,26281.3,0.411306,5.528315337002275e-07,0.585986,265.1,0.2415,259.4,1.0
277,1,342.54,26239.89,0.413254,5.547915079817173e-07,0.635999,240.1,0.2666,258.0,1.0
278,1,343.23,26196.88,0.431501,5.567514822632072e-07,0.735948,257.2,0.2488,257.4,1.1
279,1,343.91,26153.43,0.477865,5.587114565446971e-07,0.594504,266.0,0.2406,257.5,1.0
280,1,344.6,26110.77,0.412256,5.60671430826187e-07,0.647854,267.3,0.2394,257.6,1.0
281,1,345.33,26071.77,0.470817,5.626314051076769e-07,0.856601,266.6,0.2401,257.5,1.0
282,1,346.01,26029.61,0.437287,5.645913793891667e-07,0.588649,269.5,0.2375,257.7,1.0
283,1,346.7,25987.97,0.405562,5.665513536706566e-07,0.960539,267.5,0.2392,257.7,1.0
284,1,347.39,25946.6,0.411844,5.685113279521464e-07,0.987803,266.3,0.2404,257.6,1.0
285,1,348.08,25905.34,0.473903,5.704713022336363e-07,0.918584,268.3,0.2385,258.2,1.0
286,1,348.76,25864.62,0.423572,5.724312765151261e-07,0.544313,264.6,0.2419,261.9,1.0
287,1,349.46,25825.07,0.405354,5.74391250796616e-07,0.643006,266.0,0.2406,261.7,1.0
288,1,350.15,25784.66,0.422187,5.763512250781059e-07,0.502814,266.4,0.2403,261.7,1.0
289,1,350.84,25744.62,0.417467,5.783111993595958e-07,0.500173,265.9,0.2407,261.6,1.1
290,1,351.52,25704.92,0.409068,5.802711736410856e-07,0.787802,266.0,0.2406,261.6,1.1
291,1,352.23,25666.67,0.44514,5.822311479225755e-07,0.757535,265.1,0.2414,261.7,1.1
292,1,352.92,25627.58,0.427792,5.841911222040653e-07,0.494051,262.4,0.2439,261.4,1.1
293,1,353.6,25588.63,0.43711,5.861510964855551e-07,0.76015,264.8,0.2417,261.2,1.2
294,1,354.29,25550.06,0.452741,5.88111070767045e-07,0.741807,264.9,0.2416,261.1,1.2
295,1,354.98,25511.65,0.431493,5.900710450485349e-07,0.660754,266.0,0.2406,261.1,1.2
296,1,355.67,25473.61,0.411601,5.920310193300247e-07,0.754729,266.6,0.2401,261.2,1.2
297,1,356.36,25435.79,0.401175,5.939909936115146e-07,0.597478,264.1,0.2423,262.5,1.1
298,1,357.04,25398.03,0.445329,5.959509678930045e-07,0.843074,267.6,0.2391,263.3,1.0
299,1,357.73,25360.63,0.417579,5.979109421744943e-07,0.700962,267.0,0.2397,263.3,1.1
300,1,358.42,25323.4,0.413412,5.998709164559841e-07,0.787396,266.5,0.2402,263.3,1.1
301,1,359.14,25288.9,0.455314,6.018308907374739e-07,0.59216,269.9,0.2372,263.4,1.1
302,1,359.83,25252.17,0.50526,6.037908650189638e-07,0.941783,267.9,0.2389,263.3,1.1
303,1,360.51,25215.76,0.411359,6.057508393004537e-07,0.549029,268.7,0.2382,263.4,1.1
304,1,361.2,25179.63,0.414115,6.077108135819435e-07,0.802371,264.0,0.2425,263.2,1.1
305,1,361.89,25143.36,0.449017,6.096707878634334e-07,0.642967,267.0,0.2397,263.2,1.1
306,1,362.57,25107.63,0.389712,6.116307621449233e-07,0.63091,266.8,0.2399,263.4,1.0
307,1,363.26,25071.97,0.424037,6.135907364264131e-07,0.743441,266.6,0.24,263.6,1.0
308,1,363.95,25036.64,0.454742,6.155507107079029e-07,0.635442,266.6,0.24,263.6,1.0
309,1,364.63,25001.35,0.452438,6.175106849893927e-07,0.982533,270.7,0.2365,263.8,1.0
310,1,365.32,24966.45,0.437418,6.194706592708827e-07,0.649221,269.2,0.2378,263.9,1.0
311,1,366.01,24931.91,0.441991,6.214306335523725e-07,0.627712,264.9,0.2416,263.9,1.0
312,1,366.69,24897.49,0.458481,6.233906078338623e-07,0.668781,266.3,0.2403,264.3,0.9
313,1,367.38,24863.47,0.434786,6.253505821153522e-07,0.795317,264.2,0.2422,264.3,0.9
314,1,368.07,24829.44,0.421865,6.27310556396842e-07,0.571105,265.1,0.2414,264.4,0.9
315,1,368.76,24795.59,0.469081,6.292705306783318e-07,0.855076,265.1,0.2414,264.3,0.9
316,1,369.44,24762.04,0.42591,6.312305049598216e-07,0.772397,267.6,0.2392,264.4,0.9
317,1,370.13,24728.65,0.444711,6.331904792413115e-07,0.64407,268.6,0.2383,264.5,0.9
318,1,370.82,24695.55,0.442914,6.351504535228015e-07,0.80726,267.2,0.2396,264.4,1.0
319,1,371.51,24662.69,0.432695,6.371104278042914e-07,0.743141,264.5,0.242,264.4,0.9
320,1,372.19,24629.97,0.465522,6.390704020857813e-07,0.6911,265.3,0.2413,264.3,0.9
321,1,372.92,24600.22,0.417741,6.410303763672711e-07,0.518529,268.0,0.2388,264.2,0.9
322,1,373.61,24567.86,0.415511,6.42990350648761e-07,0.689377,265.5,0.241,264.0,1.0
323,1,374.3,24535.6,0.434349,6.449503249302508e-07,0.523913,268.0,0.2388,264.1,0.9
324,1,375.0,24504.9,0.472227,6.469102992117406e-07,0.595017,268.5,0.2383,264.0,1.1
325,1,375.69,24472.86,0.422482,6.488702734932305e-07,0.515232,267.1,0.2397,263.9,1.1
326,1,376.37,24441.26,0.422549,6.508302477747203e-07,0.494137,265.3,0.2412,263.6,1.1
327,1,377.06,24409.68,0.47074,6.527902220562101e-07,0.791727,266.2,0.2405,263.7,1.1
328,1,377.74,24378.3,0.394063,6.547501963376999e-07,0.828286,268.2,0.2386,263.7,1.1
329,1,378.43,24347.5,0.446393,6.567101706191898e-07,0.569054,264.2,0.2423,263.4,1.1
330,1,379.14,24318.13,0.412813,6.586701449006796e-07,0.540736,260.5,0.2457,262.6,1.3
331,1,379.83,24287.45,0.471846,6.606301191821694e-07,0.713975,267.8,0.239,262.7,1.3
332,1,380.52,24256.91,0.400003,6.625900934636593e-07,0.657253,266.1,0.2405,262.5,1.3
333,1,381.21,24226.6,0.45715,6.645500677451493e-07,0.604484,266.4,0.2402,262.7,1.3
334,1,381.89,24196.34,0.424373,6.665100420266391e-07,0.769925,266.8,0.2399,262.7,1.4
335,1,382.58,24166.43,0.446347,6.684700163081289e-07,0.826724,266.7,0.24,262.5,1.5
336,1,383.27,24136.68,0.388206,6.704299905896187e-07,0.675791,266.4,0.2402,262.4,1.5
337,1,383.95,24107.1,0.420731,6.723899648711086e-07,0.532831,263.5,0.2429,262.0,1.5
338,1,384.64,24077.43,0.436113,6.743499391525984e-07,0.998919,268.3,0.2385,262.2,1.5
339,1,385.32,24048.02,0.43766,6.763099134340883e-07,1.090903,269.6,0.2374,262.2,1.6
340,1,386.01,24019.01,0.414759,6.782698877155783e-07,0.643351,264.3,0.2421,262.1,1.6
341,1,386.8,23996.38,0.423514,6.802298619970682e-07,0.532382,216.1,0.2961,259.1,1.6
342,1,387.44,23964.38,0.429574,6.82189836278558e-07,1.061384,267.5,0.2392,259.3,1.5
343,1,388.12,23935.58,0.412014,6.841498105600479e-07,0.664285,267.5,0.2393,259.1,1.6
344,1,388.81,23907.17,0.415652,6.861097848415378e-07,0.86026,265.4,0.2412,259.3,1.4
345,1,389.62,23886.49,0.433877,6.880697591230277e-07,0.792713,183.2,0.3494,253.6,1.5
346,1,390.25,23854.76,0.425653,6.900297334045176e-07,0.612338,225.0,0.2844,251.5,1.4
347,1,390.9,23824.69,0.464448,6.919897076860074e-07,0.682579,265.2,0.2414,251.4,1.4
348,1,391.59,23797.18,0.398459,6.939496819674973e-07,0.789279,263.3,0.2431,251.1,1.4
349,1,392.28,23769.49,0.445739,6.959096562489871e-07,0.839694,264.2,0.2422,251.3,1.4
350,1,392.97,23742.01,0.400606,6.97869630530477e-07,0.642168,265.8,0.2407,252.0,1.2
351,1,393.65,23714.59,0.417256,6.998296048119668e-07,0.697997,266.1,0.2405,251.9,1.2
352,1,394.34,23687.35,0.385262,7.017895790934567e-07,0.816686,265.7,0.2409,252.0,1.2
353,1,395.03,23660.37,0.424276,7.037495533749467e-07,0.848441,265.3,0.2413,252.0,1.2
354,1,395.72,23633.46,0.414556,7.057095276564365e-07,1.07772,266.9,0.2398,252.1,1.1
355,1,396.41,23606.78,0.43152,7.076695019379263e-07,0.604706,265.5,0.2411,252.2,1.1
356,1,397.09,23580.21,0.46316,7.096294762194162e-07,0.816168,263.3,0.2431,252.1,1.0
357,1,397.78,23553.68,0.417402,7.11589450500906e-07,0.644092,265.5,0.241,252.2,1.0
358,1,398.46,23527.18,0.428148,7.135494247823959e-07,0.690754,266.4,0.2402,252.0,1.1
359,1,399.15,23500.69,0.441085,7.155093990638857e-07,0.579897,269.8,0.2372,252.1,1.0
360,1,399.83,23474.56,0.449925,7.174693733453755e-07,0.686877,270.0,0.237,252.5,1.0
361,1,400.57,23451.61,0.384308,7.194293476268654e-07,0.595385,265.5,0.241,255.3,1.0
362,1,401.25,23425.72,0.429967,7.213893219083552e-07,0.960822,266.4,0.2402,255.2,1.0
363,1,401.95,23400.37,0.511951,7.233492961898451e-07,0.880422,260.5,0.2457,255.0,0.9
364,1,402.63,23374.48,0.460354,7.253092704713349e-07,0.785883,266.5,0.2402,255.1,1.0
365,1,403.32,23349.19,0.428107,7.272692447528248e-07,0.868589,266.3,0.2403,261.0,0.9
366,1,404.0,23323.98,0.415183,7.292292190343147e-07,0.669312,264.9,0.2416,263.4,0.9
367,1,404.71,23299.86,0.433858,7.311891933158045e-07,0.515291,251.5,0.2544,262.6,0.9
368,1,405.39,23274.43,0.424444,7.331491675972945e-07,0.695445,266.0,0.2406,262.8,0.9
369,1,406.07,23249.66,0.417083,7.351091418787843e-07,0.612127,265.8,0.2408,262.8,0.9
370,1,406.76,23224.84,0.420511,7.370691161602742e-07,0.635883,266.2,0.2404,262.7,0.9
371,1,407.45,23200.24,0.451262,7.39029090441764e-07,0.796272,267.7,0.2391,262.9,0.9
372,1,408.14,23175.99,0.420056,7.409890647232538e-07,0.734734,263.5,0.2429,262.7,0.9
373,1,408.82,23151.59,0.447362,7.429490390047437e-07,0.690475,265.6,0.241,262.7,0.9
374,1,409.51,23127.35,0.428639,7.449090132862335e-07,1.173402,265.0,0.2415,262.5,1.0
375,1,410.22,23104.41,0.410847,7.468689875677235e-07,0.681011,263.8,0.2426,262.2,1.0
376,1,410.9,23080.25,0.435249,7.488289618492133e-07,0.710658,266.6,0.2401,262.3,1.1
377,1,411.58,23056.37,0.470048,7.507889361307031e-07,0.622997,265.4,0.2412,262.4,1.0
378,1,412.27,23032.67,0.492683,7.52748910412193e-07,0.760775,267.7,0.2391,262.5,1.0
379,1,412.96,23009.11,0.4578,7.547088846936828e-07,0.88628,267.4,0.2393,262.4,1.0
380,1,413.64,22985.54,0.402273,7.566688589751726e-07,0.621429,268.5,0.2383,262.4,1.0
381,1,414.38,22965.17,0.458253,7.586288332566625e-07,0.700623,269.3,0.2377,262.4,1.0
382,1,415.07,22941.88,0.424565,7.605888075381523e-07,0.568059,266.6,0.24,262.3,1.1
383,1,415.75,22918.59,0.447002,7.625487818196422e-07,0.59246,268.7,0.2382,262.6,1.1
384,1,416.44,22895.64,0.424499,7.645087561011321e-07,0.523216,266.5,0.2401,262.4,1.2
385,1,417.13,22872.81,0.405966,7.66468730382622e-07,0.793897,268.0,0.2388,262.5,1.2
386,1,417.82,22850.27,0.389553,7.684287046641118e-07,0.658256,263.5,0.2429,262.3,1.2
387,1,418.51,22827.85,0.43994,7.703886789456016e-07,0.789717,262.2,0.2441,262.9,1.2
388,1,419.27,22809.04,0.39998,7.723486532270915e-07,0.608762,207.1,0.309,259.2,1.2
389,1,419.9,22783.61,0.374366,7.743086275085813e-07,0.520702,266.8,0.2398,259.1,1.3
390,1,420.59,22761.41,0.398282,7.762686017900713e-07,0.748307,266.6,0.2401,259.4,1.2
391,1,421.27,22739.15,0.429181,7.782285760715611e-07,0.654185,265.9,0.2407,259.1,1.3
392,1,421.96,22716.97,0.51194,7.801885503530509e-07,0.731094,267.6,0.2392,259.4,1.2
393,1,422.65,22694.87,0.417835,7.821485246345408e-07,0.655537,270.4,0.2367,259.7,1.2
394,1,423.33,22673.03,0.451561,7.841084989160307e-07,0.797363,267.9,0.2389,259.7,1.2
395,1,424.02,22651.15,0.424175,7.860684731975205e-07,0.883835,268.5,0.2384,260.2,1.2
396,1,424.71,22629.53,0.383855,7.880284474790103e-07,0.580514,266.8,0.2399,260.2,1.2
397,1,425.39,22608.01,0.428842,7.899884217605002e-07,0.672536,266.0,0.2406,260.3,1.1
398,1,426.08,22586.67,0.489191,7.9194839604199e-07,0.837234,265.8,0.2408,260.3,1.1
399,1,426.77,22565.08,0.420483,7.939083703234799e-07,0.953751,268.1,0.2387,260.2,1.1
400,1,427.45,22543.74,0.472846,7.958683446049697e-07,0.887858,267.8,0.2389,260.1,1.2
401,1,435.25,22896.86,0.458266,7.978283188864596e-07,0.716064,275.8,0.232,260.5,1.1
402,1,435.93,22874.47,0.420747,7.997882931679494e-07,0.78351,269.0,0.2379,260.8,1.1
403,1,436.61,22852.12,0.402986,8.017482674494393e-07,0.586144,271.2,0.236,261.0,1.0
404,1,437.28,22829.74,0.423329,8.037082417309291e-07,0.64605,273.2,0.2343,261.4,1.0
405,1,437.97,22807.72,0.422203,8.056682160124191e-07,0.719609,271.9,0.2354,261.6,1.0
406,1,438.65,22785.79,0.390717,8.076281902939089e-07,0.59982,271.5,0.2357,262.2,0.9
407,1,439.32,22763.94,0.426525,8.095881645753987e-07,0.671963,270.4,0.2367,262.7,0.9
408,1,440.0,22742.14,0.451386,8.115481388568885e-07,0.577697,272.0,0.2353,266.9,0.8
409,1,440.69,22720.61,0.397943,8.135081131383783e-07,0.958552,267.9,0.2389,267.2,0.8
410,1,441.37,22699.32,0.423894,8.154680874198682e-07,0.794242,263.7,0.2427,267.0,0.7
411,1,442.04,22677.59,0.451184,8.174280617013581e-07,0.799668,270.3,0.2368,267.4,0.7
412,1,442.72,22656.18,0.451644,8.19388035982848e-07,0.658389,273.3,0.2342,267.7,0.7
413,1,443.4,22635.0,0.494713,8.213480102643379e-07,0.688362,272.8,0.2346,267.8,0.7
414,1,444.09,22614.04,0.436592,8.233079845458277e-07,1.301781,268.7,0.2381,268.1,0.6
415,1,444.77,22593.05,0.389808,8.252679588273176e-07,0.699962,270.1,0.2369,268.2,0.6
416,1,445.45,22572.18,0.427265,8.272279331088075e-07,0.785574,267.2,0.2395,268.3,0.6
417,1,446.15,22552.74,0.446167,8.291879073902974e-07,0.525331,242.4,0.264,267.0,0.5
418,1,446.81,22530.69,0.430424,8.311478816717872e-07,0.696505,267.9,0.2389,267.1,0.5
419,1,447.49,22510.2,0.418291,8.331078559532771e-07,0.695813,267.7,0.2391,267.2,0.5
420,1,448.18,22489.98,0.466115,8.35067830234767e-07,0.802445,264.2,0.2422,267.0,0.5
421,1,448.88,22470.76,0.379529,8.370278045162569e-07,0.869193,268.7,0.2382,266.6,0.5
422,1,449.57,22450.65,0.466998,8.389877787977467e-07,0.895907,265.9,0.2407,266.4,0.6
423,1,450.25,22430.64,0.435394,8.409477530792365e-07,0.545732,267.0,0.2397,266.1,0.6
424,1,450.94,22410.65,0.44256,8.429077273607263e-07,0.759488,266.6,0.2401,265.7,0.6
425,1,451.62,22390.67,0.419586,8.448677016422162e-07,0.687273,268.7,0.2382,265.6,0.6
426,1,452.3,22370.95,0.437114,8.468276759237062e-07,1.082438,268.4,0.2384,265.2,0.7
427,1,452.99,22351.22,0.408402,8.48787650205196e-07,0.494001,268.5,0.2384,265.1,0.7
428,1,453.67,22331.48,0.428449,8.507476244866858e-07,0.674871,268.1,0.2387,264.8,0.7
429,1,454.36,22312.14,0.456893,8.527075987681756e-07,0.861852,265.0,0.2415,264.5,0.8
430,1,455.04,22292.8,0.459888,8.546675730496654e-07,0.953575,266.2,0.2404,264.6,0.8
431,1,455.73,22273.6,0.358816,8.566275473311552e-07,0.605039,266.7,0.2399,264.4,0.8
432,1,456.41,22254.41,0.465213,8.585875216126451e-07,0.6423,265.7,0.2408,264.0,0.8
433,1,457.1,22235.51,0.47754,8.60547495894135e-07,0.748098,266.2,0.2405,263.6,0.8
434,1,457.79,22216.44,0.464717,8.625074701756249e-07,0.61334,266.2,0.2404,263.4,0.9
435,1,458.47,22197.36,0.440893,8.644674444571147e-07,0.779608,267.9,0.2389,263.4,0.8
436,1,459.24,22182.68,0.433291,8.664274187386045e-07,0.722556,197.1,0.3247,258.7,0.9
437,1,459.84,22159.87,0.449624,8.683873930200944e-07,1.074602,265.7,0.2408,259.9,0.9
438,1,460.61,22144.83,0.45123,8.703473673015843e-07,0.759321,203.2,0.315,255.8,0.9
439,1,461.22,22122.64,0.436929,8.723073415830742e-07,0.776,265.5,0.2411,255.6,1.0
440,1,461.96,22106.8,0.451776,8.742673158645642e-07,0.890364,216.4,0.2957,252.8,1.0
441,1,462.73,22092.5,0.442386,8.762272901460541e-07,0.849767,203.0,0.3153,249.0,1.0
442,1,463.34,22070.49,0.428673,8.78187264427544e-07,1.01113,266.3,0.2404,248.9,1.0
443,1,464.02,22052.07,0.448711,8.801472387090339e-07,0.68687,268.2,0.2386,249.0,1.0
444,1,464.71,22033.86,0.408774,8.821072129905237e-07,0.60584,268.2,0.2386,249.2,1.0
445,1,465.39,22015.79,0.417468,8.840671872720135e-07,0.75845,265.9,0.2407,249.0,1.0
446,1,466.08,21997.6,0.446355,8.860271615535033e-07,0.752487,268.2,0.2386,249.1,1.0
447,1,466.76,21979.66,0.399718,8.879871358349932e-07,0.525235,265.5,0.2411,248.8,1.0
448,1,467.46,21962.06,0.475929,8.89947110116483e-07,0.654577,264.0,0.2424,248.7,1.0
449,1,468.14,21944.34,0.516256,8.919070843979728e-07,0.925955,264.1,0.2424,248.8,0.9
450,1,468.83,21926.5,0.434133,8.938670586794626e-07,1.039139,269.1,0.2378,248.9,0.9
451,1,469.53,21909.83,0.430664,8.958270329609525e-07,0.513749,247.1,0.2591,247.8,1.0
452,1,470.2,21891.28,0.460257,8.977870072424423e-07,1.172287,268.8,0.2381,247.9,1.0
453,1,470.89,21874.01,0.389047,8.997469815239322e-07,0.829289,266.0,0.2406,247.8,1.0
454,1,471.57,21856.54,0.424377,9.01706955805422e-07,0.534291,266.7,0.2399,247.9,1.0
455,1,472.26,21839.03,0.460472,9.03666930086912e-07,0.595383,268.6,0.2383,248.0,1.0
456,1,472.94,21821.84,0.456912,9.056269043684018e-07,0.522914,267.1,0.2396,252.2,1.0
457,1,473.63,21804.7,0.412248,9.075868786498917e-07,0.609885,265.6,0.2409,252.1,1.1
458,1,474.32,21787.61,0.456809,9.095468529313815e-07,0.654489,266.9,0.2398,255.9,1.0
459,1,475.01,21770.64,0.455712,9.115068272128713e-07,0.762213,267.0,0.2397,256.0,1.0
460,1,475.69,21753.66,0.433139,9.134668014943612e-07,0.635643,266.5,0.2401,259.1,1.0
461,1,476.45,21739.84,0.404662,9.154267757758511e-07,0.485493,257.0,0.249,262.2,1.1
462,1,477.14,21723.19,0.453695,9.17386750057341e-07,0.607845,265.0,0.2415,262.2,1.1
463,1,477.91,21710.25,0.452172,9.193467243388308e-07,0.60719,196.5,0.3257,257.5,1.1
464,1,478.61,21694.36,0.423095,9.213066986203206e-07,0.890559,188.1,0.3403,252.1,1.2
465,1,479.2,21673.18,0.465018,9.232666729018104e-07,0.75383,267.9,0.2389,252.3,1.2
466,1,479.91,21657.73,0.441729,9.252266471833002e-07,0.674422,260.0,0.2462,251.8,1.2
467,1,480.59,21641.1,0.448299,9.271866214647899e-07,0.722383,270.0,0.2371,251.9,1.3
468,1,481.28,21624.77,0.422852,9.291465957462797e-07,0.69231,266.6,0.24,252.0,1.3
469,1,482.04,21611.52,0.443556,9.311065700277696e-07,0.525821,208.1,0.3075,248.8,1.3
470,1,482.67,21592.68,0.448123,9.330665443092594e-07,0.697457,265.5,0.241,248.5,1.3
471,1,483.35,21576.5,0.395043,9.350265185907494e-07,0.671065,266.8,0.2398,249.5,1.3
472,1,484.04,21560.29,0.404163,9.369864928722393e-07,0.70149,269.6,0.2374,249.5,1.3
473,1,484.73,21544.25,0.361703,9.389464671537292e-07,0.754169,267.4,0.2394,249.6,1.3
474,1,485.48,21531.07,0.440661,9.409064414352191e-07,0.657845,210.7,0.3038,246.4,1.3
475,1,486.11,21512.59,0.425174,9.42866415716709e-07,0.577214,264.3,0.2422,246.1,1.4
476,1,486.79,21496.52,0.438601,9.448263899981988e-07,0.58282,269.0,0.2379,246.2,1.4
477,1,487.48,21480.73,0.386382,9.467863642796888e-07,0.647303,267.9,0.2389,246.4,1.3
478,1,488.17,21465.03,0.451286,9.487463385611787e-07,0.788729,265.0,0.2415,246.3,1.3
479,1,488.85,21449.27,0.392246,9.507063128426686e-07,0.85051,266.4,0.2402,246.3,1.3
480,1,489.54,21433.59,0.429136,9.526662871241584e-07,0.580641,266.6,0.2401,246.2,1.4
481,1,490.27,21419.92,0.382241,9.546262614056481e-07,0.626974,271.1,0.2361,247.1,1.3
482,1,491.03,21407.81,0.450802,9.56586235687138e-07,0.568892,201.1,0.3182,243.5,1.2
483,1,491.64,21388.8,0.373937,9.58546209968628e-07,0.592803,268.6,0.2383,247.7,1.2
484,1,492.32,21373.31,0.455238,9.605061842501178e-07,0.785776,269.5,0.2375,252.9,1.2
485,1,493.01,21357.98,0.445952,9.624661585316076e-07,0.627132,267.9,0.2389,252.7,1.3
486,1,493.71,21343.43,0.430218,9.644261328130974e-07,0.708602,263.0,0.2433,252.9,1.2
487,1,494.4,21328.15,0.426307,9.663861070945872e-07,0.600541,266.3,0.2403,252.8,1.2
488,1,495.08,21312.9,0.382553,9.68346081376077e-07,0.55717,266.9,0.2398,252.8,1.2
489,1,495.77,21297.71,0.45174,9.70306055657567e-07,0.70703,266.7,0.24,256.2,1.2
490,1,496.45,21282.7,0.416325,9.722660299390568e-07,0.599395,265.6,0.2409,256.2,1.3
491,1,497.14,21267.73,0.450157,9.742260042205466e-07,0.849551,265.5,0.2411,256.0,1.3
492,1,497.85,21253.57,0.459767,9.761859785020365e-07,0.803869,260.7,0.2455,255.6,1.3
493,1,498.53,21238.59,0.419938,9.781459527835265e-07,0.60439,266.7,0.24,255.6,1.3
494,1,499.22,21223.81,0.447392,9.801059270650165e-07,0.858389,267.3,0.2394,259.0,1.3
495,1,499.9,21209.06,0.426652,9.820659013465063e-07,0.654851,267.3,0.2394,259.2,1.2
496,1,500.59,21194.42,0.435118,9.840258756279961e-07,0.540906,265.7,0.2409,259.0,1.2
497,1,501.28,21179.76,0.425954,9.859858499094861e-07,0.861006,264.7,0.2418,258.9,1.2
498,1,501.97,21165.28,0.44328,9.87945824190976e-07,0.718801,264.4,0.2421,258.9,1.2
499,1,502.65,21150.7,0.411707,9.899057984724658e-07,0.783109,266.3,0.2403,259.0,1.2
500,1,503.34,21136.23,0.423611,9.918657727539556e-07,0.506401,264.6,0.2419,259.1,1.1
501,1,844.08,35372.18,0.444245,9.938257470354456e-07,0.67989,209.9,0.3049,255.6,1.1
502,1,844.71,35326.31,0.435843,9.957857213169354e-07,0.850089,272.3,0.2351,259.9,1.1
503,1,845.38,35282.45,0.458597,9.977456955984252e-07,0.682896,274.2,0.2334,260.3,1.0
504,1,846.05,35238.84,0.407279,9.997056698799153e-07,0.711225,271.4,0.2358,260.5,1.0
505,1,846.73,35195.43,0.429144,1.001665644161405e-06,0.754802,270.3,0.2368,260.8,0.9
506,1,847.4,35151.97,0.388969,1.003625618442895e-06,0.805933,274.6,0.2331,261.6,0.8
507,1,848.07,35108.72,0.453928,1.005585592724385e-06,0.734613,276.7,0.2313,262.2,0.8
508,1,848.74,35065.67,0.407039,1.0075455670058747e-06,0.561865,272.0,0.2353,262.6,0.7
509,1,849.41,35022.67,0.435465,1.0095055412873645e-06,0.681798,276.9,0.2312,263.1,0.7
510,1,850.08,34979.9,0.384828,1.0114655155688543e-06,0.796498,274.9,0.2328,263.8,0.6
511,1,850.75,34937.46,0.432456,1.0134254898503441e-06,0.717031,271.6,0.2357,264.3,0.5
512,1,851.43,34895.31,0.467191,1.015385464131834e-06,0.758563,266.9,0.2398,264.7,0.5
513,1,852.1,34852.86,0.441784,1.0173454384133238e-06,0.563763,274.2,0.2334,265.1,0.5
514,1,852.77,34810.97,0.448117,1.0193054126948136e-06,0.880299,270.2,0.2369,265.4,0.4
515,1,853.44,34768.97,0.450587,1.0212653869763034e-06,0.723537,275.3,0.2325,265.9,0.4
516,1,854.12,34727.4,0.44191,1.0232253612577932e-06,0.833811,272.1,0.2352,266.3,0.4
517,1,854.79,34685.84,0.487854,1.025185335539283e-06,0.985634,271.8,0.2354,266.7,0.3
518,1,855.46,34644.34,0.390285,1.0271453098207728e-06,0.712734,274.0,0.2335,267.2,0.3
519,1,856.13,34603.23,0.430808,1.0291052841022626e-06,0.700927,271.0,0.2362,267.5,0.3
520,1,856.81,34562.33,0.400295,1.0310652583837527e-06,0.5772,272.0,0.2353,268.0,0.3
521,1,857.52,34523.08,0.429829,1.0330252326652427e-06,0.730081,273.7,0.2339,272.1,0.2
522,1,858.2,34482.43,0.443757,1.0349852069467325e-06,0.880321,271.2,0.236,272.1,0.2
523,1,858.88,34442.21,0.476485,1.0369451812282223e-06,0.600522,266.4,0.2402,271.7,0.2
524,1,859.56,34401.89,0.441554,1.0389051555097123e-06,1.004068,265.9,0.2407,271.4,0.2
525,1,860.23,34361.86,0.398033,1.0408651297912023e-06,0.673451,269.7,0.2373,271.4,0.2
526,1,860.91,34322.02,0.436198,1.0428251040726922e-06,0.841624,266.6,0.24,271.0,0.2
527,1,861.59,34282.23,0.419831,1.044785078354182e-06,0.608621,268.9,0.238,270.6,0.2
528,1,862.27,34242.63,0.403194,1.046745052635672e-06,0.505533,269.7,0.2373,270.5,0.2
529,1,862.95,34203.3,0.403681,1.0487050269171618e-06,0.623624,269.8,0.2372,270.1,0.2
530,1,863.72,34167.59,0.441734,1.0506650011986516e-06,0.622217,196.4,0.3258,264.9,0.2
531,1,864.32,34125.01,0.437019,1.0526249754801414e-06,0.686808,269.6,0.2374,264.7,0.3
532,1,865.0,34086.06,0.448519,1.0545849497616314e-06,0.746198,269.3,0.2377,264.7,0.3
533,1,865.68,34047.31,0.449466,1.0565449240431213e-06,0.650084,267.3,0.2395,264.3,0.4
534,1,866.39,34009.72,0.43205,1.058504898324611e-06,0.653311,261.5,0.2448,263.6,0.5
535,1,867.07,33971.19,0.410684,1.060464872606101e-06,0.700429,267.3,0.2395,263.0,0.6
536,1,867.74,33932.66,0.412814,1.0624248468875911e-06,0.59864,268.5,0.2384,262.7,0.6
537,1,868.42,33894.36,0.44748,1.064384821169081e-06,1.014449,269.0,0.2379,262.5,0.6
538,1,869.11,33856.34,0.432926,1.0663447954505707e-06,0.635679,269.1,0.2379,262.2,0.6
539,1,869.78,33818.26,0.432349,1.0683047697320608e-06,0.944806,271.4,0.2358,262.0,0.7
540,1,870.46,33780.41,0.470198,1.0702647440135506e-06,1.216923,269.2,0.2377,261.7,0.8
541,1,871.18,33744.27,0.405684,1.0722247182950404e-06,0.716945,270.0,0.2371,261.5,0.8
542,1,871.87,33706.78,0.401507,1.0741846925765302e-06,0.46041,267.4,0.2394,261.2,0.9
543,1,872.54,33669.28,0.460187,1.07614466685802e-06,0.681523,268.8,0.2381,261.2,0.9
544,1,873.23,33632.05,0.442427,1.07810464113951e-06,0.793153,266.6,0.2401,261.0,1.0
545,1,873.91,33594.93,0.404695,1.0800646154209998e-06,0.607228,266.9,0.2398,260.9,1.0
546,1,874.59,33557.99,0.450419,1.0820245897024897e-06,1.004119,266.7,0.24,260.7,1.0
547,1,875.27,33521.12,0.402401,1.0839845639839795e-06,0.881405,269.3,0.2377,260.7,1.1
548,1,875.95,33484.44,0.412679,1.0859445382654693e-06,0.766549,267.1,0.2396,260.5,1.1
549,1,876.63,33447.83,0.413371,1.087904512546959e-06,1.091198,268.7,0.2382,260.3,1.1
550,1,877.33,33411.8,0.447971,1.089864486828449e-06,0.701278,263.2,0.2431,264.5,1.2
551,1,878.0,33375.3,0.409035,1.091824461109939e-06,0.829579,272.0,0.2353,264.5,1.3
552,1,878.69,33339.13,0.423687,1.0937844353914287e-06,0.647479,269.5,0.2375,264.6,1.3
553,1,879.37,33303.06,0.42496,1.0957444096729185e-06,0.636582,270.6,0.2365,264.8,1.2
554,1,880.05,33267.09,0.441269,1.0977043839544084e-06,0.828824,269.9,0.2371,265.4,1.2
555,1,880.73,33231.25,0.397836,1.0996643582358982e-06,0.626746,271.0,0.2361,265.7,1.1
556,1,881.41,33195.69,0.487252,1.1016243325173882e-06,1.039321,266.0,0.2406,265.5,1.2
557,1,882.09,33160.09,0.397345,1.103584306798878e-06,0.571915,268.7,0.2382,265.4,1.2
558,1,882.78,33124.72,0.502503,1.105544281080368e-06,0.756249,267.6,0.2392,265.2,1.2
559,1,883.46,33089.39,0.40843,1.1075042553618578e-06,0.573405,270.1,0.2369,265.3,1.2
560,1,884.14,33054.09,0.430119,1.1094642296433479e-06,0.623673,271.2,0.236,265.4,1.2
561,1,884.95,33024.09,0.458764,1.1114242039248379e-06,0.674729,198.3,0.3228,260.8,1.2
562,1,885.55,32985.93,0.41313,1.1133841782063277e-06,0.563763,267.7,0.2391,260.8,1.1
563,1,886.24,32951.27,0.409294,1.1153441524878175e-06,0.954792,264.5,0.242,260.6,1.1
564,1,886.91,32916.43,0.417884,1.1173041267693073e-06,0.914704,269.2,0.2378,260.8,1.1
565,1,887.59,32881.72,0.521481,1.1192641010507973e-06,1.281339,270.6,0.2365,260.8,1.2
566,1,888.27,32847.25,0.418408,1.1212240753322871e-06,0.697996,269.1,0.2378,261.0,1.1
567,1,888.95,32812.91,0.42668,1.123184049613777e-06,0.688385,269.1,0.2378,261.0,1.1
568,1,889.63,32778.63,0.43774,1.1251440238952668e-06,0.786958,270.1,0.237,261.1,1.2
569,1,890.32,32744.54,0.428016,1.1271039981767566e-06,0.856125,268.4,0.2385,261.2,1.1
570,1,891.0,32710.55,0.437224,1.1290639724582466e-06,0.503376,269.0,0.2379,261.7,1.0
571,1,891.68,32676.56,0.427797,1.1310239467397364e-06,0.794913,270.3,0.2368,261.7,1.0
572,1,892.36,32642.95,0.48237,1.1329839210212264e-06,0.760911,268.5,0.2383,261.6,1.0
573,1,893.04,32609.22,0.369642,1.1349438953027163e-06,0.828112,272.8,0.2346,261.6,1.1
574,1,893.72,32575.78,0.46404,1.136903869584206e-06,0.982936,264.5,0.242,261.5,1.0
575,1,894.4,32542.26,0.428767,1.138863843865696e-06,0.721962,270.3,0.2368,261.4,1.0
576,1,895.09,32509.08,0.499097,1.140823818147186e-06,1.17943,266.3,0.2403,261.4,1.0
577,1,895.84,32478.58,0.456782,1.142783792428676e-06,1.042845,205.3,0.3117,257.5,1.0
578,1,896.52,32445.19,0.410832,1.1447437667101657e-06,0.882286,211.3,0.3029,254.4,0.9
579,1,897.13,32409.94,0.410642,1.1467037409916555e-06,0.762826,268.7,0.2382,254.4,0.9
580,1,897.82,32377.18,0.335813,1.1486637152731454e-06,0.801978,266.6,0.2401,254.2,0.9
581,1,898.54,32345.91,0.423809,1.1506236895546352e-06,0.55279,270.9,0.2363,258.7,0.9
582,1,899.22,32313.31,0.4133,1.152583663836125e-06,0.52609,268.9,0.238,258.8,0.9
583,1,899.9,32280.81,0.445729,1.1545436381176148e-06,0.694417,268.7,0.2382,259.1,0.9
584,1,900.59,32248.63,0.460375,1.1565036123991046e-06,0.623556,266.8,0.2399,259.1,0.8
585,1,901.28,32216.39,0.402274,1.1584635866805944e-06,0.691359,268.2,0.2386,259.1,0.8
586,1,901.96,32184.27,0.417325,1.1604235609620844e-06,0.745653,267.3,0.2394,259.0,0.8
587,1,902.64,32152.15,0.502044,1.1623835352435742e-06,0.830037,268.1,0.2387,258.9,0.8
588,1,903.32,32120.27,0.461313,1.164343509525064e-06,0.711306,268.3,0.2386,258.8,0.8
589,1,904.01,32088.48,0.442597,1.1663034838065539e-06,0.669762,267.9,0.2389,258.8,0.8
590,1,904.69,32056.75,0.442076,1.1682634580880437e-06,0.706409,266.2,0.2405,258.6,0.8
591,1,905.37,32025.12,0.43429,1.1702234323695337e-06,0.698201,266.1,0.2405,258.4,0.8
592,1,906.06,31993.61,0.384867,1.1721834066510235e-06,0.775101,266.2,0.2404,258.4,0.8
593,1,906.74,31962.18,0.392233,1.1741433809325135e-06,0.620261,266.8,0.2399,258.3,0.7
594,1,907.42,31930.93,0.429587,1.1761033552140033e-06,0.7034,269.0,0.2379,258.4,0.7
595,1,908.11,31899.73,0.43929,1.1780633294954934e-06,0.753087,267.8,0.239,258.4,0.7
596,1,908.79,31868.64,0.439948,1.1800233037769834e-06,0.676879,268.2,0.2387,258.5,0.7
597,1,909.48,31837.72,0.466601,1.1819832780584732e-06,0.917155,266.0,0.2406,262.3,0.7
598,1,910.16,31806.92,0.433562,1.183943252339963e-06,0.566102,266.9,0.2398,265.7,0.7
599,1,910.84,31776.14,0.423024,1.1859032266214528e-06,0.608748,268.8,0.2381,265.7,0.7
600,1,911.54,31745.76,0.462901,1.1878632009029388e-06,0.931342,265.0,0.2416,265.6,0.7
601,1,931.16,32373.6,0.422228,1.18786319701593e-06,0.914068,279.1,0.2293,266.1,0.7
602,1,931.83,32341.78,0.406006,1.1878631853549041e-06,0.8822,271.5,0.2357,266.2,0.7
603,1,932.5,32309.75,0.414552,1.187863165919861e-06,0.918108,276.7,0.2313,266.6,0.7
604,1,933.18,32277.98,0.406128,1.1878631387108017e-06,0.551306,273.6,0.2339,267.0,0.7
605,1,933.85,32246.33,0.402699,1.1878631037277262e-06,0.617518,273.1,0.2343,267.3,0.7
606,1,934.52,32214.7,0.438258,1.1878630609706355e-06,1.00085,275.6,0.2323,267.8,0.6
607,1,935.19,32183.31,0.422437,1.1878630104395306e-06,0.686702,275.9,0.232,268.3,0.6
608,1,935.87,32151.96,0.455051,1.1878629521344129e-06,1.007542,273.3,0.2342,268.6,0.5
609,1,936.54,32120.65,0.411533,1.1878628860552832e-06,0.923637,276.4,0.2315,269.1,0.5
610,1,937.21,32089.44,0.434447,1.1878628122021434e-06,0.823375,277.9,0.2303,269.7,0.5
611,1,937.89,32058.5,0.437597,1.187862730574995e-06,0.755407,272.0,0.2353,270.1,0.5
612,1,938.56,32027.58,0.45174,1.18786264117384e-06,0.601388,272.3,0.235,270.4,0.5
613,1,939.23,31996.76,0.421399,1.18786254399868e-06,0.923279,274.2,0.2334,270.8,0.5
614,1,939.91,31966.01,0.436766,1.1878624390495179e-06,0.646935,272.8,0.2346,271.1,0.4
615,1,940.58,31935.5,0.419698,1.1878623263263552e-06,0.791593,269.2,0.2377,271.2,0.4
616,1,941.26,31905.02,0.478468,1.187862205829195e-06,0.829333,270.0,0.2371,271.3,0.4
617,1,941.93,31874.53,0.403603,1.18786207755804e-06,0.591233,274.0,0.2336,271.8,0.4
618,1,942.61,31844.28,0.423939,1.1878619415128928e-06,0.697891,272.3,0.2351,272.2,0.4
619,1,943.28,31814.13,0.461865,1.1878617976937572e-06,0.545222,271.1,0.236,272.3,0.4
620,1,943.96,31784.06,0.450935,1.1878616461006357e-06,0.693106,273.3,0.2342,272.7,0.4
621,1,944.68,31755.52,0.425845,1.187861486733532e-06,0.745487,269.3,0.2377,272.2,0.4
622,1,945.36,31725.79,0.390718,1.1878613195924496e-06,1.21648,267.4,0.2394,271.8,0.5
623,1,946.04,31696.09,0.419304,1.1878611446773925e-06,0.619242,270.3,0.2368,271.4,0.5
624,1,946.72,31666.42,0.395683,1.1878609619883645e-06,0.766104,270.7,0.2364,271.2,0.5
625,1,947.39,31636.85,0.435034,1.1878607715253696e-06,0.764045,271.6,0.2357,271.0,0.5
626,1,948.08,31607.65,0.418416,1.1878605732884123e-06,0.647035,266.9,0.2398,270.4,0.6
627,1,948.76,31578.37,0.396087,1.1878603672774973e-06,0.593772,269.1,0.2379,269.8,0.7
628,1,949.44,31549.16,0.453238,1.1878601534926287e-06,0.751769,267.9,0.2389,269.4,0.7
629,1,950.12,31520.09,0.486221,1.1878599319338118e-06,0.667093,268.9,0.238,268.9,0.8
630,1,950.84,31492.27,0.479563,1.1878597026010514e-06,0.999317,233.9,0.2736,266.3,0.8
631,1,951.48,31462.33,0.397902,1.1878594654943527e-06,0.692238,267.8,0.239,266.1,0.8
632,1,952.16,31433.49,0.432184,1.187859220613721e-06,1.0039,267.2,0.2395,265.7,0.9
633,1,952.86,31405.24,0.484636,1.187858967959162e-06,0.707995,266.3,0.2404,265.3,0.9
634,1,953.54,31376.62,0.471142,1.1878587075306813e-06,0.704045,267.8,0.239,264.9,1.0
635,1,954.23,31348.43,0.418665,1.1878584393282848e-06,0.634131,258.2,0.2479,264.3,1.0
636,1,954.91,31319.77,0.394562,1.1878581633519785e-06,0.578798,268.1,0.2387,264.1,1.0
637,1,955.59,31291.47,0.464337,1.1878578796017687e-06,0.875439,267.0,0.2397,263.6,1.1
638,1,956.28,31263.36,0.433661,1.1878575880776619e-06,1.065945,267.2,0.2395,263.4,1.1
639,1,957.02,31237.35,0.443805,1.1878572887796646e-06,0.799904,211.1,0.3032,259.7,1.1
640,1,957.66,31207.59,0.433867,1.1878569817077835e-06,0.654212,272.3,0.235,259.7,1.1
641,1,958.38,31181.07,0.442728,1.1878566668620257e-06,0.706738,268.8,0.2381,259.6,1.1
642,1,959.07,31153.28,0.429122,1.187856344242398e-06,0.633303,265.5,0.241,259.7,1.0
643,1,959.75,31125.54,0.451754,1.1878560138489084e-06,0.609005,266.4,0.2402,259.6,1.0
644,1,960.44,31097.83,0.497548,1.1878556756815637e-06,0.658728,267.5,0.2393,259.3,1.0
645,1,961.12,31070.23,0.417207,1.1878553297403717e-06,0.650822,267.9,0.2389,259.0,1.1
646,1,961.8,31042.73,0.411554,1.1878549760253403e-06,0.794542,266.5,0.2402,259.1,1.0
647,1,962.49,31015.3,0.43016,1.1878546145364772e-06,0.802737,268.2,0.2387,259.3,1.0
648,1,963.17,30987.95,0.442145,1.1878542452737912e-06,1.025713,268.0,0.2388,259.2,1.0
649,1,963.86,30960.7,0.436984,1.18785386823729e-06,0.637159,266.5,0.2402,259.2,1.0
650,1,964.54,30933.55,0.422662,1.1878534834269826e-06,0.835961,264.6,0.2419,260.9,1.0
651,1,965.22,30906.38,0.389162,1.1878530908428772e-06,0.95563,270.0,0.237,261.0,1.0
652,1,965.91,30879.43,0.39079,1.1878526904849831e-06,0.497983,265.3,0.2413,260.8,1.0
653,1,966.59,30852.41,0.438492,1.1878522823533093e-06,0.724776,267.1,0.2396,260.8,1.0
654,1,967.27,30825.51,0.475209,1.1878518664478648e-06,0.872814,267.5,0.2393,260.8,1.0
655,1,967.96,30798.74,0.442306,1.1878514427686592e-06,0.607136,269.2,0.2377,261.1,1.1
656,1,968.64,30772.04,0.460663,1.1878510113157023e-06,0.610711,268.1,0.2387,261.3,1.0
657,1,969.32,30745.43,0.455343,1.1878505720890032e-06,0.904257,269.6,0.2374,261.5,1.0
658,1,970.01,30719.03,0.43941,1.1878501250885722e-06,0.686492,265.3,0.2413,261.4,1.0
659,1,970.7,30692.66,0.447678,1.1878496703144195e-06,0.766232,265.3,0.2413,264.7,1.0
660,1,971.39,30666.56,0.409207,1.1878492077665553e-06,0.708209,266.2,0.2404,264.1,1.1
661,1,972.12,30641.76,0.457071,1.18784873744499e-06,0.676032,272.3,0.235,264.3,1.1
662,1,972.81,30615.45,0.430806,1.187848259349734e-06,0.695093,269.0,0.2379,264.4,1.2
663,1,973.49,30589.4,0.42488,1.1878477734807986e-06,0.850577,264.5,0.242,264.2,1.2
664,1,974.25,30565.76,0.432016,1.1878472798381945e-06,0.753983,201.7,0.3173,260.1,1.1
665,1,974.86,30537.34,0.463006,1.187846778421933e-06,0.735604,267.2,0.2395,260.2,1.1
666,1,975.62,30513.79,0.401671,1.1878462692320255e-06,0.549754,204.3,0.3133,256.4,1.1
667,1,976.23,30485.67,0.481017,1.187845752268483e-06,0.75569,266.9,0.2398,256.3,1.1
668,1,976.92,30459.9,0.432175,1.1878452275313177e-06,0.891629,267.7,0.2391,256.4,1.1
669,1,977.6,30434.19,0.424222,1.1878446950205413e-06,0.659861,267.6,0.2392,256.4,1.1
670,1,978.29,30408.63,0.43225,1.1878441547361658e-06,0.724118,268.1,0.2387,256.5,1.1
671,1,978.98,30383.34,0.424817,1.1878436066782035e-06,0.735397,263.0,0.2433,256.1,1.1
672,1,979.66,30357.93,0.407152,1.1878430508466666e-06,0.615333,264.7,0.2418,256.2,1.1
673,1,980.35,30332.54,0.471325,1.1878424872415678e-06,0.711249,265.7,0.2409,256.2,1.1
674,1,981.03,30307.2,0.450874,1.1878419158629199e-06,0.554644,267.6,0.2392,256.1,1.1
675,1,981.72,30282.02,0.377322,1.187841336710736e-06,0.574522,266.9,0.2398,256.1,1.0
676,1,982.42,30257.38,0.422317,1.1878407497850286e-06,0.552444,261.3,0.2449,255.5,1.1
677,1,983.11,30232.47,0.461949,1.1878401550858116e-06,0.836689,265.7,0.2409,255.3,1.2
678,1,983.79,30207.41,0.425675,1.187839552613098e-06,0.761194,267.9,0.2389,255.4,1.2
679,1,984.48,30182.52,0.441164,1.1878389423669015e-06,0.563976,267.7,0.2391,255.7,1.1
680,1,985.17,30157.75,0.387824,1.1878383243472363e-06,0.781744,265.9,0.2407,255.9,1.0
681,1,985.9,30134.24,0.41502,1.1878376985541159e-06,0.570293,266.2,0.2404,255.7,1.0
682,1,986.58,30109.45,0.445766,1.1878370649875545e-06,0.680203,267.1,0.2396,255.7,1.0
683,1,987.26,30084.82,0.489443,1.1878364236475666e-06,0.842379,266.7,0.24,255.8,1.0
684,1,987.95,30060.22,0.48691,1.1878357745341663e-06,1.032736,267.5,0.2392,259.8,1.0
685,1,988.63,30035.7,0.417942,1.187835117647369e-06,0.617878,266.1,0.2405,259.7,1.0
686,1,989.31,30011.13,0.399823,1.1878344529871889e-06,0.619082,268.2,0.2386,263.7,1.0
687,1,990.0,29986.75,0.423198,1.187833780553641e-06,0.626782,267.8,0.2389,263.8,1.0
688,1,990.68,29962.41,0.464827,1.187833100346741e-06,0.726568,266.8,0.2399,263.7,1.0
689,1,991.37,29938.11,0.392092,1.187832412366504e-06,0.596713,269.8,0.2372,263.9,1.0
690,1,992.05,29913.9,0.409181,1.1878317166129458e-06,0.607308,268.5,0.2384,264.1,0.9
691,1,992.73,29889.74,0.421861,1.1878310130860819e-06,0.607078,268.1,0.2387,264.3,0.9
692,1,993.42,29865.7,0.43599,1.187830301785928e-06,0.527415,268.8,0.2381,264.3,1.0
693,1,994.1,29841.76,0.399319,1.1878295827125002e-06,0.602817,265.5,0.2411,264.2,1.0
694,1,994.79,29817.91,0.419472,1.187828855865815e-06,0.864624,265.4,0.2412,264.2,1.0
695,1,995.47,29793.97,0.461695,1.1878281212458887e-06,0.836243,269.1,0.2378,264.3,1.0
696,1,996.17,29770.66,0.421845,1.187827378852738e-06,0.881595,249.7,0.2563,264.0,0.9
697,1,996.85,29746.61,0.398976,1.18782662868638e-06,0.835741,267.0,0.2397,264.1,0.9
698,1,997.53,29722.92,0.421933,1.187825870746831e-06,0.533888,268.3,0.2385,264.1,0.9
699,1,998.21,29699.38,0.415677,1.1878251050341085e-06,0.607234,265.6,0.241,263.8,1.0
700,1,998.9,29675.78,0.402543,1.1878243315482297e-06,0.818627,267.9,0.2389,263.8,1.0
701,1,999.61,29653.27,0.455331,1.1878235502892122e-06,0.598314,269.6,0.2374,263.9,1.0
702,1,1000.36,29631.84,0.448049,1.1878227612570734e-06,0.79825,208.0,0.3076,260.2,1.0
703,1,1000.98,29606.51,0.355682,1.1878219644518314e-06,0.542578,269.4,0.2376,260.3,1.0
704,1,1001.67,29583.37,0.43387,1.187821159873504e-06,0.745906,264.5,0.242,260.0,1.1
705,1,1002.35,29560.05,0.456212,1.1878203475221097e-06,0.653184,269.0,0.2379,260.2,1.1
706,1,1003.04,29536.99,0.388395,1.1878195273976666e-06,0.748884,265.1,0.2414,260.0,1.1
707,1,1003.72,29513.8,0.407008,1.1878186995001933e-06,0.753833,267.3,0.2394,259.9,1.1
708,1,1004.4,29490.73,0.472753,1.1878178638297086e-06,0.839194,268.8,0.2381,260.1,1.1
709,1,1005.08,29467.75,0.414059,1.1878170203862311e-06,0.568964,267.8,0.239,259.9,1.1
710,1,1005.77,29444.87,0.437662,1.1878161691697803e-06,0.627253,267.8,0.239,259.8,1.1
711,1,1006.45,29421.99,0.450669,1.1878153101803752e-06,0.809922,267.0,0.2397,259.8,1.1
712,1,1007.13,29399.28,0.433894,1.1878144434180352e-06,0.739774,265.7,0.2408,259.7,1.1
713,1,1007.82,29376.55,0.443248,1.1878135688827798e-06,0.812778,266.8,0.2399,259.7,1.1
714,1,1008.5,29353.87,0.414376,1.187812686574629e-06,0.745839,267.5,0.2392,259.9,1.1
715,1,1009.18,29331.28,0.424846,1.1878117964936028e-06,0.806283,267.4,0.2393,259.7,1.1
716,1,1009.87,29308.85,0.403998,1.187810898639721e-06,0.751012,263.2,0.2431,260.3,1.2
717,1,1010.55,29286.34,0.409701,1.187809993013004e-06,0.723125,265.6,0.241,260.2,1.2
718,1,1011.24,29263.94,0.419857,1.1878090796134724e-06,0.687547,267.3,0.2394,260.1,1.2
719,1,1011.92,29241.61,0.430761,1.1878081584411467e-06,0.880302,267.9,0.2389,260.1,1.2
720,1,1012.61,29219.54,0.423536,1.1878072294960476e-06,0.655295,258.9,0.2472,259.8,1.2
721,1,1013.33,29198.28,0.410765,1.1878062927781965e-06,0.646921,270.8,0.2363,260.0,1.1
722,1,1014.02,29176.19,0.428583,1.1878053482876145e-06,0.644761,266.6,0.2401,263.6,1.2
723,1,1014.7,29154.09,0.470575,1.1878043960243227e-06,0.678048,267.4,0.2394,263.4,1.2
724,1,1015.39,29132.04,0.411872,1.1878034359883428e-06,0.885406,266.1,0.2405,263.5,1.2
725,1,1016.07,29109.96,0.443288,1.1878024681796963e-06,0.726974,268.0,0.2388,263.5,1.2
726,1,1016.75,29088.14,0.420691,1.1878014925984053e-06,0.91401,267.5,0.2393,263.4,1.2
727,1,1017.44,29066.23,0.475173,1.1878005092444917e-06,1.091422,267.4,0.2394,263.4,1.3
728,1,1018.12,29044.49,0.404403,1.1877995181179777e-06,0.619335,267.3,0.2394,263.2,1.3
729,1,1018.81,29022.84,0.413852,1.187798519218886e-06,0.62802,264.1,0.2423,263.0,1.3
730,1,1019.49,29001.14,0.398254,1.1877975125472387e-06,0.662415,265.8,0.2408,262.9,1.3
731,1,1020.19,28979.91,0.466863,1.187796498103059e-06,0.954454,261.0,0.2452,262.5,1.4
732,1,1020.88,28958.33,0.434469,1.1877954758863697e-06,0.867538,266.5,0.2401,262.5,1.4
733,1,1021.56,28936.81,0.420638,1.1877944458971938e-06,0.784311,265.5,0.2411,262.7,1.3
734,1,1022.24,28915.32,0.403682,1.1877934081355546e-06,0.896221,268.5,0.2384,262.7,1.3
735,1,1023.0,28896.0,0.473448,1.1877923626014755e-06,1.024469,203.4,0.3147,258.6,1.3
736,1,1023.61,28872.6,0.476252,1.1877913092949803e-06,0.67479,269.6,0.2374,259.0,1.3
737,1,1024.3,28851.4,0.42435,1.1877902482160928e-06,0.668985,264.5,0.242,258.9,1.3
738,1,1024.99,28830.24,0.451978,1.1877891793648367e-06,0.780477,265.4,0.2412,259.0,1.2
739,1,1025.69,28809.51,0.496131,1.1877881027412365e-06,0.890268,249.1,0.257,258.2,1.2
740,1,1026.37,28788.26,0.451547,1.1877870183453165e-06,0.987964,266.2,0.2404,258.6,1.1
741,1,1027.1,28768.64,0.429053,1.1877859261771009e-06,1.042275,268.7,0.2381,258.3,1.2
742,1,1027.78,28747.49,0.432191,1.1877848262366147e-06,0.580487,268.2,0.2386,258.3,1.2
743,1,1028.47,28726.47,0.458208,1.187783718523883e-06,0.729706,270.9,0.2362,258.5,1.2
744,1,1029.15,28705.67,0.421798,1.1877826030389302e-06,0.726114,267.5,0.2392,258.7,1.2
745,1,1029.89,28686.13,0.45537,1.187781479781782e-06,0.852347,225.4,0.2839,256.4,1.2
746,1,1030.56,28665.09,0.442557,1.1877803487524636e-06,0.610223,245.4,0.2608,255.5,1.1
747,1,1031.23,28643.95,0.461885,1.1877792099510005e-06,1.043363,271.4,0.2358,255.6,1.1
748,1,1031.92,28623.39,0.452688,1.1877780633774184e-06,0.953184,265.4,0.2411,255.6,1.1
749,1,1032.61,28602.81,0.433482,1.1877769090317435e-06,0.572043,265.7,0.2409,255.7,1.0
750,1,1033.29,28582.26,0.44282,1.1877757469140017e-06,0.639119,266.2,0.2404,255.8,1.0
751,1,1033.98,28561.77,0.433466,1.1877745770242193e-06,0.670945,267.8,0.239,256.3,1.0
752,1,1034.66,28541.34,0.452484,1.1877733993624226e-06,0.876787,267.6,0.2392,256.3,1.0
753,1,1035.35,28520.93,0.441189,1.1877722139286384e-06,0.759152,267.4,0.2393,256.2,1.0
754,1,1036.04,28500.67,0.428995,1.1877710207228937e-06,0.776335,265.2,0.2413,256.1,1.0
755,1,1036.72,28480.34,0.424434,1.1877698197452151e-06,0.522069,269.2,0.2377,260.2,1.0
756,1,1037.42,28460.31,0.417074,1.1877686109956298e-06,0.625157,265.8,0.2408,260.0,1.0
757,1,1038.1,28440.17,0.464571,1.1877673944741652e-06,0.928734,265.8,0.2408,259.9,1.1
758,1,1038.79,28420.03,0.465841,1.187766170180849e-06,0.687928,266.5,0.2401,259.9,1.1
759,1,1039.47,28399.89,0.436346,1.1877649381157085e-06,0.753887,266.2,0.2405,260.8,1.1
760,1,1040.16,28379.85,0.418992,1.1877636982787718e-06,0.725792,269.4,0.2376,260.8,1.1
761,1,1040.89,28361.08,0.466558,1.1877624506700668e-06,0.706983,265.0,0.2415,260.7,1.1
762,1,1041.58,28341.28,0.416742,1.1877611952896216e-06,0.567346,264.5,0.242,260.6,1.1
763,1,1042.26,28321.44,0.458281,1.1877599321374648e-06,0.782117,265.6,0.241,260.5,1.0
764,1,1042.95,28301.58,0.42587,1.1877586612136248e-06,0.888775,267.5,0.2392,260.3,1.1
765,1,1043.64,28281.87,0.394847,1.1877573825181306e-06,0.806228,266.9,0.2398,262.7,1.1
766,1,1044.32,28262.12,0.419051,1.1877560960510107e-06,0.598209,265.6,0.241,263.7,1.1
767,1,1045.01,28242.53,0.390247,1.1877548018122944e-06,0.669438,265.2,0.2413,263.5,1.1
768,1,1045.7,28223.0,0.480695,1.1877534998020109e-06,0.809489,264.0,0.2424,263.4,1.1
769,1,1046.39,28203.44,0.391782,1.1877521900201898e-06,0.613794,265.7,0.2409,263.3,1.1
770,1,1047.07,28183.93,0.43769,1.1877508724668604e-06,0.933863,265.6,0.241,263.4,1.1
771,1,1047.76,28164.43,0.474933,1.1877495471420529e-06,0.656342,268.4,0.2385,263.4,1.1
772,1,1048.44,28145.0,0.471201,1.1877482140457968e-06,0.823257,266.6,0.2401,263.5,1.0
773,1,1049.14,28125.96,0.442171,1.1877468731781223e-06,0.904019,261.8,0.2445,263.2,1.1
774,1,1049.83,28106.61,0.424575,1.1877455245390599e-06,0.655189,268.3,0.2385,263.2,1.1
775,1,1050.51,28087.31,0.416573,1.18774416812864e-06,0.842656,267.9,0.2389,263.2,1.1
776,1,1051.2,28068.12,0.445892,1.1877428039468933e-06,0.608801,266.3,0.2404,263.3,1.1
777,1,1051.89,28049.01,0.441053,1.1877414319938508e-06,0.65875,265.1,0.2414,263.4,1.0
778,1,1052.58,28029.89,0.399536,1.1877400522695431e-06,0.787006,265.5,0.241,263.4,1.0
779,1,1053.26,28010.84,0.44538,1.187738664774002e-06,0.751248,267.0,0.2397,263.3,1.0
780,1,1054.02,27993.71,0.43225,1.187737269507258e-06,0.87996,205.7,0.3112,259.5,1.0
781,1,1054.68,27974.01,0.418033,1.1877358664693434e-06,0.692652,268.8,0.2381,259.6,1.0
782,1,1055.37,27955.16,0.444843,1.1877344556602897e-06,0.572358,264.6,0.2419,259.5,1.0
783,1,1056.05,27936.21,0.458363,1.1877330370801284e-06,0.750221,267.4,0.2394,259.6,1.0
784,1,1056.75,27917.49,0.440815,1.1877316107288922e-06,0.646034,263.5,0.2429,259.5,1.0
785,1,1057.43,27898.69,0.427707,1.1877301766066127e-06,0.617408,263.9,0.2425,259.3,1.0
786,1,1058.12,27879.93,0.463428,1.1877287347133228e-06,0.940958,266.3,0.2403,259.3,1.0
787,1,1058.81,27861.31,0.451596,1.187727285049055e-06,0.621789,264.8,0.2417,259.2,1.1
788,1,1059.5,27842.72,0.397514,1.1877258276138419e-06,0.633925,264.5,0.242,259.4,1.0
789,1,1060.19,27824.17,0.451883,1.1877243624077165e-06,0.711544,262.2,0.2441,259.3,1.0
790,1,1060.88,27805.7,0.462961,1.187722889430712e-06,0.65708,261.8,0.2445,258.9,1.0
791,1,1061.57,27787.25,0.450763,1.1877214086828617e-06,0.564281,265.6,0.241,258.8,1.1
792,1,1062.25,27768.8,0.418032,1.187719920164199e-06,0.567591,265.6,0.2409,258.6,1.1
793,1,1062.94,27750.45,0.406189,1.1877184238747577e-06,0.765644,264.5,0.242,258.9,1.1
794,1,1063.63,27732.03,0.47953,1.1877169198145714e-06,0.850257,267.6,0.2391,258.9,1.0
795,1,1064.32,27713.81,0.378191,1.1877154079836744e-06,0.566749,266.6,0.2401,258.9,1.0
796,1,1065.01,27695.49,0.44731,1.1877138883821004e-06,0.674134,267.4,0.2394,258.8,1.1
797,1,1065.7,27677.51,0.441566,1.1877123610098842e-06,0.938045,256.3,0.2498,258.3,1.1
798,1,1066.39,27659.2,0.438143,1.1877108258670598e-06,0.730767,263.4,0.243,258.2,1.1
799,1,1067.08,27641.13,0.486594,1.1877092829536626e-06,0.782582,261.1,0.2451,257.9,1.1
800,1,1067.76,27622.97,0.45026,1.187707732269727e-06,0.940664,264.8,0.2417,261.5,1.1
801,1,1082.1,27957.58,0.464922,1.1877061738152882e-06,0.613202,274.9,0.2328,261.9,1.1
802,1,1082.77,27938.83,0.446321,1.1877046075903813e-06,0.862366,272.3,0.235,262.5,1.0
803,1,1083.45,27920.12,0.438936,1.1877030335950419e-06,0.696692,272.3,0.235,262.8,1.0
804,1,1084.13,27901.44,0.424192,1.1877014518293053e-06,0.815559,273.1,0.2343,263.3,1.0
805,1,1084.8,27882.77,0.440783,1.1876998622932074e-06,0.70277,274.6,0.2331,263.9,0.9
806,1,1085.48,27864.19,0.470811,1.1876982649867842e-06,0.71947,273.6,0.2339,264.4,0.9
807,1,1086.16,27845.7,0.472781,1.1876966599100718e-06,0.920655,272.2,0.2351,265.0,0.8
808,1,1086.83,27827.21,0.486751,1.1876950470631065e-06,0.651627,272.6,0.2348,265.4,0.8
809,1,1087.51,27808.83,0.448216,1.1876934264459245e-06,0.698117,271.0,0.2361,266.0,0.8
810,1,1088.19,27790.43,0.459899,1.1876917980585628e-06,0.574607,272.2,0.2351,266.6,0.7
811,1,1088.87,27772.13,0.442933,1.1876901619010578e-06,0.902802,272.8,0.2346,267.1,0.7
812,1,1089.54,27753.79,0.427901,1.187688517973447e-06,0.968384,275.4,0.2324,267.7,0.6
813,1,1090.22,27735.49,0.442376,1.187686866275767e-06,0.79425,274.8,0.2329,268.4,0.6
814,1,1090.9,27717.35,0.392971,1.1876852068080554e-06,0.773557,271.5,0.2357,268.7,0.5
815,1,1091.57,27699.21,0.422391,1.1876835395703498e-06,0.824804,269.2,0.2378,268.9,0.5
816,1,1092.25,27681.07,0.438861,1.187681864562688e-06,0.515294,270.8,0.2363,269.2,0.4
817,1,1092.93,27662.97,0.409995,1.1876801817851073e-06,0.937871,271.5,0.2357,270.1,0.4
818,1,1093.61,27645.0,0.435054,1.1876784912376462e-06,0.532727,268.8,0.2381,270.5,0.3
819,1,1094.29,27627.05,0.419201,1.187676792920343e-06,0.635176,269.8,0.2372,271.0,0.3
820,1,1094.97,27609.16,0.426416,1.1876750868332358e-06,1.045747,271.0,0.2361,271.5,0.3
821,1,1095.68,27592.22,0.384157,1.187673372976363e-06,0.655882,270.8,0.2363,271.2,0.3
822,1,1096.36,27574.51,0.427879,1.1876716513497639e-06,0.816079,268.5,0.2383,270.9,0.3
823,1,1097.04,27556.72,0.407124,1.187669921953477e-06,0.701149,273.2,0.2342,270.8,0.4
824,1,1097.73,27539.1,0.415478,1.1876681847875415e-06,0.673743,268.7,0.2382,270.6,0.4
825,1,1098.41,27521.54,0.424321,1.1876664398519966e-06,0.950765,266.3,0.2403,270.0,0.4
826,1,1099.09,27503.87,0.418681,1.1876646871468819e-06,0.692647,268.0,0.2388,269.7,0.5
827,1,1099.77,27486.36,0.433483,1.1876629266722367e-06,0.752203,267.7,0.239,269.2,0.5
828,1,1100.46,27468.91,0.452131,1.1876611584281013e-06,0.659026,269.0,0.2379,269.0,0.6
829,1,1101.14,27451.5,0.445802,1.1876593824145154e-06,0.66039,267.6,0.2391,268.8,0.6
830,1,1101.82,27434.0,0.436209,1.187657598631519e-06,0.629736,270.0,0.237,268.7,0.6
831,1,1102.5,27416.65,0.473028,1.1876558070791524e-06,0.909778,268.8,0.2381,268.4,0.6
832,1,1103.19,27399.44,0.515813,1.1876540077574565e-06,0.772593,265.3,0.2412,267.7,0.7
833,1,1103.87,27382.15,0.423149,1.1876522006664715e-06,0.805463,267.6,0.2391,267.2,0.7
834,1,1104.55,27364.82,0.461643,1.1876503858062386e-06,0.812623,267.3,0.2394,266.9,0.8
835,1,1105.23,27347.56,0.420935,1.1876485631767986e-06,0.570301,269.0,0.2379,266.9,0.8
836,1,1105.92,27330.61,0.442052,1.1876467327781929e-06,0.728361,262.7,0.2436,266.2,0.9
837,1,1106.63,27313.99,0.468707,1.1876448946104627e-06,0.821203,244.5,0.2617,264.7,0.9
838,1,1107.3,27296.56,0.441596,1.1876430486736495e-06,0.468557,265.9,0.2407,264.4,1.0
839,1,1107.98,27279.51,0.407276,1.1876411949677953e-06,0.550786,267.6,0.2392,264.3,1.0
840,1,1108.66,27262.55,0.450236,1.1876393334929415e-06,0.716682,266.7,0.2399,264.1,1.0
841,1,1109.39,27246.7,0.425352,1.1876374642491308e-06,0.765267,267.7,0.239,263.9,1.0
842,1,1110.08,27229.86,0.418524,1.187635587236405e-06,0.617521,266.4,0.2403,263.9,0.9
843,1,1110.76,27212.92,0.402576,1.187633702454807e-06,0.653883,266.9,0.2398,263.6,0.9
844,1,1111.44,27196.02,0.433359,1.187631809904379e-06,0.613584,268.2,0.2386,263.5,1.0
845,1,1112.12,27179.2,0.40905,1.1876299095851636e-06,0.737295,271.0,0.2362,263.8,0.9
846,1,1112.81,27162.53,0.410485,1.1876280014972042e-06,0.685883,267.2,0.2395,263.8,0.9
847,1,1113.58,27148.0,0.41551,1.1876260856405436e-06,0.520278,194.6,0.3288,259.2,0.9
848,1,1114.18,27129.2,0.403994,1.1876241620152255e-06,0.855532,266.7,0.2399,259.1,0.8
849,1,1114.86,27112.48,0.438619,1.187622230621293e-06,0.648509,268.8,0.2381,259.0,0.9
850,1,1115.54,27095.84,0.416864,1.1876202914587898e-06,0.595864,269.0,0.2379,258.9,0.9
851,1,1116.23,27079.36,0.408776,1.1876183445277599e-06,0.567935,266.8,0.2399,258.8,0.9
852,1,1116.91,27062.86,0.464848,1.1876163898282472e-06,0.81337,269.1,0.2378,259.0,0.9
853,1,1117.67,27048.23,0.407506,1.1876144273602958e-06,0.797697,204.3,0.3133,255.2,0.9
854,1,1118.32,27030.89,0.457307,1.1876124571239504e-06,0.66971,232.7,0.275,253.3,0.9
855,1,1118.98,27013.79,0.438047,1.1876104791192551e-06,0.783446,270.6,0.2365,253.2,1.0
856,1,1119.66,26997.39,0.457259,1.1876084933462549e-06,0.863798,267.0,0.2397,253.5,0.9
857,1,1120.34,26981.06,0.450615,1.1876064998049945e-06,0.682919,264.9,0.2416,254.5,0.9
858,1,1121.03,26964.77,0.39551,1.1876044984955192e-06,0.668525,268.5,0.2384,254.7,0.9
859,1,1121.71,26948.54,0.403053,1.187602489417874e-06,0.786445,264.3,0.2421,254.6,0.9
860,1,1122.4,26932.31,0.448863,1.1876004725721046e-06,0.706131,265.9,0.2407,254.4,1.0
861,1,1123.12,26916.99,0.45981,1.1875984479582563e-06,0.79908,270.5,0.2366,254.5,1.0
862,1,1123.8,26900.85,0.425026,1.1875964155763747e-06,1.142295,268.2,0.2386,254.5,1.0
863,1,1124.49,26884.75,0.402368,1.187594375426506e-06,0.596911,267.8,0.239,254.4,1.1
864,1,1125.26,26870.73,0.4185,1.1875923275086963e-06,0.712988,195.7,0.327,250.0,1.0
865,1,1125.9,26853.6,0.44235,1.187590271822992e-06,0.832776,247.5,0.2585,248.7,1.1
866,1,1126.65,26839.18,0.407993,1.1875882083694396e-06,0.474287,201.7,0.3173,245.0,1.1
867,1,1127.25,26821.28,0.486055,1.1875861371480856e-06,0.624575,269.7,0.2373,249.2,1.2
868,1,1127.94,26805.37,0.394237,1.187584058158977e-06,0.771945,267.0,0.2397,249.2,1.2
869,1,1128.62,26789.46,0.463196,1.1875819714021604e-06,0.595603,267.0,0.2397,249.1,1.2
870,1,1129.3,26773.59,0.426321,1.1875798768776832e-06,0.597217,267.1,0.2396,249.0,1.2
871,1,1129.98,26757.68,0.420373,1.1875777745855928e-06,0.619393,269.6,0.2373,249.1,1.2
872,1,1130.67,26741.89,0.422097,1.1875756645259364e-06,0.549528,268.0,0.2388,249.2,1.2
873,1,1131.35,26726.09,0.426295,1.187573546698762e-06,0.906348,269.3,0.2377,252.8,1.2
874,1,1132.04,26710.41,0.445858,1.1875714211041173e-06,0.709516,266.4,0.2402,254.7,1.2
875,1,1132.72,26694.76,0.367387,1.1875692877420508e-06,0.561433,268.1,0.2387,254.6,1.2
876,1,1133.41,26679.03,0.467545,1.1875671466126101e-06,0.566605,270.0,0.2371,254.8,1.1
877,1,1134.09,26663.4,0.434425,1.187564997715844e-06,0.724253,268.5,0.2383,255.1,1.1
878,1,1134.77,26647.79,0.442725,1.1875628410518008e-06,0.622886,267.2,0.2395,254.9,1.1
879,1,1135.46,26632.24,0.419431,1.1875606766205295e-06,0.681779,270.3,0.2368,255.2,1.2
880,1,1136.14,26616.7,0.450611,1.1875585044220787e-06,0.908135,267.6,0.2391,255.3,1.1
881,1,1136.87,26602.18,0.395938,1.187556324456498e-06,0.618957,271.5,0.2357,255.3,1.2
882,1,1137.55,26586.72,0.449539,1.1875541367238362e-06,0.694311,264.5,0.242,255.2,1.1
883,1,1138.24,26571.28,0.477822,1.187551941224143e-06,0.695793,267.3,0.2394,255.2,1.1
884,1,1138.92,26555.91,0.413818,1.187549737957468e-06,0.995474,268.8,0.2381,259.9,1.1
885,1,1139.67,26542.15,0.453645,1.187547526923861e-06,0.655696,208.6,0.3067,257.5,1.0
886,1,1140.29,26525.28,0.434372,1.187545308123372e-06,0.876858,268.6,0.2383,261.7,1.0
887,1,1140.98,26510.04,0.422426,1.1875430815560508e-06,0.675062,267.1,0.2396,261.6,1.0
888,1,1141.66,26494.8,0.463723,1.1875408472219482e-06,0.656322,269.6,0.2374,261.8,1.0
889,1,1142.35,26479.57,0.38686,1.1875386051211145e-06,0.51851,269.0,0.2379,261.7,1.1
890,1,1143.03,26464.35,0.414626,1.1875363552536005e-06,0.71852,267.0,0.2397,261.7,1.1
891,1,1143.71,26449.18,0.41896,1.1875340976194568e-06,0.709415,267.7,0.239,261.7,1.0
892,1,1144.4,26433.99,0.405816,1.1875318322187347e-06,0.618736,268.2,0.2386,261.6,1.1
893,1,1145.09,26419.14,0.458488,1.1875295590514852e-06,0.801202,268.1,0.2387,261.6,1.1
894,1,1145.77,26404.03,0.46468,1.1875272781177597e-06,0.991142,267.6,0.2392,261.6,1.1
895,1,1146.46,26389.01,0.432478,1.18752498941761e-06,0.585581,268.8,0.2381,261.6,1.1
896,1,1147.14,26374.06,0.415552,1.1875226929510878e-06,0.589537,267.3,0.2395,261.5,1.1
897,1,1147.83,26359.11,0.411178,1.1875203887182447e-06,0.529141,267.0,0.2397,261.4,1.1
898,1,1148.51,26344.16,0.415975,1.187518076719133e-06,0.678377,268.0,0.2388,261.4,1.1
899,1,1149.2,26329.28,0.429153,1.1875157569538049e-06,0.648586,265.5,0.241,261.2,1.1
900,1,1149.88,26314.34,0.412245,1.1875134294223128e-06,0.58592,267.0,0.2397,261.2,1.1
901,1,1150.61,26300.58,0.405761,1.1875110941247094e-06,0.762429,269.6,0.2374,261.1,1.1
902,1,1151.29,26285.77,0.45968,1.1875087510610475e-06,0.70814,266.8,0.2399,261.2,1.1
903,1,1151.98,26271.02,0.48899,1.18750640023138e-06,0.855264,265.4,0.2411,261.1,1.1
904,1,1152.66,26256.24,0.448818,1.18750404163576e-06,0.616112,267.3,0.2394,261.0,1.1
905,1,1153.35,26241.56,0.461978,1.1875016752742408e-06,0.888379,267.6,0.2391,264.8,1.1
906,1,1154.04,26226.93,0.462178,1.187499301146876e-06,0.88224,266.3,0.2403,264.6,1.1
907,1,1154.78,26213.52,0.447113,1.187496919253719e-06,0.875022,219.5,0.2915,261.8,1.1
908,1,1155.41,26197.8,0.436827,1.1874945295948238e-06,0.778579,265.0,0.2415,261.4,1.1
909,1,1156.1,26183.22,0.484515,1.1874921321702446e-06,0.829223,266.8,0.2399,261.5,1.1
910,1,1156.78,26168.75,0.427037,1.1874897269800356e-06,0.674394,266.4,0.2403,261.3,1.1
911,1,1157.47,26154.22,0.414397,1.187487314024251e-06,0.501572,269.6,0.2374,261.3,1.2
912,1,1158.15,26139.72,0.406763,1.1874848933029454e-06,0.648065,270.5,0.2366,261.4,1.2
913,1,1158.84,26125.37,0.431227,1.1874824648161734e-06,0.600365,264.5,0.242,261.3,1.1
914,1,1159.53,26110.95,0.428327,1.1874800285639902e-06,0.565749,266.2,0.2404,261.1,1.2
915,1,1160.21,26096.56,0.439873,1.1874775845464502e-06,0.53278,266.7,0.2399,261.1,1.2
916,1,1160.9,26082.26,0.40402,1.1874751327636094e-06,0.781537,267.5,0.2392,261.1,1.1
917,1,1161.59,26067.92,0.394012,1.1874726732155228e-06,0.657819,267.6,0.2392,261.1,1.2
918,1,1162.27,26053.67,0.428379,1.1874702059022462e-06,0.7608,265.3,0.2413,261.1,1.1
919,1,1163.0,26040.32,0.466309,1.1874677308238352e-06,0.875065,228.7,0.2798,259.1,1.1
920,1,1163.65,26025.39,0.444407,1.1874652479803457e-06,0.646172,264.2,0.2423,258.9,1.1
921,1,1164.37,26011.93,0.421588,1.1874627573718339e-06,0.588839,270.8,0.2364,259.0,1.1
922,1,1165.06,25997.79,0.4087,1.1874602589983561e-06,0.830009,267.3,0.2394,259.1,1.1
923,1,1165.75,25983.67,0.431921,1.1874577528599687e-06,0.819691,266.0,0.2406,259.2,1.1
924,1,1166.43,25969.48,0.447484,1.1874552389567285e-06,0.70038,268.3,0.2386,259.3,1.0
925,1,1167.11,25955.34,0.450207,1.1874527172886925e-06,0.727415,270.2,0.2368,259.2,1.1
926,1,1167.8,25941.38,0.416835,1.1874501878559174e-06,0.634812,265.8,0.2408,259.3,1.1
927,1,1168.49,25927.37,0.425501,1.1874476506584602e-06,0.701707,265.0,0.2415,262.0,1.1
928,1,1169.18,25913.44,0.432297,1.1874451056963787e-06,0.727588,264.9,0.2416,262.1,1.0
929,1,1169.87,25899.52,0.497276,1.1874425529697302e-06,0.951136,264.9,0.2416,262.1,1.0
930,1,1170.62,25887.13,0.415167,1.1874399924785722e-06,0.552971,206.2,0.3104,258.6,0.9
931,1,1171.25,25871.94,0.405833,1.1874374242229629e-06,0.619393,265.5,0.2411,258.6,0.8
932,1,1171.94,25858.16,0.438995,1.1874348482029602e-06,0.737645,264.8,0.2417,258.2,0.9
933,1,1172.63,25844.37,0.426705,1.1874322644186223e-06,0.677873,264.1,0.2423,258.1,0.9
934,1,1173.32,25830.58,0.437312,1.1874296728700078e-06,0.623709,265.9,0.2407,258.2,0.9
935,1,1174.01,25816.81,0.425499,1.187427073557175e-06,0.821046,266.2,0.2405,258.0,0.9
936,1,1174.69,25803.04,0.403456,1.1874244664801828e-06,0.805268,266.0,0.2406,257.9,0.9
937,1,1175.38,25789.37,0.429419,1.1874218516390902e-06,0.656527,265.7,0.2409,257.8,0.9
938,1,1176.15,25777.49,0.437696,1.1874192290339563e-06,0.601416,200.0,0.32,253.7,1.0
939,1,1176.76,25762.24,0.432698,1.1874165986648403e-06,0.93829,263.3,0.2431,255.5,1.0
940,1,1177.45,25748.64,0.414618,1.1874139605318017e-06,0.738689,263.8,0.2426,255.3,1.1
941,1,1178.17,25735.67,0.443554,1.1874113146349e-06,0.574039,268.7,0.2382,255.3,1.0
942,1,1178.86,25722.07,0.456107,1.187408660974195e-06,0.777507,266.4,0.2402,255.2,1.0
943,1,1179.54,25708.51,0.442774,1.187405999549747e-06,0.616579,265.7,0.2408,255.3,1.0
944,1,1180.23,25695.11,0.407885,1.1874033303616156e-06,0.461878,259.3,0.2468,254.8,1.0
945,1,1180.92,25681.64,0.393511,1.1874006534098619e-06,0.995001,263.4,0.243,254.5,1.0
946,1,1181.61,25668.16,0.401873,1.1873979686945457e-06,0.543205,266.2,0.2404,254.5,1.0
947,1,1182.3,25654.7,0.455697,1.187395276215728e-06,1.265214,267.5,0.2393,254.8,1.0
948,1,1183.0,25641.66,0.395758,1.1873925759734697e-06,0.870896,249.0,0.2571,253.9,1.0
949,1,1183.68,25628.13,0.428006,1.1873898679678317e-06,0.686926,267.9,0.2389,254.0,1.0
950,1,1184.38,25615.09,0.4776,1.1873871521988751e-06,0.727994,265.5,0.241,257.3,1.1
951,1,1185.07,25601.77,0.452208,1.1873844286666616e-06,0.783477,266.8,0.2399,257.2,1.2
952,1,1185.76,25588.43,0.454835,1.1873816973712527e-06,0.780453,267.0,0.2397,257.5,1.1
953,1,1186.49,25576.14,0.460288,1.1873789583127101e-06,0.827052,223.2,0.2867,255.3,1.1
954,1,1187.13,25561.9,0.401428,1.1873762114910958e-06,0.736108,266.5,0.2402,255.5,1.0
955,1,1187.82,25548.68,0.453873,1.1873734569064715e-06,1.010766,265.3,0.2412,255.4,1.0
956,1,1188.52,25535.7,0.442906,1.1873706945588997e-06,0.934896,254.8,0.2512,254.9,1.0
957,1,1189.19,25522.25,0.441817,1.187367924448443e-06,0.591745,268.3,0.2385,255.0,1.0
958,1,1189.88,25509.08,0.401468,1.1873651465751636e-06,0.61001,268.3,0.2385,259.4,1.0
959,1,1190.56,25495.91,0.486708,1.1873623609391248e-06,0.8306,266.8,0.2399,259.6,0.9
960,1,1191.25,25482.86,0.481326,1.187359567540389e-06,0.894549,266.3,0.2404,259.9,0.9
961,1,1191.98,25470.71,0.416946,1.1873567663790199e-06,0.594328,269.2,0.2377,259.9,0.9
962,1,1192.74,25459.27,0.426784,1.1873539574550807e-06,0.614012,200.0,0.32,255.8,0.9
963,1,1193.35,25444.57,0.397325,1.1873511407686346e-06,1.16696,264.8,0.2416,255.7,0.9
964,1,1194.04,25431.57,0.394662,1.1873483163197454e-06,0.712598,267.6,0.2392,256.2,0.9
965,1,1194.73,25418.61,0.443953,1.187345484108477e-06,0.734348,266.1,0.2405,256.3,0.8
966,1,1195.52,25407.96,0.452352,1.1873426441348935e-06,0.716726,193.9,0.3301,251.4,1.0
967,1,1196.13,25393.37,0.422339,1.187339796399059e-06,0.82831,263.2,0.2431,251.0,1.1
968,1,1196.83,25380.68,0.428132,1.1873369409010379e-06,0.827735,258.0,0.248,251.5,1.0
969,1,1197.52,25367.8,0.45866,1.1873340776408945e-06,0.685964,264.4,0.242,251.4,1.0
970,1,1198.2,25354.83,0.429611,1.1873312066186938e-06,0.80672,268.7,0.2382,251.8,0.9
971,1,1198.88,25341.98,0.455228,1.1873283278345007e-06,0.509477,268.9,0.238,251.9,0.9
972,1,1199.57,25329.13,0.428584,1.18732544128838e-06,0.782924,267.5,0.2393,251.9,0.9
973,1,1200.25,25316.34,0.43885,1.1873225469803971e-06,0.763427,266.6,0.2401,254.3,0.9
974,1,1200.94,25303.52,0.416232,1.1873196449106178e-06,0.627084,267.6,0.2392,254.3,0.9
975,1,1201.62,25290.77,0.496692,1.187316735079107e-06,0.906948,267.7,0.2391,254.4,0.9
976,1,1202.31,25278.08,0.447128,1.187313817485931e-06,0.738814,265.7,0.2408,255.0,0.9
977,1,1203.01,25265.67,0.452558,1.1873108921311556e-06,0.837604,258.3,0.2477,254.4,1.0
978,1,1203.73,25253.8,0.449114,1.1873079590148468e-06,0.684735,267.3,0.2394,254.1,1.1
979,1,1204.42,25241.15,0.463125,1.187305018137071e-06,0.711165,267.1,0.2396,253.9,1.1
980,1,1205.11,25228.52,0.445855,1.1873020694978945e-06,0.774431,266.7,0.24,254.0,1.1
981,1,1205.84,25216.85,0.452209,1.1872991130973843e-06,0.790891,268.0,0.2388,253.8,1.2
982,1,1206.52,25204.25,0.454044,1.187296148935607e-06,0.862823,268.4,0.2385,257.9,1.2
983,1,1207.21,25191.74,0.483402,1.1872931770126294e-06,0.629745,265.1,0.2414,257.9,1.2
984,1,1207.9,25179.23,0.411162,1.1872901973285191e-06,0.652278,266.0,0.2406,257.7,1.2
985,1,1208.58,25166.7,0.405628,1.1872872098833433e-06,0.589974,266.8,0.2399,257.7,1.3
986,1,1209.26,25154.12,0.420214,1.1872842146771696e-06,0.450359,269.5,0.2374,263.0,1.1
987,1,1209.95,25141.64,0.417798,1.1872812117100654e-06,0.615942,268.8,0.2381,263.3,1.1
988,1,1210.63,25129.2,0.423858,1.1872782009820989e-06,0.571998,267.7,0.239,263.8,1.1
989,1,1211.31,25116.71,0.469219,1.1872751824933378e-06,0.559644,268.7,0.2382,263.9,1.2
990,1,1212.0,25104.35,0.447108,1.1872721562438505e-06,0.728028,266.0,0.2406,263.8,1.2
991,1,1212.7,25092.18,0.425375,1.1872691222337056e-06,0.759585,264.0,0.2424,263.7,1.1
992,1,1213.38,25079.83,0.436184,1.1872660804629715e-06,0.731196,266.3,0.2403,263.5,1.2
993,1,1214.07,25067.56,0.439367,1.1872630309317172e-06,0.640501,265.5,0.241,263.5,1.2
994,1,1214.75,25055.2,0.430864,1.1872599736400113e-06,0.502299,270.4,0.2367,263.7,1.1
995,1,1215.44,25043.01,0.402009,1.187256908587923e-06,0.731591,264.8,0.2417,263.6,1.1
996,1,1216.16,25031.36,0.445402,1.1872538357755215e-06,0.706833,235.3,0.272,261.9,1.1
997,1,1216.82,25018.57,0.412186,1.1872507552028765e-06,0.752854,266.5,0.2401,262.5,1.1
998,1,1217.54,25007.22,0.410995,1.1872476668700574e-06,0.623537,227.0,0.2819,260.3,1.0
999,1,1218.19,24994.26,0.398818,1.187244570777134e-06,0.630728,267.9,0.2389,260.4,1.0
1000,1,1218.88,24982.1,0.429546,1.1872414669241766e-06,0.823696,265.4,0.2412,260.2,1.0
1001,1,1355.28,27748.75,0.442775,1.187238355311255e-06,0.801943,238.7,0.2681,258.8,1.0
1002,1,1355.94,27733.12,0.43668,1.1872352359384395e-06,0.800041,271.1,0.236,259.0,0.9
1003,1,1356.61,27717.89,0.423309,1.187232108805801e-06,0.857887,271.4,0.2358,259.4,0.9
1004,1,1357.29,27702.8,0.413138,1.1872289739134096e-06,0.710126,269.1,0.2378,259.6,0.9
1005,1,1357.97,27687.68,0.44346,1.1872258312613368e-06,0.763309,267.9,0.2389,259.9,0.8
1006,1,1358.64,27672.57,0.418908,1.1872226808496532e-06,0.56854,270.8,0.2363,260.0,0.8
1007,1,1359.32,27657.54,0.449339,1.1872195226784303e-06,0.622217,269.6,0.2374,260.1,0.7
1008,1,1360.0,27642.49,0.422585,1.1872163567477394e-06,0.597264,270.8,0.2363,260.3,0.7
1009,1,1360.68,27627.55,0.385781,1.187213183057652e-06,0.65178,268.4,0.2384,260.4,0.7
1010,1,1361.36,27612.62,0.408213,1.1872100016082398e-06,0.856917,269.1,0.2378,260.7,0.6
1011,1,1362.03,27597.71,0.44377,1.1872068123995746e-06,1.265251,270.9,0.2362,261.0,0.6
1012,1,1362.71,27582.79,0.400927,1.1872036154317288e-06,0.966319,272.7,0.2347,261.4,0.6
1013,1,1363.39,27567.96,0.448147,1.1872004107047744e-06,0.720279,271.7,0.2356,261.7,0.6
1014,1,1364.07,27553.21,0.48945,1.187197198218784e-06,0.765265,267.6,0.2392,261.6,0.6
1015,1,1364.75,27538.46,0.411884,1.1871939779738303e-06,0.659685,267.6,0.2392,261.8,0.5
1016,1,1365.43,27523.7,0.418244,1.1871907499699858e-06,0.657891,268.7,0.2382,263.7,0.5
1017,1,1366.11,27508.94,0.394382,1.1871875142073237e-06,0.621058,269.7,0.2373,264.0,0.5
1018,1,1366.79,27494.29,0.450795,1.1871842706859168e-06,0.668451,268.8,0.2381,266.6,0.4
1019,1,1367.47,27479.6,0.381324,1.187181019405839e-06,0.68284,271.1,0.236,266.9,0.4
1020,1,1368.15,27465.01,0.433908,1.1871777603671634e-06,0.613466,269.0,0.2379,267.2,0.3
1021,1,1368.84,27450.54,0.460184,1.1871744935699635e-06,1.130557,272.1,0.2352,269.1,0.3
1022,1,1369.52,27435.98,0.407914,1.1871712190143135e-06,0.699258,267.8,0.2389,268.9,0.3
1023,1,1370.2,27421.47,0.444038,1.1871679367002872e-06,0.63412,266.2,0.2405,268.6,0.3
1024,1,1370.89,27407.0,0.403362,1.187164646627959e-06,0.840121,268.6,0.2382,268.7,0.3
1025,1,1371.57,27392.59,0.427686,1.187161348797403e-06,0.920779,265.5,0.241,268.5,0.3
1026,1,1372.25,27378.11,0.419165,1.1871580432086939e-06,0.618315,270.7,0.2364,268.5,0.3
1027,1,1372.93,27363.76,0.513257,1.1871547298619063e-06,0.961917,266.4,0.2402,268.4,0.3
1028,1,1373.62,27349.43,0.455448,1.187151408757115e-06,0.56205,269.0,0.2379,268.3,0.3
1029,1,1374.3,27335.1,0.410913,1.1871480798943957e-06,0.664742,268.3,0.2385,268.3,0.3
1030,1,1374.99,27320.84,0.426448,1.1871447432738231e-06,0.677705,266.3,0.2403,268.2,0.3
1031,1,1375.67,27306.6,0.470359,1.1871413988954727e-06,0.665428,267.1,0.2396,267.8,0.3
1032,1,1376.35,27292.35,0.448883,1.18713804675942e-06,0.582814,267.6,0.2392,267.5,0.4
1033,1,1377.04,27278.16,0.416824,1.187134686865741e-06,0.794847,266.3,0.2403,267.2,0.4
1034,1,1377.73,27264.08,0.467663,1.1871313192145116e-06,0.548658,265.3,0.2413,266.9,0.4
1035,1,1378.41,27249.99,0.408539,1.1871279438058077e-06,0.961503,266.0,0.2406,266.7,0.5
1036,1,1379.1,27235.91,0.466637,1.1871245606397057e-06,0.685872,264.7,0.2418,266.5,0.5
1037,1,1379.79,27221.83,0.443656,1.187121169716282e-06,0.564957,267.9,0.2389,266.3,0.5
1038,1,1380.47,27207.81,0.430125,1.1871177710356137e-06,0.634152,264.3,0.2421,266.0,0.6
1039,1,1381.16,27193.85,0.424186,1.187114364597777e-06,0.791011,265.8,0.2408,265.7,0.6
1040,1,1381.85,27179.84,0.42979,1.1871109504028495e-06,0.633582,266.7,0.24,265.4,0.7
1041,1,1382.56,27166.47,0.412918,1.1871075284509076e-06,0.833436,270.7,0.2364,265.3,0.7
1042,1,1383.32,27154.03,0.400918,1.1871040987420295e-06,0.498884,203.2,0.3149,261.0,0.7
1043,1,1383.98,27139.63,0.41725,1.1871006612762922e-06,0.741001,228.4,0.2802,258.7,0.8
1044,1,1384.64,27125.19,0.454891,1.1870972160537736e-06,1.044769,267.1,0.2396,258.6,0.8
1045,1,1385.34,27111.49,0.441776,1.1870937630745511e-06,0.776482,259.0,0.2472,258.1,0.9
1046,1,1386.01,27097.48,0.40269,1.1870903023387035e-06,0.553153,265.8,0.2408,257.7,0.9
1047,1,1386.7,27083.71,0.408953,1.1870868338463085e-06,0.688029,264.9,0.2416,257.5,1.0
1048,1,1387.39,27069.9,0.408746,1.1870833575974446e-06,0.903032,267.3,0.2394,257.4,1.0
1049,1,1388.07,27056.18,0.429696,1.1870798735921906e-06,0.804994,264.7,0.2418,257.1,1.0
1050,1,1388.76,27042.4,0.415704,1.1870763818306249e-06,1.011181,267.4,0.2394,257.1,1.0
1051,1,1389.44,27028.7,0.405607,1.1870728823128268e-06,0.620585,267.2,0.2395,257.3,1.0
1052,1,1390.13,27015.07,0.467402,1.187069375038875e-06,0.973081,264.0,0.2424,257.0,1.0
1053,1,1390.82,27001.36,0.4342,1.1870658600088492e-06,0.795342,268.8,0.2381,257.1,1.0
1054,1,1391.5,26987.71,0.409569,1.1870623372228286e-06,0.85884,268.9,0.238,257.3,1.0
1055,1,1392.19,26974.14,0.452587,1.1870588066808928e-06,0.6857,266.1,0.2405,257.4,1.0
1056,1,1392.88,26960.61,0.45524,1.1870552683831217e-06,0.724439,265.5,0.241,257.4,1.0
1057,1,1393.56,26946.99,0.409345,1.1870517223295954e-06,0.637371,269.3,0.2377,257.5,1.0
1058,1,1394.25,26933.53,0.403585,1.1870481685203938e-06,0.666498,266.5,0.2402,257.5,1.0
1059,1,1394.94,26920.09,0.403491,1.1870446069555972e-06,0.927459,264.3,0.2421,257.3,1.1
1060,1,1395.63,26906.6,0.394485,1.1870410376352863e-06,0.617611,265.8,0.2408,257.3,1.1
1061,1,1396.36,26894.05,0.425216,1.1870374605595417e-06,0.719145,268.9,0.238,257.2,1.1
1062,1,1397.04,26880.55,0.424265,1.1870338757284443e-06,0.874123,267.6,0.2392,261.2,1.1
1063,1,1397.73,26867.2,0.406156,1.187030283142075e-06,0.685085,269.7,0.2373,263.5,1.1
1064,1,1398.42,26853.81,0.4654,1.1870266828005152e-06,0.729021,266.2,0.2405,263.5,1.1
1065,1,1399.1,26840.45,0.458178,1.1870230747038461e-06,0.957413,266.2,0.2404,264.0,1.0
1066,1,1399.8,26827.41,0.42661,1.1870194588521493e-06,0.71196,252.7,0.2532,263.3,1.0
1067,1,1400.49,26814.01,0.450938,1.1870158352455068e-06,1.020654,268.0,0.2388,263.6,1.0
1068,1,1401.17,26800.74,0.459749,1.1870122038840001e-06,0.727969,265.4,0.2411,263.5,1.0
1069,1,1401.86,26787.43,0.434232,1.1870085647677117e-06,0.535156,270.1,0.237,263.8,1.0
1070,1,1402.55,26774.28,0.420941,1.1870049178967235e-06,0.672189,265.0,0.2415,263.5,1.0
1071,1,1403.24,26761.05,0.457806,1.187001263271118e-06,0.866301,267.3,0.2394,263.5,1.0
1072,1,1403.93,26748.09,0.423412,1.1869976008909777e-06,0.674947,256.4,0.2496,263.3,1.0
1073,1,1404.61,26734.7,0.491398,1.1869939307563856e-06,0.858648,267.4,0.2393,263.3,1.0
1074,1,1405.3,26721.61,0.444104,1.1869902528674244e-06,0.753119,264.4,0.242,263.1,1.0
1075,1,1405.99,26708.49,0.418767,1.1869865672241778e-06,0.627051,267.6,0.2391,263.2,0.9
1076,1,1406.72,26696.22,0.441544,1.1869828738267286e-06,0.799057,227.1,0.2818,261.0,0.9
1077,1,1407.37,26682.55,0.452898,1.1869791726751603e-06,0.891451,266.3,0.2403,260.9,0.9
1078,1,1408.06,26669.55,0.421687,1.1869754637695568e-06,1.109989,265.6,0.241,260.9,0.9
1079,1,1408.75,26656.57,0.438694,1.1869717471100016e-06,0.558031,265.8,0.2408,261.0,0.9
1080,1,1409.44,26643.63,0.434143,1.186968022696579e-06,0.67705,266.4,0.2403,261.1,0.8
1081,1,1410.22,26632.46,0.426488,1.1869642905293732e-06,0.755968,265.6,0.241,260.6,1.0
1082,1,1410.91,26619.54,0.501009,1.1869605506084683e-06,0.758702,264.7,0.2418,260.4,1.0
1083,1,1411.6,26606.66,0.460813,1.1869568029339491e-06,0.788288,267.3,0.2395,260.3,1.0
1084,1,1412.29,26593.84,0.436455,1.1869530475059004e-06,0.861176,264.1,0.2423,260.2,1.0
1085,1,1412.98,26580.97,0.442252,1.1869492843244067e-06,0.78094,265.9,0.2407,260.1,1.0
1086,1,1413.67,26568.13,0.441521,1.1869455133895533e-06,0.547104,265.8,0.2408,260.9,1.0
1087,1,1414.36,26555.36,0.397522,1.1869417347014252e-06,0.63494,263.6,0.2428,260.5,1.1
1088,1,1415.05,26542.53,0.462669,1.1869379482601082e-06,0.579578,266.1,0.2405,260.6,1.0
1089,1,1415.74,26529.79,0.436796,1.1869341540656874e-06,0.567623,267.1,0.2396,260.5,1.0
1090,1,1416.42,26517.03,0.396645,1.1869303521182492e-06,0.917782,266.4,0.2402,260.7,1.0
1091,1,1417.11,26504.32,0.44737,1.186926542417879e-06,0.837053,264.1,0.2424,260.5,1.0
1092,1,1417.81,26491.68,0.4408,1.1869227249646632e-06,0.676336,264.7,0.2418,260.8,1.0
1093,1,1418.5,26479.06,0.416229,1.186918899758688e-06,0.549175,262.9,0.2435,260.6,1.0
1094,1,1419.19,26466.4,0.443294,1.1869150668000396e-06,0.866984,265.3,0.2412,260.4,1.1
1095,1,1419.88,26453.77,0.402381,1.1869112260888051e-06,0.744474,266.6,0.2401,260.4,1.1
1096,1,1420.56,26441.16,0.404895,1.186907377625071e-06,0.606195,267.1,0.2396,262.6,1.1
1097,1,1421.26,26428.65,0.40535,1.1869035214089242e-06,0.893907,263.8,0.2426,262.4,1.1
1098,1,1421.95,26416.1,0.427761,1.1868996574404522e-06,0.848549,264.3,0.2421,262.4,1.1
1099,1,1422.64,26403.54,0.449534,1.186895785719742e-06,0.619551,266.0,0.2406,262.5,1.1
1100,1,1423.32,26391.03,0.422585,1.1868919062468814e-06,0.814606,263.8,0.2426,262.3,1.1
1101,1,1424.05,26379.12,0.401029,1.1868880190219581e-06,0.637657,267.9,0.2389,262.8,0.9
1102,1,1424.74,26366.67,0.399882,1.1868841240450599e-06,0.594213,265.0,0.2415,263.0,0.9
1103,1,1425.43,26354.23,0.362947,1.1868802213162746e-06,0.664082,265.6,0.241,262.9,0.9
1104,1,1426.11,26341.78,0.420523,1.1868763108356906e-06,0.935731,267.0,0.2397,263.2,0.8
1105,1,1426.82,26329.7,0.431004,1.1868723926033964e-06,0.812708,258.5,0.2476,262.6,0.9
1106,1,1427.51,26317.32,0.403983,1.1868684666194805e-06,0.65411,267.5,0.2393,262.6,1.0
1107,1,1428.28,26306.44,0.416345,1.1868645328840315e-06,0.901382,199.5,0.3208,258.6,0.9
1108,1,1428.9,26292.71,0.428115,1.1868605913971385e-06,0.809486,264.1,0.2423,258.3,1.0
1109,1,1429.59,26280.4,0.472121,1.1868566421588905e-06,0.978091,265.0,0.2415,258.2,1.0
1110,1,1430.28,26268.13,0.416793,1.1868526851693767e-06,0.946306,264.0,0.2425,258.0,1.0
1111,1,1430.96,26255.81,0.462268,1.1868487204286867e-06,0.884619,266.3,0.2403,258.2,1.0
1112,1,1431.65,26243.57,0.435351,1.18684474793691e-06,0.574828,265.5,0.241,258.1,1.0
1113,1,1432.34,26231.3,0.424239,1.1868407676941363e-06,0.647308,268.0,0.2388,258.2,1.1
1114,1,1433.03,26219.04,0.39872,1.1868367797004557e-06,0.499963,265.9,0.2407,258.4,1.0
1115,1,1433.74,26207.29,0.452607,1.1868327839559585e-06,0.659482,261.1,0.2451,257.8,1.1
1116,1,1434.43,26195.09,0.409175,1.1868287804607347e-06,1.161557,264.6,0.2419,257.6,1.2
1117,1,1435.15,26183.44,0.498441,1.186824769214875e-06,0.70172,257.1,0.2489,257.0,1.3
1118,1,1435.84,26171.29,0.460517,1.18682075021847e-06,0.666308,265.7,0.2409,257.1,1.3
1119,1,1436.53,26159.16,0.450272,1.1868167234716106e-06,0.977401,265.8,0.2408,257.0,1.3
1120,1,1437.22,26147.06,0.422028,1.1868126889743878e-06,0.76206,265.3,0.2412,257.2,1.3
1121,1,1437.94,26135.68,0.409168,1.1868086467268928e-06,0.856221,268.1,0.2387,257.1,1.3
1122,1,1438.64,26123.67,0.392802,1.186804596729217e-06,0.674401,266.3,0.2404,257.1,1.3
1123,1,1439.33,26111.72,0.433854,1.1868005389814518e-06,0.757645,264.0,0.2424,257.1,1.3
1124,1,1440.03,26099.83,0.46892,1.186796473483689e-06,0.833993,263.8,0.2426,256.5,1.4
1125,1,1440.71,26087.82,0.436755,1.1867924002360204e-06,0.642137,266.3,0.2403,257.1,1.4
1126,1,1441.43,26076.29,0.416066,1.1867883192385383e-06,0.789026,261.3,0.245,256.6,1.5
1127,1,1442.12,26064.35,0.463903,1.1867842304913346e-06,0.612247,263.0,0.2433,260.7,1.5
1128,1,1442.81,26052.39,0.45891,1.1867801339945019e-06,0.889667,266.3,0.2403,260.9,1.4
1129,1,1443.49,26040.44,0.426464,1.186776029748133e-06,0.798815,266.0,0.2406,260.9,1.4
1130,1,1444.19,26028.58,0.448763,1.1867719177523204e-06,0.724188,264.2,0.2423,260.9,1.4
1131,1,1444.88,26016.7,0.445255,1.186767798007157e-06,0.787397,266.7,0.24,261.0,1.4
1132,1,1445.56,26004.79,0.413535,1.1867636705127363e-06,0.943051,268.2,0.2386,261.1,1.4
1133,1,1446.25,25992.91,0.451363,1.1867595352691512e-06,0.94995,266.0,0.2406,261.2,1.4
1134,1,1446.95,25981.23,0.467156,1.1867553922764953e-06,1.029603,263.8,0.2426,260.8,1.5
1135,1,1447.63,25969.4,0.457802,1.1867512415348622e-06,0.782725,266.2,0.2404,261.2,1.4
1136,1,1448.32,25957.65,0.448583,1.1867470830443458e-06,0.759381,265.5,0.241,261.4,1.4
1137,1,1449.01,25945.87,0.415937,1.1867429168050403e-06,0.725855,267.1,0.2396,262.3,1.2
1138,1,1449.7,25934.17,0.392898,1.1867387428170397e-06,0.743639,265.8,0.2408,262.4,1.2
1139,1,1450.4,25922.59,0.425573,1.186734561080438e-06,0.816105,266.8,0.2399,262.4,1.2
1140,1,1451.14,25911.84,0.464975,1.18673037159533e-06,1.015723,218.0,0.2936,259.6,1.2
1141,1,1451.82,25899.93,0.410286,1.1867261743618106e-06,0.855157,268.6,0.2383,259.5,1.2
1142,1,1452.51,25888.25,0.401359,1.1867219693799745e-06,0.604532,266.4,0.2402,259.4,1.3
1143,1,1453.2,25876.57,0.424825,1.1867177566499166e-06,0.937921,265.7,0.2409,259.3,1.3
1144,1,1453.88,25864.92,0.480699,1.1867135361717323e-06,0.83669,266.5,0.2401,259.8,1.2
1145,1,1454.59,25853.51,0.386563,1.186709307945517e-06,0.68591,254.6,0.2514,259.3,1.2
1146,1,1455.27,25841.86,0.397352,1.1867050719713662e-06,0.725544,266.4,0.2403,259.8,1.1
1147,1,1455.96,25830.31,0.37944,1.1867008282493759e-06,0.593413,268.1,0.2387,259.9,1.1
1148,1,1456.65,25818.75,0.427974,1.1866965767796416e-06,0.673004,267.7,0.2391,260.0,1.1
1149,1,1457.34,25807.24,0.434303,1.1866923175622596e-06,0.808554,264.2,0.2422,260.0,1.1
1150,1,1458.03,25795.75,0.47156,1.186688050597326e-06,0.794351,262.6,0.2438,260.0,1.1
1151,1,1458.72,25784.26,0.456444,1.1866837758849376e-06,0.584887,263.6,0.2427,259.7,1.1
1152,1,1459.41,25772.81,0.402739,1.1866794934251907e-06,0.770212,264.6,0.2418,259.6,1.1
1153,1,1460.1,25761.34,0.433043,1.186675203218182e-06,0.580898,266.8,0.2399,259.5,1.1
1154,1,1460.79,25749.9,0.352668,1.1866709052640092e-06,0.534869,266.8,0.2399,260.0,1.0
1155,1,1461.48,25738.56,0.496718,1.1866665995627688e-06,0.924346,264.5,0.2419,259.7,1.0
1156,1,1462.25,25728.51,0.43774,1.1866622861145582e-06,0.763649,208.0,0.3076,256.1,1.1
1157,1,1462.89,25716.2,0.407272,1.186657964919475e-06,0.694583,266.3,0.2403,256.0,1.1
1158,1,1463.57,25704.82,0.414007,1.1866536359776171e-06,0.585058,265.0,0.2415,255.9,1.1
1159,1,1464.26,25693.46,0.426657,1.186649299289082e-06,0.592992,263.6,0.2428,255.8,1.1
1160,1,1464.95,25682.08,0.377916,1.1866449548539676e-06,0.671812,267.9,0.2389,258.5,1.2
1161,1,1465.73,25672.39,0.386852,1.1866406026723725e-06,0.625546,269.8,0.2372,258.4,1.3
1162,1,1466.42,25661.08,0.496096,1.186636242744395e-06,0.657797,266.5,0.2401,258.3,1.3
1163,1,1467.11,25649.8,0.465397,1.1866318750701334e-06,0.617772,266.5,0.2402,258.5,1.2
1164,1,1467.8,25638.55,0.416574,1.1866274996496867e-06,0.517768,264.2,0.2422,258.4,1.2
1165,1,1468.49,25627.27,0.471035,1.1866231164831535e-06,1.085261,268.6,0.2383,258.9,1.3
1166,1,1469.17,25616.02,0.401993,1.186618725570633e-06,0.782423,266.9,0.2398,258.9,1.3
1167,1,1469.86,25604.85,0.48626,1.1866143269122247e-06,1.111895,265.7,0.2408,258.8,1.3
1168,1,1470.55,25593.64,0.506454,1.1866099205080277e-06,0.884494,267.3,0.2394,258.7,1.3
1169,1,1471.24,25582.45,0.43042,1.1866055063581417e-06,0.893945,264.6,0.2419,258.7,1.4
1170,1,1471.94,25571.51,0.382552,1.1866010844626667e-06,0.465162,258.5,0.2475,258.5,1.3
1171,1,1472.62,25560.22,0.428956,1.1865966548217021e-06,0.68129,267.9,0.2389,258.8,1.3
1172,1,1473.31,25549.13,0.473808,1.1865922174353485e-06,0.780278,263.2,0.2432,258.7,1.3
1173,1,1474.0,25538.0,0.409073,1.186587772303706e-06,0.550446,267.0,0.2397,258.8,1.3
1174,1,1474.69,25526.94,0.41992,1.1865833194268753e-06,0.539365,264.8,0.2417,258.4,1.4
1175,1,1475.38,25515.87,0.4329,1.186578858804957e-06,0.587458,267.0,0.2397,258.6,1.4
1176,1,1476.13,25505.86,0.410737,1.1865743904380516e-06,0.900637,212.8,0.3008,259.1,1.3
1177,1,1476.77,25494.09,0.433641,1.1865699143262603e-06,0.603775,266.5,0.2401,259.0,1.4
1178,1,1477.46,25483.12,0.402159,1.1865654304696844e-06,0.682093,263.9,0.2425,259.0,1.4
1179,1,1478.15,25472.08,0.456347,1.186560938868425e-06,0.750405,264.8,0.2417,258.9,1.4
1180,1,1478.84,25461.06,0.413212,1.1865564395225838e-06,0.631205,268.2,0.2386,258.9,1.4
1181,1,1479.61,25451.61,0.420404,1.1865519324322624e-06,0.560692,224.4,0.2852,256.8,1.2
1182,1,1480.25,25439.81,0.422277,1.1865474175975628e-06,0.688369,268.0,0.2388,256.9,1.2
1183,1,1481.0,25429.96,0.434152,1.1865428950185871e-06,0.670818,212.4,0.3013,253.8,1.2
1184,1,1481.63,25417.96,0.454324,1.1865383646954374e-06,0.650912,267.1,0.2396,254.0,1.2
1185,1,1482.32,25407.07,0.44393,1.186533826628216e-06,0.824643,265.8,0.2408,254.0,1.1
1186,1,1483.01,25396.29,0.414624,1.1865292808170256e-06,0.789334,266.6,0.24,253.9,1.2
1187,1,1483.7,25385.38,0.412487,1.186524727261969e-06,0.706187,266.4,0.2403,253.9,1.2
1188,1,1484.39,25374.55,0.37368,1.186520165963149e-06,0.669188,263.2,0.2432,253.8,1.1
1189,1,1485.07,25363.66,0.436778,1.186515596920669e-06,0.527605,265.9,0.2407,253.9,1.1
1190,1,1485.76,25352.84,0.450894,1.1865110201346318e-06,0.644185,266.3,0.2403,254.3,1.1
1191,1,1486.45,25342.08,0.485016,1.1865064356051412e-06,0.797178,264.6,0.2419,254.1,1.1
1192,1,1487.14,25331.29,0.497006,1.1865018433323008e-06,0.646005,267.8,0.239,254.4,1.1
1193,1,1487.83,25320.51,0.415928,1.1864972433162142e-06,0.627098,268.6,0.2383,254.5,1.1
1194,1,1488.53,25310.07,0.403813,1.1864926355569856e-06,0.547597,256.5,0.2495,254.1,1.1
1195,1,1489.21,25299.2,0.416266,1.186488020054719e-06,0.563003,267.1,0.2396,254.2,1.1
1196,1,1489.9,25288.45,0.437644,1.1864833968095186e-06,0.519162,266.2,0.2404,257.3,1.1
1197,1,1490.59,25277.78,0.436357,1.1864787658214893e-06,0.742838,264.3,0.2422,257.2,1.0
1198,1,1491.28,25267.04,0.47337,1.1864741270907355e-06,0.879098,268.1,0.2387,257.5,1.0
1199,1,1492.0,25256.95,0.410946,1.1864694806173621e-06,0.511783,247.5,0.2586,256.3,1.1
1200,1,1492.67,25246.08,0.384221,1.1864648264014742e-06,0.787509,267.9,0.2389,256.5,1.1
1201,1,1505.27,25436.66,0.444613,1.1864601644431769e-06,0.727113,271.7,0.2356,259.1,1.1
1202,1,1505.94,25425.63,0.402674,1.1864554947425757e-06,0.669744,273.3,0.2342,259.5,1.0
1203,1,1506.62,25414.64,0.402987,1.186450817299776e-06,0.558836,272.8,0.2346,263.0,1.0
1204,1,1507.3,25403.74,0.458496,1.1864461321148835e-06,0.865348,270.6,0.2365,263.2,1.0
1205,1,1507.97,25392.76,0.395749,1.1864414391880043e-06,0.560912,274.1,0.2335,263.7,1.0
1206,1,1508.65,25381.87,0.400986,1.1864367385192442e-06,0.968803,269.9,0.2371,264.1,0.9
1207,1,1509.33,25370.98,0.439043,1.1864320301087098e-06,0.842494,272.0,0.2353,264.4,0.9
1208,1,1510.01,25360.11,0.410911,1.1864273139565074e-06,0.496929,271.9,0.2354,265.0,0.8
1209,1,1510.69,25349.3,0.40976,1.1864225900627433e-06,0.650306,269.3,0.2377,265.2,0.8
1210,1,1511.36,25338.39,0.436447,1.1864178584275246e-06,0.806746,273.4,0.2341,265.5,0.8
1211,1,1512.04,25327.62,0.433151,1.1864131190509584e-06,0.560126,273.0,0.2345,266.0,0.8
1212,1,1512.72,25316.89,0.39945,1.1864083719331514e-06,0.609492,269.8,0.2372,266.2,0.8
1213,1,1513.4,25306.14,0.448746,1.1864036170742112e-06,0.692981,270.0,0.2371,266.3,0.7
1214,1,1514.08,25295.37,0.373179,1.186398854474245e-06,0.735785,269.7,0.2373,267.3,0.6
1215,1,1514.76,25284.66,0.446595,1.1863940841333606e-06,0.77955,269.6,0.2374,267.6,0.6
1216,1,1515.44,25273.9,0.401717,1.186389306051666e-06,0.554646,274.9,0.2328,268.2,0.5
1217,1,1516.12,25263.28,0.404221,1.1863845202292689e-06,0.637119,266.6,0.2401,268.3,0.5
1218,1,1516.8,25252.59,0.43575,1.1863797266662777e-06,0.552573,268.0,0.2388,268.3,0.5
1219,1,1517.48,25241.94,0.434414,1.1863749253628007e-06,0.548221,268.3,0.2385,269.9,0.3
1220,1,1518.16,25231.34,0.44749,1.1863701163189462e-06,0.933311,268.6,0.2383,269.9,0.4
1221,1,1518.87,25221.23,0.452229,1.1863652995348234e-06,0.72942,271.0,0.2361,269.8,0.4
1222,1,1519.55,25210.68,0.442775,1.1863604750105406e-06,0.751818,269.8,0.2372,269.6,0.4
1223,1,1520.23,25200.07,0.448248,1.1863556427462072e-06,0.621622,271.2,0.236,269.4,0.4
1224,1,1520.92,25189.56,0.453241,1.1863508027419325e-06,1.089639,268.8,0.2381,269.2,0.5
1225,1,1521.6,25179.09,0.45447,1.1863459549978256e-06,0.736602,269.4,0.2376,268.9,0.5
1226,1,1522.28,25168.59,0.448078,1.1863410995139964e-06,0.68066,267.8,0.239,268.6,0.6
1227,1,1522.97,25158.15,0.449217,1.1863362362905545e-06,0.655196,265.8,0.2408,268.3,0.6
1228,1,1523.65,25147.67,0.443804,1.1863313653276096e-06,0.539978,269.4,0.2375,268.0,0.6
1229,1,1524.33,25137.2,0.439823,1.1863264866252722e-06,0.555069,268.9,0.238,267.9,0.7
1230,1,1525.02,25126.81,0.422113,1.1863216001836524e-06,1.06472,267.9,0.2389,267.5,0.7
1231,1,1525.7,25116.34,0.459096,1.1863167060028607e-06,0.757512,270.2,0.2368,267.3,0.7
1232,1,1526.38,25106.01,0.392362,1.1863118040830076e-06,0.854514,267.1,0.2396,267.2,0.7
1233,1,1527.12,25096.53,0.4475,1.1863068944242038e-06,1.149064,219.2,0.292,264.1,0.7
1234,1,1527.75,25085.27,0.449351,1.1863019770265607e-06,1.174319,270.5,0.2366,264.0,0.8
1235,1,1528.44,25075.01,0.382545,1.1862970518901888e-06,0.927385,265.2,0.2413,263.8,0.8
1236,1,1529.12,25064.72,0.435377,1.1862921190152e-06,0.775742,265.4,0.2411,263.2,0.8
1237,1,1529.81,25054.43,0.394708,1.1862871784017056e-06,0.967833,270.3,0.2368,263.4,0.8
1238,1,1530.49,25044.23,0.432829,1.1862822300498173e-06,0.79142,266.3,0.2403,263.3,0.8
1239,1,1531.18,25034.0,0.439673,1.1862772739596468e-06,0.813526,265.9,0.2407,263.2,0.8
1240,1,1531.86,25023.75,0.429807,1.1862723101313063e-06,0.92728,269.4,0.2375,263.3,0.8
1241,1,1532.62,25014.67,0.374678,1.1862673385649082e-06,0.583118,262.0,0.2443,262.6,0.9
1242,1,1533.37,25005.58,0.412316,1.1862623592605644e-06,0.634782,208.7,0.3067,258.7,1.0
1243,1,1533.99,24994.36,0.450862,1.1862573722183879e-06,0.616832,269.0,0.2379,258.6,1.0
1244,1,1534.68,24984.25,0.432981,1.186252377438491e-06,0.856614,267.5,0.2392,258.6,0.9
1245,1,1535.37,24974.14,0.417351,1.1862473749209868e-06,0.694766,266.6,0.24,258.6,0.9
1246,1,1536.06,24964.06,0.405569,1.1862423646659885e-06,0.733834,265.1,0.2414,258.4,0.9
1247,1,1536.75,24953.96,0.419757,1.186237346673609e-06,0.686268,264.8,0.2417,258.3,1.0
1248,1,1537.43,24943.89,0.379705,1.186232320943962e-06,0.476024,266.5,0.2402,258.1,1.0
1249,1,1538.12,24933.79,0.480818,1.1862272874771611e-06,0.872717,267.4,0.2393,258.2,0.9
1250,1,1538.87,24924.72,0.440622,1.18622224627332e-06,0.953664,213.0,0.3005,255.0,0.9
1251,1,1539.5,24913.77,0.354137,1.1862171973325525e-06,0.552971,265.7,0.2409,254.8,0.9
1252,1,1540.19,24903.81,0.415787,1.186212140654973e-06,0.768211,264.1,0.2424,254.5,1.0
1253,1,1540.87,24893.77,0.390743,1.1862070762406959e-06,0.701908,265.9,0.2407,257.1,1.0
1254,1,1541.56,24883.76,0.470142,1.1862020040898353e-06,0.641719,268.3,0.2385,256.9,1.0
1255,1,1542.25,24873.85,0.462049,1.1861969242025061e-06,0.978185,265.3,0.2412,256.9,1.0
1256,1,1542.94,24863.88,0.421841,1.1861918365788231e-06,0.66465,264.6,0.2419,256.9,1.0
1257,1,1543.62,24853.95,0.42817,1.186186741218901e-06,0.848024,265.9,0.2407,256.6,1.0
1258,1,1544.31,24844.04,0.419826,1.1861816381228552e-06,0.950479,265.5,0.2411,256.5,1.1
1259,1,1545.0,24834.06,0.501047,1.186176527290801e-06,0.804829,266.9,0.2398,256.4,1.1
1260,1,1545.68,24824.16,0.41699,1.1861714087228541e-06,0.622056,266.8,0.2399,256.2,1.2
1261,1,1546.41,24814.95,0.4419,1.1861662824191302e-06,0.824899,267.5,0.2392,256.6,1.1
1262,1,1547.1,24805.09,0.421366,1.1861611483797448e-06,0.651212,265.5,0.241,260.2,1.0
1263,1,1547.79,24795.25,0.433726,1.1861560066048142e-06,0.715973,267.8,0.239,260.1,1.1
1264,1,1548.5,24785.81,0.461359,1.1861508570944547e-06,0.514321,255.9,0.2501,259.2,1.2
1265,1,1549.19,24776.06,0.411781,1.1861456998487827e-06,0.710931,268.8,0.2381,259.3,1.2
1266,1,1549.88,24766.24,0.420096,1.1861405348679147e-06,0.865528,266.7,0.24,259.5,1.1
1267,1,1550.57,24756.44,0.385753,1.1861353621519671e-06,0.537641,267.1,0.2396,259.6,1.1
1268,1,1551.26,24746.7,0.398884,1.1861301817010575e-06,0.549357,264.2,0.2423,259.6,1.1
1269,1,1552.01,24737.96,0.468781,1.1861249935153025e-06,0.998679,209.9,0.3049,256.1,1.1
1270,1,1552.63,24727.15,0.407804,1.1861197975948197e-06,0.74615,267.3,0.2395,259.2,1.1
1271,1,1553.32,24717.42,0.441133,1.1861145939397262e-06,0.800345,265.6,0.2409,259.1,1.2
1272,1,1554.0,24707.69,0.433113,1.1861093825501398e-06,0.660188,266.1,0.2405,259.3,1.2
1273,1,1554.69,24697.99,0.42513,1.1861041634261782e-06,0.842708,267.1,0.2396,259.3,1.2
1274,1,1555.38,24688.29,0.389664,1.1860989365679592e-06,0.679756,265.8,0.2408,259.3,1.1
1275,1,1556.07,24678.62,0.45123,1.1860937019756014e-06,0.629291,265.8,0.2408,259.3,1.2
1276,1,1556.76,24668.99,0.453323,1.186088459649223e-06,0.685058,266.3,0.2404,259.2,1.2
1277,1,1557.45,24659.35,0.452189,1.1860832095889424e-06,1.167748,265.4,0.2411,259.2,1.2
1278,1,1558.15,24650.0,0.432911,1.186077951794878e-06,0.901709,258.1,0.2479,258.9,1.2
1279,1,1558.84,24640.39,0.408507,1.186072686267149e-06,0.576241,265.7,0.2408,259.0,1.1
1280,1,1559.53,24630.79,0.430135,1.1860674130058744e-06,0.767072,263.6,0.2428,258.9,1.1
1281,1,1560.26,24621.92,0.418019,1.1860621320111734e-06,0.749885,269.3,0.2376,259.1,1.1
1282,1,1560.95,24612.4,0.378901,1.186056843283165e-06,0.65696,261.3,0.2449,258.7,1.1
1283,1,1561.64,24602.8,0.415283,1.1860515468219692e-06,0.59118,266.6,0.24,258.8,1.1
1284,1,1562.33,24593.3,0.435827,1.1860462426277056e-06,0.80435,264.9,0.2416,259.5,1.0
1285,1,1563.02,24583.78,0.434753,1.186040930700494e-06,0.960755,265.6,0.2409,259.2,1.0
1286,1,1563.7,24574.24,0.487686,1.1860356110404546e-06,0.791402,267.5,0.2392,259.2,1.1
1287,1,1564.39,24564.77,0.437483,1.1860302836477075e-06,0.804288,262.8,0.2435,258.9,1.1
1288,1,1565.08,24555.28,0.374818,1.1860249485223733e-06,0.840756,263.2,0.2431,258.9,1.1
1289,1,1565.86,24547.19,0.371522,1.1860196056645723e-06,0.542584,201.2,0.3181,258.0,1.2
1290,1,1566.47,24536.53,0.455041,1.1860142550744253e-06,0.55713,265.6,0.241,258.0,1.1
1291,1,1567.16,24527.07,0.474332,1.1860088967520535e-06,0.542077,266.0,0.2406,258.0,1.1
1292,1,1567.85,24517.68,0.468454,1.1860035306975778e-06,0.770399,265.7,0.2409,258.0,1.1
1293,1,1568.54,24508.27,0.407918,1.1859981569111197e-06,0.610376,266.4,0.2402,258.1,1.1
1294,1,1569.23,24498.87,0.387429,1.1859927753928006e-06,0.813432,265.1,0.2414,258.1,1.1
1295,1,1569.92,24489.49,0.445003,1.185987386142742e-06,1.080087,265.9,0.2407,258.1,1.1
1296,1,1570.6,24480.06,0.500643,1.1859819891610658e-06,0.909726,266.1,0.2406,258.1,1.0
1297,1,1571.29,24470.73,0.436439,1.185976584447894e-06,0.763529,263.3,0.2431,257.9,1.1
1298,1,1572.0,24461.73,0.484935,1.1859711720033487e-06,0.653139,254.0,0.252,257.5,1.2
1299,1,1572.69,24452.31,0.451818,1.1859657518275524e-06,0.64272,267.3,0.2394,257.6,1.2
1300,1,1573.4,24443.41,0.458516,1.1859603239206273e-06,0.713936,238.3,0.2685,256.2,1.2
1301,1,1574.11,24434.38,0.420091,1.1859548882826964e-06,0.61413,269.7,0.2373,256.2,1.2
1302,1,1574.8,24425.07,0.422411,1.1859494449138826e-06,0.752495,266.8,0.2399,256.5,1.2
1303,1,1575.49,24415.82,0.434125,1.1859439938143089e-06,0.804748,264.7,0.2418,256.3,1.2
1304,1,1576.17,24406.51,0.45242,1.1859385349840983e-06,0.672354,268.0,0.2388,256.5,1.2
1305,1,1576.86,24397.23,0.455754,1.1859330684233742e-06,0.771157,267.4,0.2393,256.6,1.2
1306,1,1577.55,24387.95,0.453297,1.1859275941322603e-06,0.750958,265.1,0.2414,256.6,1.1
1307,1,1578.24,24378.72,0.412429,1.1859221121108801e-06,0.596721,267.6,0.2391,256.9,1.1
1308,1,1578.92,24369.44,0.395747,1.1859166223593579e-06,1.122097,267.6,0.2392,257.1,1.1
1309,1,1579.64,24360.76,0.435715,1.1859111248778176e-06,0.616874,233.3,0.2743,259.6,1.0
1310,1,1580.3,24351.08,0.389214,1.1859056196663836e-06,0.851654,267.6,0.2391,259.7,1.0
1311,1,1580.99,24341.88,0.437786,1.18590010672518e-06,0.602131,264.9,0.2416,259.8,1.0
1312,1,1581.67,24332.63,0.393371,1.1858945860543317e-06,0.683009,268.8,0.2381,259.9,1.0
1313,1,1582.35,24323.4,0.440302,1.1858890576539632e-06,0.553881,269.2,0.2377,260.1,1.0
1314,1,1583.04,24314.23,0.495554,1.1858835215241997e-06,0.742861,266.5,0.2402,260.2,1.0
1315,1,1583.73,24305.09,0.420431,1.1858779776651665e-06,0.817861,265.2,0.2413,260.1,1.0
1316,1,1584.41,24295.95,0.454105,1.1858724260769886e-06,0.705201,267.9,0.2389,260.1,1.0
1317,1,1585.1,24286.83,0.42103,1.1858668667597913e-06,0.765597,267.0,0.2397,260.4,1.0
1318,1,1585.79,24277.74,0.469309,1.185861299713701e-06,0.803392,268.2,0.2386,261.3,0.9
1319,1,1586.48,24268.66,0.424273,1.1858557249388427e-06,0.836156,265.2,0.2413,261.0,1.0
1320,1,1587.16,24259.57,0.448406,1.1858501424353429e-06,0.758804,265.5,0.2411,262.5,1.0
1321,1,1587.9,24251.26,0.371713,1.1858445522033277e-06,0.535036,267.0,0.2397,262.4,1.0
1322,1,1588.59,24242.15,0.475045,1.1858389542429235e-06,0.700033,269.0,0.2379,262.5,1.0
1323,1,1589.28,24233.15,0.419348,1.1858333485542568e-06,0.662286,265.9,0.2407,262.6,1.0
1324,1,1589.96,24224.14,0.44679,1.1858277351374542e-06,0.553623,266.5,0.2401,262.6,0.9
1325,1,1590.65,24215.12,0.351775,1.1858221139926428e-06,0.729893,267.8,0.239,262.6,0.9
1326,1,1591.34,24206.11,0.403989,1.1858164851199493e-06,0.659385,268.2,0.2386,262.6,1.0
1327,1,1592.02,24197.07,0.419092,1.185810848519501e-06,0.504142,270.0,0.2371,262.8,1.0
1328,1,1592.71,24188.14,0.444042,1.1858052041914258e-06,0.682973,265.4,0.2411,262.7,1.0
1329,1,1593.4,24179.12,0.447965,1.185799552135851e-06,0.646094,268.4,0.2385,264.5,1.0
1330,1,1594.08,24170.14,0.422586,1.185793892352904e-06,0.74652,267.9,0.2389,264.5,1.0
1331,1,1594.77,24161.21,0.403242,1.1857882248427133e-06,0.800676,267.7,0.2391,264.7,1.0
1332,1,1595.46,24152.3,0.426745,1.1857825496054065e-06,0.850965,267.5,0.2392,264.5,1.0
1333,1,1596.15,24143.4,0.466572,1.1857768666411121e-06,1.018065,264.8,0.2417,264.3,1.0
1334,1,1596.84,24134.51,0.440512,1.1857711759499586e-06,0.915241,264.6,0.2418,264.1,1.1
1335,1,1597.53,24125.64,0.413774,1.1857654775320745e-06,0.727219,264.9,0.2416,264.0,1.1
1336,1,1598.21,24116.75,0.427344,1.1857597713875887e-06,0.704953,265.3,0.2412,264.1,1.0
1337,1,1598.9,24107.84,0.382478,1.1857540575166302e-06,0.735165,269.5,0.2375,264.2,1.0
1338,1,1599.59,24099.03,0.457333,1.185748335919328e-06,0.652239,265.6,0.241,264.2,1.0
1339,1,1600.27,24090.14,0.465129,1.1857426065958118e-06,0.921531,268.4,0.2384,264.3,1.0
1340,1,1600.96,24081.26,0.389791,1.1857368695462106e-06,0.514778,269.5,0.2375,264.4,1.0
1341,1,1601.69,24073.1,0.393955,1.1857311247706545e-06,0.877611,266.6,0.2401,264.4,1.0
1342,1,1602.38,24064.29,0.443473,1.1857253722692731e-06,0.818284,263.4,0.243,264.2,1.0
1343,1,1603.06,24055.45,0.420594,1.1857196120421966e-06,0.671306,266.5,0.2402,264.3,1.0
1344,1,1603.75,24046.65,0.442996,1.1857138440895549e-06,0.877343,268.0,0.2388,264.3,1.0
1345,1,1604.43,24037.84,0.420982,1.1857080684114786e-06,0.52754,269.7,0.2373,264.4,1.0
1346,1,1605.12,24029.09,0.458778,1.1857022850080983e-06,0.715129,267.0,0.2397,264.4,1.0
1347,1,1605.81,24020.33,0.398572,1.1856964938795448e-06,0.79015,268.6,0.2383,264.3,1.0
1348,1,1606.49,24011.58,0.419182,1.1856906950259486e-06,0.561612,267.4,0.2393,264.4,1.0
1349,1,1607.18,24002.85,0.425004,1.185684888447441e-06,0.857452,268.0,0.2388,264.4,1.0
1350,1,1607.87,23994.18,0.470592,1.1856790741441536e-06,0.664496,264.7,0.2418,264.3,1.0
1351,1,1608.56,23985.46,0.4297,1.1856732521162175e-06,0.589198,268.1,0.2387,264.2,1.0
1352,1,1609.24,23976.74,0.401876,1.185667422363764e-06,0.678779,268.0,0.2388,264.3,1.0
1353,1,1609.93,23968.08,0.437516,1.1856615848869251e-06,0.632393,265.7,0.2409,264.2,1.0
1354,1,1610.62,23959.4,0.4494,1.185655739685833e-06,0.622311,265.8,0.2408,264.3,1.0
1355,1,1611.3,23950.76,0.406319,1.1856498867606195e-06,0.714291,264.5,0.242,264.5,0.9
1356,1,1611.99,23942.09,0.390717,1.1856440261114172e-06,0.615704,266.6,0.2401,264.6,0.9
1357,1,1612.68,23933.45,0.396494,1.1856381577383581e-06,0.671613,265.8,0.2408,264.3,1.0
1358,1,1613.39,23925.25,0.443947,1.1856322816415754e-06,0.847311,262.7,0.2436,264.2,1.0
1359,1,1614.11,23917.14,0.422574,1.1856263978212017e-06,0.461222,235.0,0.2723,262.5,0.9
1360,1,1614.78,23908.26,0.420388,1.1856205062773698e-06,0.584681,265.0,0.2415,262.3,0.9
1361,1,1615.5,23900.2,0.410764,1.185614607010213e-06,0.563621,269.7,0.2373,262.3,0.9
1362,1,1616.19,23891.66,0.424363,1.1856087000198648e-06,0.726773,267.1,0.2396,262.3,1.0
1363,1,1616.88,23883.07,0.37785,1.1856027853064586e-06,0.765591,266.4,0.2403,262.2,1.0
1364,1,1617.62,23875.34,0.433131,1.1855968628701281e-06,0.606193,218.0,0.2935,259.3,1.0
1365,1,1618.26,23866.02,0.424241,1.185590932711007e-06,0.513677,265.5,0.241,259.1,1.0
1366,1,1618.94,23857.46,0.47619,1.1855849948292295e-06,0.740912,267.7,0.2391,259.2,1.0
1367,1,1619.63,23848.94,0.40093,1.1855790492249299e-06,0.69229,268.2,0.2387,259.1,1.0
1368,1,1620.31,23840.4,0.414506,1.1855730958982425e-06,0.7917,266.4,0.2402,259.2,1.0
1369,1,1621.0,23831.87,0.410872,1.1855671348493019e-06,0.637155,267.6,0.2391,259.2,1.0
1370,1,1621.69,23823.4,0.474677,1.1855611660782426e-06,1.048646,267.5,0.2393,259.3,1.0
1371,1,1622.37,23814.94,0.450506,1.1855551895851997e-06,1.146559,266.0,0.2406,259.3,1.0
1372,1,1623.06,23806.43,0.428492,1.1855492053703084e-06,0.745855,266.6,0.2401,259.1,1.0
1373,1,1623.75,23797.98,0.458169,1.185543213433704e-06,0.768607,268.0,0.2388,259.2,1.0
1374,1,1624.45,23789.76,0.475041,1.1855372137755217e-06,0.906245,267.6,0.2392,259.1,1.1
1375,1,1625.17,23781.9,0.425398,1.185531206395897e-06,0.942683,229.2,0.2792,257.1,1.1
1376,1,1625.82,23772.96,0.432946,1.1855251912949662e-06,1.305163,268.0,0.2388,257.1,1.1
1377,1,1626.51,23764.51,0.444755,1.1855191684728648e-06,0.625297,267.3,0.2394,257.2,1.1
1378,1,1627.2,23756.14,0.460874,1.1855131379297292e-06,0.820828,266.0,0.2406,257.3,1.1
1379,1,1627.88,23747.75,0.407196,1.1855070996656954e-06,0.622878,266.5,0.2402,258.9,1.2
1380,1,1628.57,23739.38,0.409508,1.1855010536809004e-06,0.856424,266.4,0.2403,259.0,1.1
1381,1,1629.33,23732.08,0.446738,1.1854949999754805e-06,0.747651,262.4,0.2439,258.7,1.1
1382,1,1630.01,23723.59,0.410789,1.1854889385495726e-06,0.936892,267.9,0.2389,258.8,1.1
1383,1,1630.69,23715.22,0.377366,1.1854828694033138e-06,0.645063,266.2,0.2404,258.7,1.1
1384,1,1631.38,23706.88,0.442455,1.185476792536841e-06,0.623224,267.7,0.239,261.7,1.1
1385,1,1632.07,23698.53,0.487984,1.1854707079502918e-06,0.928351,268.0,0.2388,261.7,1.2
1386,1,1632.75,23690.23,0.513181,1.1854646156438037e-06,0.832282,268.4,0.2384,261.8,1.1
1387,1,1633.44,23681.94,0.420041,1.1854585156175142e-06,0.577538,266.6,0.2401,261.6,1.2
1388,1,1634.18,23674.48,0.441006,1.1854524078715615e-06,0.639471,225.6,0.2836,258.9,1.3
1389,1,1634.82,23665.53,0.436118,1.1854462924060836e-06,0.618451,266.9,0.2398,259.0,1.3
1390,1,1635.51,23657.25,0.453887,1.1854401692212186e-06,0.833264,265.5,0.2411,258.9,1.3
1391,1,1636.2,23649.01,0.430383,1.185434038317105e-06,0.720811,264.8,0.2417,258.7,1.3
1392,1,1636.88,23640.74,0.438053,1.1854278996938811e-06,0.649253,266.2,0.2404,258.7,1.3
1393,1,1637.57,23632.51,0.457118,1.1854217533516861e-06,0.558916,266.0,0.2406,258.8,1.3
1394,1,1638.26,23624.3,0.421827,1.1854155992906586e-06,0.601877,267.8,0.2389,259.0,1.2
1395,1,1638.94,23616.06,0.462025,1.1854094375109378e-06,0.621671,269.2,0.2377,261.3,1.1
1396,1,1639.71,23608.96,0.421698,1.185403268012663e-06,0.572368,205.7,0.3112,257.3,1.2
1397,1,1640.34,23599.98,0.419467,1.1853970907959737e-06,0.798617,254.5,0.2515,256.6,1.2
1398,1,1641.02,23591.71,0.395294,1.1853909058610095e-06,0.516473,263.5,0.2429,256.6,1.2
1399,1,1641.7,23583.47,0.366919,1.1853847132079102e-06,0.663501,266.3,0.2403,256.6,1.2
1400,1,1642.38,23575.24,0.385968,1.1853785128368157e-06,0.519229,269.4,0.2375,256.8,1.1
1401,1,1654.84,23735.94,0.414129,1.1853723047478662e-06,0.813033,275.0,0.2328,257.6,1.1
1402,1,1655.52,23727.5,0.419989,1.185366088941202e-06,0.703929,272.1,0.2352,258.0,1.0
1403,1,1656.2,23719.17,0.485315,1.1853598654169635e-06,0.749852,266.9,0.2398,258.1,1.0
1404,1,1656.87,23710.77,0.3969,1.1853536341752916e-06,0.852056,270.8,0.2364,258.3,1.0
1405,1,1657.55,23702.36,0.44433,1.1853473952163271e-06,0.713067,274.8,0.2329,258.8,0.9
1406,1,1658.23,23694.07,0.384486,1.1853411485402108e-06,0.836231,266.0,0.2406,258.7,0.9
1407,1,1658.9,23685.66,0.475371,1.1853348941470842e-06,0.941751,270.8,0.2363,259.0,0.8
1408,1,1659.58,23677.34,0.449887,1.1853286320370884e-06,0.876773,272.3,0.2351,262.1,0.6
1409,1,1660.26,23668.99,0.439354,1.1853223622103652e-06,0.775753,274.5,0.2331,262.5,0.6
1410,1,1660.93,23660.66,0.418115,1.185316084667056e-06,0.576192,273.8,0.2337,263.0,0.6
1411,1,1661.61,23652.39,0.438818,1.185309799407303e-06,0.717486,272.3,0.235,263.4,0.6
1412,1,1662.29,23644.1,0.413381,1.185303506431248e-06,0.614466,272.7,0.2347,263.8,0.5
1413,1,1662.97,23635.79,0.454744,1.1852972057390335e-06,0.687638,275.4,0.2324,264.4,0.5
1414,1,1663.65,23627.56,0.408824,1.185290897330802e-06,0.696505,269.2,0.2378,264.5,0.5
1415,1,1664.32,23619.29,0.415764,1.1852845812066957e-06,0.592733,271.0,0.2361,264.6,0.5
1416,1,1665.01,23611.12,0.475528,1.1852782573668577e-06,0.776486,268.5,0.2384,268.7,0.4
1417,1,1665.69,23602.92,0.412213,1.1852719258114307e-06,0.829685,269.6,0.2374,269.7,0.4
1418,1,1666.37,23594.71,0.45198,1.185265586540558e-06,0.683999,270.9,0.2362,270.0,0.4
1419,1,1667.05,23586.55,0.414441,1.1852592395543826e-06,0.577518,269.6,0.2374,270.2,0.4
1420,1,1667.73,23578.41,0.428726,1.1852528848530482e-06,0.580369,268.2,0.2387,270.1,0.4
1421,1,1668.55,23572.22,0.473595,1.1852465224366987e-06,0.67205,271.0,0.2362,269.8,0.4
1422,1,1669.23,23564.12,0.412223,1.1852401523054774e-06,0.567071,268.4,0.2384,269.5,0.5
1423,1,1669.92,23556.01,0.401789,1.1852337744595285e-06,0.690447,268.2,0.2386,269.5,0.5
1424,1,1670.6,23547.93,0.476602,1.1852273888989962e-06,0.908348,269.3,0.2377,269.4,0.5
1425,1,1671.28,23539.87,0.448621,1.1852209956240248e-06,0.673695,268.4,0.2384,268.8,0.6
1426,1,1671.97,23531.82,0.402855,1.1852145946347588e-06,0.83415,269.8,0.2372,268.9,0.6
1427,1,1672.65,23523.79,0.45425,1.1852081859313428e-06,1.021784,268.3,0.2385,268.7,0.7
1428,1,1673.34,23515.78,0.431698,1.185201769513922e-06,0.735445,267.7,0.2391,268.3,0.8
1429,1,1674.02,23507.78,0.438178,1.185195345382641e-06,0.616769,267.6,0.2392,267.9,0.8
1430,1,1674.71,23499.81,0.438901,1.1851889135376453e-06,0.644457,267.6,0.2392,267.6,0.8
1431,1,1675.39,23491.81,0.387888,1.1851824739790802e-06,0.557179,266.7,0.24,267.0,0.9
1432,1,1676.08,23483.78,0.416086,1.1851760267070914e-06,0.711084,268.3,0.2385,266.8,0.9
1433,1,1676.76,23475.81,0.378184,1.1851695717218245e-06,0.811097,268.1,0.2387,266.3,0.9
1434,1,1677.44,23467.85,0.460782,1.1851631090234251e-06,0.652344,266.6,0.24,266.0,1.0
1435,1,1678.13,23459.88,0.417435,1.1851566386120397e-06,0.772023,270.2,0.2368,265.9,1.0
1436,1,1678.81,23451.93,0.416412,1.1851501604878145e-06,0.679999,267.3,0.2395,265.8,1.0
1437,1,1679.5,23444.05,0.448797,1.1851436746508958e-06,0.581799,264.4,0.242,265.5,1.0
1438,1,1680.19,23436.15,0.398048,1.18513718110143e-06,0.45127,266.9,0.2398,265.3,1.0
1439,1,1680.88,23428.41,0.409868,1.1851306798395643e-06,0.61935,257.4,0.2487,264.7,1.0
1440,1,1681.62,23421.19,0.445107,1.1851241708654454e-06,0.628809,213.3,0.3001,261.5,1.0
1441,1,1682.3,23413.3,0.435822,1.1851176541792205e-06,0.702378,266.6,0.2401,261.1,1.1
1442,1,1682.99,23405.41,0.425094,1.1851111297810367e-06,0.57564,268.0,0.2388,261.2,1.0
1443,1,1683.67,23397.57,0.40137,1.1851045976710419e-06,0.653817,265.9,0.2407,261.1,1.0
1444,1,1684.36,23389.73,0.373693,1.1850980578493834e-06,0.516831,268.8,0.2381,260.9,1.1
1445,1,1685.04,23381.89,0.514705,1.185091510316209e-06,1.099457,266.5,0.2402,260.9,1.0
1446,1,1685.73,23374.03,0.44309,1.185084955071667e-06,0.781777,268.8,0.2381,261.0,1.0
1447,1,1686.42,23366.26,0.401747,1.1850783921159053e-06,0.613605,266.1,0.2405,260.9,1.0
1448,1,1687.11,23358.49,0.436211,1.1850718214490724e-06,0.578566,266.3,0.2403,260.9,1.0
1449,1,1687.87,23351.83,0.454861,1.1850652430713167e-06,0.674232,200.4,0.3194,256.4,1.0
1450,1,1688.51,23343.35,0.401668,1.1850586569827872e-06,0.656644,261.8,0.2445,256.0,1.1
1451,1,1689.21,23335.81,0.484258,1.1850520631836322e-06,0.83396,255.2,0.2508,255.4,1.1
1452,1,1689.9,23328.05,0.417944,1.1850454616740012e-06,0.64715,265.7,0.2409,255.3,1.1
1453,1,1690.59,23320.37,0.432763,1.1850388524540431e-06,0.613646,265.0,0.2415,255.2,1.1
1454,1,1691.28,23312.63,0.453934,1.1850322355239075e-06,0.908843,265.3,0.2412,255.2,1.1
1455,1,1691.96,23304.87,0.473812,1.185025610883744e-06,0.732144,266.9,0.2398,255.1,1.0
1456,1,1692.65,23297.16,0.492394,1.1850189785337024e-06,0.660492,267.0,0.2397,255.2,1.0
1457,1,1693.33,23289.43,0.414465,1.1850123384739325e-06,0.699761,267.7,0.2391,255.2,1.1
1458,1,1694.02,23281.75,0.419872,1.1850056907045842e-06,0.58372,265.0,0.2415,255.1,1.1
1459,1,1694.71,23274.09,0.438983,1.184999035225808e-06,0.823495,266.0,0.2406,255.5,1.1
1460,1,1695.4,23266.41,0.399806,1.1849923720377543e-06,0.798343,266.8,0.2398,258.5,1.1
1461,1,1696.17,23259.87,0.430256,1.1849857011405738e-06,0.588892,257.4,0.2486,257.9,1.2
1462,1,1696.85,23252.14,0.421278,1.184979022534417e-06,0.649666,270.7,0.2364,257.9,1.2
1463,1,1697.56,23244.81,0.46644,1.184972336219435e-06,0.689966,245.1,0.2611,256.8,1.2
1464,1,1698.23,23236.97,0.443575,1.1849656421957791e-06,0.620877,265.3,0.2413,256.8,1.2
1465,1,1698.91,23229.32,0.398335,1.1849589404636004e-06,0.613632,266.0,0.2406,256.7,1.2
1466,1,1699.61,23221.78,0.4241,1.1849522310230504e-06,0.699037,263.0,0.2434,256.4,1.2
1467,1,1700.29,23214.13,0.410583,1.1849455138742808e-06,0.691841,266.1,0.2405,256.3,1.3
1468,1,1700.99,23206.63,0.4694,1.1849387890174437e-06,0.724372,259.1,0.247,256.0,1.2
1469,1,1701.66,23198.92,0.46138,1.1849320564526905e-06,1.286873,268.2,0.2386,260.5,1.2
1470,1,1702.35,23191.36,0.444335,1.1849253161801739e-06,0.756902,266.0,0.2406,260.7,1.1
1471,1,1703.04,23183.83,0.420067,1.184918568200046e-06,0.550193,265.5,0.2411,261.5,1.0
1472,1,1703.73,23176.3,0.447183,1.1849118125124595e-06,0.728058,265.3,0.2412,261.5,1.1
1473,1,1704.42,23168.82,0.447497,1.184905049117567e-06,0.85804,261.6,0.2447,261.3,1.1
1474,1,1705.11,23161.22,0.409604,1.1848982780155212e-06,0.742954,267.5,0.2392,261.3,1.1
1475,1,1705.79,23153.67,0.419212,1.1848914992064753e-06,0.485357,266.3,0.2403,261.2,1.1
1476,1,1706.48,23146.18,0.45058,1.1848847126905829e-06,0.697525,266.2,0.2404,261.0,1.2
1477,1,1707.17,23138.65,0.467067,1.1848779184679967e-06,0.763298,268.6,0.2382,261.1,1.2
1478,1,1707.86,23131.16,0.480197,1.1848711165388706e-06,0.86397,268.0,0.2388,261.2,1.2
1479,1,1708.54,23123.67,0.386484,1.1848643069033587e-06,0.791346,267.9,0.2389,261.3,1.2
1480,1,1709.23,23116.22,0.456292,1.1848574895616143e-06,0.738042,265.8,0.2408,261.1,1.2
1481,1,1709.96,23109.34,0.450638,1.1848506645137918e-06,0.662756,268.2,0.2386,261.9,1.1
1482,1,1710.65,23101.84,0.421763,1.1848438317600456e-06,0.729703,268.6,0.2383,261.8,1.1
1483,1,1711.34,23094.41,0.447767,1.18483699130053e-06,1.053756,265.3,0.2412,262.8,1.2
1484,1,1712.02,23086.93,0.46914,1.1848301431353993e-06,0.786148,266.0,0.2406,262.8,1.2
1485,1,1712.71,23079.52,0.40667,1.1848232872648091e-06,0.520274,264.2,0.2423,262.7,1.2
1486,1,1713.4,23072.1,0.473153,1.1848164236889135e-06,0.699662,265.6,0.241,262.9,1.2
1487,1,1714.09,23064.68,0.472148,1.1848095524078682e-06,0.741217,267.7,0.2391,263.1,1.1
1488,1,1714.78,23057.28,0.454695,1.1848026734218283e-06,1.106549,267.2,0.2395,263.5,1.1
1489,1,1715.46,23049.9,0.418463,1.1847957867309494e-06,0.77545,265.0,0.2415,263.3,1.1
1490,1,1716.15,23042.48,0.489058,1.184788892335387e-06,0.896037,264.9,0.2416,263.3,1.1
1491,1,1716.87,23035.58,0.426055,1.1847819902352968e-06,0.640863,248.0,0.258,262.2,1.2
1492,1,1717.56,23028.18,0.452981,1.1847750804308351e-06,0.708819,268.0,0.2388,262.3,1.2
1493,1,1718.32,23021.8,0.375457,1.1847681629221582e-06,0.539506,204.5,0.313,258.8,1.1
1494,1,1718.93,23013.42,0.424365,1.184761237709422e-06,0.653809,268.0,0.2388,258.9,1.1
1495,1,1719.62,23006.07,0.485396,1.1847543047927836e-06,1.168972,265.8,0.2408,258.8,1.1
1496,1,1720.31,22998.73,0.438039,1.1847473641723993e-06,0.820355,267.1,0.2396,258.9,1.1
1497,1,1720.99,22991.39,0.41009,1.184740415848426e-06,0.718227,267.9,0.2389,259.0,1.0
1498,1,1721.68,22984.05,0.459959,1.1847334598210208e-06,0.928826,266.4,0.2402,259.0,1.0
1499,1,1722.37,22976.75,0.471163,1.184726496090341e-06,0.786317,263.9,0.2425,258.7,1.1
1500,1,1723.05,22969.43,0.452937,1.184719524656544e-06,1.108263,266.1,0.2405,258.8,1.0
1501,1,1858.65,24759.36,0.47665,1.1847125455197874e-06,0.9186,242.8,0.2636,257.6,1.0
1502,1,1859.32,24750.44,0.417195,1.1847055586802288e-06,0.613515,270.9,0.2363,257.8,0.9
1503,1,1859.99,24741.75,0.4101,1.1846985641380263e-06,0.715081,272.4,0.2349,258.3,0.9
1504,1,1860.67,24733.11,0.43754,1.184691561893338e-06,0.767379,268.1,0.2387,258.5,0.8
1505,1,1861.35,24724.47,0.383801,1.184684551946322e-06,0.714106,267.8,0.239,258.8,0.8
1506,1,1862.03,24715.81,0.404505,1.184677534297137e-06,0.771753,268.5,0.2384,258.9,0.8
1507,1,1862.71,24707.13,0.408601,1.1846705089459414e-06,0.643816,272.0,0.2353,259.2,0.8
1508,1,1863.38,24698.49,0.425375,1.1846634758928943e-06,0.518182,271.1,0.2361,259.5,0.7
1509,1,1864.06,24689.83,0.44606,1.1846564351381544e-06,0.683112,272.3,0.235,259.8,0.7
1510,1,1864.74,24681.29,0.434681,1.1846493866818809e-06,0.577148,268.9,0.238,260.1,0.7
1511,1,1865.42,24672.71,0.399749,1.1846423305242328e-06,0.62913,268.5,0.2384,261.4,0.6
1512,1,1866.1,24664.15,0.431882,1.18463526666537e-06,0.713574,272.2,0.2351,261.5,0.6
1513,1,1866.78,24655.61,0.456811,1.1846281951054522e-06,0.641417,270.2,0.2368,265.8,0.6
1514,1,1867.47,24647.13,0.42547,1.184621115844639e-06,0.789628,266.1,0.2405,265.8,0.6
1515,1,1868.15,24638.59,0.420772,1.1846140288830904e-06,0.871425,269.5,0.2375,266.0,0.6
1516,1,1868.82,24629.99,0.400685,1.1846069342209668e-06,0.613341,274.1,0.2335,266.5,0.5
1517,1,1869.51,24621.53,0.415526,1.1845998318584285e-06,0.731919,265.7,0.2409,266.4,0.5
1518,1,1870.19,24613.07,0.390922,1.184592721795636e-06,0.581026,267.0,0.2397,266.4,0.5
1519,1,1870.87,24604.6,0.459708,1.1845856040327502e-06,0.74876,268.1,0.2387,266.8,0.4
1520,1,1871.56,24596.19,0.427167,1.1845784785699318e-06,0.691395,266.1,0.2405,266.9,0.4
1521,1,1872.28,24588.24,0.401005,1.1845713454073417e-06,0.809505,271.0,0.2362,268.5,0.4
1522,1,1872.96,24579.83,0.429681,1.1845642045451415e-06,0.862193,264.0,0.2425,268.2,0.4
1523,1,1873.64,24571.42,0.421183,1.1845570559834923e-06,0.857933,266.3,0.2403,267.9,0.4
1524,1,1874.33,24563.07,0.459643,1.1845498997225559e-06,0.896849,262.0,0.2443,267.6,0.3
1525,1,1875.01,24554.7,0.394543,1.184542735762494e-06,0.511169,260.9,0.2453,267.3,0.3
1526,1,1875.7,24546.33,0.468667,1.1845355641034684e-06,0.941423,266.0,0.2406,267.1,0.3
1527,1,1876.39,24538.01,0.444225,1.184528384745641e-06,0.526216,259.9,0.2462,266.5,0.3
1528,1,1877.07,24529.66,0.489065,1.1845211976891748e-06,0.977195,261.8,0.2445,266.1,0.3
1529,1,1877.77,24521.49,0.444027,1.1845140029342316e-06,0.675037,270.0,0.2371,265.9,0.3
1530,1,1878.52,24514.08,0.476396,1.1845068004809745e-06,0.989624,205.1,0.312,261.9,0.3
1531,1,1879.15,24505.02,0.427678,1.1844995903295657e-06,0.499772,263.0,0.2433,261.5,0.4
1532,1,1879.83,24496.72,0.50767,1.1844923724801687e-06,0.896567,267.5,0.2393,261.1,0.4
1533,1,1880.52,24488.43,0.407647,1.1844851469329462e-06,0.724563,267.5,0.2393,260.9,0.5
1534,1,1881.22,24480.35,0.426849,1.1844779136880619e-06,0.744295,252.3,0.2536,260.1,0.5
1535,1,1881.89,24471.95,0.431358,1.1844706727456793e-06,0.584995,263.9,0.2425,259.7,0.6
1536,1,1882.58,24463.73,0.413094,1.1844634241059618e-06,0.646337,264.6,0.2419,259.1,0.6
1537,1,1883.27,24455.5,0.423663,1.1844561677690735e-06,0.645205,263.9,0.2426,259.0,0.7
1538,1,1883.95,24447.23,0.408954,1.1844489037351783e-06,0.633648,268.5,0.2384,258.9,0.7
1539,1,1884.63,24439.02,0.485248,1.1844416320044404e-06,0.655023,267.3,0.2394,258.8,0.7
1540,1,1885.32,24430.82,0.425128,1.1844343525770242e-06,0.552784,266.2,0.2405,258.7,0.8
1541,1,1886.05,24423.15,0.497878,1.1844270654530943e-06,1.12096,269.8,0.2372,258.6,0.8
1542,1,1886.75,24415.21,0.431701,1.1844197706328153e-06,0.834966,264.2,0.2423,258.3,0.9
1543,1,1887.44,24407.05,0.417775,1.1844124681163522e-06,0.7094,266.6,0.2401,258.3,0.9
1544,1,1888.13,24398.88,0.434747,1.1844051579038697e-06,0.593006,267.8,0.239,258.5,1.0
1545,1,1888.82,24390.78,0.441032,1.1843978399955334e-06,0.583864,266.9,0.2398,258.7,1.0
1546,1,1889.5,24382.65,0.475374,1.1843905143915085e-06,0.765348,268.4,0.2384,258.6,1.1
1547,1,1890.19,24374.54,0.390757,1.1843831810919608e-06,0.602214,265.7,0.2409,258.9,1.1
1548,1,1890.88,24366.46,0.415502,1.184375840097056e-06,0.766263,263.2,0.2432,258.9,1.1
1549,1,1891.57,24358.34,0.404098,1.1843684914069601e-06,0.923246,267.0,0.2397,258.6,1.2
1550,1,1892.27,24350.5,0.415868,1.1843611350218392e-06,0.988015,264.5,0.242,261.9,1.3
1551,1,1892.96,24342.35,0.441233,1.1843537709418594e-06,0.825688,267.3,0.2394,262.3,1.3
1552,1,1893.64,24334.29,0.461639,1.184346399167187e-06,0.674418,265.6,0.2409,262.1,1.3
1553,1,1894.33,24326.23,0.396238,1.184339019697989e-06,0.832332,268.3,0.2386,262.2,1.3
1554,1,1895.15,24319.89,0.470932,1.1843316325344318e-06,0.706987,179.0,0.3575,256.5,1.3
1555,1,1895.73,24310.43,0.408382,1.1843242376766827e-06,0.632685,268.5,0.2384,256.8,1.3
1556,1,1896.42,24302.4,0.409142,1.184316835124909e-06,0.608322,267.1,0.2396,256.9,1.3
1557,1,1897.1,24294.39,0.407494,1.1843094248792777e-06,0.673059,266.5,0.2402,257.0,1.3
1558,1,1897.8,24286.52,0.397298,1.1843020069399564e-06,0.543982,262.6,0.2437,256.7,1.3
1559,1,1898.49,24278.5,0.428001,1.1842945813071127e-06,0.663192,265.6,0.2409,256.6,1.3
1560,1,1899.18,24270.53,0.393748,1.1842871479809144e-06,0.557588,262.6,0.2437,256.4,1.3
1561,1,1899.93,24263.33,0.393755,1.1842797069615299e-06,0.911781,264.3,0.2421,255.9,1.4
1562,1,1900.61,24255.33,0.408011,1.184272258249127e-06,0.655981,266.2,0.2404,256.3,1.3
1563,1,1901.3,24247.35,0.357537,1.1842648018438743e-06,0.571785,264.6,0.2419,256.2,1.3
1564,1,1902.0,24239.6,0.483647,1.1842573377459404e-06,0.811422,246.5,0.2597,255.0,1.3
1565,1,1902.69,24231.61,0.369709,1.1842498659554936e-06,0.521123,266.1,0.2405,254.8,1.4
1566,1,1903.37,24223.67,0.444316,1.184242386472703e-06,0.894213,265.9,0.2407,254.7,1.4
1567,1,1904.06,24215.76,0.493639,1.184234899297738e-06,0.734966,265.5,0.2411,254.6,1.5
1568,1,1904.76,24207.9,0.436826,1.184227404430767e-06,0.6219,263.2,0.2432,254.5,1.5
1569,1,1905.47,24200.33,0.41064,1.1842199018719604e-06,0.556172,255.8,0.2502,253.6,1.6
1570,1,1906.16,24192.43,0.51134,1.1842123916214871e-06,0.998868,263.8,0.2426,253.8,1.5
1571,1,1906.85,24184.53,0.448246,1.1842048736795172e-06,0.613707,267.3,0.2394,253.7,1.6
1572,1,1907.54,24176.68,0.452022,1.1841973480462204e-06,0.874209,264.0,0.2424,253.8,1.5
1573,1,1908.23,24168.86,0.456787,1.1841898147217669e-06,0.62116,264.2,0.2422,253.6,1.5
1574,1,1908.92,24161.02,0.411604,1.184182273706327e-06,0.789286,266.8,0.2399,259.9,1.5
1575,1,1909.61,24153.25,0.37469,1.1841747250000713e-06,0.773393,263.3,0.243,259.7,1.5
1576,1,1910.3,24145.46,0.445497,1.1841671686031702e-06,0.617644,263.7,0.2427,259.6,1.4
1577,1,1910.99,24137.6,0.447697,1.1841596045157944e-06,0.673773,266.8,0.2399,259.7,1.4
1578,1,1911.68,24129.81,0.481201,1.1841520327381152e-06,0.93703,263.6,0.2428,259.9,1.3
1579,1,1912.46,24123.11,0.45303,1.1841444532703035e-06,1.140861,193.3,0.3312,255.1,1.3
1580,1,1913.05,24114.16,0.429434,1.1841368661125308e-06,0.859782,265.5,0.2411,255.4,1.3
1581,1,1913.79,24106.98,0.409732,1.1841292712649686e-06,0.71768,267.0,0.2397,255.7,1.2
1582,1,1914.48,24099.17,0.439521,1.1841216687277883e-06,0.59537,268.3,0.2386,255.6,1.3
1583,1,1915.17,24091.51,0.42139,1.184114058501162e-06,0.725817,259.3,0.2468,255.3,1.3
1584,1,1915.86,24083.77,0.476319,1.1841064405852617e-06,1.000061,264.1,0.2423,256.3,1.3
1585,1,1916.55,24076.03,0.420045,1.1840988149802595e-06,0.545182,264.3,0.2421,256.2,1.3
1586,1,1917.24,24068.28,0.449908,1.1840911816863278e-06,0.728903,267.2,0.2395,256.4,1.2
1587,1,1917.93,24060.55,0.468449,1.1840835407036392e-06,0.814919,266.7,0.24,256.4,1.3
1588,1,1918.62,24052.83,0.445039,1.1840758920323662e-06,0.940366,267.1,0.2396,256.7,1.2
1589,1,1919.31,24045.15,0.449787,1.184068235672682e-06,0.677295,263.9,0.2425,257.4,1.1
1590,1,1920.04,24037.87,0.432728,1.1840605716247593e-06,0.861906,252.6,0.2534,256.6,1.2
1591,1,1920.71,24029.98,0.413233,1.1840528998887715e-06,0.752321,266.4,0.2403,256.7,1.1
1592,1,1921.4,24022.28,0.433049,1.184045220464892e-06,0.681478,266.7,0.24,256.8,1.1
1593,1,1922.09,24014.63,0.420123,1.1840375333532946e-06,0.785633,266.2,0.2405,256.9,1.1
1594,1,1922.78,24007.01,0.441294,1.1840298385541527e-06,1.00822,263.3,0.243,256.8,1.1
1595,1,1923.47,23999.37,0.35577,1.1840221360676405e-06,0.549991,263.9,0.2426,256.8,1.1
1596,1,1924.16,23991.74,0.451942,1.184014425893932e-06,0.602781,263.0,0.2433,256.9,1.1
1597,1,1924.86,23984.16,0.37897,1.1840067080332014e-06,0.576058,259.2,0.2469,256.4,1.1
1598,1,1925.54,23976.48,0.423767,1.1839989824856234e-06,0.703126,266.8,0.2399,256.5,1.1
1599,1,1926.23,23968.83,0.45694,1.1839912492513722e-06,0.793906,267.2,0.2395,261.3,1.2
1600,1,1926.93,23961.32,0.463925,1.1839835083306231e-06,0.894804,257.1,0.2489,260.7,1.2
1601,1,1938.39,24087.61,0.427658,1.1839757597235506e-06,0.756045,274.0,0.2335,261.1,1.2
1602,1,1939.07,24079.82,0.436811,1.18396800343033e-06,0.645259,270.0,0.2371,261.4,1.1
1603,1,1939.75,24072.0,0.425009,1.1839602394511368e-06,0.82112,271.0,0.2362,262.2,1.1
1604,1,1940.43,24064.25,0.387636,1.1839524677861464e-06,0.656899,265.0,0.2415,262.3,1.0
1605,1,1941.1,24056.39,0.42182,1.1839446884355343e-06,0.882096,271.6,0.2357,262.8,1.0
1606,1,1941.79,24048.64,0.451619,1.1839369013994765e-06,0.762005,268.8,0.2381,263.0,0.9
1607,1,1942.46,24040.83,0.400721,1.1839291066781491e-06,0.578622,271.9,0.2354,263.5,0.8
1608,1,1943.14,24033.07,0.421658,1.1839213042717282e-06,0.766156,273.0,0.2344,263.7,0.8
1609,1,1943.82,24025.33,0.451306,1.1839134941803899e-06,0.692887,269.2,0.2377,264.2,0.8
1610,1,1944.5,24017.57,0.457971,1.1839056764043113e-06,1.141708,272.0,0.2353,265.5,0.6
1611,1,1945.18,24009.81,0.403555,1.1838978509436686e-06,0.56674,273.5,0.234,265.9,0.6
1612,1,1945.86,24002.11,0.477272,1.1838900177986389e-06,0.779498,272.3,0.2351,266.2,0.6
1613,1,1946.53,23994.38,0.416588,1.183882176969399e-06,0.47677,271.5,0.2357,266.5,0.6
1614,1,1947.21,23986.64,0.472981,1.1838743284561267e-06,0.676732,273.2,0.2343,267.0,0.6
1615,1,1947.89,23978.91,0.393461,1.183866472258999e-06,0.697138,275.3,0.2324,267.7,0.6
1616,1,1948.57,23971.28,0.449863,1.1838586083781934e-06,0.633839,269.1,0.2378,268.0,0.6
1617,1,1949.25,23963.59,0.412938,1.183850736813888e-06,0.988773,270.2,0.2368,268.7,0.5
1618,1,1949.93,23955.9,0.464706,1.18384285756626e-06,0.763024,272.3,0.235,269.1,0.5
1619,1,1950.61,23948.29,0.487233,1.1838349706354884e-06,0.721594,267.5,0.2393,269.2,0.4
1620,1,1951.29,23940.66,0.413527,1.183827076021751e-06,0.703685,269.9,0.2371,269.9,0.4
1621,1,1952.01,23933.47,0.442468,1.1838191737252262e-06,0.904984,270.6,0.2365,269.7,0.4
1622,1,1952.69,23925.85,0.404453,1.1838112637460928e-06,0.52098,270.1,0.2369,269.6,0.5
1623,1,1953.37,23918.29,0.395993,1.1838033460845297e-06,0.673181,266.7,0.24,269.2,0.5
1624,1,1954.06,23910.73,0.425389,1.1837954207407154e-06,0.708622,267.7,0.2391,269.3,0.5
1625,1,1954.74,23903.19,0.453667,1.1837874877148296e-06,0.82446,265.9,0.2407,268.9,0.6
1626,1,1955.43,23895.66,0.451154,1.1837795470070512e-06,0.797101,266.4,0.2403,268.6,0.7
1627,1,1956.11,23888.11,0.401943,1.18377159861756e-06,0.762514,267.6,0.2392,268.2,0.7
1628,1,1956.8,23880.64,0.4485,1.1837636425465353e-06,0.590657,265.9,0.2407,267.8,0.8
1629,1,1957.48,23873.13,0.450102,1.1837556787941573e-06,0.761295,267.0,0.2397,267.5,0.8
1630,1,1958.17,23865.67,0.4378,1.1837477073606058e-06,0.684403,269.6,0.2374,267.3,0.9
1631,1,1958.86,23858.21,0.424692,1.1837397282460609e-06,0.650884,266.7,0.24,266.8,0.9
1632,1,1959.55,23850.74,0.428291,1.1837317414507029e-06,0.840973,267.4,0.2393,266.5,0.9
1633,1,1960.23,23843.26,0.424234,1.1837237469747127e-06,0.761493,266.9,0.2398,266.0,1.0
1634,1,1960.92,23835.84,0.416777,1.1837157448182708e-06,0.653569,263.7,0.2427,265.6,1.0
1635,1,1961.61,23828.44,0.486807,1.183707734981558e-06,0.679103,265.6,0.2409,264.9,1.1
1636,1,1962.29,23820.99,0.42846,1.1836997174647555e-06,0.53475,268.5,0.2384,264.9,1.1
1637,1,1962.98,23813.58,0.377127,1.1836916922680446e-06,0.624443,266.2,0.2405,264.6,1.1
1638,1,1963.67,23806.2,0.446572,1.1836836593916063e-06,0.551947,265.6,0.2409,264.2,1.1
1639,1,1964.36,23798.78,0.409746,1.1836756188356226e-06,0.743475,265.4,0.2411,264.1,1.1
1640,1,1965.04,23791.39,0.476164,1.183667570600275e-06,0.954447,266.4,0.2402,263.9,1.2
1641,1,1965.84,23785.39,0.392103,1.1836595146857455e-06,0.808479,249.8,0.2562,262.8,1.2
1642,1,1966.52,23777.88,0.394884,1.183651451092216e-06,0.685093,268.9,0.238,262.8,1.1
1643,1,1967.21,23770.52,0.403626,1.183643379819869e-06,0.491129,268.1,0.2387,263.0,1.1
1644,1,1967.9,23763.19,0.450821,1.183635300868887e-06,0.658518,264.9,0.2416,262.8,1.1
1645,1,1968.59,23755.89,0.392619,1.1836272142394522e-06,0.650964,264.0,0.2424,262.8,1.1
1646,1,1969.33,23749.24,0.419078,1.1836191199317477e-06,0.645558,216.2,0.296,259.9,1.0
1647,1,1969.97,23741.36,0.444968,1.1836110179459567e-06,0.723689,263.7,0.2427,259.7,1.0
1648,1,1970.66,23734.0,0.446997,1.1836029082822618e-06,0.66736,268.9,0.238,260.0,1.0
1649,1,1971.38,23727.07,0.436629,1.1835947909408466e-06,0.586358,247.9,0.2581,258.7,1.1
1650,1,1972.05,23719.54,0.387795,1.1835866659218948e-06,0.455881,265.4,0.2411,258.6,1.1
1651,1,1972.73,23712.21,0.391702,1.1835785332255898e-06,0.911833,267.6,0.2392,258.7,1.0
1652,1,1973.42,23704.91,0.487789,1.1835703928521153e-06,0.878201,267.9,0.2389,258.6,1.1
1653,1,1974.11,23697.63,0.463972,1.1835622448016555e-06,0.685191,267.8,0.239,258.8,1.0
1654,1,1974.79,23690.35,0.434293,1.1835540890743943e-06,0.665468,264.9,0.2416,258.7,1.1
1655,1,1975.48,23683.06,0.400853,1.1835459256705162e-06,0.574753,268.1,0.2387,258.9,1.0
1656,1,1976.17,23675.89,0.472327,1.183537754590206e-06,0.83232,259.5,0.2466,258.5,1.1
1657,1,1976.86,23668.63,0.424097,1.1835295758336481e-06,0.658139,261.9,0.2444,258.2,1.1
1658,1,1977.55,23661.36,0.409049,1.1835213894010275e-06,0.538454,266.5,0.2402,258.3,1.1
1659,1,1978.23,23654.1,0.437209,1.183513195292529e-06,0.706207,267.2,0.2396,258.3,1.1
1660,1,1978.92,23646.87,0.443758,1.183504993508338e-06,0.701544,267.8,0.239,258.4,1.1
1661,1,1979.7,23640.81,0.401228,1.18349678404864e-06,0.70751,216.6,0.2955,256.4,1.1
1662,1,1980.33,23632.93,0.407575,1.1834885669136203e-06,0.613606,265.7,0.2409,256.2,1.1
1663,1,1981.02,23625.75,0.42259,1.1834803421034649e-06,0.553867,265.7,0.2408,256.0,1.1
1664,1,1981.71,23618.58,0.482655,1.1834721096183594e-06,0.73549,265.1,0.2415,256.0,1.1
1665,1,1982.4,23611.39,0.442407,1.1834638694584901e-06,0.619553,266.5,0.2401,256.1,1.1
1666,1,1983.09,23604.19,0.418695,1.183455621624043e-06,0.730544,268.9,0.238,259.2,1.1
1667,1,1983.77,23597.04,0.394277,1.183447366115205e-06,0.545103,262.8,0.2435,259.2,1.1
1668,1,1984.46,23589.87,0.42506,1.1834391029321624e-06,0.55315,267.2,0.2395,258.9,1.2
1669,1,1985.15,23582.72,0.420569,1.1834308320751022e-06,0.589824,265.4,0.2411,260.2,1.0
1670,1,1985.84,23575.58,0.436779,1.183422553544211e-06,0.729431,266.1,0.2405,260.2,1.0
1671,1,1986.53,23568.44,0.42267,1.183414267339676e-06,0.669471,266.6,0.2401,260.0,1.1
1672,1,1987.21,23561.32,0.421997,1.1834059734616846e-06,0.64575,262.7,0.2437,259.8,1.1
1673,1,1987.9,23554.14,0.372133,1.1833976719104244e-06,0.693153,269.8,0.2372,260.0,1.0
1674,1,1988.59,23547.09,0.405854,1.1833893626860826e-06,0.766166,264.0,0.2425,260.1,1.0
1675,1,1989.28,23539.99,0.41366,1.1833810457888476e-06,0.743621,265.3,0.2413,260.0,1.0
1676,1,1989.97,23532.91,0.443188,1.183372721218907e-06,1.046055,265.1,0.2414,260.3,0.9
1677,1,1990.65,23525.81,0.420411,1.183364388976449e-06,0.528374,265.8,0.2408,260.6,0.9
1678,1,1991.35,23518.79,0.452214,1.183356049061662e-06,0.734479,265.3,0.2412,260.5,0.9
1679,1,1992.04,23511.72,0.436671,1.1833477014747347e-06,0.949641,266.2,0.2404,260.3,1.0
1680,1,1992.73,23504.67,0.386197,1.1833393462158555e-06,0.574174,264.6,0.2418,260.1,1.0
1681,1,1993.46,23498.11,0.452865,1.1833309832852134e-06,0.739896,268.0,0.2388,263.0,1.1
1682,1,1994.14,23491.04,0.413193,1.1833226126829974e-06,0.925465,266.9,0.2398,263.1,1.1
1683,1,1994.83,23483.95,0.431522,1.1833142344093968e-06,0.803325,267.9,0.2389,263.3,1.0
1684,1,1995.52,23476.97,0.404897,1.1833058484646007e-06,0.595284,268.5,0.2384,263.4,1.0
1685,1,1996.21,23469.94,0.437159,1.183297454848799e-06,0.558146,266.9,0.2398,263.3,1.1
1686,1,1996.89,23462.9,0.457389,1.183289053562181e-06,1.096188,266.2,0.2404,263.2,1.1
1687,1,1997.58,23455.87,0.431891,1.183280644604937e-06,0.628121,265.3,0.2412,263.3,1.1
1688,1,1998.27,23448.85,0.414394,1.183272227977257e-06,0.750331,265.5,0.241,263.4,1.0
1689,1,1998.96,23441.86,0.419376,1.1832638036793309e-06,0.59325,265.4,0.2412,263.3,1.0
1690,1,1999.64,23434.88,0.423605,1.1832553717113495e-06,0.636375,265.0,0.2415,263.2,1.1
1691,1,2000.34,23427.95,0.413802,1.1832469320735031e-06,0.780121,262.7,0.2436,263.0,1.1
1692,1,2001.11,23422.01,0.468994,1.1832384847659827e-06,0.979062,194.2,0.3295,258.3,1.1
1693,1,2001.73,23414.23,0.416753,1.1832300297889794e-06,0.517217,265.6,0.2409,257.9,1.2
1694,1,2002.42,23407.26,0.40697,1.183221567142684e-06,1.095411,265.3,0.2412,258.0,1.2
1695,1,2003.11,23400.3,0.43988,1.1832130968272878e-06,0.690228,265.3,0.2413,258.0,1.2
1696,1,2003.79,23393.36,0.487431,1.1832046188429824e-06,0.763522,266.0,0.2406,258.0,1.2
1697,1,2004.48,23386.43,0.44887,1.1831961331899592e-06,0.46613,268.2,0.2386,257.8,1.3
1698,1,2005.17,23379.5,0.479831,1.18318763986841e-06,0.635266,268.0,0.2388,258.1,1.2
1699,1,2005.86,23372.57,0.402882,1.1831791388785272e-06,0.825992,267.6,0.2391,258.2,1.2
1700,1,2006.55,23365.66,0.492802,1.1831706302205025e-06,0.854468,264.9,0.2416,258.2,1.2
1701,1,2007.29,23359.34,0.45906,1.1831621138945287e-06,0.612381,268.8,0.2381,258.3,1.2
1702,1,2007.97,23352.44,0.428382,1.1831535899007978e-06,0.85958,265.9,0.2407,258.1,1.3
1703,1,2008.66,23345.54,0.488934,1.1831450582395027e-06,0.74254,267.4,0.2393,258.1,1.3
1704,1,2009.35,23338.67,0.446007,1.1831365189108364e-06,0.680356,264.4,0.2421,257.8,1.3
1705,1,2010.04,23331.78,0.428066,1.1831279719149915e-06,0.603432,267.7,0.2391,258.0,1.3
1706,1,2010.73,23324.92,0.435301,1.1831194172521615e-06,0.743978,266.2,0.2404,257.9,1.3
1707,1,2011.42,23318.05,0.47725,1.1831108549225395e-06,0.710432,267.7,0.2391,257.9,1.3
1708,1,2012.1,23311.17,0.386264,1.1831022849263194e-06,0.563699,268.3,0.2385,258.0,1.3
1709,1,2012.79,23304.32,0.442972,1.1830937072636948e-06,0.766904,264.4,0.2421,258.1,1.3
1710,1,2013.48,23297.48,0.444118,1.1830851219348595e-06,0.634432,266.0,0.2406,258.2,1.3
1711,1,2014.17,23290.64,0.441763,1.1830765289400077e-06,0.521583,265.6,0.241,258.5,1.2
1712,1,2014.85,23283.81,0.421179,1.1830679282793333e-06,0.606301,266.0,0.2406,263.3,1.2
1713,1,2015.54,23277.0,0.411922,1.1830593199530312e-06,0.805232,263.1,0.2432,263.1,1.2
1714,1,2016.23,23270.18,0.432799,1.1830507039612955e-06,0.803897,264.3,0.2422,263.1,1.2
1715,1,2016.92,23263.37,0.476331,1.1830420803043213e-06,0.995159,265.0,0.2415,262.9,1.3
1716,1,2017.61,23256.58,0.428455,1.1830334489823032e-06,0.953505,265.6,0.241,263.0,1.2
1717,1,2018.3,23249.8,0.465977,1.1830248099954365e-06,0.89033,265.2,0.2413,263.0,1.2
1718,1,2018.99,23243.03,0.411957,1.1830161633439166e-06,0.572417,265.9,0.2407,262.8,1.2
1719,1,2019.67,23236.24,0.48235,1.1830075090279385e-06,0.865381,265.1,0.2414,262.7,1.2
1720,1,2020.37,23229.5,0.451066,1.1829988470476982e-06,0.634225,265.1,0.2415,262.6,1.2
1721,1,2021.1,23223.29,0.438741,1.1829901774033916e-06,1.051759,266.9,0.2398,262.6,1.2
1722,1,2021.79,23216.5,0.420111,1.1829815000952143e-06,0.684099,267.5,0.2392,262.9,1.1
1723,1,2022.48,23209.76,0.443307,1.1829728151233624e-06,0.808733,263.5,0.2429,262.7,1.1
1724,1,2023.16,23203.02,0.429385,1.1829641224880325e-06,0.922589,265.5,0.2411,262.8,1.1
1725,1,2023.85,23196.26,0.379856,1.182955422189421e-06,0.716658,265.8,0.2408,262.7,1.1
1726,1,2024.54,23189.51,0.406041,1.1829467142277246e-06,0.654779,267.6,0.2392,262.8,1.1
1727,1,2025.22,23182.77,0.423588,1.18293799860314e-06,0.834851,265.4,0.2411,262.7,1.1
1728,1,2025.91,23176.04,0.389959,1.1829292753158644e-06,0.623968,266.6,0.2401,262.6,1.1
1729,1,2026.6,23169.35,0.457829,1.1829205443660948e-06,0.868326,265.4,0.2411,262.6,1.1
1730,1,2027.29,23162.65,0.46062,1.1829118057540286e-06,0.955437,264.8,0.2417,262.6,1.1
1731,1,2027.98,23155.97,0.441501,1.1829030594798631e-06,0.52064,266.7,0.24,262.6,1.1
1732,1,2028.71,23149.81,0.448953,1.1828943055437963e-06,0.51253,225.0,0.2844,260.1,1.1
1733,1,2029.36,23142.69,0.421434,1.1828855439460262e-06,0.859641,264.8,0.2417,260.3,1.1
1734,1,2030.05,23136.0,0.395356,1.1828767746867506e-06,0.491367,267.1,0.2396,260.5,1.1
1735,1,2030.73,23129.29,0.449155,1.1828679977661675e-06,0.796075,267.7,0.2391,260.6,1.1
1736,1,2031.42,23122.62,0.515632,1.1828592131844756e-06,0.977882,269.6,0.2374,260.8,1.1
1737,1,2032.11,23115.96,0.426371,1.1828504209418734e-06,0.614606,268.2,0.2387,261.1,1.1
1738,1,2032.79,23109.29,0.391701,1.1828416210385595e-06,0.648667,268.1,0.2387,261.1,1.1
1739,1,2033.48,23102.64,0.444787,1.182832813474733e-06,0.725168,267.3,0.2394,261.1,1.1
1740,1,2034.17,23096.05,0.460184,1.182823998250593e-06,0.757502,263.7,0.2427,261.2,1.1
1741,1,2034.9,23089.91,0.425423,1.1828151753663386e-06,0.617493,269.2,0.2378,261.4,1.0
1742,1,2035.6,23083.35,0.411425,1.1828063448221692e-06,0.729353,262.9,0.2434,261.1,1.0
1743,1,2036.29,23076.74,0.429118,1.1827975066182847e-06,0.658378,264.1,0.2423,261.1,1.1
1744,1,2036.97,23070.12,0.475342,1.1827886607548845e-06,1.131835,263.9,0.2425,261.0,1.1
1745,1,2037.66,23063.5,0.435341,1.1827798072321688e-06,0.585727,265.6,0.241,261.1,1.0
1746,1,2038.35,23056.9,0.433646,1.1827709460503377e-06,0.665116,267.7,0.2391,261.0,1.1
1747,1,2039.03,23050.31,0.43415,1.1827620772095914e-06,0.742078,264.9,0.2416,261.0,1.0
1748,1,2039.78,23044.37,0.431182,1.1827532007101304e-06,0.739319,214.7,0.2981,258.0,1.0
1749,1,2040.49,23038.02,0.469007,1.1827443165521553e-06,0.610063,206.5,0.3099,254.5,1.0
1750,1,2041.1,23030.63,0.460259,1.182735424735867e-06,0.957698,268.6,0.2383,254.6,1.0
1751,1,2041.79,23024.07,0.434976,1.1827265252614665e-06,0.713974,265.7,0.2408,254.6,1.0
1752,1,2042.48,23017.51,0.44361,1.1827176181291546e-06,0.708279,266.7,0.2399,257.0,1.0
1753,1,2043.17,23010.97,0.460875,1.182708703339133e-06,0.625832,267.3,0.2395,257.1,1.0
1754,1,2043.91,23005.09,0.429356,1.1826997808916032e-06,0.811239,214.2,0.2988,253.9,1.0
1755,1,2044.56,22998.09,0.442671,1.1826908507867667e-06,1.065133,265.5,0.2411,253.8,1.1
1756,1,2045.32,22992.42,0.43401,1.1826819130248255e-06,1.219728,202.7,0.3158,249.8,1.1
1757,1,2045.95,22985.22,0.406001,1.1826729676059818e-06,0.49584,267.9,0.2389,249.6,1.2
1758,1,2046.64,22978.73,0.441514,1.1826640145304373e-06,0.617274,264.7,0.2417,249.5,1.1
1759,1,2047.33,22972.21,0.426151,1.1826550537983947e-06,0.962297,266.9,0.2398,249.6,1.1
1760,1,2048.02,22965.73,0.422587,1.1826460854100564e-06,0.553611,265.5,0.2411,249.6,1.1
1761,1,2048.75,22959.74,0.447076,1.1826371093656253e-06,0.658442,266.6,0.2401,249.5,1.1
1762,1,2049.44,22953.24,0.463511,1.1826281256653043e-06,0.935829,266.5,0.2401,249.6,1.1
1763,1,2050.12,22946.74,0.44546,1.1826191343092963e-06,0.666779,267.6,0.2392,249.9,1.1
1764,1,2050.81,22940.26,0.383078,1.1826101352978044e-06,0.501835,267.9,0.2389,250.1,1.1
1765,1,2051.5,22933.77,0.433255,1.1826011286310325e-06,0.748128,266.7,0.24,249.9,1.1
1766,1,2052.19,22927.3,0.429968,1.1825921143091836e-06,0.588434,264.7,0.2418,249.9,1.1
1767,1,2052.87,22920.81,0.42398,1.182583092332462e-06,0.574373,266.4,0.2403,250.1,1.1
1768,1,2053.56,22914.35,0.508709,1.182574062701071e-06,1.028954,264.4,0.242,252.8,1.1
1769,1,2054.24,22907.91,0.403276,1.1825650254152151e-06,0.689366,266.0,0.2406,256.2,1.2
1770,1,2054.93,22901.49,0.422322,1.1825559804750986e-06,0.595352,265.8,0.2407,256.1,1.1
1771,1,2055.62,22895.05,0.434376,1.1825469278809259e-06,0.598816,266.1,0.2405,256.0,1.2
1772,1,2056.31,22888.62,0.41603,1.1825378676329017e-06,0.582122,265.7,0.2408,255.8,1.2
1773,1,2057.08,22883.12,0.39207,1.1825287997312305e-06,0.743534,197.5,0.3241,251.5,1.2
1774,1,2057.69,22875.84,0.494189,1.1825197241761173e-06,0.956973,262.5,0.2438,254.3,1.3
1775,1,2058.37,22869.41,0.475291,1.1825106409677675e-06,0.904566,266.0,0.2406,254.3,1.2
1776,1,2059.06,22862.99,0.430354,1.1825015501063863e-06,1.209339,267.7,0.2391,258.3,1.2
1777,1,2059.75,22856.62,0.495831,1.1824924515921793e-06,1.033303,265.5,0.2411,258.2,1.2
1778,1,2060.44,22850.23,0.404238,1.182483345425352e-06,0.572231,266.1,0.2405,258.4,1.2
1779,1,2061.13,22843.85,0.402852,1.1824742316061104e-06,0.535799,265.5,0.2411,258.1,1.3
1780,1,2061.81,22837.49,0.448976,1.1824651101346604e-06,0.729713,265.6,0.241,258.1,1.3
1781,1,2062.55,22831.69,0.446728,1.1824559810112081e-06,0.676156,272.1,0.2352,258.4,1.3
1782,1,2063.24,22825.36,0.438162,1.1824468442359599e-06,0.734812,264.6,0.2418,258.4,1.2
1783,1,2063.93,22818.98,0.445658,1.1824376998091223e-06,0.603011,266.3,0.2404,258.3,1.3
1784,1,2064.72,22813.73,0.445241,1.182428547730902e-06,0.856631,189.2,0.3382,253.1,1.3
1785,1,2065.31,22806.35,0.462524,1.182419388001506e-06,0.698053,266.2,0.2404,253.1,1.3
1786,1,2066.0,22800.06,0.39761,1.182410220621141e-06,0.886093,263.5,0.2429,253.0,1.3
1787,1,2066.69,22793.72,0.426543,1.1824010455900145e-06,0.518674,265.5,0.241,252.9,1.3
1788,1,2067.37,22787.36,0.4335,1.1823918629083338e-06,0.694323,267.6,0.2392,253.0,1.3
1789,1,2068.06,22781.05,0.471639,1.1823826725763065e-06,0.579939,267.8,0.239,253.2,1.3
1790,1,2068.75,22774.73,0.425891,1.1823734745941405e-06,0.706069,265.7,0.2409,253.2,1.3
1791,1,2069.44,22768.46,0.439841,1.1823642689620434e-06,0.522367,263.6,0.2428,253.1,1.3
1792,1,2070.13,22762.16,0.410567,1.1823550556802234e-06,0.68489,266.4,0.2403,253.1,1.2
1793,1,2070.82,22755.88,0.457171,1.1823458347488886e-06,0.83153,263.7,0.2427,257.4,1.2
1794,1,2071.5,22749.56,0.437308,1.1823366061682478e-06,0.61136,266.9,0.2398,257.7,1.2
1795,1,2072.19,22743.28,0.396056,1.182327369938509e-06,0.668873,264.7,0.2418,257.7,1.2
1796,1,2072.88,22737.0,0.433181,1.1823181260598818e-06,0.719833,265.9,0.2407,257.7,1.1
1797,1,2073.57,22730.75,0.47652,1.1823088745325746e-06,0.955515,265.4,0.2411,257.8,1.1
1798,1,2074.25,22724.46,0.436544,1.1822996153567966e-06,0.70756,266.0,0.2406,257.6,1.2
1799,1,2074.94,22718.22,0.408231,1.1822903485327569e-06,0.989584,268.1,0.2388,257.9,1.1
1800,1,2075.63,22711.99,0.467661,1.1822810740606652e-06,0.48354,267.0,0.2397,258.0,1.1
1801,1,2095.45,22914.99,0.445931,1.1822717919407313e-06,0.705412,273.9,0.2337,258.0,1.1
1802,1,2096.12,22908.46,0.405929,1.1822625021731647e-06,0.669177,272.0,0.2353,258.4,1.1
1803,1,2096.8,22901.95,0.414751,1.1822532047581753e-06,0.59271,273.0,0.2345,258.9,1.0
1804,1,2097.47,22895.48,0.424077,1.1822438996959735e-06,0.805026,273.2,0.2343,264.6,1.0
1805,1,2098.15,22888.98,0.424182,1.1822345869867696e-06,0.500217,274.6,0.2331,265.2,0.9
1806,1,2098.82,22882.53,0.489453,1.182225266630774e-06,0.731545,270.4,0.2367,265.6,0.9
1807,1,2099.5,22876.08,0.434486,1.1822159386281974e-06,0.793131,272.0,0.2353,266.0,0.9
1808,1,2100.17,22869.58,0.437053,1.1822066029792509e-06,0.779381,275.6,0.2323,266.5,0.8
1809,1,2100.85,22863.15,0.464609,1.182197259684145e-06,0.825497,274.6,0.2331,267.0,0.8
1810,1,2101.53,22856.71,0.411147,1.182187908743091e-06,1.018229,273.3,0.2341,267.4,0.7
1811,1,2102.2,22850.27,0.430882,1.1821785501563007e-06,0.692386,273.1,0.2343,268.2,0.7
1812,1,2102.88,22843.88,0.409575,1.1821691839239855e-06,0.883883,269.4,0.2376,268.4,0.6
1813,1,2103.56,22837.49,0.375847,1.1821598100463568e-06,0.627669,270.3,0.2367,268.8,0.6
1814,1,2104.23,22831.06,0.435316,1.182150428523627e-06,0.720328,273.0,0.2344,269.2,0.6
1815,1,2104.91,22824.68,0.417332,1.1821410393560075e-06,0.754705,270.7,0.2364,269.7,0.5
1816,1,2105.59,22818.26,0.426182,1.1821316425437108e-06,0.795822,272.8,0.2346,270.0,0.5
1817,1,2106.27,22811.93,0.447673,1.1821222380869493e-06,0.793467,268.2,0.2386,270.2,0.5
1818,1,2106.95,22805.57,0.404641,1.1821128259859357e-06,0.566731,268.6,0.2382,270.5,0.4
1819,1,2107.63,22799.22,0.404339,1.1821034062408828e-06,0.57059,268.5,0.2384,270.6,0.4
1820,1,2108.31,22792.88,0.401579,1.1820939788520032e-06,0.750153,270.5,0.2366,270.7,0.4
1821,1,2109.02,22786.89,0.415185,1.1820845438195103e-06,0.643031,271.0,0.2362,270.5,0.5
1822,1,2109.7,22780.57,0.374502,1.1820751011436173e-06,0.479342,269.4,0.2375,270.3,0.5
1823,1,2110.38,22774.26,0.443562,1.1820656508245374e-06,0.579477,268.6,0.2383,270.0,0.5
1824,1,2111.06,22767.98,0.439744,1.1820561928624845e-06,0.655621,268.9,0.238,269.6,0.6
1825,1,2111.74,22761.68,0.395615,1.1820467272576721e-06,0.782606,269.1,0.2379,269.3,0.6
1826,1,2112.42,22755.42,0.443549,1.1820372540103144e-06,0.823896,268.7,0.2382,268.9,0.7
1827,1,2113.11,22749.23,0.421905,1.1820277731206255e-06,0.825787,262.9,0.2434,268.2,0.8
1828,1,2113.79,22742.95,0.414686,1.1820182845888197e-06,0.526763,268.5,0.2384,267.9,0.8
1829,1,2114.48,22736.76,0.453502,1.1820087884151113e-06,0.60564,260.0,0.2462,266.9,0.9
1830,1,2115.17,22730.53,0.416137,1.1819992845997152e-06,0.69062,267.0,0.2397,266.6,0.9
1831,1,2115.85,22724.29,0.524168,1.1819897731428461e-06,0.80593,268.3,0.2386,266.2,0.9
1832,1,2116.53,22718.09,0.431642,1.181980254044719e-06,0.622258,266.6,0.24,266.0,1.0
1833,1,2117.22,22711.89,0.410263,1.1819707273055488e-06,0.580202,268.4,0.2384,265.9,0.9
1834,1,2117.9,22705.67,0.462927,1.1819611929255513e-06,0.738933,268.8,0.2381,265.6,1.0
1835,1,2118.59,22699.49,0.428442,1.1819516509049416e-06,0.768271,269.5,0.2375,265.5,1.0
1836,1,2119.27,22693.28,0.42212,1.1819421012439355e-06,0.677938,269.9,0.2372,265.3,1.0
1837,1,2119.96,22687.15,0.430101,1.181932543942749e-06,0.854356,265.8,0.2408,265.2,1.0
1838,1,2120.65,22681.01,0.404106,1.181922979001598e-06,0.554454,264.5,0.242,264.9,1.0
1839,1,2121.33,22674.85,0.430334,1.1819134064206988e-06,0.745524,265.2,0.2413,264.7,1.1
1840,1,2122.02,22668.71,0.426359,1.181903826200268e-06,0.697433,267.0,0.2397,264.5,1.1
1841,1,2122.78,22663.41,0.408473,1.1818942383405216e-06,0.506924,261.2,0.245,263.8,1.2
1842,1,2123.47,22657.29,0.356516,1.1818846428416764e-06,0.697327,264.2,0.2423,263.4,1.2
1843,1,2124.16,22651.18,0.405007,1.1818750397039496e-06,0.624838,265.1,0.2415,263.2,1.2
1844,1,2124.84,22645.03,0.465793,1.1818654289275583e-06,0.583667,270.0,0.2371,263.3,1.2
1845,1,2125.53,22638.93,0.416172,1.1818558105127193e-06,0.777708,268.7,0.2382,263.4,1.2
1846,1,2126.22,22632.83,0.424625,1.1818461844596506e-06,0.69964,267.1,0.2396,263.4,1.1
1847,1,2126.91,22626.76,0.395412,1.1818365507685694e-06,0.659894,265.5,0.241,263.5,1.1
1848,1,2127.59,22620.62,0.408894,1.1818269094396935e-06,0.591138,268.7,0.2382,263.4,1.2
1849,1,2128.28,22614.52,0.394184,1.1818172604732407e-06,0.531856,266.7,0.24,263.8,1.1
1850,1,2128.98,22608.6,0.394615,1.1818076038694294e-06,0.678378,264.7,0.2418,263.2,1.3
1851,1,2129.66,22602.52,0.446784,1.1817979396284774e-06,0.878512,264.8,0.2417,263.0,1.3
1852,1,2130.35,22596.39,0.392646,1.1817882677506037e-06,0.61266,269.9,0.2371,263.2,1.3
1853,1,2131.03,22590.33,0.43571,1.1817785882360267e-06,0.727146,266.7,0.24,263.0,1.4
1854,1,2131.72,22584.28,0.459285,1.1817689010849653e-06,0.661271,266.6,0.24,262.9,1.4
1855,1,2132.41,22578.21,0.421116,1.181759206297638e-06,0.625099,267.7,0.2391,262.9,1.4
1856,1,2133.1,22572.21,0.45758,1.1817495038742644e-06,0.619183,265.0,0.2415,262.7,1.3
1857,1,2133.78,22566.18,0.389239,1.1817397938150637e-06,0.877934,265.9,0.2407,262.5,1.4
1858,1,2134.47,22560.16,0.391777,1.1817300761202553e-06,0.541879,266.5,0.2401,262.7,1.4
1859,1,2135.16,22554.17,0.400018,1.181720350790059e-06,0.852879,266.8,0.2399,262.8,1.4
1860,1,2135.85,22548.14,0.438652,1.1817106178246945e-06,0.726644,265.7,0.2409,262.7,1.4
1861,1,2136.58,22542.6,0.469873,1.1817008772243817e-06,0.685052,267.5,0.2393,263.4,1.2
1862,1,2137.27,22536.59,0.450561,1.181691128989341e-06,0.922448,265.0,0.2415,263.4,1.2
1863,1,2137.95,22530.57,0.419997,1.1816813731197926e-06,0.567936,267.7,0.2391,263.5,1.2
1864,1,2138.64,22524.55,0.410493,1.1816716096159572e-06,0.617049,268.5,0.2384,263.5,1.2
1865,1,2139.33,22518.56,0.443972,1.1816618384780551e-06,0.6321,267.2,0.2395,263.2,1.3
1866,1,2140.01,22512.57,0.399399,1.1816520597063076e-06,0.842464,269.3,0.2376,263.2,1.3
1867,1,2140.7,22506.64,0.409283,1.1816422733009357e-06,0.587141,262.5,0.2438,263.3,1.3
1868,1,2141.39,22500.63,0.400237,1.18163247926216e-06,0.589113,267.4,0.2394,263.1,1.3
1869,1,2142.07,22494.64,0.425729,1.1816226775902026e-06,0.727916,267.4,0.2393,263.2,1.3
1870,1,2142.76,22488.69,0.377269,1.1816128682852849e-06,0.767608,266.9,0.2398,263.8,1.1
1871,1,2143.45,22482.71,0.35998,1.1816030513476282e-06,0.543723,267.8,0.239,264.0,1.1
1872,1,2144.14,22476.77,0.472653,1.181593226777455e-06,0.685799,264.6,0.2419,263.8,1.1
1873,1,2144.83,22470.87,0.400098,1.1815833945749867e-06,0.526384,263.3,0.243,263.5,1.1
1874,1,2145.51,22464.93,0.463493,1.181573554740446e-06,0.635899,266.8,0.2399,263.6,1.1
1875,1,2146.2,22459.0,0.440149,1.1815637072740554e-06,0.660995,267.2,0.2395,263.5,1.1
1876,1,2146.91,22453.29,0.440608,1.1815538521760373e-06,0.796102,259.9,0.2463,263.0,1.2
1877,1,2147.59,22447.32,0.438263,1.1815439894466145e-06,0.763161,268.4,0.2384,263.3,1.1
1878,1,2148.28,22441.39,0.419186,1.1815341190860097e-06,0.86686,268.5,0.2383,263.4,1.1
1879,1,2148.96,22435.46,0.46413,1.181524241094446e-06,0.631274,266.8,0.2399,263.2,1.2
1880,1,2149.65,22429.57,0.435456,1.1815143554721473e-06,0.625925,263.3,0.243,263.1,1.2
1881,1,2150.39,22424.16,0.429448,1.1815044622193366e-06,0.708505,268.8,0.2381,263.1,1.2
1882,1,2151.07,22418.24,0.432345,1.1814945613362375e-06,1.046955,267.8,0.239,263.3,1.2
1883,1,2151.76,22412.34,0.443027,1.1814846528230736e-06,0.941141,264.6,0.2418,263.0,1.3
1884,1,2152.45,22406.55,0.443071,1.181474736680069e-06,0.539713,254.6,0.2514,262.3,1.3
1885,1,2153.14,22400.6,0.441805,1.1814648129074483e-06,0.885566,267.4,0.2393,262.3,1.2
1886,1,2153.82,22394.74,0.442277,1.1814548815054353e-06,0.775689,266.3,0.2403,262.3,1.2
1887,1,2154.51,22388.85,0.431749,1.1814449424742548e-06,0.88506,267.2,0.2395,262.4,1.2
1888,1,2155.2,22383.01,0.455269,1.181434995814131e-06,0.961984,265.1,0.2414,262.3,1.2
1889,1,2155.88,22377.12,0.429292,1.181425041525289e-06,0.715883,267.0,0.2397,262.2,1.3
1890,1,2156.57,22371.25,0.40798,1.181415079607954e-06,0.543554,266.5,0.2402,262.0,1.3
1891,1,2157.25,22365.39,0.464203,1.181405110062351e-06,0.671614,265.1,0.2414,261.9,1.3
1892,1,2157.94,22359.5,0.426584,1.1813951328887052e-06,0.789858,268.4,0.2384,262.0,1.4
1893,1,2158.62,22353.65,0.414405,1.1813851480872424e-06,0.765379,268.2,0.2387,262.2,1.4
1894,1,2159.31,22347.8,0.430376,1.1813751556581882e-06,0.456176,267.7,0.2391,262.1,1.4
1895,1,2159.99,22341.93,0.425739,1.1813651556017684e-06,0.72988,267.9,0.2389,262.0,1.5
1896,1,2160.67,22336.08,0.431383,1.181355147918209e-06,0.763978,265.4,0.2411,262.5,1.4
1897,1,2161.37,22330.39,0.4125,1.1813451326077362e-06,0.852862,257.5,0.2485,261.7,1.5
1898,1,2162.06,22324.56,0.430455,1.1813351096705765e-06,1.001016,265.3,0.2412,261.5,1.5
1899,1,2162.75,22318.79,0.452307,1.1813250791069564e-06,0.70881,265.4,0.2412,261.6,1.4
1900,1,2163.45,22313.15,0.432632,1.1813150409171024e-06,0.983842,261.6,0.2447,261.4,1.5
1901,1,2164.19,22307.88,0.408665,1.1813049951012417e-06,0.703589,268.0,0.2388,261.3,1.5
1902,1,2164.96,22302.93,0.392179,1.1812949416596013e-06,0.504533,198.7,0.3221,257.0,1.4
1903,1,2165.57,22296.39,0.433108,1.1812848805924083e-06,0.89906,256.2,0.2498,256.8,1.4
1904,1,2166.25,22290.54,0.441522,1.1812748118998902e-06,0.836583,267.4,0.2394,257.4,1.4
1905,1,2166.94,22284.75,0.432615,1.1812647355822747e-06,0.698398,266.5,0.2402,257.3,1.4
1906,1,2167.62,22278.96,0.431009,1.1812546516397893e-06,0.771964,266.9,0.2398,257.3,1.4
1907,1,2168.34,22273.48,0.409573,1.1812445600726624e-06,0.59059,266.3,0.2403,257.1,1.5
1908,1,2169.02,22267.74,0.420652,1.1812344608811217e-06,0.709802,265.4,0.2411,257.1,1.5
1909,1,2169.73,22262.14,0.428268,1.1812243540653954e-06,0.774156,266.4,0.2402,256.9,1.5
1910,1,2170.41,22256.39,0.415157,1.1812142396257124e-06,0.701936,265.1,0.2414,256.9,1.5
1911,1,2171.1,22250.65,0.431487,1.181204117562301e-06,0.542938,266.0,0.2406,256.9,1.5
1912,1,2171.78,22244.89,0.428113,1.18119398787539e-06,0.588657,266.9,0.2398,256.8,1.6
1913,1,2172.47,22239.14,0.415747,1.1811838505652084e-06,0.738677,267.4,0.2393,256.9,1.5
1914,1,2173.16,22233.41,0.444468,1.1811737056319855e-06,0.820225,265.2,0.2413,256.8,1.5
1915,1,2173.84,22227.7,0.445207,1.1811635530759503e-06,0.675445,264.9,0.2416,256.7,1.5
1916,1,2174.53,22221.98,0.418884,1.1811533928973324e-06,0.648153,267.6,0.2392,256.7,1.5
1917,1,2175.22,22216.3,0.397279,1.1811432250963616e-06,0.507695,264.9,0.2416,257.2,1.5
1918,1,2175.9,22210.55,0.427826,1.1811330496732677e-06,0.696275,267.7,0.2391,257.4,1.4
1919,1,2176.59,22204.85,0.431538,1.1811228666282805e-06,0.656471,267.3,0.2394,257.4,1.4
1920,1,2177.28,22199.16,0.457458,1.1811126759616303e-06,0.755772,267.7,0.2391,258.0,1.3
1921,1,2178.05,22194.3,0.41306,1.1811024776735475e-06,0.529153,268.2,0.2386,258.1,1.3
1922,1,2178.73,22188.6,0.437974,1.1810922717642626e-06,0.741002,265.9,0.2407,262.2,1.4
1923,1,2179.42,22182.92,0.404514,1.1810820582340063e-06,0.564266,266.3,0.2404,262.8,1.4
1924,1,2180.1,22177.22,0.381351,1.1810718370830095e-06,0.57763,265.1,0.2414,262.6,1.4
1925,1,2180.81,22171.76,0.458062,1.1810616083115028e-06,1.044921,245.5,0.2607,261.7,1.4
1926,1,2181.5,22166.08,0.451114,1.1810513719197178e-06,0.821866,266.5,0.2402,261.7,1.3
1927,1,2182.18,22160.42,0.413202,1.181041127907886e-06,0.869853,266.9,0.2398,261.9,1.3
1928,1,2182.87,22154.81,0.372283,1.1810308762762386e-06,0.630097,266.7,0.2399,262.1,1.2
1929,1,2183.56,22149.14,0.449113,1.1810206170250075e-06,0.887267,267.0,0.2397,262.2,1.2
1930,1,2184.27,22143.78,0.426705,1.1810103501544245e-06,0.870704,267.0,0.2397,262.1,1.3
1931,1,2184.96,22138.15,0.384685,1.181000075664722e-06,0.808127,266.1,0.2405,262.2,1.2
1932,1,2185.65,22132.53,0.41559,1.1809897935561317e-06,0.876584,263.9,0.2426,262.2,1.2
1933,1,2186.34,22126.89,0.427624,1.1809795038288864e-06,0.848868,265.2,0.2414,261.9,1.2
1934,1,2187.02,22121.26,0.430126,1.1809692064832184e-06,0.747058,266.7,0.2399,262.1,1.2
1935,1,2187.72,22115.72,0.435892,1.1809589015193609e-06,0.614943,260.4,0.2458,262.0,1.2
1936,1,2188.4,22110.04,0.426376,1.1809485889375465e-06,0.716892,267.6,0.2391,262.0,1.2
1937,1,2189.09,22104.47,0.396332,1.1809382687380083e-06,0.524632,262.6,0.2438,261.7,1.2
1938,1,2189.77,22098.85,0.380381,1.1809279409209795e-06,0.514695,266.2,0.2404,261.8,1.2
1939,1,2190.46,22093.25,0.471864,1.180917605486694e-06,1.112327,265.9,0.2407,261.7,1.2
1940,1,2191.15,22087.68,0.470753,1.180907262435385e-06,0.664681,267.1,0.2396,261.7,1.1
1941,1,2191.89,22082.64,0.474995,1.1808969117672862e-06,0.911583,270.3,0.2368,261.8,1.2
1942,1,2192.58,22077.04,0.412931,1.180886553482632e-06,0.761942,267.9,0.2389,262.0,1.1
1943,1,2193.3,22071.84,0.464433,1.180876187581656e-06,0.778511,260.6,0.2456,261.2,1.3
1944,1,2193.99,22066.3,0.416188,1.180865814064593e-06,0.741165,263.4,0.2429,261.2,1.3
1945,1,2194.68,22060.73,0.412925,1.180855432931677e-06,0.548972,266.2,0.2404,262.2,1.3
1946,1,2195.37,22055.19,0.462582,1.180845044183143e-06,0.666538,267.8,0.239,262.1,1.4
1947,1,2196.05,22049.64,0.368286,1.1808346478192257e-06,0.68643,265.9,0.2407,262.3,1.3
1948,1,2196.74,22044.09,0.474373,1.18082424384016e-06,1.023044,265.0,0.2415,262.0,1.4
1949,1,2197.43,22038.57,0.426796,1.1808138322461814e-06,0.931231,264.1,0.2423,261.9,1.4
1950,1,2198.12,22033.04,0.445215,1.180803413037525e-06,0.793902,264.9,0.2416,261.8,1.4
1951,1,2198.8,22027.49,0.44766,1.1807929862144263e-06,0.580423,267.4,0.2393,261.8,1.4
1952,1,2199.49,22021.97,0.44039,1.180782551777121e-06,0.780709,265.0,0.2415,261.9,1.4
1953,1,2200.18,22016.43,0.450467,1.1807721097258451e-06,0.836644,264.7,0.2417,262.0,1.3
1954,1,2200.86,22010.87,0.439204,1.1807616600608344e-06,0.675312,267.4,0.2394,262.0,1.3
1955,1,2201.55,22005.36,0.405476,1.1807512027823251e-06,0.613846,266.2,0.2405,262.2,1.3
1956,1,2202.24,21999.91,0.454943,1.1807407378905538e-06,0.716604,268.2,0.2387,262.2,1.4
1957,1,2202.94,21994.46,0.401842,1.1807302653857566e-06,0.677041,268.7,0.2382,262.5,1.4
1958,1,2203.62,21988.92,0.455339,1.1807197852681707e-06,0.77266,268.0,0.2388,262.6,1.4
1959,1,2204.31,21983.45,0.412438,1.1807092975380327e-06,0.750608,266.4,0.2402,262.5,1.4
1960,1,2204.99,21977.93,0.391971,1.1806988021955798e-06,0.665116,267.5,0.2393,262.5,1.4
1961,1,2205.73,21972.94,0.449993,1.1806882992410493e-06,0.750898,268.1,0.2387,262.4,1.4
1962,1,2206.41,21967.42,0.413452,1.1806777886746783e-06,0.896033,267.2,0.2395,262.4,1.4
1963,1,2207.1,21961.96,0.400485,1.1806672704967046e-06,0.802454,267.7,0.2391,263.3,1.2
1964,1,2207.81,21956.7,0.472159,1.1806567447073659e-06,0.926764,243.4,0.2629,262.1,1.2
1965,1,2208.48,21951.05,0.42308,1.1806462113069001e-06,0.947476,265.4,0.2411,262.2,1.2
1966,1,2209.17,21945.6,0.405683,1.1806356702955454e-06,0.630843,265.4,0.2411,262.1,1.2
1967,1,2209.85,21940.11,0.504024,1.18062512167354e-06,0.872271,265.4,0.2411,262.0,1.2
1968,1,2210.54,21934.65,0.441675,1.1806145654411224e-06,0.555271,268.3,0.2385,262.2,1.2
1969,1,2211.23,21929.23,0.410168,1.180604001598531e-06,0.685845,263.7,0.2427,262.2,1.2
1970,1,2211.95,21924.12,0.45625,1.1805934301460046e-06,0.815781,231.7,0.2763,260.6,1.1
1971,1,2212.61,21918.44,0.42876,1.1805828510837823e-06,0.639485,260.8,0.2454,260.4,1.0
1972,1,2213.31,21913.16,0.475703,1.180572264412103e-06,0.741918,258.0,0.2481,259.8,1.1
1973,1,2214.0,21907.76,0.418989,1.1805616701312065e-06,0.961423,255.1,0.2509,259.2,1.2
1974,1,2214.7,21902.42,0.424075,1.1805510682413317e-06,0.561159,251.3,0.2547,258.3,1.2
1975,1,2215.38,21896.9,0.396527,1.1805404587427185e-06,0.488592,264.6,0.2418,258.1,1.3
1976,1,2216.07,21891.51,0.44688,1.1805298416356069e-06,0.491639,264.1,0.2423,258.1,1.2
1977,1,2216.75,21886.1,0.372358,1.1805192169202363e-06,0.972138,266.4,0.2402,258.1,1.2
1978,1,2217.44,21880.67,0.446139,1.1805085845968476e-06,0.865736,267.2,0.2395,258.0,1.2
1979,1,2218.13,21875.28,0.384068,1.1804979446656806e-06,0.603742,266.5,0.2402,257.8,1.2
1980,1,2218.82,21869.91,0.455289,1.1804872971269757e-06,0.968288,265.7,0.2409,257.8,1.2
1981,1,2219.55,21864.98,0.455577,1.180476641980974e-06,0.61463,266.2,0.2405,257.6,1.3
1982,1,2220.24,21859.58,0.413843,1.1804659792279164e-06,0.702534,266.0,0.2406,257.4,1.3
1983,1,2220.92,21854.19,0.426908,1.1804553088680432e-06,0.567676,265.4,0.2411,257.3,1.3
1984,1,2221.6,21848.76,0.433058,1.1804446309015963e-06,0.599877,268.1,0.2387,258.5,1.3
1985,1,2222.29,21843.38,0.458074,1.1804339453288169e-06,0.560592,268.9,0.238,258.7,1.3
1986,1,2222.98,21837.99,0.433036,1.1804232521499462e-06,0.588064,267.6,0.2391,258.9,1.3
1987,1,2223.66,21832.64,0.428172,1.1804125513652263e-06,0.789493,267.7,0.2391,259.1,1.3
1988,1,2224.38,21827.57,0.440966,1.1804018429748988e-06,0.624248,237.9,0.269,257.5,1.3
1989,1,2225.05,21822.09,0.38833,1.180391126979206e-06,0.723464,265.3,0.2412,257.6,1.2
1990,1,2225.74,21816.71,0.457055,1.1803804033783899e-06,0.70609,266.4,0.2402,259.3,1.3
1991,1,2226.42,21811.32,0.44422,1.180369672172693e-06,0.713081,271.2,0.236,259.7,1.4
1992,1,2227.11,21805.99,0.455855,1.180358933362358e-06,0.783316,264.4,0.242,260.3,1.3
1993,1,2227.8,21800.65,0.456292,1.1803481869476273e-06,0.800038,266.0,0.2406,260.9,1.2
1994,1,2228.48,21795.31,0.437122,1.1803374329287439e-06,0.607258,265.5,0.2411,261.7,1.2
1995,1,2229.17,21789.99,0.409246,1.180326671305951e-06,0.616116,266.5,0.2402,261.9,1.2
1996,1,2229.86,21784.67,0.429601,1.180315902079492e-06,0.933616,265.1,0.2414,262.0,1.2
1997,1,2230.54,21779.34,0.458476,1.18030512524961e-06,0.926621,266.8,0.2398,262.1,1.1
1998,1,2231.23,21774.01,0.422293,1.1802943408165488e-06,0.667288,268.1,0.2387,262.2,1.1
1999,1,2231.91,21768.69,0.432164,1.1802835487805519e-06,0.582987,267.4,0.2393,262.4,1.0
2000,1,2232.6,21763.41,0.450684,1.1802727491418633e-06,0.862282,263.0,0.2433,262.2,1.0
2001,1,2369.83,23088.42,0.422925,1.1802619419007273e-06,0.730406,225.7,0.2835,259.9,1.0
2002,1,2370.5,23082.13,0.427112,1.1802511270573882e-06,0.845399,261.2,0.245,259.9,1.0
2003,1,2371.17,23076.02,0.417582,1.1802403046120904e-06,0.728135,262.7,0.2437,259.8,0.9
2004,1,2371.86,23069.97,0.358618,1.1802294745650783e-06,0.756805,259.9,0.2463,259.6,0.9
2005,1,2372.53,23063.87,0.439424,1.180218636916597e-06,0.744885,267.2,0.2396,259.6,0.8
2006,1,2373.22,23057.84,0.396974,1.1802077916668912e-06,0.926551,263.9,0.2425,259.6,0.8
2007,1,2373.9,23051.8,0.466709,1.1801969388162063e-06,0.752886,263.1,0.2432,259.5,0.7
2008,1,2374.58,23045.73,0.401119,1.1801860783647875e-06,0.677395,267.9,0.2389,261.2,0.7
2009,1,2375.27,23039.74,0.492011,1.1801752103128802e-06,0.780466,260.5,0.2457,261.1,0.7
2010,1,2375.95,23033.67,0.38258,1.1801643346607303e-06,0.576936,265.3,0.2413,261.2,0.6
2011,1,2376.63,23027.67,0.381698,1.1801534514085835e-06,0.698295,262.2,0.2441,260.9,0.5
2012,1,2377.31,23021.59,0.429194,1.1801425605566855e-06,0.67426,268.6,0.2382,261.2,0.5
2013,1,2377.99,23015.54,0.417187,1.1801316621052828e-06,0.749181,270.2,0.2369,261.5,0.5
2014,1,2378.67,23009.54,0.486214,1.1801207560546216e-06,0.699635,268.2,0.2386,261.7,0.4
2015,1,2379.35,23003.53,0.436069,1.1801098424049485e-06,0.914864,266.4,0.2402,261.8,0.4
2016,1,2380.03,22997.52,0.433306,1.1800989211565102e-06,0.732996,266.5,0.2401,261.9,0.4
2017,1,2380.72,22991.55,0.424706,1.1800879923095537e-06,0.983307,265.8,0.2408,261.9,0.4
2018,1,2381.4,22985.55,0.407288,1.1800770558643258e-06,0.746121,266.8,0.2399,261.8,0.4
2019,1,2382.08,22979.53,0.440689,1.1800661118210739e-06,0.674379,268.1,0.2388,261.9,0.3
2020,1,2382.76,22973.57,0.431755,1.1800551601800448e-06,0.645755,267.0,0.2397,262.2,0.3
2021,1,2383.47,22967.92,0.439669,1.1800442009414868e-06,0.540854,268.6,0.2382,264.8,0.2
2022,1,2384.16,22961.96,0.415952,1.1800332341056472e-06,0.772198,267.7,0.2391,265.1,0.3
2023,1,2384.84,22956.04,0.466458,1.180022259672774e-06,0.940285,264.2,0.2423,265.2,0.3
2024,1,2385.53,22950.16,0.458758,1.1800112776431151e-06,0.509684,264.2,0.2423,265.4,0.3
2025,1,2386.22,22944.22,0.437936,1.180000288016919e-06,0.697321,267.5,0.2393,265.4,0.3
2026,1,2386.9,22938.32,0.44448,1.179989290794434e-06,0.885655,265.4,0.2411,265.5,0.3
2027,1,2387.59,22932.45,0.415138,1.1799782859759084e-06,0.536341,264.1,0.2423,265.5,0.3
2028,1,2388.31,22926.88,0.456997,1.1799672735615914e-06,0.929561,245.1,0.2612,264.3,0.3
2029,1,2389.0,22921.0,0.430495,1.1799562535517316e-06,0.771633,266.2,0.2404,264.6,0.3
2030,1,2389.71,22915.28,0.428019,1.1799452259465781e-06,0.637778,249.2,0.2568,263.7,0.3
2031,1,2390.39,22909.39,0.504701,1.1799341907463805e-06,0.810725,262.2,0.2441,263.7,0.3
2032,1,2391.08,22903.56,0.411783,1.179923147951388e-06,0.531716,265.2,0.2413,263.3,0.4
2033,1,2391.84,22898.35,0.396317,1.1799120975618502e-06,0.589178,207.7,0.3082,259.4,0.4
2034,1,2392.48,22892.06,0.426391,1.1799010395780167e-06,0.901538,265.1,0.2414,259.0,0.5
2035,1,2393.17,22886.2,0.402322,1.1798899740001378e-06,0.818235,263.9,0.2425,258.8,0.5
2036,1,2393.86,22880.37,0.432135,1.1798789008284635e-06,0.734647,266.3,0.2403,258.6,0.6
2037,1,2394.55,22874.55,0.41864,1.1798678200632438e-06,0.667863,262.1,0.2441,258.2,0.7
2038,1,2395.23,22868.72,0.439605,1.1798567317047295e-06,0.669183,264.7,0.2418,258.1,0.7
2039,1,2395.92,22862.89,0.380985,1.1798456357531709e-06,0.502283,264.2,0.2422,257.7,0.8
2040,1,2396.61,22857.04,0.491042,1.179834532208819e-06,0.831684,268.5,0.2384,257.7,0.8
2041,1,2397.35,22851.74,0.452438,1.179823421071925e-06,0.752048,266.4,0.2403,257.5,0.8
2042,1,2398.05,22846.04,0.479559,1.1798123023427399e-06,0.59226,251.3,0.2546,256.5,0.9
2043,1,2398.73,22840.15,0.416206,1.1798011760215148e-06,0.615431,264.6,0.2418,256.4,1.0
2044,1,2399.42,22834.39,0.425317,1.1797900421085013e-06,0.63424,262.9,0.2434,256.3,1.0
2045,1,2400.11,22828.58,0.496933,1.1797789006039512e-06,1.04425,266.4,0.2402,256.1,1.0
2046,1,2400.8,22822.81,0.453032,1.1797677515081164e-06,0.790767,264.5,0.242,255.9,1.1
2047,1,2401.56,22817.77,0.429345,1.1797565948212486e-06,1.04849,213.2,0.3002,252.6,1.2
2048,1,2402.19,22811.45,0.40555,1.1797454305436003e-06,0.499192,261.9,0.2444,253.3,1.3
2049,1,2402.88,22805.68,0.401909,1.1797342586754237e-06,0.761926,263.5,0.2429,253.0,1.3
2050,1,2403.57,22799.93,0.472048,1.1797230792169714e-06,0.696769,263.5,0.2429,253.6,1.4
2051,1,2404.26,22794.21,0.39081,1.1797118921684959e-06,0.485176,264.6,0.2418,253.7,1.4
2052,1,2404.95,22788.44,0.467703,1.1797006975302502e-06,0.541446,265.7,0.2409,253.8,1.4
2053,1,2405.64,22782.71,0.485079,1.1796894953024873e-06,0.58308,264.4,0.242,257.2,1.4
2054,1,2406.33,22776.98,0.398365,1.1796782854854606e-06,0.753632,264.9,0.2416,257.3,1.3
2055,1,2407.02,22771.26,0.462752,1.1796670680794232e-06,0.72458,261.7,0.2446,257.3,1.3
2056,1,2407.71,22765.51,0.466202,1.1796558430846287e-06,0.797609,265.2,0.2414,257.2,1.3
2057,1,2408.4,22759.77,0.452238,1.179644610501331e-06,0.819272,262.2,0.2441,257.4,1.2
2058,1,2409.08,22754.01,0.409043,1.1796333703297836e-06,0.515381,264.0,0.2424,257.3,1.3
2059,1,2409.77,22748.29,0.396573,1.179622122570241e-06,1.027589,264.7,0.2418,257.5,1.2
2060,1,2410.47,22742.63,0.410802,1.1796108672229575e-06,0.60135,259.1,0.247,257.0,1.2
2061,1,2411.2,22737.36,0.426175,1.1795996042881872e-06,0.465157,267.3,0.2395,257.1,1.2
2062,1,2412.0,22732.72,0.508881,1.1795883337661847e-06,0.678314,180.6,0.3545,252.0,1.2
2063,1,2412.61,22726.27,0.451837,1.1795770556572048e-06,0.654364,263.7,0.2427,252.0,1.2
2064,1,2413.3,22720.59,0.444232,1.1795657699615026e-06,0.878388,263.3,0.2431,251.8,1.3
2065,1,2413.99,22714.93,0.459584,1.179554476679333e-06,0.677331,263.9,0.2425,251.7,1.3
2066,1,2414.69,22709.27,0.394276,1.1795431758109514e-06,0.579895,263.3,0.243,251.6,1.2
2067,1,2415.37,22703.57,0.422239,1.1795318673566131e-06,0.819215,267.2,0.2395,255.0,1.1
2068,1,2416.06,22697.91,0.443498,1.1795205513165737e-06,0.718316,264.3,0.2421,255.1,1.1
2069,1,2416.76,22692.33,0.419613,1.1795092276910891e-06,0.666876,268.5,0.2384,255.0,1.3
2070,1,2417.45,22686.69,0.415533,1.179497896480415e-06,0.710023,264.1,0.2423,255.1,1.2
2071,1,2418.16,22681.24,0.402425,1.1794865576848076e-06,0.705947,263.1,0.2433,254.7,1.4
2072,1,2418.86,22675.6,0.39661,1.1794752113045237e-06,0.732777,263.2,0.2432,254.6,1.4
2073,1,2419.55,22669.99,0.474868,1.179463857339819e-06,0.834429,261.9,0.2444,254.2,1.5
2074,1,2420.24,22664.35,0.451674,1.1794524957909507e-06,0.644136,263.7,0.2427,254.2,1.5
2075,1,2420.93,22658.71,0.423175,1.1794411266581755e-06,0.940821,264.7,0.2418,254.1,1.5
2076,1,2421.62,22653.07,0.455983,1.1794297499417502e-06,0.785516,267.5,0.2392,254.2,1.5
2077,1,2422.31,22647.47,0.414323,1.179418365641932e-06,0.596264,265.7,0.2409,254.4,1.5
2078,1,2423.0,22641.88,0.437906,1.1794069737589784e-06,0.621382,263.0,0.2434,254.3,1.6
2079,1,2423.69,22636.28,0.433313,1.1793955742931468e-06,0.654159,262.9,0.2435,254.2,1.6
2080,1,2424.38,22630.68,0.428853,1.1793841672446948e-06,0.521809,262.2,0.2441,254.3,1.6
2081,1,2425.12,22625.54,0.430363,1.1793727526138803e-06,0.577755,267.8,0.239,254.3,1.6
2082,1,2425.82,22620.0,0.44461,1.179361330400961e-06,0.610686,261.3,0.2449,260.1,1.6
2083,1,2426.61,22615.31,0.473973,1.1793499006061957e-06,0.732423,189.1,0.3384,255.1,1.6
2084,1,2427.21,22608.9,0.429734,1.1793384632298421e-06,0.657983,263.3,0.243,255.3,1.5
2085,1,2427.9,22603.32,0.41868,1.1793270182721594e-06,0.724643,263.4,0.243,255.3,1.5
2086,1,2428.59,22597.72,0.437228,1.1793155657334057e-06,0.609462,267.9,0.2389,255.5,1.5
2087,1,2429.27,22592.14,0.432427,1.1793041056138404e-06,0.494046,265.1,0.2414,255.4,1.5
2088,1,2429.97,22586.6,0.41962,1.1792926379137221e-06,0.911168,264.7,0.2418,255.5,1.4
2089,1,2430.66,22581.05,0.439754,1.1792811626333102e-06,0.875354,262.8,0.2436,255.7,1.3
2090,1,2431.36,22575.54,0.41905,1.1792696797728639e-06,1.054805,263.3,0.2431,255.6,1.3
2091,1,2432.04,22569.95,0.382124,1.179258189332643e-06,0.566494,266.8,0.2398,256.0,1.2
2092,1,2432.73,22564.38,0.393123,1.1792466913129068e-06,0.838749,265.1,0.2414,256.2,1.2
2093,1,2433.43,22558.95,0.481111,1.1792351857139157e-06,0.992562,257.5,0.2485,255.9,1.2
2094,1,2434.12,22553.42,0.404567,1.1792236725359296e-06,0.662927,263.5,0.2429,255.9,1.2
2095,1,2434.84,22548.1,0.435748,1.1792121517792087e-06,0.686123,251.6,0.2544,254.9,1.3
2096,1,2435.51,22542.46,0.423848,1.1792006234440133e-06,0.779711,261.4,0.2448,254.7,1.3
2097,1,2436.2,22536.91,0.421755,1.1791890875306043e-06,0.711788,266.2,0.2404,254.7,1.3
2098,1,2436.9,22531.41,0.445801,1.1791775440392421e-06,0.701276,260.3,0.2458,254.6,1.3
2099,1,2437.58,22525.88,0.429219,1.179165992970188e-06,0.90963,267.1,0.2396,254.7,1.3
2100,1,2438.27,22520.35,0.431345,1.1791544343237025e-06,0.679953,266.4,0.2402,255.1,1.2
2101,1,2439.02,22515.35,0.46632,1.1791428681000472e-06,0.950477,266.7,0.24,255.0,1.3
2102,1,2439.71,22509.83,0.458418,1.1791312942994838e-06,0.79657,265.7,0.2409,255.0,1.3
2103,1,2440.4,22504.36,0.396774,1.1791197129222738e-06,0.729703,263.1,0.2432,260.0,1.3
2104,1,2441.09,22498.87,0.416675,1.1791081239686785e-06,0.766562,265.2,0.2414,260.0,1.4
2105,1,2441.78,22493.39,0.441679,1.1790965274389603e-06,0.706066,264.7,0.2418,260.1,1.4
2106,1,2442.47,22487.89,0.427637,1.1790849233333813e-06,0.807984,264.1,0.2423,260.0,1.4
2107,1,2443.17,22482.54,0.433367,1.1790733116522036e-06,0.656236,250.4,0.2556,259.1,1.4
2108,1,2443.86,22477.04,0.477795,1.17906169239569e-06,0.746208,263.5,0.2428,258.9,1.5
2109,1,2444.55,22471.58,0.422196,1.1790500655641026e-06,0.513771,264.5,0.242,258.9,1.5
2110,1,2445.24,22466.12,0.484291,1.1790384311577046e-06,0.755911,264.2,0.2423,258.9,1.5
2111,1,2445.93,22460.65,0.429286,1.179026789176759e-06,0.660735,266.0,0.2406,258.9,1.5
2112,1,2446.63,22455.21,0.425268,1.1790151396215287e-06,0.557922,265.9,0.2407,258.8,1.5
2113,1,2447.32,22449.75,0.405335,1.1790034824922771e-06,0.577239,267.1,0.2396,259.4,1.5
2114,1,2448.08,22445.02,0.396732,1.1789918177892678e-06,0.696422,203.6,0.3143,255.9,1.4
2115,1,2448.72,22439.05,0.475155,1.1789801455127645e-06,0.591652,264.4,0.2421,257.0,1.2
2116,1,2449.41,22433.63,0.44928,1.1789684656630308e-06,0.712274,261.6,0.2446,257.1,1.2
2117,1,2450.17,22428.83,0.459899,1.178956778240331e-06,0.621074,215.4,0.2971,254.0,1.2
2118,1,2450.82,22423.0,0.433571,1.178945083244929e-06,0.624363,265.0,0.2415,254.3,1.2
2119,1,2451.6,22418.4,0.413168,1.1789333806770891e-06,0.892546,192.4,0.3326,249.7,1.2
2120,1,2452.2,22412.22,0.419492,1.1789216705370762e-06,0.653281,262.8,0.2436,249.5,1.2
2121,1,2452.95,22407.34,0.410018,1.1789099528251547e-06,0.818994,264.9,0.2416,249.5,1.2
2122,1,2453.64,22401.9,0.392078,1.1788982275415893e-06,0.832602,265.1,0.2415,249.6,1.1
2123,1,2454.33,22396.47,0.430825,1.1788864946866455e-06,0.899675,264.4,0.2421,249.6,1.1
2124,1,2455.02,22391.07,0.442861,1.1788747542605884e-06,0.591852,264.5,0.242,249.6,1.1
2125,1,2455.71,22385.68,0.424418,1.1788630062636832e-06,0.808774,263.1,0.2433,249.4,1.2
2126,1,2456.4,22380.29,0.486873,1.1788512506961953e-06,0.974358,263.5,0.2429,249.5,1.1
2127,1,2457.18,22375.74,0.444344,1.1788394875583906e-06,0.59981,191.4,0.3343,245.8,1.1
2128,1,2457.78,22369.49,0.438533,1.1788277168505352e-06,0.628154,264.8,0.2417,245.9,1.0
2129,1,2458.5,22364.41,0.415121,1.1788159385728948e-06,0.701142,233.0,0.2746,244.4,1.1
2130,1,2459.18,22358.89,0.443028,1.1788041527257358e-06,0.674595,264.0,0.2424,244.4,1.0
2131,1,2459.87,22353.58,0.47882,1.1787923593093245e-06,0.696977,264.9,0.2416,244.4,1.0
2132,1,2460.57,22348.21,0.432483,1.1787805583239275e-06,0.742469,265.4,0.2412,244.4,1.0
2133,1,2461.26,22342.85,0.511902,1.1787687497698116e-06,0.949439,264.3,0.2422,244.3,1.0
2134,1,2461.95,22337.5,0.484017,1.1787569336472437e-06,0.722117,262.9,0.2434,247.5,1.1
2135,1,2462.63,22332.1,0.413398,1.1787451099564909e-06,0.681629,264.3,0.2422,247.4,1.1
2136,1,2463.33,22326.78,0.416662,1.1787332786978205e-06,0.749677,260.6,0.2456,247.2,1.2
2137,1,2464.01,22321.41,0.421364,1.1787214398715e-06,0.769279,266.4,0.2403,250.1,1.1
2138,1,2464.71,22316.1,0.437507,1.1787095934777967e-06,1.007331,263.4,0.243,249.8,1.2
2139,1,2465.4,22310.74,0.40733,1.1786977395169785e-06,0.834968,265.1,0.2414,254.4,1.2
2140,1,2466.09,22305.41,0.446315,1.1786858779893135e-06,0.962753,265.1,0.2414,254.5,1.2
2141,1,2466.83,22300.58,0.426849,1.1786740088950694e-06,0.761864,265.2,0.2413,254.4,1.3
2142,1,2467.52,22295.2,0.436664,1.178662132234515e-06,0.638408,268.0,0.2388,254.5,1.3
2143,1,2468.21,22289.89,0.47533,1.1786502480079183e-06,0.927295,264.9,0.2416,254.4,1.3
2144,1,2468.9,22284.56,0.405697,1.1786383562155481e-06,0.823125,264.3,0.2421,254.5,1.3
2145,1,2469.59,22279.24,0.391359,1.1786264568576734e-06,0.481658,264.2,0.2422,254.7,1.2
2146,1,2470.27,22273.9,0.399245,1.178614549934563e-06,0.601447,266.4,0.2403,254.8,1.2
2147,1,2470.96,22268.59,0.412877,1.1786026354464858e-06,0.805973,265.0,0.2415,259.6,1.2
2148,1,2471.72,22263.87,0.441255,1.1785907133937116e-06,0.648128,208.4,0.3071,256.3,1.2
2149,1,2472.36,22258.11,0.458725,1.1785787837765097e-06,0.717989,266.2,0.2404,258.1,1.2
2150,1,2473.05,22252.83,0.443975,1.1785668465951493e-06,0.652643,264.6,0.2419,258.2,1.2
2151,1,2473.74,22247.53,0.377475,1.1785549018499008e-06,0.535675,262.5,0.2438,258.0,1.2
2152,1,2474.42,22242.21,0.460236,1.178542949541034e-06,0.746008,264.2,0.2423,258.0,1.2
2153,1,2475.11,22236.94,0.47184,1.1785309896688188e-06,0.627381,264.1,0.2423,258.1,1.1
2154,1,2475.89,22232.44,0.458954,1.1785190222335261e-06,0.695155,203.9,0.3138,254.3,1.2
2155,1,2476.51,22226.54,0.417561,1.178507047235426e-06,0.68354,266.2,0.2404,254.3,1.2
2156,1,2477.2,22221.29,0.473776,1.1784950646747893e-06,0.754238,263.6,0.2428,254.7,1.1
2157,1,2477.89,22216.04,0.483936,1.1784830745518869e-06,0.74963,265.1,0.2414,254.6,1.2
2158,1,2478.58,22210.77,0.482039,1.1784710768669894e-06,0.789848,264.8,0.2417,254.9,1.1
2159,1,2479.27,22205.5,0.425879,1.1784590716203683e-06,0.731819,264.8,0.2417,254.9,1.1
2160,1,2479.97,22200.28,0.439921,1.1784470588122951e-06,0.555916,262.3,0.244,254.7,1.1
2161,1,2480.7,22195.47,0.409588,1.1784350384430413e-06,0.628413,264.0,0.2424,254.8,1.0
2162,1,2481.39,22190.18,0.453519,1.1784230105128783e-06,0.660777,265.9,0.2407,254.8,1.0
2163,1,2482.08,22184.95,0.430102,1.1784109750220782e-06,0.603342,266.6,0.2401,255.0,0.9
2164,1,2482.77,22179.73,0.393975,1.1783989319709133e-06,0.630242,262.5,0.2438,254.9,0.9
2165,1,2483.46,22174.46,0.3902,1.1783868813596555e-06,0.657821,265.5,0.241,254.9,0.9
2166,1,2484.15,22169.22,0.446189,1.178374823188577e-06,0.584612,264.4,0.2421,254.6,1.0
2167,1,2484.83,22163.97,0.462279,1.1783627574579506e-06,0.788468,268.5,0.2384,254.8,1.0
2168,1,2485.54,22158.92,0.400843,1.178350684168049e-06,0.767593,255.6,0.2504,257.4,1.2
2169,1,2486.23,22153.67,0.419798,1.1783386033191452e-06,0.594902,264.3,0.2421,257.3,1.1
2170,1,2486.93,22148.55,0.438119,1.1783265149115121e-06,0.64701,267.5,0.2393,257.2,1.2
2171,1,2487.62,22143.37,0.427198,1.178314418945423e-06,0.624834,261.1,0.2451,257.2,1.2
2172,1,2488.31,22138.13,0.387654,1.1783023154211514e-06,0.901594,265.5,0.241,257.2,1.2
2173,1,2489.01,22133.04,0.428798,1.1782902043389706e-06,0.735882,254.0,0.252,256.6,1.3
2174,1,2489.69,22127.74,0.4503,1.1782780856991548e-06,0.727217,264.6,0.2419,260.7,1.2
2175,1,2490.38,22122.55,0.456557,1.1782659595019774e-06,0.618758,265.5,0.241,260.7,1.2
2176,1,2491.07,22117.44,0.432824,1.178253825747713e-06,0.561462,258.3,0.2478,260.2,1.2
2177,1,2491.76,22112.24,0.441394,1.1782416844366353e-06,0.855677,262.9,0.2434,260.0,1.3
2178,1,2492.45,22107.02,0.41978,1.1782295355690193e-06,0.779862,267.2,0.2395,260.1,1.3
2179,1,2493.14,22101.87,0.417177,1.1782173791451391e-06,0.475009,264.3,0.2422,260.1,1.3
2180,1,2493.83,22096.7,0.383373,1.17820521516527e-06,0.858964,264.5,0.2419,260.2,1.3
2181,1,2494.57,22091.96,0.405453,1.1781930436296867e-06,0.63353,267.7,0.2391,260.3,1.3
2182,1,2495.26,22086.82,0.398248,1.1781808645386643e-06,0.603375,263.3,0.2431,260.2,1.3
2183,1,2495.95,22081.69,0.405499,1.1781686778924782e-06,0.780952,262.7,0.2436,259.8,1.4
2184,1,2496.64,22076.51,0.394484,1.1781564836914036e-06,0.592869,266.9,0.2398,260.0,1.4
2185,1,2497.4,22071.98,0.422827,1.1781442819357162e-06,0.924877,203.6,0.3143,256.2,1.4
2186,1,2498.03,22066.31,0.466931,1.1781320726256919e-06,0.634769,263.1,0.2432,256.2,1.3
2187,1,2498.74,22061.38,0.411173,1.1781198557616066e-06,0.498989,258.7,0.2474,255.5,1.4
2188,1,2499.44,22056.26,0.408691,1.1781076313437366e-06,0.653585,263.5,0.2428,256.0,1.4
2189,1,2500.12,22051.1,0.376566,1.1780953993723582e-06,0.566303,265.1,0.2414,255.9,1.4
2190,1,2500.81,22045.97,0.390529,1.1780831598477476e-06,0.491802,263.5,0.2429,256.0,1.3
2191,1,2501.51,22040.94,0.451747,1.1780709127701818e-06,0.637291,251.7,0.2543,255.4,1.4
2192,1,2502.24,22036.13,0.399714,1.1780586581399374e-06,0.649444,226.3,0.2828,253.2,1.4
2193,1,2502.88,22030.62,0.465051,1.1780463959572915e-06,0.83687,266.2,0.2405,253.8,1.4
2194,1,2503.57,22025.53,0.413048,1.1780341262225212e-06,0.625619,264.4,0.2421,253.7,1.4
2195,1,2504.28,22020.54,0.418055,1.1780218489359037e-06,0.883476,261.2,0.2451,253.5,1.4
2196,1,2504.97,22015.41,0.440127,1.1780095640977168e-06,0.657999,265.6,0.241,254.0,1.4
2197,1,2505.68,22010.56,0.41344,1.177997271708238e-06,0.558649,237.0,0.27,252.8,1.3
2198,1,2506.36,22005.31,0.404013,1.1779849717677454e-06,0.698572,262.5,0.2438,252.5,1.4
2199,1,2507.04,22000.19,0.407414,1.1779726642765168e-06,0.773157,266.6,0.2401,252.6,1.3
2200,1,2507.73,21995.06,0.430365,1.1779603492348302e-06,0.695315,266.5,0.2402,252.6,1.4
2201,1,2525.9,22143.2,0.406158,1.1779480266429642e-06,1.024553,272.8,0.2346,252.9,1.3
2202,1,2526.57,22137.93,0.445634,1.1779356965011975e-06,0.624245,272.5,0.2349,253.4,1.3
2203,1,2527.25,22132.69,0.436658,1.1779233588098084e-06,0.690796,268.0,0.2388,253.8,1.3
2204,1,2527.93,22127.4,0.421829,1.1779110135690761e-06,0.598521,270.1,0.2369,253.9,1.3
2205,1,2528.6,22122.12,0.465133,1.1778986607792796e-06,0.818822,273.6,0.234,258.2,1.2
2206,1,2529.28,22116.88,0.467775,1.1778863004406982e-06,0.887076,270.8,0.2363,258.7,1.2
2207,1,2529.96,22111.62,0.426387,1.1778739325536109e-06,0.679903,271.1,0.2361,259.7,1.0
2208,1,2530.64,22106.39,0.426291,1.1778615571182974e-06,0.836457,270.4,0.2367,260.3,0.9
2209,1,2531.31,22101.14,0.369346,1.1778491741350376e-06,0.669549,271.0,0.2361,260.7,0.9
2210,1,2531.99,22095.91,0.406353,1.1778367836041112e-06,0.726017,272.1,0.2352,261.1,0.9
2211,1,2532.67,22090.68,0.42193,1.1778243855257985e-06,0.707427,271.3,0.2359,262.3,0.8
2212,1,2533.35,22085.47,0.415413,1.1778119799003796e-06,0.591306,270.8,0.2364,265.1,0.7
2213,1,2534.03,22080.27,0.416167,1.177799566728135e-06,0.613571,268.8,0.2381,265.4,0.7
2214,1,2534.7,22075.05,0.384995,1.1777871460093452e-06,0.58444,271.8,0.2355,265.9,0.6
2215,1,2535.38,22069.86,0.495772,1.1777747177442909e-06,0.79149,270.4,0.2367,266.4,0.6
2216,1,2536.06,22064.64,0.436496,1.1777622819332531e-06,1.049123,270.5,0.2366,266.8,0.5
2217,1,2536.74,22059.49,0.446149,1.177749838576513e-06,1.105083,268.2,0.2386,268.6,0.5
2218,1,2537.43,22054.32,0.42026,1.1777373876743517e-06,0.943519,266.3,0.2404,269.0,0.4
2219,1,2538.11,22049.18,0.411508,1.1777249292270506e-06,0.687449,265.4,0.2411,268.9,0.4
2220,1,2538.79,22044.02,0.462128,1.1777124632348913e-06,0.670952,268.9,0.238,269.1,0.4
2221,1,2539.51,22039.21,0.394733,1.1776999896981555e-06,0.773215,267.4,0.2394,268.8,0.4
2222,1,2540.19,22034.04,0.414439,1.1776875086171255e-06,0.867657,268.8,0.2381,268.5,0.5
2223,1,2540.87,22028.91,0.453297,1.1776750199920832e-06,0.851787,268.1,0.2387,268.4,0.5
2224,1,2541.56,22023.81,0.465344,1.1776625238233108e-06,0.622469,267.6,0.2392,268.0,0.6
2225,1,2542.25,22018.73,0.381709,1.1776500201110908e-06,0.868848,264.1,0.2423,267.4,0.6
2226,1,2542.94,22013.66,0.45645,1.1776375088557062e-06,0.734405,266.1,0.2405,267.1,0.7
2227,1,2543.62,22008.54,0.548379,1.1776249900574392e-06,1.313396,268.5,0.2384,267.0,0.7
2228,1,2544.31,22003.47,0.452229,1.1776124637165733e-06,0.744017,266.3,0.2403,266.5,0.8
2229,1,2544.99,21998.39,0.397356,1.177599929833391e-06,0.621319,266.6,0.2401,266.3,0.8
2230,1,2545.68,21993.29,0.423193,1.1775873884081762e-06,0.538871,266.8,0.2399,265.8,0.9
2231,1,2546.37,21988.26,0.49706,1.1775748394412121e-06,0.965735,264.7,0.2418,265.3,0.9
2232,1,2547.05,21983.18,0.480904,1.1775622829327825e-06,0.698586,266.8,0.2399,265.0,0.9
2233,1,2547.75,21978.16,0.455,1.177549718883171e-06,0.820058,264.6,0.2419,264.7,1.0
2234,1,2548.43,21973.11,0.40586,1.1775371472926619e-06,0.951141,263.7,0.2427,264.3,1.0
2235,1,2549.12,21968.07,0.456369,1.177524568161539e-06,0.925081,264.4,0.242,264.0,1.0
2236,1,2549.81,21963.03,0.419888,1.1775119814900868e-06,0.509087,264.7,0.2418,263.6,1.0
2237,1,2550.5,21957.98,0.46189,1.1774993872785897e-06,0.872011,264.5,0.242,263.3,1.1
2238,1,2551.19,21952.97,0.424708,1.1774867855273326e-06,0.642474,265.2,0.2413,263.3,1.1
2239,1,2551.87,21947.93,0.473555,1.1774741762366003e-06,0.70856,264.7,0.2418,263.1,1.1
2240,1,2552.56,21942.87,0.42026,1.1774615594066776e-06,0.773024,266.8,0.2399,262.9,1.2
2241,1,2553.29,21938.22,0.389447,1.1774489350378498e-06,0.710484,268.8,0.2381,262.9,1.2
2242,1,2553.97,21933.2,0.43475,1.1774363031304024e-06,0.693998,266.5,0.2402,262.8,1.2
2243,1,2554.66,21928.16,0.445814,1.1774236636846209e-06,0.86629,264.8,0.2417,262.6,1.2
2244,1,2555.36,21923.28,0.449671,1.1774110167007907e-06,0.662835,262.5,0.2438,262.4,1.2
2245,1,2556.06,21918.33,0.453452,1.177398362179198e-06,0.996852,266.1,0.2405,262.0,1.4
2246,1,2556.75,21913.35,0.483484,1.1773857001201285e-06,0.780367,263.4,0.243,261.8,1.4
2247,1,2557.43,21908.34,0.471723,1.1773730305238686e-06,0.493924,264.1,0.2423,261.6,1.4
2248,1,2558.12,21903.32,0.406005,1.1773603533907048e-06,0.652361,266.2,0.2404,261.6,1.4
2249,1,2558.81,21898.34,0.393566,1.1773476687209233e-06,0.946013,265.1,0.2414,261.4,1.4
2250,1,2559.5,21893.35,0.422694,1.1773349765148113e-06,0.835047,267.1,0.2396,261.5,1.4
2251,1,2560.18,21888.37,0.417512,1.1773222767726555e-06,0.59744,267.1,0.2396,261.8,1.3
2252,1,2560.87,21883.4,0.404797,1.1773095694947427e-06,0.756403,267.3,0.2394,261.6,1.4
2253,1,2561.56,21878.41,0.408766,1.1772968546813605e-06,0.649396,267.4,0.2393,261.8,1.4
2254,1,2562.25,21873.46,0.40545,1.1772841323327958e-06,0.980516,266.3,0.2403,261.9,1.4
2255,1,2562.94,21868.49,0.434326,1.1772714024493365e-06,0.703078,268.0,0.2388,262.1,1.4
2256,1,2563.62,21863.51,0.426816,1.1772586650312704e-06,0.547227,265.7,0.2409,262.3,1.4
2257,1,2564.31,21858.55,0.47252,1.1772459200788853e-06,0.633234,265.9,0.2407,262.3,1.4
2258,1,2565.01,21853.72,0.413217,1.1772331675924691e-06,0.857969,253.3,0.2527,261.6,1.4
2259,1,2565.69,21848.66,0.457721,1.1772204075723105e-06,0.76258,265.4,0.2411,261.5,1.4
2260,1,2566.38,21843.72,0.394835,1.1772076400186975e-06,0.601687,268.6,0.2383,261.6,1.4
2261,1,2567.13,21839.32,0.425275,1.1771948649319191e-06,0.679566,265.8,0.2408,261.6,1.4
2262,1,2567.84,21834.57,0.416343,1.1771820823122637e-06,0.607798,257.9,0.2481,260.7,1.6
2263,1,2568.53,21829.65,0.416936,1.1771692921600203e-06,0.675163,262.7,0.2436,260.7,1.5
2264,1,2569.21,21824.7,0.432247,1.177156494475478e-06,0.644905,266.2,0.2405,260.9,1.5
2265,1,2569.9,21819.77,0.416295,1.1771436892589262e-06,0.906985,266.6,0.24,261.6,1.3
2266,1,2570.59,21814.85,0.372504,1.1771308765106543e-06,0.67351,265.7,0.2409,261.6,1.3
2267,1,2571.38,21810.75,0.40398,1.1771180562309518e-06,0.689419,188.8,0.339,256.5,1.3
2268,1,2571.97,21805.01,0.45208,1.1771052284201085e-06,0.959574,263.8,0.2426,256.5,1.3
2269,1,2572.65,21800.09,0.43103,1.1770923930784145e-06,0.905289,264.3,0.2422,256.4,1.3
2270,1,2573.34,21795.16,0.466554,1.1770795502061598e-06,0.765249,266.2,0.2404,256.4,1.2
2271,1,2574.03,21790.27,0.469583,1.1770666998036347e-06,0.702864,267.1,0.2396,256.2,1.3
2272,1,2574.72,21785.38,0.452492,1.1770538418711296e-06,0.94871,265.2,0.2413,256.3,1.3
2273,1,2575.42,21780.62,0.418371,1.1770409764089353e-06,0.595955,248.2,0.2579,255.3,1.3
2274,1,2576.1,21775.61,0.458491,1.1770281034173426e-06,0.689336,265.3,0.2412,255.3,1.2
2275,1,2576.79,21770.72,0.47264,1.1770152228966423e-06,0.595016,266.2,0.2404,255.0,1.3
2276,1,2577.47,21765.82,0.430697,1.1770023348471256e-06,0.731579,268.3,0.2385,255.1,1.4
2277,1,2578.16,21760.95,0.403682,1.176989439269084e-06,0.570112,264.6,0.2419,255.1,1.3
2278,1,2578.85,21756.06,0.433644,1.1769765361628088e-06,0.850245,265.4,0.2412,255.7,1.3
2279,1,2579.54,21751.2,0.394032,1.1769636255285918e-06,0.935233,264.3,0.2421,255.8,1.3
2280,1,2580.23,21746.32,0.434889,1.1769507073667245e-06,0.565704,263.5,0.2428,255.6,1.2
2281,1,2580.96,21741.83,0.435213,1.1769377816774991e-06,0.76386,267.2,0.2395,255.7,1.3
2282,1,2581.65,21736.96,0.450176,1.1769248484612078e-06,0.558894,266.3,0.2403,256.6,1.0
2283,1,2582.33,21732.1,0.426361,1.176911907718143e-06,0.734186,266.6,0.2401,256.8,1.0
2284,1,2583.02,21727.21,0.42883,1.176898959448597e-06,0.542326,267.9,0.2389,256.8,1.1
2285,1,2583.71,21722.39,0.437436,1.1768860036528626e-06,0.730541,262.8,0.2435,256.5,1.1
2286,1,2584.4,21717.55,0.469625,1.1768730403312324e-06,0.853485,264.1,0.2424,256.5,1.1
2287,1,2585.11,21712.92,0.421395,1.1768600694839997e-06,0.887677,256.8,0.2492,260.8,1.2
2288,1,2585.8,21708.07,0.41159,1.1768470911114578e-06,0.759079,265.1,0.2415,260.9,1.2
2289,1,2586.49,21703.23,0.433973,1.1768341052138998e-06,0.751206,264.8,0.2417,261.0,1.2
2290,1,2587.19,21698.48,0.419159,1.1768211117916193e-06,0.80401,264.9,0.2416,260.9,1.2
2291,1,2587.88,21693.67,0.410158,1.17680811084491e-06,0.733906,262.6,0.2438,260.7,1.2
2292,1,2588.56,21688.83,0.41377,1.176795102374066e-06,0.489356,265.6,0.241,260.7,1.2
2293,1,2589.25,21684.01,0.423722,1.176782086379381e-06,0.558796,266.3,0.2403,261.5,1.3
2294,1,2590.02,21679.88,0.406843,1.176769062861149e-06,0.697763,197.6,0.3239,257.1,1.3
2295,1,2590.63,21674.38,0.455122,1.176756031819665e-06,0.788747,264.7,0.2418,257.1,1.3
2296,1,2591.32,21669.58,0.416851,1.1767429932552232e-06,0.681919,264.6,0.2418,256.9,1.3
2297,1,2592.01,21664.77,0.45281,1.1767299471681182e-06,0.650448,266.3,0.2403,256.9,1.3
2298,1,2592.7,21659.97,0.468146,1.1767168935586452e-06,0.820327,266.2,0.2404,256.9,1.3
2299,1,2593.39,21655.17,0.492582,1.176703832427099e-06,0.84341,265.7,0.2409,256.9,1.3
2300,1,2594.16,21651.05,0.425645,1.176690763773775e-06,0.706898,199.3,0.3211,252.9,1.3
2301,1,2594.81,21646.0,0.37775,1.1766776875989683e-06,0.577767,266.1,0.2405,252.9,1.3
2302,1,2595.5,21641.2,0.420359,1.176664603902975e-06,0.603439,266.9,0.2398,253.0,1.3
2303,1,2596.19,21636.42,0.420128,1.1766515126860903e-06,0.650853,264.7,0.2418,252.8,1.3
2304,1,2596.98,21632.49,0.47261,1.1766384139486102e-06,0.712469,185.3,0.3454,247.7,1.2
2305,1,2597.57,21626.88,0.421843,1.176625307690831e-06,0.588721,262.4,0.2439,247.8,1.2
2306,1,2598.26,21622.09,0.406092,1.176612193913049e-06,0.661784,264.8,0.2417,247.8,1.2
2307,1,2598.96,21617.48,0.478169,1.1765990726155601e-06,0.737362,256.9,0.2491,248.0,1.1
2308,1,2599.68,21612.96,0.398131,1.1765859437986615e-06,0.838711,251.4,0.2545,247.1,1.3
2309,1,2600.36,21608.09,0.366636,1.1765728074626494e-06,0.719965,263.6,0.2428,246.8,1.3
2310,1,2601.04,21603.31,0.429643,1.1765596636078213e-06,0.530173,265.2,0.2413,246.8,1.3
2311,1,2601.73,21598.56,0.424004,1.1765465122344738e-06,0.73368,265.4,0.2411,247.1,1.3
2312,1,2602.42,21593.82,0.441984,1.1765333533429046e-06,1.027242,266.4,0.2403,247.2,1.3
2313,1,2603.11,21589.08,0.420149,1.1765201869334109e-06,0.659833,263.4,0.2429,247.2,1.2
2314,1,2603.8,21584.3,0.497828,1.17650701300629e-06,0.881637,266.8,0.2398,251.2,1.2
2315,1,2604.51,21579.72,0.439869,1.1764938315618404e-06,0.831646,251.1,0.2549,250.5,1.3
2316,1,2605.2,21575.01,0.453645,1.1764806426003595e-06,0.674063,258.7,0.2474,250.3,1.3
2317,1,2605.88,21570.24,0.434442,1.1764674461221455e-06,0.826059,266.3,0.2403,250.2,1.3
2318,1,2606.57,21565.49,0.388077,1.1764542421274968e-06,0.603982,265.3,0.2412,250.1,1.3
2319,1,2607.26,21560.74,0.419133,1.1764410306167116e-06,0.674573,267.7,0.2391,250.2,1.3
2320,1,2607.94,21556.0,0.452455,1.176427811590089e-06,0.888799,264.3,0.2421,254.2,1.3
2321,1,2608.68,21551.66,0.427391,1.1764145850479274e-06,0.79048,267.1,0.2396,254.0,1.4
2322,1,2609.36,21546.91,0.479467,1.1764013509905257e-06,0.761771,265.9,0.2407,253.9,1.4
2323,1,2610.05,21542.15,0.397028,1.1763881094181834e-06,0.729533,265.5,0.241,254.0,1.4
2324,1,2610.73,21537.42,0.459533,1.1763748603311998e-06,0.61558,266.1,0.2405,259.4,1.4
2325,1,2611.42,21532.7,0.407263,1.176361603729874e-06,0.709594,264.7,0.2418,259.4,1.5
2326,1,2612.11,21527.98,0.423012,1.1763483396145057e-06,0.516503,264.6,0.2419,259.3,1.5
2327,1,2612.79,21523.25,0.442562,1.1763350679853948e-06,0.89759,266.1,0.2405,260.1,1.4
2328,1,2613.48,21518.51,0.43111,1.1763217888428417e-06,0.645843,268.3,0.2385,261.3,1.2
2329,1,2614.16,21513.78,0.404875,1.1763085021871462e-06,0.565426,266.5,0.2401,261.7,1.1
2330,1,2614.84,21509.06,0.441326,1.1762952080186085e-06,0.457837,264.7,0.2418,261.8,1.1
2331,1,2615.53,21504.35,0.438694,1.176281906337529e-06,0.541913,265.8,0.2408,261.7,1.1
2332,1,2616.22,21499.63,0.461732,1.1762685971442086e-06,0.91557,266.4,0.2402,261.7,1.2
2333,1,2616.9,21494.93,0.433429,1.1762552804389482e-06,1.122013,266.5,0.2401,261.9,1.1
2334,1,2617.59,21490.24,0.367684,1.1762419562220486e-06,0.570831,267.4,0.2393,261.9,1.1
2335,1,2618.27,21485.55,0.447165,1.1762286244938112e-06,0.577175,266.3,0.2403,262.7,1.1
2336,1,2618.96,21480.86,0.416644,1.1762152852545371e-06,0.640541,267.1,0.2396,263.2,1.1
2337,1,2619.65,21476.17,0.418788,1.176201938504528e-06,0.542289,266.3,0.2403,263.2,1.1
2338,1,2620.33,21471.47,0.439762,1.1761885842440856e-06,0.813941,266.0,0.2406,263.4,1.1
2339,1,2621.01,21466.76,0.432753,1.1761752224735117e-06,0.701951,267.5,0.2392,263.5,1.0
2340,1,2621.7,21462.07,0.384421,1.1761618531931081e-06,0.770839,266.6,0.2401,263.3,1.1
2341,1,2622.45,21457.94,0.42443,1.1761484764031772e-06,0.910412,268.4,0.2384,263.1,1.2
2342,1,2623.15,21453.4,0.406001,1.1761350921040214e-06,0.92303,259.4,0.2467,262.6,1.3
2343,1,2623.84,21448.72,0.441767,1.1761217002959431e-06,0.890282,265.4,0.2411,262.5,1.3
2344,1,2624.52,21444.04,0.443165,1.1761083009792451e-06,0.69977,265.5,0.241,262.3,1.4
2345,1,2625.21,21439.4,0.441512,1.1760948941542303e-06,0.596658,265.3,0.2412,262.2,1.4
2346,1,2625.9,21434.74,0.419384,1.1760814798212017e-06,0.756761,265.3,0.2412,262.2,1.4
2347,1,2626.58,21430.07,0.457359,1.1760680579804624e-06,0.702718,265.5,0.241,262.1,1.5
2348,1,2627.27,21425.43,0.426446,1.1760546286323158e-06,0.676186,264.7,0.2418,261.8,1.5
2349,1,2627.96,21420.8,0.467381,1.1760411917770658e-06,0.733667,263.4,0.243,261.6,1.5
2350,1,2628.64,21416.15,0.498608,1.1760277474150154e-06,0.804598,263.9,0.2425,261.6,1.5
2351,1,2629.35,21411.68,0.409533,1.1760142955464694e-06,0.65157,269.7,0.2373,261.7,1.6
2352,1,2630.03,21407.04,0.408531,1.1760008361717312e-06,0.830754,266.1,0.2405,261.6,1.6
2353,1,2630.72,21402.39,0.444844,1.175987369291105e-06,0.726578,266.2,0.2404,261.5,1.6
2354,1,2631.4,21397.77,0.446445,1.1759738949048955e-06,0.765108,266.7,0.24,261.3,1.7
2355,1,2632.09,21393.15,0.420267,1.1759604130134072e-06,0.450132,265.2,0.2414,261.5,1.6
2356,1,2632.78,21388.51,0.407744,1.1759469236169448e-06,0.611601,268.8,0.2381,261.6,1.6
2357,1,2633.46,21383.91,0.417966,1.175933426715813e-06,0.529684,265.7,0.2409,261.5,1.6
2358,1,2634.15,21379.29,0.432936,1.1759199223103174e-06,0.821004,265.0,0.2415,261.5,1.6
2359,1,2634.83,21374.66,0.397935,1.1759064104007628e-06,0.911283,266.5,0.2402,261.5,1.6
2360,1,2635.52,21370.08,0.433783,1.1758928909874548e-06,0.619928,263.2,0.2431,261.4,1.5
2361,1,2636.26,21365.86,0.419898,1.1758793640706988e-06,0.624322,266.7,0.24,261.6,1.4
2362,1,2636.95,21361.27,0.415106,1.175865829650801e-06,0.614114,265.4,0.2411,262.1,1.4
2363,1,2637.64,21356.72,0.464043,1.1758522877280666e-06,0.722032,262.6,0.2437,262.0,1.3
2364,1,2638.4,21352.77,0.431326,1.1758387383028024e-06,0.726982,199.0,0.3215,258.0,1.2
2365,1,2639.1,21348.29,0.505468,1.1758251813753144e-06,0.878936,192.1,0.3332,253.4,1.2
2366,1,2639.7,21342.97,0.459168,1.1758116169459088e-06,0.626959,265.8,0.2408,253.4,1.2
2367,1,2640.39,21338.41,0.428394,1.1757980450148924e-06,0.66294,265.1,0.2414,253.2,1.2
2368,1,2641.08,21333.85,0.44686,1.175784465582572e-06,0.8045,265.0,0.2415,253.3,1.2
2369,1,2641.77,21329.33,0.443846,1.1757708786492546e-06,0.820679,262.9,0.2434,253.2,1.3
2370,1,2642.46,21324.76,0.416988,1.175757284215247e-06,0.525301,263.6,0.2428,253.1,1.3
2371,1,2643.15,21320.2,0.436759,1.175743682280857e-06,0.767531,263.7,0.2427,252.8,1.3
2372,1,2643.86,21315.82,0.408017,1.1757300728463916e-06,0.835967,256.5,0.2495,252.1,1.4
2373,1,2644.55,21311.28,0.475583,1.1757164559121585e-06,0.708874,263.7,0.2427,252.0,1.4
2374,1,2645.24,21306.74,0.451255,1.1757028314784656e-06,0.764756,264.7,0.2418,252.0,1.4
2375,1,2645.92,21302.17,0.442773,1.1756891995456208e-06,0.6854,267.5,0.2393,252.0,1.4
2376,1,2646.61,21297.61,0.403076,1.1756755601139322e-06,0.560533,265.7,0.2408,251.8,1.4
2377,1,2647.29,21293.07,0.453372,1.1756619131837081e-06,0.71754,266.3,0.2403,251.8,1.4
2378,1,2648.1,21289.47,0.422636,1.175648258755257e-06,0.638271,187.0,0.3422,246.7,1.5
2379,1,2648.74,21284.54,0.412875,1.1756345968288877e-06,0.669876,225.2,0.2842,244.5,1.5
2380,1,2649.4,21279.8,0.425884,1.1756209274049089e-06,0.741637,262.7,0.2437,244.5,1.5
2381,1,2650.13,21275.63,0.481998,1.1756072504836292e-06,0.655825,266.7,0.2399,244.5,1.5
2382,1,2650.82,21271.11,0.425395,1.1755935660653583e-06,0.786846,265.4,0.2412,244.6,1.5
2383,1,2651.51,21266.59,0.46788,1.1755798741504054e-06,0.613219,267.1,0.2396,244.8,1.5
2384,1,2652.2,21262.12,0.437671,1.1755661747390796e-06,0.527303,262.8,0.2435,248.4,1.5
2385,1,2652.89,21257.6,0.458536,1.175552467831691e-06,0.660046,264.6,0.2419,252.9,1.5
2386,1,2653.58,21253.12,0.455379,1.1755387534285492e-06,0.626336,265.3,0.2412,253.0,1.5
2387,1,2654.27,21248.62,0.400107,1.1755250315299642e-06,0.500958,265.8,0.2408,253.1,1.5
2388,1,2654.96,21244.13,0.388591,1.1755113021362462e-06,0.744546,265.4,0.2411,253.2,1.4
2389,1,2655.65,21239.65,0.428347,1.1754975652477054e-06,0.895976,262.6,0.2437,253.2,1.4
2390,1,2656.34,21235.18,0.429076,1.1754838208646527e-06,0.589305,262.4,0.2439,253.2,1.4
2391,1,2657.03,21230.67,0.457783,1.1754700689873984e-06,0.610033,265.0,0.2415,253.4,1.3
2392,1,2657.72,21226.19,0.454836,1.1754563096162535e-06,0.607734,265.9,0.2407,254.3,1.2
2393,1,2658.52,21222.62,0.452536,1.1754425427515289e-06,0.951374,185.4,0.3452,248.7,1.3
2394,1,2659.11,21217.33,0.427329,1.1754287683935357e-06,0.643068,264.3,0.2421,248.8,1.3
2395,1,2659.8,21212.85,0.420564,1.1754149865425855e-06,0.794619,263.1,0.2432,248.6,1.3
2396,1,2660.48,21208.37,0.415065,1.1754011971989896e-06,0.701895,266.0,0.2406,248.6,1.3
2397,1,2661.17,21203.9,0.368622,1.1753874003630597e-06,0.836962,264.6,0.2419,248.7,1.2
2398,1,2661.86,21199.43,0.407323,1.175373596035108e-06,0.527476,264.6,0.2419,253.9,1.2
2399,1,2662.55,21194.94,0.384153,1.175359784215446e-06,0.566413,267.7,0.239,256.1,1.2
2400,1,2663.24,21190.48,0.427658,1.1753459649043863e-06,0.637103,265.5,0.241,256.3,1.2
2401,1,2683.03,21338.0,0.434948,1.175332138102241e-06,0.765364,274.4,0.2332,256.7,1.2
2402,1,2683.71,21333.35,0.408425,1.1753183038093228e-06,0.673856,273.3,0.2341,257.1,1.2
2403,1,2684.38,21328.7,0.440402,1.1753044620259445e-06,0.598052,276.8,0.2313,257.7,1.1
2404,1,2685.06,21324.08,0.462859,1.1752906127524188e-06,0.552257,274.0,0.2336,258.4,1.0
2405,1,2685.73,21319.48,0.442495,1.1752767559890586e-06,1.22253,271.2,0.236,258.8,1.0
2406,1,2686.41,21314.85,0.431409,1.1752628917361773e-06,0.836446,273.3,0.2342,259.3,1.0
2407,1,2687.08,21310.24,0.481665,1.1752490199940883e-06,0.735498,271.0,0.2362,259.6,0.9
2408,1,2687.76,21305.65,0.432577,1.175235140763105e-06,0.85438,269.7,0.2373,259.9,0.9
2409,1,2688.44,21301.06,0.488159,1.1752212540435413e-06,0.567191,269.6,0.2374,260.3,0.9
2410,1,2689.12,21296.47,0.43418,1.175207359835711e-06,0.635174,271.0,0.2361,260.8,0.8
2411,1,2689.79,21291.87,0.434607,1.1751934581399281e-06,0.949604,272.3,0.235,261.2,0.8
2412,1,2690.47,21287.27,0.433768,1.175179548956507e-06,0.612845,271.9,0.2353,261.5,0.8
2413,1,2691.15,21282.7,0.405,1.1751656322857619e-06,0.676301,269.3,0.2377,268.0,0.6
2414,1,2691.83,21278.15,0.452407,1.1751517081280074e-06,0.742115,267.5,0.2392,268.3,0.6
2415,1,2692.5,21273.55,0.405628,1.1751377764835582e-06,0.490151,271.6,0.2356,268.8,0.5
2416,1,2693.19,21269.03,0.44178,1.1751238373527295e-06,0.914647,265.0,0.2415,269.0,0.4
2417,1,2693.86,21264.47,0.418581,1.1751098907358358e-06,0.98246,267.7,0.2391,269.1,0.4
2418,1,2694.54,21259.9,0.42552,1.1750959366331928e-06,0.582951,270.9,0.2362,269.4,0.5
2419,1,2695.22,21255.36,0.451592,1.1750819750451159e-06,0.816753,268.3,0.2385,269.6,0.4
2420,1,2695.9,21250.81,0.451224,1.1750680059719204e-06,0.617711,268.5,0.2384,269.7,0.4
2421,1,2696.6,21246.46,0.424408,1.1750540294139225e-06,0.849498,269.3,0.2377,269.5,0.4
2422,1,2697.28,21241.91,0.436269,1.1750400453714376e-06,0.695888,270.6,0.2365,269.4,0.4
2423,1,2697.96,21237.42,0.420573,1.175026053844782e-06,0.894525,266.9,0.2398,268.7,0.5
2424,1,2698.65,21232.9,0.411557,1.1750120548342723e-06,0.707881,268.4,0.2384,268.3,0.5
2425,1,2699.33,21228.45,0.424149,1.1749980483402242e-06,0.641968,266.3,0.2403,268.1,0.5
2426,1,2700.01,21223.94,0.423593,1.174984034362955e-06,0.584579,266.2,0.2404,267.6,0.5
2427,1,2700.71,21219.53,0.453493,1.174970012902781e-06,0.820646,256.3,0.2497,266.9,0.5
2428,1,2701.39,21215.01,0.452611,1.1749559839600194e-06,0.72139,266.5,0.2402,266.6,0.6
2429,1,2702.07,21210.52,0.435618,1.174941947534987e-06,0.725297,268.5,0.2383,266.5,0.6
2430,1,2702.75,21206.04,0.41387,1.1749279036280015e-06,0.65082,267.3,0.2394,266.3,0.6
2431,1,2703.43,21201.56,0.412194,1.17491385223938e-06,0.803951,268.9,0.238,266.1,0.6
2432,1,2704.12,21197.1,0.441089,1.1748997933694402e-06,0.905505,268.1,0.2387,265.6,0.7
2433,1,2704.81,21192.64,0.45278,1.1748857270185e-06,0.983311,266.6,0.24,265.4,0.8
2434,1,2705.51,21188.31,0.455079,1.1748716531868772e-06,0.726897,265.7,0.2409,265.1,0.8
2435,1,2706.19,21183.87,0.434244,1.17485757187489e-06,0.667529,264.1,0.2423,264.5,0.9
2436,1,2706.88,21179.44,0.392069,1.1748434830828566e-06,1.036582,261.4,0.2448,264.2,1.0
2437,1,2707.56,21174.99,0.411254,1.1748293868110953e-06,0.613359,264.8,0.2417,263.8,1.0
2438,1,2708.25,21170.55,0.490524,1.174815283059925e-06,0.63814,266.2,0.2404,263.7,1.0
2439,1,2708.93,21166.09,0.439027,1.1748011718296646e-06,0.518692,267.7,0.2391,263.7,1.0
2440,1,2709.62,21161.66,0.417345,1.1747870531206328e-06,0.973356,264.2,0.2423,263.3,1.1
2441,1,2710.44,21158.29,0.471635,1.1747729269331487e-06,0.88921,196.3,0.3261,258.6,1.1
2442,1,2711.05,21153.33,0.449499,1.1747587932675316e-06,0.767702,264.5,0.242,258.2,1.1
2443,1,2711.74,21148.88,0.418011,1.1747446521241013e-06,0.627427,267.8,0.239,258.4,1.1
2444,1,2712.43,21144.55,0.458597,1.1747305035031771e-06,0.873036,257.6,0.2484,257.8,1.1
2445,1,2713.12,21140.12,0.402114,1.174716347405079e-06,0.76594,265.4,0.2412,257.7,1.1
2446,1,2713.8,21135.69,0.405131,1.174702183830127e-06,0.5767,268.2,0.2386,257.8,1.1
2447,1,2714.52,21131.53,0.406357,1.174688012778641e-06,0.715575,235.1,0.2723,256.5,1.1
2448,1,2715.17,21126.9,0.414488,1.1746738342509417e-06,0.882592,263.7,0.2427,256.2,1.2
2449,1,2715.86,21122.49,0.3941,1.174659648247349e-06,0.633269,262.7,0.2436,255.9,1.2
2450,1,2716.54,21118.05,0.501534,1.174645454768184e-06,0.921743,265.8,0.2408,255.8,1.2
2451,1,2717.23,21113.66,0.43829,1.1746312538137673e-06,0.576925,266.0,0.2406,255.7,1.2
2452,1,2717.91,21109.28,0.452851,1.17461704538442e-06,0.861968,265.2,0.2413,255.8,1.1
2453,1,2718.61,21105.0,0.415328,1.1746028294804635e-06,0.571546,250.4,0.2555,254.9,1.1
2454,1,2719.3,21100.61,0.408577,1.1745886061022188e-06,0.857267,263.9,0.2425,255.1,1.0
2455,1,2719.99,21096.26,0.453792,1.1745743752500073e-06,1.0633,263.0,0.2433,255.1,1.0
2456,1,2720.67,21091.86,0.404417,1.174560136924151e-06,0.581611,266.6,0.2401,255.3,1.1
2457,1,2721.36,21087.5,0.465109,1.1745458911249717e-06,0.743469,264.0,0.2424,255.4,1.0
2458,1,2722.04,21083.11,0.479748,1.1745316378527911e-06,0.80071,266.2,0.2404,255.2,1.1
2459,1,2722.73,21078.77,0.381407,1.1745173771079317e-06,0.656391,263.7,0.2427,255.0,1.1
2460,1,2723.42,21074.4,0.432762,1.1745031088907155e-06,0.751736,264.0,0.2424,255.1,1.0
2461,1,2724.15,21070.39,0.415721,1.1744888332014653e-06,0.578619,267.1,0.2397,259.6,1.0
2462,1,2724.84,21066.04,0.413328,1.1744745500405036e-06,0.852274,264.9,0.2416,259.7,1.0
2463,1,2725.53,21061.7,0.411001,1.1744602594081533e-06,0.671738,264.5,0.242,259.4,1.1
2464,1,2726.21,21057.33,0.414873,1.1744459613047376e-06,0.590344,267.7,0.239,259.9,1.1
2465,1,2726.9,21053.02,0.423457,1.1744316557305793e-06,0.70087,262.7,0.2436,259.5,1.2
2466,1,2727.61,21048.83,0.417737,1.1744173426860022e-06,0.65982,243.1,0.2633,258.2,1.2
2467,1,2728.28,21044.35,0.408227,1.1744030221713297e-06,0.752593,266.6,0.24,260.0,1.1
2468,1,2728.97,21040.05,0.438137,1.1743886941868851e-06,0.770717,263.9,0.2425,260.1,1.1
2469,1,2729.67,21035.84,0.399011,1.1743743587329928e-06,0.564929,248.3,0.2577,259.4,1.1
2470,1,2730.35,21031.45,0.431256,1.1743600158099766e-06,0.605193,263.1,0.2433,259.2,1.1
2471,1,2731.04,21027.11,0.454888,1.1743456654181606e-06,0.952186,265.0,0.2415,259.1,1.1
2472,1,2731.78,21023.23,0.453437,1.1743313075578693e-06,0.98446,216.4,0.2957,256.3,1.1
2473,1,2732.43,21018.63,0.465797,1.174316942229427e-06,1.030219,265.4,0.2411,257.1,1.1
2474,1,2733.12,21014.32,0.432151,1.174302569433159e-06,0.740105,264.1,0.2423,257.0,1.1
2475,1,2733.81,21010.05,0.40593,1.1742881891693894e-06,0.700983,259.3,0.2468,256.9,1.1
2476,1,2734.5,21005.74,0.433431,1.1742738014384438e-06,0.539294,263.9,0.2426,256.9,1.0
2477,1,2735.19,21001.44,0.415972,1.1742594062406472e-06,0.516446,264.7,0.2417,256.8,1.1
2478,1,2735.88,20997.13,0.408727,1.174245003576325e-06,0.692334,266.3,0.2404,257.0,1.0
2479,1,2736.61,20993.2,0.453266,1.1742305934458028e-06,0.809323,222.2,0.2881,254.6,1.0
2480,1,2737.28,20988.77,0.453201,1.1742161758494062e-06,inf,265.8,0.2408,254.6,1.1
2481,1,2738.03,20984.94,0.400329,1.1742017507874615e-06,0.851815,265.5,0.241,254.5,1.1
2482,1,2738.72,20980.7,0.418337,1.1741873182602941e-06,0.627176,266.3,0.2403,254.3,1.2
2483,1,2739.41,20976.39,0.466673,1.1741728782682306e-06,0.712371,266.8,0.2399,254.4,1.2
2484,1,2740.1,20972.15,0.42723,1.1741584308115972e-06,0.584772,262.9,0.2435,254.2,1.2
2485,1,2740.81,20968.02,0.429432,1.1741439758907207e-06,0.529447,255.8,0.2502,253.8,1.2
2486,1,2741.5,20963.74,0.44664,1.1741295135059276e-06,0.666232,266.3,0.2403,255.1,1.1
2487,1,2742.18,20959.46,0.437267,1.174115043657545e-06,0.489064,264.3,0.2421,254.9,1.2
2488,1,2742.87,20955.16,0.477341,1.1741005663459e-06,0.836848,266.3,0.2404,255.0,1.2
2489,1,2743.56,20950.9,0.427648,1.1740860815713196e-06,0.725427,265.6,0.2409,255.9,1.2
2490,1,2744.24,20946.61,0.41521,1.1740715893341313e-06,0.54719,265.7,0.2408,256.1,1.1
2491,1,2744.94,20942.43,0.432776,1.1740570896346627e-06,0.655346,266.2,0.2405,255.9,1.2
2492,1,2745.62,20938.14,0.390456,1.1740425824732417e-06,0.610934,265.0,0.2415,258.6,1.3
2493,1,2746.31,20933.89,0.42312,1.1740280678501962e-06,0.542175,262.5,0.2438,258.5,1.3
2494,1,2747.0,20929.61,0.503549,1.1740135457658537e-06,0.715733,265.3,0.2413,258.6,1.3
2495,1,2747.68,20925.33,0.449698,1.1739990162205432e-06,0.623962,267.7,0.2391,258.9,1.3
2496,1,2748.37,20921.11,0.374932,1.1739844792145927e-06,0.55732,263.7,0.2427,258.9,1.3
2497,1,2749.06,20916.84,0.455296,1.1739699347483308e-06,0.668779,267.4,0.2394,258.9,1.3
2498,1,2749.83,20913.2,0.434337,1.1739553828220864e-06,0.533948,199.6,0.3206,254.8,1.3
2499,1,2750.44,20908.37,0.372249,1.1739408234361884e-06,0.803495,268.1,0.2387,257.4,1.3
2500,1,2751.12,20904.12,0.43435,1.1739262565909658e-06,0.665784,264.8,0.2417,257.4,1.3
2501,1,2882.34,21891.29,0.423306,1.173911682286748e-06,0.583235,233.8,0.2737,255.7,1.3
2502,1,2883.0,21886.38,0.410995,1.1738971005238644e-06,0.863785,267.7,0.239,256.1,1.1
2503,1,2883.68,21881.61,0.441521,1.1738825113026445e-06,0.529913,271.0,0.2361,256.5,1.1
2504,1,2884.36,21876.88,0.444384,1.1738679146234181e-06,0.580214,269.7,0.2373,256.9,1.0
2505,1,2885.04,21872.15,0.420106,1.1738533104865151e-06,0.487036,268.1,0.2388,257.9,0.9
2506,1,2885.72,21867.42,0.457264,1.1738386988922659e-06,0.695206,267.4,0.2394,258.0,0.9
2507,1,2886.39,21862.68,0.433335,1.1738240798410003e-06,0.987606,270.1,0.2369,258.4,0.8
2508,1,2887.07,21857.96,0.48729,1.173809453333049e-06,1.0031,267.1,0.2396,258.4,0.8
2509,1,2887.76,21853.26,0.413987,1.1737948193687427e-06,0.665668,266.9,0.2398,258.6,0.8
2510,1,2888.43,21848.5,0.433483,1.1737801779484119e-06,0.726363,271.2,0.236,258.8,0.8
2511,1,2889.11,21843.83,0.393958,1.1737655290723877e-06,0.611316,267.8,0.239,259.3,0.7
2512,1,2889.79,21839.11,0.374952,1.1737508727410011e-06,0.555315,267.8,0.239,259.5,0.6
2513,1,2890.47,21834.39,0.418212,1.1737362089545836e-06,0.62996,270.3,0.2368,260.0,0.6
2514,1,2891.16,21829.72,0.420085,1.1737215377134664e-06,0.882845,268.2,0.2387,260.2,0.5
2515,1,2891.84,21825.04,0.464108,1.1737068590179815e-06,0.650942,267.2,0.2396,260.4,0.5
2516,1,2892.52,21820.38,0.477584,1.1736921728684604e-06,0.649279,268.2,0.2386,260.5,0.5
2517,1,2893.2,21815.71,0.444486,1.173677479265235e-06,0.581906,268.0,0.2388,260.8,0.4
2518,1,2893.89,21811.04,0.397794,1.1736627782086375e-06,0.725377,268.6,0.2383,265.3,0.4
2519,1,2894.57,21806.4,0.419348,1.1736480696990002e-06,0.641472,265.9,0.2407,265.2,0.4
2520,1,2895.26,21801.75,0.435875,1.1736333537366557e-06,0.605253,262.8,0.2436,265.3,0.3
2521,1,2895.99,21797.48,0.422726,1.1736186303219366e-06,0.556731,264.3,0.2422,267.1,0.3
2522,1,2896.68,21792.86,0.428226,1.1736038994551755e-06,0.78101,265.1,0.2415,267.0,0.3
2523,1,2897.37,21788.26,0.435214,1.1735891611367054e-06,0.52196,262.3,0.244,266.6,0.3
2524,1,2898.06,21783.66,0.475582,1.1735744153668596e-06,0.53359,261.7,0.2446,266.1,0.3
2525,1,2898.74,21779.04,0.391336,1.1735596621459714e-06,0.615409,265.5,0.2411,266.0,0.3
2526,1,2899.43,21774.43,0.46102,1.173544901474374e-06,0.850885,266.2,0.2405,265.9,0.3
2527,1,2900.14,21769.95,0.432037,1.1735301333524015e-06,0.652955,252.3,0.2537,265.0,0.3
2528,1,2900.82,21765.33,0.453321,1.1735153577803871e-06,0.700101,268.1,0.2387,265.0,0.3
2529,1,2901.51,21760.75,0.438417,1.1735005747586654e-06,0.688678,264.1,0.2423,264.9,0.3
2530,1,2902.2,21756.16,0.417778,1.1734857842875702e-06,0.809449,263.8,0.2426,264.5,0.3
2531,1,2902.88,21751.55,0.484616,1.173470986367436e-06,0.894089,266.4,0.2402,264.2,0.4
2532,1,2903.57,21746.97,0.43638,1.173456180998597e-06,0.689598,266.4,0.2402,264.1,0.4
2533,1,2904.26,21742.37,0.450819,1.173441368181388e-06,0.671381,266.4,0.2403,263.8,0.4
2534,1,2904.95,21737.82,0.4401,1.173426547916144e-06,0.526431,262.3,0.244,263.3,0.5
2535,1,2905.72,21733.89,0.453521,1.1734117202031996e-06,0.790791,204.9,0.3124,258.8,0.8
2536,1,2906.35,21728.83,0.401048,1.1733968850428902e-06,0.597028,263.9,0.2425,258.5,0.8
2537,1,2907.03,21724.26,0.454276,1.1733820424355513e-06,0.745303,266.2,0.2405,258.2,0.9
2538,1,2907.72,21719.7,0.454874,1.173367192381518e-06,0.68885,266.1,0.2405,257.8,1.0
2539,1,2908.41,21715.15,0.417904,1.1733523348811262e-06,0.839009,263.7,0.2427,257.6,1.0
2540,1,2909.1,21710.6,0.459889,1.1733374699347116e-06,0.74451,262.7,0.2436,257.5,1.0
2541,1,2909.84,21706.41,0.429793,1.1733225975426105e-06,0.641495,264.9,0.2416,257.5,1.1
2542,1,2910.52,21701.83,0.429692,1.1733077177051587e-06,0.779599,267.6,0.2391,257.6,1.1
2543,1,2911.21,21697.29,0.44006,1.1732928304226926e-06,1.093792,265.2,0.2413,257.5,1.2
2544,1,2911.9,21692.76,0.445004,1.1732779356955491e-06,0.791186,265.3,0.2412,257.6,1.2
2545,1,2912.59,21688.19,0.407104,1.1732630335240643e-06,0.638026,265.3,0.2412,257.5,1.3
2546,1,2913.28,21683.65,0.384355,1.1732481239085754e-06,0.576895,265.4,0.2411,257.4,1.3
2547,1,2913.96,21679.1,0.450246,1.1732332068494193e-06,0.763162,265.8,0.2408,258.0,1.3
2548,1,2914.65,21674.56,0.458003,1.1732182823469331e-06,0.901638,265.2,0.2413,257.8,1.3
2549,1,2915.34,21670.03,0.409661,1.1732033504014544e-06,0.505237,263.1,0.2433,257.6,1.4
2550,1,2916.05,21665.7,0.446853,1.1731884110133205e-06,0.678619,238.0,0.2689,256.1,1.4
2551,1,2916.71,21660.97,0.42514,1.1731734641828693e-06,0.90035,263.6,0.2428,256.2,1.4
2552,1,2917.4,21656.45,0.428723,1.1731585099104382e-06,0.579955,263.0,0.2434,255.9,1.4
2553,1,2918.09,21651.93,0.446131,1.1731435481963656e-06,0.635821,263.6,0.2428,255.7,1.4
2554,1,2918.78,21647.41,0.419749,1.1731285790409895e-06,0.600034,265.0,0.2415,256.0,1.3
2555,1,2919.46,21642.89,0.453749,1.1731136024446483e-06,0.998577,265.0,0.2415,260.2,1.2
2556,1,2920.23,21638.98,0.436807,1.1730986184076807e-06,0.742811,200.8,0.3188,256.3,1.1
2557,1,2920.84,21633.87,0.474448,1.173083626930425e-06,0.87933,264.6,0.2419,256.5,1.0
2558,1,2921.55,21629.51,0.390382,1.1730686280132204e-06,0.582676,262.3,0.244,256.2,1.1
2559,1,2922.24,21625.01,0.432152,1.173053621656406e-06,0.916953,263.9,0.2425,256.2,1.1
2560,1,2922.93,21620.52,0.433237,1.1730386078603206e-06,0.787243,261.9,0.2444,256.2,1.1
2561,1,2923.74,21616.99,0.421188,1.1730235866253037e-06,0.71484,233.5,0.2741,254.4,1.1
2562,1,2924.41,21612.31,0.376708,1.1730085579516951e-06,0.639465,265.7,0.2409,254.3,1.1
2563,1,2925.1,21607.84,0.441152,1.1729935218398342e-06,0.633564,262.9,0.2435,254.2,1.1
2564,1,2925.79,21603.36,0.467741,1.172978478290061e-06,0.737849,265.1,0.2414,254.1,1.1
2565,1,2926.48,21598.89,0.451181,1.1729634273027156e-06,0.691633,266.1,0.2405,254.2,1.1
2566,1,2927.17,21594.41,0.451784,1.172948368878138e-06,0.690019,265.0,0.2415,254.2,1.1
2567,1,2927.87,21590.05,0.43923,1.1729333030166688e-06,0.521183,263.4,0.243,253.7,1.2
2568,1,2928.56,21585.56,0.439089,1.1729182297186484e-06,0.723659,262.9,0.2435,253.7,1.2
2569,1,2929.25,21581.11,0.446544,1.1729031489844175e-06,0.718697,259.7,0.2465,253.7,1.1
2570,1,2929.93,21576.58,0.424042,1.1728880608143168e-06,0.633597,267.2,0.2396,255.3,1.1
2571,1,2930.61,21572.1,0.419884,1.1728729652086879e-06,0.714207,263.3,0.2431,255.4,1.1
2572,1,2931.31,21567.66,0.437921,1.1728578621678714e-06,0.691948,265.1,0.2414,255.6,1.0
2573,1,2931.99,21563.17,0.427986,1.172842751692209e-06,1.086929,265.1,0.2414,255.9,0.9
2574,1,2932.67,21558.69,0.443254,1.1728276337820424e-06,0.693133,265.2,0.2413,256.0,0.9
2575,1,2933.36,21554.23,0.440313,1.172812508437713e-06,0.932468,264.1,0.2423,256.0,0.9
2576,1,2934.05,21549.76,0.457414,1.1727973756595629e-06,0.780825,262.7,0.2436,260.0,0.9
2577,1,2934.73,21545.29,0.420036,1.172782235447934e-06,0.715354,265.2,0.2413,260.1,0.8
2578,1,2935.42,21540.84,0.440751,1.1727670878031682e-06,0.729022,265.6,0.241,260.6,0.7
2579,1,2936.1,21536.35,0.4336,1.1727519327256088e-06,0.814189,267.6,0.2391,260.9,0.7
2580,1,2936.79,21531.89,0.442058,1.1727367702155976e-06,0.810673,268.6,0.2383,261.3,0.6
2581,1,2937.49,21527.55,0.405925,1.1727216002734775e-06,0.905656,264.8,0.2417,263.2,0.6
2582,1,2938.18,21523.1,0.410502,1.1727064228995916e-06,0.552196,264.6,0.2419,263.3,0.5
2583,1,2938.86,21518.62,0.451466,1.1726912380942826e-06,0.656121,269.6,0.2374,263.8,0.4
2584,1,2939.54,21514.18,0.445562,1.172676045857894e-06,0.586859,267.5,0.2393,264.2,0.4
2585,1,2940.23,21509.75,0.43359,1.172660846190769e-06,1.128714,267.5,0.2393,264.3,0.4
2586,1,2940.91,21505.3,0.439472,1.1726456390932516e-06,0.899768,267.0,0.2397,264.4,0.3
2587,1,2941.6,21500.88,0.44155,1.1726304245656849e-06,0.862999,264.3,0.2421,265.0,0.1
2588,1,2942.3,21496.5,0.418542,1.172615202608413e-06,1.265225,264.6,0.2418,265.1,0.1
2589,1,2942.98,21492.05,0.442241,1.1725999732217801e-06,0.538795,271.3,0.2359,265.7,0.1
2590,1,2943.67,21487.65,0.434826,1.1725847364061306e-06,0.711312,267.8,0.2389,265.7,0.1
2591,1,2944.35,21483.22,0.454798,1.1725694921618086e-06,0.606044,266.9,0.2398,265.9,0.1
2592,1,2945.05,21478.86,0.420932,1.1725542404891586e-06,0.792067,255.9,0.2501,265.4,0.1
2593,1,2945.73,21474.37,0.472217,1.1725389813885256e-06,0.710306,266.2,0.2404,265.5,0.1
2594,1,2946.41,21469.94,0.423575,1.1725237148602545e-06,0.654938,267.2,0.2395,265.6,0.1
2595,1,2947.09,21465.51,0.4514,1.1725084409046904e-06,0.528922,269.6,0.2373,265.9,0.1
2596,1,2947.78,21461.09,0.395621,1.1724931595221785e-06,0.748152,268.0,0.2388,266.1,0.1
2597,1,2948.46,21456.69,0.440651,1.172477870713064e-06,0.658602,266.5,0.2401,266.2,0.1
2598,1,2949.15,21452.28,0.398075,1.1724625744776929e-06,0.775129,267.7,0.2391,266.3,0.1
2599,1,2949.84,21447.91,0.444513,1.1724472708164103e-06,0.707763,264.2,0.2422,266.1,0.1
2600,1,2950.52,21443.49,0.431023,1.1724319597295626e-06,0.747896,266.6,0.24,266.0,0.1
2601,1,2974.57,21608.8,0.440189,1.1724166412174957e-06,0.618481,271.6,0.2356,266.4,0.1
2602,1,2975.24,21604.25,0.397899,1.1724013152805562e-06,0.773826,270.7,0.2365,266.7,0.1
2603,1,2975.92,21599.73,0.435394,1.17238598191909e-06,0.766665,268.9,0.238,266.6,0.1
2604,1,2976.6,21595.2,0.420529,1.1723706411334442e-06,0.811564,269.8,0.2372,266.8,0.1
2605,1,2977.28,21590.68,0.446964,1.1723552929239652e-06,0.691439,271.0,0.2362,266.9,0.1
2606,1,2977.95,21586.17,0.409794,1.172339937291e-06,0.635024,270.5,0.2366,267.1,0.1
2607,1,2978.63,21581.63,0.459352,1.1723245742348956e-06,0.677794,272.8,0.2346,267.5,0.1
2608,1,2979.31,21577.15,0.445842,1.1723092037559994e-06,0.637948,269.2,0.2377,267.8,0.1
2609,1,2979.99,21572.64,0.434937,1.172293825854659e-06,0.629475,270.0,0.237,267.7,0.1
2610,1,2980.67,21568.14,0.444044,1.1722784405312217e-06,0.685379,270.8,0.2363,267.9,0.1
2611,1,2981.34,21563.64,0.462348,1.1722630477860352e-06,0.739766,270.4,0.2367,268.0,0.1
2612,1,2982.02,21559.16,0.385311,1.1722476476194476e-06,0.663529,268.6,0.2383,268.7,0.1
2613,1,2982.7,21554.67,0.409978,1.172232240031807e-06,0.577978,270.7,0.2364,268.9,0.1
2614,1,2983.38,21550.17,0.402721,1.1722168250234615e-06,0.553181,271.0,0.2362,269.1,0.1
2615,1,2984.06,21545.68,0.450793,1.1722014025947596e-06,0.746166,273.5,0.234,269.3,0.1
2616,1,2984.74,21541.21,0.447004,1.17218597274605e-06,0.640355,271.7,0.2355,269.5,0.1
2617,1,2985.42,21536.78,0.449656,1.1721705354776816e-06,1.243876,264.4,0.242,269.4,0.1
2618,1,2986.1,21532.3,0.415742,1.172155090790003e-06,0.721973,268.3,0.2386,269.4,0.1
2619,1,2986.78,21527.84,0.449613,1.1721396386833635e-06,0.906897,268.8,0.2381,269.7,0.1
2620,1,2987.46,21523.38,0.450694,1.1721241791581122e-06,0.533381,269.1,0.2378,269.8,0.1
2621,1,2988.14,21518.97,0.424821,1.1721087122145988e-06,0.613071,271.5,0.2357,269.8,0.1
2622,1,2988.83,21514.53,0.416729,1.1720932378531728e-06,0.73446,267.7,0.2391,269.6,0.1
2623,1,2989.51,21510.08,0.386674,1.172077756074184e-06,0.658238,271.1,0.236,269.8,0.1
2624,1,2990.19,21505.65,0.468464,1.1720622668779821e-06,0.892803,271.2,0.236,269.8,0.1
2625,1,2990.87,21501.22,0.448021,1.1720467702649176e-06,0.660256,268.5,0.2384,269.7,0.1
2626,1,2991.55,21496.79,0.460933,1.1720312662353406e-06,0.722558,267.2,0.2395,269.5,0.1
2627,1,2992.23,21492.34,0.390018,1.1720157547896013e-06,0.668214,270.1,0.237,269.4,0.1
2628,1,2992.91,21487.9,0.400296,1.1720002359280504e-06,0.634018,270.2,0.2369,269.4,0.1
2629,1,2993.59,21483.49,0.406016,1.1719847096510391e-06,0.582731,267.7,0.239,269.3,0.1
2630,1,2994.27,21479.07,0.442123,1.171969175958918e-06,0.499431,270.4,0.2367,269.3,0.1
2631,1,2994.96,21474.66,0.48257,1.1719536348520382e-06,0.630559,268.7,0.2382,269.2,0.1
2632,1,2995.64,21470.27,0.420082,1.171938086330751e-06,0.636237,265.0,0.2415,269.0,0.1
2633,1,2996.32,21465.85,0.42726,1.1719225303954078e-06,0.575867,268.9,0.238,268.9,0.1
2634,1,2997.0,21461.45,0.418786,1.1719069670463604e-06,0.786622,268.8,0.2381,268.8,0.1
2635,1,2997.68,21457.05,0.422176,1.1718913962839605e-06,0.679161,268.5,0.2384,268.6,0.1
2636,1,2998.37,21452.65,0.485248,1.17187581810856e-06,0.795719,269.3,0.2376,268.5,0.1
2637,1,2999.05,21448.27,0.416944,1.1718602325205112e-06,0.540783,268.5,0.2383,268.7,0.1
2638,1,2999.73,21443.86,0.427684,1.171844639520166e-06,0.739267,268.4,0.2384,268.7,0.1
2639,1,3000.41,21439.47,0.435228,1.1718290391078774e-06,0.743181,271.1,0.2361,268.8,0.1
2640,1,3001.1,21435.1,0.46865,1.1718134312839975e-06,0.721848,270.1,0.2369,268.8,0.1
2641,1,3001.78,21430.77,0.445333,1.1717978160488794e-06,0.702486,270.0,0.237,268.8,0.1
2642,1,3002.47,21426.4,0.409324,1.171782193402876e-06,0.61459,265.3,0.2413,268.6,0.1
2643,1,3003.15,21422.0,0.414258,1.1717665633463404e-06,0.584942,269.4,0.2376,268.6,0.1
2644,1,3003.83,21417.63,0.425832,1.171750925879626e-06,0.642439,268.5,0.2384,268.4,0.1
2645,1,3004.51,21413.27,0.41887,1.1717352810030859e-06,0.726592,268.7,0.2382,268.4,0.1
2646,1,3005.19,21408.88,0.424613,1.1717196287170742e-06,0.707934,272.7,0.2347,268.7,0.1
2647,1,3005.88,21404.56,0.442361,1.1717039690219443e-06,0.654869,266.3,0.2403,268.5,0.1
2648,1,3006.57,21400.21,0.434953,1.1716883019180505e-06,0.760698,265.9,0.2407,268.3,0.1
2649,1,3007.25,21395.85,0.413251,1.1716726274057466e-06,0.859,266.2,0.2404,268.2,0.1
2650,1,3007.93,21391.5,0.406987,1.1716569454853873e-06,0.694732,269.1,0.2378,268.1,0.1
2651,1,3008.61,21387.15,0.440329,1.1716412561573267e-06,0.719314,271.7,0.2356,268.3,0.1
2652,1,3009.3,21382.84,0.476486,1.1716255594219194e-06,0.830198,263.9,0.2425,268.2,0.1
2653,1,3009.98,21378.49,0.437312,1.1716098552795204e-06,0.625897,266.9,0.2398,268.1,0.1
2654,1,3010.66,21374.13,0.384955,1.1715941437304848e-06,0.595849,270.2,0.2369,268.2,0.1
2655,1,3011.35,21369.82,0.431124,1.1715784247751675e-06,0.870723,266.1,0.2405,268.0,0.1
2656,1,3012.03,21365.47,0.414173,1.1715626984139238e-06,0.671713,269.7,0.2373,268.1,0.1
2657,1,3012.72,21361.14,0.392675,1.1715469646471093e-06,0.633157,271.6,0.2356,268.2,0.1
2658,1,3013.4,21356.84,0.451909,1.1715312234750794e-06,0.769427,267.4,0.2393,268.2,0.1
2659,1,3014.09,21352.52,0.399459,1.17151547489819e-06,0.587262,267.1,0.2396,267.9,0.1
2660,1,3014.77,21348.18,0.430366,1.1714997189167975e-06,0.730247,271.6,0.2356,268.0,0.1
2661,1,3015.46,21343.95,0.413132,1.1714839555312574e-06,0.537663,266.6,0.2401,267.8,0.1
2662,1,3016.15,21339.63,0.454857,1.1714681847419262e-06,0.821512,267.4,0.2393,268.0,0.1
2663,1,3016.83,21335.3,0.390295,1.1714524065491608e-06,0.892816,271.5,0.2357,268.1,0.1
2664,1,3017.51,21331.0,0.453095,1.1714366209533171e-06,0.673969,267.0,0.2397,268.0,0.1
2665,1,3018.2,21326.71,0.468585,1.1714208279547524e-06,0.747743,265.6,0.241,267.8,0.1
2666,1,3018.88,21322.38,0.460054,1.1714050275538236e-06,0.633504,271.8,0.2355,267.8,0.1
2667,1,3019.57,21318.11,0.423787,1.1713892197508878e-06,0.76466,267.1,0.2396,267.8,0.1
2668,1,3020.25,21313.81,0.404463,1.1713734045463024e-06,0.691831,267.2,0.2395,267.9,0.1
2669,1,3020.93,21309.49,0.387572,1.1713575819404248e-06,0.805579,270.7,0.2364,268.1,0.1
2670,1,3021.62,21305.23,0.389432,1.1713417519336125e-06,0.525012,265.7,0.2409,268.0,0.1
2671,1,3022.3,21300.96,0.456636,1.1713259145262238e-06,0.948585,264.8,0.2417,267.6,0.1
2672,1,3022.99,21296.68,0.430801,1.171310069718616e-06,0.692292,267.3,0.2394,267.8,0.1
2673,1,3023.67,21292.39,0.452277,1.1712942175111477e-06,0.663058,269.3,0.2377,267.9,0.1
2674,1,3024.36,21288.13,0.38787,1.171278357904177e-06,0.719323,264.1,0.2423,267.6,0.1
2675,1,3025.04,21283.81,0.453744,1.1712624908980627e-06,0.690672,272.0,0.2353,267.9,0.1
2676,1,3025.72,21279.54,0.457576,1.1712466164931631e-06,0.768427,270.3,0.2368,267.9,0.1
2677,1,3026.41,21275.29,0.414483,1.1712307346898374e-06,0.455317,266.2,0.2404,267.6,0.1
2678,1,3027.09,21271.03,0.430225,1.1712148454884442e-06,1.066946,264.9,0.2416,267.5,0.1
2679,1,3027.77,21266.76,0.467551,1.1711989488893426e-06,0.806452,266.4,0.2403,267.5,0.1
2680,1,3028.46,21262.5,0.478638,1.1711830448928924e-06,0.693461,266.3,0.2403,267.3,0.1
2681,1,3029.15,21258.31,0.469416,1.1711671334994526e-06,0.770037,267.4,0.2393,267.3,0.1
2682,1,3029.84,21254.06,0.477895,1.171151214709383e-06,0.903199,265.9,0.2406,267.2,0.1
2683,1,3030.52,21249.81,0.460464,1.1711352885230435e-06,0.673595,269.8,0.2372,267.1,0.1
2684,1,3031.21,21245.57,0.488349,1.171119354940794e-06,0.648072,266.2,0.2404,267.1,0.1
2685,1,3031.89,21241.33,0.416282,1.1711034139629948e-06,0.673657,268.6,0.2383,267.2,0.1
2686,1,3032.58,21237.09,0.403043,1.1710874655900061e-06,0.634139,268.1,0.2387,267.1,0.1
2687,1,3110.81,21775.68,0.438891,1.1710715098221884e-06,1.006727,0.3,77.7855,15.0,0.0
2688,2,3118.34,21819.08,0.408389,1.1710555466599022e-06,0.981058,155.9,0.4106,8.6,94.5
2689,2,3126.01,21863.49,0.430812,1.1710395761035086e-06,0.581949,266.3,0.2403,8.7,95.6
2690,2,3126.7,21859.03,0.418412,1.1710235981533684e-06,0.560852,267.7,0.239,12.9,94.0
2691,2,3127.52,21855.42,0.39364,1.1710076128098427e-06,0.5409,268.1,0.2387,16.9,92.5
2692,2,3129.62,21860.83,0.385547,1.1709916200732929e-06,0.535047,249.9,0.2561,19.0,91.8
2693,2,3130.32,21856.42,0.428836,1.1709756199440805e-06,0.654497,238.9,0.2679,22.5,90.3
2694,2,3130.95,21851.57,0.441932,1.1709596124225675e-06,0.651902,271.2,0.236,25.9,89.1
2695,2,3131.62,21846.94,0.413599,1.1709435975091152e-06,0.673337,271.0,0.2362,29.2,87.9
2696,2,3132.28,21842.34,0.433067,1.170927575204086e-06,1.111476,268.9,0.238,32.4,86.7
2697,2,3132.95,21837.74,0.427011,1.170911545507842e-06,0.673608,267.6,0.2392,35.5,85.6
2698,2,3133.62,21833.14,0.445734,1.170895508420745e-06,0.645866,267.5,0.2392,38.5,84.4
2699,2,3134.29,21828.55,0.485238,1.170879463943158e-06,0.855893,267.1,0.2397,41.5,83.4
2700,2,3134.97,21824.06,0.408941,1.1708634120754437e-06,0.974577,251.2,0.2547,44.3,82.2
2701,2,3135.63,21819.42,0.435375,1.1708473528179646e-06,0.783878,272.2,0.2351,47.2,81.2
2702,2,3136.3,21814.83,0.421424,1.1708312861710838e-06,0.56119,267.9,0.2389,49.9,80.2
2703,2,3136.99,21810.39,0.46351,1.1708152121351644e-06,0.658914,249.6,0.2564,52.5,79.1
2704,2,3137.64,21805.68,0.5008,1.17079913071057e-06,0.7128,269.4,0.2376,55.1,78.2
2705,2,3138.31,21801.12,0.466427,1.170783041897664e-06,0.68448,270.8,0.2364,57.7,77.3
2706,2,3138.98,21796.57,0.389896,1.17076694569681e-06,0.632914,266.5,0.2401,60.2,76.4
2707,2,3139.65,21791.97,0.456105,1.170750842108372e-06,0.935681,271.6,0.2356,62.6,75.5
2708,2,3140.32,21787.4,0.478673,1.1707347311327135e-06,0.576236,273.1,0.2343,96.9,63.4
2709,2,3140.99,21782.83,0.406336,1.170718612770199e-06,0.858036,270.6,0.2365,203.8,23.0
2710,2,3141.65,21778.25,0.433036,1.170702487021193e-06,0.680107,273.9,0.2337,204.4,22.9
2711,2,3142.32,21773.7,0.425323,1.1706863538860598e-06,0.619659,270.6,0.2365,204.7,22.8
2712,2,3142.99,21769.15,0.449038,1.170670213365164e-06,0.659615,271.2,0.236,265.2,0.4
2713,2,3143.66,21764.61,0.417968,1.1706540654588706e-06,0.736758,271.9,0.2354,267.0,0.4
2714,2,3144.33,21760.05,0.40126,1.1706379101675443e-06,0.860366,274.0,0.2336,267.2,0.4
2715,2,3145.0,21755.5,0.42057,1.1706217474915507e-06,0.573358,272.7,0.2347,267.3,0.4
2716,2,3145.67,21750.98,0.422462,1.1706055774312548e-06,0.565959,269.8,0.2372,267.4,0.3
2717,2,3146.34,21746.44,0.4585,1.1705893999870221e-06,0.901247,270.9,0.2363,267.5,0.3
2718,2,3147.01,21741.91,0.424316,1.1705732151592185e-06,0.866927,270.3,0.2368,267.7,0.3
2719,2,3147.68,21737.41,0.470356,1.1705570229482096e-06,0.687081,267.8,0.239,267.6,0.4
2720,2,3148.35,21732.85,0.42182,1.1705408233543615e-06,0.721778,270.9,0.2362,268.7,0.4
2721,2,3149.02,21728.38,0.375238,1.1705246163780405e-06,0.535951,273.3,0.2341,268.7,0.4
2722,2,3149.69,21723.86,0.394291,1.1705084020196129e-06,0.428025,273.8,0.2338,269.0,0.4
2723,2,3150.36,21719.35,0.44047,1.1704921802794447e-06,0.64064,271.7,0.2356,270.2,0.4
2724,2,3151.04,21714.88,0.440492,1.1704759511579032e-06,0.538246,266.5,0.2401,270.1,0.4
2725,2,3151.71,21710.35,0.449621,1.170459714655355e-06,0.874337,270.2,0.2368,270.1,0.4
2726,2,3152.38,21705.83,0.478028,1.1704434707721669e-06,0.74686,272.9,0.2345,270.4,0.4
2727,2,3153.05,21701.34,0.430274,1.1704272195087064e-06,0.986543,269.9,0.2371,270.3,0.4
2728,2,3153.73,21696.89,0.439852,1.1704109608653407e-06,0.637723,261.3,0.2449,269.6,0.4
2729,2,3154.39,21692.35,0.421938,1.1703946948424372e-06,0.497287,270.5,0.2366,269.6,0.4
2730,2,3155.06,21687.84,0.435253,1.1703784214403638e-06,0.78519,273.4,0.2341,269.6,0.4
2731,2,3155.73,21683.37,0.427345,1.1703621406594881e-06,0.794878,271.3,0.2359,269.7,0.4
2732,2,3156.4,21678.87,0.46615,1.1703458525001782e-06,0.619236,272.2,0.2351,269.7,0.4
2733,2,3157.07,21674.39,0.48372,1.1703295569628021e-06,0.714871,271.4,0.2358,269.7,0.4
2734,2,3157.74,21669.93,0.402672,1.1703132540477287e-06,0.648552,270.9,0.2363,269.6,0.4
2735,2,3158.41,21665.44,0.428106,1.1702969437553258e-06,0.899621,271.8,0.2355,269.6,0.3
2736,2,3159.08,21660.96,0.430609,1.1702806260859625e-06,0.591323,271.8,0.2355,269.7,0.3
2737,2,3159.76,21656.5,0.452278,1.1702643010400075e-06,0.621669,271.1,0.2361,269.8,0.3
2738,2,3160.43,21652.05,0.42041,1.1702479686178296e-06,0.635475,270.7,0.2364,269.8,0.3
2739,2,3161.1,21647.58,0.453686,1.1702316288197983e-06,0.901251,272.0,0.2353,270.1,0.3
2740,2,3161.77,21643.12,0.416377,1.1702152816462828e-06,0.567314,270.7,0.2365,270.1,0.3
2741,2,3162.45,21638.73,0.397071,1.1701989270976526e-06,0.578583,272.5,0.2349,270.0,0.3
2742,2,3163.12,21634.27,0.440067,1.1701825651742775e-06,0.915293,271.8,0.2354,270.0,0.3
2743,2,3163.79,21629.82,0.41205,1.170166195876527e-06,0.886268,272.3,0.2351,270.0,0.3
2744,2,3164.47,21625.44,0.429887,1.1701498192047715e-06,0.753941,261.8,0.2445,269.8,0.3
2745,2,3165.14,21620.94,0.428702,1.1701334351593808e-06,0.789765,270.4,0.2367,269.8,0.3
2746,2,3165.81,21616.49,0.4155,1.1701170437407254e-06,0.679837,274.3,0.2333,269.9,0.3
2747,2,3166.48,21612.06,0.484103,1.1701006449491756e-06,0.656526,272.5,0.2348,270.0,0.3
2748,2,3167.16,21607.67,0.423527,1.1700842387851026e-06,0.667003,268.4,0.2385,270.4,0.3
2749,2,3167.83,21603.24,0.481794,1.170067825248877e-06,0.691072,271.9,0.2353,270.4,0.3
2750,2,3168.5,21598.83,0.41973,1.1700514043408697e-06,0.532299,270.9,0.2362,270.3,0.3
2751,2,3169.18,21594.4,0.419005,1.1700349760614519e-06,0.509305,272.1,0.2352,270.3,0.3
2752,2,3169.85,21589.98,0.456448,1.1700185404109947e-06,0.593508,270.8,0.2363,270.3,0.3
2753,2,3170.52,21585.57,0.447046,1.17000209738987e-06,0.646233,271.4,0.2358,270.3,0.3
2754,2,3171.2,21581.18,0.461448,1.169985646998449e-06,0.75385,270.8,0.2364,270.2,0.3
2755,2,3171.87,21576.76,0.409826,1.1699691892371042e-06,0.469492,273.4,0.2341,270.3,0.3
2756,2,3172.55,21572.39,0.462442,1.169952724106207e-06,1.130345,270.1,0.2369,270.2,0.3
2757,2,3173.22,21568.01,0.461528,1.16993625160613e-06,0.878747,271.1,0.2361,270.1,0.3
2758,2,3173.89,21563.6,0.437525,1.169919771737245e-06,0.617061,273.9,0.2337,270.3,0.3
2759,2,3174.58,21559.32,0.423832,1.1699032844999248e-06,0.581768,256.8,0.2492,269.5,0.3
2760,2,3175.25,21554.86,0.452026,1.1698867898945424e-06,0.601281,270.1,0.2369,269.5,0.3
2761,2,3175.93,21550.52,0.442814,1.1698702879214703e-06,0.778814,275.9,0.232,269.6,0.3
2762,2,3176.6,21546.16,0.438469,1.1698537785810814e-06,0.714787,269.3,0.2377,269.5,0.3
2763,2,3177.28,21541.79,0.407566,1.169837261873749e-06,0.710069,272.7,0.2347,269.5,0.3
2764,2,3177.95,21537.42,0.50089,1.1698207377998464e-06,0.82062,272.1,0.2352,270.0,0.3
2765,2,3178.63,21533.05,0.442095,1.1698042063597472e-06,0.719506,271.1,0.2361,270.1,0.3
2766,2,3179.3,21528.7,0.423408,1.169787667553825e-06,0.709546,270.1,0.237,269.8,0.3
2767,2,3179.98,21524.33,0.404273,1.1697711213824535e-06,0.606063,269.7,0.2373,269.7,0.3
2768,2,3180.67,21520.05,0.436149,1.169754567846007e-06,0.713065,256.3,0.2497,269.1,0.3
2769,2,3181.34,21515.72,0.468049,1.1697380069448593e-06,0.749505,253.8,0.2522,268.1,0.3
2770,2,3182.01,21511.28,0.44115,1.169721438679385e-06,0.758191,269.2,0.2378,268.1,0.3
2771,2,3182.68,21506.91,0.416032,1.1697048630499586e-06,0.696165,272.2,0.2351,268.0,0.3
2772,2,3183.36,21502.58,0.369982,1.1696882800569548e-06,0.641305,269.8,0.2372,268.0,0.3
2773,2,3184.03,21498.26,0.430275,1.169671689700748e-06,0.712804,267.9,0.2389,267.8,0.3
2774,2,3184.71,21493.89,0.421293,1.1696550919817136e-06,0.585484,272.6,0.2348,267.9,0.3
2775,2,3185.38,21489.55,0.401211,1.1696384869002267e-06,0.632906,273.4,0.2341,267.9,0.3
2776,2,3186.06,21485.23,0.42072,1.1696218744566627e-06,0.593068,268.3,0.2385,267.8,0.3
2777,2,3186.73,21480.91,0.377901,1.1696052546513971e-06,0.559459,270.6,0.2365,267.8,0.3
2778,2,3187.41,21476.58,0.427372,1.1695886274848054e-06,0.650137,268.2,0.2387,267.6,0.3
2779,2,3188.09,21472.25,0.408714,1.1695719929572635e-06,0.572196,270.8,0.2363,268.3,0.3
2780,2,3188.76,21467.95,0.421276,1.1695553510691472e-06,0.698992,268.4,0.2385,268.2,0.3
2781,2,3189.45,21463.69,0.403711,1.169538701820833e-06,0.576191,271.5,0.2357,268.0,0.3
2782,2,3190.13,21459.4,0.403832,1.1695220452126972e-06,0.477769,265.0,0.2415,267.8,0.3
2783,2,3190.8,21455.05,0.43148,1.169505381245116e-06,0.489997,272.1,0.2353,267.7,0.3
2784,2,3191.47,21450.73,0.401004,1.1694887099184662e-06,0.610884,272.1,0.2352,267.7,0.3
2785,2,3192.15,21446.43,0.462506,1.169472031233125e-06,0.682932,269.4,0.2376,267.7,0.3
2786,2,3192.83,21442.13,0.407802,1.1694553451894687e-06,0.575158,269.0,0.2379,267.6,0.3
2787,2,3193.5,21437.82,0.411919,1.169438651787875e-06,0.668775,272.2,0.2352,267.7,0.3
2788,2,3194.18,21433.53,0.409795,1.169421951028721e-06,0.640712,270.3,0.2368,268.4,0.3
2789,2,3194.85,21429.22,0.474413,1.1694052429123844e-06,0.878999,273.1,0.2344,269.5,0.3
2790,2,3195.53,21424.95,0.421079,1.1693885274392427e-06,0.594937,268.8,0.2381,269.4,0.3
2791,2,3196.21,21420.67,0.420988,1.1693718046096737e-06,0.594825,267.5,0.2393,269.2,0.3
2792,2,3196.88,21416.37,0.457951,1.1693550744240555e-06,0.635254,270.9,0.2362,269.3,0.3
2793,2,3197.56,21412.1,0.39188,1.169338336882766e-06,0.915712,268.7,0.2382,269.3,0.3
2794,2,3198.24,21407.82,0.479507,1.169321591986184e-06,0.724299,270.3,0.2367,269.2,0.3
2795,2,3198.92,21403.55,0.45762,1.1693048397346874e-06,0.789762,269.7,0.2373,269.0,0.3
2796,2,3199.59,21399.28,0.42448,1.1692880801286553e-06,0.591606,268.7,0.2382,269.1,0.3
2797,2,3200.27,21395.01,0.378517,1.1692713131684664e-06,0.642128,269.1,0.2378,269.0,0.3
2798,2,3200.95,21390.74,0.487152,1.1692545388544998e-06,0.699772,268.1,0.2388,269.1,0.3
2799,2,3201.62,21386.48,0.472487,1.1692377571871344e-06,0.602911,270.1,0.2369,269.0,0.3
2800,2,3202.3,21382.22,0.462747,1.1692209681667499e-06,0.671021,269.8,0.2372,269.1,0.3
2801,2,3214.68,21456.04,0.44483,1.1692041717937253e-06,0.838219,274.7,0.233,269.2,0.3
2802,2,3215.35,21451.72,0.462495,1.1691873680684406e-06,0.662586,273.0,0.2345,269.6,0.3
2803,2,3216.02,21447.42,0.419535,1.1691705569912755e-06,0.771171,271.4,0.2358,269.6,0.3
2804,2,3216.69,21443.08,0.399366,1.1691537385626102e-06,0.502519,275.6,0.2322,269.8,0.3
2805,2,3217.37,21438.84,0.441456,1.1691369127828245e-06,0.68739,263.6,0.2428,269.5,0.3
2806,2,3218.04,21434.5,0.412846,1.1691200796522989e-06,0.630512,269.2,0.2378,269.5,0.3
2807,2,3218.72,21430.2,0.452149,1.1691032391714138e-06,0.6153,271.3,0.2359,269.5,0.3
2808,2,3219.39,21425.91,0.367327,1.1690863913405498e-06,0.822244,270.6,0.2365,269.5,0.3
2809,2,3220.06,21421.61,0.429671,1.1690695361600882e-06,0.5441,272.5,0.2348,269.5,0.3
2810,2,3220.74,21417.33,0.432827,1.1690526736304095e-06,0.587848,271.5,0.2357,269.6,0.3
2811,2,3221.42,21413.08,0.395899,1.1690358037518947e-06,0.722034,268.2,0.2387,269.6,0.3
2812,2,3222.09,21408.8,0.436903,1.1690189265249256e-06,0.676852,270.2,0.2369,269.6,0.3
2813,2,3222.77,21404.53,0.387213,1.1690020419498833e-06,0.729737,269.0,0.2379,269.6,0.3
2814,2,3223.44,21400.24,0.426224,1.1689851500271498e-06,0.675361,271.7,0.2356,269.6,0.3
2815,2,3224.11,21395.97,0.386124,1.1689682507571068e-06,0.679284,272.6,0.2348,269.8,0.3
2816,2,3224.79,21391.7,0.397109,1.1689513441401361e-06,0.516097,270.7,0.2364,269.9,0.3
2817,2,3225.46,21387.45,0.420041,1.16893443017662e-06,0.740167,270.4,0.2367,270.0,0.3
2818,2,3226.14,21383.18,0.423935,1.1689175088669407e-06,0.68053,272.1,0.2352,270.2,0.3
2819,2,3226.81,21378.92,0.458698,1.1689005802114808e-06,0.648609,270.7,0.2364,270.2,0.3
2820,2,3227.49,21374.68,0.425827,1.1688836442106231e-06,0.646866,268.9,0.238,270.1,0.3
2821,2,3228.17,21370.49,0.453184,1.1688667008647502e-06,0.833593,272.3,0.2351,270.0,0.3
2822,2,3228.85,21366.24,0.41769,1.1688497501742448e-06,0.70649,269.1,0.2378,269.8,0.3
2823,2,3229.53,21362.01,0.403401,1.1688327921394907e-06,0.609284,266.4,0.2402,269.6,0.3
2824,2,3230.2,21357.76,0.465442,1.1688158267608706e-06,1.032278,270.0,0.237,269.3,0.3
2825,2,3230.88,21353.52,0.445564,1.1687988540387683e-06,0.955089,272.2,0.2351,269.7,0.3
2826,2,3231.55,21349.29,0.430555,1.1687818739735673e-06,0.791359,269.2,0.2378,269.7,0.3
2827,2,3232.24,21345.16,0.474861,1.1687648865656516e-06,0.606279,255.5,0.2505,268.9,0.3
2828,2,3232.91,21340.84,0.463241,1.1687478918154048e-06,0.792419,272.9,0.2345,269.0,0.3
2829,2,3233.58,21336.62,0.401581,1.1687308897232116e-06,0.556956,270.3,0.2368,268.9,0.3
2830,2,3234.26,21332.43,0.400515,1.1687138802894556e-06,0.692653,267.1,0.2396,268.7,0.3
2831,2,3234.94,21328.21,0.422103,1.1686968635145218e-06,0.688878,268.7,0.2382,268.6,0.3
2832,2,3235.62,21324.0,0.418638,1.1686798393987947e-06,0.921152,269.5,0.2375,268.7,0.3
2833,2,3236.29,21319.77,0.429408,1.168662807942659e-06,0.672518,270.2,0.2368,268.7,0.3
2834,2,3236.97,21315.58,0.463038,1.1686457691464999e-06,0.687126,267.7,0.239,268.6,0.3
2835,2,3237.64,21311.35,0.457066,1.1686287230107023e-06,0.668379,271.9,0.2354,268.5,0.3
2836,2,3238.32,21307.17,0.449584,1.1686116695356518e-06,0.797801,267.5,0.2393,268.4,0.3
2837,2,3239.0,21302.97,0.451277,1.1685946087217335e-06,0.857834,270.7,0.2364,268.4,0.3
2838,2,3239.68,21298.75,0.432396,1.1685775405693332e-06,0.736738,271.4,0.2358,268.4,0.3
2839,2,3240.35,21294.56,0.39531,1.1685604650788365e-06,0.750723,270.8,0.2363,268.4,0.3
2840,2,3241.03,21290.36,0.445257,1.1685433822506298e-06,0.585892,270.7,0.2364,268.5,0.3
2841,2,3241.72,21286.25,0.38686,1.168526292085099e-06,0.606916,268.4,0.2385,268.3,0.3
2842,2,3242.4,21282.08,0.360658,1.1685091945826304e-06,0.572377,266.8,0.2399,268.1,0.3
2843,2,3243.07,21277.87,0.431304,1.1684920897436103e-06,0.804534,270.4,0.2367,268.3,0.3
2844,2,3243.75,21273.7,0.413154,1.1684749775684255e-06,0.70048,268.4,0.2384,268.3,0.3
2845,2,3244.43,21269.53,0.419494,1.1684578580574629e-06,0.688285,268.8,0.2381,268.1,0.3
2846,2,3245.1,21265.35,0.399714,1.1684407312111091e-06,0.857793,270.1,0.2369,268.2,0.2
2847,2,3245.78,21261.19,0.46036,1.1684235970297517e-06,0.581697,270.0,0.237,268.9,0.3
2848,2,3246.46,21257.04,0.403517,1.1684064555137775e-06,0.537905,266.9,0.2398,268.6,0.2
2849,2,3247.14,21252.86,0.422417,1.1683893066635742e-06,0.654675,269.6,0.2374,268.6,0.3
2850,2,3247.82,21248.7,0.451433,1.1683721504795296e-06,0.602784,267.1,0.2396,268.6,0.3
2851,2,3248.5,21244.55,0.422295,1.1683549869620313e-06,0.602968,267.8,0.239,268.6,0.2
2852,2,3249.19,21240.48,0.485894,1.1683378161114673e-06,0.81724,255.3,0.2506,267.8,0.2
2853,2,3249.85,21236.25,0.448889,1.1683206379282254e-06,0.888124,269.1,0.2379,267.8,0.2
2854,2,3250.53,21232.1,0.436067,1.1683034524126943e-06,0.919428,269.7,0.2373,267.8,0.3
2855,2,3251.21,21227.99,0.424353,1.1682862595652623e-06,0.600831,268.1,0.2387,267.6,0.3
2856,2,3251.89,21223.84,0.415988,1.168269059386318e-06,0.600161,269.2,0.2378,267.7,0.3
2857,2,3252.57,21219.69,0.415691,1.1682518518762501e-06,0.702349,269.2,0.2378,267.6,0.3
2858,2,3253.25,21215.56,0.430025,1.1682346370354478e-06,0.660116,268.6,0.2383,267.5,0.3
2859,2,3253.93,21211.43,0.415452,1.1682174148642999e-06,0.601639,269.8,0.2372,267.4,0.3
2860,2,3254.61,21207.3,0.438314,1.1682001853631961e-06,0.727441,270.1,0.237,267.4,0.3
2861,2,3255.29,21203.22,0.469882,1.1681829485325255e-06,0.682194,270.1,0.237,267.5,0.3
2862,2,3255.97,21199.1,0.427989,1.1681657043726778e-06,0.516678,267.4,0.2394,267.5,0.3
2863,2,3256.65,21194.97,0.446776,1.1681484528840427e-06,0.811419,271.3,0.2359,267.6,0.3
2864,2,3257.33,21190.86,0.416853,1.1681311940670102e-06,0.628687,272.1,0.2352,267.7,0.3
2865,2,3258.01,21186.76,0.395193,1.1681139279219705e-06,0.716813,267.6,0.2391,267.7,0.3
2866,2,3258.69,21182.64,0.415327,1.168096654449314e-06,0.625174,269.1,0.2379,267.6,0.3
2867,2,3259.37,21178.5,0.397664,1.1680793736494307e-06,0.498094,270.1,0.2369,267.6,0.3
2868,2,3260.05,21174.39,0.429231,1.1680620855227115e-06,0.612149,269.7,0.2373,267.7,0.3
2869,2,3260.73,21170.29,0.429022,1.168044790069547e-06,0.542396,267.7,0.2391,267.6,0.3
2870,2,3261.42,21166.25,0.452121,1.1680274872903283e-06,0.80067,258.2,0.2478,267.2,0.3
2871,2,3262.09,21162.13,0.433803,1.1680101771854465e-06,0.566327,267.9,0.2389,267.2,0.3
2872,2,3262.78,21158.11,0.353765,1.1679928597552928e-06,0.535214,254.5,0.2515,267.1,0.3
2873,2,3263.45,21153.94,0.416433,1.1679755350002587e-06,0.647861,267.7,0.2391,267.1,0.3
2874,2,3264.13,21149.84,0.364911,1.1679582029207357e-06,0.743892,266.5,0.2402,266.9,0.3
2875,2,3264.81,21145.74,0.443102,1.1679408635171157e-06,0.702166,268.5,0.2384,266.9,0.3
2876,2,3265.49,21141.64,0.423907,1.1679235167897905e-06,0.619628,271.5,0.2358,267.1,0.3
2877,2,3266.17,21137.58,0.419397,1.1679061627391523e-06,0.721783,267.3,0.2395,267.0,0.3
2878,2,3266.85,21133.5,0.432897,1.1678888013655932e-06,0.750814,266.2,0.2404,266.9,0.3
2879,2,3267.53,21129.4,0.463518,1.1678714326695058e-06,1.143363,270.6,0.2365,266.9,0.3
2880,2,3268.21,21125.33,0.42772,1.1678540566512824e-06,0.618451,268.3,0.2386,266.8,0.3
2881,2,3268.91,21121.37,0.375155,1.1678366733113164e-06,0.628797,269.7,0.2373,266.7,0.3
2882,2,3269.59,21117.31,0.397445,1.16781928265e-06,0.655405,267.4,0.2393,266.7,0.3
2883,2,3270.27,21113.24,0.442557,1.1678018846677268e-06,0.604166,268.6,0.2382,266.6,0.3
2884,2,3270.95,21109.18,0.416456,1.1677844793648897e-06,0.9049,269.0,0.2379,266.4,0.3
2885,2,3271.63,21105.11,0.439631,1.1677670667418823e-06,0.782453,270.1,0.2369,266.6,0.3
2886,2,3272.32,21101.16,0.386248,1.1677496467990982e-06,0.641082,252.5,0.2534,265.7,0.3
2887,2,3272.99,21097.01,0.385277,1.167732219536931e-06,0.74988,269.1,0.2378,265.7,0.3
2888,2,3273.68,21093.03,0.438074,1.1677147849557747e-06,0.757075,254.0,0.252,264.9,0.3
2889,2,3274.34,21088.86,0.460639,1.1676973430560232e-06,0.962381,271.9,0.2354,265.1,0.3
2890,2,3275.03,21084.82,0.439984,1.1676798938380712e-06,0.748247,267.9,0.2389,265.6,0.3
2891,2,3275.71,21080.77,0.39175,1.1676624373023127e-06,0.906697,268.6,0.2382,265.6,0.3
2892,2,3276.39,21076.75,0.431119,1.1676449734491424e-06,0.527757,267.5,0.2393,266.3,0.3
2893,2,3277.08,21072.75,0.444862,1.1676275022789551e-06,0.80117,261.4,0.2448,266.0,0.3
2894,2,3277.75,21068.68,0.415143,1.1676100237921457e-06,0.790516,267.9,0.2389,266.1,0.3
2895,2,3278.43,21064.65,0.463652,1.1675925379891092e-06,0.557171,268.3,0.2385,266.0,0.3
2896,2,3279.11,21060.58,0.410887,1.167575044870241e-06,0.685474,274.2,0.2334,266.1,0.3
2897,2,3279.79,21056.56,0.388071,1.1675575444359363e-06,0.61817,270.7,0.2365,266.3,0.3
2898,2,3280.47,21052.54,0.396996,1.1675400366865907e-06,0.663011,268.6,0.2382,266.4,0.3
2899,2,3281.15,21048.5,0.397525,1.1675225216226e-06,0.603821,270.6,0.2365,266.4,0.3
2900,2,3281.83,21044.48,0.431864,1.1675049992443602e-06,0.657266,267.8,0.239,266.4,0.3
2901,2,3282.53,21040.53,0.443853,1.1674874695522672e-06,0.657511,268.8,0.2381,266.4,0.3
2902,2,3283.21,21036.51,0.378868,1.1674699325467172e-06,0.523878,266.8,0.2398,266.4,0.3
2903,2,3283.89,21032.51,0.432488,1.1674523882281067e-06,0.816348,266.9,0.2398,266.3,0.3
2904,2,3284.57,21028.49,0.413355,1.1674348365968323e-06,0.762413,269.0,0.2379,266.3,0.3
2905,2,3285.25,21024.47,0.413127,1.1674172776532906e-06,0.57249,269.0,0.2379,266.2,0.3
2906,2,3285.93,21020.45,0.443794,1.1673997113978784e-06,0.599229,270.4,0.2366,267.1,0.3
2907,2,3286.61,21016.44,0.43836,1.167382137830993e-06,0.706414,269.8,0.2372,267.2,0.3
2908,2,3287.29,21012.44,0.444727,1.1673645569530317e-06,0.662122,269.2,0.2377,268.0,0.3
2909,2,3287.97,21008.43,0.442029,1.1673469687643917e-06,0.746624,268.3,0.2386,267.8,0.3
2910,2,3288.65,21004.42,0.420065,1.1673293732654707e-06,0.751659,269.0,0.2379,267.9,0.3
2911,2,3289.33,21000.43,0.448667,1.167311770456666e-06,0.626965,268.4,0.2384,267.9,0.3
2912,2,3290.02,20996.45,0.414625,1.167294160338376e-06,0.700492,264.8,0.2417,267.7,0.3
2913,2,3290.7,20992.46,0.422094,1.1672765429109984e-06,0.873083,267.8,0.239,268.1,0.3
2914,2,3291.38,20988.47,0.417043,1.1672589181749314e-06,0.706307,269.6,0.2374,268.1,0.3
2915,2,3292.06,20984.49,0.464566,1.1672412861305738e-06,0.882636,268.0,0.2388,268.1,0.3
2916,2,3292.75,20980.53,0.476919,1.1672236467783238e-06,0.739441,263.5,0.2429,267.6,0.3
2917,2,3293.44,20976.62,0.397271,1.1672060001185801e-06,0.706075,255.6,0.2504,266.8,0.3
2918,2,3294.11,20972.57,0.451096,1.1671883461517416e-06,0.659823,267.6,0.2392,266.8,0.3
2919,2,3294.79,20968.59,0.45102,1.1671706848782076e-06,0.665473,268.7,0.2382,266.7,0.3
2920,2,3295.47,20964.63,0.419496,1.167153016298377e-06,0.841084,267.2,0.2395,266.6,0.3
2921,2,3296.16,20960.7,0.455108,1.1671353404126491e-06,0.553077,270.8,0.2363,266.7,0.3
2922,2,3296.84,20956.72,0.437229,1.1671176572214235e-06,0.834521,268.8,0.2381,266.8,0.3
2923,2,3297.52,20952.76,0.446601,1.1670999667251001e-06,0.834297,269.4,0.2376,267.0,0.3
2924,2,3298.21,20948.8,0.424287,1.1670822689240787e-06,0.681394,269.1,0.2378,267.0,0.3
2925,2,3298.89,20944.83,0.455843,1.1670645638187593e-06,0.54096,268.8,0.2381,267.0,0.3
2926,2,3299.57,20940.87,0.411637,1.167046851409542e-06,0.885121,266.9,0.2398,266.8,0.3
2927,2,3300.25,20936.91,0.410776,1.1670291316968272e-06,0.599215,267.6,0.2391,266.6,0.3
2928,2,3300.93,20932.93,0.425483,1.1670114046810156e-06,0.914298,273.3,0.2342,266.8,0.3
2929,2,3301.61,20928.98,0.424132,1.1669936703625078e-06,0.643147,267.1,0.2396,266.8,0.3
2930,2,3302.29,20925.03,0.433259,1.1669759287417045e-06,0.594472,269.2,0.2377,266.8,0.3
2931,2,3302.99,20921.17,0.431935,1.1669581798190068e-06,0.55755,254.5,0.2515,266.0,0.3
2932,2,3303.66,20917.15,0.416842,1.166940423594816e-06,0.57059,266.4,0.2403,266.1,0.3
2933,2,3304.34,20913.2,0.421761,1.1669226600695332e-06,0.648885,268.8,0.2381,266.1,0.3
2934,2,3305.02,20909.26,0.443491,1.1669048892435601e-06,1.027039,267.5,0.2392,266.0,0.3
2935,2,3305.7,20905.31,0.41764,1.1668871111172985e-06,0.64365,268.3,0.2385,266.0,0.3
2936,2,3306.38,20901.38,0.423663,1.1668693256911503e-06,0.875309,267.4,0.2394,266.2,0.3
2937,2,3307.07,20897.46,0.457746,1.1668515329655171e-06,0.72204,267.4,0.2394,266.8,0.3
2938,2,3307.75,20893.52,0.428293,1.1668337329408016e-06,0.60659,269.1,0.2378,266.9,0.3
2939,2,3308.43,20889.59,0.434289,1.1668159256174055e-06,0.864792,268.1,0.2387,266.9,0.3
2940,2,3309.11,20885.67,0.43681,1.1667981109957318e-06,0.681573,266.7,0.24,266.9,0.3
2941,2,3309.81,20881.84,0.432287,1.166780289076183e-06,0.672498,262.4,0.2439,266.5,0.3
2942,2,3310.49,20877.89,0.412778,1.166762459859162e-06,0.666265,268.2,0.2386,266.4,0.3
2943,2,3311.17,20873.97,0.3613,1.1667446233450717e-06,0.700666,267.3,0.2394,266.3,0.3
2944,2,3311.85,20870.06,0.441552,1.1667267795343152e-06,0.962418,267.9,0.2389,266.2,0.3
2945,2,3312.54,20866.17,0.406458,1.166708928427296e-06,0.834203,264.3,0.2422,266.0,0.3
2946,2,3313.22,20862.25,0.440438,1.1666910700244174e-06,0.686457,266.0,0.2406,266.0,0.3
2947,2,3313.9,20858.35,0.400278,1.1666732043260835e-06,0.736738,267.9,0.2389,266.0,0.3
2948,2,3314.58,20854.43,0.404545,1.1666553313326977e-06,0.635989,268.3,0.2386,265.8,0.3
2949,2,3315.27,20850.55,0.440091,1.166637451044664e-06,0.951482,266.7,0.24,265.7,0.3
2950,2,3315.95,20846.62,0.447095,1.1666195634623867e-06,0.644994,270.2,0.2368,265.8,0.3
2951,2,3316.63,20842.74,0.451143,1.1666016685862701e-06,0.927594,267.2,0.2395,266.4,0.3
2952,2,3317.31,20838.84,0.457761,1.1665837664167188e-06,0.838713,266.5,0.2401,266.5,0.3
2953,2,3318.0,20834.96,0.451626,1.1665658569541373e-06,0.567186,265.2,0.2413,266.2,0.3
2954,2,3318.68,20831.07,0.409187,1.1665479401989304e-06,0.894379,264.6,0.2419,266.1,0.3
2955,2,3319.36,20827.16,0.439331,1.166530016151503e-06,0.58937,265.3,0.2412,265.9,0.3
2956,2,3320.04,20823.28,0.436926,1.1665120848122605e-06,0.749975,266.6,0.2401,265.9,0.3
2957,2,3320.72,20819.38,0.402809,1.166494146181608e-06,0.579997,267.0,0.2397,265.8,0.3
2958,2,3321.4,20815.48,0.407902,1.1664762002599513e-06,0.760903,269.3,0.2377,265.9,0.3
2959,2,3322.09,20811.61,0.367646,1.1664582470476956e-06,0.676695,267.2,0.2395,265.8,0.3
2960,2,3322.77,20807.75,0.423767,1.1664402865452467e-06,0.634101,266.2,0.2404,265.7,0.4
2961,2,3323.46,20803.91,0.417273,1.166422318753011e-06,0.683396,271.9,0.2354,266.2,0.4
2962,2,3324.15,20800.07,0.450222,1.1664043436713945e-06,0.731189,265.3,0.2413,266.1,0.4
2963,2,3324.83,20796.19,0.420843,1.1663863613008031e-06,0.931496,267.4,0.2393,266.1,0.3
2964,2,3325.52,20792.32,0.439428,1.1663683716416437e-06,1.049664,267.1,0.2396,266.1,0.3
2965,2,3326.2,20788.47,0.393651,1.1663503746943228e-06,0.590921,266.5,0.2401,266.2,0.3
2966,2,3326.88,20784.59,0.398042,1.1663323704592474e-06,0.908464,268.2,0.2387,266.3,0.3
2967,2,3327.56,20780.73,0.496965,1.1663143589368239e-06,0.923755,267.4,0.2393,266.3,0.3
2968,2,3328.25,20776.87,0.477719,1.1662963401274598e-06,0.887706,267.6,0.2392,266.2,0.3
2969,2,3328.93,20773.03,0.437664,1.1662783140315626e-06,0.615296,265.2,0.2414,266.2,0.3
2970,2,3329.62,20769.18,0.460719,1.1662602806495392e-06,0.747591,265.6,0.2409,265.9,0.3
2971,2,3330.3,20765.33,0.466542,1.1662422399817975e-06,0.672359,267.4,0.2393,266.0,0.3
2972,2,3330.99,20761.53,0.421826,1.1662241920287454e-06,0.747536,256.1,0.2499,265.4,0.3
2973,2,3331.66,20757.61,0.395852,1.1662061367907906e-06,0.493724,268.7,0.2382,265.6,0.3
2974,2,3332.35,20753.77,0.466712,1.1661880742683414e-06,0.890686,267.8,0.239,265.8,0.3
2975,2,3333.03,20749.94,0.410407,1.1661700044618062e-06,0.873939,268.2,0.2386,266.0,0.3
2976,2,3333.71,20746.08,0.462328,1.166151927371593e-06,0.793192,271.3,0.2359,266.2,0.3
2977,2,3334.4,20742.26,0.358968,1.166133842998111e-06,0.501905,268.3,0.2386,266.2,0.3
2978,2,3335.08,20738.44,0.403667,1.1661157513417683e-06,0.603429,264.2,0.2423,266.0,0.3
2979,2,3335.76,20734.58,0.412815,1.1660976524029741e-06,0.590624,267.6,0.2392,265.9,0.4
2980,2,3336.44,20730.74,0.427333,1.1660795461821378e-06,0.638438,268.5,0.2384,266.1,0.3
2981,2,3337.14,20726.98,0.394579,1.1660614326796681e-06,0.612956,269.2,0.2378,265.9,0.3
2982,2,3337.82,20723.17,0.398768,1.166043311895975e-06,0.520501,265.5,0.241,265.9,0.3
2983,2,3338.52,20719.42,0.403128,1.1660251838314678e-06,0.616071,249.9,0.2561,265.0,0.3
2984,2,3339.19,20715.5,0.406667,1.1660070484865561e-06,0.444563,267.4,0.2393,265.0,0.3
2985,2,3339.87,20711.68,0.399604,1.16598890586165e-06,0.611433,267.1,0.2396,265.1,0.3
2986,2,3340.56,20707.87,0.402163,1.1659707559571598e-06,0.572948,266.5,0.2402,265.0,0.3
2987,2,3341.24,20704.05,0.483678,1.1659525987734954e-06,0.603682,267.1,0.2396,264.9,0.3
2988,2,3341.92,20700.22,0.447058,1.1659344343110672e-06,0.717054,269.3,0.2377,265.0,0.3
2989,2,3342.61,20696.42,0.405937,1.1659162625702862e-06,0.535308,265.7,0.2408,265.1,0.3
2990,2,3343.29,20692.61,0.454342,1.1658980835515627e-06,0.906732,266.1,0.2405,265.0,0.4
2991,2,3343.97,20688.81,0.442492,1.165879897255308e-06,0.755885,267.4,0.2393,265.1,0.3
2992,2,3344.66,20685.0,0.394471,1.165861703681933e-06,0.645364,268.1,0.2387,265.7,0.3
2993,2,3345.34,20681.19,0.430575,1.1658435028318486e-06,0.865924,267.4,0.2393,265.6,0.3
2994,2,3346.02,20677.38,0.403178,1.1658252947054666e-06,0.709182,269.6,0.2374,265.7,0.3
2995,2,3346.7,20673.58,0.425367,1.1658070793031983e-06,0.743625,267.7,0.2391,265.7,0.3
2996,2,3347.39,20669.8,0.426095,1.1657888566254556e-06,0.562967,265.4,0.2412,265.4,0.3
2997,2,3348.07,20666.0,0.414144,1.1657706266726506e-06,0.650157,266.8,0.2398,265.4,0.3
2998,2,3348.75,20662.19,0.444692,1.165752389445195e-06,0.69217,269.3,0.2376,265.6,0.3
2999,2,3349.44,20658.41,0.470754,1.1657341449435012e-06,0.685928,266.6,0.24,265.7,0.3
3000,2,3350.12,20654.63,0.419646,1.1657158931679815e-06,0.648706,264.0,0.2424,265.4,0.3
3001,2,3499.18,21565.26,0.385069,1.1656976341190486e-06,0.623217,229.8,0.2785,263.1,0.3
3002,2,3499.84,21560.96,0.436632,1.165679367797115e-06,0.84759,268.1,0.2387,263.3,0.3
3003,2,3500.51,21556.77,0.47736,1.1656610942025938e-06,0.77628,267.2,0.2396,264.2,0.3
3004,2,3501.19,21552.57,0.411196,1.1656428133358978e-06,0.819529,269.4,0.2376,264.3,0.3
3005,2,3501.86,21548.38,0.416796,1.1656245251974404e-06,0.900718,271.6,0.2356,264.5,0.3
3006,2,3502.54,21544.21,0.385138,1.1656062297876351e-06,0.679116,271.2,0.236,264.7,0.3
3007,2,3503.21,21540.04,0.427234,1.1655879271068952e-06,0.559929,269.7,0.2373,264.9,0.3
3008,2,3503.89,21535.88,0.394992,1.1655696171556344e-06,0.517428,268.6,0.2382,264.8,0.3
3009,2,3504.57,21531.71,0.416004,1.1655512999342667e-06,0.66673,270.4,0.2366,265.1,0.3
3010,2,3505.24,21527.55,0.408121,1.1655329754432062e-06,0.583746,269.8,0.2373,265.3,0.3
3011,2,3505.92,21523.39,0.461582,1.1655146436828667e-06,0.970674,269.1,0.2379,265.4,0.3
3012,2,3506.6,21519.25,0.433137,1.1654963046536628e-06,0.746356,267.6,0.2392,265.4,0.3
3013,2,3507.29,21515.2,0.438951,1.1654779583560092e-06,0.712463,248.4,0.2576,264.4,0.3
3014,2,3507.95,21510.92,0.371744,1.1654596047903204e-06,0.645647,270.5,0.2366,264.5,0.3
3015,2,3508.63,21506.81,0.466217,1.1654412439570112e-06,0.963008,265.8,0.2408,264.4,0.3
3016,2,3509.3,21502.62,0.447377,1.1654228758564968e-06,0.983664,273.0,0.2344,264.8,0.3
3017,2,3509.98,21498.47,0.414471,1.1654045004891921e-06,0.698895,271.9,0.2354,265.0,0.3
3018,2,3510.66,21494.34,0.393697,1.1653861178555128e-06,0.614535,270.8,0.2363,265.1,0.3
3019,2,3511.33,21490.2,0.396405,1.1653677279558744e-06,0.599291,270.4,0.2367,265.3,0.3
3020,2,3512.01,21486.07,0.444223,1.1653493307906922e-06,0.684303,268.3,0.2385,265.5,0.2
3021,2,3512.7,21481.99,0.443535,1.1653309263603823e-06,0.680155,269.7,0.2373,267.9,0.2
3022,2,3513.38,21477.86,0.429206,1.1653125146653606e-06,0.772033,269.0,0.2379,268.0,0.2
3023,2,3514.05,21473.73,0.399529,1.1652940957060434e-06,0.72052,271.9,0.2354,268.2,0.2
3024,2,3514.73,21469.61,0.414595,1.1652756694828467e-06,0.526808,267.6,0.2391,268.1,0.2
3025,2,3515.41,21465.48,0.362736,1.1652572359961875e-06,0.867914,270.5,0.2366,268.1,0.2
3026,2,3516.08,21461.35,0.455784,1.165238795246482e-06,0.684173,269.9,0.2372,268.0,0.2
3027,2,3516.76,21457.21,0.442417,1.1652203472341475e-06,0.817153,276.1,0.2318,268.3,0.2
3028,2,3517.44,21453.11,0.460378,1.1652018919596005e-06,0.653119,269.4,0.2375,268.4,0.2
3029,2,3518.11,21448.96,0.410195,1.1651834294232583e-06,0.645735,273.3,0.2342,268.5,0.2
3030,2,3518.79,21444.86,0.475233,1.1651649596255384e-06,0.571777,270.4,0.2367,268.6,0.2
3031,2,3519.46,21440.75,0.429276,1.165146482566858e-06,0.864634,270.2,0.2368,268.6,0.2
3032,2,3520.14,21436.63,0.480077,1.165127998247635e-06,1.297131,273.4,0.2341,268.9,0.2
3033,2,3520.82,21432.54,0.436352,1.165109506668287e-06,0.72688,270.9,0.2363,270.0,0.2
3034,2,3521.5,21428.44,0.489316,1.1650910078292323e-06,0.860352,270.4,0.2367,270.0,0.2
3035,2,3522.18,21424.34,0.369748,1.1650725017308888e-06,0.851068,270.4,0.2367,270.2,0.2
3036,2,3522.86,21420.26,0.427541,1.165053988373675e-06,0.752978,267.2,0.2395,269.9,0.3
3037,2,3523.53,21416.17,0.436957,1.1650354677580088e-06,0.693094,267.8,0.239,269.7,0.3
3038,2,3524.21,21412.09,0.459802,1.1650169398843094e-06,0.622773,268.5,0.2384,269.5,0.3
3039,2,3524.89,21407.98,0.481703,1.1649984047529953e-06,0.7529,271.2,0.236,269.5,0.3
3040,2,3525.57,21403.92,0.415115,1.1649798623644858e-06,0.855802,268.7,0.2381,269.5,0.3
3041,2,3526.28,21400.05,0.542758,1.1649613127191997e-06,1.019521,273.8,0.2337,269.7,0.3
3042,2,3526.97,21396.0,0.44318,1.1649427558175565e-06,0.805738,269.2,0.2378,269.7,0.3
3043,2,3527.65,21391.94,0.423043,1.1649241916599753e-06,0.686611,265.7,0.2408,269.4,0.3
3044,2,3528.32,21387.85,0.398725,1.164905620246876e-06,0.825033,271.0,0.2362,269.5,0.3
3045,2,3529.0,21383.8,0.427279,1.1648870415786783e-06,0.761255,270.5,0.2366,269.5,0.3
3046,2,3529.69,21379.74,0.394179,1.164868455655802e-06,0.681442,268.1,0.2387,269.4,0.3
3047,2,3530.38,21375.78,0.454329,1.1648498624786675e-06,0.745249,252.4,0.2536,268.2,0.3
3048,2,3531.05,21371.65,0.435663,1.164831262047695e-06,0.783019,268.7,0.2382,268.1,0.3
3049,2,3531.73,21367.58,0.429588,1.1648126543633045e-06,0.660933,270.4,0.2366,267.9,0.4
3050,2,3532.41,21363.53,0.432874,1.1647940394259173e-06,0.565284,269.4,0.2376,267.8,0.4
3051,2,3533.08,21359.47,0.450052,1.1647754172359537e-06,0.491533,269.2,0.2378,267.8,0.4
3052,2,3533.76,21355.4,0.466708,1.1647567877938345e-06,0.680305,272.5,0.2349,267.7,0.4
3053,2,3534.44,21351.37,0.442005,1.1647381510999813e-06,0.569619,266.5,0.2401,267.6,0.4
3054,2,3535.12,21347.32,0.400592,1.164719507154815e-06,0.719965,268.0,0.2388,267.5,0.4
3055,2,3535.8,21343.28,0.426358,1.164700855958757e-06,0.958517,270.4,0.2366,267.4,0.4
3056,2,3536.48,21339.25,0.43875,1.1646821975122291e-06,0.776193,269.3,0.2376,267.6,0.3
3057,2,3537.16,21335.2,0.395873,1.164663531815653e-06,0.478254,270.7,0.2364,267.7,0.3
3058,2,3537.84,21331.16,0.471768,1.1646448588694504e-06,0.98862,269.2,0.2377,267.8,0.3
3059,2,3538.52,21327.15,0.393025,1.1646261786740435e-06,0.692777,268.2,0.2387,267.7,0.3
3060,2,3539.2,21323.11,0.425065,1.1646074912298547e-06,0.620063,269.9,0.2371,267.7,0.3
3061,2,3539.88,21319.1,0.411482,1.1645887965373063e-06,0.743648,275.1,0.2326,267.8,0.3
3062,2,3540.57,21315.11,0.455408,1.1645700945968207e-06,0.553901,266.3,0.2403,267.7,0.3
3063,2,3541.25,21311.09,0.402421,1.1645513854088206e-06,0.668981,269.6,0.2374,267.8,0.3
3064,2,3541.93,21307.07,0.356843,1.1645326689737291e-06,0.615044,269.0,0.2379,267.7,0.3
3065,2,3542.62,21303.14,0.45644,1.164513945291969e-06,0.929739,253.5,0.2525,266.8,0.3
3066,2,3543.29,21299.05,0.463607,1.1644952143639637e-06,0.829413,269.5,0.2375,266.8,0.4
3067,2,3543.97,21295.02,0.413366,1.1644764761901367e-06,1.035934,270.5,0.2366,267.8,0.4
3068,2,3544.65,21291.02,0.450842,1.1644577307709114e-06,0.89101,268.7,0.2382,267.8,0.3
3069,2,3545.33,21287.02,0.434415,1.1644389781067115e-06,0.693821,267.3,0.2394,267.7,0.3
3070,2,3546.01,21283.0,0.447637,1.164420218197961e-06,0.920559,271.9,0.2354,267.8,0.3
3071,2,3546.69,21279.01,0.445192,1.1644014510450839e-06,0.775761,266.4,0.2402,267.7,0.3
3072,2,3547.37,21275.01,0.464997,1.1643826766485042e-06,0.713883,269.0,0.2379,267.5,0.3
3073,2,3548.05,21271.0,0.437498,1.1643638950086463e-06,0.818676,269.8,0.2372,267.7,0.3
3074,2,3548.74,21267.02,0.435262,1.164345106125935e-06,0.808339,268.8,0.2381,267.7,0.4
3075,2,3549.42,21263.04,0.408293,1.1643263100007945e-06,0.806259,267.6,0.2392,267.5,0.4
3076,2,3550.1,21259.04,0.399846,1.1643075066336502e-06,0.809703,269.5,0.2375,267.5,0.4
3077,2,3550.78,21255.07,0.457948,1.164288696024927e-06,0.832086,267.1,0.2396,267.3,0.4
3078,2,3551.46,21251.08,0.414719,1.1642698781750498e-06,0.529597,267.6,0.2392,267.2,0.4
3079,2,3552.14,21247.08,0.426835,1.1642510530844441e-06,0.762039,270.8,0.2363,267.4,0.4
3080,2,3552.82,21243.12,0.417355,1.1642322207535355e-06,0.502087,269.0,0.2379,267.3,0.4
3081,2,3553.51,21239.19,0.453099,1.1642133811827496e-06,0.63538,270.2,0.2369,267.1,0.4
3082,2,3554.2,21235.22,0.427793,1.1641945343725125e-06,0.579956,267.9,0.2389,267.2,0.4
3083,2,3554.89,21231.33,0.484873,1.1641756803232499e-06,0.988278,255.1,0.2509,266.5,0.3
3084,2,3555.56,21227.3,0.384206,1.1641568190353877e-06,0.795357,267.2,0.2395,266.4,0.3
3085,2,3556.24,21223.34,0.445559,1.164137950509353e-06,0.678492,267.1,0.2396,267.1,0.3
3086,2,3556.92,21219.37,0.371459,1.1641190747455715e-06,0.759844,269.3,0.2377,267.1,0.3
3087,2,3557.61,21215.42,0.412986,1.1641001917444703e-06,0.939241,268.1,0.2388,267.0,0.3
3088,2,3558.29,21211.44,0.378764,1.1640813015064762e-06,0.70653,269.8,0.2372,267.1,0.3
3089,2,3558.97,21207.47,0.428156,1.164062404032016e-06,0.677842,269.7,0.2373,267.2,0.3
3090,2,3559.65,21203.51,0.394725,1.164043499321517e-06,0.757104,269.4,0.2376,267.1,0.3
3091,2,3560.33,21199.58,0.395254,1.1640245873754062e-06,0.743082,264.2,0.2423,267.0,0.3
3092,2,3561.01,21195.6,0.506379,1.1640056681941116e-06,0.657887,270.8,0.2363,267.1,0.3
3093,2,3561.69,21191.66,0.428722,1.1639867417780606e-06,0.722332,269.5,0.2375,267.0,0.3
3094,2,3562.37,21187.72,0.437769,1.1639678081276808e-06,0.862171,268.6,0.2383,267.1,0.3
3095,2,3563.06,21183.78,0.458018,1.1639488672434003e-06,0.747848,268.8,0.2381,267.1,0.3
3096,2,3563.74,21179.85,0.415217,1.1639299191256474e-06,0.505525,266.8,0.2399,267.0,0.3
3097,2,3564.42,21175.9,0.462936,1.1639109637748501e-06,0.767725,270.5,0.2366,267.2,0.3
3098,2,3565.1,21171.97,0.443993,1.1638920011914372e-06,0.622872,268.5,0.2384,267.2,0.3
3099,2,3565.79,21168.05,0.398893,1.163873031375837e-06,0.692047,267.5,0.2393,267.1,0.3
3100,2,3566.47,21164.11,0.382894,1.1638540543284785e-06,0.925184,271.3,0.2359,267.2,0.3
3101,2,3567.16,21160.26,0.413477,1.1638350700497904e-06,0.814057,270.1,0.237,267.2,0.3
3102,2,3567.84,21156.33,0.440154,1.1638160785402023e-06,0.71269,267.8,0.239,267.2,0.3
3103,2,3568.53,21152.4,0.42811,1.1637970798001428e-06,0.672474,270.7,0.2364,267.9,0.3
3104,2,3569.21,21148.49,0.426755,1.1637780738300416e-06,0.835541,266.2,0.2404,267.9,0.3
3105,2,3569.89,21144.58,0.392959,1.1637590606303288e-06,0.551496,268.2,0.2386,268.0,0.3
3106,2,3570.58,21140.67,0.444118,1.1637400402014335e-06,0.67114,267.7,0.239,267.9,0.3
3107,2,3571.26,21136.75,0.428991,1.1637210125437858e-06,0.684484,268.5,0.2384,267.9,0.3
3108,2,3571.94,21132.84,0.43178,1.1637019776578158e-06,0.545166,268.8,0.2381,267.9,0.3
3109,2,3572.63,21128.94,0.361494,1.163682935543954e-06,0.463576,267.7,0.2391,267.7,0.3
3110,2,3573.31,21125.02,0.47627,1.1636638862026307e-06,0.896685,268.4,0.2384,267.7,0.3
3111,2,3573.99,21121.11,0.440245,1.1636448296342761e-06,0.59134,266.8,0.2399,267.8,0.3
3112,2,3574.67,21117.22,0.439271,1.1636257658393213e-06,0.54502,266.7,0.24,267.6,0.3
3113,2,3575.36,21113.32,0.424224,1.163606694818197e-06,0.874158,266.1,0.2405,267.4,0.3
3114,2,3576.04,21109.41,0.480542,1.1635876165713349e-06,0.770826,268.5,0.2383,267.4,0.3
3115,2,3576.72,21105.5,0.458539,1.1635685310991654e-06,0.641719,268.0,0.2388,267.4,0.3
3116,2,3577.4,21101.61,0.407165,1.1635494384021201e-06,0.713722,266.8,0.2398,267.4,0.3
3117,2,3578.08,21097.72,0.418951,1.1635303384806312e-06,0.70198,267.2,0.2396,267.3,0.3
3118,2,3578.77,21093.83,0.459165,1.1635112313351296e-06,0.793627,267.1,0.2396,267.1,0.3
3119,2,3579.45,21089.95,0.433656,1.1634921169660476e-06,0.62868,266.6,0.24,267.1,0.3
3120,2,3580.13,21086.05,0.400737,1.1634729953738172e-06,0.692237,266.9,0.2398,266.9,0.3
3121,2,3580.82,21082.22,0.411972,1.1634538665588703e-06,0.665354,267.9,0.2389,266.8,0.3
3122,2,3581.51,21078.35,0.380476,1.1634347305216397e-06,0.775599,264.7,0.2418,266.6,0.3
3123,2,3582.18,21074.44,0.418408,1.1634155872625578e-06,0.654547,269.5,0.2375,266.6,0.3
3124,2,3582.87,21070.55,0.459769,1.1633964367820574e-06,0.650227,270.8,0.2364,266.8,0.3
3125,2,3583.55,21066.69,0.414934,1.163377279080571e-06,0.859741,266.3,0.2403,266.7,0.3
3126,2,3584.23,21062.81,0.43276,1.163358114158532e-06,0.630171,266.2,0.2404,266.6,0.3
3127,2,3584.91,21058.93,0.468914,1.1633389420163735e-06,0.703636,267.6,0.2392,266.5,0.3
3128,2,3585.6,21055.07,0.463684,1.1633197626545289e-06,0.724381,268.2,0.2386,266.4,0.4
3129,2,3586.28,21051.21,0.448995,1.1633005760734315e-06,0.858451,269.4,0.2376,266.6,0.3
3130,2,3586.97,21047.36,0.415102,1.1632813822735154e-06,0.578946,265.0,0.2416,266.4,0.3
3131,2,3587.65,21043.49,0.43513,1.1632621812552139e-06,0.783389,266.9,0.2398,266.5,0.3
3132,2,3588.33,21039.62,0.451183,1.1632429730189613e-06,0.798327,267.9,0.2389,266.5,0.3
3133,2,3589.01,21035.77,0.443336,1.1632237575651919e-06,0.85708,266.5,0.2401,266.5,0.3
3134,2,3589.7,21031.91,0.433703,1.16320453489434e-06,0.593192,266.9,0.2398,266.4,0.3
3135,2,3590.38,21028.05,0.412797,1.1631853050068399e-06,0.588169,269.0,0.2379,266.5,0.3
3136,2,3591.06,21024.18,0.399062,1.1631660679031264e-06,0.973663,271.7,0.2355,266.7,0.3
3137,2,3591.74,21020.34,0.42074,1.1631468235836341e-06,0.740755,269.2,0.2377,266.8,0.3
3138,2,3592.42,21016.47,0.501383,1.1631275720487984e-06,0.961021,271.1,0.236,267.0,0.3
3139,2,3593.11,21012.63,0.450523,1.1631083132990542e-06,0.68105,268.5,0.2384,267.1,0.3
3140,2,3593.79,21008.79,0.404944,1.1630890473348369e-06,0.792806,268.3,0.2386,267.2,0.3
3141,2,3594.48,21004.99,0.441987,1.1630697741565816e-06,0.661065,271.4,0.2358,267.4,0.3
3142,2,3595.16,21001.16,0.469658,1.1630504937647242e-06,0.918427,267.0,0.2397,267.5,0.3
3143,2,3595.85,20997.32,0.442131,1.163031206159701e-06,0.712112,265.8,0.2407,267.3,0.3
3144,2,3596.53,20993.47,0.46195,1.163011911341947e-06,0.812659,266.2,0.2404,267.1,0.3
3145,2,3597.21,20989.63,0.453372,1.162992609311899e-06,0.675698,266.2,0.2404,267.1,0.3
3146,2,3597.89,20985.78,0.421114,1.1629733000699931e-06,0.622923,271.5,0.2357,267.4,0.3
3147,2,3598.57,20981.96,0.411351,1.1629539836166658e-06,0.553853,268.5,0.2384,267.4,0.3
3148,2,3599.25,20978.12,0.389633,1.1629346599523538e-06,0.710246,270.0,0.237,267.5,0.3
3149,2,3599.94,20974.28,0.43116,1.1629153290774937e-06,0.716863,269.0,0.2379,267.5,0.3
3150,2,3600.62,20970.47,0.399029,1.1628959909925225e-06,0.975081,267.7,0.2391,267.6,0.3
3151,2,3601.3,20966.64,0.360436,1.1628766456978772e-06,0.542309,267.8,0.239,267.6,0.3
3152,2,3601.98,20962.81,0.417744,1.1628572931939954e-06,0.755075,268.8,0.2381,267.7,0.3
3153,2,3602.67,20958.99,0.422051,1.1628379334813142e-06,0.53527,266.9,0.2398,267.7,0.3
3154,2,3603.35,20955.17,0.408147,1.1628185665602713e-06,0.559191,268.9,0.238,267.7,0.3
3155,2,3604.03,20951.35,0.454584,1.1627991924313047e-06,0.684687,266.2,0.2404,267.6,0.3
3156,2,3604.71,20947.54,0.440166,1.1627798110948519e-06,0.71681,266.9,0.2398,267.4,0.3
3157,2,3605.39,20943.71,0.430563,1.162760422551351e-06,0.678639,268.1,0.2387,267.3,0.3
3158,2,3606.08,20939.91,0.433363,1.1627410268012405e-06,0.640292,267.5,0.2393,267.1,0.3
3159,2,3606.76,20936.08,0.436451,1.162721623844959e-06,0.641617,270.8,0.2364,267.2,0.3
3160,2,3607.44,20932.29,0.43485,1.1627022136829446e-06,0.938795,264.8,0.2417,267.1,0.3
3161,2,3608.13,20928.54,0.458638,1.1626827963156364e-06,0.828348,269.2,0.2378,267.0,0.3
3162,2,3608.82,20924.74,0.398656,1.1626633717434731e-06,0.827271,267.7,0.2391,267.0,0.3
3163,2,3609.5,20920.94,0.489238,1.1626439399668938e-06,0.76652,268.9,0.238,267.2,0.3
3164,2,3610.19,20917.21,0.439117,1.1626245009863377e-06,0.763053,258.5,0.2476,266.8,0.3
3165,2,3610.87,20913.37,0.429279,1.1626050548022444e-06,0.609904,267.1,0.2396,266.8,0.3
3166,2,3611.55,20909.57,0.418815,1.1625856014150532e-06,0.754476,268.5,0.2383,266.7,0.3
3167,2,3612.23,20905.78,0.429194,1.1625661408252037e-06,0.691729,265.9,0.2407,266.5,0.3
3168,2,3612.92,20901.99,0.455731,1.162546673033136e-06,0.724078,265.6,0.2409,266.3,0.3
3169,2,3613.6,20898.21,0.371856,1.1625271980392901e-06,0.764848,268.0,0.2388,266.3,0.3
3170,2,3614.28,20894.43,0.436426,1.1625077158441063e-06,0.81509,269.8,0.2372,266.4,0.3
3171,2,3614.97,20890.66,0.476005,1.1624882264480247e-06,0.780305,265.5,0.2411,266.3,0.3
3172,2,3615.65,20886.89,0.453191,1.162468729851486e-06,0.844846,266.0,0.2406,266.1,0.3
3173,2,3616.35,20883.21,0.462757,1.162449226054931e-06,0.519448,251.4,0.2546,265.3,0.3
3174,2,3617.02,20879.36,0.412995,1.1624297150588004e-06,0.633708,271.0,0.2361,265.4,0.3
3175,2,3617.71,20875.58,0.385781,1.162410196863535e-06,0.685149,270.5,0.2366,265.6,0.3
3176,2,3618.39,20871.82,0.381659,1.1623906714695762e-06,0.630614,267.9,0.2389,265.7,0.3
3177,2,3619.07,20868.05,0.398512,1.1623711388773656e-06,0.62024,266.7,0.24,265.6,0.3
3178,2,3619.76,20864.28,0.4841,1.1623515990873443e-06,0.656155,268.8,0.2381,265.6,0.3
3179,2,3620.44,20860.52,0.418196,1.1623320520999542e-06,0.773194,267.5,0.2392,265.5,0.3
3180,2,3621.12,20856.74,0.440042,1.1623124979156373e-06,0.580934,267.9,0.2389,265.6,0.3
3181,2,3621.83,20853.12,0.40142,1.162292936534835e-06,0.555975,253.7,0.2523,264.8,0.3
3182,2,3622.5,20849.27,0.486596,1.16227336795799e-06,0.960078,266.3,0.2404,264.7,0.4
3183,2,3623.18,20845.52,0.420237,1.1622537921855442e-06,0.696963,266.8,0.2398,264.6,0.3
3184,2,3623.86,20841.75,0.413165,1.1622342092179403e-06,0.748383,269.5,0.2375,265.2,0.3
3185,2,3624.55,20838.01,0.432105,1.1622146190556211e-06,0.777251,267.4,0.2394,265.3,0.3
3186,2,3625.23,20834.26,0.449653,1.1621950216990293e-06,0.765518,267.8,0.239,265.2,0.3
3187,2,3625.91,20830.51,0.406605,1.1621754171486076e-06,0.586545,268.0,0.2388,265.3,0.3
3188,2,3626.6,20826.77,0.409962,1.1621558054047993e-06,0.63931,265.6,0.2409,265.3,0.3
3189,2,3627.28,20823.0,0.444023,1.162136186468048e-06,0.677403,267.2,0.2395,265.3,0.3
3190,2,3627.96,20819.26,0.433319,1.1621165603387969e-06,0.716154,266.5,0.2401,265.2,0.3
3191,2,3628.65,20815.53,0.442445,1.1620969270174894e-06,0.716598,266.7,0.2399,265.2,0.3
3192,2,3629.33,20811.78,0.428633,1.1620772865045693e-06,0.631017,270.7,0.2364,265.5,0.3
3193,2,3630.01,20808.05,0.438453,1.162057638800481e-06,0.875693,268.5,0.2384,266.4,0.3
3194,2,3630.69,20804.31,0.41806,1.1620379839056683e-06,1.070468,269.6,0.2374,266.4,0.3
3195,2,3631.38,20800.61,0.425059,1.1620183218205754e-06,0.803409,265.6,0.2409,266.1,0.3
3196,2,3632.07,20796.88,0.461192,1.1619986525456468e-06,0.74721,266.9,0.2398,266.0,0.3
3197,2,3632.75,20793.14,0.420664,1.161978976081327e-06,0.826113,269.2,0.2377,266.2,0.3
3198,2,3633.43,20789.42,0.437718,1.161959292428061e-06,0.859301,267.7,0.2391,266.1,0.3
3199,2,3634.12,20785.71,0.40086,1.1619396015862936e-06,0.573964,266.0,0.2406,266.1,0.3
3200,2,3634.8,20781.98,0.43402,1.1619199035564699e-06,0.535306,269.2,0.2377,266.1,0.3
3201,2,3643.36,20823.27,0.437231,1.161900198339035e-06,0.776822,276.2,0.2317,267.3,0.3
3202,2,3644.04,20819.52,0.429911,1.1618804859344346e-06,0.757049,270.1,0.237,267.5,0.3
3203,2,3644.72,20815.78,0.444748,1.161860766343114e-06,0.74861,271.4,0.2358,267.7,0.3
3204,2,3645.4,20812.02,0.443814,1.161841039565519e-06,0.586944,272.7,0.2347,267.8,0.3
3205,2,3646.09,20808.3,0.452987,1.1618213056020953e-06,0.694996,267.1,0.2396,267.8,0.3
3206,2,3646.77,20804.55,0.400485,1.1618015644532893e-06,0.62663,267.2,0.2395,267.8,0.3
3207,2,3647.45,20800.82,0.491623,1.161781816119547e-06,0.670024,265.9,0.2407,267.7,0.3
3208,2,3648.14,20797.11,0.378926,1.1617620606013149e-06,0.596848,260.5,0.2457,267.5,0.3
3209,2,3648.81,20793.34,0.423,1.1617422978990395e-06,0.569646,267.7,0.2391,267.4,0.3
3210,2,3649.49,20789.61,0.424945,1.1617225280131676e-06,0.716635,268.3,0.2385,267.5,0.3
3211,2,3650.18,20785.88,0.422564,1.1617027509441458e-06,0.67473,266.5,0.2402,267.5,0.3
3212,2,3650.86,20782.14,0.450583,1.1616829666924211e-06,0.74336,269.3,0.2377,267.5,0.3
3213,2,3651.54,20778.41,0.4556,1.1616631752584412e-06,0.692114,269.0,0.2379,267.5,0.3
3214,2,3652.22,20774.7,0.444473,1.161643376642653e-06,0.839582,266.3,0.2404,267.3,0.3
3215,2,3652.9,20770.98,0.446341,1.1616235708455042e-06,0.902591,267.9,0.2389,267.4,0.3
3216,2,3653.58,20767.24,0.448811,1.1616037578674424e-06,0.785955,268.9,0.238,267.6,0.3
3217,2,3654.26,20763.53,0.452338,1.1615839377089154e-06,0.762838,268.4,0.2385,267.5,0.3
3218,2,3654.95,20759.82,0.419126,1.1615641103703714e-06,0.561172,268.0,0.2388,267.5,0.3
3219,2,3655.63,20756.09,0.41507,1.1615442758522583e-06,0.851122,269.4,0.2375,267.7,0.3
3220,2,3656.3,20752.37,0.416214,1.1615244341550245e-06,0.626586,270.5,0.2366,267.8,0.3
3221,2,3657.0,20748.72,0.402579,1.1615045852791188e-06,0.963892,269.9,0.2372,267.5,0.3
3222,2,3657.68,20745.01,0.37632,1.1614847292249895e-06,0.833046,268.1,0.2387,267.4,0.3
3223,2,3658.36,20741.3,0.41024,1.1614648659930855e-06,0.539002,271.0,0.2361,267.3,0.3
3224,2,3659.04,20737.6,0.418959,1.1614449955838559e-06,0.691148,268.8,0.2381,267.1,0.3
3225,2,3659.72,20733.89,0.451563,1.1614251179977497e-06,0.566069,268.9,0.238,267.2,0.3
3226,2,3660.4,20730.19,0.451313,1.1614052332352162e-06,0.526038,268.0,0.2388,267.2,0.3
3227,2,3661.09,20726.49,0.433167,1.1613853412967047e-06,0.755052,266.9,0.2398,267.3,0.3
3228,2,3661.77,20722.81,0.415104,1.1613654421826652e-06,0.675577,266.7,0.24,267.6,0.3
3229,2,3662.45,20719.12,0.399527,1.1613455358935472e-06,0.470212,267.7,0.2391,267.6,0.3
3230,2,3663.13,20715.42,0.413642,1.1613256224298008e-06,0.636635,268.4,0.2385,267.6,0.3
3231,2,3663.82,20711.73,0.440261,1.1613057017918759e-06,0.659339,266.9,0.2398,267.6,0.3
3232,2,3664.5,20708.05,0.463825,1.1612857739802231e-06,0.805803,266.5,0.2401,267.4,0.3
3233,2,3665.18,20704.37,0.356778,1.1612658389952927e-06,0.590473,267.7,0.239,267.4,0.3
3234,2,3665.86,20700.68,0.459945,1.1612458968375352e-06,0.70351,268.2,0.2386,267.5,0.3
3235,2,3666.54,20696.99,0.415156,1.1612259475074015e-06,0.552968,269.3,0.2376,267.5,0.3
3236,2,3667.23,20693.32,0.430957,1.1612059910053425e-06,0.741064,269.2,0.2377,267.5,0.3
3237,2,3667.91,20689.66,0.425914,1.1611860273318093e-06,0.753577,264.2,0.2422,267.3,0.3
3238,2,3668.59,20685.96,0.375939,1.1611660564872528e-06,0.599597,269.2,0.2378,267.3,0.3
3239,2,3669.27,20682.29,0.46176,1.161146078472125e-06,0.875492,269.6,0.2373,267.3,0.3
3240,2,3669.96,20678.62,0.464647,1.1611260932868772e-06,0.738644,269.2,0.2377,267.3,0.3
3241,2,3670.65,20675.0,0.464834,1.161106100931961e-06,0.552039,271.9,0.2354,267.4,0.3
3201,2,3738.67,21368.02,0.434309,1.161900198339035e-06,0.771786,0.7,88.9423,0.6,11.3
3202,2,3739.11,21362.67,0.431233,1.1618804859344346e-06,0.724252,278.8,0.2295,1.3,11.3
3203,2,3739.78,21358.67,0.443863,1.161860766343114e-06,0.716283,272.1,0.2352,1.9,11.3
3204,2,3740.45,21354.64,0.447277,1.161841039565519e-06,0.612368,276.8,0.2312,2.5,11.3
3205,2,3741.12,21350.62,0.451885,1.1618213056020953e-06,0.702445,278.2,0.23,3.2,11.2
3206,2,3741.78,21346.61,0.406443,1.1618015644532893e-06,0.631263,277.2,0.2309,3.8,11.2
3207,2,3742.45,21342.6,0.491206,1.161781816119547e-06,0.671836,276.3,0.2316,4.4,11.2
3208,2,3743.13,21338.62,0.382344,1.1617620606013149e-06,0.59095,271.5,0.2357,5.0,11.2
3209,2,3743.79,21334.61,0.417562,1.1617422978990395e-06,0.542579,274.6,0.233,5.6,11.1
3210,2,3744.47,21330.63,0.425005,1.1617225280131676e-06,0.709856,271.5,0.2358,6.2,11.1
3211,2,3745.13,21326.62,0.420284,1.1617027509441458e-06,0.652519,273.4,0.2341,6.9,11.1
3212,2,3745.8,21322.62,0.445307,1.1616829666924211e-06,0.696226,275.1,0.2326,7.5,11.1
3213,2,3746.48,21318.64,0.455141,1.1616631752584412e-06,0.68546,272.9,0.2346,8.1,11.0
3214,2,3747.14,21314.64,0.438313,1.161643376642653e-06,0.872248,274.1,0.2335,8.7,11.0
3215,2,3747.81,21310.66,0.451232,1.1616235708455042e-06,0.924416,274.8,0.2329,9.3,11.0
3216,2,3748.49,21306.72,0.446026,1.1616037578674424e-06,0.748318,267.3,0.2394,9.9,11.0
3217,2,3749.16,21302.71,0.449888,1.1615839377089154e-06,0.759365,274.1,0.2335,10.5,11.0
3218,2,3749.83,21298.73,0.419962,1.1615641103703714e-06,0.537016,273.5,0.234,11.0,10.9
3219,2,3750.5,21294.76,0.414114,1.1615442758522583e-06,0.835537,272.9,0.2345,11.6,10.9
3220,2,3751.18,21290.88,0.420726,1.1615244341550245e-06,0.637665,260.1,0.246,12.2,10.9
3221,2,3751.86,21286.93,0.402534,1.1615045852791188e-06,0.987908,275.0,0.2327,272.3,0.4
3222,2,3752.53,21282.97,0.376497,1.1614847292249895e-06,0.846407,272.1,0.2352,272.0,0.4
3223,2,3753.2,21279.01,0.409621,1.1614648659930855e-06,0.565858,271.8,0.2354,272.0,0.4
3224,2,3753.87,21275.05,0.416483,1.1614449955838559e-06,0.701181,273.6,0.234,271.8,0.4
3225,2,3754.54,21271.09,0.443741,1.1614251179977497e-06,0.553961,275.0,0.2327,271.6,0.4
3226,2,3755.22,21267.14,0.458899,1.1614052332352162e-06,0.509622,274.4,0.2333,271.4,0.5
3227,2,3755.89,21263.19,0.435013,1.1613853412967047e-06,0.729567,273.6,0.2339,271.3,0.5
3228,2,3756.56,21259.24,0.413428,1.1613654421826652e-06,0.673603,273.3,0.2341,271.4,0.5
3229,2,3757.23,21255.29,0.400229,1.1613455358935472e-06,0.477432,271.5,0.2357,271.3,0.4
3230,2,3757.9,21251.35,0.41704,1.1613256224298008e-06,0.676565,273.8,0.2337,271.4,0.4
3231,2,3758.58,21247.41,0.432668,1.1613057017918759e-06,0.62442,273.8,0.2337,271.4,0.4
3232,2,3759.25,21243.48,0.463678,1.1612857739802231e-06,0.836478,274.7,0.233,271.4,0.4
3233,2,3759.92,21239.55,0.352534,1.1612658389952927e-06,0.602581,274.7,0.233,271.5,0.4
3234,2,3760.6,21235.62,0.454192,1.1612458968375352e-06,0.709879,273.8,0.2337,271.5,0.4
3235,2,3761.27,21231.69,0.416113,1.1612259475074015e-06,0.554441,272.2,0.2351,271.4,0.4
3236,2,3761.94,21227.77,0.428413,1.1612059910053425e-06,0.747014,272.9,0.2346,271.6,0.4
3237,2,3762.63,21223.93,0.427904,1.1611860273318093e-06,0.749894,255.4,0.2506,270.6,0.4
3238,2,3763.29,21219.92,0.378362,1.1611660564872528e-06,0.59058,272.9,0.2345,270.6,0.4
3239,2,3763.96,21215.98,0.458986,1.161146078472125e-06,0.871424,277.1,0.231,270.9,0.4
3240,2,3764.63,21212.08,0.466143,1.1611260932868772e-06,0.773665,273.7,0.2338,271.6,0.4
3241,2,3765.31,21208.21,0.461941,1.161106100931961e-06,0.547812,278.0,0.2303,271.8,0.4
3242,2,3765.99,21204.32,0.390342,1.1610861014078282e-06,0.624545,273.2,0.2343,271.8,0.4
3243,2,3766.67,21200.42,0.480671,1.1610660947149312e-06,1.172602,271.0,0.2361,271.8,0.4
3244,2,3767.34,21196.53,0.397558,1.1610460808537222e-06,0.705419,272.1,0.2352,271.7,0.4
3245,2,3768.02,21192.63,0.409681,1.1610260598246532e-06,0.605121,271.7,0.2356,271.5,0.4
3246,2,3768.69,21188.74,0.414954,1.1610060316281774e-06,0.872747,272.5,0.2349,271.4,0.4
3247,2,3769.37,21184.87,0.425765,1.1609859962647467e-06,0.891118,271.7,0.2355,271.3,0.4
3248,2,3770.05,21181.0,0.408943,1.1609659537348145e-06,0.738328,268.3,0.2385,271.0,0.4
3249,2,3770.72,21177.1,0.440328,1.1609459040388338e-06,0.621717,270.9,0.2362,271.0,0.4
3250,2,3771.4,21173.23,0.389504,1.1609258471772573e-06,0.848809,271.9,0.2354,270.9,0.4
3251,2,3772.08,21169.35,0.44946,1.160905783150539e-06,0.847745,271.8,0.2354,270.8,0.4
3252,2,3772.75,21165.47,0.479206,1.1608857119591322e-06,0.668962,271.0,0.2362,270.7,0.4
3253,2,3773.44,21161.64,0.426529,1.1608656336034904e-06,0.692973,262.5,0.2438,270.0,0.4
3254,2,3774.1,21157.72,0.458576,1.1608455480840676e-06,0.690174,272.1,0.2352,269.9,0.4
3255,2,3774.79,21153.92,0.453085,1.1608254554013177e-06,0.672686,256.7,0.2493,269.0,0.4
3256,2,3775.46,21149.98,0.396566,1.1608053555556951e-06,0.547002,270.8,0.2364,269.0,0.4
3257,2,3776.13,21146.1,0.416745,1.1607852485476538e-06,0.773104,272.5,0.2349,269.9,0.4
3258,2,3776.81,21142.23,0.40772,1.1607651343776487e-06,0.795322,272.1,0.2352,269.9,0.4
3259,2,3777.51,21138.5,0.436108,1.160745013046134e-06,0.847761,247.8,0.2583,268.3,0.4
3260,2,3778.16,21134.51,0.421975,1.1607248845535646e-06,0.837669,273.0,0.2344,268.3,0.4
3261,2,3778.84,21130.7,0.402126,1.1607047489003956e-06,0.58305,272.2,0.2351,268.0,0.4
3262,2,3779.52,21126.86,0.436127,1.1606846060870822e-06,0.675579,270.0,0.237,267.9,0.4
3263,2,3780.2,21123.01,0.413841,1.1606644561140797e-06,0.599334,270.5,0.2366,267.8,0.4
3264,2,3780.88,21119.17,0.410872,1.1606442989818432e-06,0.678991,270.3,0.2368,267.8,0.4
3265,2,3781.55,21115.32,0.417982,1.1606241346908287e-06,0.557106,270.7,0.2364,267.7,0.4
3266,2,3782.23,21111.49,0.407699,1.1606039632414919e-06,0.747337,271.3,0.2359,267.7,0.4
3267,2,3782.91,21107.64,0.416341,1.1605837846342888e-06,0.615865,272.2,0.2351,267.7,0.4
3268,2,3783.59,21103.8,0.409119,1.1605635988696752e-06,0.769333,272.6,0.2348,268.0,0.4
3269,2,3784.27,21099.98,0.439982,1.1605434059481079e-06,0.845926,269.2,0.2378,267.9,0.4
3270,2,3784.94,21096.14,0.451882,1.1605232058700428e-06,0.538374,272.8,0.2346,268.0,0.4
3271,2,3785.62,21092.32,0.444334,1.1605029986359367e-06,0.629084,270.8,0.2363,267.9,0.4
3272,2,3786.3,21088.49,0.38015,1.1604827842462464e-06,0.698592,270.6,0.2365,267.9,0.4
3273,2,3786.98,21084.66,0.39053,1.1604625627014287e-06,0.668017,271.3,0.2359,268.4,0.4
3274,2,3787.65,21080.82,0.431561,1.1604423340019407e-06,0.673002,271.1,0.2361,268.3,0.4
3275,2,3788.34,21077.03,0.439729,1.1604220981482397e-06,0.734861,268.0,0.2388,268.9,0.4
3276,2,3789.01,21073.2,0.43141,1.1604018551407832e-06,0.756451,271.2,0.236,268.9,0.4
3277,2,3789.69,21069.38,0.423546,1.1603816049800285e-06,0.578959,272.6,0.2348,268.9,0.4
3278,2,3790.37,21065.57,0.416628,1.1603613476664335e-06,0.788003,270.9,0.2363,268.8,0.4
3279,2,3791.05,21061.79,0.419974,1.160341083200456e-06,0.539535,266.5,0.2402,269.9,0.4
3280,2,3791.72,21057.94,0.417394,1.160320811582554e-06,0.571904,274.3,0.2333,270.0,0.4
3281,2,3792.41,21054.19,0.488417,1.1603005328131859e-06,0.87674,272.8,0.2346,270.0,0.4
3282,2,3793.09,21050.38,0.415085,1.1602802468928098e-06,0.658119,273.9,0.2337,270.1,0.4
3283,2,3793.77,21046.59,0.439445,1.1602599538218846e-06,0.53734,270.5,0.2366,270.1,0.4
3284,2,3794.45,21042.81,0.450264,1.1602396536008687e-06,0.629045,266.3,0.2404,270.0,0.4
3285,2,3795.13,21039.0,0.404605,1.160219346230221e-06,0.764874,269.7,0.2373,269.9,0.4
3286,2,3795.81,21035.2,0.423823,1.1601990317104005e-06,0.929952,271.1,0.2361,269.9,0.4
3287,2,3796.49,21031.43,0.482885,1.1601787100418665e-06,0.855193,268.0,0.2388,269.6,0.4
3288,2,3797.17,21027.63,0.478513,1.1601583812250783e-06,0.948386,271.1,0.236,269.5,0.4
3289,2,3797.85,21023.85,0.419091,1.1601380452604952e-06,0.533468,269.7,0.2373,269.5,0.4
3290,2,3798.53,21020.08,0.447236,1.1601177021485772e-06,0.872627,269.8,0.2373,269.4,0.4
3291,2,3799.21,21016.29,0.398286,1.160097351889784e-06,0.541007,272.4,0.2349,269.4,0.4
3292,2,3799.89,21012.53,0.429114,1.1600769944845754e-06,0.729369,269.1,0.2378,269.4,0.4
3293,2,3800.57,21008.76,0.489027,1.160056629933412e-06,0.729311,270.7,0.2365,269.3,0.4
3294,2,3801.25,21004.99,0.475173,1.1600362582367535e-06,0.654423,269.5,0.2374,269.2,0.4
3295,2,3801.93,21001.22,0.43774,1.1600158793950608e-06,0.586955,269.9,0.2371,269.3,0.4
3296,2,3802.62,20997.46,0.369565,1.1599954934087942e-06,0.575569,269.5,0.2374,269.2,0.4
3297,2,3803.3,20993.69,0.442152,1.1599751002784149e-06,0.571097,270.0,0.2371,269.1,0.4
3298,2,3803.98,20989.92,0.471318,1.1599547000043835e-06,0.730885,272.3,0.235,269.2,0.4
3299,2,3804.66,20986.17,0.439983,1.1599342925871611e-06,0.681551,270.1,0.237,269.4,0.4
3300,2,3805.34,20982.41,0.476548,1.1599138780272095e-06,0.572919,270.3,0.2368,269.2,0.4
3301,2,3806.03,20978.7,0.474597,1.1598934563249895e-06,1.020252,270.3,0.2368,269.1,0.4
3302,2,3806.71,20974.97,0.441174,1.1598730274809629e-06,0.756712,267.1,0.2396,268.8,0.4
3303,2,3807.39,20971.2,0.40959,1.1598525914955915e-06,0.601781,270.4,0.2367,268.8,0.4
3304,2,3808.07,20967.45,0.414267,1.1598321483693373e-06,0.75298,269.8,0.2372,268.9,0.4
3305,2,3808.76,20963.72,0.423137,1.1598116981026625e-06,0.640866,270.4,0.2367,268.9,0.4
3306,2,3809.43,20959.96,0.441026,1.159791240696029e-06,0.794256,274.1,0.2335,269.1,0.4
3307,2,3810.12,20956.22,0.446379,1.1597707761498996e-06,0.678819,270.5,0.2366,269.3,0.4
3308,2,3810.8,20952.49,0.432693,1.1597503044647365e-06,0.831906,269.0,0.238,269.2,0.4
3309,2,3811.48,20948.75,0.398945,1.1597298256410025e-06,0.62371,270.7,0.2364,269.3,0.4
3310,2,3812.16,20945.01,0.44895,1.1597093396791607e-06,0.696839,269.8,0.2372,269.3,0.4
3311,2,3812.85,20941.29,0.416861,1.159688846579674e-06,0.667168,269.4,0.2375,269.1,0.4
3312,2,3813.53,20937.55,0.406404,1.1596683463430056e-06,0.584257,270.8,0.2363,269.2,0.4
3313,2,3814.21,20933.82,0.406262,1.159647838969619e-06,0.628666,269.7,0.2373,269.3,0.3
3314,2,3814.89,20930.1,0.463027,1.1596273244599773e-06,0.777118,266.5,0.2402,269.1,0.3
3315,2,3815.57,20926.37,0.409615,1.1596068028145448e-06,0.649662,269.3,0.2376,269.1,0.3
3316,2,3816.25,20922.65,0.432377,1.159586274033785e-06,0.734787,269.2,0.2377,269.1,0.3
3317,2,3816.94,20918.94,0.447603,1.1595657381181623e-06,0.491435,268.8,0.2381,269.1,0.3
3318,2,3817.62,20915.22,0.48336,1.1595451950681402e-06,0.759153,270.0,0.237,268.9,0.3
3319,2,3818.31,20911.53,0.416827,1.159524644884184e-06,0.643689,267.9,0.2389,268.8,0.3
3320,2,3818.99,20907.81,0.472815,1.1595040875667571e-06,0.594434,268.6,0.2383,268.7,0.3
3321,2,3819.68,20904.13,0.482114,1.1594835231163249e-06,0.998082,272.0,0.2353,268.8,0.3
3322,2,3820.36,20900.43,0.473569,1.1594629515333521e-06,0.839461,267.5,0.2392,268.9,0.3
3323,2,3821.04,20896.72,0.424522,1.1594423728183035e-06,0.747343,269.1,0.2378,268.8,0.3
3324,2,3821.73,20893.03,0.382386,1.1594217869716445e-06,0.555219,266.1,0.2405,268.6,0.3
3325,2,3822.42,20889.36,0.418859,1.1594011939938403e-06,0.761556,264.2,0.2422,268.4,0.3
3326,2,3823.09,20885.63,0.42214,1.1593805938853564e-06,0.534808,268.6,0.2383,268.1,0.3
3327,2,3823.78,20881.93,0.392266,1.1593599866466582e-06,0.721925,268.9,0.238,268.0,0.3
3328,2,3824.46,20878.24,0.433512,1.1593393722782117e-06,0.528039,268.1,0.2387,267.9,0.3
3329,2,3825.14,20874.55,0.465278,1.159318750780483e-06,0.724544,268.5,0.2384,267.8,0.3
3330,2,3825.83,20870.87,0.462218,1.1592981221539379e-06,0.813481,266.6,0.24,267.6,0.3
3331,2,3826.51,20867.17,0.434696,1.159277486399043e-06,0.793802,268.8,0.2381,267.6,0.3
3332,2,3827.19,20863.47,0.438059,1.1592568435162646e-06,0.868284,271.4,0.2358,267.6,0.3
3333,2,3827.87,20859.77,0.450025,1.1592361935060693e-06,0.791191,270.7,0.2364,267.7,0.3
3334,2,3828.56,20856.1,0.375609,1.1592155363689238e-06,0.655845,269.0,0.2379,267.8,0.3
3335,2,3829.24,20852.42,0.440001,1.159194872105295e-06,0.592182,268.8,0.2381,267.8,0.3
3336,2,3829.92,20848.74,0.445182,1.15917420071565e-06,0.684134,270.0,0.237,267.8,0.3
3337,2,3830.6,20845.06,0.41952,1.159153522200456e-06,0.627085,270.0,0.2371,267.8,0.3
3338,2,3831.29,20841.37,0.484344,1.1591328365601807e-06,0.607608,269.1,0.2378,267.8,0.3
3339,2,3831.97,20837.69,0.397514,1.1591121437952913e-06,0.904811,271.6,0.2356,267.9,0.4
3340,2,3832.65,20834.02,0.434686,1.1590914439062554e-06,1.153109,270.2,0.2369,268.0,0.4
3341,2,3833.34,20830.39,0.530067,1.1590707368935414e-06,0.960141,273.7,0.2339,268.0,0.4
3342,2,3834.03,20826.74,0.384659,1.159050022757617e-06,0.506316,267.5,0.2393,268.1,0.4
3343,2,3834.71,20823.06,0.451557,1.1590293014989506e-06,1.03717,270.7,0.2364,268.2,0.3
3344,2,3835.4,20819.41,0.396937,1.1590085731180104e-06,0.56677,269.0,0.2379,268.3,0.4
3345,2,3836.08,20815.74,0.397006,1.1589878376152653e-06,0.789556,267.0,0.2397,268.5,0.3
3346,2,3836.76,20812.06,0.407848,1.1589670949911837e-06,0.623168,270.0,0.237,268.5,0.3
3347,2,3837.44,20808.39,0.4075,1.1589463452462343e-06,0.47832,271.4,0.2358,268.7,0.3
3348,2,3838.12,20804.74,0.444417,1.1589255883808863e-06,0.495309,269.0,0.238,268.7,0.3
3349,2,3838.81,20801.08,0.461899,1.1589048243956088e-06,0.658448,268.1,0.2387,268.7,0.3
3350,2,3839.49,20797.41,0.410632,1.1588840532908712e-06,0.733577,269.2,0.2377,268.8,0.3
3351,2,3840.17,20793.74,0.411835,1.158863275067143e-06,0.808551,271.1,0.2361,269.0,0.3
3352,2,3840.85,20790.09,0.423686,1.1588424897248939e-06,0.59808,269.2,0.2378,268.9,0.3
3353,2,3841.53,20786.43,0.468407,1.1588216972645937e-06,0.627289,272.2,0.2351,268.9,0.3
3354,2,3842.21,20782.78,0.408503,1.1588008976867123e-06,0.640741,269.6,0.2374,268.9,0.4
3355,2,3842.9,20779.13,0.428976,1.1587800909917197e-06,0.747893,269.3,0.2376,268.9,0.4
3356,2,3843.58,20775.5,0.472233,1.1587592771800866e-06,0.953833,266.1,0.2405,268.7,0.3
3357,2,3844.26,20771.85,0.397633,1.158738456252283e-06,0.876634,268.8,0.2381,268.7,0.3
3358,2,3844.95,20768.2,0.451651,1.15871762820878e-06,0.780754,269.8,0.2372,268.8,0.3
3359,2,3845.63,20764.56,0.445565,1.1586967930500481e-06,0.771767,269.9,0.2372,268.7,0.3
3360,2,3846.31,20760.91,0.445895,1.1586759507765583e-06,0.986049,269.4,0.2376,268.7,0.3
3361,2,3847.0,20757.34,0.460127,1.1586551013887817e-06,0.576374,269.6,0.2373,268.5,0.3
3362,2,3847.69,20753.7,0.425887,1.1586342448871894e-06,0.635328,268.1,0.2387,268.5,0.3
3363,2,3848.37,20750.08,0.442622,1.1586133812722533e-06,0.666775,269.2,0.2377,268.4,0.3
3364,2,3849.05,20746.45,0.433351,1.1585925105444446e-06,0.694694,268.9,0.238,268.5,0.3
3365,2,3849.74,20742.85,0.455082,1.1585716327042349e-06,1.245264,265.6,0.241,268.4,0.3
3366,2,3850.43,20739.22,0.420101,1.1585507477520966e-06,0.595775,268.8,0.2381,268.3,0.3
3367,2,3851.11,20735.6,0.387686,1.1585298556885014e-06,0.618441,269.3,0.2377,268.3,0.3
3368,2,3851.79,20731.97,0.425829,1.1585089565139219e-06,0.607496,268.9,0.238,268.3,0.3
3369,2,3852.48,20728.36,0.404818,1.15848805022883e-06,0.765503,269.3,0.2376,268.3,0.3
3370,2,3853.16,20724.73,0.405175,1.1584671368336985e-06,0.634491,269.8,0.2372,268.3,0.3
3371,2,3853.84,20721.11,0.459238,1.1584462163290002e-06,0.780658,269.5,0.2374,268.3,0.3
3372,2,3854.52,20717.5,0.39625,1.1584252887152078e-06,0.893594,269.1,0.2378,268.2,0.3
3373,2,3855.22,20713.93,0.401099,1.1584043539927944e-06,0.625372,263.2,0.2431,267.8,0.3
3374,2,3855.9,20710.31,0.46126,1.1583834121622332e-06,0.818145,267.9,0.2389,267.7,0.3
3375,2,3856.58,20706.7,0.417449,1.1583624632239977e-06,0.832064,269.1,0.2378,267.7,0.3
3376,2,3857.27,20703.09,0.397467,1.1583415071785612e-06,0.649334,268.5,0.2383,267.8,0.3
3377,2,3857.95,20699.51,0.421493,1.1583205440263975e-06,0.621035,266.6,0.2401,267.7,0.3
3378,2,3858.64,20695.91,0.447457,1.1582995737679804e-06,0.671421,270.1,0.2369,267.7,0.3
3379,2,3859.32,20692.33,0.391078,1.1582785964037838e-06,0.701819,265.9,0.2407,267.5,0.3
3380,2,3860.01,20688.73,0.469865,1.158257611934282e-06,0.769238,265.2,0.2413,267.2,0.3
3381,2,3860.7,20685.18,0.451816,1.1582366203599492e-06,0.652211,274.8,0.2329,267.5,0.3
3382,2,3861.39,20681.6,0.437264,1.1582156216812601e-06,0.665071,268.7,0.2382,267.5,0.3
3383,2,3862.07,20678.0,0.465014,1.158194615898689e-06,0.76037,269.5,0.2375,267.6,0.3
3384,2,3862.75,20674.41,0.440548,1.1581736030127113e-06,0.654897,268.9,0.238,267.6,0.3
3385,2,3863.45,20670.91,0.384453,1.1581525830238012e-06,0.742736,251.0,0.255,266.7,0.3
3386,2,3864.12,20667.24,0.411005,1.1581315559324344e-06,0.772316,267.7,0.2391,266.7,0.3
3387,2,3864.81,20663.65,0.398581,1.1581105217390857e-06,0.728679,269.5,0.2374,266.7,0.3
3388,2,3865.49,20660.07,0.42935,1.158089480444231e-06,0.756555,268.6,0.2383,266.6,0.4
3389,2,3866.18,20656.5,0.449444,1.1580684320483457e-06,0.799409,267.2,0.2395,266.6,0.3
3390,2,3866.86,20652.91,0.433676,1.1580473765519056e-06,0.75395,270.2,0.2369,266.6,0.3
3391,2,3867.55,20649.34,0.404967,1.1580263139553865e-06,0.737806,270.2,0.2368,266.6,0.3
3392,2,3868.23,20645.77,0.376593,1.1580052442592646e-06,0.976341,267.2,0.2395,266.5,0.3
3393,2,3868.92,20642.21,0.417944,1.1579841674640163e-06,0.549972,268.8,0.2381,266.8,0.3
3394,2,3869.6,20638.64,0.38186,1.1579630835701177e-06,0.893587,269.5,0.2375,266.9,0.3
3395,2,3870.29,20635.09,0.423365,1.1579419925780456e-06,0.607527,267.0,0.2397,266.8,0.3
3396,2,3870.97,20631.52,0.430433,1.1579208944882767e-06,0.698852,268.2,0.2386,266.8,0.3
3397,2,3871.66,20627.94,0.419802,1.1578997893012879e-06,0.880612,268.8,0.2381,267.0,0.3
3398,2,3872.35,20624.41,0.43789,1.157878677017556e-06,0.594275,264.8,0.2417,266.7,0.3
3399,2,3873.03,20620.85,0.413111,1.1578575576375586e-06,0.808081,265.3,0.2412,266.6,0.3
3400,2,3873.72,20617.29,0.431613,1.1578364311617726e-06,0.69684,266.2,0.2404,266.7,0.3
3401,2,3881.72,20652.65,0.436731,1.157815297590676e-06,0.791963,275.6,0.2322,266.8,0.3
3402,2,3882.4,20649.06,0.391449,1.1577941569247462e-06,0.763536,272.5,0.2348,266.9,0.3
3403,2,3883.08,20645.47,0.375872,1.1577730091644612e-06,0.6046,271.8,0.2355,267.1,0.3
3404,2,3883.76,20641.9,0.448156,1.1577518543102989e-06,0.930528,270.3,0.2368,267.1,0.3
3405,2,3884.44,20638.31,0.389787,1.1577306923627375e-06,0.739609,271.4,0.2359,268.3,0.3
3406,2,3885.13,20634.74,0.434443,1.1577095233222552e-06,0.565345,271.3,0.2359,268.4,0.3
3407,2,3885.81,20631.17,0.398564,1.1576883471893308e-06,0.490218,270.2,0.2369,268.5,0.3
3408,2,3886.49,20627.6,0.448257,1.1576671639644427e-06,0.773526,269.8,0.2373,268.5,0.3
3409,2,3887.17,20624.03,0.42972,1.15764597364807e-06,0.777952,269.8,0.2373,268.6,0.3
3410,2,3887.86,20620.47,0.407523,1.1576247762406912e-06,0.781831,269.3,0.2377,268.6,0.3
3411,2,3888.54,20616.91,0.465656,1.1576035717427857e-06,0.78899,265.1,0.2414,268.3,0.3
3412,2,3889.22,20613.32,0.463455,1.157582360154833e-06,0.915462,269.3,0.2377,268.4,0.3
3413,2,3889.9,20609.76,0.363484,1.1575611414773125e-06,0.706624,267.7,0.239,268.3,0.3
3414,2,3890.58,20606.19,0.433086,1.1575399157107034e-06,0.830121,267.5,0.2393,268.2,0.3
3415,2,3891.27,20602.63,0.421791,1.1575186828554856e-06,0.72088,269.7,0.2373,268.4,0.3
3416,2,3891.95,20599.08,0.422951,1.1574974429121395e-06,0.719407,267.9,0.2389,268.4,0.3
3417,2,3892.63,20595.53,0.442876,1.1574761958811447e-06,0.652445,268.2,0.2387,268.3,0.3
3418,2,3893.31,20591.96,0.353431,1.1574549417629817e-06,0.671372,270.8,0.2364,268.6,0.3
3419,2,3893.99,20588.4,0.442432,1.1574336805581309e-06,0.721716,273.5,0.234,269.1,0.3
3420,2,3894.68,20584.86,0.430686,1.1574124122670727e-06,0.73065,269.8,0.2372,269.3,0.3
3421,2,3895.37,20581.37,0.392974,1.1573911368902881e-06,0.766844,271.9,0.2353,269.1,0.3
3422,2,3896.06,20577.84,0.400527,1.1573698544282576e-06,0.704547,267.3,0.2394,268.8,0.3
3423,2,3896.74,20574.3,0.40766,1.1573485648814626e-06,0.57362,268.2,0.2386,268.6,0.3
3424,2,3897.43,20570.76,0.412628,1.1573272682503844e-06,0.604338,267.5,0.2392,268.4,0.3
3425,2,3898.11,20567.22,0.452989,1.157305964535504e-06,1.17601,268.6,0.2383,268.3,0.3
3426,2,3898.79,20563.67,0.410671,1.157284653737303e-06,0.759545,272.8,0.2346,268.3,0.3
3427,2,3899.47,20560.14,0.466467,1.1572633358562635e-06,0.747069,269.7,0.2373,268.3,0.3
3428,2,3900.16,20556.6,0.448063,1.157242010892867e-06,0.661701,270.7,0.2365,268.4,0.3
3429,2,3900.84,20553.09,0.448668,1.1572206788475953e-06,0.563612,267.3,0.2395,268.2,0.3
3430,2,3901.53,20549.55,0.403033,1.1571993397209313e-06,0.609009,269.9,0.2371,268.3,0.3
3431,2,3902.21,20546.03,0.420948,1.1571779935133568e-06,0.640414,270.3,0.2368,268.6,0.3
3432,2,3902.89,20542.51,0.431816,1.1571566402253543e-06,0.628155,269.0,0.2379,268.5,0.3
3433,2,3903.58,20539.0,0.437978,1.1571352798574066e-06,1.198991,267.1,0.2396,268.5,0.3
3434,2,3904.26,20535.48,0.427868,1.1571139124099965e-06,0.79282,269.0,0.2379,268.6,0.3
3435,2,3904.95,20531.95,0.360364,1.157092537883607e-06,0.4849,268.8,0.2381,268.6,0.3
3436,2,3905.63,20528.44,0.444745,1.1570711562787211e-06,0.68494,268.8,0.2381,268.6,0.3
3437,2,3906.32,20524.94,0.429403,1.1570497675958224e-06,0.956718,264.9,0.2416,268.4,0.3
3438,2,3907.0,20521.42,0.466221,1.1570283718353939e-06,0.800273,270.0,0.237,268.3,0.4
3439,2,3907.69,20517.91,0.426654,1.1570069689979196e-06,0.523148,269.4,0.2375,268.1,0.4
3440,2,3908.37,20514.41,0.394035,1.156985559083883e-06,0.706795,270.2,0.2369,268.1,0.4
3441,2,3909.07,20511.0,0.437025,1.1569641420937685e-06,0.768301,269.1,0.2379,267.9,0.4
3442,2,3909.76,20507.5,0.451008,1.1569427180280597e-06,1.02623,268.0,0.2388,267.9,0.4
3443,2,3910.44,20503.98,0.44272,1.156921286887241e-06,0.735735,269.7,0.2373,268.0,0.4
3444,2,3911.13,20500.49,0.42811,1.1568998486717968e-06,0.784427,269.1,0.2379,268.1,0.4
3445,2,3911.81,20496.98,0.410272,1.1568784033822118e-06,1.026167,269.1,0.2379,268.2,0.4
3446,2,3912.5,20493.5,0.37745,1.1568569510189707e-06,0.843364,268.4,0.2385,268.0,0.3
3447,2,3913.18,20489.99,0.493536,1.1568354915825581e-06,0.919818,269.5,0.2374,268.0,0.3
3448,2,3913.87,20486.51,0.45532,1.1568140250734594e-06,0.664783,267.3,0.2395,267.9,0.3
3449,2,3914.55,20483.02,0.410826,1.1567925514921599e-06,0.61903,269.1,0.2379,267.9,0.3
3450,2,3915.24,20479.54,0.420318,1.1567710708391447e-06,0.735202,266.8,0.2399,267.8,0.3
3451,2,3915.92,20476.04,0.402248,1.1567495831148994e-06,0.793228,268.8,0.2381,267.7,0.3
3452,2,3916.61,20472.56,0.452322,1.1567280883199096e-06,1.155861,268.8,0.2381,267.7,0.3
3453,2,3917.29,20469.08,0.43853,1.1567065864546615e-06,0.90907,265.8,0.2408,267.7,0.3
3454,2,3917.98,20465.59,0.397745,1.1566850775196408e-06,0.730193,268.8,0.2381,267.6,0.3
3455,2,3918.66,20462.11,0.343202,1.1566635615153337e-06,0.785457,267.8,0.239,267.5,0.3
3456,2,3919.35,20458.63,0.437099,1.1566420384422267e-06,0.717641,267.1,0.2396,267.5,0.3
3457,2,3920.03,20455.16,0.421266,1.1566205083008063e-06,0.677776,268.9,0.238,267.7,0.3
3458,2,3920.72,20451.69,0.420187,1.156598971091559e-06,0.6549,268.7,0.2382,267.7,0.3
3459,2,3921.41,20448.22,0.448158,1.1565774268149716e-06,0.800134,268.4,0.2384,267.6,0.3
3460,2,3922.09,20444.73,0.402358,1.1565558754715312e-06,0.696796,272.7,0.2347,267.8,0.3
3461,2,3922.79,20441.35,0.451099,1.1565343170617247e-06,0.752156,269.7,0.2373,267.8,0.3
3462,2,3923.48,20437.89,0.412574,1.1565127515860397e-06,0.657595,268.1,0.2387,267.8,0.3
3463,2,3924.16,20434.41,0.452141,1.1564911790449636e-06,0.772836,268.9,0.238,267.8,0.3
3464,2,3924.84,20430.94,0.373272,1.156469599438984e-06,0.606677,270.0,0.237,267.8,0.3
3465,2,3925.53,20427.48,0.359789,1.1564480127685885e-06,0.589267,268.6,0.2383,267.8,0.3
3466,2,3926.21,20424.02,0.449575,1.1564264190342653e-06,0.754995,270.8,0.2363,267.9,0.3
3467,2,3926.91,20420.59,0.41826,1.1564048182365021e-06,0.875413,263.6,0.2428,267.5,0.3
3468,2,3927.59,20417.13,0.452843,1.1563832103757876e-06,0.707928,267.2,0.2395,267.5,0.3
3469,2,3928.27,20413.66,0.401459,1.1563615954526097e-06,0.658783,267.2,0.2395,267.4,0.3
3470,2,3928.96,20410.2,0.438457,1.1563399734674575e-06,0.594918,269.1,0.2379,267.5,0.3
3471,2,3929.64,20406.75,0.477163,1.1563183444208194e-06,1.059812,266.9,0.2398,267.4,0.3
3472,2,3930.33,20403.31,0.415946,1.1562967083131843e-06,0.580731,266.2,0.2404,267.3,0.3
3473,2,3931.02,20399.86,0.453302,1.1562750651450412e-06,0.597682,267.2,0.2395,267.3,0.4
3474,2,3931.7,20396.41,0.421447,1.1562534149168798e-06,0.706016,267.5,0.2392,267.3,0.3
3475,2,3932.4,20393.05,0.399931,1.156231757629189e-06,0.629479,249.1,0.2569,266.3,0.3
3476,2,3933.07,20389.52,0.445476,1.1562100932824585e-06,0.643032,266.0,0.2406,266.3,0.3
3477,2,3933.75,20386.05,0.435287,1.1561884218771779e-06,0.604388,267.7,0.2391,266.2,0.3
3478,2,3934.44,20382.62,0.420428,1.156166743413837e-06,0.548613,266.8,0.2398,266.2,0.3
3479,2,3935.12,20379.16,0.366367,1.156145057892926e-06,0.64158,269.6,0.2374,266.2,0.3
3480,2,3935.81,20375.72,0.391419,1.1561233653149347e-06,0.732994,265.0,0.2415,265.7,0.4
3481,2,3936.5,20372.31,0.448776,1.1561016656803536e-06,0.861725,269.9,0.2371,265.8,0.3
3482,2,3937.18,20368.86,0.434423,1.1560799589896735e-06,0.643177,268.4,0.2384,265.8,0.3
3483,2,3937.87,20365.43,0.424395,1.1560582452433846e-06,0.715226,270.2,0.2369,265.9,0.3
3484,2,3938.55,20362.01,0.403116,1.1560365244419782e-06,0.840721,267.9,0.2389,265.8,0.3
3485,2,3939.24,20358.59,0.436648,1.1560147965859447e-06,0.549979,263.9,0.2425,265.6,0.3
3486,2,3939.92,20355.13,0.454735,1.1559930616757758e-06,0.842176,269.6,0.2374,265.6,0.3
3487,2,3940.61,20351.71,0.429328,1.1559713197119622e-06,0.796825,268.4,0.2385,265.8,0.3
3488,2,3941.29,20348.28,0.451065,1.1559495706949957e-06,0.890157,269.3,0.2376,265.9,0.3
3489,2,3941.98,20344.84,0.421317,1.155927814625368e-06,0.759466,271.1,0.2361,266.1,0.3
3490,2,3942.66,20341.43,0.40028,1.1559060515035705e-06,0.55646,268.1,0.2387,266.0,0.3
3491,2,3943.35,20338.02,0.395201,1.1558842813300954e-06,0.678846,267.8,0.2389,266.1,0.3
3492,2,3944.04,20334.6,0.411598,1.1558625041054346e-06,0.93396,268.5,0.2384,266.2,0.3
3493,2,3944.72,20331.19,0.424364,1.1558407198300804e-06,0.618429,267.3,0.2394,266.2,0.3
3494,2,3945.41,20327.77,0.483953,1.1558189285045253e-06,0.686759,268.3,0.2385,266.3,0.3
3495,2,3946.09,20324.36,0.398409,1.1557971301292617e-06,0.799112,264.5,0.242,267.1,0.3
3496,2,3946.79,20320.99,0.42383,1.1557753247047823e-06,0.803362,258.8,0.2473,266.7,0.3
3497,2,3947.47,20317.57,0.413271,1.1557535122315802e-06,0.594803,269.4,0.2376,266.8,0.3
3498,2,3948.16,20314.16,0.424027,1.1557316927101482e-06,0.566956,268.6,0.2383,266.9,0.3
3499,2,3948.84,20310.75,0.377587,1.1557098661409795e-06,0.602646,268.0,0.2388,266.8,0.3
3500,2,3949.53,20307.38,0.416385,1.1556880325245677e-06,0.852598,261.8,0.2444,266.7,0.3
3501,2,4122.25,21188.21,0.412924,1.1556661918614063e-06,0.899289,217.4,0.2944,263.5,0.3
3502,2,4122.89,21184.25,0.430679,1.1556443441519888e-06,0.658429,273.3,0.2342,263.6,0.3
3503,2,4123.57,21180.52,0.423297,1.1556224893968088e-06,0.814085,270.8,0.2363,263.6,0.4
3504,2,4124.25,21176.78,0.440079,1.1556006275963608e-06,0.803659,274.1,0.2335,263.9,0.4
3505,2,4124.93,21173.05,0.38834,1.1555787587511385e-06,0.60941,273.5,0.234,264.4,0.4
3506,2,4125.61,21169.33,0.455852,1.1555568828616365e-06,0.644023,269.4,0.2376,264.4,0.4
3507,2,4126.29,21165.62,0.403106,1.1555349999283492e-06,0.77202,268.0,0.2388,264.3,0.4
3508,2,4126.97,21161.89,0.422051,1.1555131099517713e-06,0.9573,268.6,0.2383,264.3,0.4
3509,2,4127.65,21158.18,0.43315,1.1554912129323974e-06,0.620776,269.3,0.2377,264.2,0.4
3510,2,4128.34,21154.52,0.434249,1.1554693088707226e-06,1.004097,258.7,0.2474,263.7,0.4
3511,2,4129.01,21150.73,0.409236,1.1554473977672419e-06,0.877378,273.8,0.2337,264.0,0.4
3512,2,4129.69,21147.03,0.453878,1.1554254796224508e-06,0.833859,271.4,0.2358,264.2,0.3
3513,2,4130.37,21143.32,0.441342,1.1554035544368445e-06,0.576048,271.9,0.2353,264.4,0.4
3514,2,4131.06,21139.63,0.391821,1.1553816222109184e-06,0.64936,268.7,0.2382,264.4,0.4
3515,2,4131.74,21135.92,0.419867,1.1553596829451685e-06,0.797473,270.1,0.237,264.6,0.4
3516,2,4132.42,21132.22,0.410811,1.1553377366400908e-06,0.605157,269.6,0.2374,265.2,0.4
3517,2,4133.1,21128.53,0.40782,1.1553157832961813e-06,0.691767,268.5,0.2384,265.1,0.4
3518,2,4133.79,21124.84,0.378047,1.1552938229139363e-06,0.622639,268.5,0.2383,265.1,0.4
3519,2,4134.47,21121.15,0.442696,1.1552718554938518e-06,0.661433,268.7,0.2382,265.2,0.4
3520,2,4135.15,21117.47,0.425203,1.1552498810364247e-06,0.690557,269.6,0.2374,265.6,0.4
3521,2,4135.85,21113.85,0.434764,1.1552278995421515e-06,0.783454,271.7,0.2355,269.0,0.3
3522,2,4136.53,21110.17,0.385797,1.1552059110115293e-06,0.618954,268.8,0.2381,268.9,0.3
3523,2,4137.21,21106.48,0.378824,1.1551839154450548e-06,0.509325,267.6,0.2392,268.7,0.3
3524,2,4137.9,21102.8,0.417127,1.1551619128432252e-06,1.134183,270.0,0.2371,268.6,0.3
3525,2,4138.58,21099.12,0.44186,1.1551399032065382e-06,0.788469,269.2,0.2378,268.3,0.3
3526,2,4139.26,21095.44,0.453789,1.1551178865354909e-06,0.665861,271.4,0.2358,268.4,0.3
3527,2,4139.94,21091.76,0.41739,1.155095862830581e-06,0.70707,271.8,0.2354,268.7,0.3
3528,2,4140.62,21088.08,0.42426,1.1550738320923064e-06,0.55157,270.5,0.2366,268.8,0.3
3529,2,4141.31,21084.41,0.474069,1.1550517943211653e-06,0.734857,268.5,0.2384,268.8,0.2
3530,2,4141.99,21080.73,0.439499,1.1550297495176555e-06,0.943772,271.4,0.2358,269.4,0.2
3531,2,4142.67,21077.05,0.46289,1.1550076976822753e-06,1.075606,272.9,0.2346,269.3,0.3
3532,2,4143.36,21073.4,0.413476,1.1549856388155233e-06,0.732236,268.5,0.2383,269.2,0.3
3533,2,4144.04,21069.73,0.405146,1.154963572917898e-06,0.642001,268.9,0.238,269.1,0.2
3534,2,4144.72,21066.06,0.426251,1.1549414999898982e-06,0.697929,271.3,0.2359,269.2,0.2
3535,2,4145.4,21062.4,0.428499,1.1549194200320228e-06,1.009805,269.3,0.2377,269.2,0.2
3536,2,4146.09,21058.75,0.428292,1.1548973330447709e-06,0.505702,269.2,0.2377,269.2,0.2
3537,2,4146.77,21055.1,0.423474,1.1548752390286418e-06,0.635117,270.3,0.2367,269.2,0.2
3538,2,4147.46,21051.44,0.374376,1.1548531379841349e-06,0.678678,272.4,0.235,269.4,0.3
3539,2,4148.14,21047.8,0.446395,1.1548310299117496e-06,0.780778,269.3,0.2376,269.4,0.3
3540,2,4148.82,21044.14,0.397603,1.1548089148119858e-06,0.987324,269.6,0.2374,269.4,0.3
3541,2,4149.52,21040.56,0.4611,1.1547867926853431e-06,0.68765,272.3,0.235,269.4,0.3
3542,2,4150.2,21036.91,0.450153,1.1547646635323219e-06,0.772843,267.9,0.2389,269.3,0.3
3543,2,4150.89,21033.27,0.432144,1.1547425273534223e-06,1.065328,269.8,0.2372,269.4,0.3
3544,2,4151.57,21029.64,0.401784,1.1547203841491445e-06,0.724384,268.0,0.2388,269.3,0.3
3545,2,4152.26,21026.0,0.435833,1.1546982339199891e-06,0.670477,270.1,0.237,269.3,0.3
3546,2,4152.95,21022.38,0.433195,1.1546760766664567e-06,0.72058,266.6,0.2401,269.0,0.3
3547,2,4153.63,21018.74,0.427022,1.1546539123890482e-06,0.56534,267.1,0.2396,268.8,0.3
3548,2,4154.31,21015.11,0.448158,1.1546317410882646e-06,0.678002,266.8,0.2398,268.6,0.3
3549,2,4155.0,21011.47,0.402078,1.154609562764607e-06,0.580153,269.8,0.2372,268.7,0.3
3550,2,4155.68,21007.85,0.391499,1.1545873774185768e-06,0.841768,268.4,0.2385,268.4,0.4
3551,2,4156.36,21004.21,0.443526,1.1545651850506752e-06,0.767094,270.6,0.2365,268.3,0.4
3552,2,4157.05,21000.59,0.436714,1.154542985661404e-06,0.715643,269.3,0.2376,268.4,0.4
3553,2,4157.73,20996.97,0.422826,1.1545207792512653e-06,0.821128,266.8,0.2399,268.3,0.4
3554,2,4158.42,20993.34,0.410653,1.1544985658207606e-06,0.691538,265.2,0.2413,268.0,0.3
3555,2,4159.1,20989.7,0.458679,1.154476345370392e-06,0.677645,269.5,0.2374,268.0,0.4
3556,2,4159.78,20986.09,0.42787,1.154454117900662e-06,0.570265,269.8,0.2372,268.0,0.4
3557,2,4160.48,20982.53,0.38583,1.154431883412073e-06,0.778619,260.2,0.2459,267.5,0.4
3558,2,4161.16,20978.88,0.448798,1.1544096419051274e-06,0.757548,268.0,0.2388,267.3,0.3
3559,2,4161.85,20975.29,0.399395,1.1543873933803282e-06,0.84848,266.3,0.2403,267.2,0.3
3560,2,4162.53,20971.69,0.431465,1.154365137838178e-06,0.65415,267.8,0.2389,267.1,0.3
3561,2,4163.23,20968.11,0.442587,1.1543428752791798e-06,0.577937,270.3,0.2368,267.0,0.3
3562,2,4163.92,20964.53,0.460389,1.1543206057038372e-06,1.000836,267.1,0.2396,267.0,0.3
3563,2,4164.61,20960.96,0.457168,1.1542983291126531e-06,0.904084,265.2,0.2413,266.8,0.3
3564,2,4165.29,20957.36,0.418013,1.1542760455061313e-06,0.560142,267.6,0.2392,266.8,0.3
3565,2,4165.98,20953.77,0.409622,1.1542537548847757e-06,0.654854,267.3,0.2394,266.6,0.3
3566,2,4166.67,20950.18,0.47234,1.1542314572490897e-06,0.658481,266.5,0.2402,266.6,0.3
3567,2,4167.36,20946.6,0.474706,1.1542091525995774e-06,0.811017,268.0,0.2388,266.7,0.3
3568,2,4168.04,20943.02,0.3882,1.154186840936743e-06,0.615996,266.8,0.2399,266.7,0.3
3569,2,4168.73,20939.44,0.425563,1.154164522261091e-06,0.647409,266.8,0.2399,266.5,0.3
3570,2,4169.42,20935.85,0.408739,1.1541421965731258e-06,0.706051,269.0,0.2379,266.6,0.3
3571,2,4170.12,20932.35,0.411415,1.1541198638733518e-06,0.585459,251.0,0.255,265.5,0.3
3572,2,4170.79,20928.7,0.405833,1.1540975241622742e-06,0.659671,266.8,0.2399,265.4,0.3
3573,2,4171.48,20925.13,0.419092,1.1540751774403976e-06,0.824862,268.1,0.2387,265.5,0.3
3574,2,4172.17,20921.54,0.406587,1.1540528237082273e-06,0.840215,270.5,0.2366,265.7,0.3
3575,2,4172.86,20917.97,0.416187,1.1540304629662686e-06,0.767439,267.1,0.2396,265.6,0.3
3576,2,4173.54,20914.39,0.395583,1.1540080952150266e-06,0.598635,268.5,0.2384,265.6,0.3
3577,2,4174.23,20910.82,0.431342,1.1539857204550072e-06,0.611871,267.0,0.2397,266.0,0.3
3578,2,4174.91,20907.24,0.459064,1.1539633386867162e-06,0.759399,269.8,0.2372,266.0,0.3
3579,2,4175.6,20903.68,0.388445,1.1539409499106592e-06,0.744638,269.2,0.2377,266.2,0.3
3580,2,4176.29,20900.12,0.459385,1.1539185541273426e-06,0.98378,268.5,0.2384,266.2,0.3
3581,2,4176.99,20896.63,0.463501,1.1538961513372724e-06,0.942323,270.0,0.237,266.1,0.3
3582,2,4177.68,20893.08,0.447006,1.153873741540955e-06,0.714755,265.5,0.241,266.1,0.3
3583,2,4178.37,20889.52,0.512758,1.153851324738897e-06,0.696274,267.6,0.2391,266.2,0.3
3584,2,4179.06,20885.97,0.408795,1.153828900931605e-06,0.825972,266.1,0.2405,266.1,0.3
3585,2,4179.75,20882.41,0.392919,1.153806470119586e-06,0.500821,266.7,0.2399,266.0,0.3
3586,2,4180.43,20878.85,0.425098,1.153784032303347e-06,0.76015,267.9,0.2389,266.1,0.3
3587,2,4181.12,20875.31,0.400711,1.153761587483395e-06,0.821819,266.8,0.2399,266.0,0.3
3588,2,4181.81,20871.78,0.431294,1.1537391356602377e-06,0.814956,264.9,0.2416,265.9,0.3
3589,2,4182.5,20868.22,0.389151,1.153716676834382e-06,1.285199,267.3,0.2394,266.0,0.3
3590,2,4183.19,20864.67,0.402079,1.1536942110063362e-06,0.706273,267.1,0.2396,265.9,0.3
3591,2,4183.88,20861.13,0.463791,1.1536717381766075e-06,0.813277,267.3,0.2394,266.8,0.3
3592,2,4184.57,20857.59,0.413793,1.1536492583457042e-06,0.626752,266.9,0.2398,266.8,0.3
3593,2,4185.25,20854.04,0.462599,1.1536267715141343e-06,0.72118,268.8,0.2381,266.8,0.3
3594,2,4185.94,20850.52,0.407534,1.1536042776824062e-06,0.659929,266.0,0.2406,266.5,0.3
3595,2,4186.63,20846.98,0.415261,1.1535817768510282e-06,0.726739,266.7,0.24,266.5,0.3
3596,2,4187.32,20843.44,0.403248,1.1535592690205092e-06,0.802591,267.7,0.2391,266.5,0.3
3597,2,4188.01,20839.9,0.460483,1.1535367541913576e-06,0.838615,266.4,0.2403,266.5,0.3
3598,2,4188.69,20836.37,0.396043,1.1535142323640825e-06,0.586269,267.1,0.2396,266.4,0.3
3599,2,4189.38,20832.83,0.437057,1.153491703539193e-06,0.694271,268.1,0.2387,266.3,0.3
3600,2,4190.07,20829.32,0.425595,1.1534691677171982e-06,0.710081,262.5,0.2438,266.0,0.3
3601,2,4209.45,20918.64,0.406725,1.1534466248986073e-06,0.664421,278.7,0.2296,266.4,0.3
3602,2,4210.13,20915.05,0.453879,1.15342407508393e-06,0.942491,272.3,0.235,266.7,0.3
3603,2,4210.81,20911.46,0.461864,1.1534015182736762e-06,1.013946,272.8,0.2346,267.0,0.3
3604,2,4211.49,20907.87,0.42825,1.1533789544683556e-06,0.654172,273.1,0.2344,267.3,0.3
3605,2,4212.17,20904.3,0.442515,1.153356383668478e-06,0.546498,267.7,0.2391,267.4,0.3
3606,2,4212.86,20900.71,0.379479,1.153333805874554e-06,0.544559,270.2,0.2369,267.5,0.3
3607,2,4213.54,20897.14,0.468213,1.1533112210870938e-06,0.808574,268.0,0.2388,267.6,0.3
3608,2,4214.22,20893.56,0.411574,1.153288629306608e-06,0.743845,267.8,0.239,267.8,0.3
3609,2,4214.9,20889.98,0.406455,1.1532660305336069e-06,0.744432,268.8,0.2381,267.8,0.3
3610,2,4215.59,20886.41,0.417262,1.1532434247686015e-06,0.917596,268.3,0.2385,267.9,0.3
3611,2,4216.27,20882.85,0.443471,1.1532208120121028e-06,0.737054,268.5,0.2384,268.0,0.3
3612,2,4216.96,20879.3,0.41639,1.1531981922646218e-06,0.630524,267.8,0.2389,268.1,0.3
3613,2,4217.64,20875.73,0.444111,1.1531755655266699e-06,0.836442,268.1,0.2388,268.0,0.3
3614,2,4218.32,20872.16,0.433136,1.1531529317987585e-06,0.668944,268.8,0.2381,268.1,0.3
3615,2,4219.0,20868.59,0.402547,1.1531302910813993e-06,0.591497,270.8,0.2364,268.3,0.3
3616,2,4219.68,20865.03,0.430707,1.153107643375104e-06,0.687742,270.7,0.2364,268.4,0.3
3617,2,4220.37,20861.48,0.446993,1.1530849886803845e-06,0.759816,267.0,0.2397,268.5,0.3
3618,2,4221.05,20857.92,0.396902,1.153062326997753e-06,0.566121,269.4,0.2376,268.6,0.3
3619,2,4221.74,20854.38,0.395251,1.1530396583277216e-06,0.710598,265.9,0.2407,268.5,0.3
3620,2,4222.42,20850.81,0.442063,1.1530169826708024e-06,0.779736,269.8,0.2372,268.9,0.3
3621,2,4223.11,20847.29,0.446207,1.1529943000275083e-06,0.831765,270.2,0.2368,268.5,0.3
3622,2,4223.8,20843.78,0.47048,1.152971610398352e-06,0.661968,260.9,0.2453,267.9,0.3
3623,2,4224.47,20840.2,0.414528,1.1529489137838463e-06,0.596199,270.6,0.2365,267.8,0.3
3624,2,4225.16,20836.68,0.398374,1.1529262101845041e-06,0.809866,269.9,0.2371,267.7,0.3
3625,2,4225.85,20833.16,0.45031,1.152903499600839e-06,0.694281,265.6,0.2409,267.6,0.3
3626,2,4226.54,20829.63,0.445295,1.1528807820333637e-06,0.622811,266.8,0.2399,267.4,0.3
3627,2,4227.22,20826.09,0.413789,1.1528580574825922e-06,0.49605,268.6,0.2382,267.4,0.3
3628,2,4227.91,20822.58,0.431606,1.1528353259490377e-06,0.855132,267.4,0.2394,267.4,0.3
3629,2,4228.6,20819.05,0.426023,1.1528125874332144e-06,0.658429,266.2,0.2404,267.3,0.3
3630,2,4229.28,20815.52,0.442748,1.152789841935636e-06,0.892041,268.5,0.2384,267.3,0.3
3631,2,4229.96,20811.98,0.415836,1.1527670894568169e-06,0.606942,270.8,0.2364,267.4,0.3
3632,2,4230.65,20808.46,0.417419,1.1527443299972714e-06,0.835731,268.8,0.2381,267.5,0.3
3633,2,4231.34,20804.94,0.452604,1.1527215635575137e-06,0.935392,269.4,0.2376,267.6,0.3
3634,2,4232.02,20801.43,0.422074,1.1526987901380584e-06,0.627292,267.7,0.239,267.5,0.3
3635,2,4232.71,20797.91,0.411049,1.1526760097394205e-06,0.623361,270.5,0.2366,267.5,0.3
3636,2,4233.39,20794.39,0.456276,1.1526532223621148e-06,0.812706,271.2,0.236,267.5,0.3
3637,2,4234.08,20790.9,0.427732,1.1526304280066562e-06,0.594444,266.7,0.2399,267.5,0.3
3638,2,4234.77,20787.38,0.429451,1.15260762667356e-06,0.59534,268.6,0.2383,267.5,0.3
3639,2,4235.45,20783.86,0.448072,1.152584818363342e-06,0.749405,269.4,0.2376,267.7,0.2
3640,2,4236.14,20780.37,0.471224,1.152562003076517e-06,0.739057,266.6,0.24,267.5,0.3
3641,2,4236.84,20776.92,0.413512,1.1525391808136012e-06,0.852707,269.4,0.2376,267.5,0.3
3642,2,4237.53,20773.43,0.432892,1.1525163515751105e-06,0.571755,263.9,0.2425,267.6,0.3
3643,2,4238.21,20769.92,0.422178,1.1524935153615607e-06,0.786436,267.3,0.2394,267.4,0.3
3644,2,4238.9,20766.4,0.417771,1.152470672173468e-06,0.599586,269.8,0.2372,267.4,0.3
3645,2,4239.58,20762.9,0.422064,1.1524478220113488e-06,0.743578,269.7,0.2373,267.6,0.3
3646,2,4240.27,20759.41,0.422317,1.1524249648757195e-06,0.835178,266.9,0.2398,267.6,0.3
3647,2,4240.96,20755.92,0.454225,1.152402100767097e-06,0.600759,266.6,0.2401,267.5,0.3
3648,2,4241.64,20752.42,0.429318,1.152379229685998e-06,0.56482,267.4,0.2393,267.5,0.3
3649,2,4242.33,20748.93,0.423223,1.1523563516329392e-06,0.730514,268.1,0.2387,267.6,0.3
3650,2,4243.01,20745.43,0.429231,1.152333466608438e-06,0.667752,268.9,0.238,267.6,0.3
3651,2,4243.7,20741.94,0.45366,1.1523105746130117e-06,0.868671,269.0,0.2379,267.5,0.3
3652,2,4244.39,20738.47,0.444127,1.1522876756471775e-06,0.602256,268.3,0.2386,267.5,0.3
3653,2,4245.08,20734.99,0.424241,1.152264769711453e-06,0.595116,268.3,0.2385,267.4,0.3
3654,2,4245.77,20731.53,0.381212,1.1522418568063563e-06,0.802614,263.2,0.2432,267.1,0.3
3655,2,4246.45,20728.03,0.439265,1.152218936932405e-06,0.692173,266.7,0.24,267.0,0.3
3656,2,4247.14,20724.55,0.431041,1.1521960100901174e-06,0.693407,267.2,0.2395,266.8,0.3
3657,2,4247.83,20721.07,0.406917,1.1521730762800116e-06,0.626548,266.8,0.2399,266.7,0.3
3658,2,4248.51,20717.6,0.456697,1.1521501355026059e-06,0.817739,268.0,0.2388,266.7,0.3
3659,2,4249.2,20714.12,0.484896,1.152127187758419e-06,0.650347,267.3,0.2394,266.6,0.3
3660,2,4249.89,20710.66,0.38803,1.1521042330479693e-06,0.629547,262.2,0.2441,266.4,0.3
3661,2,4250.58,20707.2,0.449047,1.152081271371776e-06,0.802253,269.6,0.2374,266.4,0.3
3662,2,4251.26,20703.73,0.45456,1.1520583027303579e-06,0.762685,267.0,0.2397,266.6,0.3
3663,2,4251.95,20700.25,0.453454,1.1520353271242342e-06,0.712019,269.4,0.2376,266.7,0.3
3664,2,4252.64,20696.79,0.394033,1.1520123445539244e-06,0.594057,266.5,0.2401,266.5,0.3
3665,2,4253.32,20693.31,0.415814,1.1519893550199478e-06,0.867049,269.2,0.2378,266.5,0.3
3666,2,4254.01,20689.85,0.415309,1.1519663585228242e-06,0.775231,267.4,0.2393,266.6,0.3
3667,2,4254.7,20686.39,0.428883,1.151943355063073e-06,0.738543,267.0,0.2397,266.6,0.3
3668,2,4255.39,20682.94,0.444683,1.1519203446412146e-06,0.62073,267.6,0.2392,266.5,0.3
3669,2,4256.07,20679.48,0.491743,1.1518973272577687e-06,1.029976,268.6,0.2383,266.5,0.3
3670,2,4256.76,20676.03,0.413295,1.1518743029132562e-06,0.857156,267.3,0.2394,266.5,0.3
3671,2,4257.45,20672.57,0.411517,1.151851271608197e-06,0.724568,267.4,0.2393,266.4,0.3
3672,2,4258.14,20669.14,0.4027,1.1518282333431118e-06,0.641062,263.2,0.2431,266.1,0.3
3673,2,4258.83,20665.68,0.44648,1.1518051881185214e-06,0.672691,264.9,0.2416,266.0,0.3
3674,2,4259.51,20662.23,0.437706,1.1517821359349467e-06,0.698209,268.7,0.2382,266.2,0.3
3675,2,4260.2,20658.77,0.402104,1.1517590767929087e-06,0.60182,268.0,0.2388,266.3,0.3
3676,2,4260.89,20655.34,0.400945,1.1517360106929287e-06,0.650841,264.8,0.2417,266.2,0.3
3677,2,4261.57,20651.89,0.405889,1.1517129376355281e-06,0.5916,267.0,0.2397,266.2,0.3
3678,2,4262.26,20648.44,0.462262,1.1516898576212282e-06,1.030143,267.2,0.2395,266.2,0.3
3679,2,4262.95,20645.0,0.44923,1.1516667706505508e-06,0.779294,262.3,0.244,265.9,0.3
3680,2,4263.63,20641.53,0.474589,1.1516436767240177e-06,0.707693,269.0,0.2379,266.2,0.3
3681,2,4264.32,20638.13,0.440174,1.151620575842151e-06,0.911139,269.6,0.2374,266.2,0.3
3682,2,4265.02,20634.71,0.405885,1.151597468005473e-06,0.725068,262.7,0.2437,266.0,0.3
3683,2,4265.7,20631.25,0.406846,1.1515743532145057e-06,0.740644,269.0,0.2379,266.0,0.3
3684,2,4266.39,20627.83,0.412684,1.1515512314697718e-06,0.893064,261.8,0.2445,265.7,0.4
3685,2,4267.07,20624.38,0.440136,1.151528102771794e-06,0.776058,267.4,0.2393,265.6,0.4
3686,2,4267.76,20620.95,0.392552,1.1515049671210948e-06,0.66651,266.8,0.2399,265.5,0.4
3687,2,4268.45,20617.52,0.433946,1.1514818245181974e-06,0.815052,267.8,0.2389,265.6,0.4
3688,2,4269.14,20614.09,0.434245,1.1514586749636246e-06,0.577002,270.7,0.2364,265.7,0.4
3689,2,4269.82,20610.67,0.418433,1.1514355184579e-06,0.71596,268.2,0.2386,265.8,0.3
3690,2,4270.51,20607.24,0.446199,1.1514123550015468e-06,0.681724,270.9,0.2362,266.0,0.3
3691,2,4271.2,20603.82,0.416207,1.1513891845950888e-06,0.624303,267.2,0.2395,266.0,0.3
3692,2,4271.89,20600.4,0.451158,1.1513660072390494e-06,0.867723,268.5,0.2384,266.3,0.3
3693,2,4272.58,20596.99,0.442164,1.1513428229339525e-06,0.553922,266.8,0.2399,266.4,0.3
3694,2,4273.26,20593.57,0.4322,1.1513196316803225e-06,1.107515,267.7,0.239,266.4,0.3
3695,2,4273.96,20590.2,0.415316,1.1512964334786835e-06,0.712078,256.2,0.2498,265.7,0.3
3696,2,4274.64,20586.76,0.413349,1.1512732283295595e-06,0.606482,265.5,0.2411,265.7,0.3
3697,2,4275.33,20583.36,0.413728,1.1512500162334756e-06,0.628602,266.7,0.24,265.8,0.3
3698,2,4276.02,20579.95,0.462483,1.151226797190956e-06,0.821674,265.9,0.2407,265.7,0.3
3699,2,4276.72,20576.56,0.414621,1.1512035712025256e-06,0.792031,263.3,0.2431,265.8,0.3
3700,2,4277.41,20573.19,0.448744,1.1511803382687095e-06,0.73883,257.8,0.2482,265.2,0.3
3701,2,4278.1,20569.78,0.400074,1.1511570983900327e-06,0.787267,269.1,0.2378,265.2,0.3
3702,2,4278.79,20566.37,0.476631,1.1511338515670207e-06,1.017701,268.3,0.2386,265.5,0.3
3703,2,4279.47,20562.97,0.45776,1.1511105978001989e-06,0.747585,267.5,0.2392,265.4,0.3
3704,2,4280.18,20559.66,0.402163,1.1510873370900927e-06,0.631433,248.5,0.2576,264.7,0.3
3705,2,4280.87,20556.25,0.457587,1.1510640694372281e-06,0.717328,249.4,0.2566,263.8,0.2
3706,2,4281.54,20552.77,0.420559,1.151040794842131e-06,0.486386,266.2,0.2404,263.8,0.2
3707,2,4282.23,20549.37,0.416264,1.1510175133053274e-06,0.815816,269.4,0.2376,263.9,0.3
3708,2,4282.91,20545.97,0.476519,1.1509942248273435e-06,0.936336,270.5,0.2366,263.8,0.3
3709,2,4283.62,20542.67,0.408607,1.150970929408706e-06,0.517839,250.0,0.256,262.9,0.3
3710,2,4284.3,20539.22,0.408816,1.1509476270499412e-06,0.841405,265.4,0.2412,262.6,0.3
3711,2,4284.99,20535.84,0.404771,1.150924317751576e-06,0.539676,266.5,0.2402,262.5,0.3
3712,2,4285.67,20532.44,0.419629,1.1509010015141371e-06,1.076976,266.6,0.24,262.4,0.3
3713,2,4286.36,20529.06,0.449376,1.1508776783381514e-06,0.569308,266.0,0.2406,262.4,0.3
3714,2,4287.05,20525.68,0.429642,1.1508543482241464e-06,0.566547,268.2,0.2387,262.4,0.3
3715,2,4287.74,20522.29,0.465397,1.150831011172649e-06,0.827671,266.8,0.2399,263.0,0.3
3716,2,4288.45,20519.0,0.413739,1.1508076671841873e-06,0.728479,248.7,0.2573,262.1,0.3
3717,2,4289.12,20515.53,0.467396,1.1507843162592886e-06,0.681261,266.9,0.2398,262.1,0.3
3718,2,4289.81,20512.15,0.458381,1.1507609583984806e-06,0.85493,269.7,0.2373,262.3,0.3
3719,2,4290.5,20508.78,0.477157,1.1507375936022914e-06,0.769674,267.4,0.2393,262.5,0.3
3720,2,4291.19,20505.42,0.410691,1.150714221871249e-06,0.59548,264.3,0.2422,262.8,0.3
3721,2,4291.88,20502.08,0.410883,1.1506908432058821e-06,0.927542,269.7,0.2373,262.8,0.3
3722,2,4292.57,20498.7,0.422351,1.1506674576067187e-06,0.746167,267.4,0.2394,262.8,0.3
3723,2,4293.28,20495.42,0.396791,1.1506440650742875e-06,0.902685,247.2,0.2589,261.7,0.3
3724,2,4293.95,20491.95,0.413687,1.1506206656091172e-06,0.777986,267.8,0.239,262.7,0.3
3725,2,4294.64,20488.58,0.415964,1.150597259211737e-06,0.735106,266.5,0.2401,263.6,0.3
3726,2,4295.33,20485.23,0.449062,1.1505738458826756e-06,0.876425,261.7,0.2446,263.3,0.3
3727,2,4296.01,20481.85,0.439187,1.1505504256224626e-06,0.775802,266.0,0.2406,263.2,0.3
3728,2,4296.7,20478.47,0.421828,1.150526998431627e-06,0.881481,267.1,0.2396,263.1,0.3
3729,2,4297.39,20475.1,0.35483,1.1505035643106985e-06,0.625638,267.3,0.2394,264.0,0.3
3730,2,4298.07,20471.74,0.390294,1.1504801232602067e-06,0.619437,267.8,0.239,264.1,0.3
3731,2,4298.76,20468.37,0.395436,1.1504566752806816e-06,0.522506,266.5,0.2401,264.1,0.3
3732,2,4299.45,20464.99,0.403152,1.1504332203726532e-06,0.669743,269.6,0.2374,264.2,0.3
3733,2,4300.13,20461.64,0.420606,1.1504097585366516e-06,0.85614,268.8,0.2381,264.4,0.3
3734,2,4300.83,20458.3,0.429747,1.150386289773207e-06,0.937301,264.6,0.2419,264.1,0.3
3735,2,4301.52,20454.96,0.45069,1.15036281408285e-06,0.550949,265.8,0.2408,264.1,0.3
3736,2,4302.23,20451.7,0.454258,1.1503393314661113e-06,0.87868,248.0,0.258,264.1,0.3
3737,2,4302.9,20448.25,0.412813,1.1503158419235215e-06,0.791083,268.8,0.2381,264.1,0.3
3738,2,4303.59,20444.92,0.366527,1.1502923454556117e-06,0.594732,265.2,0.2414,263.9,0.3
3739,2,4304.28,20441.57,0.419525,1.150268842062913e-06,0.650974,267.3,0.2395,263.8,0.3
3740,2,4304.97,20438.23,0.446138,1.1502453317459567e-06,0.918504,266.5,0.2401,263.9,0.3
3741,2,4305.66,20434.93,0.495305,1.150221814505274e-06,0.766147,270.7,0.2364,263.9,0.4
3742,2,4306.35,20431.59,0.40133,1.1501982903413964e-06,0.704531,266.0,0.2406,263.9,0.4
3743,2,4307.04,20428.25,0.414308,1.1501747592548557e-06,0.80008,266.1,0.2405,264.9,0.4
3744,2,4307.73,20424.91,0.395066,1.1501512212461842e-06,0.585944,263.3,0.243,264.7,0.3
3745,2,4308.41,20421.54,0.421046,1.1501276763159135e-06,0.608057,270.1,0.2369,264.9,0.3
3746,2,4309.11,20418.22,0.39777,1.150104124464576e-06,0.813882,265.0,0.2415,265.0,0.3
3747,2,4309.8,20414.88,0.389693,1.1500805656927039e-06,0.697892,266.4,0.2403,265.0,0.4
3748,2,4310.49,20411.58,0.412993,1.1500570000008298e-06,0.646358,258.7,0.2474,264.6,0.4
3749,2,4311.17,20408.22,0.402531,1.1500334273894863e-06,0.479611,264.6,0.2419,264.4,0.4
3750,2,4311.86,20404.89,0.400122,1.1500098478592063e-06,0.764289,265.3,0.2412,264.4,0.3
3751,2,4312.56,20401.57,0.411978,1.1499862614105226e-06,0.896471,266.4,0.2402,264.4,0.3
3752,2,4313.25,20398.25,0.40415,1.1499626680439687e-06,0.729653,266.1,0.2405,264.2,0.3
3753,2,4313.94,20394.93,0.432489,1.1499390677600775e-06,1.070611,266.3,0.2403,264.1,0.3
3754,2,4314.62,20391.6,0.433521,1.1499154605593826e-06,0.652433,266.9,0.2398,264.2,0.3
3755,2,4315.33,20388.33,0.422053,1.1498918464424177e-06,0.717168,255.7,0.2503,263.7,0.3
3756,2,4316.0,20384.96,0.417481,1.1498682254097162e-06,0.625811,267.9,0.2389,264.8,0.3
3757,2,4316.69,20381.65,0.38137,1.1498445974618126e-06,0.512249,265.4,0.2411,264.6,0.3
3758,2,4317.38,20378.32,0.43722,1.1498209625992407e-06,0.725468,266.6,0.24,264.7,0.3
3759,2,4318.07,20375.02,0.42858,1.1497973208225346e-06,0.609151,263.7,0.2427,264.5,0.3
3760,2,4318.77,20371.71,0.418039,1.1497736721322288e-06,0.722483,262.9,0.2434,264.3,0.3
3761,2,4319.46,20368.42,0.419261,1.1497500165288577e-06,0.562697,264.1,0.2423,264.1,0.3
3762,2,4320.15,20365.1,0.402981,1.149726354012956e-06,0.649171,267.2,0.2396,264.1,0.3
3763,2,4320.84,20361.81,0.429081,1.149702684585059e-06,0.790945,262.4,0.2439,264.0,0.3
3764,2,4321.52,20358.47,0.423199,1.1496790082457012e-06,0.62553,269.0,0.2379,264.2,0.3
3765,2,4322.21,20355.14,0.443415,1.149655324995418e-06,0.591072,273.3,0.2342,264.3,0.3
3766,2,4322.9,20351.83,0.407128,1.1496316348347446e-06,0.465286,267.5,0.2392,264.5,0.3
3767,2,4323.59,20348.52,0.454222,1.1496079377642163e-06,0.614159,267.3,0.2395,264.6,0.3
3768,2,4324.28,20345.22,0.414738,1.1495842337843693e-06,0.613244,265.7,0.2408,264.9,0.3
3769,2,4324.96,20341.9,0.450119,1.149560522895739e-06,0.772093,268.7,0.2382,265.1,0.3
3770,2,4325.65,20338.61,0.478344,1.1495368050988612e-06,0.770986,266.8,0.2399,265.1,0.3
3771,2,4326.35,20335.32,0.410192,1.1495130803942724e-06,0.740224,261.7,0.2446,264.9,0.3
3772,2,4327.03,20332.0,0.417822,1.1494893487825086e-06,0.770533,266.4,0.2403,264.9,0.3
3773,2,4327.72,20328.69,0.424639,1.1494656102641063e-06,0.749279,266.5,0.2401,264.9,0.3
3774,2,4328.41,20325.38,0.39931,1.1494418648396021e-06,0.583375,268.2,0.2386,265.0,0.3
3775,2,4329.09,20322.09,0.434099,1.1494181125095327e-06,0.692375,266.3,0.2403,265.6,0.3
3776,2,4329.78,20318.79,0.436959,1.1493943532744348e-06,0.728238,267.1,0.2396,265.5,0.3
3777,2,4330.47,20315.5,0.439938,1.1493705871348456e-06,0.554591,266.8,0.2399,265.6,0.3
3778,2,4331.16,20312.21,0.422149,1.1493468140913025e-06,0.560651,266.9,0.2398,265.6,0.3
3779,2,4331.86,20308.97,0.435368,1.1493230341443425e-06,0.640901,254.0,0.252,265.1,0.3
3780,2,4332.54,20305.62,0.427645,1.1492992472945035e-06,0.649721,266.6,0.2401,265.2,0.3
3781,2,4333.24,20302.39,0.472455,1.1492754535423225e-06,0.795262,268.1,0.2387,265.4,0.3
3782,2,4333.93,20299.1,0.415157,1.149251652888338e-06,0.724732,266.4,0.2403,265.3,0.3
3783,2,4334.62,20295.81,0.42614,1.1492278453330877e-06,0.528832,266.8,0.2399,265.6,0.3
3784,2,4335.31,20292.53,0.389795,1.1492040308771098e-06,0.644908,265.9,0.2407,265.4,0.3
3785,2,4335.99,20289.24,0.45828,1.1491802095209422e-06,0.906372,265.8,0.2408,265.0,0.3
3786,2,4336.68,20285.95,0.43107,1.1491563812651239e-06,0.78224,266.6,0.2401,265.0,0.3
3787,2,4337.37,20282.67,0.42844,1.1491325461101933e-06,0.781126,267.8,0.239,265.0,0.3
3788,2,4338.06,20279.38,0.472542,1.1491087040566891e-06,0.74152,268.6,0.2383,265.1,0.4
3789,2,4338.75,20276.11,0.414355,1.1490848551051502e-06,0.712459,266.0,0.2406,265.0,0.3
3790,2,4339.43,20272.83,0.37669,1.1490609992561159e-06,0.769477,268.0,0.2388,265.0,0.4
3791,2,4340.12,20269.55,0.408746,1.1490371365101251e-06,0.694938,266.1,0.2405,265.3,0.4
3792,2,4340.81,20266.27,0.423972,1.1490132668677175e-06,0.675273,268.1,0.2387,265.3,0.4
3793,2,4341.5,20262.99,0.469611,1.1489893903294323e-06,0.808033,268.7,0.2382,265.4,0.4
3794,2,4342.18,20259.71,0.407385,1.1489655068958093e-06,0.54967,270.7,0.2364,265.5,0.4
3795,2,4342.87,20256.45,0.429729,1.1489416165673883e-06,0.675629,266.8,0.2399,265.6,0.4
3796,2,4343.56,20253.17,0.436351,1.1489177193447095e-06,0.639497,268.0,0.2388,265.6,0.4
3797,2,4344.25,20249.9,0.447362,1.148893815228313e-06,0.767237,266.3,0.2403,265.6,0.4
3798,2,4344.94,20246.63,0.403661,1.1488699042187389e-06,0.521785,268.9,0.238,265.7,0.4
3799,2,4345.63,20243.37,0.407408,1.1488459863165278e-06,0.800684,268.6,0.2383,266.5,0.3
3800,2,4346.32,20240.11,0.478131,1.1488220615222206e-06,0.767149,265.0,0.2415,266.4,0.4
3801,2,4358.29,20289.39,0.418279,1.1487981298363576e-06,0.634127,276.2,0.2317,266.8,0.4
3802,2,4358.98,20286.1,0.410793,1.14877419125948e-06,0.576934,269.6,0.2374,267.0,0.3
3803,2,4359.66,20282.79,0.40883,1.1487502457921289e-06,0.893032,271.3,0.2359,267.2,0.4
3804,2,4360.34,20279.48,0.429077,1.1487262934348454e-06,0.614272,273.2,0.2343,267.6,0.3
3805,2,4361.02,20276.19,0.382523,1.1487023341881712e-06,0.525719,271.3,0.2359,267.9,0.3
3806,2,4361.71,20272.9,0.3961,1.1486783680526475e-06,0.708654,269.2,0.2377,268.0,0.3
3807,2,4362.4,20269.63,0.391021,1.1486543950288162e-06,0.897349,266.9,0.2398,268.0,0.3
3808,2,4363.08,20266.34,0.432196,1.1486304151172192e-06,0.575625,268.4,0.2385,268.0,0.3
3809,2,4363.77,20263.05,0.403756,1.1486064283183985e-06,0.423939,269.8,0.2372,268.2,0.3
3810,2,4364.45,20259.77,0.455445,1.1485824346328964e-06,1.14441,266.7,0.2399,268.2,0.3
3811,2,4365.13,20256.47,0.362246,1.148558434061255e-06,0.800738,269.1,0.2378,268.3,0.3
3812,2,4365.82,20253.2,0.465901,1.148534426604017e-06,0.640952,267.2,0.2395,268.3,0.3
3813,2,4366.51,20249.93,0.452754,1.1485104122617247e-06,0.55997,267.0,0.2397,268.2,0.3
3814,2,4367.2,20246.66,0.41839,1.1484863910349212e-06,0.659113,268.3,0.2386,268.1,0.3
3815,2,4367.88,20243.38,0.404297,1.1484623629241495e-06,0.913696,267.8,0.239,268.1,0.3
3816,2,4368.57,20240.11,0.41805,1.1484383279299525e-06,0.743194,267.6,0.2392,268.1,0.3
3817,2,4369.26,20236.86,0.450208,1.1484142860528737e-06,0.615522,265.6,0.241,268.0,0.3
3818,2,4369.94,20233.59,0.456175,1.1483902372934566e-06,0.632078,266.7,0.2399,268.0,0.3
3819,2,4370.63,20230.33,0.390653,1.1483661816522445e-06,0.782516,266.1,0.2405,267.8,0.3
3820,2,4371.31,20227.05,0.39917,1.1483421191297812e-06,0.62298,271.6,0.2357,268.2,0.3
3821,2,4372.01,20223.85,0.480192,1.1483180497266105e-06,1.093052,267.5,0.2393,267.7,0.3
3822,2,4372.7,20220.6,0.40491,1.1482939734432766e-06,0.742003,266.3,0.2403,267.6,0.3
3823,2,4373.39,20217.34,0.423472,1.1482698902803238e-06,0.669707,268.0,0.2388,267.5,0.3
3824,2,4374.08,20214.08,0.45038,1.1482458002382966e-06,0.79216,267.0,0.2397,267.1,0.3
3825,2,4374.76,20210.82,0.399156,1.1482217033177391e-06,0.669634,267.8,0.239,267.0,0.3
3826,2,4375.45,20207.57,0.440376,1.1481975995191962e-06,0.605878,266.4,0.2403,266.8,0.3
3827,2,4376.14,20204.32,0.407567,1.1481734888432127e-06,0.66189,266.6,0.24,266.7,0.3
3828,2,4376.83,20201.09,0.418064,1.1481493712903334e-06,0.772174,265.6,0.2409,266.6,0.3
3829,2,4377.52,20197.85,0.410621,1.1481252468611038e-06,0.656818,265.5,0.2411,266.4,0.3
3830,2,4378.2,20194.6,0.469715,1.148101115556069e-06,0.861753,267.3,0.2395,266.4,0.3
3831,2,4378.89,20191.36,0.455394,1.1480769773757744e-06,0.630421,268.7,0.2382,266.3,0.3
3832,2,4379.58,20188.12,0.478528,1.1480528323207657e-06,0.685555,267.4,0.2393,266.4,0.3
3833,2,4380.27,20184.89,0.396744,1.1480286803915885e-06,0.716371,265.4,0.2412,266.3,0.3
3834,2,4380.96,20181.66,0.404979,1.148004521588789e-06,0.647292,266.3,0.2403,266.2,0.3
3835,2,4381.64,20178.41,0.453904,1.147980355912913e-06,0.645282,268.5,0.2383,266.2,0.3
3836,2,4382.34,20175.22,0.462707,1.1479561833645067e-06,0.583784,257.6,0.2485,265.8,0.3
3837,2,4383.02,20171.95,0.432426,1.1479320039441167e-06,0.505635,268.2,0.2386,265.9,0.3
3838,2,4383.71,20168.7,0.483426,1.1479078176522894e-06,0.703402,268.6,0.2383,265.9,0.3
3839,2,4384.39,20165.47,0.470706,1.1478836244895716e-06,0.852441,269.5,0.2374,266.1,0.3
3840,2,4385.08,20162.25,0.453309,1.1478594244565101e-06,0.60771,265.3,0.2412,265.8,0.3
3841,2,4385.79,20159.1,0.395953,1.1478352175536519e-06,0.906875,266.6,0.24,265.7,0.3
3842,2,4386.47,20155.86,0.449332,1.1478110037815442e-06,0.886444,267.0,0.2397,265.8,0.3
3843,2,4387.16,20152.61,0.436542,1.1477867831407342e-06,0.703085,270.6,0.2366,265.9,0.3
3844,2,4387.85,20149.39,0.415335,1.1477625556317693e-06,0.758789,266.9,0.2398,265.9,0.3
3845,2,4388.53,20146.17,0.451096,1.1477383212551973e-06,0.646763,266.6,0.24,265.8,0.3
3846,2,4389.22,20142.94,0.430828,1.147714080011566e-06,0.600223,267.8,0.239,265.9,0.3
3847,2,4389.91,20139.72,0.403272,1.1476898319014232e-06,0.711051,268.1,0.2387,266.0,0.3
3848,2,4390.59,20136.49,0.45952,1.1476655769253171e-06,0.620288,269.4,0.2376,266.2,0.3
3849,2,4391.28,20133.28,0.40858,1.147641315083796e-06,0.697472,268.9,0.238,266.4,0.3
3850,2,4391.97,20130.05,0.379459,1.147617046377408e-06,0.996354,268.7,0.2382,266.5,0.3
3851,2,4392.66,20126.83,0.449372,1.147592770806702e-06,1.397584,267.2,0.2396,266.4,0.3
3852,2,4393.34,20123.61,0.420603,1.1475684883722264e-06,0.555163,267.0,0.2397,266.4,0.3
3853,2,4394.03,20120.39,0.419773,1.1475441990745304e-06,1.148961,267.3,0.2394,266.5,0.3
3854,2,4394.72,20117.17,0.448059,1.1475199029141626e-06,0.786443,267.8,0.239,266.6,0.3
3855,2,4395.4,20113.96,0.437189,1.1474955998916727e-06,0.91037,267.5,0.2392,266.6,0.3
3856,2,4396.09,20110.74,0.410055,1.1474712900076096e-06,0.518566,266.5,0.2402,267.0,0.3
3857,2,4396.77,20107.52,0.432981,1.1474469732625229e-06,1.024943,269.6,0.2374,267.1,0.3
3858,2,4397.46,20104.31,0.42362,1.1474226496569623e-06,0.639662,268.5,0.2383,267.1,0.3
3859,2,4398.15,20101.09,0.450893,1.1473983191914775e-06,0.801985,269.0,0.238,267.0,0.3
3860,2,4398.83,20097.89,0.453008,1.1473739818666187e-06,0.514322,268.3,0.2385,267.2,0.3
3861,2,4399.53,20094.74,0.412033,1.1473496376829355e-06,0.640153,266.9,0.2398,267.3,0.3
3862,2,4400.22,20091.52,0.420181,1.1473252866409787e-06,0.592211,267.5,0.2393,267.3,0.3
3863,2,4400.9,20088.3,0.393925,1.1473009287412984e-06,0.492329,268.4,0.2384,267.2,0.3
3864,2,4401.59,20085.1,0.405219,1.1472765639844456e-06,0.592814,268.8,0.2381,267.2,0.3
3865,2,4402.28,20081.9,0.443483,1.1472521923709706e-06,0.944999,266.8,0.2399,267.2,0.3
3866,2,4402.96,20078.69,0.456105,1.1472278139014243e-06,0.580649,271.9,0.2354,267.4,0.3
3867,2,4403.66,20075.54,0.458681,1.1472034285763578e-06,0.729732,257.0,0.249,266.8,0.3
3868,2,4404.33,20072.29,0.408962,1.1471790363963225e-06,0.658192,268.3,0.2386,266.8,0.3
3869,2,4405.02,20069.1,0.402674,1.1471546373618693e-06,0.73653,266.6,0.24,266.7,0.3
3870,2,4405.71,20065.9,0.399168,1.14713023147355e-06,0.577525,266.6,0.24,266.6,0.3
3871,2,4406.4,20062.71,0.438539,1.1471058187319162e-06,0.800432,267.1,0.2396,266.6,0.3
3872,2,4407.09,20059.52,0.387786,1.1470813991375196e-06,0.573482,267.4,0.2394,266.6,0.3
3873,2,4407.77,20056.34,0.425786,1.1470569726909125e-06,0.708674,266.4,0.2403,266.5,0.3
3874,2,4408.46,20053.15,0.418051,1.1470325393926465e-06,0.672079,265.6,0.241,266.4,0.3
3875,2,4409.15,20049.97,0.438304,1.1470080992432745e-06,0.720459,265.9,0.2407,266.3,0.3
3876,2,4409.84,20046.79,0.426972,1.1469836522433485e-06,0.629305,265.0,0.2415,266.2,0.3
3877,2,4410.53,20043.61,0.429557,1.1469591983934212e-06,0.933572,266.0,0.2406,266.0,0.3
3878,2,4411.21,20040.42,0.385583,1.1469347376940453e-06,0.626106,268.8,0.2381,266.1,0.3
3879,2,4411.9,20037.25,0.42631,1.146910270145774e-06,0.651384,266.6,0.2401,265.9,0.3
3880,2,4412.59,20034.07,0.427438,1.1468857957491598e-06,0.674211,268.4,0.2385,265.9,0.3
3881,2,4413.28,20030.91,0.452319,1.1468613145047563e-06,0.622553,270.3,0.2368,266.1,0.3
3882,2,4413.97,20027.75,0.434155,1.1468368264131168e-06,0.660192,265.3,0.2413,266.0,0.3
3883,2,4414.66,20024.57,0.408869,1.1468123314747947e-06,0.685115,268.5,0.2384,266.0,0.3
3884,2,4415.35,20021.39,0.395114,1.1467878296903437e-06,1.033409,269.4,0.2376,266.0,0.3
3885,2,4416.04,20018.23,0.36804,1.1467633210603176e-06,0.675209,267.0,0.2397,266.0,0.3
3886,2,4416.72,20015.05,0.449415,1.1467388055852706e-06,0.753682,266.5,0.2402,265.8,0.3
3887,2,4417.41,20011.87,0.434576,1.1467142832657564e-06,0.599609,267.4,0.2394,266.3,0.3
3888,2,4418.1,20008.73,0.420496,1.1466897541023295e-06,0.736563,259.4,0.2468,265.8,0.3
3889,2,4418.79,20005.54,0.499137,1.1466652180955447e-06,0.718914,265.9,0.2407,265.7,0.3
3890,2,4419.47,20002.38,0.479332,1.146640675245956e-06,0.699605,265.6,0.2409,265.7,0.3
3891,2,4420.16,19999.21,0.454935,1.1466161255541185e-06,0.642138,268.0,0.2388,265.8,0.3
3892,2,4420.85,19996.04,0.40556,1.1465915690205871e-06,0.864235,269.2,0.2378,265.8,0.3
3893,2,4421.54,19992.88,0.426022,1.1465670056459166e-06,0.710086,266.0,0.2406,265.8,0.3
3894,2,4422.22,19989.71,0.439639,1.1465424354306627e-06,0.709023,268.3,0.2385,266.0,0.3
3895,2,4422.91,19986.55,0.447644,1.1465178583753806e-06,0.713138,268.9,0.238,266.2,0.3
3896,2,4423.6,19983.4,0.403386,1.1464932744806255e-06,0.816047,265.7,0.2408,266.2,0.3
3897,2,4424.29,19980.25,0.392325,1.1464686837469534e-06,0.652205,267.2,0.2395,266.2,0.3
3898,2,4424.97,19977.08,0.424157,1.1464440861749201e-06,0.751098,271.4,0.2358,266.3,0.3
3899,2,4425.66,19973.93,0.428967,1.1464194817650814e-06,0.689898,267.1,0.2396,266.4,0.3
3900,2,4426.35,19970.79,0.468394,1.1463948705179936e-06,0.770966,268.1,0.2388,266.4,0.3
3901,2,4427.04,19967.66,0.404919,1.1463702524342128e-06,0.522451,270.7,0.2365,266.4,0.3
3902,2,4427.73,19964.51,0.499146,1.146345627514296e-06,0.710283,269.9,0.2371,266.6,0.3
3903,2,4428.42,19961.36,0.407517,1.146320995758799e-06,1.017537,269.4,0.2376,266.6,0.3
3904,2,4429.13,19958.3,0.41463,1.1462963571682791e-06,0.549195,246.0,0.2602,265.4,0.3
3905,2,4429.8,19955.09,0.428772,1.1462717117432931e-06,0.735408,262.8,0.2435,265.2,0.3
3906,2,4430.48,19951.93,0.471106,1.146247059484398e-06,0.845998,265.9,0.2407,265.1,0.3
3907,2,4431.18,19948.79,0.491573,1.1462224003921513e-06,0.796091,264.5,0.2419,265.0,0.3
3908,2,4431.86,19945.63,0.474641,1.14619773446711e-06,0.608391,268.8,0.2381,265.5,0.3
3909,2,4432.55,19942.49,0.445074,1.146173061709832e-06,0.664802,269.1,0.2379,265.7,0.3
3910,2,4433.24,19939.36,0.452721,1.1461483821208744e-06,0.658426,266.9,0.2398,265.7,0.3
3911,2,4433.93,19936.23,0.427743,1.1461236957007957e-06,0.774002,267.6,0.2392,265.6,0.3
3912,2,4434.62,19933.1,0.399861,1.1460990024501534e-06,0.745876,263.9,0.2425,265.4,0.3
3913,2,4435.3,19929.96,0.403174,1.146074302369506e-06,0.536056,266.5,0.2402,265.4,0.3
3914,2,4435.99,19926.82,0.412745,1.1460495954594118e-06,0.877917,267.0,0.2397,265.3,0.3
3915,2,4436.68,19923.69,0.42804,1.146024881720429e-06,1.143529,267.2,0.2395,265.3,0.3
3916,2,4437.37,19920.56,0.461657,1.1460001611531162e-06,0.876979,267.6,0.2392,265.3,0.3
3917,2,4438.06,19917.44,0.401449,1.1459754337580325e-06,0.751818,266.4,0.2403,265.4,0.3
3918,2,4438.74,19914.3,0.413474,1.1459506995357366e-06,0.810228,266.7,0.24,265.1,0.3
3919,2,4439.43,19911.17,0.416137,1.1459259584867876e-06,0.754352,267.6,0.2392,265.1,0.3
3920,2,4440.12,19908.04,0.47093,1.1459012106117448e-06,0.960454,269.9,0.2371,265.2,0.3
3921,2,4440.81,19904.95,0.438112,1.1458764559111675e-06,0.762849,267.4,0.2393,265.0,0.3
3922,2,4441.5,19901.82,0.413701,1.1458516943856154e-06,0.795904,264.8,0.2417,264.8,0.3
3923,2,4442.19,19898.7,0.436177,1.145826926035648e-06,0.643061,267.7,0.2391,264.8,0.3
3924,2,4442.88,19895.59,0.451704,1.1458021508618252e-06,0.721244,267.1,0.2396,265.9,0.3
3925,2,4443.57,19892.48,0.461089,1.1457773688647069e-06,0.821534,266.5,0.2401,266.1,0.3
3926,2,4444.26,19889.36,0.394918,1.1457525800448534e-06,0.745229,266.8,0.2399,266.2,0.3
3927,2,4444.95,19886.26,0.425359,1.145727784402825e-06,0.744978,263.9,0.2425,266.1,0.3
3928,2,4445.64,19883.14,0.402844,1.1457029819391823e-06,0.779538,266.7,0.24,266.1,0.3
3929,2,4446.33,19880.05,0.383374,1.1456781726544857e-06,0.797708,263.3,0.2431,265.7,0.3
3930,2,4447.02,19876.94,0.41484,1.1456533565492963e-06,0.674213,264.6,0.2418,265.6,0.3
3931,2,4447.71,19873.82,0.421119,1.1456285336241745e-06,0.630032,266.3,0.2404,265.6,0.3
3932,2,4448.4,19870.72,0.389083,1.1456037038796817e-06,0.481744,266.0,0.2406,265.7,0.3
3933,2,4449.09,19867.61,0.490925,1.1455788673163793e-06,0.85065,266.2,0.2404,265.7,0.3
3934,2,4449.78,19864.54,0.453467,1.1455540239348282e-06,0.773823,260.3,0.2459,265.4,0.3
3935,2,4450.47,19861.43,0.438791,1.1455291737355904e-06,0.809897,263.9,0.2426,265.2,0.3
3936,2,4451.16,19858.31,0.418959,1.1455043167192274e-06,0.824967,267.4,0.2394,265.2,0.3
3937,2,4451.85,19855.21,0.449697,1.145479452886301e-06,0.96084,267.4,0.2394,265.2,0.3
3938,2,4452.54,19852.12,0.409456,1.1454545822373734e-06,0.779073,266.5,0.2402,265.2,0.3
3939,2,4453.23,19849.03,0.445809,1.1454297047730068e-06,0.828622,261.3,0.245,264.9,0.3
3940,2,4453.91,19845.92,0.41658,1.1454048204937632e-06,0.707174,265.0,0.2415,264.7,0.3
3941,2,4454.62,19842.89,0.438605,1.1453799294002053e-06,0.786343,264.7,0.2418,264.5,0.3
3942,2,4455.31,19839.8,0.431281,1.1453550314928956e-06,0.699479,267.0,0.2397,264.6,0.3
3943,2,4456.0,19836.69,0.455406,1.145330126772397e-06,0.86339,268.4,0.2384,264.7,0.3
3944,2,4456.69,19833.61,0.426481,1.1453052152392722e-06,0.768577,265.5,0.241,264.6,0.3
3945,2,4457.38,19830.55,0.431467,1.1452802968940845e-06,0.764008,263.6,0.2428,264.5,0.3
3946,2,4458.07,19827.46,0.410619,1.145255371737397e-06,0.644441,265.5,0.2411,264.3,0.3
3947,2,4458.76,19824.38,0.430644,1.1452304397697734e-06,0.743224,266.0,0.2406,264.4,0.3
3948,2,4459.45,19821.3,0.412255,1.145205500991777e-06,0.534867,266.8,0.2399,264.4,0.3
3949,2,4460.14,19818.21,0.404237,1.1451805554039715e-06,0.613,268.2,0.2386,264.6,0.3
3950,2,4460.83,19815.13,0.465721,1.1451556030069207e-06,0.750591,266.0,0.2406,264.7,0.3
3951,2,4461.52,19812.05,0.401766,1.1451306438011887e-06,1.033169,266.4,0.2402,264.7,0.3
3952,2,4462.21,19808.98,0.43375,1.1451056777873396e-06,0.907594,266.6,0.24,264.7,0.3
3953,2,4462.9,19805.9,0.421905,1.1450807049659379e-06,0.916243,267.1,0.2396,264.7,0.3
3954,2,4463.59,19802.82,0.458961,1.145055725337548e-06,0.839778,267.5,0.2393,265.1,0.3
3955,2,4464.29,19799.77,0.487059,1.1450307389027342e-06,0.83998,264.3,0.2421,265.1,0.3
3956,2,4464.98,19796.7,0.440943,1.1450057456620617e-06,0.813302,266.7,0.2399,265.1,0.3
3957,2,4465.67,19793.62,0.439718,1.1449807456160953e-06,0.687484,268.3,0.2385,265.2,0.3
3958,2,4466.36,19790.54,0.434862,1.1449557387654e-06,0.740744,269.5,0.2375,265.3,0.3
3959,2,4467.05,19787.49,0.413603,1.144930725110541e-06,0.481234,265.0,0.2415,265.4,0.4
3960,2,4467.74,19784.42,0.437152,1.1449057046520838e-06,0.878886,267.0,0.2397,265.5,0.4
3961,2,4468.45,19781.43,0.425445,1.1448806773905944e-06,0.820875,267.4,0.2393,265.6,0.4
3962,2,4469.14,19778.37,0.443878,1.1448556433266377e-06,0.611931,266.2,0.2404,265.6,0.4
3963,2,4469.83,19775.3,0.445652,1.1448306024607799e-06,0.552798,266.4,0.2402,265.5,0.4
3964,2,4470.52,19772.24,0.430195,1.144805554793587e-06,0.619893,263.7,0.2427,265.4,0.4
3965,2,4471.21,19769.18,0.451603,1.1447805003256251e-06,0.579178,265.3,0.2413,265.5,0.4
3966,2,4471.9,19766.11,0.405107,1.1447554390574607e-06,0.624292,267.7,0.239,265.6,0.4
3967,2,4472.59,19763.06,0.468797,1.1447303709896602e-06,0.896076,266.2,0.2404,265.7,0.3
3968,2,4473.28,19760.01,0.428596,1.14470529612279e-06,0.835995,264.1,0.2424,265.5,0.4
3969,2,4473.97,19756.95,0.419727,1.1446802144574173e-06,0.542717,264.6,0.2419,265.4,0.3
3970,2,4474.66,19753.89,0.403479,1.1446551259941088e-06,0.612488,264.8,0.2417,265.3,0.3
3971,2,4475.35,19750.84,0.417576,1.1446300307334313e-06,0.572633,265.4,0.2411,265.3,0.3
3972,2,4476.04,19747.77,0.375487,1.1446049286759523e-06,0.596127,266.7,0.24,265.3,0.3
3973,2,4476.73,19744.69,0.471499,1.1445798198222392e-06,0.792166,270.8,0.2363,265.5,0.3
3974,2,4477.42,19741.65,0.449963,1.1445547041728596e-06,0.940369,267.5,0.2392,265.5,0.3
3975,2,4478.11,19738.59,0.403209,1.1445295817283813e-06,0.499843,265.1,0.2414,265.5,0.3
3976,2,4478.8,19735.57,0.460537,1.1445044524893719e-06,0.628156,258.2,0.2479,265.1,0.3
3977,2,4479.48,19732.48,0.454569,1.1444793164563995e-06,1.029714,267.5,0.2393,265.0,0.3
3978,2,4480.17,19729.44,0.487649,1.1444541736300323e-06,0.902531,264.8,0.2417,264.8,0.3
3979,2,4480.86,19726.37,0.437321,1.1444290240108385e-06,0.766483,268.1,0.2387,265.0,0.3
3980,2,4481.55,19723.32,0.425328,1.1444038675993865e-06,0.746152,267.3,0.2394,265.0,0.3
3981,2,4482.24,19720.29,0.425571,1.1443787043962452e-06,0.770572,269.6,0.2374,265.2,0.3
3982,2,4482.93,19717.25,0.437492,1.1443535344019834e-06,0.683068,264.6,0.2419,265.1,0.3
3983,2,4483.62,19714.18,0.393442,1.1443283576171696e-06,0.435527,267.3,0.2394,265.2,0.3
3984,2,4484.3,19711.12,0.465082,1.1443031740423733e-06,0.908828,268.6,0.2383,265.4,0.3
3985,2,4484.99,19708.08,0.43141,1.1442779836781634e-06,0.712447,268.6,0.2383,265.5,0.3
3986,2,4485.68,19705.02,0.410612,1.1442527865251096e-06,0.549966,266.6,0.2401,265.5,0.3
3987,2,4486.36,19701.96,0.4954,1.1442275825837813e-06,1.099742,270.1,0.237,265.7,0.3
3988,2,4487.05,19698.91,0.390285,1.1442023718547482e-06,0.622807,268.6,0.2383,265.9,0.3
3989,2,4487.74,19695.87,0.409272,1.1441771543385802e-06,0.600833,268.0,0.2388,266.1,0.3
3990,2,4488.42,19692.82,0.392584,1.144151930035847e-06,0.437796,268.2,0.2386,266.3,0.3
3991,2,4489.11,19689.79,0.436322,1.144126698947119e-06,0.839176,265.1,0.2414,266.2,0.3
3992,2,4489.8,19686.74,0.410582,1.1441014610729667e-06,0.528325,266.0,0.2406,266.2,0.3
3993,2,4490.49,19683.69,0.420619,1.1440762164139601e-06,0.551232,267.7,0.2391,266.0,0.3
3994,2,4491.17,19680.64,0.402951,1.1440509649706703e-06,0.692003,268.7,0.2382,266.1,0.3
3995,2,4491.85,19677.59,0.443083,1.1440257067436679e-06,0.873882,269.2,0.2377,266.3,0.3
3996,2,4492.54,19674.54,0.435244,1.1440004417335235e-06,0.682442,269.6,0.2374,266.9,0.3
3997,2,4493.23,19671.5,0.410834,1.1439751699408086e-06,1.138451,268.5,0.2383,266.9,0.3
3998,2,4493.91,19668.46,0.401902,1.1439498913660944e-06,0.95135,267.1,0.2396,267.1,0.3
3999,2,4494.6,19665.43,0.403863,1.143924606009952e-06,0.549107,266.8,0.2399,267.0,0.3
4000,2,4495.29,19662.39,0.444183,1.1438993138729531e-06,0.659796,267.1,0.2396,267.0,0.3
4001,2,4623.21,20215.69,0.455499,1.1438740149556695e-06,0.631447,251.2,0.2548,265.9,0.3
4002,2,4623.87,20212.39,0.429192,1.1438487092586728e-06,0.521008,271.1,0.2361,266.3,0.3
4003,2,4624.55,20209.15,0.448538,1.1438233967825351e-06,0.724179,272.0,0.2353,266.5,0.3
4004,2,4625.23,20205.93,0.411435,1.1437980775278287e-06,0.733253,270.2,0.2368,266.6,0.3
4005,2,4625.91,20202.71,0.393552,1.1437727514951256e-06,0.910266,269.8,0.2372,266.7,0.3
4006,2,4626.6,20199.49,0.42764,1.1437474186849985e-06,0.942336,266.6,0.24,266.7,0.3
4007,2,4627.28,20196.28,0.393803,1.1437220790980198e-06,0.626907,267.7,0.2391,266.6,0.3
4008,2,4627.96,20193.06,0.428431,1.1436967327347625e-06,0.607029,270.9,0.2363,266.7,0.3
4009,2,4628.64,20189.85,0.419317,1.1436713795957994e-06,0.69419,269.1,0.2378,266.8,0.3
4010,2,4629.33,20186.64,0.466189,1.1436460196817032e-06,0.956907,268.5,0.2384,266.8,0.3
4011,2,4630.01,20183.43,0.402722,1.1436206529930478e-06,0.988782,269.3,0.2377,267.1,0.3
4012,2,4630.69,20180.21,0.423134,1.1435952795304064e-06,0.725902,270.4,0.2367,267.3,0.3
4013,2,4631.37,20176.99,0.422057,1.1435698992943521e-06,0.653489,270.1,0.2369,267.4,0.3
4014,2,4632.05,20173.78,0.412412,1.143544512285459e-06,0.681239,272.3,0.235,267.6,0.3
4015,2,4632.74,20170.58,0.384042,1.1435191185043008e-06,0.579794,270.3,0.2367,267.7,0.3
4016,2,4633.42,20167.37,0.38694,1.1434937179514515e-06,0.612016,269.3,0.2377,267.7,0.2
4017,2,4634.11,20164.2,0.387839,1.1434683106274851e-06,0.815835,270.7,0.2364,267.8,0.3
4018,2,4634.79,20161.01,0.479107,1.143442896532976e-06,0.663514,267.6,0.2392,267.8,0.2
4019,2,4635.48,20157.81,0.406673,1.1434174756684988e-06,0.632944,269.9,0.2371,268.0,0.2
4020,2,4636.16,20154.61,0.405372,1.1433920480346279e-06,0.760914,270.4,0.2367,268.1,0.2
4021,2,4636.85,20151.43,0.410847,1.143366613631938e-06,0.560064,271.4,0.2358,269.3,0.2
4022,2,4637.53,20148.22,0.425845,1.1433411724610044e-06,1.117388,272.8,0.2346,269.4,0.2
4023,2,4638.21,20145.04,0.432762,1.1433157245224016e-06,0.610709,269.9,0.2371,269.3,0.2
4024,2,4638.9,20141.87,0.399876,1.143290269816705e-06,0.501483,267.2,0.2396,269.2,0.2
4025,2,4639.58,20138.66,0.467792,1.1432648083444902e-06,0.755556,272.5,0.2349,269.3,0.2
4026,2,4640.27,20135.48,0.380496,1.1432393401063326e-06,0.62503,270.1,0.2369,269.5,0.2
4027,2,4640.95,20132.29,0.414481,1.1432138651028077e-06,0.937386,269.4,0.2375,269.5,0.2
4028,2,4641.63,20129.12,0.400938,1.1431883833344914e-06,0.708225,269.9,0.2371,269.5,0.2
4029,2,4642.32,20125.92,0.438208,1.1431628948019596e-06,0.625782,273.8,0.2337,269.7,0.2
4030,2,4643.01,20122.76,0.470508,1.1431373995057887e-06,0.853116,265.6,0.2409,269.6,0.2
4031,2,4643.69,20119.59,0.410869,1.1431118974465549e-06,0.862203,265.1,0.2414,269.4,0.2
4032,2,4644.37,20116.4,0.450456,1.1430863886248345e-06,0.935376,270.0,0.237,269.4,0.2
4033,2,4645.08,20113.33,0.422569,1.143060873041204e-06,0.708669,242.6,0.2638,267.8,0.2
4034,2,4645.74,20110.04,0.460462,1.1430353506962403e-06,0.658924,270.2,0.2369,267.8,0.2
4035,2,4646.42,20106.87,0.421149,1.1430098215905203e-06,0.624324,270.0,0.237,267.7,0.2
4036,2,4647.11,20103.7,0.417096,1.142984285724621e-06,0.879745,270.1,0.2369,267.7,0.2
4037,2,4647.79,20100.53,0.401703,1.1429587430991196e-06,0.617969,272.6,0.2348,267.8,0.2
4038,2,4648.48,20097.38,0.432342,1.1429331937145935e-06,1.087656,268.3,0.2385,267.8,0.2
4039,2,4649.17,20094.21,0.401354,1.1429076375716204e-06,0.563904,268.6,0.2383,267.8,0.2
4040,2,4649.85,20091.04,0.429155,1.1428820746707773e-06,0.598243,270.2,0.2369,267.8,0.2
4041,2,4650.55,20087.93,0.440357,1.1428565050126426e-06,0.671719,272.2,0.2351,267.8,0.2
4042,2,4651.23,20084.77,0.434775,1.142830928597794e-06,0.607043,268.4,0.2384,267.6,0.2
4043,2,4651.92,20081.62,0.444005,1.1428053454268098e-06,0.619738,269.3,0.2377,267.5,0.2
4044,2,4652.61,20078.49,0.379988,1.142779755500268e-06,0.490187,263.7,0.2427,267.3,0.2
4045,2,4653.29,20075.31,0.464919,1.1427541588187474e-06,0.527824,269.3,0.2377,267.1,0.2
4046,2,4653.98,20072.17,0.437921,1.1427285553828263e-06,0.551839,267.2,0.2395,267.0,0.3
4047,2,4654.67,20069.01,0.425525,1.1427029451930834e-06,0.662661,271.4,0.2358,267.1,0.3
4048,2,4655.35,20065.87,0.431052,1.1426773282500975e-06,0.711099,268.9,0.238,267.0,0.2
4049,2,4656.04,20062.71,0.450579,1.142651704554448e-06,0.934097,270.2,0.2369,266.9,0.3
4050,2,4656.72,20059.56,0.420483,1.142626074106714e-06,0.891229,270.3,0.2367,267.1,0.3
4051,2,4657.43,20056.48,0.421744,1.1426004369074746e-06,0.680183,253.4,0.2526,266.4,0.3
4052,2,4658.1,20053.27,0.441077,1.1425747929573093e-06,0.775456,271.4,0.2359,266.5,0.3
4053,2,4658.79,20050.14,0.414021,1.1425491422567978e-06,0.539924,267.9,0.2389,267.9,0.3
4054,2,4659.47,20047.0,0.417142,1.14252348480652e-06,0.917077,268.9,0.238,267.8,0.3
4055,2,4660.16,20043.87,0.450575,1.1424978206070556e-06,0.726779,266.7,0.2399,267.7,0.3
4056,2,4660.85,20040.72,0.437283,1.142472149658985e-06,0.600061,271.7,0.2356,267.8,0.3
4057,2,4661.54,20037.61,0.41466,1.1424464719628884e-06,0.91547,266.0,0.2406,267.5,0.3
4058,2,4662.22,20034.46,0.41987,1.142420787519346e-06,0.745436,271.9,0.2353,267.7,0.2
4059,2,4662.91,20031.33,0.440179,1.1423950963289383e-06,0.528588,268.5,0.2384,267.7,0.2
4060,2,4663.6,20028.2,0.404194,1.1423693983922464e-06,0.783829,268.7,0.2381,267.6,0.2
4061,2,4664.3,20025.12,0.434598,1.142343693709851e-06,0.794321,271.0,0.2362,267.5,0.3
4062,2,4664.98,20021.98,0.464777,1.1423179822823329e-06,0.842694,269.1,0.2378,267.6,0.2
4063,2,4665.67,20018.85,0.476274,1.1422922641102735e-06,0.646683,271.1,0.2361,267.7,0.2
4064,2,4666.36,20015.73,0.425318,1.1422665391942542e-06,0.585299,268.1,0.2387,267.9,0.2
4065,2,4667.04,20012.6,0.442816,1.1422408075348562e-06,0.621032,269.7,0.2373,268.0,0.2
4066,2,4667.73,20009.49,0.395235,1.1422150691326612e-06,0.465958,268.8,0.2381,268.0,0.2
4067,2,4668.42,20006.37,0.44672,1.1421893239882509e-06,0.704469,269.0,0.2379,267.9,0.2
4068,2,4669.11,20003.26,0.404344,1.1421635721022075e-06,0.817699,265.1,0.2414,267.7,0.2
4069,2,4669.8,20000.14,0.454049,1.142137813475113e-06,0.766875,268.6,0.2383,267.6,0.2
4070,2,4670.49,19997.04,0.425692,1.1421120481075492e-06,0.960141,263.8,0.2426,267.3,0.2
4071,2,4671.17,19993.91,0.4045,1.142086276000099e-06,0.831588,267.1,0.2396,268.0,0.2
4072,2,4671.86,19990.78,0.41169,1.1420604971533447e-06,0.577109,269.1,0.2378,267.9,0.2
4073,2,4672.54,19987.66,0.437026,1.1420347115678692e-06,0.640604,268.9,0.238,267.9,0.3
4074,2,4673.23,19984.54,0.486074,1.1420089192442552e-06,0.645322,268.0,0.2388,267.8,0.3
4075,2,4673.92,19981.42,0.398197,1.1419831201830855e-06,0.621911,271.0,0.2362,268.1,0.3
4076,2,4674.6,19978.31,0.402363,1.1419573143849436e-06,0.976335,268.3,0.2385,267.9,0.2
4077,2,4675.29,19975.21,0.430614,1.1419315018504127e-06,0.670349,267.8,0.239,268.0,0.3
4078,2,4675.98,19972.11,0.45293,1.141905682580076e-06,0.744775,266.7,0.24,267.7,0.3
4079,2,4676.67,19969.02,0.388733,1.1418798565745173e-06,0.749147,265.1,0.2414,267.6,0.2
4080,2,4677.36,19965.9,0.439662,1.1418540238343203e-06,1.053836,268.1,0.2387,267.5,0.2
4081,2,4678.05,19962.82,0.44873,1.141828184360069e-06,0.722361,271.2,0.236,267.6,0.2
4082,2,4678.74,19959.72,0.393352,1.1418023381523474e-06,0.587647,268.1,0.2387,267.5,0.2
4083,2,4679.43,19956.63,0.399467,1.1417764852117396e-06,0.581827,265.9,0.2407,267.2,0.3
4084,2,4680.12,19953.53,0.444267,1.1417506255388302e-06,0.623797,267.9,0.2389,267.2,0.3
4085,2,4680.8,19950.42,0.467214,1.1417247591342036e-06,0.9229,270.5,0.2366,267.2,0.3
4086,2,4681.49,19947.32,0.410673,1.1416988859984444e-06,0.737742,268.4,0.2385,267.2,0.3
4087,2,4682.18,19944.23,0.446167,1.1416730061321377e-06,0.877553,268.6,0.2383,267.2,0.3
4088,2,4682.87,19941.14,0.378369,1.1416471195358681e-06,0.640527,265.9,0.2407,267.2,0.3
4089,2,4683.56,19938.06,0.463418,1.1416212262102208e-06,0.993064,266.2,0.2404,267.1,0.3
4090,2,4684.24,19934.95,0.398261,1.1415953261557812e-06,0.594339,270.8,0.2363,267.4,0.3
4091,2,4684.93,19931.87,0.407138,1.1415694193731349e-06,0.573144,267.0,0.2397,267.4,0.3
4092,2,4685.62,19928.79,0.417786,1.1415435058628671e-06,0.675988,266.6,0.2401,267.3,0.3
4093,2,4686.31,19925.68,0.480698,1.1415175856255636e-06,0.718771,271.3,0.2359,267.5,0.3
4094,2,4687.0,19922.61,0.440103,1.1414916586618106e-06,0.672248,267.6,0.2391,267.5,0.2
4095,2,4687.69,19919.53,0.447557,1.1414657249721937e-06,0.964281,267.9,0.2389,267.3,0.3
4096,2,4688.38,19916.46,0.43971,1.1414397845572995e-06,0.69512,264.1,0.2423,267.1,0.3
4097,2,4689.07,19913.37,0.463959,1.1414138374177142e-06,0.713635,268.0,0.2388,267.1,0.3
4098,2,4689.75,19910.27,0.455177,1.1413878835540241e-06,0.629126,269.6,0.2374,267.2,0.3
4099,2,4690.44,19907.19,0.487914,1.141361922966816e-06,0.807574,269.0,0.2379,267.4,0.3
4100,2,4691.13,19904.12,0.433151,1.1413359556566768e-06,0.769413,268.5,0.2383,267.5,0.3
4101,2,4691.82,19901.07,0.412053,1.1413099816241933e-06,0.597433,267.6,0.2392,267.3,0.2
4102,2,4692.51,19897.99,0.428889,1.1412840008699524e-06,0.529473,268.1,0.2387,267.3,0.2
4103,2,4693.2,19894.91,0.429394,1.1412580133945416e-06,0.734911,269.2,0.2377,267.5,0.2
4104,2,4693.89,19891.83,0.401666,1.1412320191985487e-06,0.520759,270.2,0.2369,267.6,0.2
4105,2,4694.57,19888.76,0.410939,1.1412060182825607e-06,0.48161,271.3,0.2359,267.7,0.2
4106,2,4695.26,19885.69,0.471777,1.1411800106471652e-06,0.626637,268.5,0.2384,267.7,0.2
4107,2,4695.96,19882.64,0.401768,1.1411539962929505e-06,0.622394,266.6,0.24,267.6,0.2
4108,2,4696.65,19879.57,0.417845,1.1411279752205046e-06,0.668718,267.0,0.2397,267.7,0.2
4109,2,4697.34,19876.52,0.41862,1.1411019474304155e-06,0.479381,265.2,0.2413,267.6,0.2
4110,2,4698.03,19873.46,0.401944,1.1410759129232715e-06,0.677325,267.7,0.239,267.4,0.2
4111,2,4698.72,19870.4,0.420593,1.141049871699661e-06,0.956783,266.2,0.2405,267.4,0.2
4112,2,4699.41,19867.34,0.390749,1.1410238237601726e-06,0.565383,267.2,0.2395,267.4,0.2
4113,2,4700.1,19864.3,0.428021,1.1409977691053953e-06,0.553599,262.8,0.2436,266.9,0.2
4114,2,4700.78,19861.22,0.414335,1.1409717077359178e-06,0.773402,270.0,0.237,267.0,0.3
4115,2,4701.48,19858.18,0.418851,1.1409456396523293e-06,0.537298,262.4,0.2439,266.7,0.3
4116,2,4702.17,19855.11,0.44163,1.140919564855219e-06,0.59498,267.0,0.2397,266.9,0.3
4117,2,4702.86,19852.07,0.416373,1.1408934833451766e-06,0.518309,266.0,0.2406,266.8,0.3
4118,2,4703.55,19849.02,0.424463,1.140867395122791e-06,0.541637,266.2,0.2404,266.6,0.3
4119,2,4704.24,19845.99,0.414461,1.1408413001886523e-06,1.064546,260.1,0.2461,266.2,0.3
4120,2,4704.93,19842.91,0.451477,1.14081519854335e-06,0.886593,269.8,0.2372,266.2,0.3
4121,2,4705.62,19839.89,0.417637,1.1407890901874746e-06,0.627851,269.2,0.2378,266.3,0.3
4122,2,4706.31,19836.82,0.422635,1.140762975121616e-06,0.62867,268.0,0.2388,266.3,0.3
4123,2,4706.99,19833.77,0.379938,1.1407368533463642e-06,0.614743,268.7,0.2381,266.3,0.3
4124,2,4707.68,19830.71,0.436885,1.14071072486231e-06,0.691569,268.6,0.2383,266.2,0.3
4125,2,4708.37,19827.65,0.386511,1.1406845896700438e-06,0.766151,269.0,0.2379,266.0,0.3
4126,2,4709.06,19824.6,0.428085,1.1406584477701563e-06,0.635684,269.9,0.2372,266.1,0.3
4127,2,4709.74,19821.55,0.410029,1.1406322991632386e-06,0.746265,268.0,0.2388,266.2,0.3
4128,2,4710.43,19818.5,0.45283,1.1406061438498816e-06,0.877605,268.8,0.2381,266.3,0.3
4129,2,4711.12,19815.47,0.391524,1.1405799818306766e-06,0.909293,266.9,0.2398,266.3,0.3
4130,2,4711.81,19812.43,0.477648,1.140553813106215e-06,0.813431,266.8,0.2399,266.3,0.3
4131,2,4712.5,19809.38,0.345825,1.1405276376770882e-06,0.581861,269.8,0.2372,266.5,0.3
4132,2,4713.19,19806.34,0.406965,1.1405014555438877e-06,0.622906,269.1,0.2378,266.6,0.3
4133,2,4713.88,19803.3,0.471057,1.1404752667072056e-06,0.72359,268.0,0.2388,266.9,0.3
4134,2,4714.57,19800.26,0.417451,1.1404490711676337e-06,0.776061,268.2,0.2386,266.8,0.3
4135,2,4715.25,19797.22,0.429488,1.1404228689257643e-06,0.79431,270.4,0.2367,267.2,0.2
4136,2,4715.94,19794.18,0.41737,1.1403966599821893e-06,0.606085,266.6,0.2401,267.3,0.2
4137,2,4716.62,19791.13,0.43045,1.1403704443375014e-06,0.673276,271.0,0.2362,267.5,0.2
4138,2,4717.31,19788.1,0.394408,1.1403442219922929e-06,0.481462,268.4,0.2384,267.6,0.2
4139,2,4718.0,19785.07,0.41722,1.1403179929471569e-06,0.556841,266.1,0.2405,267.9,0.3
4140,2,4718.69,19782.01,0.366788,1.1402917572026858e-06,0.648026,271.1,0.2361,267.9,0.3
4141,2,4719.38,19779.01,0.407478,1.140265514759473e-06,0.683976,269.4,0.2376,267.9,0.3
4142,2,4720.07,19775.97,0.384158,1.1402392656181114e-06,0.541108,270.5,0.2366,268.0,0.3
4143,2,4720.76,19772.94,0.425945,1.1402130097791945e-06,0.858405,268.7,0.2382,268.0,0.3
4144,2,4721.44,19769.89,0.422194,1.1401867472433157e-06,0.678756,268.9,0.238,268.0,0.3
4145,2,4722.13,19766.86,0.404026,1.1401604780110687e-06,0.448052,268.9,0.238,268.1,0.3
4146,2,4722.81,19763.82,0.447324,1.1401342020830474e-06,0.913918,271.1,0.2361,268.1,0.3
4147,2,4723.5,19760.79,0.469206,1.1401079194598454e-06,0.935149,269.0,0.2379,268.1,0.3
4148,2,4724.19,19757.76,0.412553,1.1400816301420567e-06,0.600216,268.4,0.2384,268.1,0.3
4149,2,4724.87,19754.73,0.415166,1.140055334130276e-06,0.661217,268.9,0.238,268.2,0.3
4150,2,4725.56,19751.7,0.453292,1.1400290314250975e-06,0.59712,268.2,0.2386,268.3,0.3
4151,2,4726.25,19748.68,0.394354,1.1400027220271157e-06,0.640716,267.9,0.2389,268.1,0.3
4152,2,4726.93,19745.65,0.444723,1.1399764059369251e-06,0.993803,265.3,0.2413,267.9,0.3
4153,2,4727.62,19742.61,0.429356,1.1399500831551205e-06,0.571115,270.5,0.2366,268.0,0.3
4154,2,4728.3,19739.59,0.4427,1.139923753682297e-06,0.567789,268.1,0.2387,268.0,0.3
4155,2,4728.99,19736.57,0.470795,1.13989741751905e-06,0.733155,268.2,0.2386,267.9,0.3
4156,2,4729.68,19733.54,0.409444,1.1398710746659746e-06,0.664547,271.2,0.236,268.1,0.3
4157,2,4730.36,19730.52,0.458823,1.139844725123666e-06,0.51937,268.8,0.2381,268.0,0.3
4158,2,4731.05,19727.5,0.470453,1.13981836889272e-06,0.865068,268.8,0.2381,268.1,0.3
4159,2,4731.74,19724.48,0.395728,1.1397920059737323e-06,0.672211,267.4,0.2394,268.2,0.3
4160,2,4732.42,19721.45,0.440578,1.1397656363672988e-06,0.759346,269.2,0.2377,268.1,0.3
4161,2,4733.11,19718.47,0.439272,1.1397392600740158e-06,0.776335,270.8,0.2363,268.2,0.3
4162,2,4733.8,19715.45,0.39795,1.1397128770944792e-06,0.847273,266.2,0.2404,268.0,0.3
4163,2,4734.49,19712.43,0.388632,1.1396864874292853e-06,0.727353,270.1,0.237,268.0,0.3
4164,2,4735.17,19709.41,0.469271,1.1396600910790308e-06,0.672405,272.0,0.2353,268.2,0.3
4165,2,4735.86,19706.4,0.409296,1.1396336880443122e-06,0.600617,269.3,0.2377,268.2,0.3
4166,2,4736.55,19703.4,0.465515,1.1396072783257263e-06,0.692275,266.4,0.2402,268.0,0.3
4167,2,4737.23,19700.38,0.444272,1.1395808619238703e-06,0.802164,269.4,0.2376,268.0,0.3
4168,2,4737.92,19697.39,0.421216,1.1395544388393408e-06,0.570838,263.8,0.2426,267.8,0.3
4169,2,4738.6,19694.36,0.432324,1.1395280090727355e-06,0.772108,269.8,0.2372,267.9,0.3
4170,2,4739.29,19691.35,0.410338,1.1395015726246517e-06,0.892053,268.4,0.2384,267.9,0.3
4171,2,4739.97,19688.33,0.431348,1.1394751294956868e-06,0.54001,268.3,0.2386,268.0,0.2
4172,2,4740.66,19685.32,0.360475,1.1394486796864386e-06,0.638326,268.7,0.2382,268.1,0.2
4173,2,4741.34,19682.31,0.41229,1.139422223197505e-06,0.706931,268.1,0.2387,268.0,0.2
4174,2,4742.03,19679.31,0.460067,1.139395760029484e-06,1.216213,269.2,0.2378,268.1,0.2
4175,2,4742.71,19676.3,0.484793,1.1393692901829738e-06,0.924172,267.6,0.2392,268.0,0.2
4176,2,4743.4,19673.3,0.383254,1.1393428136585724e-06,0.779368,267.3,0.2395,267.8,0.2
4177,2,4744.09,19670.3,0.432771,1.1393163304568785e-06,0.976714,269.5,0.2375,267.8,0.2
4178,2,4744.77,19667.28,0.417609,1.1392898405784907e-06,0.631793,271.1,0.2361,268.0,0.2
4179,2,4745.45,19664.28,0.427695,1.1392633440240077e-06,0.664548,269.6,0.2374,268.1,0.2
4180,2,4746.14,19661.27,0.448532,1.1392368407940289e-06,0.992705,272.3,0.235,268.2,0.3
4181,2,4746.83,19658.29,0.487929,1.1392103308891525e-06,0.864137,272.0,0.2353,268.2,0.3
4182,2,4747.51,19655.29,0.451687,1.1391838143099785e-06,0.749691,268.2,0.2386,268.3,0.3
4183,2,4748.2,19652.28,0.451154,1.1391572910571057e-06,0.608125,270.3,0.2368,268.4,0.2
4184,2,4748.88,19649.28,0.468324,1.139130761131134e-06,0.985619,270.0,0.237,268.3,0.2
4185,2,4749.56,19646.28,0.379011,1.1391042245326627e-06,0.615689,269.5,0.2375,268.3,0.2
4186,2,4750.25,19643.3,0.415455,1.1390776812622919e-06,0.992925,266.9,0.2398,268.3,0.3
4187,2,4750.93,19640.29,0.453183,1.1390511313206216e-06,0.661763,271.8,0.2355,268.4,0.3
4188,2,4751.61,19637.28,0.482515,1.1390245747082517e-06,0.844191,273.1,0.2343,268.9,0.2
4189,2,4752.3,19634.31,0.412259,1.1389980114257824e-06,0.785019,268.0,0.2388,268.8,0.3
4190,2,4752.99,19631.32,0.424565,1.1389714414738144e-06,0.735556,267.9,0.2389,268.7,0.3
4191,2,4753.67,19628.33,0.481705,1.1389448648529483e-06,0.696323,270.5,0.2366,268.8,0.3
4192,2,4754.36,19625.35,0.473671,1.1389182815637846e-06,0.849601,269.0,0.2379,268.9,0.3
4193,2,4755.05,19622.37,0.432373,1.1388916916069244e-06,0.544798,267.9,0.2389,268.9,0.3
4194,2,4755.73,19619.39,0.410383,1.1388650949829682e-06,0.586776,265.4,0.2411,268.6,0.3
4195,2,4756.42,19616.39,0.418268,1.1388384916925176e-06,0.664496,269.9,0.2371,268.8,0.3
4196,2,4757.1,19613.41,0.430375,1.138811881736174e-06,0.459317,267.8,0.239,268.8,0.3
4197,2,4757.79,19610.43,0.430462,1.1387852651145386e-06,0.56102,268.0,0.2388,268.7,0.3
4198,2,4758.47,19607.45,0.427688,1.1387586418282134e-06,0.702661,267.1,0.2396,268.5,0.3
4199,2,4759.16,19604.47,0.398083,1.1387320118778e-06,0.624916,270.3,0.2368,268.5,0.3
4200,2,4759.84,19601.49,0.382046,1.1387053752639e-06,0.786634,268.8,0.2381,268.3,0.3
4201,2,4768.48,19631.24,0.435303,1.138678731987116e-06,0.738542,275.4,0.2324,268.5,0.3
4202,2,4769.16,19628.23,0.418648,1.1386520820480499e-06,0.768786,272.5,0.2349,268.7,0.3
4203,2,4769.84,19625.24,0.446438,1.1386254254473043e-06,0.903394,272.5,0.2349,268.8,0.3
4204,2,4770.53,19622.25,0.454549,1.1385987621854815e-06,0.818926,272.9,0.2346,268.9,0.3
4205,2,4771.21,19619.26,0.403573,1.1385720922631841e-06,0.483873,269.6,0.2374,268.9,0.3
4206,2,4771.89,19616.27,0.424484,1.1385454156810152e-06,0.738952,270.8,0.2364,269.2,0.3
4207,2,4772.57,19613.27,0.376401,1.1385187324395779e-06,0.481259,269.8,0.2372,269.1,0.3
4208,2,4773.26,19610.29,0.442655,1.1384920425394748e-06,0.695285,269.9,0.2371,268.9,0.3
4209,2,4773.94,19607.29,0.432616,1.1384653459813094e-06,0.739663,269.8,0.2373,269.0,0.3
4210,2,4774.62,19604.31,0.386784,1.1384386427656854e-06,0.868535,267.1,0.2396,269.0,0.3
4211,2,4775.31,19601.33,0.435972,1.1384119328932063e-06,0.676571,268.1,0.2387,268.9,0.3
4212,2,4775.99,19598.36,0.387841,1.1383852163644759e-06,0.608594,268.7,0.2382,268.8,0.3
4213,2,4776.68,19595.37,0.434211,1.1383584931800977e-06,0.597001,269.9,0.2371,268.9,0.3
4214,2,4777.36,19592.39,0.402876,1.1383317633406761e-06,0.596309,269.9,0.2371,269.1,0.3
4215,2,4778.05,19589.42,0.468442,1.138305026846815e-06,0.761164,267.7,0.239,269.0,0.3
4216,2,4778.73,19586.46,0.40818,1.1382782836991188e-06,0.489431,267.8,0.239,269.0,0.3
4217,2,4779.42,19583.5,0.472612,1.138251533898192e-06,0.793439,268.3,0.2385,269.0,0.3
4218,2,4780.11,19580.55,0.411427,1.1382247774446395e-06,0.677801,265.5,0.241,268.9,0.3
4219,2,4780.8,19577.58,0.438203,1.1381980143390658e-06,0.708929,270.1,0.2369,268.9,0.3
4220,2,4781.48,19574.62,0.44471,1.1381712445820758e-06,0.629242,267.3,0.2394,268.8,0.3
4221,2,4782.17,19571.66,0.437064,1.138144468174275e-06,0.714153,272.1,0.2352,268.7,0.3
4222,2,4782.86,19568.7,0.431065,1.1381176851162682e-06,0.660427,268.8,0.2381,268.5,0.3
4223,2,4783.54,19565.74,0.433053,1.138090895408661e-06,0.700117,269.6,0.2373,268.3,0.3
4224,2,4784.25,19562.86,0.432873,1.138064099052059e-06,0.620837,247.7,0.2584,267.0,0.3
4225,2,4784.91,19559.82,0.396413,1.1380372960470676e-06,0.547484,269.6,0.2374,267.0,0.3
4226,2,4785.6,19556.86,0.439022,1.138010486394293e-06,0.717941,269.1,0.2378,266.9,0.3
4227,2,4786.28,19553.9,0.435808,1.137983670094341e-06,0.80104,268.4,0.2385,266.8,0.3
4228,2,4786.97,19550.96,0.408884,1.1379568471478176e-06,0.567306,266.2,0.2404,266.6,0.3
4229,2,4787.66,19548.01,0.438216,1.1379300175553293e-06,0.801558,267.1,0.2396,266.5,0.3
4230,2,4788.35,19545.06,0.441195,1.1379031813174823e-06,0.586986,269.4,0.2376,266.6,0.3
4231,2,4789.03,19542.11,0.426106,1.1378763384348833e-06,0.772315,267.3,0.2395,266.5,0.3
4232,2,4789.72,19539.16,0.410098,1.137849488908139e-06,0.734294,267.3,0.2394,266.5,0.3
4233,2,4790.41,19536.22,0.405175,1.1378226327378566e-06,1.07362,267.7,0.2391,266.4,0.3
4234,2,4791.1,19533.28,0.46039,1.137795769924643e-06,0.940802,267.5,0.2392,266.3,0.3
4235,2,4791.78,19530.33,0.4183,1.137768900469105e-06,0.625318,268.1,0.2387,266.4,0.3
4236,2,4792.47,19527.39,0.426051,1.1377420243718505e-06,0.602979,267.3,0.2394,266.4,0.3
4237,2,4793.16,19524.44,0.434585,1.137715141633487e-06,0.775897,270.4,0.2367,266.5,0.3
4238,2,4793.85,19521.52,0.455575,1.1376882522546216e-06,0.716203,266.4,0.2402,266.6,0.3
4239,2,4794.53,19518.57,0.414781,1.1376613562358624e-06,0.612935,268.6,0.2383,266.5,0.3
4240,2,4795.22,19515.63,0.422658,1.1376344535778174e-06,0.923696,269.1,0.2378,266.6,0.3
4241,2,4795.92,19512.75,0.383638,1.1376075442810944e-06,0.640174,272.1,0.2352,266.5,0.3
4242,2,4796.6,19509.8,0.415379,1.137580628346302e-06,0.580576,270.3,0.2368,266.6,0.3
4243,2,4797.29,19506.88,0.436578,1.1375537057740484e-06,0.598627,267.8,0.239,266.5,0.3
4244,2,4797.98,19503.94,0.399942,1.137526776564942e-06,0.64749,269.1,0.2379,267.7,0.3
4245,2,4798.67,19501.01,0.407035,1.1374998407195917e-06,0.596264,266.9,0.2398,267.6,0.3
4246,2,4799.35,19498.08,0.423048,1.1374728982386065e-06,0.608803,268.8,0.2381,267.5,0.3
4247,2,4800.04,19495.15,0.436507,1.1374459491225951e-06,0.645092,268.9,0.238,267.6,0.3
4248,2,4800.73,19492.22,0.434262,1.1374189933721669e-06,0.768961,268.5,0.2384,267.7,0.3
4249,2,4801.42,19489.3,0.406026,1.1373920309879307e-06,0.61776,268.7,0.2381,267.8,0.3
4250,2,4802.1,19486.37,0.430592,1.1373650619704966e-06,0.559554,270.2,0.2368,267.8,0.3
4251,2,4802.8,19483.46,0.431093,1.1373380863204736e-06,0.58023,266.9,0.2398,267.8,0.3
4252,2,4803.49,19480.55,0.446773,1.137311104038472e-06,0.623383,267.7,0.239,267.8,0.3
4253,2,4804.18,19477.64,0.41993,1.137284115125101e-06,0.629141,266.9,0.2398,267.8,0.3
4254,2,4804.86,19474.72,0.433533,1.1372571195809713e-06,0.646866,267.9,0.2389,267.8,0.3
4255,2,4805.55,19471.8,0.419838,1.1372301174066929e-06,0.61235,271.7,0.2355,267.9,0.3
4256,2,4806.24,19468.9,0.448383,1.1372031086028758e-06,0.890138,267.3,0.2395,267.9,0.3
4257,2,4806.93,19465.98,0.412195,1.137176093170131e-06,0.685031,269.1,0.2378,267.9,0.3
4258,2,4807.62,19463.08,0.446284,1.137149071109069e-06,0.629589,266.6,0.24,267.9,0.3
4259,2,4808.31,19460.17,0.424266,1.1371220424203003e-06,0.604267,267.6,0.2392,267.8,0.3
4260,2,4809.0,19457.26,0.443773,1.137095007104436e-06,0.931625,267.4,0.2394,267.7,0.3
4261,2,4809.7,19454.41,0.450017,1.1370679651620874e-06,0.659817,269.9,0.2371,267.7,0.3
4262,2,4810.39,19451.5,0.446106,1.1370409165938655e-06,0.751196,267.7,0.2391,267.5,0.3
4263,2,4811.08,19448.59,0.36717,1.1370138614003817e-06,0.670034,268.5,0.2384,267.6,0.3
4264,2,4811.77,19445.68,0.424627,1.1369867995822476e-06,0.673306,266.8,0.2399,267.5,0.3
4265,2,4812.46,19442.78,0.367493,1.136959731140075e-06,0.634018,267.3,0.2394,267.5,0.3
4266,2,4813.15,19439.88,0.426302,1.1369326560744753e-06,0.648819,270.3,0.2367,267.5,0.3
4267,2,4813.84,19436.99,0.464505,1.136905574386061e-06,0.720424,264.5,0.2419,267.3,0.3
4268,2,4814.53,19434.08,0.46142,1.1368784860754441e-06,0.766978,267.6,0.2391,267.2,0.3
4269,2,4815.23,19431.23,0.405584,1.1368513911432367e-06,0.574425,252.7,0.2533,266.4,0.3
4270,2,4815.9,19428.27,0.421715,1.1368242895900514e-06,0.702318,268.0,0.2388,266.3,0.3
4271,2,4816.59,19425.36,0.418141,1.1367971814165008e-06,0.630563,271.2,0.236,266.5,0.3
4272,2,4817.27,19422.45,0.412305,1.1367700666231976e-06,0.653262,268.3,0.2385,266.6,0.3
4273,2,4817.96,19419.54,0.462855,1.1367429452107546e-06,0.700048,269.6,0.2374,266.7,0.3
4274,2,4818.65,19416.66,0.445145,1.136715817179785e-06,0.585613,263.0,0.2433,266.4,0.3
4275,2,4819.33,19413.73,0.430342,1.136688682530902e-06,0.742568,267.5,0.2392,266.2,0.3
4276,2,4820.02,19410.84,0.44358,1.1366615412647188e-06,0.743556,267.0,0.2397,266.1,0.3
4277,2,4820.71,19407.93,0.437701,1.1366343933818488e-06,0.524744,269.3,0.2376,266.1,0.3
4278,2,4821.39,19405.04,0.376806,1.1366072388829057e-06,0.70178,268.5,0.2383,266.2,0.3
4279,2,4822.08,19402.14,0.400024,1.1365800777685034e-06,0.720879,268.6,0.2382,266.2,0.3
4280,2,4822.78,19399.28,0.411574,1.1365529100392557e-06,0.598553,261.4,0.2448,266.0,0.3
4281,2,4823.46,19396.37,0.480382,1.136525735695777e-06,0.608881,273.9,0.2337,266.2,0.3
4282,2,4824.15,19393.5,0.429067,1.136498554738681e-06,0.820103,268.4,0.2385,266.1,0.4
4283,2,4824.84,19390.6,0.396878,1.1364713671685825e-06,0.848794,270.0,0.2371,266.2,0.4
4284,2,4825.53,19387.71,0.399634,1.1364441729860958e-06,0.655169,267.4,0.2393,266.2,0.4
4285,2,4826.22,19384.83,0.36732,1.1364169721918358e-06,0.900065,266.9,0.2398,266.2,0.4
4286,2,4826.9,19381.93,0.427883,1.1363897647864171e-06,0.720712,267.8,0.239,266.1,0.4
4287,2,4827.59,19379.06,0.412827,1.1363625507704545e-06,0.65704,266.6,0.24,266.2,0.4
4288,2,4828.28,19376.17,0.415278,1.1363353301445638e-06,0.841105,266.8,0.2398,266.2,0.4
4289,2,4828.97,19373.29,0.373483,1.1363081029093597e-06,0.553529,265.8,0.2407,266.8,0.4
4290,2,4829.65,19370.39,0.455559,1.1362808690654578e-06,0.926858,270.5,0.2366,267.0,0.4
4291,2,4830.34,19367.52,0.443152,1.1362536286134737e-06,0.683773,268.1,0.2387,266.9,0.3
4292,2,4831.03,19364.64,0.389821,1.1362263815540232e-06,0.682902,267.6,0.2392,266.8,0.3
4293,2,4831.72,19361.76,0.410092,1.136199127887722e-06,0.683526,268.0,0.2388,266.7,0.3
4294,2,4832.41,19358.88,0.398875,1.1361718676151864e-06,0.703127,267.3,0.2394,267.0,0.3
4295,2,4833.1,19356.01,0.417588,1.1361446007370324e-06,0.707253,265.6,0.241,266.9,0.3
4296,2,4833.78,19353.13,0.395162,1.1361173272538764e-06,0.859231,267.5,0.2393,267.0,0.3
4297,2,4834.47,19350.25,0.41747,1.1360900471663346e-06,0.590548,267.9,0.2389,267.0,0.3
4298,2,4835.16,19347.38,0.379062,1.136062760475024e-06,0.518276,267.3,0.2394,266.9,0.3
4299,2,4835.84,19344.5,0.413546,1.136035467180561e-06,0.78727,267.8,0.2389,266.9,0.3
4300,2,4836.53,19341.62,0.390846,1.1360081672835628e-06,0.78144,268.7,0.2381,267.3,0.3
4301,2,4837.23,19338.81,0.423163,1.1359808607846463e-06,0.533648,268.7,0.2381,267.0,0.3
4302,2,4837.92,19335.94,0.42475,1.1359535476844288e-06,0.727238,266.5,0.2401,267.0,0.2
4303,2,4838.61,19333.07,0.43067,1.1359262279835278e-06,0.852643,268.5,0.2384,266.9,0.2
4304,2,4839.3,19330.2,0.430975,1.1358989016825605e-06,0.752093,266.6,0.2401,266.9,0.2
4305,2,4839.98,19327.32,0.421352,1.135871568782145e-06,0.618352,268.8,0.2381,267.0,0.2
4306,2,4840.67,19324.45,0.440622,1.1358442292828987e-06,0.827876,268.9,0.238,267.1,0.2
4307,2,4841.35,19321.57,0.438398,1.1358168831854398e-06,0.717155,270.8,0.2363,267.3,0.2
4308,2,4842.04,19318.7,0.3828,1.1357895304903863e-06,0.892586,270.2,0.2368,267.4,0.2
4309,2,4842.73,19315.84,0.40885,1.1357621711983564e-06,0.608041,267.9,0.2389,267.5,0.3
4310,2,4843.41,19312.97,0.433106,1.1357348053099687e-06,0.815676,269.9,0.2371,267.5,0.2
4311,2,4844.1,19310.1,0.378305,1.1357074328258417e-06,1.023067,269.3,0.2376,267.5,0.3
4312,2,4844.79,19307.25,0.454,1.135680053746594e-06,0.766132,265.2,0.2414,267.4,0.3
4313,2,4845.48,19304.39,0.397297,1.1356526680728446e-06,0.927836,269.9,0.2371,267.4,0.3
4314,2,4846.17,19301.54,0.464304,1.1356252758052125e-06,0.668936,268.0,0.2388,267.5,0.3
4315,2,4846.85,19298.68,0.42651,1.135597876944317e-06,1.053279,266.6,0.24,267.5,0.3
4316,2,4847.54,19295.81,0.45746,1.135570471490777e-06,0.719856,269.2,0.2378,267.6,0.3
4317,2,4848.23,19292.95,0.460566,1.1355430594452122e-06,0.535249,268.2,0.2386,267.6,0.3
4318,2,4848.91,19290.09,0.416477,1.1355156408082422e-06,0.598735,267.6,0.2392,267.6,0.3
4319,2,4849.6,19287.23,0.396286,1.1354882155804866e-06,0.639262,269.0,0.2379,267.7,0.3
4320,2,4850.28,19284.37,0.431573,1.1354607837625657e-06,0.825376,271.5,0.2357,267.8,0.3
4321,2,4850.98,19281.55,0.44736,1.1354333453550992e-06,0.629363,270.0,0.237,267.9,0.3
4322,2,4851.67,19278.69,0.457966,1.1354059003587074e-06,0.771458,268.3,0.2385,268.0,0.3
4323,2,4852.35,19275.83,0.474358,1.1353784487740106e-06,0.682334,268.7,0.2382,268.0,0.3
4324,2,4853.04,19272.98,0.442979,1.1353509906016293e-06,0.767814,268.9,0.238,268.1,0.3
4325,2,4853.72,19270.11,0.437154,1.1353235258421844e-06,0.70067,270.3,0.2368,268.2,0.3
4326,2,4854.41,19267.27,0.452263,1.1352960544962963e-06,0.707388,267.0,0.2397,268.1,0.3
4327,2,4855.1,19264.43,0.447084,1.1352685765645863e-06,0.577757,265.8,0.2408,267.9,0.3
4328,2,4855.78,19261.58,0.406528,1.1352410920476752e-06,0.651777,268.0,0.2388,267.8,0.2
4329,2,4856.47,19258.74,0.382957,1.1352136009461844e-06,0.550192,265.0,0.2415,267.7,0.2
4330,2,4857.16,19255.88,0.380369,1.1351861032607352e-06,0.670971,269.0,0.2379,267.6,0.2
4331,2,4857.85,19253.06,0.44035,1.1351585989919494e-06,0.651307,262.7,0.2436,267.3,0.2
4332,2,4858.53,19250.19,0.419642,1.1351310881404483e-06,0.661936,270.6,0.2365,267.5,0.2
4333,2,4859.23,19247.41,0.397015,1.135103570706854e-06,0.667197,253.1,0.2528,266.6,0.3
4334,2,4859.9,19244.5,0.428671,1.1350760466917884e-06,0.756759,269.0,0.2379,266.7,0.3
4335,2,4860.6,19241.69,0.459298,1.1350485160958735e-06,0.921693,261.1,0.2451,266.4,0.3
4336,2,4861.27,19238.8,0.435317,1.1350209789197319e-06,0.656008,270.0,0.237,266.5,0.3
4337,2,4861.97,19235.99,0.40747,1.1349934351639857e-06,0.703609,269.2,0.2378,266.5,0.3
4338,2,4862.65,19233.14,0.415211,1.134965884829258e-06,0.953745,269.7,0.2373,266.6,0.3
4339,2,4863.34,19230.3,0.402466,1.134938327916171e-06,0.574134,269.5,0.2375,266.6,0.3
4340,2,4864.02,19227.45,0.443502,1.1349107644253478e-06,0.787399,271.6,0.2356,266.6,0.3
4341,2,4864.72,19224.66,0.435409,1.1348831943574112e-06,0.77446,270.9,0.2363,266.6,0.3
4342,2,4865.4,19221.8,0.425795,1.1348556177129847e-06,0.951178,271.4,0.2358,266.8,0.3
4343,2,4866.09,19218.97,0.414843,1.1348280344926915e-06,0.675343,268.5,0.2384,266.8,0.3
4344,2,4866.77,19216.14,0.495485,1.1348004446971552e-06,0.73375,270.0,0.237,266.8,0.3
4345,2,4867.46,19213.3,0.385714,1.134772848326999e-06,0.641299,270.0,0.237,266.8,0.3
4346,2,4868.14,19210.46,0.399048,1.1347452453828473e-06,0.813635,269.3,0.2377,266.9,0.3
4347,2,4868.83,19207.62,0.462376,1.1347176358653234e-06,0.849328,268.9,0.238,267.1,0.3
4348,2,4869.51,19204.78,0.446109,1.134690019775052e-06,0.901727,271.3,0.2359,267.2,0.3
4349,2,4870.2,19201.97,0.465096,1.1346623971126566e-06,0.789908,265.7,0.2409,267.2,0.3
4350,2,4870.89,19199.15,0.378648,1.134634767878762e-06,0.549421,266.8,0.2399,267.2,0.3
4351,2,4871.57,19196.31,0.433391,1.1346071320739927e-06,0.81171,269.8,0.2372,267.6,0.2
4352,2,4872.26,19193.48,0.431183,1.1345794896989734e-06,0.682032,269.9,0.2371,267.5,0.3
4353,2,4872.94,19190.64,0.425505,1.134551840754329e-06,0.703774,272.7,0.2347,268.6,0.2
4354,2,4873.63,19187.82,0.41276,1.134524185240684e-06,0.768062,269.4,0.2375,268.6,0.3
4355,2,4874.31,19184.99,0.419967,1.1344965231586638e-06,0.566907,268.8,0.2381,269.0,0.3
4356,2,4875.0,19182.17,0.458008,1.1344688545088936e-06,0.722958,268.1,0.2387,268.9,0.3
4357,2,4875.69,19179.35,0.414465,1.134441179291999e-06,0.499345,266.5,0.2401,268.8,0.2
4358,2,4876.37,19176.51,0.454456,1.1344134975086054e-06,0.66723,274.0,0.2336,269.0,0.2
4359,2,4877.06,19173.69,0.462623,1.1343858091593385e-06,0.630749,269.5,0.2374,269.0,0.2
4360,2,4877.75,19170.88,0.434197,1.1343581142448243e-06,0.766201,266.1,0.2405,268.8,0.2
4361,2,4878.44,19168.11,0.403402,1.1343304127656884e-06,0.769828,268.2,0.2386,268.6,0.2
4362,2,4879.12,19165.27,0.447299,1.1343027047225572e-06,1.009622,268.1,0.2388,268.4,0.3
4363,2,4879.81,19162.45,0.398993,1.134274990116057e-06,0.523037,269.0,0.2379,268.4,0.3
4364,2,4880.49,19159.62,0.396493,1.1342472689468143e-06,0.552052,270.1,0.2369,268.4,0.2
4365,2,4881.18,19156.81,0.441806,1.1342195412154557e-06,0.560733,269.7,0.2373,268.4,0.2
4366,2,4881.87,19154.0,0.473786,1.1341918069226076e-06,0.805025,267.1,0.2396,268.3,0.2
4367,2,4882.55,19151.2,0.448609,1.1341640660688972e-06,0.712803,265.6,0.2409,268.1,0.2
4368,2,4883.24,19148.38,0.40341,1.1341363186549518e-06,0.621207,268.5,0.2384,268.0,0.2
4369,2,4883.92,19145.57,0.434044,1.1341085646813982e-06,0.641861,267.7,0.239,268.1,0.3
4370,2,4884.61,19142.75,0.421648,1.1340808041488638e-06,0.771396,268.3,0.2385,268.1,0.3
4371,2,4885.29,19139.93,0.404642,1.134053037057976e-06,0.700738,272.2,0.2351,268.2,0.3
4372,2,4885.98,19137.14,0.39511,1.1340252634093627e-06,0.674482,266.0,0.2406,268.0,0.3
4373,2,4886.66,19134.31,0.457816,1.1339974832036514e-06,0.835056,272.3,0.235,268.0,0.3
4374,2,4887.35,19131.51,0.413566,1.13396969644147e-06,0.583503,270.9,0.2362,268.1,0.3
4375,2,4888.04,19128.71,0.405894,1.133941903123447e-06,0.645135,267.9,0.2389,268.0,0.3
4376,2,4888.72,19125.9,0.433811,1.13391410325021e-06,0.736313,271.7,0.2356,268.2,0.3
4377,2,4889.41,19123.09,0.403908,1.133886296822388e-06,0.774299,269.2,0.2377,268.3,0.3
4378,2,4890.09,19120.28,0.408901,1.1338584838406092e-06,0.556209,268.6,0.2383,268.1,0.3
4379,2,4890.78,19117.49,0.431603,1.1338306643055022e-06,0.711972,267.0,0.2397,267.9,0.3
4380,2,4891.47,19114.69,0.383995,1.133802838217696e-06,0.693297,268.0,0.2388,268.0,0.3
4381,2,4892.16,19111.9,0.357403,1.1337750055778193e-06,0.837901,274.1,0.2335,268.3,0.3
4382,2,4892.84,19109.11,0.440809,1.1337471663865016e-06,0.664055,267.9,0.2389,268.3,0.3
4383,2,4893.53,19106.31,0.419079,1.1337193206443719e-06,0.559229,268.2,0.2387,268.3,0.3
4384,2,4894.21,19103.51,0.411472,1.1336914683520595e-06,0.731973,268.0,0.2388,268.2,0.3
4385,2,4894.9,19100.72,0.429597,1.1336636095101943e-06,0.615873,269.9,0.2371,268.1,0.3
4386,2,4895.6,19097.97,0.407097,1.1336357441194055e-06,0.600743,256.0,0.25,267.6,0.3
4387,2,4896.28,19095.14,0.414829,1.1336078721803236e-06,0.792989,270.8,0.2363,267.8,0.3
4388,2,4896.96,19092.34,0.430088,1.133579993693578e-06,0.553196,269.8,0.2372,267.8,0.3
4389,2,4897.65,19089.55,0.421265,1.1335521086597992e-06,0.561583,270.2,0.2368,268.0,0.3
4390,2,4898.33,19086.75,0.431205,1.1335242170796174e-06,0.70658,269.1,0.2378,268.1,0.3
4391,2,4899.02,19083.96,0.399236,1.1334963189536632e-06,0.6749,270.3,0.2368,268.0,0.3
4392,2,4899.7,19081.17,0.428403,1.133468414282567e-06,0.631433,269.4,0.2376,268.1,0.3
4393,2,4900.39,19078.39,0.431604,1.1334405030669595e-06,0.613074,268.2,0.2386,267.9,0.3
4394,2,4901.08,19075.61,0.509539,1.1334125853074717e-06,0.863348,266.0,0.2406,267.7,0.3
4395,2,4901.76,19072.82,0.430638,1.1333846610047347e-06,0.70728,270.2,0.2368,267.9,0.3
4396,2,4902.45,19070.04,0.433817,1.1333567301593794e-06,0.873438,267.7,0.239,267.7,0.3
4397,2,4903.13,19067.25,0.440379,1.1333287927720376e-06,0.885088,270.5,0.2366,267.7,0.3
4398,2,4903.82,19064.47,0.400014,1.1333008488433402e-06,0.786451,270.0,0.2371,267.8,0.3
4399,2,4904.51,19061.7,0.437961,1.1332728983739193e-06,0.614632,267.9,0.2389,267.8,0.3
4400,2,4905.2,19058.91,0.461832,1.1332449413644066e-06,0.634095,268.9,0.238,267.9,0.3
4401,2,4914.13,19088.17,0.410713,1.1332169778154336e-06,1.028013,274.8,0.2329,267.9,0.3
4402,2,4914.82,19085.38,0.422646,1.1331890077276331e-06,0.985901,271.0,0.2362,268.1,0.3
4403,2,4915.5,19082.61,0.395651,1.1331610311016368e-06,0.602325,269.1,0.2378,268.1,0.3
4404,2,4916.19,19079.82,0.398549,1.133133047938077e-06,0.665046,269.5,0.2375,268.2,0.3
4405,2,4916.87,19077.02,0.456959,1.1331050582375865e-06,0.564615,272.6,0.2348,268.3,0.3
4406,2,4917.56,19074.24,0.469334,1.133077062000798e-06,0.623674,270.1,0.2369,269.1,0.3
4407,2,4918.25,19071.46,0.425009,1.133049059228344e-06,0.768387,270.1,0.2369,269.1,0.3
4408,2,4918.93,19068.68,0.425132,1.1330210499208574e-06,0.670858,269.1,0.2378,269.1,0.2
4409,2,4919.62,19065.9,0.414494,1.1329930340789718e-06,0.534313,268.2,0.2386,269.0,0.3
4410,2,4920.31,19063.13,0.429368,1.13296501170332e-06,0.816007,267.4,0.2393,268.9,0.3
4411,2,4921.0,19060.35,0.402239,1.1329369827945358e-06,0.743435,269.3,0.2376,268.8,0.3
4412,2,4921.68,19057.57,0.492531,1.1329089473532527e-06,0.850029,269.8,0.2372,268.8,0.3
4413,2,4922.37,19054.81,0.417697,1.1328809053801042e-06,0.561194,269.2,0.2378,268.8,0.3
4414,2,4923.06,19052.04,0.480649,1.132852856875724e-06,0.770285,266.7,0.24,268.9,0.3
4415,2,4923.75,19049.28,0.424208,1.1328248018407461e-06,0.751602,264.1,0.2423,268.5,0.3
4416,2,4924.44,19046.51,0.440006,1.132796740275805e-06,0.640428,267.2,0.2395,268.5,0.3
4417,2,4925.13,19043.76,0.399893,1.1327686721815347e-06,0.540441,266.9,0.2398,268.3,0.3
4418,2,4925.82,19040.99,0.432965,1.13274059755857e-06,0.834242,266.5,0.2402,268.1,0.3
4419,2,4926.5,19038.22,0.420266,1.1327125164075447e-06,0.525063,268.3,0.2386,268.2,0.3
4420,2,4927.19,19035.46,0.412632,1.1326844287290942e-06,0.645387,266.9,0.2398,268.1,0.3
4421,2,4927.9,19032.77,0.465199,1.1326563345238534e-06,0.637802,264.7,0.2418,267.6,0.3
4422,2,4928.59,19030.01,0.449579,1.1326282337924571e-06,0.709659,264.9,0.2416,267.3,0.3
4423,2,4929.27,19027.23,0.450834,1.1326001265355404e-06,0.891383,269.0,0.2379,267.3,0.3
4424,2,4929.96,19024.47,0.365686,1.1325720127537387e-06,0.904739,267.6,0.2391,267.2,0.3
4425,2,4930.65,19021.7,0.440002,1.1325438924476876e-06,0.97557,269.6,0.2374,267.0,0.3
4426,2,4931.33,19018.95,0.433537,1.1325157656180224e-06,0.545213,269.2,0.2378,267.0,0.3
4427,2,4932.02,19016.2,0.424953,1.1324876322653792e-06,0.495964,266.4,0.2402,266.8,0.3
4428,2,4932.71,19013.44,0.439864,1.1324594923903939e-06,0.620931,268.4,0.2384,266.8,0.3
4429,2,4933.4,19010.67,0.433703,1.1324313459937023e-06,0.828101,272.1,0.2352,266.9,0.3
4430,2,4934.08,19007.92,0.442355,1.1324031930759407e-06,1.026584,269.2,0.2378,267.0,0.3
4431,2,4934.77,19005.17,0.409356,1.1323750336377454e-06,0.805622,268.4,0.2384,267.0,0.3
4432,2,4935.46,19002.41,0.473312,1.1323468676797533e-06,0.608127,269.1,0.2378,267.0,0.3
4433,2,4936.15,18999.65,0.381568,1.1323186952026006e-06,0.719347,270.3,0.2368,267.1,0.3
4434,2,4936.84,18996.91,0.462475,1.1322905162069243e-06,0.547255,267.1,0.2396,267.1,0.3
4435,2,4937.53,18994.17,0.44031,1.1322623306933611e-06,0.657232,266.8,0.2399,267.2,0.3
4436,2,4938.21,18991.42,0.443605,1.1322341386625484e-06,0.653563,269.2,0.2377,267.3,0.3
4437,2,4938.9,18988.68,0.38338,1.1322059401151233e-06,0.527302,269.1,0.2378,267.4,0.3
4438,2,4939.59,18985.93,0.404153,1.132177735051723e-06,0.754959,269.1,0.2378,267.5,0.3
4439,2,4940.28,18983.17,0.388295,1.1321495234729852e-06,0.577108,269.6,0.2374,267.6,0.3
4440,2,4940.97,18980.43,0.432135,1.1321213053795477e-06,0.825185,267.8,0.239,267.6,0.3
4441,2,4941.66,18977.71,0.407077,1.1320930807720481e-06,0.636236,268.8,0.2381,267.9,0.3
4442,2,4942.34,18974.95,0.413405,1.1320648496511244e-06,0.639172,272.3,0.235,268.2,0.3
4443,2,4943.03,18972.22,0.431204,1.132036612017415e-06,0.505701,268.6,0.2383,268.2,0.3
4444,2,4943.72,18969.48,0.38137,1.1320083678715578e-06,0.851607,268.7,0.2382,268.2,0.3
4445,2,4944.41,18966.74,0.433799,1.1319801172141914e-06,0.580568,267.8,0.239,268.1,0.3
4446,2,4945.1,18963.99,0.429655,1.1319518600459545e-06,0.577269,269.8,0.2372,268.1,0.3
4447,2,4945.79,18961.25,0.454802,1.1319235963674854e-06,0.630869,268.8,0.2381,268.2,0.3
4448,2,4946.47,18958.52,0.462614,1.1318953261794233e-06,0.720737,266.7,0.24,268.1,0.3
4449,2,4947.16,18955.78,0.403391,1.131867049482407e-06,0.714622,270.3,0.2368,268.0,0.3
4450,2,4947.85,18953.05,0.408516,1.1318387662770758e-06,0.541334,267.9,0.2389,267.9,0.3
4451,2,4948.54,18950.31,0.40088,1.131810476564069e-06,0.515615,270.1,0.237,268.0,0.3
4452,2,4949.22,18947.57,0.421453,1.131782180344026e-06,0.690457,268.1,0.2387,267.9,0.3
4453,2,4949.91,18944.84,0.445403,1.1317538776175863e-06,0.746487,267.1,0.2396,267.8,0.3
4454,2,4950.6,18942.1,0.423145,1.13172556838539e-06,0.814229,268.2,0.2386,267.8,0.3
4455,2,4951.29,18939.37,0.410773,1.1316972526480762e-06,0.689279,269.1,0.2379,268.0,0.3
4456,2,4951.98,18936.65,0.455149,1.1316689304062858e-06,0.652433,265.5,0.241,267.9,0.3
4457,2,4952.67,18933.92,0.411766,1.1316406016606585e-06,0.66784,266.9,0.2398,267.8,0.3
4458,2,4953.35,18931.19,0.458889,1.1316122664118347e-06,0.666966,267.3,0.2395,267.7,0.3
4459,2,4954.04,18928.45,0.381259,1.131583924660455e-06,0.774847,272.4,0.2349,267.8,0.3
4460,2,4954.73,18925.73,0.437849,1.1315555764071597e-06,0.564698,268.2,0.2386,267.8,0.3
4461,2,4955.42,18923.03,0.423654,1.13152722165259e-06,0.72451,269.7,0.2373,267.8,0.3
4462,2,4956.11,18920.3,0.384723,1.1314988603973865e-06,0.655829,267.5,0.2392,267.6,0.3
4463,2,4956.79,18917.56,0.415878,1.1314704926421905e-06,1.124678,269.6,0.2374,267.7,0.3
4464,2,4957.48,18914.83,0.44839,1.131442118387643e-06,0.556977,270.7,0.2364,267.8,0.3
4465,2,4958.17,18912.11,0.429905,1.1314137376343854e-06,0.645968,269.2,0.2378,267.8,0.3
4466,2,4958.86,18909.39,0.426008,1.131385350383059e-06,0.61387,269.7,0.2373,267.9,0.3
4467,2,4959.55,18906.67,0.424319,1.1313569566343061e-06,0.618095,268.1,0.2387,267.8,0.3
4468,2,4960.23,18903.95,0.442879,1.1313285563887677e-06,0.53597,269.0,0.238,268.0,0.3
4469,2,4960.92,18901.22,0.44342,1.1313001496470863e-06,0.583352,268.4,0.2385,267.9,0.3
4470,2,4961.6,18898.5,0.429793,1.1312717364099038e-06,0.726064,270.3,0.2368,268.0,0.3
4471,2,4962.29,18895.78,0.416509,1.1312433166778625e-06,0.729341,268.2,0.2386,267.9,0.3
4472,2,4962.98,18893.06,0.45266,1.1312148904516048e-06,0.917296,267.8,0.239,267.9,0.3
4473,2,4963.67,18890.34,0.430461,1.1311864577317731e-06,0.578443,268.0,0.2388,267.9,0.3
4474,2,4964.35,18887.63,0.404628,1.13115801851901e-06,0.634148,266.2,0.2404,267.8,0.3
4475,2,4965.04,18884.89,0.403345,1.1311295728139584e-06,0.679556,270.1,0.2369,267.8,0.3
4476,2,4965.72,18882.17,0.435089,1.1311011206172612e-06,0.833155,268.6,0.2383,268.0,0.3
4477,2,4966.41,18879.45,0.459785,1.1310726619295618e-06,0.61977,268.5,0.2383,268.1,0.3
4478,2,4967.11,18876.77,0.479626,1.1310441967515032e-06,1.155599,255.9,0.2501,267.5,0.3
4479,2,4967.78,18874.02,0.410917,1.1310157250837288e-06,0.833026,266.0,0.2406,267.2,0.3
4480,2,4968.47,18871.31,0.399525,1.1309872469268823e-06,0.488109,266.9,0.2398,267.1,0.3
4481,2,4969.16,18868.63,0.394549,1.1309587622816075e-06,0.530708,262.4,0.2439,266.8,0.3
4482,2,4969.84,18865.89,0.465533,1.1309302711485483e-06,0.620022,269.9,0.2372,266.9,0.3
4483,2,4970.53,18863.17,0.404754,1.1309017735283483e-06,0.528894,269.4,0.2375,266.9,0.3
4484,2,4971.22,18860.46,0.41739,1.1308732694216517e-06,0.658951,268.8,0.2381,266.8,0.3
4485,2,4971.9,18857.75,0.477946,1.1308447588291031e-06,0.946198,268.7,0.2381,266.8,0.3
4486,2,4972.59,18855.04,0.440818,1.1308162417513468e-06,0.529994,270.5,0.2366,266.9,0.3
4487,2,4973.28,18852.34,0.473408,1.1307877181890272e-06,0.875673,268.1,0.2387,266.9,0.3
4488,2,4973.97,18849.66,0.432574,1.130759188142789e-06,0.804936,259.9,0.2463,266.4,0.3
4489,2,4974.65,18846.93,0.440693,1.1307306516132776e-06,1.036306,267.3,0.2394,266.4,0.2
4490,2,4975.33,18844.21,0.43941,1.1307021086011376e-06,0.656857,269.5,0.2375,266.4,0.2
4491,2,4976.02,18841.51,0.471401,1.1306735591070143e-06,0.691802,269.0,0.2379,266.4,0.2
4492,2,4976.71,18838.81,0.405231,1.1306450031315528e-06,0.66871,266.4,0.2403,266.4,0.2
4493,2,4977.39,18836.1,0.407484,1.1306164406753988e-06,0.902611,268.9,0.238,266.4,0.2
4494,2,4978.08,18833.39,0.435132,1.1305878717391978e-06,1.25658,270.2,0.2369,266.6,0.2
4495,2,4978.76,18830.69,0.409989,1.1305592963235956e-06,0.777033,267.9,0.2389,266.5,0.2
4496,2,4979.45,18827.99,0.40401,1.130530714429238e-06,0.619369,271.5,0.2358,266.6,0.2
4497,2,4980.14,18825.29,0.403084,1.1305021260567712e-06,0.619985,271.2,0.236,266.7,0.2
4498,2,4980.82,18822.6,0.386937,1.1304735312068415e-06,0.800532,269.1,0.2379,267.4,0.2
4499,2,4981.51,18819.9,0.441524,1.1304449298800948e-06,0.736143,269.6,0.2374,267.6,0.3
4500,2,4982.19,18817.19,0.442382,1.130416322077178e-06,0.773804,270.2,0.2368,267.8,0.2
4501,2,5118.93,19328.21,0.4413,1.1303877077987377e-06,0.695729,250.4,0.2556,267.0,0.3
4502,2,5119.6,19325.29,0.358734,1.1303590870454206e-06,0.551136,270.4,0.2367,267.1,0.3
4503,2,5120.28,19322.43,0.43696,1.1303304598178735e-06,0.643549,267.5,0.2392,267.0,0.3
4504,2,5120.95,19319.54,0.437044,1.1303018261167436e-06,0.698547,273.0,0.2344,267.2,0.3
4505,2,5121.63,19316.69,0.418359,1.1302731859426782e-06,0.762796,268.8,0.2381,267.2,0.3
4506,2,5122.31,19313.82,0.400772,1.1302445392963244e-06,0.632204,270.6,0.2365,267.2,0.3
4507,2,5122.99,19310.97,0.445726,1.1302158861783299e-06,0.817212,270.2,0.2369,267.3,0.2
4508,2,5123.68,19308.12,0.448859,1.1301872265893423e-06,0.729261,271.2,0.236,267.9,0.2
4509,2,5124.36,19305.27,0.400941,1.1301585605300095e-06,0.855886,267.7,0.2391,267.9,0.3
4510,2,5125.04,19302.42,0.416845,1.1301298880009792e-06,0.708766,267.4,0.2393,267.8,0.3
4511,2,5125.72,19299.55,0.407754,1.1301012090028996e-06,0.615406,269.7,0.2373,267.8,0.3
4512,2,5126.4,19296.71,0.411462,1.1300725235364191e-06,0.584699,269.2,0.2377,268.0,0.3
4513,2,5127.08,19293.87,0.46585,1.1300438316021863e-06,0.610416,268.5,0.2383,268.0,0.3
4514,2,5127.76,19291.02,0.411465,1.1300151332008492e-06,0.797243,267.2,0.2395,267.8,0.2
4515,2,5128.44,19288.17,0.421115,1.1299864283330568e-06,0.764364,270.2,0.2369,268.0,0.2
4516,2,5129.12,19285.33,0.429811,1.1299577169994577e-06,1.04194,270.0,0.237,267.9,0.2
4517,2,5129.8,19282.48,0.453177,1.129928999200701e-06,0.690737,270.9,0.2362,267.9,0.2
4518,2,5130.49,19279.66,0.394684,1.1299002749374358e-06,0.656817,266.5,0.2401,267.8,0.2
4519,2,5131.17,19276.81,0.415237,1.1298715442103116e-06,0.886132,270.8,0.2364,267.9,0.2
4520,2,5131.85,19273.96,0.442729,1.1298428070199774e-06,0.764352,271.7,0.2355,268.0,0.2
4521,2,5132.54,19271.15,0.443427,1.1298140633670832e-06,0.708412,271.7,0.2356,269.2,0.2
4522,2,5133.22,19268.31,0.428759,1.1297853132522783e-06,0.697345,271.1,0.2361,269.2,0.2
4523,2,5133.9,19265.47,0.441984,1.1297565566762128e-06,0.656704,272.6,0.2348,269.5,0.2
4524,2,5134.58,19262.63,0.444873,1.1297277936395364e-06,0.974415,272.7,0.2347,269.5,0.2
4525,2,5135.27,19259.8,0.466252,1.1296990241428998e-06,0.724168,271.2,0.236,269.6,0.2
4526,2,5135.95,19256.98,0.397343,1.129670248186953e-06,0.76257,270.6,0.2365,269.5,0.2
4527,2,5136.63,19254.14,0.441066,1.129641465772346e-06,0.955134,269.8,0.2373,269.5,0.2
4528,2,5137.32,19251.32,0.424672,1.1296126768997298e-06,0.695856,268.9,0.238,269.4,0.2
4529,2,5138.0,19248.49,0.423239,1.1295838815697553e-06,0.673713,270.0,0.237,269.5,0.2
4530,2,5138.68,19245.66,0.410816,1.129555079783073e-06,0.785354,271.2,0.236,269.7,0.2
4531,2,5139.37,19242.85,0.444649,1.1295262715403342e-06,1.213554,269.7,0.2373,269.7,0.2
4532,2,5140.05,19240.03,0.42357,1.12949745684219e-06,0.629642,269.1,0.2378,269.7,0.2
4533,2,5140.73,19237.2,0.452319,1.1294686356892917e-06,0.860469,270.9,0.2363,269.8,0.2
4534,2,5141.42,19234.38,0.429107,1.1294398080822907e-06,0.884269,270.2,0.2368,270.0,0.2
4535,2,5142.1,19231.57,0.421596,1.1294109740218386e-06,0.595417,269.7,0.2373,269.9,0.2
4536,2,5142.78,19228.75,0.376114,1.129382133508587e-06,0.656012,271.4,0.2358,270.0,0.2
4537,2,5143.47,19225.93,0.387788,1.1293532865431881e-06,1.025762,271.4,0.2358,270.0,0.2
4538,2,5144.15,19223.11,0.418347,1.1293244331262938e-06,0.654126,268.3,0.2385,270.1,0.2
4539,2,5144.83,19220.31,0.403018,1.1292955732585562e-06,0.773098,269.6,0.2373,270.0,0.2
4540,2,5145.52,19217.49,0.423144,1.1292667069406276e-06,0.604973,270.0,0.237,269.9,0.2
4541,2,5146.21,19214.7,0.428345,1.1292378341731606e-06,0.892699,270.8,0.2363,269.8,0.2
4542,2,5146.89,19211.88,0.373383,1.1292089549568078e-06,0.650616,270.7,0.2364,269.8,0.3
4543,2,5147.57,19209.07,0.405505,1.1291800692922219e-06,0.829587,269.7,0.2373,269.6,0.2
4544,2,5148.26,19206.26,0.457797,1.1291511771800559e-06,0.783684,270.4,0.2367,269.5,0.3
4545,2,5148.94,19203.46,0.439959,1.129122278620963e-06,0.921303,267.9,0.2389,269.3,0.3
4546,2,5149.63,19200.65,0.455017,1.1290933736155961e-06,0.71709,268.6,0.2382,269.2,0.3
4547,2,5150.31,19197.85,0.432893,1.129064462164609e-06,0.613428,268.8,0.2381,269.2,0.3
4548,2,5151.01,19195.11,0.42372,1.1290355442686546e-06,0.709707,252.7,0.2533,268.3,0.3
4549,2,5151.68,19192.24,0.430848,1.1290066199283867e-06,0.639396,270.6,0.2365,268.3,0.3
4550,2,5152.37,19189.45,0.424263,1.1289776891444593e-06,0.77503,267.6,0.2392,268.1,0.3
4551,2,5153.05,19186.66,0.434446,1.1289487519175264e-06,0.747698,269.5,0.2375,268.1,0.3
4552,2,5153.74,19183.86,0.401595,1.128919808248242e-06,0.664523,270.2,0.2369,268.1,0.3
4553,2,5154.42,19181.05,0.407293,1.1288908581372602e-06,0.79099,271.6,0.2357,268.1,0.3
4554,2,5155.11,19178.26,0.446922,1.1288619015852355e-06,0.682957,270.3,0.2368,268.1,0.3
4555,2,5155.79,19175.46,0.425492,1.1288329385928222e-06,0.866592,270.8,0.2363,268.2,0.3
4556,2,5156.48,19172.67,0.410819,1.1288039691606752e-06,0.706711,268.7,0.2382,268.0,0.3
4557,2,5157.16,19169.87,0.346088,1.1287749932894493e-06,0.578404,270.4,0.2367,268.0,0.3
4558,2,5157.85,19167.09,0.394234,1.1287460109797991e-06,0.83488,267.2,0.2395,267.9,0.3
4559,2,5158.53,19164.3,0.46102,1.1287170222323801e-06,0.818918,268.9,0.238,267.9,0.3
4560,2,5159.21,19161.5,0.432222,1.1286880270478476e-06,0.722476,270.2,0.2369,267.9,0.3
4561,2,5159.94,19158.87,0.417867,1.1286590254268565e-06,0.637268,269.6,0.2374,267.8,0.3
4562,2,5160.62,19156.07,0.383633,1.1286300173700628e-06,0.67373,269.7,0.2373,267.8,0.3
4563,2,5161.31,19153.31,0.419171,1.128601002878122e-06,0.747431,267.4,0.2394,267.7,0.3
4564,2,5162.0,19150.51,0.375843,1.12857198195169e-06,0.878877,269.7,0.2373,267.6,0.3
4565,2,5162.68,19147.73,0.400345,1.1285429545914226e-06,0.664306,268.8,0.2381,267.7,0.3
4566,2,5163.37,19144.95,0.471549,1.1285139207979762e-06,0.593976,269.2,0.2377,267.6,0.3
4567,2,5164.05,19142.17,0.367451,1.128484880572007e-06,0.619375,270.0,0.2371,267.7,0.3
4568,2,5164.74,19139.39,0.439825,1.128455833914171e-06,0.628629,270.4,0.2367,268.7,0.3
4569,2,5165.43,19136.62,0.399297,1.128426780825125e-06,0.725966,268.5,0.2384,268.5,0.3
4570,2,5166.12,19133.85,0.394097,1.128397721305526e-06,0.790584,265.3,0.2412,268.4,0.3
4571,2,5166.8,19131.08,0.450365,1.1283686553560306e-06,0.760458,265.8,0.2408,268.2,0.3
4572,2,5167.49,19128.3,0.432448,1.1283395829772957e-06,0.586939,267.9,0.2389,268.1,0.3
4573,2,5168.18,19125.53,0.463545,1.1283105041699786e-06,0.973714,269.1,0.2378,267.9,0.4
4574,2,5168.88,19122.81,0.46431,1.1282814189347364e-06,0.793596,254.6,0.2514,267.1,0.3
4575,2,5169.56,19120.02,0.391321,1.1282523272722267e-06,0.702236,266.7,0.2399,266.9,0.4
4576,2,5170.25,19117.25,0.428998,1.1282232291831069e-06,0.562681,268.5,0.2383,266.9,0.4
4577,2,5170.93,19114.49,0.426543,1.128194124668035e-06,0.770537,268.8,0.2381,266.8,0.4
4578,2,5171.64,19111.79,0.433992,1.1281650137276683e-06,0.775419,249.4,0.2566,265.9,0.4
4579,2,5172.31,19108.97,0.414856,1.1281358963626652e-06,0.715084,268.9,0.238,265.9,0.4
4580,2,5173.0,19106.2,0.433285,1.128106772573684e-06,0.64114,267.6,0.2391,265.7,0.4
4581,2,5173.69,19103.48,0.465138,1.1280776423613828e-06,0.744679,271.3,0.2359,265.8,0.4
4582,2,5174.38,19100.72,0.392431,1.1280485057264202e-06,0.629215,268.3,0.2385,265.7,0.4
4583,2,5175.07,19097.97,0.437361,1.1280193626694548e-06,0.529168,266.2,0.2404,265.6,0.4
4584,2,5175.76,19095.2,0.438376,1.1279902131911449e-06,0.799269,269.7,0.2373,265.6,0.4
4585,2,5176.44,19092.44,0.438863,1.1279610572921496e-06,0.605505,269.8,0.2372,265.7,0.4
4586,2,5177.13,19089.68,0.462703,1.1279318949731279e-06,0.91312,270.6,0.2365,265.7,0.4
4587,2,5177.82,19086.93,0.468002,1.1279027262347393e-06,0.698422,265.3,0.2412,265.5,0.4
4588,2,5178.5,19084.16,0.451642,1.1278735510776428e-06,0.842288,268.8,0.2381,265.5,0.4
4589,2,5179.19,19081.41,0.430089,1.127844369502498e-06,0.851557,267.7,0.2391,265.5,0.4
4590,2,5179.88,19078.65,0.426767,1.1278151815099642e-06,0.595683,268.6,0.2382,265.6,0.4
4591,2,5180.57,19075.91,0.434383,1.1277859871007013e-06,0.59884,265.7,0.2409,265.6,0.4
4592,2,5181.25,19073.15,0.415875,1.1277567862753693e-06,0.792995,268.8,0.2381,265.7,0.3
4593,2,5181.96,19070.47,0.405126,1.1277275790346284e-06,0.692125,250.9,0.2551,264.8,0.3
4594,2,5182.63,19067.66,0.421042,1.1276983653791384e-06,0.663814,269.8,0.2372,265.5,0.3
4595,2,5183.32,19064.91,0.420578,1.12766914530956e-06,0.674035,267.9,0.2389,265.6,0.3
4596,2,5184.01,19062.19,0.418117,1.1276399188265536e-06,0.71229,263.6,0.2428,265.4,0.3
4597,2,5184.7,19059.43,0.447648,1.1276106859307792e-06,0.70976,268.4,0.2384,265.4,0.3
4598,2,5185.39,19056.69,0.413742,1.1275814466228983e-06,0.873213,268.3,0.2386,266.4,0.3
4599,2,5186.07,19053.94,0.445098,1.1275522009035718e-06,0.749443,268.1,0.2387,266.3,0.3
4600,2,5186.76,19051.19,0.407778,1.1275229487734601e-06,0.508678,268.0,0.2388,266.4,0.3
4601,2,5202.83,19104.92,0.410292,1.127493690233225e-06,0.654699,276.0,0.2319,266.6,0.3
4602,2,5203.5,19102.13,0.422252,1.1274644252835276e-06,0.688021,272.6,0.2348,266.8,0.3
4603,2,5204.18,19099.33,0.416506,1.1274351539250294e-06,0.598986,275.0,0.2328,267.3,0.3
4604,2,5204.86,19096.54,0.44006,1.1274058761583921e-06,0.685395,275.0,0.2327,267.6,0.3
4605,2,5205.54,19093.75,0.422976,1.1273765919842776e-06,0.633939,273.6,0.234,267.8,0.3
4606,2,5206.22,19090.97,0.430098,1.1273473014033475e-06,0.670637,273.7,0.2338,268.0,0.3
4607,2,5206.9,19088.2,0.460503,1.127318004416264e-06,0.716075,268.9,0.238,268.2,0.3
4608,2,5207.58,19085.43,0.427562,1.1272887010236896e-06,0.604378,268.3,0.2385,268.1,0.3
4609,2,5208.27,19082.66,0.44289,1.1272593912262863e-06,0.653302,268.7,0.2382,268.2,0.3
4610,2,5208.95,19079.89,0.383677,1.1272300750247168e-06,0.642181,269.5,0.2375,268.2,0.3
4611,2,5209.63,19077.11,0.433531,1.1272007524196436e-06,0.595405,271.6,0.2356,268.5,0.3
4612,2,5210.3,19074.33,0.416014,1.1271714234117293e-06,0.667276,274.2,0.2334,268.7,0.3
4613,2,5210.99,19071.55,0.435218,1.1271420880016373e-06,0.712023,271.4,0.2358,269.8,0.3
4614,2,5211.67,19068.8,0.399779,1.1271127461900304e-06,0.819289,266.7,0.24,269.7,0.3
4615,2,5212.35,19066.03,0.390051,1.1270833979775717e-06,0.608492,267.3,0.2395,269.6,0.3
4616,2,5213.03,19063.24,0.402673,1.1270540433649251e-06,0.533155,272.1,0.2352,270.1,0.3
4617,2,5213.71,19060.48,0.456986,1.1270246823527536e-06,0.72902,270.7,0.2364,270.2,0.3
4618,2,5214.39,19057.71,0.401262,1.126995314941721e-06,0.670383,269.8,0.2372,270.3,0.3
4619,2,5215.07,19054.94,0.375472,1.1269659411324912e-06,0.615115,270.6,0.2365,270.4,0.3
4620,2,5215.75,19052.17,0.446918,1.126936560925728e-06,0.751168,270.3,0.2368,270.6,0.3
4621,2,5216.45,19049.45,0.444837,1.1269071743220954e-06,0.815283,270.3,0.2368,270.3,0.3
4622,2,5217.13,19046.69,0.420178,1.1268777813222579e-06,1.203911,268.5,0.2384,270.1,0.3
4623,2,5217.81,19043.92,0.409106,1.1268483819268798e-06,0.625948,269.9,0.2371,269.8,0.3
4624,2,5218.5,19041.2,0.364735,1.1268189761366257e-06,0.767448,259.0,0.2471,269.0,0.3
4625,2,5219.17,19038.4,0.426078,1.1267895639521602e-06,0.622881,271.4,0.2358,268.9,0.3
4626,2,5219.85,19035.65,0.404511,1.1267601453741481e-06,0.638375,268.3,0.2385,268.7,0.2
4627,2,5220.53,19032.88,0.42282,1.1267307204032542e-06,0.595389,270.9,0.2362,268.7,0.3
4628,2,5221.22,19030.14,0.422606,1.1267012890401437e-06,0.721725,267.7,0.239,268.7,0.3
4629,2,5221.9,19027.39,0.411146,1.126671851285482e-06,0.557266,270.1,0.237,268.8,0.3
4630,2,5222.58,19024.63,0.46674,1.1266424071399346e-06,0.78667,270.4,0.2367,268.8,0.3
4631,2,5223.26,19021.88,0.431923,1.1266129566041665e-06,0.817722,270.5,0.2366,268.8,0.3
4632,2,5223.94,19019.13,0.484729,1.1265834996788439e-06,0.633682,270.7,0.2365,268.6,0.3
4633,2,5224.63,19016.37,0.422576,1.1265540363646325e-06,0.628726,271.1,0.2361,268.6,0.3
4634,2,5225.31,19013.62,0.403829,1.1265245666621982e-06,0.601529,270.4,0.2367,268.8,0.3
4635,2,5225.99,19010.88,0.455659,1.126495090572207e-06,0.618542,268.2,0.2386,268.8,0.3
4636,2,5226.68,19008.15,0.426652,1.1264656080953254e-06,0.856015,270.0,0.2371,268.7,0.3
4637,2,5227.36,19005.4,0.438016,1.1264361192322198e-06,0.669325,270.9,0.2362,268.7,0.3
4638,2,5228.04,19002.65,0.414689,1.1264066239835564e-06,0.707232,271.6,0.2357,268.8,0.3
4639,2,5228.72,18999.91,0.404214,1.1263771223500022e-06,0.685105,269.9,0.2371,268.8,0.3
4640,2,5229.4,18997.16,0.435164,1.126347614332224e-06,0.647836,274.0,0.2336,269.0,0.3
4641,2,5230.1,18994.47,0.449336,1.1263180999308886e-06,0.82085,271.7,0.2355,269.0,0.3
4642,2,5230.78,18991.74,0.443911,1.1262885791466632e-06,0.565436,268.3,0.2385,269.0,0.3
4643,2,5231.47,18988.99,0.410921,1.1262590519802152e-06,0.635943,269.7,0.2373,269.0,0.3
4644,2,5232.15,18986.25,0.407433,1.1262295184322122e-06,0.913203,271.1,0.2361,269.5,0.3
4645,2,5232.83,18983.51,0.383802,1.1261999785033214e-06,0.750757,269.9,0.2371,269.4,0.3
4646,2,5233.51,18980.77,0.43859,1.1261704321942105e-06,0.700275,271.4,0.2358,269.6,0.3
4647,2,5234.19,18978.03,0.416196,1.1261408795055477e-06,0.958861,271.8,0.2355,269.6,0.3
4648,2,5234.88,18975.3,0.465845,1.1261113204380004e-06,0.717853,268.2,0.2386,269.7,0.3
4649,2,5235.57,18972.59,0.392451,1.1260817549922373e-06,0.916285,268.5,0.2384,269.6,0.3
4650,2,5236.25,18969.86,0.441442,1.1260521831689263e-06,0.880412,270.9,0.2363,269.6,0.3
4651,2,5236.93,18967.13,0.473912,1.126022604968736e-06,0.642245,269.8,0.2373,269.5,0.3
4652,2,5237.62,18964.41,0.40593,1.125993020392335e-06,0.482799,269.9,0.2371,269.5,0.3
4653,2,5238.3,18961.68,0.424912,1.125963429440392e-06,0.66811,268.0,0.2388,269.3,0.3
4654,2,5238.99,18958.96,0.397414,1.125933832113576e-06,0.82211,267.2,0.2396,269.2,0.3
4655,2,5239.67,18956.24,0.403397,1.1259042284125556e-06,0.83,268.0,0.2388,269.2,0.3
4656,2,5240.36,18953.52,0.443426,1.1258746183380002e-06,0.71296,269.3,0.2377,269.2,0.3
4657,2,5241.04,18950.79,0.477064,1.1258450018905789e-06,0.843693,269.3,0.2377,269.1,0.3
4658,2,5241.72,18948.08,0.418084,1.1258153790709613e-06,0.628086,265.9,0.2407,268.8,0.3
4659,2,5242.41,18945.35,0.464274,1.125785749879817e-06,0.724298,268.6,0.2383,268.7,0.3
4660,2,5243.09,18942.63,0.413596,1.1257561143178158e-06,0.471544,270.8,0.2363,268.6,0.3
4661,2,5243.78,18939.93,0.465588,1.1257264723856274e-06,0.806148,270.3,0.2368,268.5,0.3
4662,2,5244.46,18937.21,0.455064,1.125696824083922e-06,0.955606,268.7,0.2382,268.5,0.3
4663,2,5245.15,18934.49,0.417808,1.1256671694133693e-06,0.624371,269.1,0.2378,268.5,0.3
4664,2,5245.83,18931.77,0.4096,1.12563750837464e-06,0.752842,270.1,0.237,268.5,0.3
4665,2,5246.51,18929.05,0.411915,1.1256078409684046e-06,0.773605,270.5,0.2366,268.5,0.3
4666,2,5247.19,18926.33,0.47057,1.1255781671953336e-06,0.647366,272.5,0.2349,268.6,0.3
4667,2,5247.88,18923.63,0.406655,1.1255484870560976e-06,0.59485,270.4,0.2367,268.5,0.3
4668,2,5248.56,18920.91,0.44239,1.1255188005513675e-06,0.549932,272.0,0.2353,268.7,0.3
4669,2,5249.25,18918.21,0.457984,1.1254891076818143e-06,0.868196,266.5,0.2401,268.6,0.3
4670,2,5249.93,18915.49,0.45461,1.1254594084481094e-06,0.655509,268.2,0.2386,268.5,0.3
4671,2,5250.61,18912.77,0.452477,1.1254297028509236e-06,0.653396,270.4,0.2367,268.6,0.3
4672,2,5251.3,18910.07,0.425398,1.1253999908909288e-06,0.712039,270.8,0.2364,268.6,0.3
4673,2,5251.98,18907.36,0.426216,1.1253702725687962e-06,0.73542,270.7,0.2364,268.7,0.3
4674,2,5252.66,18904.65,0.437544,1.125340547885198e-06,0.899644,269.7,0.2373,268.9,0.3
4675,2,5253.35,18901.94,0.47206,1.1253108168408059e-06,0.746711,270.7,0.2364,269.0,0.3
4676,2,5254.03,18899.24,0.431646,1.1252810794362918e-06,0.568274,270.5,0.2366,269.0,0.3
4677,2,5254.72,18896.53,0.435932,1.125251335672328e-06,1.004028,270.1,0.237,269.1,0.3
4678,2,5255.4,18893.83,0.402285,1.1252215855495868e-06,0.658688,268.4,0.2385,269.1,0.3
4679,2,5256.08,18891.12,0.450557,1.1251918290687407e-06,0.772007,269.8,0.2372,269.2,0.3
4680,2,5256.77,18888.42,0.365785,1.125162066230462e-06,0.559035,268.4,0.2384,269.1,0.3
4681,2,5257.46,18885.75,0.445453,1.1251322970354237e-06,0.668304,266.5,0.2402,268.9,0.3
4682,2,5258.14,18883.04,0.414887,1.1251025214842985e-06,0.651248,269.8,0.2372,269.0,0.3
4683,2,5258.83,18880.34,0.430097,1.1250727395777596e-06,0.599499,269.0,0.2379,268.9,0.3
4684,2,5259.51,18877.66,0.372541,1.1250429513164802e-06,0.741308,268.1,0.2387,268.8,0.3
4685,2,5260.2,18874.95,0.462734,1.1250131567011333e-06,0.784345,270.7,0.2364,268.8,0.3
4686,2,5260.88,18872.25,0.443602,1.1249833557323926e-06,0.616912,269.7,0.2373,268.7,0.3
4687,2,5261.56,18869.56,0.421433,1.124953548410932e-06,0.736261,270.2,0.2368,268.7,0.3
4688,2,5262.25,18866.87,0.427253,1.1249237347374247e-06,0.780688,269.5,0.2375,268.5,0.3
4689,2,5262.93,18864.17,0.460469,1.124893914712545e-06,0.956517,271.9,0.2353,268.8,0.3
4690,2,5263.62,18861.48,0.487196,1.1248640883369668e-06,0.851358,267.1,0.2396,268.7,0.3
4691,2,5264.31,18858.81,0.412055,1.1248342556113643e-06,0.749291,260.8,0.2454,268.1,0.4
4692,2,5264.98,18856.08,0.404367,1.1248044165364117e-06,0.508812,270.1,0.2369,268.2,0.3
4693,2,5265.67,18853.4,0.452962,1.1247745711127835e-06,0.658305,268.9,0.238,268.1,0.3
4694,2,5266.35,18850.71,0.432219,1.1247447193411545e-06,0.672806,267.4,0.2393,268.0,0.3
4695,2,5267.03,18848.01,0.425355,1.1247148612221992e-06,0.645353,271.8,0.2354,268.0,0.3
4696,2,5267.72,18845.32,0.43304,1.1246849967565925e-06,0.767003,271.1,0.2361,268.0,0.3
4697,2,5268.4,18842.64,0.428789,1.1246551259450096e-06,0.664689,268.6,0.2383,268.0,0.3
4698,2,5269.09,18839.95,0.427309,1.1246252487881255e-06,0.584755,270.9,0.2363,268.1,0.3
4699,2,5269.77,18837.27,0.485905,1.1245953652866159e-06,0.572407,268.8,0.2381,268.1,0.3
4700,2,5270.46,18834.62,0.403859,1.1245654754411557e-06,0.956366,260.2,0.246,267.7,0.3
4701,2,5271.15,18831.93,0.435671,1.1245355792524209e-06,0.700909,270.3,0.2368,267.8,0.3
4702,2,5271.83,18829.24,0.414929,1.124505676721087e-06,1.033472,271.0,0.2362,267.9,0.3
4703,2,5272.51,18826.55,0.371629,1.1244757678478303e-06,0.526305,272.3,0.2351,268.1,0.3
4704,2,5273.2,18823.88,0.489175,1.1244458526333266e-06,0.856856,268.1,0.2387,268.2,0.3
4705,2,5273.88,18821.21,0.432428,1.124415931078252e-06,0.671824,267.3,0.2394,268.0,0.3
4706,2,5274.57,18818.52,0.440945,1.1243860031832828e-06,0.641479,270.8,0.2364,268.0,0.3
4707,2,5275.25,18815.85,0.426578,1.1243560689490958e-06,0.787842,269.5,0.2374,268.0,0.3
4708,2,5275.94,18813.17,0.441961,1.1243261283763673e-06,0.672413,270.5,0.2366,268.1,0.3
4709,2,5276.62,18810.5,0.456609,1.1242961814657743e-06,0.700876,267.2,0.2395,267.8,0.3
4710,2,5277.3,18807.81,0.409273,1.1242662282179935e-06,0.478216,270.1,0.2369,268.0,0.3
4711,2,5277.99,18805.14,0.479072,1.124236268633702e-06,0.838594,269.0,0.2379,268.5,0.3
4712,2,5278.67,18802.46,0.434193,1.124206302713577e-06,0.785986,271.9,0.2354,268.5,0.3
4713,2,5279.36,18799.8,0.432059,1.1241763304582957e-06,0.810512,268.9,0.238,268.5,0.3
4714,2,5280.04,18797.13,0.413964,1.1241463518685358e-06,0.76042,267.7,0.2391,268.5,0.3
4715,2,5280.72,18794.44,0.426722,1.1241163669449748e-06,0.56726,272.4,0.2349,268.6,0.3
4716,2,5281.41,18791.78,0.396882,1.1240863756882905e-06,0.628597,270.3,0.2367,268.6,0.2
4717,2,5282.1,18789.12,0.478106,1.1240563780991608e-06,0.868773,268.9,0.238,268.6,0.3
4718,2,5282.79,18786.5,0.466319,1.124026374178264e-06,0.740864,256.2,0.2498,267.9,0.2
4719,2,5283.46,18783.78,0.436692,1.1239963639262777e-06,0.587348,271.3,0.2359,267.9,0.3
4720,2,5284.15,18781.13,0.430062,1.1239663473438807e-06,0.852204,267.7,0.2391,268.3,0.3
4721,2,5284.84,18778.48,0.424796,1.1239363244317513e-06,0.922944,269.8,0.2372,268.3,0.3
4722,2,5285.52,18775.81,0.457888,1.1239062951905682e-06,0.75865,272.0,0.2353,268.3,0.3
4723,2,5286.21,18773.15,0.485348,1.1238762596210102e-06,0.730606,270.2,0.2369,268.2,0.3
4724,2,5286.9,18770.49,0.413088,1.123846217723756e-06,0.696799,269.9,0.2371,268.3,0.3
4725,2,5287.58,18767.83,0.394142,1.1238161694994846e-06,0.606381,270.1,0.2369,268.5,0.3
4726,2,5288.26,18765.16,0.422841,1.1237861149488755e-06,0.707139,271.4,0.2359,268.5,0.3
4727,2,5288.95,18762.5,0.390774,1.123756054072608e-06,0.634387,269.0,0.238,268.5,0.3
4728,2,5289.63,18759.84,0.434088,1.1237259868713614e-06,0.606026,269.4,0.2375,268.4,0.3
4729,2,5290.32,18757.2,0.414765,1.1236959133458154e-06,0.590103,271.1,0.2361,268.6,0.3
4730,2,5291.01,18754.56,0.437365,1.1236658334966497e-06,0.670289,266.9,0.2398,268.4,0.3
4731,2,5291.69,18751.89,0.441545,1.1236357473245444e-06,0.532577,270.9,0.2362,268.5,0.3
4732,2,5292.37,18749.23,0.464955,1.1236056548301792e-06,1.372985,271.1,0.2361,268.5,0.3
4733,2,5293.06,18746.58,0.426203,1.1235755560142346e-06,0.76825,268.0,0.2388,268.4,0.3
4734,2,5293.74,18743.93,0.39662,1.1235454508773909e-06,0.495884,267.2,0.2395,268.4,0.3
4735,2,5294.43,18741.27,0.392973,1.1235153394203284e-06,0.866102,269.8,0.2372,268.3,0.3
4736,2,5295.12,18738.63,0.454225,1.1234852216437279e-06,0.708292,267.3,0.2394,268.1,0.3
4737,2,5295.8,18735.98,0.438166,1.12345509754827e-06,0.787672,269.0,0.2379,268.1,0.3
4738,2,5296.49,18733.33,0.403165,1.1234249671346358e-06,0.642123,269.6,0.2374,268.8,0.3
4739,2,5297.17,18730.68,0.427113,1.1233948304035064e-06,0.671603,269.5,0.2375,268.8,0.3
4740,2,5297.86,18728.04,0.437177,1.1233646873555629e-06,0.726407,267.9,0.2389,268.8,0.3
4741,2,5298.55,18725.42,0.445878,1.1233345379914863e-06,0.605488,270.4,0.2367,268.8,0.3
4742,2,5299.23,18722.77,0.433387,1.1233043823119583e-06,0.633511,268.6,0.2383,268.6,0.3
4743,2,5299.92,18720.13,0.395357,1.1232742203176606e-06,0.481934,269.0,0.238,268.6,0.3
4744,2,5300.6,18717.47,0.425492,1.1232440520092752e-06,0.555506,271.5,0.2357,268.7,0.3
4745,2,5301.29,18714.84,0.424493,1.1232138773874836e-06,0.734089,265.9,0.2407,268.4,0.3
4746,2,5301.97,18712.18,0.438173,1.123183696452968e-06,0.988331,272.6,0.2348,268.5,0.3
4747,2,5302.66,18709.55,0.442965,1.1231535092064106e-06,0.738169,266.3,0.2403,268.4,0.3
4748,2,5303.34,18706.9,0.408602,1.1231233156484938e-06,0.777627,269.6,0.2374,268.4,0.3
4749,2,5304.02,18704.25,0.38515,1.1230931157799e-06,0.774194,271.3,0.2359,268.5,0.2
4750,2,5304.71,18701.61,0.410533,1.1230629096013118e-06,0.509626,269.9,0.2371,268.6,0.2
4751,2,5305.4,18698.98,0.409257,1.123032697113412e-06,0.634907,269.3,0.2376,268.5,0.2
4752,2,5306.08,18696.34,0.420448,1.1230024783168835e-06,0.533132,271.0,0.2361,268.5,0.3
4753,2,5306.77,18693.71,0.464973,1.1229722532124093e-06,0.691266,266.7,0.2399,268.4,0.3
4754,2,5307.45,18691.07,0.468472,1.1229420218006724e-06,0.711306,270.6,0.2365,268.6,0.3
4755,2,5308.13,18688.43,0.41002,1.1229117840823566e-06,0.740987,272.0,0.2353,268.6,0.3
4756,2,5308.82,18685.8,0.403253,1.1228815400581452e-06,0.639964,266.6,0.24,268.6,0.3
4757,2,5309.51,18683.17,0.407381,1.1228512897287216e-06,0.840815,269.0,0.2379,268.6,0.3
4758,2,5310.2,18680.55,0.394169,1.1228210330947697e-06,0.658313,268.0,0.2388,268.5,0.3
4759,2,5310.88,18677.92,0.381755,1.1227907701569733e-06,0.844339,267.1,0.2396,268.3,0.3
4760,2,5311.56,18675.28,0.406443,1.1227605009160167e-06,0.687254,270.7,0.2364,268.5,0.3
4761,2,5312.26,18672.69,0.398267,1.122730225372584e-06,0.686661,270.3,0.2368,268.4,0.3
4762,2,5312.94,18670.06,0.431004,1.1226999435273595e-06,0.613201,269.4,0.2375,268.5,0.3
4763,2,5313.63,18667.43,0.438186,1.1226696553810276e-06,0.487695,270.6,0.2365,268.6,0.3
4764,2,5314.31,18664.8,0.424613,1.1226393609342728e-06,0.676264,269.4,0.2376,268.5,0.3
4765,2,5315.0,18662.17,0.448998,1.1226090601877803e-06,0.876079,268.9,0.238,268.6,0.3
4766,2,5315.68,18659.54,0.406994,1.1225787531422346e-06,0.679714,268.9,0.238,268.5,0.3
4767,2,5316.37,18656.91,0.439085,1.1225484397983208e-06,0.627827,270.2,0.2369,268.6,0.3
4768,2,5317.05,18654.28,0.429589,1.122518120156724e-06,0.601969,270.5,0.2366,268.7,0.3
4769,2,5317.73,18651.65,0.413405,1.1224877942181299e-06,0.649315,271.0,0.2362,268.7,0.3
4770,2,5318.42,18649.03,0.415609,1.1224574619832236e-06,0.65242,271.1,0.236,268.7,0.3
4771,2,5319.1,18646.41,0.423968,1.1224271234526907e-06,0.733676,268.6,0.2383,268.7,0.3
4772,2,5319.79,18643.79,0.466882,1.1223967786272173e-06,0.808834,270.8,0.2363,268.6,0.3
4773,2,5320.48,18641.17,0.409426,1.1223664275074891e-06,0.456599,268.3,0.2385,268.7,0.3
4774,2,5321.16,18638.54,0.465153,1.1223360700941922e-06,0.851895,270.9,0.2363,268.7,0.4
4775,2,5321.84,18635.92,0.407808,1.1223057063880126e-06,0.679345,269.1,0.2378,268.6,0.3
4776,2,5322.53,18633.3,0.442786,1.1222753363896368e-06,0.518447,269.6,0.2374,268.7,0.3
4777,2,5323.21,18630.68,0.445798,1.1222449600997511e-06,0.757366,269.4,0.2376,268.7,0.3
4778,2,5323.91,18628.11,0.4217,1.1222145775190422e-06,0.660333,254.1,0.2519,268.0,0.3
4779,2,5324.58,18625.45,0.450481,1.1221841886481969e-06,0.491944,270.0,0.237,268.2,0.3
4780,2,5325.27,18622.83,0.424221,1.122153793487902e-06,0.556955,269.3,0.2376,268.2,0.3
4781,2,5325.96,18620.24,0.444362,1.1221233920388447e-06,0.720109,270.0,0.237,268.2,0.3
4782,2,5326.64,18617.62,0.412091,1.122092984301712e-06,0.595419,268.9,0.238,268.2,0.3
4783,2,5327.33,18615.02,0.4022,1.1220625702771913e-06,0.650299,269.0,0.2379,268.1,0.3
4784,2,5328.01,18612.39,0.479991,1.12203214996597e-06,0.648157,273.4,0.2341,268.3,0.3
4785,2,5328.7,18609.8,0.437072,1.1220017233687357e-06,0.511825,266.0,0.2406,268.1,0.3
4786,2,5329.39,18607.2,0.408737,1.1219712904861762e-06,0.557227,266.3,0.2404,268.0,0.3
4787,2,5330.07,18604.59,0.393874,1.1219408513189793e-06,0.79802,269.6,0.2374,268.0,0.3
4788,2,5330.76,18601.99,0.446081,1.1219104058678333e-06,0.934448,268.6,0.2383,267.9,0.3
4789,2,5331.44,18599.37,0.394796,1.121879954133426e-06,0.732559,268.8,0.2381,267.8,0.3
4790,2,5332.13,18596.77,0.406287,1.1218494961164458e-06,0.701318,268.0,0.2388,267.6,0.3
4791,2,5332.81,18594.16,0.403178,1.1218190318175813e-06,0.549561,268.0,0.2388,267.6,0.3
4792,2,5333.5,18591.55,0.375578,1.121788561237521e-06,0.504282,267.4,0.2393,267.5,0.2
4793,2,5334.19,18588.97,0.411146,1.1217580843769538e-06,0.544207,261.2,0.245,267.2,0.2
4794,2,5334.87,18586.36,0.435082,1.1217276012365683e-06,0.586219,266.4,0.2402,267.0,0.2
4795,2,5335.56,18583.76,0.400752,1.121697111817054e-06,0.624301,268.9,0.238,267.0,0.2
4796,2,5336.24,18581.16,0.417715,1.1216666161190994e-06,0.661132,270.8,0.2363,267.1,0.2
4797,2,5336.93,18578.57,0.44133,1.1216361141433941e-06,0.661091,267.4,0.2394,266.9,0.2
4798,2,5337.62,18575.98,0.39878,1.1216056058906277e-06,0.817579,267.7,0.2391,267.7,0.2
4799,2,5338.3,18573.38,0.41713,1.1215750913614897e-06,0.595857,270.2,0.2368,267.7,0.2
4800,2,5338.99,18570.78,0.388592,1.12154457055667e-06,0.684719,270.1,0.237,267.7,0.2
4801,2,5350.56,18606.04,0.397554,1.121514043476858e-06,0.8335,284.1,0.2253,268.4,0.2
4802,2,5351.24,18603.41,0.437581,1.1214835101227438e-06,0.683001,271.2,0.236,268.5,0.2
4803,2,5351.92,18600.8,0.43973,1.121452970495018e-06,0.745766,275.7,0.2322,268.8,0.2
4804,2,5352.6,18598.18,0.406285,1.1214224245943706e-06,0.642358,273.3,0.2342,268.8,0.2
4805,2,5353.29,18595.57,0.453451,1.1213918724214922e-06,0.750211,272.2,0.2351,269.1,0.2
4806,2,5353.97,18592.95,0.416517,1.1213613139770732e-06,0.6448,272.9,0.2345,269.5,0.2
4807,2,5354.65,18590.33,0.442129,1.1213307492618043e-06,0.744871,271.3,0.2359,269.5,0.2
4808,2,5355.33,18587.73,0.435485,1.1213001782763767e-06,0.743109,267.4,0.2393,269.5,0.2
4809,2,5356.01,18585.1,0.351424,1.121269601021481e-06,0.767311,272.3,0.235,269.7,0.2
4810,2,5356.69,18582.49,0.4288,1.1212390174978088e-06,0.74258,271.3,0.2359,269.8,0.2
4811,2,5357.37,18579.87,0.412988,1.1212084277060508e-06,0.72189,268.3,0.2385,269.8,0.2
4812,2,5358.05,18577.25,0.39331,1.1211778316468987e-06,0.606805,271.5,0.2357,270.0,0.2
4813,2,5358.75,18574.7,0.455591,1.1211472293210444e-06,0.706552,253.4,0.2526,269.5,0.3
4814,2,5359.42,18572.03,0.403067,1.1211166207291792e-06,0.746851,269.3,0.2376,269.7,0.3
4815,2,5360.1,18569.42,0.462877,1.1210860058719951e-06,0.519659,270.6,0.2365,269.7,0.3
4816,2,5360.78,18566.82,0.425105,1.1210553847501841e-06,0.67779,271.0,0.2362,269.7,0.3
4817,2,5361.46,18564.2,0.370577,1.1210247573644383e-06,0.766962,273.2,0.2343,270.1,0.2
4818,2,5362.15,18561.64,0.389616,1.12099412371545e-06,0.916701,258.9,0.2472,269.6,0.3
4819,2,5362.83,18559.0,0.452596,1.1209634838039117e-06,0.632866,270.6,0.2365,269.6,0.3
4820,2,5363.51,18556.4,0.43723,1.1209328376305158e-06,0.646454,270.5,0.2366,269.6,0.3
4821,2,5364.21,18553.86,0.411401,1.120902185195955e-06,0.823766,271.3,0.2359,269.0,0.3
4822,2,5364.89,18551.26,0.453751,1.1208715265009226e-06,0.936067,271.0,0.2361,269.0,0.3
4823,2,5365.58,18548.67,0.407252,1.1208408615461112e-06,0.569809,270.1,0.237,268.7,0.3
4824,2,5366.26,18546.08,0.437696,1.1208101903322138e-06,0.753132,268.5,0.2383,268.4,0.3
4825,2,5366.94,18543.47,0.447967,1.1207795128599239e-06,1.031173,273.3,0.2341,268.4,0.3
4826,2,5367.63,18540.89,0.435622,1.120748829129935e-06,0.91856,270.4,0.2367,268.3,0.3
4827,2,5368.31,18538.29,0.362327,1.1207181391429404e-06,0.585197,273.1,0.2344,268.4,0.3
4828,2,5369.0,18535.73,0.412754,1.1206874428996338e-06,0.718671,266.7,0.2399,268.2,0.3
4829,2,5369.68,18533.12,0.412505,1.1206567404007092e-06,0.71995,269.9,0.2371,268.1,0.3
4830,2,5370.36,18530.53,0.448322,1.1206260316468604e-06,0.807201,270.2,0.2369,268.1,0.3
4831,2,5371.05,18527.95,0.446803,1.1205953166387821e-06,0.723451,267.2,0.2395,268.1,0.3
4832,2,5371.73,18525.37,0.421596,1.120564595377168e-06,0.68372,266.6,0.24,267.8,0.3
4833,2,5372.42,18522.78,0.433442,1.1205338678627126e-06,0.74434,271.0,0.2362,268.7,0.3
4834,2,5373.1,18520.2,0.424322,1.1205031340961105e-06,0.662875,267.6,0.2391,268.6,0.3
4835,2,5373.79,18517.62,0.370486,1.1204723940780563e-06,0.683753,269.7,0.2373,268.6,0.3
4836,2,5374.47,18515.04,0.421626,1.120441647809245e-06,0.893371,267.5,0.2392,268.4,0.3
4837,2,5375.16,18512.46,0.383924,1.1204108952903715e-06,0.566928,269.0,0.2379,268.2,0.3
4838,2,5375.84,18509.88,0.409017,1.1203801365221308e-06,0.623713,269.1,0.2378,268.7,0.3
4839,2,5376.53,18507.31,0.397759,1.1203493715052182e-06,0.735745,267.4,0.2393,268.6,0.3
4840,2,5377.21,18504.72,0.383567,1.120318600240329e-06,0.604853,268.6,0.2382,268.5,0.3
4841,2,5377.91,18502.17,0.363532,1.1202878227281593e-06,0.605826,271.3,0.2359,268.5,0.3
4842,2,5378.59,18499.6,0.416115,1.120257038969404e-06,0.985166,270.5,0.2366,268.5,0.3
4843,2,5379.28,18497.03,0.423086,1.1202262489647593e-06,0.698928,270.0,0.2371,268.5,0.3
4844,2,5379.96,18494.45,0.410145,1.1201954527149211e-06,0.75713,269.6,0.2374,268.6,0.3
4845,2,5380.65,18491.89,0.397599,1.1201646502205854e-06,0.752113,267.8,0.239,268.3,0.3
4846,2,5381.34,18489.32,0.421759,1.1201338414824485e-06,0.524404,268.3,0.2386,268.3,0.3
4847,2,5382.02,18486.75,0.42045,1.120103026501207e-06,0.87269,268.9,0.238,268.1,0.3
4848,2,5382.71,18484.18,0.461164,1.1200722052775572e-06,0.997171,268.7,0.2382,268.2,0.3
4849,2,5383.39,18481.61,0.43338,1.1200413778121957e-06,0.685921,269.1,0.2378,268.2,0.3
4850,2,5384.08,18479.06,0.445035,1.1200105441058194e-06,0.883921,265.3,0.2413,268.0,0.3
4851,2,5384.77,18476.49,0.43465,1.1199797041591252e-06,0.905717,270.7,0.2364,268.1,0.3
4852,2,5385.46,18473.94,0.390197,1.1199488579728103e-06,0.659364,267.2,0.2395,268.1,0.3
4853,2,5386.14,18471.38,0.418516,1.119918005547572e-06,0.647915,269.3,0.2376,268.0,0.3
4854,2,5386.83,18468.82,0.448794,1.1198871468841074e-06,1.197919,269.5,0.2375,268.1,0.3
4855,2,5387.52,18466.28,0.436239,1.1198562819831145e-06,0.647062,264.6,0.2418,267.8,0.3
4856,2,5388.21,18463.73,0.425352,1.1198254108452903e-06,0.665181,267.1,0.2396,267.8,0.3
4857,2,5388.9,18461.17,0.419282,1.119794533471333e-06,0.820043,267.6,0.2392,267.7,0.3
4858,2,5389.59,18458.62,0.457795,1.1197636498619403e-06,0.802103,270.9,0.2362,267.8,0.3
4859,2,5390.28,18456.07,0.422077,1.1197327600178104e-06,0.780124,267.0,0.2397,267.8,0.3
4860,2,5390.97,18453.52,0.43306,1.1197018639396417e-06,0.864032,267.0,0.2397,267.7,0.3
4861,2,5391.66,18451.0,0.491488,1.1196709616281326e-06,0.825506,266.1,0.2405,267.5,0.3
4862,2,5392.35,18448.46,0.38163,1.1196400530839812e-06,0.754426,267.4,0.2394,267.3,0.3
4863,2,5393.04,18445.9,0.410876,1.1196091383078863e-06,0.842347,269.6,0.2374,267.3,0.3
4864,2,5393.73,18443.37,0.412018,1.1195782173005467e-06,0.626098,266.1,0.2405,267.1,0.3
4865,2,5394.42,18440.83,0.416086,1.1195472900626612e-06,0.663689,267.3,0.2395,267.1,0.3
4866,2,5395.11,18438.29,0.427199,1.1195163565949291e-06,0.848976,265.5,0.2411,267.0,0.3
4867,2,5395.8,18435.74,0.454101,1.1194854168980494e-06,0.933836,269.9,0.2371,266.9,0.3
4868,2,5396.49,18433.21,0.455004,1.1194544709727215e-06,0.76505,266.2,0.2404,266.9,0.3
4869,2,5397.18,18430.67,0.430813,1.1194235188196448e-06,0.771265,267.2,0.2395,266.8,0.3
4870,2,5397.87,18428.13,0.437286,1.1193925604395192e-06,0.716925,268.0,0.2388,266.9,0.3
4871,2,5398.56,18425.59,0.422925,1.1193615958330441e-06,0.738208,266.8,0.2399,266.7,0.3
4872,2,5399.25,18423.06,0.429666,1.1193306250009197e-06,0.887771,267.7,0.2391,266.7,0.3
4873,2,5399.94,18420.53,0.445742,1.119299647943846e-06,0.711437,267.1,0.2396,266.5,0.3
4874,2,5400.63,18417.99,0.472799,1.119268664662523e-06,0.744329,267.4,0.2393,266.5,0.3
4875,2,5401.32,18415.46,0.480146,1.1192376751576512e-06,0.747652,267.3,0.2394,266.7,0.3
4876,2,5402.01,18412.93,0.440129,1.119206679429931e-06,0.801587,266.2,0.2405,266.6,0.3
4877,2,5402.7,18410.4,0.447036,1.119175677480063e-06,0.570311,266.8,0.2399,266.6,0.3
4878,2,5403.39,18407.87,0.476005,1.119144669308748e-06,1.312413,267.5,0.2393,266.4,0.3
4879,2,5404.08,18405.34,0.408914,1.1191136549166868e-06,0.880541,266.7,0.24,266.4,0.3
4880,2,5404.77,18402.81,0.401426,1.1190826343045807e-06,0.737408,268.8,0.2381,266.4,0.3
4881,2,5405.47,18400.3,0.432203,1.1190516074731305e-06,0.73462,267.1,0.2396,266.5,0.3
4882,2,5406.17,18397.8,0.429134,1.1190205744230376e-06,0.813345,258.0,0.248,266.0,0.3
4883,2,5406.85,18395.26,0.428675,1.1189895351550037e-06,0.63776,267.4,0.2393,265.9,0.3
4884,2,5407.55,18392.76,0.386155,1.1189584896697302e-06,0.895812,262.9,0.2435,265.7,0.3
4885,2,5408.24,18390.23,0.449166,1.1189274379679188e-06,0.694931,266.8,0.2399,265.7,0.3
4886,2,5408.93,18387.7,0.427547,1.1188963800502714e-06,0.644543,265.6,0.241,265.7,0.3
4887,2,5409.62,18385.18,0.438019,1.11886531591749e-06,0.837839,266.4,0.2402,265.6,0.3
4888,2,5410.31,18382.67,0.424225,1.118834245570277e-06,0.615096,265.6,0.241,265.5,0.3
4889,2,5411.0,18380.14,0.418295,1.1188031690093345e-06,0.68947,270.4,0.2367,265.7,0.3
4890,2,5411.69,18377.62,0.46642,1.118772086235365e-06,0.7808,267.4,0.2394,265.6,0.3
4891,2,5412.39,18375.12,0.4371,1.1187409972490708e-06,0.551386,264.7,0.2418,265.5,0.3
4892,2,5413.08,18372.59,0.452183,1.118709902051155e-06,0.596519,269.7,0.2373,265.6,0.3
4893,2,5413.77,18370.07,0.390142,1.11867880064232e-06,0.624712,269.2,0.2377,265.8,0.3
4894,2,5414.45,18367.54,0.406757,1.1186476930232693e-06,0.72748,268.1,0.2388,265.8,0.3
4895,2,5415.14,18365.03,0.400579,1.1186165791947056e-06,0.53226,267.9,0.2389,265.8,0.3
4896,2,5415.83,18362.51,0.437344,1.1185854591573326e-06,0.600005,268.3,0.2385,265.9,0.3
4897,2,5416.52,18359.99,0.407802,1.1185543329118535e-06,0.66149,265.2,0.2413,265.8,0.3
4898,2,5417.21,18357.47,0.421438,1.1185232004589718e-06,0.595971,268.2,0.2387,265.8,0.3
4899,2,5417.9,18354.95,0.433447,1.1184920617993912e-06,0.886636,267.8,0.2389,265.9,0.3
4900,2,5418.59,18352.43,0.46634,1.1184609169338156e-06,0.681748,266.9,0.2398,265.8,0.3
4901,2,5419.29,18349.95,0.441392,1.118429765862949e-06,0.915397,272.8,0.2346,266.1,0.3
4902,2,5419.98,18347.44,0.455154,1.1183986085874955e-06,0.58796,265.4,0.2412,266.5,0.3
4903,2,5420.67,18344.93,0.394021,1.1183674451081592e-06,0.624073,266.1,0.2405,266.4,0.3
4904,2,5421.36,18342.41,0.441264,1.1183362754256448e-06,0.854494,268.1,0.2387,266.7,0.3
4905,2,5422.05,18339.89,0.409953,1.1183050995406568e-06,0.712105,268.7,0.2382,266.8,0.3
4906,2,5422.74,18337.38,0.410488,1.1182739174538996e-06,0.714549,267.9,0.2389,266.9,0.3
4907,2,5423.43,18334.88,0.437258,1.1182427291660782e-06,0.596866,266.7,0.24,266.9,0.3
4908,2,5424.12,18332.36,0.393202,1.1182115346778977e-06,0.742612,267.8,0.239,267.0,0.3
4909,2,5424.81,18329.85,0.386575,1.118180333990063e-06,0.537791,269.4,0.2376,267.0,0.3
4910,2,5425.49,18327.34,0.395984,1.1181491271032795e-06,0.709684,269.3,0.2377,267.1,0.3
4911,2,5426.18,18324.83,0.447121,1.1181179140182524e-06,1.077677,268.3,0.2386,267.2,0.3
4912,2,5426.87,18322.32,0.463708,1.1180866947356872e-06,0.681158,270.3,0.2368,267.3,0.3
4913,2,5427.56,18319.81,0.430012,1.1180554692562898e-06,0.865301,267.7,0.2391,267.2,0.3
4914,2,5428.25,18317.3,0.434575,1.1180242375807659e-06,0.628233,267.8,0.239,267.2,0.3
4915,2,5428.94,18314.8,0.451421,1.1179929997098215e-06,0.709706,268.5,0.2384,267.2,0.3
4916,2,5429.63,18312.29,0.40083,1.1179617556441626e-06,0.877654,269.0,0.2379,267.3,0.3
4917,2,5430.32,18309.79,0.406869,1.1179305053844953e-06,0.548212,267.5,0.2392,267.4,0.3
4918,2,5431.01,18307.29,0.411365,1.117899248931526e-06,0.718168,266.9,0.2398,267.3,0.3
4919,2,5431.7,18304.79,0.428788,1.1178679862859613e-06,1.114058,265.9,0.2407,267.2,0.3
4920,2,5432.39,18302.29,0.414089,1.117836717448508e-06,0.764995,267.7,0.2391,267.2,0.3
4921,2,5433.08,18299.8,0.425931,1.1178054424198725e-06,0.555133,270.5,0.2366,267.2,0.3
4922,2,5433.77,18297.31,0.45362,1.117774161200762e-06,0.704715,265.4,0.2412,267.2,0.3
4923,2,5434.46,18294.8,0.38733,1.1177428737918834e-06,0.758082,269.2,0.2378,267.3,0.3
4924,2,5435.15,18292.31,0.439606,1.1177115801939438e-06,0.542735,267.7,0.239,267.3,0.3
4925,2,5435.84,18289.81,0.439375,1.117680280407651e-06,0.836027,269.3,0.2377,267.4,0.3
4926,2,5436.53,18287.32,0.458418,1.1176489744337123e-06,0.895356,268.6,0.2383,267.4,0.3
4927,2,5437.22,18284.82,0.428137,1.117617662272835e-06,0.72321,269.2,0.2378,267.5,0.3
4928,2,5437.91,18282.34,0.441958,1.1175863439257272e-06,0.842544,265.4,0.2412,267.4,0.3
4929,2,5438.6,18279.83,0.487717,1.1175550193930967e-06,0.805042,271.5,0.2357,267.5,0.3
4930,2,5439.29,18277.35,0.443687,1.1175236886756513e-06,0.622969,267.2,0.2395,267.4,0.3
4931,2,5439.98,18274.85,0.455231,1.1174923517740996e-06,0.636958,269.3,0.2377,267.5,0.3
4932,2,5440.67,18272.36,0.443357,1.1174610086891497e-06,0.676466,266.2,0.2404,267.3,0.3
4933,2,5441.36,18269.87,0.435291,1.11742965942151e-06,0.935119,266.4,0.2402,267.2,0.3
4934,2,5442.05,18267.37,0.476499,1.1173983039718894e-06,0.676901,269.0,0.2379,267.3,0.3
4935,2,5442.74,18264.88,0.401796,1.1173669423409962e-06,0.885004,269.0,0.2379,267.3,0.3
4936,2,5443.44,18262.42,0.42381,1.1173355745295395e-06,0.753024,260.2,0.246,266.8,0.3
4937,2,5444.12,18259.92,0.482944,1.1173042005382285e-06,0.845509,264.2,0.2422,266.7,0.3
4938,2,5444.81,18257.43,0.464634,1.1172728203677721e-06,0.638252,266.2,0.2404,266.7,0.3
4939,2,5445.5,18254.95,0.387454,1.1172414340188798e-06,0.541851,267.1,0.2397,266.7,0.3
4940,2,5446.19,18252.46,0.41607,1.1172100414922608e-06,0.587849,269.1,0.2378,266.8,0.3
4941,2,5446.89,18250.0,0.40213,1.1171786427886248e-06,0.611291,269.3,0.2377,266.7,0.3
4942,2,5447.58,18247.52,0.409396,1.1171472379086817e-06,0.788561,268.4,0.2384,266.8,0.3
4943,2,5448.28,18245.06,0.354845,1.1171158268531412e-06,0.751561,262.3,0.244,266.5,0.3
4944,2,5448.96,18242.56,0.47862,1.1170844096227132e-06,0.848217,270.0,0.2371,266.6,0.3
4945,2,5449.66,18240.09,0.415399,1.1170529862181078e-06,0.581396,267.1,0.2396,266.5,0.3
4946,2,5450.34,18237.6,0.457318,1.1170215566400354e-06,0.683354,269.7,0.2373,266.6,0.3
4947,2,5451.04,18235.13,0.4168,1.1169901208892063e-06,0.658847,267.5,0.2393,266.4,0.3
4948,2,5451.73,18232.66,0.424212,1.116958678966331e-06,0.99593,264.6,0.2419,266.4,0.3
4949,2,5452.42,18230.17,0.46657,1.1169272308721205e-06,0.665707,267.4,0.2393,266.2,0.3
4950,2,5453.11,18227.7,0.397969,1.1168957766072855e-06,0.511242,266.0,0.2406,266.2,0.3
4951,2,5453.8,18225.23,0.428712,1.116864316172537e-06,0.929861,267.3,0.2394,266.1,0.3
4952,2,5454.49,18222.75,0.429052,1.116832849568586e-06,0.999139,267.9,0.2389,266.1,0.3
4953,2,5455.18,18220.29,0.452266,1.1168013767961438e-06,0.718729,265.8,0.2408,266.1,0.3
4954,2,5455.87,18217.81,0.432,1.1167698978559217e-06,0.642388,265.8,0.2408,266.0,0.3
4955,2,5456.56,18215.34,0.442351,1.1167384127486313e-06,0.652617,265.9,0.2407,265.8,0.3
4956,2,5457.25,18212.87,0.428251,1.1167069214749844e-06,0.788269,266.0,0.2406,266.1,0.3
4957,2,5457.94,18210.39,0.436514,1.1166754240356927e-06,0.990941,267.7,0.2391,266.3,0.3
4958,2,5458.63,18207.93,0.437587,1.116643920431468e-06,0.711955,267.8,0.239,266.4,0.3
4959,2,5459.33,18205.47,0.43038,1.1166124106630228e-06,0.865964,264.3,0.2422,266.2,0.3
4960,2,5460.02,18203.0,0.425947,1.116580894731069e-06,0.746977,263.9,0.2425,266.0,0.3
4961,2,5460.73,18200.6,0.415445,1.116549372636319e-06,0.748127,265.0,0.2415,265.7,0.3
4962,2,5461.42,18198.13,0.450176,1.1165178443794853e-06,0.856271,264.9,0.2416,265.6,0.3
4963,2,5462.11,18195.67,0.47122,1.1164863099612808e-06,0.749864,264.7,0.2418,265.7,0.3
4964,2,5462.8,18193.19,0.415059,1.116454769382418e-06,0.619027,267.0,0.2397,265.6,0.3
4965,2,5463.49,18190.73,0.443502,1.1164232226436097e-06,0.777565,267.2,0.2395,265.6,0.3
4966,2,5464.18,18188.27,0.41876,1.1163916697455694e-06,0.532098,266.5,0.2401,265.4,0.3
4967,2,5464.87,18185.79,0.426939,1.11636011068901e-06,0.589452,269.6,0.2374,265.5,0.3
4968,2,5465.56,18183.34,0.454368,1.116328545474645e-06,0.666673,266.4,0.2402,265.7,0.3
4969,2,5466.25,18180.87,0.429246,1.1162969741031877e-06,0.89983,268.7,0.2382,265.7,0.3
4970,2,5466.94,18178.42,0.401224,1.1162653965753518e-06,0.534468,266.4,0.2402,265.7,0.3
4971,2,5467.63,18175.95,0.429183,1.1162338128918512e-06,0.948151,268.4,0.2384,265.7,0.3
4972,2,5468.33,18173.49,0.3991,1.1162022230533994e-06,0.534157,265.7,0.2409,265.6,0.3
4973,2,5469.02,18171.04,0.461042,1.116170627060711e-06,0.755553,266.8,0.2398,265.7,0.3
4974,2,5469.71,18168.58,0.433504,1.1161390249144996e-06,0.592737,268.9,0.238,265.8,0.3
4975,2,5470.4,18166.12,0.432666,1.11610741661548e-06,0.706665,267.7,0.2391,265.9,0.3
4976,2,5471.09,18163.66,0.422,1.1160758021643662e-06,0.675602,268.2,0.2387,266.0,0.3
4977,2,5471.78,18161.2,0.436908,1.1160441815618732e-06,0.558494,268.3,0.2386,266.0,0.3
4978,2,5472.47,18158.75,0.433929,1.1160125548087157e-06,0.718367,262.6,0.2437,265.8,0.3
4979,2,5473.15,18156.28,0.414465,1.1159809219056084e-06,0.734965,268.4,0.2385,266.0,0.3
4980,2,5473.85,18153.82,0.404726,1.1159492828532663e-06,0.586118,265.8,0.2408,266.1,0.3
4981,2,5474.54,18151.39,0.398831,1.1159176376524046e-06,0.629582,267.7,0.239,266.2,0.3
4982,2,5475.23,18148.93,0.448594,1.1158859863037386e-06,1.014354,269.2,0.2377,266.4,0.3
4983,2,5475.92,18146.49,0.419041,1.1158543288079836e-06,0.646952,265.3,0.2412,266.5,0.3
4984,2,5476.61,18144.03,0.419915,1.1158226651658553e-06,0.570741,268.6,0.2382,266.5,0.3
4985,2,5477.3,18141.58,0.457541,1.1157909953780694e-06,0.833975,266.1,0.2405,266.5,0.3
4986,2,5477.99,18139.12,0.429379,1.1157593194453419e-06,0.665025,267.8,0.239,266.6,0.3
4987,2,5478.68,18136.67,0.366938,1.1157276373683886e-06,0.526873,266.7,0.24,266.4,0.3
4988,2,5479.37,18134.22,0.410797,1.1156959491479256e-06,0.520453,268.3,0.2385,266.5,0.3
4989,2,5480.06,18131.77,0.487048,1.1156642547846692e-06,0.709788,265.9,0.2407,266.3,0.3
4990,2,5480.75,18129.32,0.424674,1.1156325542793357e-06,0.578917,266.0,0.2406,266.3,0.3
4991,2,5481.44,18126.86,0.419467,1.1156008476326419e-06,0.533631,268.0,0.2388,266.3,0.3
4992,2,5482.13,18124.41,0.400091,1.1155691348453042e-06,0.621962,270.0,0.237,266.5,0.3
4993,2,5482.82,18121.97,0.368298,1.1155374159180395e-06,0.671888,266.2,0.2404,266.4,0.3
4994,2,5483.51,18119.52,0.419971,1.1155056908515648e-06,0.579444,265.4,0.2411,266.3,0.3
4995,2,5484.2,18117.06,0.43724,1.1154739596465972e-06,0.664922,267.9,0.2389,266.3,0.3
4996,2,5484.89,18114.61,0.446406,1.115442222303854e-06,1.094575,267.6,0.2392,266.3,0.3
4997,2,5485.57,18112.16,0.444006,1.1154104788240526e-06,0.76527,267.4,0.2394,266.3,0.3
4998,2,5486.26,18109.71,0.474338,1.1153787292079103e-06,0.729065,269.7,0.2373,266.7,0.3
4999,2,5486.95,18107.27,0.427332,1.1153469734561448e-06,0.500809,268.9,0.238,266.6,0.3
5000,2,5487.64,18104.82,0.430491,1.1153152115694738e-06,0.693899,267.9,0.2389,266.8,0.3
5001,2,5625.02,18553.22,0.362554,1.1152834435486155e-06,0.586577,242.4,0.2641,265.3,0.3
5002,2,5625.68,18550.57,0.367856,1.1152516693942878e-06,0.788524,270.1,0.2369,265.3,0.3
5003,2,5626.36,18547.99,0.402266,1.115219889107209e-06,0.478501,269.4,0.2375,265.5,0.3
5004,2,5627.04,18545.39,0.467117,1.1151881026880971e-06,0.912987,271.4,0.2358,265.7,0.3
5005,2,5627.73,18542.82,0.451123,1.1151563101376713e-06,1.040142,266.7,0.2399,265.7,0.3
5006,2,5628.41,18540.25,0.411211,1.1151245114566494e-06,0.724333,266.8,0.2399,265.7,0.3
5007,2,5629.09,18537.68,0.381542,1.1150927066457507e-06,0.619491,268.7,0.2381,265.8,0.3
5008,2,5629.78,18535.1,0.428618,1.115060895705694e-06,0.587068,269.0,0.238,265.7,0.3
5009,2,5630.48,18532.58,0.420833,1.115029078637198e-06,0.67651,251.5,0.2545,265.0,0.3
5010,2,5631.15,18529.95,0.454687,1.114997255440982e-06,0.811909,269.8,0.2372,265.2,0.3
5011,2,5631.83,18527.39,0.417677,1.1149654261177658e-06,0.58603,263.7,0.2427,265.0,0.3
5012,2,5632.52,18524.82,0.439024,1.1149335906682685e-06,0.951188,267.9,0.2389,264.9,0.3
5013,2,5633.2,18522.25,0.436133,1.1149017490932096e-06,0.637269,270.1,0.237,265.1,0.3
5014,2,5633.88,18519.68,0.406404,1.1148699013933088e-06,0.726229,269.0,0.2379,265.2,0.3
5015,2,5634.57,18517.11,0.453085,1.1148380475692861e-06,0.766538,270.7,0.2364,265.4,0.3
5016,2,5635.25,18514.53,0.432764,1.1148061876218615e-06,0.810321,270.1,0.2369,265.5,0.3
5017,2,5635.94,18511.98,0.482874,1.1147743215517552e-06,0.803338,268.1,0.2387,265.5,0.3
5018,2,5636.62,18509.41,0.398329,1.1147424493596873e-06,0.58559,268.8,0.2381,265.5,0.3
5019,2,5637.31,18506.85,0.446516,1.1147105710463785e-06,0.661197,269.6,0.2374,265.5,0.3
5020,2,5637.99,18504.29,0.466854,1.114678686612549e-06,1.1023,266.2,0.2405,265.4,0.3
5021,2,5638.68,18501.74,0.396848,1.1146467960589198e-06,0.457091,270.8,0.2364,267.1,0.3
5022,2,5639.37,18499.19,0.415198,1.1146148993862117e-06,0.505772,267.9,0.2389,267.0,0.3
5023,2,5640.05,18496.63,0.42875,1.1145829965951453e-06,0.623616,269.4,0.2376,267.0,0.3
5024,2,5640.74,18494.08,0.409265,1.1145510876864423e-06,0.791031,264.7,0.2417,266.7,0.3
5025,2,5641.42,18491.51,0.43509,1.1145191726608235e-06,0.859692,269.0,0.2379,266.8,0.3
5026,2,5642.11,18488.96,0.461316,1.1144872515190104e-06,1.071767,266.4,0.2402,266.8,0.3
5027,2,5642.79,18486.4,0.436217,1.1144553242617245e-06,0.524101,268.7,0.2382,266.7,0.3
5028,2,5643.48,18483.86,0.43024,1.1144233908896876e-06,0.494906,266.8,0.2399,266.7,0.3
5029,2,5644.16,18481.29,0.430238,1.1143914514036215e-06,0.604268,272.5,0.2349,267.9,0.2
5030,2,5644.85,18478.75,0.472896,1.1143595058042479e-06,0.891935,268.7,0.2381,267.9,0.2
5031,2,5645.54,18476.2,0.39785,1.114327554092289e-06,0.460698,270.2,0.2369,268.2,0.2
5032,2,5646.22,18473.64,0.447697,1.1142955962684673e-06,0.879126,271.4,0.2358,268.3,0.2
5033,2,5646.91,18471.1,0.45927,1.1142636323335047e-06,0.551237,265.8,0.2407,268.0,0.3
5034,2,5647.6,18468.56,0.43606,1.114231662288124e-06,0.652024,265.4,0.2411,267.8,0.3
5035,2,5648.28,18466.01,0.450726,1.1141996861330477e-06,0.730432,267.7,0.2391,267.6,0.3
5036,2,5648.99,18463.52,0.443239,1.1141677038689987e-06,0.527292,250.9,0.2551,266.6,0.3
5037,2,5649.66,18460.93,0.43904,1.1141357154966998e-06,0.739824,264.8,0.2417,266.5,0.3
5038,2,5650.34,18458.38,0.431313,1.114103721016874e-06,0.556502,266.5,0.2401,266.4,0.3
5039,2,5651.02,18455.83,0.43153,1.1140717204302446e-06,0.855434,270.6,0.2365,266.4,0.3
5040,2,5651.71,18453.29,0.445709,1.1140397137375349e-06,0.576204,268.0,0.2388,266.5,0.3
5041,2,5652.41,18450.78,0.434235,1.1140077009394682e-06,0.729879,270.7,0.2364,266.5,0.3
5042,2,5653.1,18448.25,0.433629,1.1139756820367684e-06,0.522704,269.2,0.2377,266.5,0.3
5043,2,5653.79,18445.72,0.452378,1.113943657030159e-06,0.965123,265.4,0.2412,266.3,0.3
5044,2,5654.48,18443.2,0.422918,1.1139116259203637e-06,0.543111,267.7,0.2391,266.4,0.3
5045,2,5655.17,18440.66,0.397527,1.113879588708107e-06,0.68933,269.9,0.2371,266.4,0.3
5046,2,5655.85,18438.13,0.453283,1.1138475453941128e-06,0.657748,268.3,0.2385,266.4,0.4
5047,2,5656.54,18435.6,0.432727,1.1138154959791053e-06,0.587993,269.3,0.2377,266.4,0.4
5048,2,5657.24,18433.09,0.45963,1.1137834404638089e-06,0.513272,263.6,0.2428,266.2,0.4
5049,2,5657.93,18430.56,0.448685,1.1137513788489484e-06,0.673877,265.4,0.2412,265.9,0.4
5050,2,5658.62,18428.04,0.469236,1.1137193111352482e-06,0.757288,267.0,0.2397,265.8,0.4
5051,2,5659.31,18425.54,0.413283,1.1136872373234334e-06,0.591262,256.5,0.2495,265.0,0.4
5052,2,5659.99,18422.98,0.375574,1.1136551574142289e-06,0.903334,268.3,0.2385,264.9,0.4
5053,2,5660.68,18420.47,0.445024,1.1136230714083598e-06,0.928773,265.7,0.2409,264.9,0.4
5054,2,5661.39,18417.99,0.448622,1.1135909793065514e-06,0.666121,253.1,0.2529,264.4,0.4
5055,2,5662.07,18415.43,0.397395,1.113558881109529e-06,0.633029,266.6,0.2401,264.3,0.4
5056,2,5662.75,18412.9,0.398922,1.113526776818018e-06,0.806441,268.3,0.2386,265.2,0.3
5057,2,5663.44,18410.38,0.453325,1.1134946664327444e-06,0.581662,267.7,0.2391,265.4,0.3
5058,2,5664.13,18407.86,0.418184,1.1134625499544338e-06,0.564416,266.9,0.2398,265.4,0.4
5059,2,5664.82,18405.34,0.439606,1.1134304273838122e-06,0.556578,265.9,0.2407,265.2,0.4
5060,2,5665.51,18402.82,0.35911,1.1133982987216058e-06,0.598095,269.6,0.2374,265.3,0.3
5061,2,5666.21,18400.33,0.379522,1.1133661639685406e-06,0.811279,267.8,0.239,265.1,0.3
5062,2,5666.89,18397.81,0.402197,1.113334023125343e-06,0.696326,268.1,0.2388,265.1,0.3
5063,2,5667.58,18395.28,0.478591,1.1133018761927394e-06,0.739465,271.1,0.2361,265.4,0.3
5064,2,5668.27,18392.77,0.461111,1.1132697231714568e-06,0.783119,263.4,0.243,265.2,0.3
5065,2,5668.96,18390.25,0.40632,1.1132375640622214e-06,0.741795,265.6,0.2409,265.1,0.3
5066,2,5669.64,18387.73,0.410517,1.1132053988657605e-06,0.601789,268.5,0.2384,265.1,0.3
5067,2,5670.33,18385.21,0.420736,1.1131732275828012e-06,0.834807,268.6,0.2382,265.1,0.3
5068,2,5671.02,18382.7,0.410363,1.1131410502140704e-06,0.64495,267.3,0.2395,265.3,0.3
5069,2,5671.71,18380.19,0.413575,1.1131088667602957e-06,0.789223,267.4,0.2393,265.4,0.3
5070,2,5672.4,18377.69,0.478926,1.1130766772222042e-06,0.82651,263.9,0.2425,265.2,0.3
5071,2,5673.09,18375.18,0.428407,1.113044481600524e-06,0.695479,262.5,0.2438,265.5,0.3
5072,2,5673.78,18372.66,0.417817,1.1130122798959825e-06,0.667271,265.5,0.241,265.3,0.3
5073,2,5674.47,18370.15,0.353575,1.1129800721093074e-06,0.507295,265.5,0.241,265.3,0.3
5074,2,5675.15,18367.64,0.380245,1.112947858241227e-06,0.524369,267.1,0.2396,266.0,0.3
5075,2,5675.84,18365.12,0.413521,1.1129156382924696e-06,0.866777,269.0,0.2379,266.2,0.3
5076,2,5676.53,18362.61,0.41532,1.112883412263763e-06,0.590821,266.8,0.2398,266.1,0.3
5077,2,5677.22,18360.12,0.42246,1.112851180155836e-06,0.701266,264.4,0.242,266.0,0.3
5078,2,5677.91,18357.61,0.424648,1.1128189419694167e-06,0.653804,266.4,0.2403,265.9,0.3
5079,2,5678.6,18355.1,0.399126,1.1127866977052342e-06,0.601219,268.7,0.2382,266.1,0.3
5080,2,5679.29,18352.59,0.405634,1.1127544473640173e-06,0.898624,268.6,0.2383,266.0,0.3
5081,2,5679.98,18350.11,0.3824,1.1127221909464947e-06,0.584483,272.3,0.235,266.2,0.3
5082,2,5680.67,18347.62,0.426779,1.1126899284533958e-06,0.810194,265.1,0.2414,266.1,0.3
5083,2,5681.36,18345.1,0.421551,1.11265765988545e-06,0.585088,269.0,0.2379,266.0,0.3
5084,2,5682.05,18342.6,0.46253,1.1126253852433863e-06,0.787571,269.3,0.2376,266.3,0.3
5085,2,5682.74,18340.11,0.410502,1.1125931045279342e-06,0.564461,267.3,0.2394,266.4,0.3
5086,2,5683.44,18337.63,0.437045,1.1125608177398234e-06,0.814805,259.2,0.2469,265.9,0.3
5087,2,5684.12,18335.11,0.426518,1.112528524879784e-06,0.514253,267.5,0.2393,265.8,0.3
5088,2,5684.81,18332.61,0.444091,1.1124962259485455e-06,0.553572,267.7,0.2391,265.8,0.3
5089,2,5685.5,18330.13,0.437382,1.1124639209468383e-06,0.708518,264.7,0.2418,265.7,0.3
5090,2,5686.19,18327.62,0.413505,1.1124316098753924e-06,0.532839,268.1,0.2387,265.9,0.3
5091,2,5686.88,18325.13,0.384677,1.1123992927349384e-06,0.591641,264.5,0.2419,266.1,0.3
5092,2,5687.57,18322.63,0.440986,1.1123669695262066e-06,0.558977,268.0,0.2388,266.2,0.3
5093,2,5688.26,18320.14,0.357139,1.1123346402499275e-06,0.61921,268.1,0.2387,266.4,0.3
5094,2,5688.95,18317.65,0.387657,1.112302304906832e-06,0.64865,263.7,0.2427,266.2,0.3
5095,2,5689.63,18315.14,0.4121,1.1122699634976508e-06,0.657975,268.5,0.2383,266.2,0.3
5096,2,5690.32,18312.65,0.417546,1.1122376160231153e-06,0.536322,267.7,0.2391,266.2,0.3
5097,2,5691.01,18310.16,0.432663,1.112205262483956e-06,0.818853,266.2,0.2404,266.2,0.3
5098,2,5691.7,18307.68,0.428713,1.1121729028809048e-06,0.752559,261.7,0.2446,266.0,0.3
5099,2,5692.39,18305.18,0.42939,1.112140537214693e-06,0.550697,262.8,0.2435,265.7,0.3
5100,2,5693.07,18302.68,0.441371,1.1121081654860523e-06,0.805726,268.0,0.2389,265.7,0.3
5101,2,5693.78,18300.23,0.430119,1.1120757876957142e-06,0.742434,269.6,0.2374,265.5,0.3
5102,2,5694.47,18297.74,0.394836,1.1120434038444104e-06,0.660679,268.7,0.2381,265.7,0.3
5103,2,5695.16,18295.26,0.439579,1.112011013932873e-06,0.788087,266.6,0.2401,265.6,0.3
5104,2,5695.84,18292.77,0.420334,1.1119786179618344e-06,0.517614,268.2,0.2386,265.5,0.3
5105,2,5696.54,18290.29,0.404015,1.1119462159320267e-06,0.569575,266.6,0.2401,265.5,0.3
5106,2,5697.23,18287.81,0.466572,1.1119138078441822e-06,0.578065,263.6,0.2427,265.7,0.3
5107,2,5697.91,18285.31,0.447619,1.1118813936990335e-06,1.045537,267.9,0.2389,265.8,0.3
5108,2,5698.6,18282.83,0.415778,1.1118489734973131e-06,0.71206,266.6,0.2401,265.8,0.3
5109,2,5699.29,18280.34,0.493657,1.111816547239754e-06,0.698036,267.0,0.2397,265.9,0.3
5110,2,5699.98,18277.85,0.44734,1.1117841149270893e-06,0.990456,268.4,0.2385,265.9,0.3
5111,2,5700.67,18275.37,0.467657,1.1117516765600518e-06,0.948399,265.9,0.2407,266.0,0.3
5112,2,5701.35,18272.88,0.428092,1.1117192321393748e-06,0.794392,266.8,0.2399,265.9,0.3
5113,2,5702.04,18270.39,0.439836,1.1116867816657917e-06,0.696964,268.5,0.2383,265.9,0.3
5114,2,5702.73,18267.92,0.403138,1.1116543251400358e-06,0.675491,266.9,0.2398,266.1,0.3
5115,2,5703.42,18265.43,0.426785,1.111621862562841e-06,0.720261,266.7,0.24,265.9,0.3
5116,2,5704.11,18262.95,0.397151,1.111589393934941e-06,0.576619,267.7,0.2391,266.0,0.3
5117,2,5704.79,18260.47,0.417844,1.1115569192570696e-06,0.638056,267.0,0.2397,266.0,0.3
5118,2,5705.48,18257.99,0.461257,1.1115244385299608e-06,0.803345,266.0,0.2406,266.2,0.3
5119,2,5706.17,18255.52,0.419754,1.111491951754349e-06,0.541257,268.1,0.2387,266.5,0.3
5120,2,5706.86,18253.03,0.433996,1.1114594589309682e-06,0.936916,266.7,0.24,266.4,0.3
5121,2,5707.55,18250.57,0.408313,1.1114269600605531e-06,0.668925,269.8,0.2372,266.5,0.3
5122,2,5708.24,18248.09,0.40361,1.1113944551438382e-06,0.753205,267.8,0.239,266.4,0.3
5123,2,5708.94,18245.64,0.465608,1.1113619441815582e-06,0.640865,257.6,0.2484,265.9,0.3
5124,2,5709.62,18243.16,0.41744,1.111329427174448e-06,0.720644,260.2,0.246,265.5,0.3
5125,2,5710.32,18240.72,0.423815,1.1112969041232427e-06,0.590257,247.8,0.2582,264.5,0.3
5126,2,5710.99,18238.19,0.401135,1.111264375028677e-06,0.665493,264.2,0.2422,264.5,0.3
5127,2,5711.68,18235.7,0.419458,1.1112318398914865e-06,0.632358,270.2,0.2368,264.5,0.3
5128,2,5712.36,18233.23,0.377392,1.1111992987124066e-06,0.661165,266.3,0.2404,264.5,0.3
5129,2,5713.05,18230.75,0.422378,1.111166751492173e-06,0.595116,268.4,0.2384,264.6,0.3
5130,2,5713.75,18228.3,0.440221,1.1111341982315212e-06,0.625737,258.8,0.2473,264.1,0.3
5131,2,5714.43,18225.81,0.41005,1.111101638931187e-06,0.679055,267.1,0.2396,264.2,0.3
5132,2,5715.12,18223.34,0.370883,1.1110690735919062e-06,0.505093,265.4,0.2411,264.1,0.3
5133,2,5715.8,18220.87,0.381338,1.111036502214415e-06,0.623908,267.1,0.2396,264.1,0.3
5134,2,5716.49,18218.4,0.38716,1.11100392479945e-06,0.628406,265.5,0.2411,264.0,0.3
5135,2,5717.18,18215.93,0.481501,1.110971341347747e-06,1.033851,266.8,0.2399,264.1,0.3
5136,2,5717.87,18213.46,0.410076,1.1109387518600426e-06,0.937438,266.7,0.24,264.0,0.3
5137,2,5718.56,18211.01,0.382589,1.1109061563370735e-06,0.67709,265.3,0.2412,264.0,0.3
5138,2,5719.24,18208.53,0.412612,1.1108735547795767e-06,0.750502,269.6,0.2374,264.2,0.3
5139,2,5719.93,18206.06,0.389468,1.110840947188289e-06,0.630686,267.2,0.2395,264.1,0.3
5140,2,5720.62,18203.6,0.414118,1.1108083335639474e-06,0.781946,267.3,0.2394,264.1,0.3
5141,2,5721.33,18201.18,0.405443,1.1107757139072889e-06,0.869094,268.7,0.2382,264.0,0.3
5142,2,5722.01,18198.72,0.420311,1.1107430882190508e-06,0.65026,266.4,0.2403,263.9,0.3
5143,2,5722.7,18196.23,0.404165,1.110710456499971e-06,0.690524,272.2,0.2351,264.6,0.3
5144,2,5723.39,18193.78,0.429239,1.1106778187507867e-06,0.779411,267.5,0.2392,265.0,0.3
5145,2,5724.07,18191.32,0.393471,1.1106451749722356e-06,0.573434,267.0,0.2397,266.1,0.3
5146,2,5724.76,18188.85,0.455129,1.1106125251650558e-06,0.580597,267.5,0.2393,266.2,0.3
5147,2,5725.45,18186.4,0.436587,1.1105798693299851e-06,0.805044,266.4,0.2403,266.1,0.3
5148,2,5726.14,18183.94,0.433118,1.1105472074677617e-06,0.908197,266.5,0.2401,266.1,0.3
5149,2,5726.83,18181.48,0.433332,1.1105145395791237e-06,0.690456,269.4,0.2376,266.1,0.3
5150,2,5727.52,18179.02,0.43972,1.1104818656648099e-06,0.557105,265.5,0.241,266.4,0.3
5151,2,5728.2,18176.56,0.415285,1.1104491857255587e-06,0.861079,267.5,0.2393,266.5,0.3
5152,2,5728.89,18174.1,0.417143,1.1104164997621086e-06,0.691762,269.7,0.2373,266.6,0.3
5153,2,5729.58,18171.64,0.412565,1.1103838077751984e-06,0.5795,269.9,0.2371,266.8,0.3
5154,2,5730.26,18169.18,0.392042,1.1103511097655674e-06,0.650473,268.7,0.2382,266.9,0.3
5155,2,5730.95,18166.73,0.460469,1.1103184057339544e-06,0.694409,265.8,0.2408,266.8,0.3
5156,2,5731.64,18164.27,0.428936,1.1102856956810986e-06,0.76406,270.0,0.237,266.9,0.4
5157,2,5732.33,18161.82,0.462924,1.1102529796077396e-06,0.582708,268.5,0.2383,267.1,0.4
5158,2,5733.01,18159.36,0.431364,1.1102202575146166e-06,0.648043,269.6,0.2374,267.1,0.4
5159,2,5733.7,18156.91,0.406534,1.1101875294024693e-06,0.644199,268.9,0.238,267.2,0.4
5160,2,5734.39,18154.45,0.449003,1.1101547952720375e-06,0.593102,270.3,0.2367,267.3,0.4
5161,2,5735.09,18152.04,0.427256,1.1101220551240613e-06,0.660482,268.3,0.2386,267.3,0.4
5162,2,5735.78,18149.59,0.363134,1.1100893089592804e-06,0.438634,267.1,0.2396,267.4,0.4
5163,2,5736.47,18147.15,0.418368,1.110056556778435e-06,0.510604,267.4,0.2393,267.1,0.4
5164,2,5737.16,18144.7,0.439691,1.1100237985822658e-06,0.732473,266.4,0.2402,267.0,0.4
5165,2,5737.84,18142.24,0.432862,1.1099910343715127e-06,0.616883,271.5,0.2358,267.3,0.4
5166,2,5738.53,18139.8,0.463267,1.1099582641469168e-06,0.929533,269.6,0.2374,267.4,0.4
5167,2,5739.22,18137.36,0.432935,1.1099254879092185e-06,0.592256,267.6,0.2392,267.5,0.4
5168,2,5739.91,18134.91,0.416707,1.1098927056591588e-06,0.549983,266.6,0.2401,267.4,0.4
5169,2,5740.59,18132.46,0.420726,1.1098599173974786e-06,0.660624,268.3,0.2385,267.4,0.4
5170,2,5741.28,18130.02,0.42217,1.1098271231249191e-06,0.670685,265.6,0.241,267.4,0.4
5171,2,5741.97,18127.57,0.408325,1.1097943228422215e-06,0.569018,267.5,0.2393,267.4,0.4
5172,2,5742.66,18125.14,0.454163,1.1097615165501273e-06,0.625035,264.5,0.242,267.1,0.4
5173,2,5743.34,18122.67,0.465794,1.1097287042493778e-06,0.817182,270.0,0.237,267.1,0.4
5174,2,5744.03,18120.22,0.374422,1.1096958859407147e-06,0.768801,271.4,0.2359,267.2,0.4
5175,2,5744.72,18117.78,0.451133,1.10966306162488e-06,0.54807,269.4,0.2375,267.4,0.4
5176,2,5745.4,18115.34,0.369757,1.1096302313026157e-06,0.640251,268.0,0.2388,267.3,0.4
5177,2,5746.09,18112.89,0.461248,1.1095973949746639e-06,0.737785,269.1,0.2378,267.4,0.4
5178,2,5746.78,18110.45,0.470046,1.1095645526417665e-06,0.725877,268.2,0.2386,267.3,0.4
5179,2,5747.47,18108.01,0.400891,1.1095317043046658e-06,0.505972,268.1,0.2387,267.2,0.4
5180,2,5748.16,18105.58,0.411875,1.1094988499641046e-06,0.669392,264.8,0.2417,267.0,0.4
5181,2,5748.86,18103.18,0.427077,1.1094659896208255e-06,0.75423,268.5,0.2384,267.0,0.4
5182,2,5749.54,18100.75,0.433415,1.109433123275571e-06,0.594576,266.3,0.2403,267.0,0.3
5183,2,5750.23,18098.29,0.422411,1.1094002509290844e-06,0.543402,270.3,0.2368,267.1,0.3
5184,2,5750.91,18095.86,0.423087,1.1093673725821083e-06,0.601637,269.6,0.2373,267.4,0.3
5185,2,5751.6,18093.43,0.428962,1.109334488235386e-06,0.858052,265.8,0.2408,267.1,0.3
5186,2,5752.29,18090.98,0.430549,1.109301597889661e-06,0.602738,270.4,0.2367,267.1,0.3
5187,2,5752.98,18088.55,0.406459,1.1092687015456764e-06,0.856342,268.1,0.2387,267.1,0.3
5188,2,5753.66,18086.1,0.454754,1.109235799204176e-06,0.929895,270.7,0.2364,267.4,0.3
5189,2,5754.35,18083.68,0.405636,1.1092028908659036e-06,0.60034,268.9,0.238,267.4,0.3
5190,2,5755.04,18081.25,0.427726,1.1091699765316028e-06,0.646455,266.7,0.24,267.4,0.3
5191,2,5755.73,18078.82,0.382588,1.1091370562020176e-06,0.704414,266.9,0.2398,267.4,0.3
5192,2,5756.42,18076.39,0.360585,1.1091041298778922e-06,0.547493,268.7,0.2382,267.6,0.3
5193,2,5757.1,18073.95,0.452465,1.1090711975599706e-06,0.955241,267.9,0.2389,267.5,0.3
5194,2,5757.79,18071.53,0.499256,1.1090382592489977e-06,0.833728,267.3,0.2394,267.3,0.3
5195,2,5758.48,18069.1,0.446568,1.1090053149457177e-06,0.680633,264.3,0.2422,267.1,0.3
5196,2,5759.16,18066.65,0.454163,1.1089723646508752e-06,0.666373,270.1,0.237,267.2,0.3
5197,2,5759.85,18064.23,0.414924,1.108939408365215e-06,0.605109,268.1,0.2387,267.2,0.3
5198,2,5760.54,18061.81,0.424328,1.1089064460894822e-06,0.570076,266.9,0.2398,267.1,0.3
5199,2,5761.23,18059.38,0.422866,1.1088734778244215e-06,0.802832,269.1,0.2379,267.2,0.3
5200,2,5761.92,18056.96,0.421093,1.1088405035707786e-06,0.588709,267.1,0.2396,267.3,0.3
5201,2,5778.21,18103.44,0.469204,1.1088075233292984e-06,0.78707,274.0,0.2335,267.5,0.3
5202,2,5778.9,18100.99,0.394633,1.1087745371007266e-06,0.605944,271.9,0.2354,267.8,0.3
5203,2,5779.58,18098.54,0.397683,1.1087415448858084e-06,0.692589,269.5,0.2375,267.8,0.3
5204,2,5780.26,18096.08,0.409188,1.1087085466852903e-06,0.518161,271.4,0.2358,267.8,0.3
5205,2,5780.95,18093.64,0.432449,1.1086755424999174e-06,0.73971,268.7,0.2382,268.0,0.3
5206,2,5781.63,18091.19,0.452214,1.1086425323304362e-06,0.667604,270.2,0.2369,268.0,0.3
5207,2,5782.32,18088.75,0.428787,1.1086095161775928e-06,0.655562,270.7,0.2364,268.2,0.3
5208,2,5783.0,18086.31,0.418065,1.1085764940421333e-06,0.859067,267.8,0.2389,268.0,0.3
5209,2,5783.68,18083.86,0.416707,1.108543465924804e-06,0.523599,268.6,0.2383,268.0,0.3
5210,2,5784.36,18081.41,0.422452,1.1085104318263517e-06,0.650834,268.3,0.2385,268.1,0.3
5211,2,5785.05,18078.98,0.442339,1.108477391747523e-06,0.692172,267.0,0.2397,268.1,0.3
5212,2,5785.73,18076.53,0.470258,1.1084443456890648e-06,0.572803,271.5,0.2357,268.3,0.3
5213,2,5786.42,18074.09,0.453757,1.108411293651724e-06,0.657629,268.9,0.238,268.3,0.3
5214,2,5787.1,18071.65,0.458656,1.1083782356362473e-06,0.790927,269.4,0.2376,268.4,0.3
5215,2,5787.79,18069.21,0.405911,1.1083451716433824e-06,0.868111,269.2,0.2377,268.7,0.3
5216,2,5788.47,18066.78,0.495847,1.1083121016738768e-06,0.679589,268.5,0.2384,268.6,0.3
5217,2,5789.16,18064.35,0.417618,1.1082790257284776e-06,0.719302,268.8,0.2381,268.7,0.3
5218,2,5789.84,18061.91,0.390407,1.1082459438079326e-06,0.576336,268.8,0.2381,268.7,0.3
5219,2,5790.53,18059.48,0.382109,1.1082128559129893e-06,0.509181,269.8,0.2372,268.7,0.3
5220,2,5791.21,18057.05,0.453002,1.1081797620443959e-06,0.775971,268.4,0.2384,268.8,0.3
5221,2,5791.91,18054.65,0.437731,1.1081466622029003e-06,0.517967,269.4,0.2376,268.6,0.3
5222,2,5792.6,18052.22,0.398161,1.1081135563892509e-06,0.64852,267.7,0.2391,268.4,0.3
5223,2,5793.28,18049.79,0.469281,1.1080804446041956e-06,0.752143,269.3,0.2377,268.4,0.3
5224,2,5793.97,18047.37,0.409631,1.1080473268484832e-06,0.48341,266.4,0.2403,268.2,0.3
5225,2,5794.65,18044.94,0.489832,1.1080142031228623e-06,0.717827,268.5,0.2384,268.1,0.3
5226,2,5795.34,18042.51,0.435908,1.1079810734280812e-06,0.689732,270.0,0.237,268.1,0.3
5227,2,5796.03,18040.09,0.44435,1.1079479377648891e-06,0.708179,267.1,0.2396,267.9,0.3
5228,2,5796.73,18037.71,0.421974,1.1079147961340348e-06,0.861201,255.6,0.2504,267.3,0.3
5229,2,5797.41,18035.27,0.415249,1.1078816485362675e-06,0.917452,267.3,0.2394,267.2,0.3
5230,2,5798.09,18032.85,0.42108,1.1078484949723364e-06,0.643294,264.5,0.2419,267.0,0.3
5231,2,5798.78,18030.42,0.464284,1.1078153354429909e-06,0.700807,270.2,0.2369,267.1,0.3
5232,2,5799.47,18028.01,0.415943,1.1077821699489806e-06,0.53678,267.0,0.2397,266.9,0.3
5233,2,5800.15,18025.58,0.457178,1.1077489984910551e-06,0.668542,267.1,0.2396,266.8,0.3
5234,2,5800.84,18023.16,0.42677,1.1077158210699642e-06,0.641724,269.4,0.2376,266.8,0.3
5235,2,5801.53,18020.75,0.419921,1.1076826376864577e-06,0.840767,265.7,0.2409,266.6,0.3
5236,2,5802.22,18018.34,0.423606,1.1076494483412857e-06,0.745954,266.2,0.2404,266.5,0.3
5237,2,5802.9,18015.92,0.382154,1.1076162530351984e-06,0.685373,269.2,0.2377,266.5,0.3
5238,2,5803.59,18013.51,0.415724,1.107583051768946e-06,0.579499,266.7,0.24,266.5,0.3
5239,2,5804.28,18011.1,0.427804,1.1075498445432795e-06,0.903959,266.5,0.2401,266.4,0.3
5240,2,5804.97,18008.71,0.4136,1.107516631358949e-06,0.515116,260.4,0.2457,265.9,0.3
5241,2,5805.67,18006.32,0.401274,1.1074834122167053e-06,0.538374,265.5,0.241,265.7,0.3
5242,2,5806.36,18003.92,0.445731,1.1074501871172993e-06,0.626223,267.3,0.2394,265.6,0.3
5243,2,5807.05,18001.51,0.411736,1.1074169560614822e-06,0.629586,268.8,0.2381,265.6,0.3
5244,2,5807.73,17999.1,0.408654,1.1073837190500047e-06,0.616089,268.1,0.2387,265.6,0.3
5245,2,5808.42,17996.7,0.417321,1.1073504760836184e-06,0.65601,265.1,0.2414,265.5,0.3
5246,2,5809.11,17994.29,0.430527,1.1073172271630745e-06,0.681574,268.8,0.2381,265.4,0.3
5247,2,5809.8,17991.89,0.447993,1.1072839722891248e-06,0.694932,268.0,0.2388,265.4,0.3
5248,2,5810.49,17989.5,0.419779,1.1072507114625209e-06,0.638917,261.8,0.2445,265.7,0.3
5249,2,5811.18,17987.08,0.458772,1.1072174446840144e-06,0.715151,266.6,0.2401,265.7,0.3
5250,2,5811.87,17984.68,0.41901,1.1071841719543576e-06,0.676706,266.2,0.2404,265.8,0.3
5251,2,5812.55,17982.28,0.400287,1.1071508932743021e-06,0.690026,268.2,0.2386,265.7,0.3
5252,2,5813.24,17979.88,0.400209,1.1071176086446004e-06,0.629283,267.6,0.2392,265.8,0.3
5253,2,5813.93,17977.47,0.462393,1.1070843180660049e-06,0.776227,269.1,0.2379,265.8,0.3
5254,2,5814.62,17975.08,0.427733,1.1070510215392678e-06,0.545379,267.6,0.2391,265.6,0.4
5255,2,5815.31,17972.68,0.409439,1.107017719065142e-06,0.950852,269.6,0.2374,265.8,0.4
5256,2,5815.99,17970.27,0.386847,1.1069844106443802e-06,0.571641,271.0,0.2361,266.1,0.4
5257,2,5816.68,17967.87,0.395734,1.1069510962777351e-06,0.701511,271.1,0.236,266.2,0.4
5258,2,5817.37,17965.47,0.446185,1.10691777596596e-06,0.731829,271.2,0.236,266.4,0.4
5259,2,5818.06,17963.08,0.39047,1.1068844497098079e-06,0.521684,268.0,0.2388,266.5,0.4
5260,2,5818.75,17960.68,0.442242,1.106851117510032e-06,1.019377,270.0,0.2371,267.0,0.3
5261,2,5819.44,17958.3,0.41874,1.1068177793673859e-06,0.60742,271.1,0.2361,267.3,0.3
5262,2,5820.13,17955.91,0.400135,1.1067844352826232e-06,0.717219,269.3,0.2376,267.5,0.3
5263,2,5820.82,17953.52,0.441943,1.1067510852564973e-06,0.616596,266.1,0.2405,267.4,0.3
5264,2,5821.51,17951.12,0.39045,1.106717729289762e-06,0.663566,269.3,0.2377,267.5,0.3
5265,2,5822.2,17948.73,0.399959,1.106684367383172e-06,0.625664,267.0,0.2397,267.6,0.3
5266,2,5822.88,17946.34,0.375311,1.1066509995374803e-06,0.585802,268.8,0.2381,267.7,0.3
5267,2,5823.57,17943.95,0.420106,1.1066176257534417e-06,0.617661,266.4,0.2402,267.6,0.2
5268,2,5824.26,17941.56,0.39405,1.1065842460318107e-06,0.719646,268.2,0.2387,268.0,0.2
5269,2,5824.95,17939.17,0.399989,1.1065508603733416e-06,0.54636,266.7,0.24,268.0,0.2
5270,2,5825.64,17936.77,0.408385,1.106517468778789e-06,0.625503,270.2,0.2368,268.2,0.2
5271,2,5826.32,17934.38,0.474547,1.1064840712489077e-06,0.802132,269.0,0.2379,268.3,0.2
5272,2,5827.01,17931.98,0.413356,1.1064506677844527e-06,0.633201,270.9,0.2362,268.5,0.2
5273,2,5827.7,17929.6,0.459036,1.1064172583861787e-06,0.671283,268.8,0.2381,268.5,0.2
5274,2,5828.39,17927.22,0.414891,1.1063838430548412e-06,0.587794,270.1,0.2369,268.8,0.1
5275,2,5829.08,17924.83,0.411723,1.1063504217911954e-06,0.64838,268.9,0.238,268.8,0.1
5276,2,5829.77,17922.45,0.411279,1.1063169945959967e-06,0.70837,268.5,0.2383,268.6,0.1
5277,2,5830.46,17920.06,0.382347,1.1062835614700007e-06,0.576643,270.2,0.2369,268.6,0.1
5278,2,5831.14,17917.67,0.423263,1.1062501224139632e-06,0.977884,269.6,0.2374,268.5,0.1
5279,2,5831.83,17915.29,0.408088,1.1062166774286399e-06,0.809233,270.4,0.2367,268.6,0.1
5280,2,5832.52,17912.9,0.441248,1.1061832265147868e-06,0.626216,271.4,0.2358,268.7,0.1
5281,2,5833.21,17910.54,0.450851,1.1061497696731603e-06,0.645484,272.2,0.2351,268.7,0.1
5282,2,5833.9,17908.16,0.442855,1.106116306904516e-06,0.865831,268.9,0.238,268.7,0.1
5283,2,5834.59,17905.76,0.366673,1.1060828382096107e-06,0.677931,272.9,0.2345,269.1,0.1
5284,2,5835.28,17903.39,0.387325,1.1060493635892007e-06,0.737605,268.5,0.2384,269.0,0.1
5285,2,5835.96,17901.01,0.411,1.106015883044043e-06,0.684865,267.6,0.2392,269.1,0.1
5286,2,5836.65,17898.62,0.370767,1.1059823965748941e-06,0.571163,270.0,0.237,269.1,0.1
5287,2,5837.34,17896.24,0.405966,1.1059489041825108e-06,0.838264,270.4,0.2367,269.3,0.1
5288,2,5838.03,17893.87,0.405738,1.1059154058676503e-06,0.779638,268.5,0.2384,269.3,0.1
5289,2,5838.72,17891.5,0.464814,1.1058819016310698e-06,0.846541,267.4,0.2393,269.4,0.1
5290,2,5839.4,17889.11,0.39143,1.1058483914735265e-06,0.53086,270.5,0.2366,269.4,0.1
5291,2,5840.1,17886.74,0.361742,1.1058148753957778e-06,0.477556,265.9,0.2407,269.2,0.1
5292,2,5840.78,17884.36,0.43568,1.1057813533985816e-06,0.875952,271.6,0.2356,269.3,0.1
5293,2,5841.47,17881.99,0.428559,1.1057478254826953e-06,0.829695,265.5,0.2411,269.1,0.1
5294,2,5842.16,17879.61,0.446052,1.105714291648877e-06,0.736716,267.5,0.2392,269.0,0.1
5295,2,5842.85,17877.23,0.439541,1.1056807518978842e-06,0.725428,268.2,0.2386,269.0,0.1
5296,2,5843.53,17874.86,0.44163,1.1056472062304755e-06,0.678162,269.6,0.2374,269.0,0.1
5297,2,5844.22,17872.48,0.5088,1.1056136546474091e-06,0.868404,271.2,0.236,269.1,0.1
5298,2,5844.91,17870.11,0.416745,1.105580097149443e-06,1.116377,268.8,0.2381,269.0,0.1
5299,2,5845.6,17867.73,0.476056,1.1055465337373362e-06,0.752612,271.4,0.2358,269.1,0.1
5300,2,5846.29,17865.37,0.411581,1.1055129644118472e-06,0.694758,270.2,0.2369,269.0,0.1
5301,2,5846.98,17863.01,0.444935,1.1054793891737344e-06,0.674609,273.0,0.2344,269.1,0.1
5302,2,5847.67,17860.64,0.397295,1.1054458080237571e-06,0.653545,270.3,0.2368,269.2,0.1
5303,2,5848.35,17858.27,0.453243,1.1054122209626742e-06,0.953545,270.1,0.2369,269.0,0.1
5304,2,5849.04,17855.9,0.430824,1.105378627991245e-06,0.661211,270.1,0.2369,269.1,0.1
5305,2,5849.73,17853.52,0.473196,1.1053450291102288e-06,0.718965,271.2,0.236,269.3,0.1
5306,2,5850.42,17851.16,0.428879,1.105311424320385e-06,0.855149,268.3,0.2386,269.2,0.1
5307,2,5851.1,17848.79,0.462435,1.1052778136224732e-06,0.868599,272.4,0.235,269.3,0.1
5308,2,5851.79,17846.42,0.410696,1.1052441970172532e-06,0.774546,272.3,0.235,269.5,0.1
5309,2,5852.48,17844.05,0.413114,1.1052105745054845e-06,0.632567,272.1,0.2352,269.8,0.1
5310,2,5853.17,17841.7,0.396585,1.1051769460879276e-06,0.745748,268.3,0.2385,269.6,0.1
5311,2,5853.86,17839.33,0.440228,1.105143311765342e-06,0.626384,268.9,0.238,269.8,0.1
5312,2,5854.55,17836.97,0.376198,1.1051096715384885e-06,0.830788,271.7,0.2355,269.8,0.1
5313,2,5855.23,17834.6,0.384101,1.1050760254081273e-06,0.646907,271.0,0.2362,270.1,0.1
5314,2,5855.92,17832.25,0.471081,1.105042373375019e-06,1.001807,268.4,0.2385,270.1,0.1
5315,2,5856.61,17829.89,0.456927,1.1050087154399243e-06,0.888123,269.0,0.2379,270.2,0.1
5316,2,5857.3,17827.53,0.437813,1.1049750516036035e-06,1.020074,267.7,0.2391,270.1,0.1
5317,2,5857.99,17825.18,0.433842,1.104941381866818e-06,0.575956,268.2,0.2387,269.9,0.1
5318,2,5858.68,17822.81,0.445389,1.1049077062303286e-06,0.833522,270.2,0.2369,270.0,0.1
5319,2,5859.37,17820.46,0.435866,1.1048740246948965e-06,0.856202,269.1,0.2378,269.9,0.1
5320,2,5860.06,17818.11,0.431633,1.1048403372612833e-06,0.67728,268.9,0.238,269.8,0.1
5321,2,5860.76,17815.77,0.408994,1.1048066439302502e-06,0.654295,270.7,0.2364,269.7,0.1
5322,2,5861.44,17813.41,0.434716,1.1047729447025587e-06,0.766734,269.3,0.2377,269.6,0.1
5323,2,5862.13,17811.06,0.407419,1.1047392395789707e-06,0.596693,266.3,0.2403,269.5,0.1
5324,2,5862.82,17808.71,0.442989,1.1047055285602478e-06,1.01685,266.7,0.24,269.3,0.1
5325,2,5863.51,17806.35,0.415136,1.1046718116471523e-06,0.492173,268.7,0.2382,269.1,0.1
5326,2,5864.2,17804.0,0.467152,1.1046380888404463e-06,1.07501,268.2,0.2386,269.2,0.1
5327,2,5864.89,17801.66,0.384107,1.104604360140892e-06,0.533834,266.6,0.24,268.9,0.1
5328,2,5865.58,17799.3,0.401346,1.1045706255492516e-06,0.605206,269.7,0.2373,268.7,0.1
5329,2,5866.27,17796.95,0.413863,1.1045368850662878e-06,0.702457,270.6,0.2365,268.7,0.1
5330,2,5866.96,17794.6,0.435203,1.1045031386927632e-06,0.733263,269.9,0.2371,268.8,0.1
5331,2,5867.64,17792.25,0.406786,1.1044693864294405e-06,0.692653,270.9,0.2362,268.9,0.1
5332,2,5868.34,17789.91,0.459697,1.1044356282770827e-06,0.633153,268.7,0.2381,268.7,0.1
5333,2,5869.03,17787.56,0.409833,1.104401864236453e-06,0.643875,267.2,0.2395,268.5,0.1
5334,2,5869.71,17785.21,0.413588,1.1043680943083143e-06,0.713507,270.1,0.237,268.6,0.1
5335,2,5870.4,17782.86,0.435781,1.10433431849343e-06,0.886589,267.3,0.2394,268.5,0.1
5336,2,5871.09,17780.52,0.440934,1.1043005367925636e-06,0.778586,268.7,0.2382,268.5,0.1
5337,2,5871.78,17778.17,0.424033,1.1042667492064788e-06,0.497781,270.0,0.2371,268.6,0.1
5338,2,5872.47,17775.84,0.421996,1.104232955735939e-06,0.683743,267.3,0.2394,268.5,0.1
5339,2,5873.16,17773.5,0.438423,1.1041991563817085e-06,0.838938,267.9,0.2389,268.4,0.1
5340,2,5873.85,17771.16,0.39787,1.1041653511445508e-06,0.767722,268.8,0.2381,268.4,0.1
5341,2,5874.55,17768.84,0.397518,1.1041315400252301e-06,0.675002,269.5,0.2375,268.4,0.1
5342,2,5875.24,17766.5,0.417151,1.104097723024511e-06,0.704557,268.9,0.238,268.3,0.1
5343,2,5875.93,17764.17,0.401229,1.1040639001431575e-06,0.590334,268.1,0.2388,268.4,0.1
5344,2,5876.62,17761.83,0.417791,1.1040300713819342e-06,0.560217,268.6,0.2383,268.5,0.1
5345,2,5877.31,17759.5,0.427519,1.1039962367416058e-06,0.520445,268.4,0.2384,268.5,0.1
5346,2,5878.0,17757.16,0.416809,1.1039623962229373e-06,0.766734,271.0,0.2362,268.6,0.1
5347,2,5878.69,17754.82,0.402454,1.1039285498266932e-06,0.53694,271.4,0.2358,268.9,0.1
5348,2,5879.38,17752.47,0.408999,1.1038946975536388e-06,0.707706,271.3,0.2359,268.9,0.1
5349,2,5880.07,17750.14,0.459339,1.1038608394045392e-06,0.992876,268.0,0.2388,268.8,0.1
5350,2,5880.76,17747.79,0.391272,1.1038269753801597e-06,0.693294,273.0,0.2345,268.9,0.1
5351,2,5881.44,17745.45,0.38742,1.1037931054812657e-06,0.555661,271.1,0.2361,268.9,0.1
5352,2,5882.14,17743.12,0.444185,1.1037592297086228e-06,0.675733,266.8,0.2399,268.9,0.1
5353,2,5882.82,17740.78,0.470484,1.103725348062997e-06,0.842533,269.6,0.2374,269.0,0.1
5354,2,5883.51,17738.45,0.396789,1.1036914605451534e-06,0.715661,268.9,0.238,269.0,0.1
5355,2,5884.2,17736.11,0.38595,1.1036575671558588e-06,0.57352,268.3,0.2385,269.0,0.1
5356,2,5884.89,17733.77,0.450134,1.1036236678958787e-06,0.74555,267.6,0.2392,268.9,0.1
5357,2,5885.57,17731.42,0.4228,1.1035897627659798e-06,0.96624,271.6,0.2356,269.0,0.1
5358,2,5886.26,17729.09,0.3952,1.1035558517669281e-06,0.999127,268.8,0.2381,269.1,0.1
5359,2,5886.94,17726.74,0.426028,1.1035219348994904e-06,0.54983,270.1,0.2369,269.2,0.1
5360,2,5887.63,17724.4,0.446909,1.103488012164433e-06,0.783216,270.5,0.2366,269.3,0.1
5361,2,5888.32,17722.08,0.461885,1.1034540835625231e-06,0.722335,272.6,0.2347,269.5,0.1
5362,2,5889.01,17719.75,0.365905,1.1034201490945272e-06,0.762427,270.7,0.2364,269.5,0.1
5363,2,5889.7,17717.41,0.484524,1.1033862087612127e-06,0.677638,270.9,0.2362,269.7,0.1
5364,2,5890.39,17715.08,0.464245,1.1033522625633465e-06,0.679349,268.8,0.2381,269.7,0.1
5365,2,5891.07,17712.74,0.441583,1.103318310501696e-06,0.772938,272.2,0.2351,269.9,0.1
5366,2,5891.76,17710.41,0.437561,1.1032843525770286e-06,0.603446,271.4,0.2358,269.9,0.1
5367,2,5892.45,17708.08,0.444966,1.1032503887901116e-06,0.587299,269.6,0.2374,269.8,0.1
5368,2,5893.14,17705.75,0.424775,1.103216419141713e-06,0.611166,272.5,0.2349,269.9,0.1
5369,2,5893.82,17703.43,0.401463,1.1031824436326009e-06,0.502301,270.1,0.237,270.0,0.1
5370,2,5894.51,17701.1,0.410793,1.1031484622635428e-06,0.750659,269.6,0.2374,269.8,0.1
5371,2,5895.2,17698.78,0.408632,1.1031144750353068e-06,0.82852,267.5,0.2392,269.7,0.1
5372,2,5895.89,17696.45,0.470995,1.1030804819486615e-06,0.662156,273.4,0.2341,270.0,0.1
5373,2,5896.58,17694.13,0.405185,1.103046483004375e-06,0.568309,271.1,0.2361,270.1,0.1
5374,2,5969.32,17907.97,0.512653,1.1030124782032157e-06,1.253913,0.3,72.2911,16.1,0.0
5375,3,5980.69,17937.62,0.47616,1.1029784675459523e-06,0.723294,269.0,0.2379,5.6,97.9
5376,3,5983.43,17941.4,0.383714,1.1029444510333537e-06,0.628268,123.3,0.5192,9.6,94.3
5377,3,5985.47,17943.04,0.384382,1.1029104286661886e-06,0.607698,132.6,0.4828,12.6,91.8
5378,3,5986.12,17940.56,0.43662,1.1028764004452261e-06,0.675265,269.1,0.2379,16.6,90.4
5379,3,5986.8,17938.15,0.427523,1.1028423663712355e-06,0.783481,268.1,0.2387,20.4,89.0
5380,3,5987.68,17936.32,0.393386,1.1028083264449858e-06,0.591743,265.7,0.2409,24.1,87.7
5381,3,5988.71,17934.96,0.450714,1.1027742806672465e-06,0.936814,270.3,0.2368,27.7,86.4
5382,3,5989.67,17933.4,0.354957,1.1027402290387875e-06,0.578335,270.7,0.2364,31.2,85.2
5383,3,5990.45,17931.29,0.403573,1.102706171560378e-06,0.52444,185.6,0.3448,34.4,83.4
5384,3,5991.12,17928.85,0.467267,1.102672108232788e-06,0.786383,272.7,0.2347,37.7,82.3
5385,3,5991.8,17926.43,0.388807,1.1026380390567875e-06,0.557539,268.6,0.2383,40.9,81.1
5386,3,5992.48,17924.02,0.435642,1.1026039640331465e-06,0.708581,261.9,0.2444,44.0,80.0
5387,3,5993.15,17921.59,0.385218,1.1025698831626354e-06,0.567842,266.0,0.2406,47.0,78.9
5388,3,5993.87,17919.31,0.448455,1.1025357964460241e-06,0.610066,225.4,0.2839,49.8,77.7
5389,3,5994.52,17916.82,0.450875,1.1025017038840834e-06,0.755652,247.3,0.2588,52.6,76.6
5390,3,5995.18,17914.35,0.408403,1.102467605477584e-06,0.606294,268.6,0.2383,55.4,75.6
5391,3,5995.86,17911.95,0.440969,1.1024335012272963e-06,0.677063,258.2,0.2479,58.1,74.6
5392,3,5996.53,17909.51,0.433139,1.1023993911339915e-06,0.651531,269.7,0.2373,60.7,73.7
5393,3,5997.22,17907.15,0.430395,1.1023652751984405e-06,0.841757,249.1,0.2569,63.2,72.7
5394,3,5997.87,17904.65,0.479872,1.1023311534214144e-06,0.773102,272.4,0.235,65.7,71.8
5395,3,5998.55,17902.25,0.44706,1.1022970258036845e-06,0.514305,268.3,0.2386,152.8,34.5
5396,3,5999.22,17899.83,0.440302,1.1022628923460224e-06,0.613877,268.5,0.2383,192.7,21.5
5397,3,5999.89,17897.4,0.431018,1.1022287530491993e-06,0.699687,269.8,0.2372,256.1,0.7
5398,3,6000.56,17894.97,0.412022,1.102194607913987e-06,0.570505,274.3,0.2333,256.5,0.6
5399,3,6001.24,17892.56,0.390333,1.1021604569411573e-06,0.74621,272.5,0.2348,256.7,0.6
5400,3,6001.91,17890.14,0.450489,1.102126300131482e-06,0.937892,271.2,0.236,257.1,0.5
5401,3,6015.35,17925.78,0.427786,1.1020921374857333e-06,0.851774,279.8,0.2287,257.5,0.5
5402,3,6016.02,17923.34,0.472508,1.1020579690046834e-06,0.826479,277.9,0.2303,257.9,0.5
5403,3,6016.7,17920.91,0.411315,1.1020237946891044e-06,0.902611,277.3,0.2308,264.0,0.5
5404,3,6017.37,17918.48,0.408666,1.1019896145397692e-06,0.545859,274.8,0.2329,264.2,0.5
5405,3,6018.04,17916.06,0.429951,1.10195542855745e-06,0.758738,274.8,0.2329,264.4,0.5
5406,3,6018.72,17913.65,0.443064,1.1019212367429198e-06,0.712961,271.4,0.2358,265.0,0.5
5407,3,6019.39,17911.22,0.427319,1.101887039096951e-06,0.701001,271.9,0.2354,265.4,0.4
5408,3,6020.07,17908.8,0.397121,1.101852835620317e-06,0.623787,272.9,0.2345,268.2,0.4
5409,3,6020.74,17906.38,0.409376,1.1018186263137908e-06,0.772642,271.7,0.2356,269.5,0.4
5410,3,6021.41,17903.96,0.423765,1.1017844111781455e-06,0.844758,272.2,0.2351,269.8,0.4
5411,3,6022.08,17901.54,0.369252,1.1017501902141546e-06,0.605257,274.5,0.2331,270.6,0.4
5412,3,6022.76,17899.11,0.398383,1.1017159634225917e-06,0.710452,276.1,0.2318,271.0,0.4
5413,3,6023.43,17896.7,0.417618,1.1016817308042302e-06,0.729254,272.7,0.2347,272.2,0.4
5414,3,6024.1,17894.28,0.451858,1.1016474923598442e-06,0.712017,272.0,0.2353,272.2,0.4
5415,3,6024.78,17891.87,0.386717,1.1016132480902073e-06,0.519805,270.9,0.2363,272.4,0.3
5416,3,6025.47,17889.51,0.421992,1.101578997996094e-06,0.625658,251.1,0.2549,271.4,0.3
5417,3,6026.13,17887.05,0.433171,1.101544742078278e-06,0.675217,271.0,0.2362,271.5,0.3
5418,3,6026.8,17884.63,0.42071,1.1015104803375336e-06,0.633202,274.3,0.2333,271.6,0.3
5419,3,6027.47,17882.21,0.441358,1.1014762127746354e-06,0.673316,275.6,0.2322,271.7,0.3
5420,3,6028.15,17879.8,0.427013,1.101441939390358e-06,0.682475,275.1,0.2327,271.9,0.3
5421,3,6028.83,17877.4,0.386025,1.101407660185476e-06,0.584356,277.0,0.231,271.8,0.3
5422,3,6029.5,17874.99,0.430635,1.1013733751607643e-06,0.904616,273.5,0.234,271.6,0.3
5423,3,6030.18,17872.59,0.412954,1.1013390843169977e-06,0.827354,272.4,0.2349,271.4,0.3
5424,3,6030.85,17870.18,0.405657,1.1013047876549518e-06,0.724163,271.7,0.2356,271.2,0.3
5425,3,6031.53,17867.78,0.449207,1.1012704851754012e-06,0.948053,269.5,0.2375,271.0,0.3
5426,3,6032.2,17865.36,0.374505,1.1012361768791214e-06,0.805066,274.9,0.2328,271.2,0.3
5427,3,6032.87,17862.95,0.418854,1.1012018627668879e-06,1.042441,272.7,0.2347,271.3,0.3
5428,3,6033.55,17860.55,0.408135,1.1011675428394765e-06,0.756804,273.2,0.2343,271.3,0.3
5429,3,6034.23,17858.15,0.445012,1.101133217097663e-06,0.832594,272.3,0.235,271.3,0.2
5430,3,6034.91,17855.77,0.411115,1.1010988855422226e-06,0.569847,268.4,0.2385,271.2,0.2
5431,3,6035.58,17853.36,0.416512,1.1010645481739321e-06,0.504452,274.0,0.2335,271.1,0.3
5432,3,6036.26,17850.96,0.423982,1.1010302049935675e-06,0.758388,272.6,0.2347,270.9,0.3
5433,3,6036.94,17848.57,0.409169,1.100995856001905e-06,0.654511,272.4,0.235,270.9,0.3
5434,3,6037.61,17846.17,0.415845,1.1009615011997208e-06,0.702066,275.9,0.232,271.1,0.3
5435,3,6038.29,17843.78,0.405294,1.1009271405877914e-06,0.6142,270.2,0.2369,271.1,0.3
5436,3,6038.96,17841.38,0.438549,1.1008927741668936e-06,0.653144,272.7,0.2347,272.2,0.3
5437,3,6039.64,17838.99,0.385344,1.1008584019378043e-06,0.693234,273.4,0.2341,272.3,0.3
5438,3,6040.32,17836.6,0.415745,1.1008240239013004e-06,0.700814,273.0,0.2345,272.3,0.3
5439,3,6040.99,17834.2,0.413061,1.1007896400581588e-06,0.581415,275.1,0.2326,272.3,0.3
5440,3,6041.67,17831.81,0.444521,1.100755250409157e-06,0.670133,272.9,0.2345,272.2,0.3
5441,3,6042.35,17829.44,0.430148,1.100720854955072e-06,0.557683,274.3,0.2333,272.0,0.3
5442,3,6043.03,17827.05,0.362179,1.1006864536966814e-06,0.639023,275.4,0.2324,272.1,0.3
5443,3,6043.71,17824.66,0.402502,1.1006520466347627e-06,0.860463,273.4,0.2341,272.2,0.3
5444,3,6044.39,17822.28,0.431127,1.1006176337700936e-06,0.55498,270.5,0.2366,272.1,0.2
5445,3,6045.07,17819.9,0.426077,1.100583215103452e-06,0.621248,272.2,0.2351,272.2,0.3
5446,3,6045.75,17817.53,0.389142,1.1005487906356161e-06,0.552909,266.3,0.2403,271.8,0.3
5447,3,6046.42,17815.13,0.435294,1.1005143603673638e-06,0.588771,273.6,0.2339,271.8,0.3
5448,3,6047.1,17812.75,0.410635,1.1004799242994733e-06,0.796374,271.2,0.236,271.7,0.3
5449,3,6047.78,17810.37,0.413167,1.100445482432723e-06,0.606051,272.7,0.2347,271.7,0.3
5450,3,6048.46,17807.99,0.461687,1.1004110347678914e-06,0.867785,270.1,0.2369,271.8,0.3
5451,3,6049.14,17805.61,0.422951,1.1003765813057572e-06,0.655443,271.9,0.2354,271.8,0.3
5452,3,6049.81,17803.23,0.430236,1.1003421220470993e-06,0.63968,271.0,0.2361,271.7,0.3
5453,3,6050.49,17800.86,0.410333,1.100307656992696e-06,0.815054,270.5,0.2366,271.6,0.3
5454,3,6051.17,17798.49,0.43854,1.100273186143327e-06,0.768895,270.6,0.2365,271.3,0.3
5455,3,6051.85,17796.11,0.393148,1.1002387094997712e-06,0.546949,269.1,0.2378,271.3,0.3
5456,3,6052.53,17793.72,0.424789,1.1002042270628082e-06,0.761871,274.4,0.2332,271.4,0.2
5457,3,6053.21,17791.35,0.406309,1.1001697388332168e-06,0.801866,272.6,0.2348,271.4,0.2
5458,3,6053.89,17788.98,0.422366,1.100135244811777e-06,0.763925,273.7,0.2339,271.4,0.2
5459,3,6054.57,17786.61,0.402686,1.100100744999268e-06,0.837138,268.9,0.238,271.1,0.2
5460,3,6055.25,17784.25,0.392026,1.1000662393964702e-06,0.589625,269.0,0.2379,270.9,0.2
5461,3,6055.94,17781.9,0.382539,1.1000317280041633e-06,0.65255,272.1,0.2352,270.8,0.2
5462,3,6056.62,17779.55,0.435536,1.0999972108231274e-06,0.64999,266.0,0.2406,270.2,0.3
5463,3,6057.3,17777.17,0.410341,1.0999626878541426e-06,0.69529,272.7,0.2346,270.2,0.3
5464,3,6057.98,17774.81,0.442897,1.0999281590979895e-06,1.013024,271.2,0.236,270.2,0.3
5465,3,6058.66,17772.44,0.37608,1.0998936245554482e-06,0.985297,270.7,0.2364,270.2,0.3
5466,3,6059.34,17770.07,0.400699,1.0998590842272997e-06,0.729088,274.2,0.2334,270.6,0.3
5467,3,6060.02,17767.71,0.371698,1.0998245381143244e-06,0.68347,269.6,0.2374,270.4,0.2
5468,3,6060.7,17765.35,0.452383,1.0997899862173033e-06,0.702836,270.2,0.2369,270.4,0.2
5469,3,6061.38,17762.99,0.418363,1.0997554285370171e-06,0.76815,268.9,0.238,270.2,0.2
5470,3,6062.06,17760.62,0.451289,1.0997208650742475e-06,0.795153,271.3,0.2359,270.2,0.3
5471,3,6062.75,17758.28,0.443853,1.0996862958297755e-06,0.848823,266.9,0.2398,269.9,0.3
5472,3,6063.42,17755.9,0.409547,1.0996517208043821e-06,0.675282,271.8,0.2355,270.0,0.3
5473,3,6064.1,17753.54,0.386475,1.0996171399988493e-06,0.683521,272.5,0.2349,270.1,0.3
5474,3,6064.79,17751.19,0.462937,1.0995825534139585e-06,0.68495,267.7,0.2391,269.9,0.3
5475,3,6065.47,17748.85,0.398285,1.0995479610504917e-06,0.649675,264.0,0.2424,269.6,0.3
5476,3,6066.15,17746.47,0.456083,1.0995133629092304e-06,0.731159,270.8,0.2363,269.5,0.3
5477,3,6066.83,17744.12,0.438104,1.099478758990957e-06,0.621754,269.5,0.2375,269.3,0.3
5478,3,6067.51,17741.77,0.409781,1.0994441492964535e-06,0.682151,270.5,0.2366,269.2,0.3
5479,3,6068.19,17739.4,0.432063,1.0994095338265023e-06,0.772983,271.3,0.2359,269.3,0.3
5480,3,6068.87,17737.05,0.46239,1.0993749125818859e-06,0.803587,271.3,0.2359,269.4,0.3
5481,3,6069.55,17734.7,0.439049,1.0993402855633867e-06,0.801527,275.0,0.2327,269.5,0.3
5482,3,6070.24,17732.36,0.406026,1.0993056527717872e-06,0.707097,271.3,0.2359,269.8,0.3
5483,3,6070.92,17730.01,0.430265,1.0992710142078707e-06,0.792744,272.0,0.2353,269.8,0.3
5484,3,6071.6,17727.65,0.399932,1.0992363698724195e-06,0.63974,271.5,0.2358,269.8,0.3
5485,3,6072.28,17725.31,0.425779,1.0992017197662173e-06,0.841694,268.2,0.2386,269.7,0.2
5486,3,6072.96,17722.96,0.470271,1.099167063890047e-06,0.731777,272.2,0.2351,269.6,0.3
5487,3,6073.65,17720.62,0.459299,1.0991324022446921e-06,0.716752,268.5,0.2384,269.6,0.2
5488,3,6074.33,17718.27,0.40887,1.099097734830936e-06,0.946105,270.8,0.2364,269.6,0.2
5489,3,6075.01,17715.93,0.400673,1.0990630616495622e-06,0.757521,268.1,0.2387,269.6,0.2
5490,3,6075.7,17713.59,0.441189,1.0990283827013545e-06,0.634672,269.3,0.2377,269.5,0.2
5491,3,6076.38,17711.25,0.365436,1.098993697987097e-06,0.530243,268.3,0.2386,269.6,0.2
5492,3,6077.06,17708.9,0.439568,1.098959007507573e-06,0.564141,270.0,0.237,269.5,0.2
5493,3,6077.74,17706.55,0.464579,1.0989243112635676e-06,0.811059,273.5,0.234,269.6,0.2
5494,3,6078.42,17704.21,0.382824,1.0988896092558642e-06,0.551151,271.8,0.2354,269.8,0.2
5495,3,6079.11,17701.88,0.39875,1.0988549014852476e-06,0.734364,269.1,0.2378,270.0,0.2
5496,3,6079.79,17699.54,0.484977,1.0988201879525021e-06,0.895151,270.8,0.2363,269.9,0.3
5497,3,6080.47,17697.2,0.413911,1.0987854686584127e-06,0.475258,271.2,0.236,270.0,0.3
5498,3,6081.16,17694.87,0.472316,1.098750743603764e-06,0.950103,266.6,0.24,269.8,0.3
5499,3,6081.84,17692.52,0.419173,1.0987160127893407e-06,0.859051,271.9,0.2353,269.9,0.2
5500,3,6082.52,17690.19,0.445449,1.0986812762159282e-06,0.630367,269.1,0.2378,269.7,0.3
5501,3,6203.49,18037.6,0.486727,1.0986465338843112e-06,0.596723,248.7,0.2574,268.3,0.3
5502,3,6204.15,18035.12,0.431368,1.0986117857952752e-06,0.775166,268.7,0.2382,268.2,0.3
5503,3,6204.83,18032.69,0.438794,1.0985770319496058e-06,0.935888,273.4,0.2341,268.3,0.3
5504,3,6205.51,18030.26,0.395807,1.0985422723480884e-06,0.618491,272.1,0.2352,268.3,0.3
5505,3,6206.19,18027.83,0.411261,1.0985075069915089e-06,0.698764,275.0,0.2327,268.6,0.3
5506,3,6206.87,18025.4,0.400832,1.098472735880653e-06,0.880474,273.1,0.2344,268.6,0.3
5507,3,6207.55,18022.99,0.460542,1.0984379590163063e-06,1.104165,269.1,0.2378,268.7,0.3
5508,3,6208.24,18020.57,0.462956,1.0984031763992554e-06,0.837425,268.3,0.2385,268.5,0.3
5509,3,6208.91,18018.13,0.407166,1.0983683880302861e-06,0.807217,270.9,0.2363,268.6,0.3
5510,3,6209.6,18015.72,0.448639,1.0983335939101849e-06,0.73532,266.8,0.2399,268.5,0.3
5511,3,6210.27,18013.28,0.420371,1.0982987940397383e-06,0.608903,271.1,0.2361,268.7,0.3
5512,3,6210.96,18010.87,0.418893,1.0982639884197327e-06,0.618954,266.6,0.2401,268.4,0.3
5513,3,6211.63,18008.44,0.392138,1.0982291770509552e-06,0.596474,271.0,0.2362,268.3,0.3
5514,3,6212.31,18006.02,0.415152,1.0981943599341921e-06,0.742071,272.9,0.2345,268.4,0.3
5515,3,6212.99,18003.6,0.39107,1.0981595370702309e-06,0.710422,268.3,0.2385,268.4,0.3
5516,3,6213.67,18001.17,0.395139,1.0981247084598584e-06,0.505284,270.1,0.2369,268.4,0.3
5517,3,6214.35,17998.76,0.441925,1.098089874103862e-06,1.031293,270.8,0.2364,268.4,0.3
5518,3,6215.03,17996.34,0.368363,1.098055034003029e-06,0.582887,269.8,0.2373,268.6,0.3
5519,3,6215.71,17993.92,0.438513,1.0980201881581473e-06,0.733103,273.5,0.234,268.6,0.3
5520,3,6216.4,17991.51,0.467913,1.097985336570004e-06,0.618031,271.0,0.2361,268.8,0.2
5521,3,6217.09,17989.13,0.372076,1.0979504792393871e-06,0.530015,274.0,0.2336,270.2,0.2
5522,3,6217.79,17986.77,0.416454,1.0979156161670845e-06,0.557126,253.6,0.2524,269.4,0.2
5523,3,6218.45,17984.31,0.399986,1.0978807473538838e-06,0.693398,272.6,0.2348,269.3,0.2
5524,3,6219.13,17981.89,0.475157,1.0978458728005739e-06,0.916044,274.0,0.2336,269.4,0.2
5525,3,6219.81,17979.49,0.408236,1.0978109925079425e-06,0.734178,272.1,0.2352,269.2,0.3
5526,3,6220.49,17977.07,0.400008,1.0977761064767782e-06,0.521606,275.1,0.2326,269.4,0.2
5527,3,6221.18,17974.66,0.380932,1.0977412147078696e-06,0.917297,271.6,0.2356,269.5,0.2
5528,3,6221.86,17972.25,0.447858,1.0977063172020051e-06,0.640709,275.1,0.2326,269.9,0.2
5529,3,6222.54,17969.84,0.383727,1.0976714139599738e-06,0.704522,274.6,0.2331,270.1,0.2
5530,3,6223.22,17967.44,0.461227,1.0976365049825647e-06,0.839122,273.1,0.2344,270.4,0.2
5531,3,6223.9,17965.03,0.426844,1.0976015902705668e-06,0.635657,273.1,0.2344,270.5,0.2
5532,3,6224.58,17962.62,0.401554,1.097566669824769e-06,0.485778,273.9,0.2336,270.9,0.2
5533,3,6225.26,17960.22,0.438694,1.097531743645961e-06,1.048754,272.7,0.2347,271.0,0.2
5534,3,6225.95,17957.81,0.442197,1.097496811734932e-06,0.878898,272.4,0.235,270.9,0.2
5535,3,6226.63,17955.41,0.435697,1.0974618740924717e-06,0.568881,271.5,0.2357,271.1,0.2
5536,3,6227.31,17953.01,0.485139,1.0974269307193698e-06,0.676846,271.6,0.2356,271.2,0.2
5537,3,6227.99,17950.62,0.441167,1.097391981616416e-06,0.721295,269.4,0.2376,271.1,0.2
5538,3,6228.68,17948.23,0.474905,1.0973570267844004e-06,0.64269,266.6,0.2401,270.8,0.2
5539,3,6229.36,17945.82,0.412512,1.097322066224113e-06,0.963838,271.2,0.236,270.7,0.2
5540,3,6230.04,17943.42,0.413864,1.097287099936344e-06,0.766933,270.2,0.2369,270.7,0.2
5541,3,6230.73,17941.04,0.345386,1.0972521279218841e-06,0.57633,271.1,0.2361,270.6,0.2
5542,3,6231.42,17938.65,0.392447,1.0972171501815234e-06,0.5628,268.1,0.2387,271.3,0.2
5543,3,6232.1,17936.26,0.42521,1.0971821667160526e-06,0.750487,270.7,0.2364,271.3,0.2
5544,3,6232.78,17933.86,0.45229,1.0971471775262626e-06,0.67012,271.4,0.2358,271.1,0.2
5545,3,6233.46,17931.46,0.404097,1.0971121826129444e-06,0.701883,273.3,0.2342,271.2,0.2
5546,3,6234.14,17929.07,0.456064,1.0970771819768886e-06,0.773269,273.2,0.2343,271.1,0.2
5547,3,6234.83,17926.68,0.434911,1.0970421756188864e-06,0.986018,272.5,0.2348,271.1,0.2
5548,3,6235.51,17924.29,0.450529,1.0970071635397293e-06,1.103406,270.6,0.2365,270.9,0.2
5549,3,6236.2,17921.9,0.421708,1.0969721457402084e-06,0.579574,270.3,0.2368,270.7,0.2
5550,3,6236.9,17919.58,0.462038,1.0969371222211156e-06,0.654548,249.9,0.2561,269.4,0.3
5551,3,6237.57,17917.14,0.456706,1.0969020929832422e-06,0.689177,270.8,0.2363,269.3,0.3
5552,3,6238.25,17914.75,0.411597,1.09686705802738e-06,0.815662,272.8,0.2346,269.2,0.3
5553,3,6238.95,17912.4,0.442215,1.0968320173543213e-06,0.952078,259.5,0.2466,268.5,0.3
5554,3,6239.62,17909.99,0.396328,1.0967969709648578e-06,0.715114,271.3,0.2359,268.5,0.3
5555,3,6240.31,17907.6,0.383029,1.0967619188597816e-06,1.005411,272.0,0.2353,268.5,0.3
5556,3,6240.99,17905.21,0.382073,1.0967268610398852e-06,0.631809,272.6,0.2347,268.5,0.3
5557,3,6241.67,17902.84,0.441823,1.096691797505961e-06,0.68811,269.8,0.2372,268.6,0.3
5558,3,6242.36,17900.45,0.420826,1.0966567282588014e-06,0.530276,271.8,0.2355,268.9,0.3
5559,3,6243.04,17898.08,0.422786,1.0966216532991992e-06,0.520876,269.1,0.2378,268.7,0.3
5560,3,6243.73,17895.69,0.428484,1.0965865726279472e-06,0.661854,271.4,0.2358,268.8,0.3
5561,3,6244.42,17893.32,0.411997,1.0965514862458384e-06,0.773613,272.6,0.2348,268.8,0.3
5562,3,6245.1,17890.95,0.428131,1.0965163941536657e-06,0.616423,268.9,0.238,268.9,0.3
5563,3,6245.79,17888.57,0.413013,1.0964812963522225e-06,0.725692,271.8,0.2355,268.9,0.3
5564,3,6246.47,17886.2,0.44329,1.096446192842302e-06,0.81174,270.4,0.2367,268.9,0.3
5565,3,6247.16,17883.82,0.445229,1.0964110836246977e-06,0.734409,272.4,0.235,268.8,0.3
5566,3,6247.84,17881.44,0.397951,1.0963759687002032e-06,0.883003,271.8,0.2355,268.8,0.3
5567,3,6248.53,17879.07,0.379962,1.0963408480696123e-06,0.807609,268.9,0.2381,268.6,0.3
5568,3,6249.21,17876.69,0.431108,1.0963057217337185e-06,0.741192,270.6,0.2365,268.5,0.3
5569,3,6249.89,17874.32,0.403362,1.0962705896933163e-06,0.597216,270.3,0.2367,268.5,0.3
5570,3,6250.59,17871.96,0.419542,1.0962354519491992e-06,0.652349,265.5,0.2411,269.4,0.3
5571,3,6251.27,17869.58,0.436072,1.096200308502162e-06,0.653995,269.4,0.2375,269.4,0.3
5572,3,6251.95,17867.21,0.379829,1.0961651593529988e-06,0.49705,268.5,0.2383,269.1,0.3
5573,3,6252.64,17864.84,0.462755,1.0961300045025042e-06,0.630309,270.3,0.2367,269.7,0.3
5574,3,6253.32,17862.47,0.431828,1.0960948439514725e-06,0.602722,269.4,0.2375,269.6,0.3
5575,3,6254.01,17860.1,0.423942,1.0960596777006988e-06,0.744042,270.3,0.2368,269.5,0.3
5576,3,6254.69,17857.74,0.420621,1.0960245057509777e-06,0.765447,268.5,0.2384,269.3,0.3
5577,3,6255.38,17855.37,0.389215,1.0959893281031047e-06,0.873781,269.4,0.2375,269.3,0.3
5578,3,6256.06,17853.0,0.42759,1.0959541447578743e-06,0.543306,270.7,0.2365,269.3,0.3
5579,3,6256.75,17850.64,0.463265,1.0959189557160823e-06,0.588774,268.6,0.2382,269.3,0.3
5580,3,6257.44,17848.28,0.424691,1.0958837609785237e-06,0.539476,268.9,0.238,269.1,0.3
5581,3,6258.14,17845.95,0.395507,1.0958485605459942e-06,0.61429,272.0,0.2353,269.1,0.3
5582,3,6258.82,17843.58,0.395076,1.0958133544192895e-06,0.725637,271.9,0.2354,269.2,0.3
5583,3,6259.51,17841.22,0.487974,1.095778142599205e-06,0.6337,269.8,0.2372,269.1,0.3
5584,3,6260.19,17838.86,0.452168,1.0957429250865372e-06,0.820348,269.3,0.2376,269.0,0.3
5585,3,6260.88,17836.51,0.41204,1.0957077018820817e-06,0.633272,267.4,0.2394,268.8,0.3
5586,3,6261.57,17834.15,0.432905,1.0956724729866348e-06,0.673498,272.4,0.2349,268.8,0.3
5587,3,6262.26,17831.79,0.425193,1.095637238400993e-06,0.758319,269.7,0.2373,268.8,0.3
5588,3,6262.94,17829.43,0.420585,1.095601998125952e-06,0.648086,270.2,0.2369,268.9,0.3
5589,3,6263.63,17827.09,0.451531,1.0955667521623091e-06,0.878306,261.7,0.2445,268.5,0.3
5590,3,6264.31,17824.71,0.422987,1.0955315005108609e-06,0.560056,271.5,0.2358,268.8,0.2
5591,3,6265.0,17822.36,0.429772,1.0954962431724038e-06,0.754794,269.7,0.2373,268.9,0.2
5592,3,6265.69,17820.01,0.41544,1.095460980147735e-06,0.527671,269.3,0.2377,268.9,0.2
5593,3,6266.37,17817.65,0.422895,1.0954257114376517e-06,0.897831,268.5,0.2383,268.8,0.2
5594,3,6267.06,17815.29,0.403498,1.0953904370429508e-06,0.658038,269.2,0.2377,268.8,0.2
5595,3,6267.76,17812.98,0.413696,1.0953551569644297e-06,0.784526,254.6,0.2514,268.0,0.2
5596,3,6268.43,17810.59,0.430544,1.0953198712028859e-06,0.78923,269.5,0.2374,268.0,0.2
5597,3,6269.12,17808.25,0.452386,1.095284579759117e-06,0.705767,266.3,0.2403,267.9,0.2
5598,3,6269.81,17805.9,0.439663,1.0952492826339207e-06,0.814974,267.5,0.2392,267.7,0.2
5599,3,6270.5,17803.55,0.432357,1.0952139798280949e-06,0.652679,268.9,0.238,267.7,0.2
5600,3,6271.18,17801.2,0.399323,1.0951786713424376e-06,0.726406,269.2,0.2378,267.7,0.2
5601,3,6287.68,17843.71,0.402237,1.0951433571777466e-06,0.529192,275.5,0.2323,267.9,0.2
5602,3,6288.36,17841.33,0.418732,1.0951080373348204e-06,0.617219,275.0,0.2327,268.1,0.2
5603,3,6289.04,17838.95,0.376967,1.095072711814457e-06,0.56868,274.3,0.2333,268.3,0.2
5604,3,6289.72,17836.58,0.43823,1.0950373806174554e-06,0.784391,274.5,0.2331,268.6,0.2
5605,3,6290.4,17834.2,0.402135,1.0950020437446137e-06,0.623779,273.2,0.2342,268.9,0.2
5606,3,6291.08,17831.83,0.464113,1.094966701196731e-06,0.794439,271.6,0.2356,268.9,0.2
5607,3,6291.76,17829.46,0.406335,1.0949313529746057e-06,0.580734,271.1,0.236,269.0,0.2
5608,3,6292.44,17827.09,0.340222,1.0948959990790374e-06,0.79334,271.7,0.2355,269.0,0.2
5609,3,6293.13,17824.73,0.395617,1.0948606395108248e-06,0.586314,270.4,0.2367,269.4,0.2
5610,3,6293.81,17822.37,0.430297,1.0948252742707673e-06,0.621246,269.2,0.2378,269.3,0.2
5611,3,6294.49,17820.0,0.438864,1.0947899033596642e-06,0.58863,269.9,0.2372,269.3,0.2
5612,3,6295.18,17817.64,0.401676,1.094754526778315e-06,0.751005,273.4,0.2341,269.4,0.3
5613,3,6295.87,17815.31,0.446786,1.0947191445275195e-06,0.611264,261.7,0.2445,269.1,0.3
5614,3,6296.55,17812.94,0.450256,1.0946837566080774e-06,0.641534,265.3,0.2412,268.9,0.3
5615,3,6297.23,17810.57,0.460418,1.0946483630207884e-06,0.797552,269.5,0.2375,269.6,0.3
5616,3,6297.92,17808.23,0.394594,1.0946129637664528e-06,0.53889,263.1,0.2432,269.3,0.3
5617,3,6298.61,17805.87,0.435854,1.0945775588458706e-06,0.831406,264.3,0.2421,269.2,0.3
5618,3,6299.29,17803.52,0.463755,1.0945421482598418e-06,1.228928,265.2,0.2414,269.0,0.3
5619,3,6299.98,17801.18,0.439584,1.0945067320091671e-06,1.254236,263.1,0.2432,268.7,0.3
5620,3,6300.66,17798.82,0.424534,1.0944713100946472e-06,0.965316,268.3,0.2385,268.6,0.3
5621,3,6301.37,17796.51,0.42031,1.0944358825170823e-06,0.737586,271.3,0.2359,268.4,0.3
5622,3,6302.06,17794.18,0.445488,1.0944004492772736e-06,0.932054,263.7,0.2427,267.7,0.4
5623,3,6302.74,17791.83,0.462988,1.0943650103760216e-06,0.626617,265.7,0.2409,267.3,0.4
5624,3,6303.43,17789.49,0.372558,1.0943295658141277e-06,0.528872,261.5,0.2448,266.6,0.4
5625,3,6304.11,17787.13,0.402673,1.0942941155923928e-06,0.655859,268.1,0.2387,266.2,0.4
5626,3,6304.8,17784.79,0.410959,1.0942586597116185e-06,0.669534,262.3,0.244,265.7,0.4
5627,3,6305.49,17782.45,0.388042,1.094223198172606e-06,0.714675,264.5,0.242,265.4,0.4
5628,3,6306.17,17780.1,0.40365,1.0941877309761568e-06,0.585421,266.5,0.2402,265.1,0.5
5629,3,6306.86,17777.75,0.433335,1.0941522581230727e-06,0.743917,267.2,0.2395,264.9,0.5
5630,3,6307.55,17775.41,0.415075,1.0941167796141554e-06,0.599452,266.9,0.2398,264.8,0.5
5631,3,6308.27,17773.16,0.430977,1.0940812954502072e-06,0.76122,236.6,0.2705,262.9,0.5
5632,3,6308.93,17770.75,0.388673,1.0940458056320296e-06,0.658289,263.1,0.2433,262.5,0.5
5633,3,6309.62,17768.41,0.415817,1.0940103101604252e-06,0.771534,260.2,0.2459,262.4,0.5
5634,3,6310.31,17766.09,0.408483,1.093974809036196e-06,0.821291,257.9,0.2481,262.0,0.5
5635,3,6310.99,17763.74,0.434256,1.0939393022601449e-06,0.823081,266.5,0.2402,261.9,0.5
5636,3,6311.69,17761.43,0.421878,1.0939037898330742e-06,0.699156,257.1,0.2489,261.5,0.5
5637,3,6312.37,17759.08,0.427772,1.0938682717557863e-06,0.659279,264.8,0.2417,261.5,0.5
5638,3,6313.07,17756.76,0.433552,1.0938327480290846e-06,0.671422,259.6,0.2465,261.2,0.5
5639,3,6313.75,17754.41,0.429684,1.0937972186537717e-06,0.600049,264.0,0.2424,261.2,0.5
5640,3,6314.43,17752.06,0.459093,1.0937616836306508e-06,0.94521,268.0,0.2388,261.1,0.5
5641,3,6315.15,17749.8,0.428644,1.0937261429605252e-06,0.662272,267.7,0.239,260.9,0.6
5642,3,6315.83,17747.47,0.386532,1.0936905966441978e-06,0.69221,263.1,0.2433,260.9,0.5
5643,3,6316.52,17745.14,0.342534,1.0936550446824724e-06,0.590918,262.7,0.2436,260.8,0.5
5644,3,6317.21,17742.81,0.424787,1.0936194870761528e-06,0.87329,259.7,0.2464,260.7,0.6
5645,3,6317.89,17740.47,0.457279,1.0935839238260424e-06,0.682237,262.1,0.2442,260.4,0.5
5646,3,6318.59,17738.15,0.406221,1.0935483549329454e-06,0.582718,256.8,0.2492,260.1,0.6
5647,3,6319.27,17735.82,0.415532,1.0935127803976654e-06,0.758604,254.3,0.2517,259.6,0.6
5648,3,6319.95,17733.45,0.442311,1.0934772002210066e-06,1.116289,267.5,0.2392,259.6,0.6
5649,3,6320.63,17731.12,0.417571,1.0934416144037734e-06,0.503075,267.6,0.2392,259.6,0.6
5650,3,6321.32,17728.78,0.425958,1.0934060229467698e-06,0.645711,269.7,0.2373,259.8,0.6
5651,3,6322.0,17726.44,0.423718,1.0933704258508007e-06,0.962805,269.0,0.238,261.5,0.6
5652,3,6322.69,17724.11,0.407952,1.0933348231166705e-06,0.76647,268.4,0.2385,261.7,0.6
5653,3,6323.39,17721.82,0.463494,1.093299214745184e-06,0.703687,251.1,0.2548,261.2,0.6
5654,3,6324.06,17719.45,0.409811,1.093263600737146e-06,0.590772,263.5,0.2429,261.5,0.6
5655,3,6324.74,17717.11,0.464279,1.0932279810933614e-06,0.680488,269.7,0.2373,261.7,0.6
5656,3,6325.43,17714.78,0.441888,1.0931923558146355e-06,0.811266,268.6,0.2383,262.3,0.6
5657,3,6326.12,17712.45,0.418146,1.0931567249017736e-06,0.631866,268.8,0.2381,262.5,0.6
5658,3,6326.81,17710.14,0.410226,1.093121088355581e-06,0.73687,261.2,0.245,262.6,0.6
5659,3,6327.49,17707.8,0.349284,1.0930854461768633e-06,0.943533,268.2,0.2386,262.9,0.5
5660,3,6328.17,17705.46,0.419972,1.093049798366426e-06,0.650181,269.8,0.2372,263.0,0.5
5661,3,6328.9,17703.26,0.442848,1.0930141449250748e-06,0.692881,242.2,0.2642,261.7,0.5
5662,3,6329.57,17700.89,0.360822,1.0929784858536158e-06,0.535957,256.9,0.2491,261.4,0.5
5663,3,6330.25,17698.54,0.378945,1.0929428211528549e-06,0.826273,264.7,0.2418,261.5,0.5
5664,3,6330.93,17696.21,0.42592,1.0929071508235981e-06,0.668653,265.8,0.2408,261.9,0.5
5665,3,6331.62,17693.88,0.385112,1.092871474866652e-06,0.835553,269.2,0.2377,262.3,0.4
5666,3,6332.3,17691.55,0.416108,1.0928357932828227e-06,0.620542,268.2,0.2387,262.8,0.4
5667,3,6332.99,17689.24,0.404369,1.092800106072917e-06,0.560762,267.8,0.239,263.4,0.5
5668,3,6333.68,17686.92,0.449894,1.0927644132377413e-06,0.67986,263.0,0.2434,263.3,0.5
5669,3,6334.36,17684.59,0.453409,1.0927287147781024e-06,0.659274,266.5,0.2402,263.2,0.5
5670,3,6335.05,17682.26,0.431633,1.0926930106948073e-06,0.840372,268.6,0.2383,263.2,0.4
5671,3,6335.73,17679.93,0.42424,1.092657300988663e-06,0.711771,267.5,0.2393,263.1,0.4
5672,3,6336.43,17677.66,0.420559,1.0926215856604767e-06,0.841323,247.9,0.2582,262.1,0.4
5673,3,6337.1,17675.28,0.444181,1.0925858647110557e-06,0.86157,271.5,0.2357,263.1,0.4
5674,3,6337.79,17672.98,0.410573,1.0925501381412073e-06,0.647656,265.0,0.2415,263.1,0.5
5675,3,6338.49,17670.7,0.451261,1.0925144059517391e-06,0.7756,253.5,0.2525,262.3,0.5
5676,3,6339.17,17668.37,0.440546,1.0924786681434588e-06,0.994172,265.5,0.2411,262.1,0.5
5677,3,6339.86,17666.06,0.428198,1.0924429247171743e-06,0.799955,262.6,0.2437,261.9,0.5
5678,3,6340.54,17663.73,0.397532,1.0924071756736934e-06,0.729511,266.6,0.2401,262.1,0.5
5679,3,6341.23,17661.42,0.379524,1.092371421013824e-06,0.743282,266.6,0.24,262.0,0.5
5680,3,6341.91,17659.1,0.461079,1.0923356607383744e-06,0.555404,266.8,0.2398,261.9,0.5
5681,3,6342.62,17656.83,0.40503,1.092299894848153e-06,0.749581,266.4,0.2402,263.2,0.5
5682,3,6343.29,17654.5,0.453374,1.0922641233439683e-06,0.674994,270.4,0.2367,263.8,0.5
5683,3,6343.98,17652.19,0.424009,1.0922283462266288e-06,0.798808,268.8,0.2381,264.0,0.5
5684,3,6344.67,17649.88,0.421329,1.092192563496943e-06,0.960961,265.2,0.2413,264.0,0.5
5685,3,6345.35,17647.56,0.460389,1.0921567751557197e-06,0.844011,263.2,0.2432,263.7,0.5
5686,3,6346.03,17645.23,0.422838,1.092120981203768e-06,0.577034,268.1,0.2387,263.7,0.5
5687,3,6346.73,17642.94,0.398456,1.0920851816418968e-06,0.65624,259.3,0.2469,263.4,0.4
5688,3,6347.4,17640.61,0.480837,1.0920493764709154e-06,0.774739,268.8,0.2381,263.7,0.4
5689,3,6348.1,17638.32,0.444311,1.0920135656916332e-06,0.835727,260.8,0.2454,263.3,0.5
5690,3,6348.78,17635.99,0.371916,1.0919777493048596e-06,0.507771,265.0,0.2415,263.1,0.5
5691,3,6349.47,17633.69,0.427527,1.0919419273114039e-06,0.754717,266.7,0.24,263.1,0.5
5692,3,6350.15,17631.38,0.433034,1.0919060997120761e-06,0.833236,268.6,0.2383,264.0,0.5
5693,3,6350.84,17629.09,0.431849,1.0918702665076861e-06,0.813243,265.0,0.2415,263.8,0.5
5694,3,6351.54,17626.8,0.467903,1.0918344276990437e-06,0.890389,258.4,0.2476,263.4,0.5
5695,3,6352.22,17624.48,0.357663,1.091798583286959e-06,0.660383,263.2,0.2431,264.0,0.5
5696,3,6352.9,17622.17,0.421818,1.0917627332722422e-06,0.740042,267.2,0.2396,263.9,0.5
5697,3,6353.59,17619.87,0.434672,1.0917268776557035e-06,0.648682,261.7,0.2445,263.9,0.5
5698,3,6354.28,17617.56,0.427969,1.0916910164381535e-06,0.523817,265.8,0.2408,263.8,0.5
5699,3,6354.96,17615.25,0.455496,1.0916551496204028e-06,0.755336,266.8,0.2399,263.8,0.5
5700,3,6355.65,17612.96,0.351061,1.091619277203262e-06,0.49147,259.7,0.2465,263.4,0.6
5701,3,6356.34,17610.67,0.475649,1.0915833991875423e-06,1.07161,270.4,0.2366,263.7,0.5
5702,3,6357.03,17608.37,0.404606,1.0915475155740543e-06,0.769376,266.6,0.2401,263.5,0.5
5703,3,6357.71,17606.06,0.415707,1.0915116263636089e-06,0.629712,267.1,0.2396,263.4,0.5
5704,3,6358.4,17603.76,0.428981,1.0914757315570178e-06,0.703474,266.4,0.2402,263.5,0.5
5705,3,6359.08,17601.45,0.406525,1.091439831155092e-06,0.616645,268.9,0.238,263.8,0.5
5706,3,6359.77,17599.14,0.459479,1.0914039251586433e-06,0.79481,269.2,0.2378,263.8,0.5
5707,3,6360.45,17596.83,0.467158,1.091368013568483e-06,0.898426,269.7,0.2373,264.3,0.5
5708,3,6361.13,17594.52,0.455057,1.0913320963854229e-06,0.645486,271.3,0.2359,264.5,0.5
5709,3,6361.82,17592.22,0.463047,1.091296173610275e-06,0.705429,268.4,0.2384,264.9,0.5
5710,3,6362.5,17589.93,0.436276,1.091260245243851e-06,0.606793,266.3,0.2403,265.0,0.5
5711,3,6363.18,17587.61,0.391019,1.0912243112869631e-06,0.722961,272.3,0.2351,265.3,0.5
5712,3,6363.87,17585.31,0.42874,1.0911883717404238e-06,0.548436,269.6,0.2373,265.5,0.4
5713,3,6364.55,17583.01,0.444395,1.091152426605045e-06,0.548328,271.1,0.2361,265.8,0.4
5714,3,6365.23,17580.7,0.412987,1.0911164758816395e-06,0.946836,271.2,0.236,266.5,0.4
5715,3,6365.92,17578.39,0.384718,1.0910805195710198e-06,1.041857,272.7,0.2346,267.0,0.4
5716,3,6366.6,17576.09,0.393409,1.0910445576739987e-06,0.90699,271.8,0.2355,267.4,0.4
5717,3,6367.28,17573.79,0.438428,1.091008590191389e-06,0.682164,270.0,0.237,267.8,0.3
5718,3,6367.97,17571.5,0.411761,1.0909726171240038e-06,0.510668,266.4,0.2402,267.9,0.3
5719,3,6368.65,17569.19,0.431701,1.0909366384726562e-06,0.691737,271.4,0.2358,268.2,0.3
5720,3,6369.34,17566.9,0.415448,1.090900654238159e-06,0.575208,269.6,0.2374,268.7,0.3
5721,3,6370.03,17564.64,0.441299,1.0908646644213262e-06,0.718962,273.2,0.2343,268.8,0.3
5722,3,6370.72,17562.35,0.374661,1.090828669022971e-06,0.656287,266.3,0.2403,268.8,0.3
5723,3,6371.4,17560.05,0.427233,1.090792668043907e-06,0.546073,268.2,0.2386,268.9,0.3
5724,3,6372.09,17557.75,0.416323,1.090756661484948e-06,0.627985,268.4,0.2385,269.0,0.3
5725,3,6372.77,17555.45,0.434513,1.0907206493469077e-06,0.931985,273.0,0.2344,269.2,0.3
5726,3,6373.46,17553.17,0.407285,1.0906846316306004e-06,0.661352,268.2,0.2386,269.2,0.3
5727,3,6374.14,17550.87,0.440725,1.09064860833684e-06,0.649201,270.2,0.2369,269.3,0.3
5728,3,6374.83,17548.58,0.4337,1.090612579466441e-06,0.627974,266.7,0.2399,269.1,0.2
5729,3,6375.51,17546.27,0.404029,1.0905765450202175e-06,0.763776,271.7,0.2355,269.2,0.3
5730,3,6376.19,17543.99,0.419427,1.090540504998984e-06,0.748159,266.3,0.2404,269.3,0.2
5731,3,6376.87,17541.69,0.396214,1.0905044594035555e-06,0.652803,269.0,0.2379,269.1,0.2
5732,3,6377.56,17539.4,0.46983,1.0904684082347462e-06,inf,269.3,0.2377,269.1,0.2
5733,3,6378.24,17537.11,0.492527,1.0904323514933714e-06,0.649862,268.7,0.2382,269.0,0.2
5734,3,6378.93,17534.81,0.37954,1.0903962891802458e-06,0.689822,269.3,0.2376,268.9,0.2
5735,3,6379.6,17532.51,0.406619,1.0903602212961847e-06,0.607372,272.6,0.2348,268.9,0.2
5736,3,6380.29,17530.21,0.428634,1.0903241478420035e-06,0.691849,273.0,0.2344,268.9,0.2
5737,3,6380.97,17527.93,0.442158,1.0902880688185172e-06,0.654501,268.9,0.238,268.9,0.2
5738,3,6381.65,17525.63,0.42498,1.0902519842265418e-06,0.591766,272.1,0.2352,269.1,0.2
5739,3,6382.33,17523.34,0.429431,1.0902158940668923e-06,0.85062,270.9,0.2362,269.1,0.2
5740,3,6383.02,17521.05,0.431167,1.090179798340385e-06,0.774138,270.4,0.2367,269.2,0.2
5741,3,6383.71,17518.78,0.386478,1.0901436970478357e-06,0.6534,267.6,0.2392,268.9,0.2
5742,3,6384.39,17516.48,0.396389,1.0901075901900604e-06,0.630373,271.4,0.2358,269.2,0.2
5743,3,6385.08,17514.21,0.413778,1.0900714777678749e-06,0.730652,264.5,0.242,269.0,0.2
5744,3,6385.75,17511.9,0.401398,1.0900353597820958e-06,0.699831,270.8,0.2363,269.1,0.2
5745,3,6386.44,17509.62,0.441207,1.0899992362335394e-06,0.551866,269.7,0.2373,268.9,0.2
5746,3,6387.12,17507.34,0.437221,1.0899631071230223e-06,0.790289,267.2,0.2395,268.9,0.2
5747,3,6387.8,17505.05,0.409738,1.089926972451361e-06,0.635823,270.2,0.2369,268.9,0.2
5748,3,6388.48,17502.75,0.421064,1.0898908322193723e-06,0.516386,271.9,0.2354,269.1,0.2
5749,3,6389.17,17500.47,0.470847,1.0898546864278733e-06,0.769249,270.2,0.2369,269.1,0.2
5750,3,6389.85,17498.19,0.396233,1.0898185350776807e-06,0.733816,267.8,0.239,269.1,0.2
5751,3,6390.54,17495.91,0.45413,1.089782378169612e-06,0.693659,268.4,0.2384,269.1,0.2
5752,3,6391.21,17493.62,0.435778,1.089746215704484e-06,0.921933,270.2,0.2368,269.1,0.2
5753,3,6391.9,17491.34,0.444572,1.0897100476831143e-06,0.689444,269.8,0.2372,269.2,0.2
5754,3,6392.58,17489.04,0.431609,1.0896738741063206e-06,0.769248,272.8,0.2346,269.4,0.2
5755,3,6393.26,17486.77,0.384464,1.0896376949749204e-06,0.693975,269.5,0.2375,269.2,0.2
5756,3,6393.95,17484.49,0.424797,1.0896015102897313e-06,0.594626,268.5,0.2384,269.0,0.2
5757,3,6394.63,17482.2,0.432296,1.0895653200515715e-06,0.674617,271.5,0.2357,269.1,0.2
5758,3,6395.31,17479.93,0.392305,1.089529124261259e-06,0.618289,263.6,0.2428,268.6,0.3
5759,3,6395.99,17477.64,0.424483,1.0894929229196117e-06,0.809035,270.1,0.2369,268.6,0.3
5760,3,6396.67,17475.36,0.40545,1.0894567160274481e-06,0.574243,270.0,0.2371,268.6,0.3
5761,3,6397.37,17473.1,0.399611,1.0894205035855865e-06,0.599294,272.1,0.2352,268.8,0.3
5762,3,6398.04,17470.82,0.439067,1.0893842855948454e-06,0.648103,271.8,0.2355,268.8,0.3
5763,3,6398.73,17468.54,0.383207,1.0893480620560435e-06,0.619277,268.7,0.2382,269.0,0.2
5764,3,6399.41,17466.27,0.414016,1.0893118329699995e-06,0.800908,270.0,0.2371,269.0,0.3
5765,3,6400.1,17463.99,0.357944,1.0892755983375326e-06,0.861427,268.2,0.2386,268.9,0.3
5766,3,6400.78,17461.71,0.470448,1.0892393581594613e-06,0.859732,272.1,0.2352,269.1,0.3
5767,3,6401.46,17459.43,0.41218,1.089203112436605e-06,0.810559,270.9,0.2362,269.2,0.3
5768,3,6402.14,17457.16,0.391095,1.0891668611697831e-06,0.660524,269.6,0.2374,269.1,0.3
5769,3,6402.82,17454.88,0.437458,1.0891306043598149e-06,0.705996,272.5,0.2348,269.2,0.3
5770,3,6403.51,17452.61,0.386615,1.0890943420075198e-06,0.544045,269.7,0.2373,269.3,0.2
5771,3,6404.19,17450.33,0.375962,1.0890580741137178e-06,0.67971,269.5,0.2375,269.4,0.2
5772,3,6404.87,17448.05,0.39917,1.0890218006792285e-06,0.768013,273.1,0.2344,269.5,0.2
5773,3,6405.57,17445.84,0.40667,1.0889855217048716e-06,0.801694,245.3,0.2609,268.2,0.2
5774,3,6406.24,17443.52,0.47119,1.0889492371914674e-06,0.690217,267.9,0.2389,268.0,0.2
5775,3,6406.92,17441.23,0.423381,1.088912947139836e-06,0.908299,271.0,0.2361,268.0,0.2
5776,3,6407.6,17438.96,0.440369,1.0888766515507975e-06,0.879973,270.0,0.237,268.1,0.2
5777,3,6408.28,17436.69,0.403485,1.0888403504251725e-06,0.631714,271.9,0.2354,268.2,0.2
5778,3,6408.97,17434.43,0.382373,1.0888040437637815e-06,0.611081,269.4,0.2376,268.5,0.2
5779,3,6409.65,17432.16,0.427333,1.0887677315674452e-06,0.644013,268.5,0.2383,268.4,0.2
5780,3,6410.33,17429.89,0.419431,1.0887314138369841e-06,0.759811,270.0,0.237,268.4,0.2
5781,3,6411.02,17427.64,0.465703,1.0886950905732194e-06,0.65821,273.5,0.234,268.5,0.2
5782,3,6411.7,17425.37,0.413488,1.088658761776972e-06,0.784353,272.4,0.235,268.5,0.2
5783,3,6412.39,17423.11,0.426803,1.0886224274490632e-06,0.764584,270.9,0.2363,268.6,0.2
5784,3,6413.07,17420.84,0.418434,1.0885860875903139e-06,0.606167,267.0,0.2397,268.5,0.2
5785,3,6413.75,17418.58,0.426696,1.088549742201546e-06,0.623092,266.3,0.2403,268.4,0.2
5786,3,6414.43,17416.3,0.471227,1.0885133912835807e-06,0.723939,271.6,0.2356,268.4,0.2
5787,3,6415.12,17414.05,0.427142,1.0884770348372397e-06,0.549437,264.8,0.2417,268.1,0.2
5788,3,6415.79,17411.76,0.457226,1.0884406728633449e-06,0.776802,272.4,0.2349,268.2,0.2
5789,3,6416.48,17409.51,0.446445,1.088404305362718e-06,1.194282,266.1,0.2405,267.9,0.2
5790,3,6417.16,17407.25,0.468245,1.0883679323361812e-06,0.893911,269.2,0.2378,267.9,0.2
5791,3,6417.84,17404.97,0.446957,1.0883315537845567e-06,0.741983,273.2,0.2342,268.0,0.2
5792,3,6418.52,17402.71,0.446102,1.0882951697086667e-06,0.615572,273.4,0.2341,268.0,0.2
5793,3,6419.21,17400.46,0.415304,1.0882587801093335e-06,0.572974,268.1,0.2387,269.3,0.2
5794,3,6419.9,17398.21,0.433987,1.0882223849873799e-06,0.651009,265.4,0.2411,269.2,0.2
5795,3,6420.58,17395.96,0.453408,1.0881859843436281e-06,0.754463,262.6,0.2437,268.7,0.2
5796,3,6421.26,17393.68,0.412015,1.0881495781789013e-06,0.768841,268.9,0.238,268.7,0.2
5797,3,6421.94,17391.42,0.41098,1.0881131664940221e-06,0.66578,269.5,0.2375,268.6,0.2
5798,3,6422.62,17389.16,0.449501,1.0880767492898136e-06,1.050685,270.2,0.2368,268.6,0.2
5799,3,6423.31,17386.9,0.445054,1.0880403265670993e-06,0.81689,270.1,0.2369,268.7,0.2
5800,3,6423.99,17384.64,0.444126,1.0880038983267023e-06,0.704082,271.9,0.2354,268.8,0.2
5801,3,6432.34,17403.14,0.438741,1.0879674645694456e-06,0.690886,279.2,0.2292,269.0,0.2
5802,3,6433.02,17400.86,0.413337,1.0879310252961532e-06,0.835454,274.9,0.2328,269.2,0.2
5803,3,6433.7,17398.59,0.390277,1.0878945805076485e-06,0.589997,274.6,0.2331,269.3,0.2
5804,3,6434.37,17396.31,0.448067,1.0878581302047555e-06,0.662663,274.6,0.233,269.7,0.2
5805,3,6435.06,17394.05,0.460382,1.087821674388298e-06,0.767705,270.8,0.2364,269.9,0.2
5806,3,6435.74,17391.79,0.418372,1.0877852130590998e-06,0.899392,268.3,0.2385,269.8,0.2
5807,3,6436.42,17389.52,0.399446,1.0877487462179854e-06,0.611356,271.7,0.2355,270.1,0.2
5808,3,6437.09,17387.24,0.399966,1.0877122738657788e-06,0.631772,270.8,0.2363,270.0,0.2
5809,3,6437.77,17384.98,0.421999,1.0876757960033045e-06,0.809204,272.5,0.2349,270.4,0.2
5810,3,6438.45,17382.71,0.452269,1.087639312631387e-06,1.446675,273.1,0.2343,270.6,0.2
5811,3,6439.13,17380.45,0.475001,1.0876028237508512e-06,0.687182,272.1,0.2352,270.5,0.2
5812,3,6439.82,17378.2,0.40561,1.0875663293625215e-06,0.979119,269.4,0.2375,270.3,0.2
5813,3,6440.49,17375.92,0.468605,1.0875298294672228e-06,0.93075,274.3,0.2333,270.6,0.2
5814,3,6441.18,17373.67,0.449547,1.0874933240657803e-06,0.63252,271.6,0.2356,270.9,0.2
5815,3,6441.87,17371.45,0.401861,1.0874568131590191e-06,0.799949,259.6,0.2465,270.8,0.2
5816,3,6442.54,17369.17,0.414254,1.0874202967477646e-06,0.905633,273.2,0.2343,271.0,0.2
5817,3,6443.23,17366.92,0.38027,1.087383774832842e-06,0.854299,271.1,0.2361,271.1,0.2
5818,3,6443.91,17364.66,0.388811,1.087347247415077e-06,0.651867,269.2,0.2378,271.0,0.2
5819,3,6444.59,17362.41,0.474888,1.087310714495295e-06,1.083609,272.5,0.2349,271.1,0.2
5820,3,6445.28,17360.16,0.408583,1.0872741760743221e-06,0.665147,268.3,0.2386,270.9,0.2
5821,3,6445.97,17357.94,0.459077,1.087237632152984e-06,0.709035,273.8,0.2337,270.6,0.2
5822,3,6446.65,17355.69,0.414001,1.0872010827321065e-06,0.550664,269.6,0.2374,270.3,0.3
5823,3,6447.33,17353.44,0.422858,1.087164527812516e-06,0.784778,267.7,0.2391,270.0,0.3
5824,3,6448.02,17351.19,0.414977,1.0871279673950389e-06,0.776418,270.3,0.2368,269.8,0.3
5825,3,6448.7,17348.95,0.403661,1.0870914014805012e-06,0.653199,268.0,0.2388,269.6,0.3
5826,3,6449.38,17346.69,0.449888,1.0870548300697299e-06,0.727483,269.3,0.2376,269.7,0.3
5827,3,6450.06,17344.44,0.402945,1.087018253163551e-06,0.872754,271.2,0.236,269.6,0.3
5828,3,6450.75,17342.19,0.446496,1.0869816707627918e-06,0.535159,270.8,0.2363,269.6,0.3
5829,3,6451.43,17339.94,0.405423,1.086945082868279e-06,0.767105,272.2,0.2351,269.6,0.3
5830,3,6452.11,17337.7,0.402652,1.0869084894808398e-06,0.916395,270.9,0.2363,269.5,0.3
5831,3,6452.79,17335.45,0.413691,1.086871890601301e-06,0.715861,271.9,0.2353,269.4,0.3
5832,3,6453.48,17333.21,0.445514,1.08683528623049e-06,0.954505,269.8,0.2373,269.5,0.3
5833,3,6454.16,17330.97,0.44569,1.0867986763692341e-06,0.847741,270.7,0.2364,269.3,0.3
5834,3,6454.84,17328.72,0.375961,1.086762061018361e-06,0.775274,272.9,0.2345,269.4,0.3
5835,3,6455.53,17326.48,0.415201,1.0867254401786982e-06,0.805933,268.6,0.2383,269.8,0.3
5836,3,6456.22,17324.25,0.425581,1.0866888138510734e-06,0.711518,265.6,0.241,269.4,0.3
5837,3,6456.9,17322.01,0.400455,1.0866521820363145e-06,0.815806,270.1,0.237,269.3,0.3
5838,3,6457.58,17319.77,0.440726,1.0866155447352498e-06,0.588989,269.8,0.2372,269.4,0.3
5839,3,6458.27,17317.54,0.455853,1.0865789019487069e-06,0.558847,269.8,0.2373,269.2,0.3
5840,3,6458.95,17315.29,0.427493,1.0865422536775145e-06,0.748524,272.5,0.2349,269.4,0.3
5841,3,6459.65,17313.09,0.416842,1.0865055999225008e-06,0.878681,274.6,0.233,269.5,0.3
5842,3,6460.33,17310.86,0.342146,1.0864689406844944e-06,0.565226,267.9,0.2389,269.4,0.3
5843,3,6461.02,17308.62,0.391909,1.0864322759643239e-06,0.666896,266.8,0.2398,269.4,0.3
5844,3,6461.7,17306.38,0.434494,1.0863956057628179e-06,0.710021,269.4,0.2376,269.4,0.3
5845,3,6462.38,17304.15,0.43538,1.0863589300808052e-06,0.72603,269.8,0.2372,269.5,0.3
5846,3,6463.08,17301.94,0.392964,1.0863222489191151e-06,0.693371,262.4,0.2439,269.1,0.3
5847,3,6463.75,17299.69,0.390637,1.0862855622785767e-06,0.651989,269.5,0.2375,269.0,0.3
5848,3,6464.44,17297.46,0.422816,1.0862488701600188e-06,0.828885,270.0,0.2371,269.0,0.3
5849,3,6465.12,17295.23,0.452841,1.0862121725642713e-06,0.909721,270.7,0.2364,268.9,0.3
5850,3,6465.81,17293.0,0.386304,1.0861754694921635e-06,0.592286,272.6,0.2348,269.0,0.3
5851,3,6466.49,17290.77,0.454328,1.086138760944525e-06,0.628873,270.3,0.2367,268.9,0.3
5852,3,6467.18,17288.54,0.41383,1.0861020469221856e-06,0.671874,270.2,0.2369,268.9,0.3
5853,3,6467.87,17286.32,0.442184,1.086065327425975e-06,0.697092,267.8,0.239,268.8,0.3
5854,3,6468.55,17284.09,0.452945,1.0860286024567232e-06,0.752392,271.9,0.2354,268.7,0.3
5855,3,6469.24,17281.87,0.414811,1.0859918720152602e-06,0.621165,270.3,0.2367,268.8,0.3
5856,3,6469.92,17279.64,0.46103,1.0859551361024166e-06,0.843537,270.9,0.2362,269.1,0.3
5857,3,6470.61,17277.42,0.406978,1.0859183947190226e-06,0.590767,268.4,0.2384,269.1,0.3
5858,3,6471.29,17275.18,0.452155,1.0858816478659085e-06,1.075801,272.5,0.2349,269.2,0.3
5859,3,6471.98,17272.96,0.455856,1.0858448955439052e-06,1.214034,269.6,0.2374,269.2,0.3
5860,3,6472.66,17270.74,0.439851,1.0858081377538433e-06,0.664783,271.1,0.2361,269.2,0.2
5861,3,6473.36,17268.55,0.406511,1.0857713744965536e-06,0.774202,271.4,0.2358,269.0,0.3
5862,3,6474.04,17266.32,0.419226,1.0857346057728668e-06,0.907945,269.2,0.2378,269.0,0.3
5863,3,6474.73,17264.11,0.41605,1.0856978315836145e-06,0.637285,268.6,0.2383,269.1,0.2
5864,3,6475.42,17261.89,0.394211,1.0856610519296279e-06,0.788746,268.2,0.2386,269.1,0.2
5865,3,6476.1,17259.67,0.414885,1.085624266811738e-06,0.608196,268.3,0.2385,269.0,0.3
5866,3,6476.79,17257.44,0.437732,1.0855874762307764e-06,0.79901,272.0,0.2353,269.4,0.3
5867,3,6477.47,17255.23,0.455377,1.0855506801875747e-06,0.737491,269.8,0.2373,269.4,0.3
5868,3,6478.16,17253.01,0.448482,1.0855138786829645e-06,0.602899,269.7,0.2373,269.4,0.3
5869,3,6478.85,17250.8,0.454097,1.085477071717778e-06,0.839704,268.1,0.2387,269.3,0.3
5870,3,6479.53,17248.58,0.406536,1.085440259292847e-06,0.628322,270.3,0.2367,269.2,0.3
5871,3,6480.22,17246.37,0.413335,1.0854034414090033e-06,0.60252,267.0,0.2397,269.0,0.3
5872,3,6480.9,17244.15,0.422069,1.0853666180670796e-06,0.66618,270.7,0.2364,269.0,0.3
5873,3,6481.59,17241.94,0.454943,1.0853297892679076e-06,1.019463,263.0,0.2433,268.8,0.3
5874,3,6482.28,17239.72,0.385283,1.0852929550123205e-06,0.570438,268.3,0.2385,268.6,0.3
5875,3,6482.96,17237.5,0.410692,1.0852561153011502e-06,0.647444,269.1,0.2379,268.6,0.3
5876,3,6483.65,17235.29,0.407924,1.0852192701352297e-06,0.726262,268.0,0.2388,268.4,0.3
5877,3,6484.33,17233.08,0.424342,1.0851824195153919e-06,0.628359,269.4,0.2376,268.4,0.3
5878,3,6485.02,17230.86,0.430173,1.0851455634424695e-06,0.708188,272.0,0.2353,268.4,0.3
5879,3,6485.71,17228.66,0.468204,1.085108701917296e-06,0.792335,267.2,0.2395,268.3,0.3
5880,3,6486.4,17226.46,0.458306,1.0850718349407043e-06,0.711807,265.5,0.2411,268.0,0.3
5881,3,6487.09,17224.26,0.392163,1.0850349625135277e-06,0.503821,273.4,0.2341,268.1,0.3
5882,3,6487.78,17222.06,0.39598,1.0849980846365997e-06,0.671436,264.2,0.2423,267.9,0.3
5883,3,6488.46,17219.84,0.435844,1.084961201310754e-06,0.673073,270.9,0.2363,268.0,0.3
5884,3,6489.14,17217.63,0.435785,1.084924312536824e-06,0.894053,269.7,0.2373,268.1,0.3
5885,3,6489.83,17215.41,0.393834,1.0848874183156435e-06,0.649819,269.0,0.2379,268.1,0.3
5886,3,6490.51,17213.2,0.416963,1.0848505186480468e-06,0.531095,272.7,0.2347,268.2,0.3
5887,3,6491.2,17210.99,0.424625,1.0848136135348678e-06,0.788834,269.8,0.2373,268.2,0.3
5888,3,6491.89,17208.79,0.448882,1.0847767029769404e-06,0.647717,267.2,0.2395,268.1,0.3
5889,3,6492.58,17206.59,0.397049,1.0847397869750993e-06,0.566649,265.1,0.2414,267.9,0.3
5890,3,6493.25,17204.37,0.467022,1.0847028655301788e-06,0.905822,271.8,0.2354,268.0,0.2
5891,3,6493.94,17202.16,0.450333,1.0846659386430135e-06,0.921682,268.6,0.2383,268.1,0.3
5892,3,6494.63,17199.96,0.398729,1.0846290063144378e-06,0.681387,265.4,0.2411,267.8,0.3
5893,3,6495.31,17197.75,0.417298,1.0845920685452868e-06,0.622417,267.9,0.2389,268.0,0.3
5894,3,6496.0,17195.54,0.427217,1.0845551253363952e-06,0.697348,271.0,0.2361,268.2,0.3
5895,3,6496.68,17193.34,0.370257,1.0845181766885982e-06,0.96311,268.7,0.2382,268.2,0.2
5896,3,6497.37,17191.14,0.399481,1.084481222602731e-06,1.046325,267.1,0.2397,268.1,0.2
5897,3,6498.05,17188.93,0.453375,1.0844442630796288e-06,0.853052,269.8,0.2372,268.2,0.2
5898,3,6498.74,17186.72,0.444969,1.0844072981201268e-06,0.796244,269.2,0.2378,268.0,0.3
5899,3,6499.42,17184.52,0.477762,1.0843703277250608e-06,0.787123,270.5,0.2366,268.1,0.3
5900,3,6500.1,17182.31,0.447251,1.0843333518952665e-06,0.619273,271.4,0.2358,268.5,0.3
5901,3,6500.8,17180.13,0.408776,1.0842963706315796e-06,0.720373,272.1,0.2352,268.4,0.2
5902,3,6501.49,17177.94,0.441672,1.084259383934836e-06,0.780148,267.4,0.2393,268.6,0.3
5903,3,6502.17,17175.72,0.416613,1.0842223918058715e-06,0.706667,273.7,0.2338,268.7,0.3
5904,3,6502.85,17173.52,0.412202,1.0841853942455225e-06,0.697368,268.8,0.2381,268.6,0.3
5905,3,6503.54,17171.32,0.425884,1.0841483912546251e-06,0.740581,269.6,0.2373,268.7,0.3
5906,3,6504.22,17169.11,0.432706,1.084111382834016e-06,0.70861,271.0,0.2361,268.6,0.3
5907,3,6504.91,17166.92,0.379526,1.0840743689845315e-06,0.766633,269.9,0.2371,268.6,0.3
5908,3,6505.59,17164.72,0.466147,1.0840373497070082e-06,0.710676,268.8,0.2381,268.7,0.3
5909,3,6506.28,17162.52,0.444271,1.084000325002283e-06,0.625601,271.6,0.2356,269.0,0.3
5910,3,6506.96,17160.32,0.436742,1.0839632948711926e-06,0.776078,270.2,0.2369,268.9,0.3
5911,3,6507.65,17158.12,0.409977,1.083926259314574e-06,0.700799,267.1,0.2396,268.8,0.3
5912,3,6508.33,17155.92,0.422492,1.0838892183332647e-06,0.679183,270.9,0.2362,269.1,0.3
5913,3,6509.01,17153.72,0.414593,1.0838521719281016e-06,0.62255,270.0,0.237,269.2,0.3
5914,3,6509.7,17151.53,0.453742,1.0838151200999223e-06,0.65249,267.5,0.2393,269.0,0.3
5915,3,6510.38,17149.32,0.396376,1.0837780628495638e-06,0.584003,271.1,0.2361,269.1,0.3
5916,3,6511.06,17147.12,0.475437,1.0837410001778644e-06,0.775489,270.1,0.237,269.3,0.3
5917,3,6511.75,17144.93,0.370836,1.0837039320856615e-06,0.6601,268.4,0.2384,269.2,0.3
5918,3,6512.44,17142.74,0.416113,1.083666858573793e-06,0.736825,267.8,0.239,269.2,0.3
5919,3,6513.12,17140.55,0.412788,1.0836297796430969e-06,0.580592,270.5,0.2366,269.1,0.3
5920,3,6513.81,17138.36,0.430129,1.083592695294411e-06,0.700336,265.9,0.2407,268.9,0.3
5921,3,6514.5,17136.19,0.455708,1.0835556055285739e-06,1.037339,260.5,0.2457,268.3,0.3
5922,3,6515.18,17133.99,0.458072,1.0835185103464239e-06,0.784019,264.7,0.2418,268.1,0.3
5923,3,6515.86,17131.78,0.418073,1.0834814097487995e-06,0.595394,269.8,0.2372,267.9,0.3
5924,3,6516.55,17129.59,0.378629,1.0834443037365392e-06,0.653751,268.6,0.2383,267.9,0.3
5925,3,6517.23,17127.39,0.384226,1.0834071923104817e-06,0.575867,271.5,0.2358,268.0,0.3
5926,3,6517.91,17125.2,0.450678,1.083370075471466e-06,0.734962,273.0,0.2344,268.1,0.3
5927,3,6518.6,17123.01,0.391395,1.083332953220331e-06,0.64285,269.4,0.2376,268.1,0.3
5928,3,6519.28,17120.81,0.424729,1.0832958255579157e-06,0.642507,272.1,0.2352,268.3,0.3
5929,3,6519.96,17118.62,0.407523,1.0832586924850593e-06,0.888437,270.5,0.2366,268.2,0.3
5930,3,6520.65,17116.43,0.409202,1.0832215540026014e-06,0.521523,271.0,0.2361,268.3,0.3
5931,3,6521.33,17114.24,0.446546,1.083184410111381e-06,0.852016,269.6,0.2374,268.4,0.3
5932,3,6522.02,17112.05,0.420918,1.0831472608122383e-06,1.010579,269.0,0.2379,268.3,0.3
5933,3,6522.7,17109.86,0.385915,1.0831101061060124e-06,0.647142,266.7,0.24,268.2,0.3
5934,3,6523.38,17107.67,0.427822,1.0830729459935435e-06,0.654373,269.9,0.2371,268.3,0.3
5935,3,6524.07,17105.47,0.413235,1.0830357804756713e-06,0.642477,271.1,0.2361,268.3,0.3
5936,3,6524.75,17103.28,0.443151,1.082998609553236e-06,0.634363,270.0,0.2371,268.3,0.3
5937,3,6525.43,17101.09,0.416926,1.0829614332270777e-06,0.587815,271.0,0.2362,268.4,0.3
5938,3,6526.11,17098.9,0.4219,1.082924251498037e-06,0.578659,270.9,0.2362,268.6,0.2
5939,3,6526.8,17096.71,0.45168,1.0828870643669539e-06,0.784887,271.3,0.2359,268.6,0.2
5940,3,6527.48,17094.53,0.397756,1.0828498718346692e-06,0.751116,268.3,0.2385,268.8,0.2
5941,3,6528.17,17092.35,0.415944,1.0828126739020235e-06,0.588711,270.9,0.2363,269.3,0.2
5942,3,6528.85,17090.17,0.400462,1.0827754705698577e-06,0.716281,267.0,0.2397,269.4,0.2
5943,3,6529.54,17087.98,0.437635,1.0827382618390128e-06,0.737488,268.6,0.2382,269.4,0.2
5944,3,6530.22,17085.81,0.439987,1.0827010477103296e-06,0.74598,264.7,0.2418,269.2,0.2
5945,3,6530.9,17083.6,0.394021,1.0826638281846493e-06,0.630922,269.9,0.2371,269.1,0.2
5946,3,6531.58,17081.42,0.401557,1.0826266032628132e-06,0.655885,270.2,0.2369,269.0,0.2
5947,3,6532.27,17079.24,0.404278,1.0825893729456627e-06,0.591419,268.6,0.2383,268.9,0.2
5948,3,6532.95,17077.06,0.434377,1.0825521372340396e-06,0.959624,268.8,0.2381,268.8,0.2
5949,3,6533.63,17074.87,0.424964,1.082514896128785e-06,0.69719,273.3,0.2342,268.9,0.2
5950,3,6534.32,17072.7,0.41071,1.0824776496307413e-06,0.715448,270.1,0.237,268.8,0.2
5951,3,6535.0,17070.51,0.428228,1.0824403977407501e-06,0.611588,271.3,0.2359,268.9,0.3
5952,3,6535.68,17068.33,0.409125,1.0824031404596534e-06,0.760009,271.1,0.2361,269.0,0.2
5953,3,6536.37,17066.15,0.353665,1.0823658777882933e-06,0.772467,271.2,0.236,269.3,0.2
5954,3,6537.05,17063.97,0.452766,1.0823286097275123e-06,0.722377,269.5,0.2375,269.2,0.2
5955,3,6537.74,17061.8,0.429106,1.0822913362781526e-06,0.922863,265.0,0.2415,268.9,0.2
5956,3,6538.42,17059.61,0.399679,1.0822540574410567e-06,0.920895,270.3,0.2368,268.9,0.2
5957,3,6539.1,17057.42,0.414612,1.0822167732170672e-06,0.668515,273.0,0.2344,269.0,0.3
5958,3,6539.78,17055.24,0.425268,1.082179483607027e-06,0.908612,270.6,0.2365,269.0,0.3
5959,3,6540.48,17053.11,0.48464,1.0821421886117788e-06,0.647957,251.1,0.2548,267.8,0.3
5960,3,6541.15,17050.9,0.380836,1.0821048882321655e-06,0.893441,268.5,0.2384,267.8,0.3
5961,3,6541.84,17048.72,0.475288,1.0820675824690306e-06,0.892874,274.5,0.2332,268.0,0.3
5962,3,6542.52,17046.55,0.418608,1.0820302713232172e-06,0.689254,271.4,0.2358,268.2,0.3
5963,3,6543.2,17044.37,0.423752,1.0819929547955685e-06,0.655003,272.4,0.2349,268.4,0.3
5964,3,6543.89,17042.2,0.422258,1.0819556328869282e-06,0.794439,270.0,0.237,268.7,0.3
5965,3,6544.57,17040.02,0.435571,1.0819183055981395e-06,0.750147,270.9,0.2363,268.7,0.3
5966,3,6545.25,17037.84,0.428139,1.0818809729300466e-06,0.727102,268.5,0.2383,268.6,0.3
5967,3,6545.94,17035.67,0.415917,1.0818436348834931e-06,0.899321,270.2,0.2369,268.7,0.3
5968,3,6546.62,17033.49,0.419921,1.0818062914593231e-06,0.586451,272.9,0.2345,268.9,0.3
5969,3,6547.3,17031.31,0.429007,1.0817689426583802e-06,0.634273,272.2,0.2351,268.8,0.3
5970,3,6547.98,17029.14,0.428504,1.0817315884815092e-06,0.797093,272.4,0.235,268.9,0.3
5971,3,6548.66,17026.96,0.437924,1.0816942289295543e-06,0.911813,273.1,0.2344,269.0,0.3
5972,3,6549.35,17024.8,0.402838,1.0816568640033597e-06,0.71578,270.4,0.2367,269.0,0.3
5973,3,6550.03,17022.63,0.444878,1.0816194937037703e-06,0.697214,268.9,0.238,268.8,0.3
5974,3,6550.71,17020.45,0.435388,1.0815821180316304e-06,0.638724,270.3,0.2368,268.9,0.3
5975,3,6551.39,17018.27,0.430358,1.0815447369877855e-06,0.653119,272.0,0.2353,269.3,0.3
5976,3,6552.08,17016.1,0.438659,1.0815073505730798e-06,0.929022,272.4,0.235,269.4,0.3
5977,3,6552.76,17013.93,0.417284,1.0814699587883588e-06,0.772873,269.9,0.2371,269.2,0.3
5978,3,6553.44,17011.76,0.425967,1.0814325616344673e-06,0.723438,270.7,0.2364,269.3,0.3
5979,3,6554.13,17009.59,0.432152,1.081395159112251e-06,0.807527,272.2,0.2351,270.4,0.3
5980,3,6554.81,17007.42,0.452177,1.081357751222555e-06,0.760061,274.1,0.2335,270.7,0.3
5981,3,6555.5,17005.27,0.446393,1.0813203379662252e-06,0.802571,273.8,0.2337,270.7,0.3
5982,3,6556.18,17003.11,0.42762,1.081282919344107e-06,0.862604,271.4,0.2358,270.7,0.3
5983,3,6556.87,17000.95,0.431279,1.0812454953570463e-06,0.575235,265.9,0.2407,270.3,0.3
5984,3,6557.55,16998.78,0.464138,1.0812080660058892e-06,0.767519,269.2,0.2378,270.3,0.3
5985,3,6558.23,16996.61,0.41713,1.0811706312914812e-06,0.702748,272.2,0.2352,270.4,0.3
5986,3,6558.91,16994.44,0.449255,1.0811331912146688e-06,0.782859,272.5,0.2348,270.6,0.2
5987,3,6559.6,16992.28,0.39552,1.0810957457762983e-06,1.001805,271.4,0.2358,270.7,0.2
5988,3,6560.28,16990.12,0.404219,1.0810582949772158e-06,0.82972,270.3,0.2368,270.6,0.2
5989,3,6560.97,16987.96,0.424281,1.0810208388182682e-06,0.762308,269.3,0.2377,270.4,0.2
5990,3,6561.65,16985.8,0.390643,1.080983377300302e-06,0.665117,270.9,0.2362,270.4,0.2
5991,3,6562.33,16983.63,0.392605,1.080945910424164e-06,0.875356,273.7,0.2339,270.4,0.2
5992,3,6563.01,16981.47,0.482808,1.080908438190701e-06,0.659235,268.6,0.2383,270.3,0.2
5993,3,6563.7,16979.31,0.407353,1.08087096060076e-06,0.762177,269.7,0.2373,270.4,0.2
5994,3,6564.38,16977.15,0.459848,1.0808334776551881e-06,0.6596,268.4,0.2384,270.3,0.2
5995,3,6565.06,16974.99,0.405361,1.0807959893548325e-06,0.519464,269.4,0.2376,270.1,0.2
5996,3,6565.74,16972.82,0.433106,1.0807584957005407e-06,0.92883,272.7,0.2347,270.2,0.2
5997,3,6566.43,16970.66,0.417805,1.0807209966931601e-06,0.841704,271.9,0.2354,270.3,0.2
5998,3,6567.11,16968.5,0.444998,1.0806834923335382e-06,0.837043,271.5,0.2357,270.3,0.2
5999,3,6567.79,16966.34,0.429001,1.0806459826225229e-06,0.865471,270.6,0.2365,270.2,0.2
6000,3,6568.47,16964.18,0.372414,1.0806084675609617e-06,0.663064,272.1,0.2352,270.1,0.2
6001,3,6695.35,17287.85,0.400658,1.0805709471497032e-06,0.717058,0.6,102.691,0.5,16.7
6002,3,6695.58,17284.46,0.413499,1.080533421389595e-06,0.579691,277.0,0.2311,1.0,16.7
6003,3,6696.26,17282.22,0.457357,1.0804958902814853e-06,0.771936,270.6,0.2365,1.6,16.6
6004,3,6696.93,17279.96,0.389915,1.0804583538262227e-06,0.651011,275.6,0.2322,2.1,16.6
6005,3,6697.61,17277.72,0.377977,1.0804208120246558e-06,0.620792,274.9,0.2328,2.6,16.6
6006,3,6698.29,17275.47,0.433301,1.0803832648776328e-06,0.687205,273.3,0.2342,3.1,16.5
6007,3,6698.96,17273.22,0.43884,1.0803457123860025e-06,0.777497,278.6,0.2297,3.6,16.5
6008,3,6699.64,17270.97,0.44035,1.0803081545506135e-06,0.737393,273.7,0.2339,4.1,16.5
6009,3,6700.31,17268.72,0.443617,1.0802705913723152e-06,0.585256,275.3,0.2325,4.6,16.4
6010,3,6700.99,17266.47,0.40876,1.0802330228519563e-06,0.980608,278.0,0.2303,5.1,16.4
6011,3,6701.66,17264.23,0.376973,1.0801954489903861e-06,0.535327,276.4,0.2315,5.6,16.4
6012,3,6702.34,17261.99,0.427504,1.0801578697884538e-06,0.665242,273.5,0.234,6.1,16.4
6013,3,6703.02,17259.75,0.374842,1.080120285247009e-06,0.801855,271.8,0.2355,6.6,16.3
6014,3,6703.7,17257.5,0.437731,1.080082695366901e-06,0.643592,273.9,0.2336,7.1,16.3
6015,3,6704.38,17255.27,0.410485,1.0800451001489797e-06,0.76655,273.5,0.234,7.6,16.3
6016,3,6705.05,17253.03,0.409572,1.0800074995940945e-06,0.543424,275.2,0.2326,8.1,16.2
6017,3,6705.73,17250.8,0.409476,1.0799698937030956e-06,0.699859,271.3,0.2359,8.6,16.2
6018,3,6706.42,17248.59,0.388261,1.0799322824768332e-06,1.042825,271.1,0.2361,9.1,16.2
6019,3,6707.1,17246.36,0.42858,1.079894665916157e-06,0.817284,269.7,0.2373,9.5,16.2
6020,3,6707.78,17244.13,0.412199,1.0798570440219179e-06,0.854365,273.1,0.2344,10.0,16.1
6021,3,6708.51,17242.02,0.453624,1.0798194167949656e-06,0.795472,271.8,0.2355,272.8,0.4
6022,3,6709.19,17239.79,0.388076,1.0797817842361509e-06,0.593561,271.8,0.2355,272.5,0.4
6023,3,6709.87,17237.57,0.426068,1.0797441463463243e-06,0.691681,268.7,0.2382,272.3,0.5
6024,3,6710.55,17235.34,0.425401,1.0797065031263366e-06,0.740393,271.0,0.2362,272.0,0.5
6025,3,6711.24,17233.12,0.374014,1.079668854577039e-06,0.905731,269.1,0.2378,271.6,0.5
6026,3,6711.92,17230.89,0.486303,1.079631200699282e-06,0.673478,274.5,0.2331,271.5,0.6
6027,3,6712.6,17228.67,0.411819,1.0795935414939167e-06,0.732906,273.7,0.2339,271.3,0.6
6028,3,6713.28,17226.45,0.41927,1.0795558769617947e-06,0.656971,269.9,0.2371,271.0,0.6
6029,3,6713.96,17224.22,0.403045,1.0795182071037671e-06,0.742138,273.4,0.2341,270.8,0.6
6030,3,6714.64,17222.0,0.424224,1.0794805319206856e-06,0.862014,271.1,0.2361,270.4,0.7
6031,3,6715.33,17219.79,0.41094,1.0794428514134015e-06,0.878437,270.3,0.2368,270.0,0.7
6032,3,6716.01,17217.57,0.403998,1.0794051655827665e-06,0.899181,271.2,0.236,269.8,0.7
6033,3,6716.69,17215.35,0.409981,1.0793674744296326e-06,0.646636,273.4,0.2341,269.9,0.7
6034,3,6717.38,17213.14,0.450881,1.0793297779548519e-06,0.813353,270.8,0.2363,269.6,0.8
6035,3,6718.09,17210.99,0.414378,1.0792920761592761e-06,0.751129,245.3,0.261,268.2,0.7
6036,3,6718.75,17208.72,0.421491,1.0792543690437577e-06,0.681068,270.9,0.2362,267.8,0.8
6037,3,6719.43,17206.51,0.448351,1.0792166566091487e-06,0.65498,273.7,0.2338,267.9,0.8
6038,3,6720.12,17204.31,0.433421,1.0791789388563018e-06,0.679534,268.7,0.2382,267.9,0.8
6039,3,6720.8,17202.1,0.416804,1.0791412157860695e-06,0.757029,269.2,0.2378,267.8,0.8
6040,3,6721.49,17199.9,0.431001,1.0791034873993045e-06,0.678386,263.5,0.2429,267.3,0.8
6041,3,6722.2,17197.75,0.417989,1.0790657536968592e-06,0.745213,268.3,0.2385,267.2,0.8
6042,3,6722.88,17195.54,0.386307,1.0790280146795868e-06,0.801298,269.2,0.2377,267.1,0.8
6043,3,6723.57,17193.33,0.435589,1.0789902703483404e-06,0.820154,268.8,0.2381,267.2,0.7
6044,3,6724.26,17191.14,0.432172,1.078952520703973e-06,0.749286,266.1,0.2405,266.9,0.7
6045,3,6724.95,17188.94,0.452093,1.078914765747338e-06,1.069335,265.0,0.2415,266.7,0.7
6046,3,6725.63,17186.73,0.441117,1.0788770054792888e-06,0.567382,269.5,0.2375,266.5,0.7
6047,3,6726.32,17184.53,0.478129,1.0788392399006788e-06,0.866533,270.1,0.2369,266.3,0.7
6048,3,6727.0,17182.33,0.422728,1.078801469012362e-06,0.753334,268.3,0.2385,266.2,0.8
6049,3,6727.69,17180.13,0.445326,1.0787636928151914e-06,0.908445,269.5,0.2375,266.1,0.7
6050,3,6728.38,17177.93,0.422953,1.0787259113100215e-06,0.627687,268.6,0.2383,266.0,0.7
6051,3,6729.06,17175.74,0.417147,1.078688124497706e-06,0.804306,270.4,0.2367,266.0,0.7
6052,3,6729.75,17173.55,0.439502,1.078650332379099e-06,0.875412,268.5,0.2384,265.9,0.7
6053,3,6730.45,17171.37,0.400662,1.0786125349550551e-06,0.857743,265.7,0.2409,265.5,0.7
6054,3,6731.13,17169.17,0.405603,1.0785747322264284e-06,0.652403,269.6,0.2374,265.3,0.7
6055,3,6731.82,17166.98,0.437685,1.078536924194073e-06,0.669262,268.2,0.2386,266.6,0.7
6056,3,6732.52,17164.82,0.394146,1.0784991108588443e-06,0.806068,262.0,0.2442,266.1,0.7
6057,3,6733.21,17162.62,0.425351,1.0784612922215962e-06,0.69071,268.6,0.2382,265.9,0.8
6058,3,6733.89,17160.42,0.426721,1.078423468283184e-06,0.581647,266.6,0.24,265.9,0.7
6059,3,6734.58,17158.23,0.415972,1.0783856390444627e-06,0.706251,268.1,0.2387,265.8,0.7
6060,3,6735.27,17156.04,0.393451,1.078347804506287e-06,0.553564,268.8,0.2381,266.1,0.7
6061,3,6735.98,17153.91,0.403976,1.0783099646695123e-06,0.746798,269.3,0.2376,266.1,0.7
6062,3,6736.67,17151.72,0.414552,1.078272119534994e-06,0.60898,269.0,0.2379,266.0,0.7
6063,3,6737.36,17149.53,0.403116,1.0782342691035873e-06,0.677505,269.7,0.2373,266.1,0.7
6064,3,6738.04,17147.34,0.429998,1.078196413376148e-06,0.712371,269.5,0.2375,266.2,0.7
6065,3,6738.74,17145.17,0.394372,1.0781585523535313e-06,0.586872,266.2,0.2404,266.4,0.7
6066,3,6739.42,17142.98,0.438577,1.0781206860365937e-06,0.719142,267.5,0.2392,266.3,0.7
6067,3,6740.12,17140.8,0.377017,1.0780828144261906e-06,0.694401,266.6,0.2401,266.1,0.7
6068,3,6740.81,17138.62,0.426024,1.0780449375231783e-06,0.668901,265.0,0.2415,266.0,0.7
6069,3,6741.5,17136.44,0.455183,1.0780070553284126e-06,0.668545,265.6,0.2409,265.8,0.7
6070,3,6742.18,17134.26,0.43353,1.07796916784275e-06,1.104193,265.3,0.2412,265.6,0.7
6071,3,6742.88,17132.08,0.430862,1.0779312750670468e-06,0.81307,266.4,0.2402,265.4,0.7
6072,3,6743.56,17129.9,0.460951,1.0778933770021598e-06,0.854375,266.2,0.2405,265.3,0.7
6073,3,6744.25,17127.72,0.441305,1.077855473648945e-06,0.847813,269.9,0.2371,265.6,0.7
6074,3,6745.0,17125.67,0.430922,1.0778175650082598e-06,0.839821,220.5,0.2902,262.8,0.7
6075,3,6745.64,17123.37,0.415603,1.0777796510809607e-06,0.677529,267.5,0.2392,262.7,0.7
6076,3,6746.36,17121.28,0.408636,1.0777417318679048e-06,0.695535,230.7,0.2774,261.0,0.6
6077,3,6747.01,17119.01,0.439527,1.0777038073699493e-06,0.822453,267.3,0.2394,261.0,0.6
6078,3,6747.74,17116.92,0.43966,1.077665877587951e-06,1.005277,234.9,0.2725,259.2,0.6
6079,3,6748.41,17114.69,0.435041,1.0776279425227678e-06,0.834734,266.2,0.2405,259.1,0.6
6080,3,6749.1,17112.51,0.491935,1.0775900021752566e-06,0.799544,268.4,0.2385,259.0,0.7
6081,3,6749.82,17110.41,0.390699,1.0775520565462755e-06,0.853802,270.6,0.2365,259.0,0.7
6082,3,6750.51,17108.24,0.377309,1.077514105636682e-06,0.628165,267.4,0.2394,259.0,0.7
6083,3,6751.2,17106.07,0.383744,1.0774761494473338e-06,1.105157,267.9,0.2389,258.9,0.7
6084,3,6751.89,17103.9,0.448478,1.077438187979089e-06,0.662031,267.2,0.2395,258.8,0.6
6085,3,6752.62,17101.82,0.430653,1.0774002212328056e-06,0.766221,234.0,0.2734,257.1,0.7
6086,3,6753.28,17099.58,0.459209,1.0773622492093419e-06,1.050774,269.6,0.2374,257.1,0.7
6087,3,6753.97,17097.41,0.409863,1.077324271909556e-06,0.5882,267.5,0.2393,257.2,0.7
6088,3,6754.66,17095.25,0.409763,1.0772862893343063e-06,0.641882,265.2,0.2413,257.2,0.7
6089,3,6755.35,17093.08,0.40707,1.0772483014844514e-06,0.813452,267.6,0.2392,257.2,0.7
6090,3,6756.04,17090.9,0.458875,1.0772103083608502e-06,1.021253,268.4,0.2384,257.3,0.7
6091,3,6756.76,17088.81,0.37075,1.0771723099643608e-06,0.513132,240.0,0.2667,255.9,0.7
6092,3,6757.43,17086.58,0.384043,1.0771343062958427e-06,0.624252,267.7,0.2391,256.0,0.7
6093,3,6758.12,17084.42,0.438226,1.0770962973561547e-06,0.707125,265.6,0.2409,255.7,0.8
6094,3,6758.81,17082.26,0.40196,1.0770582831461562e-06,0.804008,264.6,0.2419,258.3,0.7
6095,3,6759.51,17080.09,0.411639,1.0770202636667061e-06,0.800593,267.0,0.2397,258.2,0.8
6096,3,6760.2,17077.93,0.432919,1.0769822389186642e-06,1.118038,267.2,0.2395,260.2,0.8
6097,3,6760.9,17075.79,0.394231,1.0769442089028893e-06,0.609578,257.6,0.2485,259.7,0.8
6098,3,6761.58,17073.6,0.388935,1.0769061736202414e-06,0.733404,268.7,0.2382,261.6,0.8
6099,3,6762.27,17071.44,0.385747,1.0768681330715804e-06,0.646043,265.5,0.241,261.6,0.7
6100,3,6762.96,17069.28,0.43523,1.0768300872577657e-06,0.637159,265.8,0.2408,261.5,0.7
6101,3,6763.7,17067.22,0.436419,1.0767920361796577e-06,1.04246,257.6,0.2485,261.0,0.7
6102,3,6764.38,17065.03,0.444616,1.0767539798381163e-06,0.906789,267.3,0.2394,261.0,0.7
6103,3,6765.07,17062.86,0.401429,1.0767159182340017e-06,0.849178,267.9,0.2389,261.0,0.7
6104,3,6765.76,17060.7,0.402732,1.0766778513681743e-06,0.669712,268.6,0.2383,261.1,0.7
6105,3,6766.45,17058.56,0.414258,1.0766397792414946e-06,0.672664,262.9,0.2434,262.8,0.6
6106,3,6767.14,17056.39,0.394672,1.0766017018548228e-06,0.797209,269.1,0.2379,262.7,0.6
6107,3,6767.84,17054.24,0.354273,1.07656361920902e-06,0.570382,264.9,0.2416,262.6,0.6
6108,3,6768.53,17052.09,0.408665,1.0765255313049468e-06,0.471804,266.9,0.2398,262.7,0.7
6109,3,6769.23,17049.94,0.392571,1.076487438143464e-06,0.487547,262.3,0.244,262.5,0.6
6110,3,6769.92,17047.78,0.416417,1.0764493397254328e-06,0.638379,264.6,0.2419,262.4,0.6
6111,3,6770.61,17045.62,0.41158,1.0764112360517142e-06,0.711031,267.0,0.2397,263.9,0.6
6112,3,6771.3,17043.46,0.453505,1.0763731271231696e-06,0.910041,268.7,0.2382,263.9,0.6
6113,3,6771.99,17041.31,0.404949,1.0763350129406605e-06,0.646043,267.4,0.2394,264.0,0.6
6114,3,6772.69,17039.19,0.428753,1.0762968935050483e-06,0.857745,262.8,0.2436,263.7,0.6
6115,3,6773.38,17037.03,0.399124,1.0762587688171946e-06,0.543676,265.4,0.2411,263.7,0.6
6116,3,6774.08,17034.89,0.483835,1.0762206388779612e-06,0.938324,266.0,0.2406,263.5,0.7
6117,3,6774.78,17032.74,0.429109,1.0761825036882097e-06,0.603328,263.7,0.2427,263.9,0.7
6118,3,6775.47,17030.59,0.390765,1.0761443632488024e-06,0.657949,264.7,0.2418,263.7,0.6
6119,3,6776.16,17028.44,0.436926,1.0761062175606013e-06,0.654479,267.7,0.2391,263.9,0.6
6120,3,6776.86,17026.3,0.418134,1.0760680666244688e-06,0.574456,264.8,0.2417,263.8,0.6
6121,3,6777.57,17024.21,0.377876,1.0760299104412671e-06,1.013999,269.6,0.2374,264.4,0.6
6122,3,6778.32,17022.19,0.432862,1.0759917490118584e-06,0.747607,222.4,0.2877,261.7,0.7
6123,3,6778.97,17019.94,0.420405,1.0759535823371055e-06,0.629786,262.5,0.2438,261.4,0.7
6124,3,6779.7,17017.9,0.444393,1.0759154104178711e-06,0.845785,225.2,0.2842,258.8,0.7
6125,3,6780.35,17015.64,0.398035,1.0758772332550182e-06,0.863187,267.8,0.239,259.0,0.8
6126,3,6781.1,17013.63,0.457981,1.0758390508494094e-06,0.785019,219.4,0.2917,256.2,0.7
6127,3,6781.74,17011.36,0.39221,1.0758008632019079e-06,0.63463,265.2,0.2413,256.2,0.7
6128,3,6782.44,17009.21,0.479851,1.075762670313377e-06,0.72191,267.2,0.2395,256.2,0.7
6129,3,6783.13,17007.08,0.423925,1.0757244721846798e-06,0.531117,266.3,0.2403,256.4,0.7
6130,3,6783.84,17004.97,0.424504,1.0756862688166798e-06,0.696806,251.8,0.2542,255.8,0.7
6131,3,6784.57,17002.92,0.403977,1.0756480602102405e-06,0.681637,222.6,0.2875,253.4,0.7
6132,3,6785.22,17000.66,0.453046,1.0756098463662256e-06,0.858539,266.0,0.2406,253.2,0.8
6133,3,6785.91,16998.51,0.416339,1.0755716272854988e-06,0.638284,269.0,0.2379,253.3,0.7
6134,3,6786.6,16996.38,0.453579,1.075533402968924e-06,0.677079,265.2,0.2414,253.5,0.7
6135,3,6787.3,16994.25,0.420838,1.075495173417365e-06,0.854566,265.8,0.2407,253.5,0.7
6136,3,6788.0,16992.13,0.423927,1.0754569386316862e-06,0.784381,259.1,0.247,253.3,0.7
6137,3,6788.7,16990.0,0.391348,1.0754186986127516e-06,0.588082,256.8,0.2492,252.9,0.7
6138,3,6789.39,16987.85,0.404548,1.0753804533614258e-06,0.733499,262.8,0.2435,252.8,0.7
6139,3,6790.08,16985.72,0.421568,1.0753422028785732e-06,0.679707,264.7,0.2418,252.5,0.7
6140,3,6790.78,16983.59,0.434809,1.0753039471650583e-06,0.753805,265.6,0.241,252.5,0.8
6141,3,6791.51,16981.53,0.416891,1.0752656862217457e-06,0.809384,268.8,0.2381,252.5,0.8
6142,3,6792.21,16979.41,0.432561,1.0752274200495004e-06,0.582007,260.9,0.2453,254.7,0.7
6143,3,6792.9,16977.27,0.402455,1.0751891486491873e-06,0.677246,265.6,0.2409,254.9,0.7
6144,3,6793.59,16975.14,0.41822,1.0751508720216717e-06,0.591332,265.6,0.241,257.2,0.7
6145,3,6794.29,16973.01,0.407324,1.0751125901678186e-06,0.703188,265.6,0.241,257.1,0.7
6146,3,6794.98,16970.87,0.481415,1.0750743030884933e-06,0.779023,266.8,0.2399,259.7,0.7
6147,3,6795.68,16968.76,0.424718,1.075036010784561e-06,0.634008,262.8,0.2436,259.7,0.7
6148,3,6796.38,16966.63,0.382857,1.0749977132568872e-06,0.656482,264.1,0.2423,259.5,0.7
6149,3,6797.07,16964.49,0.441353,1.0749594105063379e-06,0.572878,265.6,0.241,259.4,0.7
6150,3,6797.77,16962.36,0.420259,1.0749211025337787e-06,0.700058,267.1,0.2396,260.1,0.8
6151,3,6798.47,16960.25,0.460381,1.074882789340076e-06,0.783266,261.5,0.2447,262.4,0.8
6152,3,6799.16,16958.11,0.37813,1.074844470926095e-06,0.640459,265.6,0.241,262.5,0.7
6153,3,6799.86,16955.99,0.456432,1.0748061472927022e-06,0.912198,263.2,0.2432,262.1,0.8
6154,3,6800.55,16953.86,0.39428,1.0747678184407638e-06,0.984447,265.9,0.2407,262.2,0.8
6155,3,6801.25,16951.74,0.429221,1.074729484371146e-06,0.769491,263.8,0.2426,262.1,0.7
6156,3,6801.95,16949.63,0.39677,1.0746911450847156e-06,0.561453,263.0,0.2433,262.2,0.8
6157,3,6802.65,16947.51,0.350362,1.0746528005823391e-06,0.769972,264.0,0.2424,262.6,0.8
6158,3,6803.34,16945.38,0.426011,1.0746144508648833e-06,0.605914,264.8,0.2417,262.7,0.8
6159,3,6804.04,16943.27,0.44841,1.0745760959332148e-06,0.690094,260.2,0.246,262.5,0.8
6160,3,6804.74,16941.14,0.410496,1.0745377357882008e-06,0.714489,263.8,0.2426,262.4,0.7
6161,3,6805.46,16939.09,0.43601,1.0744993704307083e-06,0.825719,265.0,0.2415,262.2,0.8
6162,3,6806.2,16937.07,0.416924,1.0744609998616042e-06,1.128572,225.6,0.2837,260.2,0.7
6163,3,6806.85,16934.84,0.420324,1.0744226240817558e-06,0.738347,266.8,0.2399,260.1,0.8
6164,3,6807.56,16932.76,0.405113,1.074384243092031e-06,0.803618,251.3,0.2546,259.5,0.8
6165,3,6808.25,16930.61,0.441481,1.074345856893297e-06,0.798858,262.6,0.2437,259.4,0.7
6166,3,6808.94,16928.49,0.42182,1.0743074654864215e-06,0.741846,263.5,0.2429,259.2,0.7
6167,3,6809.64,16926.38,0.376127,1.0742690688722725e-06,0.714938,262.0,0.2442,259.1,0.8
6168,3,6810.37,16924.34,0.391121,1.0742306670517175e-06,0.593614,232.4,0.2754,257.4,0.8
6169,3,6811.04,16922.15,0.458823,1.074192260025625e-06,0.639891,260.8,0.2454,257.2,0.7
6170,3,6811.73,16920.03,0.453611,1.0741538477948627e-06,0.610293,265.2,0.2413,257.1,0.7
6171,3,6812.43,16917.93,0.384102,1.0741154303602989e-06,0.678882,261.0,0.2452,257.1,0.7
6172,3,6813.13,16915.81,0.458454,1.0740770077228022e-06,0.747838,265.1,0.2414,257.1,0.7
6173,3,6813.82,16913.69,0.463291,1.0740385798832407e-06,0.834015,265.0,0.2415,257.2,0.7
6174,3,6814.52,16911.57,0.499798,1.0740001468424832e-06,1.269301,267.7,0.2391,257.3,0.7
6175,3,6815.22,16909.46,0.400172,1.0739617086013987e-06,0.888866,264.7,0.2418,257.4,0.7
6176,3,6815.91,16907.35,0.469312,1.0739232651608558e-06,0.785569,263.7,0.2427,257.4,0.7
6177,3,6816.61,16905.24,0.451127,1.0738848165217234e-06,0.858602,264.3,0.2421,257.4,0.7
6178,3,6817.31,16903.13,0.438994,1.0738463626848706e-06,0.860556,264.4,0.242,257.4,0.7
6179,3,6818.06,16901.15,0.418597,1.0738079036511665e-06,0.819501,217.6,0.2941,254.9,0.7
6180,3,6818.7,16898.91,0.407684,1.0737694394214806e-06,0.91116,262.9,0.2434,255.0,0.7
6181,3,6819.44,16896.9,0.452527,1.073730969996682e-06,0.709535,265.8,0.2408,255.0,0.7
6182,3,6820.14,16894.79,0.414899,1.0736924953776407e-06,0.69026,267.3,0.2394,257.2,0.7
6183,3,6820.84,16892.69,0.41134,1.073654015565226e-06,0.696144,264.5,0.2419,257.1,0.7
6184,3,6821.53,16890.58,0.420793,1.0736155305603078e-06,0.877307,264.8,0.2417,257.8,0.7
6185,3,6822.24,16888.48,0.414957,1.073577040363756e-06,0.526473,263.7,0.2427,257.8,0.7
6186,3,6822.93,16886.37,0.371319,1.0735385449764406e-06,1.064988,263.0,0.2433,257.8,0.7
6187,3,6823.63,16884.26,0.379932,1.0735000443992317e-06,0.8178,265.0,0.2415,258.0,0.7
6188,3,6824.35,16882.22,0.400266,1.0734615386329996e-06,0.845164,239.9,0.2668,258.5,0.7
6189,3,6825.03,16880.07,0.485011,1.0734230276786146e-06,0.729907,263.9,0.2425,258.6,0.7
6190,3,6825.72,16877.95,0.393168,1.0733845115369473e-06,0.661166,266.2,0.2404,258.6,0.7
6191,3,6826.42,16875.84,0.452154,1.073345990208868e-06,0.859994,267.2,0.2396,258.9,0.7
6192,3,6827.12,16873.74,0.45025,1.0733074636952476e-06,0.897874,264.3,0.2421,258.9,0.7
6193,3,6827.81,16871.63,0.435451,1.073268931996957e-06,0.70403,264.2,0.2422,258.9,0.7
6194,3,6828.51,16869.52,0.423837,1.073230395114867e-06,0.56548,267.9,0.2389,258.8,0.7
6195,3,6829.21,16867.42,0.405604,1.0731918530498489e-06,0.969713,262.5,0.2438,258.8,0.7
6196,3,6829.9,16865.31,0.390647,1.0731533058027736e-06,0.519798,264.7,0.2418,258.8,0.7
6197,3,6830.6,16863.21,0.467887,1.0731147533745126e-06,0.941647,264.1,0.2423,258.9,0.7
6198,3,6831.3,16861.11,0.444531,1.0730761957659373e-06,0.96964,265.7,0.2409,259.0,0.7
6199,3,6831.99,16859.0,0.434529,1.073037632977919e-06,0.936898,265.1,0.2414,261.7,0.7
6200,3,6832.69,16856.9,0.430781,1.0729990650113297e-06,1.101094,265.2,0.2413,261.8,0.7
6201,3,6851.97,16900.65,0.434999,1.0729604918670408e-06,0.639428,276.3,0.2317,262.4,0.7
6202,3,6852.66,16898.52,0.420632,1.0729219135459245e-06,0.687429,267.1,0.2396,262.4,0.7
6203,3,6853.35,16896.38,0.453717,1.0728833300488524e-06,0.748278,270.5,0.2366,262.8,0.6
6204,3,6854.03,16894.25,0.398118,1.0728447413766973e-06,0.861278,270.9,0.2362,263.1,0.6
6205,3,6854.72,16892.11,0.442113,1.0728061475303308e-06,0.815584,271.7,0.2355,263.5,0.6
6206,3,6855.41,16889.97,0.414068,1.0727675485106255e-06,0.833619,273.0,0.2344,264.1,0.6
6207,3,6856.1,16887.84,0.433728,1.0727289443184538e-06,0.70864,268.6,0.2383,264.3,0.5
6208,3,6856.78,16885.7,0.416733,1.0726903349546883e-06,0.919155,271.8,0.2354,266.1,0.5
6209,3,6857.47,16883.58,0.426983,1.0726517204202017e-06,0.626349,268.4,0.2385,266.4,0.5
6210,3,6858.16,16881.45,0.424865,1.072613100715867e-06,0.614637,269.8,0.2373,266.7,0.4
6211,3,6858.85,16879.32,0.440322,1.0725744758425568e-06,0.690795,267.2,0.2395,266.7,0.4
6212,3,6859.53,16877.19,0.454079,1.0725358458011445e-06,0.747372,269.0,0.2379,267.0,0.4
6213,3,6860.22,16875.06,0.434876,1.072497210592503e-06,0.656359,269.6,0.2374,267.3,0.4
6214,3,6860.94,16873.0,0.350824,1.072458570217506e-06,0.644731,244.4,0.2619,266.1,0.4
6215,3,6861.61,16870.84,0.437554,1.0724199246770262e-06,0.808744,264.7,0.2418,266.2,0.4
6216,3,6862.3,16868.71,0.391063,1.0723812739719375e-06,0.579597,267.3,0.2394,266.3,0.4
6217,3,6862.99,16866.59,0.442735,1.0723426181031139e-06,0.604054,267.0,0.2397,266.4,0.4
6218,3,6863.68,16864.47,0.411585,1.0723039570714287e-06,0.65318,265.6,0.241,266.3,0.5
6219,3,6864.37,16862.36,0.363132,1.072265290877756e-06,0.680256,266.6,0.2401,266.4,0.4
6220,3,6865.06,16860.24,0.433641,1.0722266195229696e-06,0.614391,265.0,0.2415,266.4,0.5
6221,3,6865.78,16858.19,0.387024,1.0721879430079436e-06,0.636064,270.6,0.2366,266.0,0.5
6222,3,6866.47,16856.08,0.413294,1.0721492613335522e-06,0.550075,265.5,0.2411,265.9,0.5
6223,3,6867.17,16853.97,0.411409,1.07211057450067e-06,0.61424,264.4,0.2421,265.5,0.5
6224,3,6867.86,16851.86,0.39767,1.0720718825101713e-06,0.664492,264.1,0.2424,265.1,0.6
6225,3,6868.55,16849.74,0.332604,1.0720331853629304e-06,0.590347,267.6,0.2392,264.8,0.6
6226,3,6869.24,16847.61,0.454208,1.0719944830598224e-06,1.038688,267.4,0.2393,264.5,0.6
6227,3,6869.93,16845.51,0.444802,1.0719557756017219e-06,0.646951,265.0,0.2415,264.2,0.6
6228,3,6870.62,16843.39,0.412038,1.0719170629895038e-06,0.585836,269.1,0.2378,264.0,0.7
6229,3,6871.31,16841.28,0.496607,1.0718783452240434e-06,0.708886,265.7,0.2408,263.8,0.7
6230,3,6872.0,16839.17,0.41502,1.0718396223062155e-06,0.540763,268.9,0.238,263.7,0.7
6231,3,6872.7,16837.06,0.411988,1.0718008942368955e-06,0.642696,265.7,0.2409,263.6,0.7
6232,3,6873.39,16834.96,0.433562,1.0717621610169588e-06,0.911808,265.2,0.2414,263.3,0.8
6233,3,6874.08,16832.85,0.428416,1.0717234226472809e-06,0.750355,265.0,0.2415,263.0,0.8
6234,3,6874.77,16830.74,0.43526,1.0716846791287374e-06,0.580425,267.0,0.2397,264.2,0.8
6235,3,6875.47,16828.64,0.478746,1.071645930462204e-06,0.793564,263.2,0.2431,264.2,0.8
6236,3,6876.16,16826.52,0.414728,1.0716071766485568e-06,0.801389,269.9,0.2371,264.3,0.8
6237,3,6876.85,16824.41,0.399594,1.0715684176886714e-06,0.625734,268.8,0.2381,264.5,0.8
6238,3,6877.54,16822.3,0.411168,1.0715296535834241e-06,0.574956,268.1,0.2387,264.7,0.7
6239,3,6878.24,16820.2,0.481014,1.071490884333691e-06,1.012464,267.2,0.2395,264.7,0.7
6240,3,6878.93,16818.11,0.425795,1.0714521099403485e-06,0.709586,264.9,0.2416,264.6,0.8
6241,3,6879.66,16816.09,0.410711,1.071413330404273e-06,0.750056,265.9,0.2407,264.5,0.7
6242,3,6880.35,16813.98,0.441715,1.0713745457263412e-06,0.79596,266.4,0.2403,264.5,0.7
6243,3,6881.05,16811.89,0.45179,1.0713357559074296e-06,0.828256,262.2,0.2441,264.4,0.7
6244,3,6881.74,16809.79,0.407769,1.071296960948415e-06,0.689363,268.0,0.2388,264.5,0.8
6245,3,6882.43,16807.68,0.435323,1.071258160850174e-06,0.81371,266.9,0.2398,264.5,0.7
6246,3,6883.14,16805.61,0.417976,1.0712193556135843e-06,0.727151,258.4,0.2476,264.1,0.7
6247,3,6883.83,16803.5,0.404185,1.0711805452395223e-06,0.854894,267.0,0.2397,264.3,0.7
6248,3,6884.54,16801.46,0.394951,1.0711417297288658e-06,0.763136,246.8,0.2593,263.0,0.7
6249,3,6885.22,16799.31,0.404543,1.0711029090824918e-06,0.697336,264.5,0.242,263.0,0.7
6250,3,6885.91,16797.21,0.417763,1.0710640833012778e-06,0.805795,266.6,0.2401,262.8,0.7
6251,3,6886.62,16795.16,0.432405,1.0710252523861019e-06,0.832408,250.3,0.2557,262.0,0.8
6252,3,6887.3,16793.02,0.464341,1.070986416337841e-06,0.828105,266.4,0.2402,262.1,0.7
6253,3,6887.99,16790.93,0.434854,1.0709475751573737e-06,0.666204,264.1,0.2424,262.1,0.7
6254,3,6888.69,16788.83,0.393768,1.0709087288455774e-06,0.725847,265.4,0.2412,262.0,0.7
6255,3,6889.38,16786.74,0.385498,1.0708698774033305e-06,0.479362,265.9,0.2407,262.2,0.7
6256,3,6890.07,16784.64,0.452711,1.070831020831511e-06,0.769338,264.4,0.242,261.8,0.7
6257,3,6890.77,16782.55,0.438945,1.070792159130997e-06,0.652096,266.7,0.24,261.7,0.8
6258,3,6891.5,16780.56,0.426521,1.0707532923026673e-06,0.616326,226.9,0.2821,259.4,0.7
6259,3,6892.16,16778.37,0.509049,1.0707144203474002e-06,0.707945,265.7,0.2409,259.3,0.7
6260,3,6892.85,16776.27,0.483968,1.0706755432660745e-06,0.870067,268.7,0.2382,259.5,0.7
6261,3,6893.58,16774.28,0.475726,1.0706366610595687e-06,0.903819,259.7,0.2465,259.2,0.8
6262,3,6894.28,16772.18,0.427047,1.070597773728762e-06,0.742156,264.5,0.242,259.2,0.7
6263,3,6894.97,16770.09,0.439277,1.070558881274533e-06,0.55829,263.8,0.2426,259.3,0.7
6264,3,6895.66,16768.0,0.398693,1.070519983697761e-06,0.851711,267.0,0.2397,259.3,0.7
6265,3,6896.36,16765.92,0.47523,1.0704810809993254e-06,0.581963,266.4,0.2402,259.3,0.7
6266,3,6897.08,16763.89,0.39527,1.0704421731801052e-06,0.715914,255.5,0.2505,258.9,0.8
6267,3,6897.77,16761.79,0.46938,1.07040326024098e-06,0.92854,267.0,0.2397,258.8,0.8
6268,3,6898.47,16759.71,0.435817,1.0703643421828295e-06,0.540142,264.9,0.2416,259.8,0.8
6269,3,6899.17,16757.63,0.420429,1.0703254190065329e-06,0.641191,265.0,0.2416,259.8,0.8
6270,3,6899.86,16755.55,0.456178,1.0702864907129706e-06,0.712096,265.3,0.2412,259.8,0.8
6271,3,6900.55,16753.46,0.41814,1.0702475573030222e-06,0.565767,266.6,0.2401,260.7,0.7
6272,3,6901.25,16751.37,0.468232,1.0702086187775678e-06,0.958985,265.7,0.2409,260.7,0.7
6273,3,6901.94,16749.29,0.373608,1.0701696751374876e-06,0.524521,264.5,0.2419,260.7,0.7
6274,3,6902.64,16747.2,0.439296,1.0701307263836615e-06,0.747648,264.8,0.2417,260.7,0.7
6275,3,6903.33,16745.12,0.443788,1.0700917725169702e-06,0.651149,265.7,0.2409,260.7,0.7
6276,3,6904.03,16743.04,0.42057,1.070052813538294e-06,0.78304,264.4,0.2421,260.8,0.7
6277,3,6904.72,16740.95,0.42717,1.0700138494485138e-06,0.641131,266.7,0.24,260.8,0.7
6278,3,6905.42,16738.87,0.43728,1.0699748802485102e-06,0.580938,264.7,0.2418,262.9,0.7
6279,3,6906.11,16736.79,0.422961,1.069935905939164e-06,0.562491,268.7,0.2382,263.1,0.7
6280,3,6906.81,16734.71,0.41824,1.0698969265213562e-06,0.674124,264.3,0.2421,262.9,0.7
6281,3,6907.53,16732.7,0.438889,1.0698579419959677e-06,0.547482,267.7,0.2391,263.3,0.7
6282,3,6908.23,16730.64,0.450325,1.0698189523638799e-06,0.538754,257.9,0.2482,263.0,0.7
6283,3,6908.93,16728.56,0.418219,1.0697799576259738e-06,0.693558,256.2,0.2498,262.6,0.7
6284,3,6909.62,16726.46,0.397881,1.069740957783131e-06,0.788778,267.0,0.2397,262.6,0.7
6285,3,6910.31,16724.38,0.43267,1.0697019528362333e-06,1.211177,269.4,0.2375,262.7,0.7
6286,3,6911.0,16722.3,0.420209,1.069662942786162e-06,0.635055,266.1,0.2405,263.4,0.6
6287,3,6911.7,16720.23,0.414372,1.0696239276337987e-06,0.66224,264.9,0.2416,263.3,0.6
6288,3,6912.4,16718.16,0.4148,1.0695849073800257e-06,0.632448,265.4,0.2411,263.4,0.6
6289,3,6913.09,16716.08,0.431684,1.0695458820257247e-06,0.814346,267.8,0.239,263.6,0.6
6290,3,6913.79,16714.0,0.398812,1.0695068515717778e-06,0.696997,264.8,0.2417,263.5,0.6
6291,3,6914.5,16711.97,0.380186,1.0694678160190674e-06,0.678746,266.1,0.2406,263.4,0.6
6292,3,6915.2,16709.89,0.395874,1.069428775368476e-06,0.662514,266.4,0.2402,263.4,0.6
6293,3,6915.89,16707.82,0.391702,1.0693897296208855e-06,0.684918,267.5,0.2393,263.6,0.7
6294,3,6916.59,16705.76,0.419517,1.0693506787771789e-06,0.748612,263.0,0.2434,263.4,0.7
6295,3,6917.33,16703.79,0.429224,1.0693116228382387e-06,0.674174,223.1,0.2869,261.0,0.7
6296,3,6917.98,16701.6,0.438504,1.0692725618049479e-06,0.757041,266.6,0.2401,261.0,0.7
6297,3,6918.68,16699.53,0.383412,1.0692334956781891e-06,0.667405,264.7,0.2418,260.9,0.7
6298,3,6919.37,16697.46,0.401577,1.0691944244588455e-06,0.714946,265.8,0.2408,260.9,0.7
6299,3,6920.07,16695.39,0.426982,1.0691553481478004e-06,0.568663,265.9,0.2406,260.8,0.7
6300,3,6920.76,16693.32,0.408193,1.0691162667459368e-06,0.555114,264.7,0.2418,260.9,0.7
6301,3,6921.48,16691.29,0.426879,1.0690771802541381e-06,0.579872,271.0,0.2361,260.9,0.7
6302,3,6922.17,16689.23,0.439848,1.0690380886732878e-06,0.616888,266.6,0.24,261.3,0.7
6303,3,6922.89,16687.2,0.420702,1.0689989920042695e-06,0.743504,258.9,0.2472,261.4,0.8
6304,3,6923.58,16685.13,0.405385,1.068959890247967e-06,0.812537,264.7,0.2418,261.3,0.8
6305,3,6924.28,16683.07,0.36977,1.0689207834052641e-06,0.640097,264.0,0.2424,261.2,0.7
6306,3,6924.98,16681.0,0.437602,1.0688816714770449e-06,0.756,264.0,0.2424,261.1,0.7
6307,3,6925.67,16678.93,0.432582,1.0688425544641934e-06,1.009144,265.9,0.2407,261.1,0.7
6308,3,6926.37,16676.88,0.404206,1.0688034323675932e-06,0.670443,262.8,0.2435,260.9,0.7
6309,3,6927.07,16674.8,0.399525,1.0687643051881295e-06,0.730882,265.9,0.2407,260.9,0.7
6310,3,6927.77,16672.75,0.431401,1.068725172926686e-06,0.553894,262.9,0.2434,260.8,0.7
6311,3,6928.46,16670.68,0.437046,1.0686860355841477e-06,0.836539,265.8,0.2408,260.9,0.7
6312,3,6929.16,16668.62,0.451045,1.0686468931613991e-06,0.802839,264.8,0.2417,260.7,0.7
6313,3,6929.85,16666.56,0.414768,1.0686077456593248e-06,0.71537,264.1,0.2423,260.5,0.7
6314,3,6930.55,16664.5,0.432895,1.0685685930788098e-06,0.576644,262.6,0.2437,260.5,0.7
6315,3,6931.25,16662.43,0.454898,1.068529435420739e-06,0.578021,264.3,0.2422,262.9,0.7
6316,3,6931.94,16660.37,0.432825,1.0684902726859975e-06,0.695885,263.7,0.2427,262.8,0.7
6317,3,6932.65,16658.33,0.4493,1.0684511048754705e-06,0.799857,258.2,0.2479,262.5,0.7
6318,3,6933.34,16656.26,0.412342,1.0684119319900434e-06,1.161554,263.3,0.2431,262.4,0.7
6319,3,6934.04,16654.2,0.432928,1.0683727540306019e-06,0.949219,266.0,0.2406,262.3,0.7
6320,3,6934.75,16652.17,0.388892,1.068333570998031e-06,0.734643,261.6,0.2446,262.1,0.7
6321,3,6935.47,16650.18,0.442834,1.0682943828932167e-06,0.787065,269.3,0.2377,262.1,0.7
6322,3,6936.17,16648.13,0.408474,1.0682551897170447e-06,0.810469,265.0,0.2415,262.0,0.7
6323,3,6936.87,16646.07,0.397655,1.0682159914704009e-06,0.799735,264.6,0.2418,262.3,0.7
6324,3,6937.56,16644.01,0.385551,1.0681767881541713e-06,0.73442,265.1,0.2414,262.3,0.7
6325,3,6938.26,16641.96,0.431813,1.068137579769242e-06,0.831775,259.1,0.247,262.0,0.7
6326,3,6938.96,16639.9,0.388672,1.0680983663164991e-06,0.79555,264.4,0.242,262.1,0.7
6327,3,6939.66,16637.85,0.408989,1.0680591477968294e-06,0.594108,263.0,0.2433,262.0,0.7
6328,3,6940.36,16635.8,0.395011,1.068019924211119e-06,0.643103,265.2,0.2413,262.0,0.7
6329,3,6941.05,16633.73,0.398341,1.0679806955602548e-06,0.532124,265.2,0.2413,261.9,0.7
6330,3,6941.75,16631.68,0.419799,1.0679414618451232e-06,0.930532,265.5,0.2411,262.1,0.7
6331,3,6942.44,16629.62,0.411858,1.0679022230666112e-06,0.497069,267.7,0.2391,262.2,0.7
6332,3,6943.14,16627.57,0.408372,1.0678629792256056e-06,0.907012,264.1,0.2423,262.2,0.7
6333,3,6943.84,16625.52,0.437334,1.0678237303229936e-06,0.80564,262.9,0.2435,262.2,0.7
6334,3,6944.58,16623.56,0.409809,1.0677844763596622e-06,0.647023,228.0,0.2808,260.2,0.7
6335,3,6945.23,16621.42,0.379536,1.0677452173364986e-06,0.655003,264.9,0.2416,260.2,0.7
6336,3,6945.95,16619.41,0.432667,1.0677059532543905e-06,0.775088,261.5,0.2448,260.0,0.7
6337,3,6946.64,16617.35,0.402318,1.0676666841142252e-06,0.749926,268.4,0.2385,260.4,0.8
6338,3,6947.34,16615.31,0.412574,1.0676274099168903e-06,0.630162,264.7,0.2418,260.5,0.8
6339,3,6948.04,16613.26,0.428081,1.0675881306632735e-06,0.781627,264.7,0.2418,260.4,0.8
6340,3,6948.74,16611.21,0.44934,1.0675488463542625e-06,0.866346,263.6,0.2428,260.5,0.8
6341,3,6949.47,16609.24,0.423303,1.0675095569907457e-06,0.869595,268.5,0.2384,260.4,0.8
6342,3,6950.17,16607.21,0.407186,1.067470262573611e-06,0.6927,257.8,0.2482,260.1,0.8
6343,3,6950.87,16605.16,0.423534,1.0674309631037462e-06,0.583583,262.5,0.2438,260.0,0.8
6344,3,6951.56,16603.1,0.422888,1.0673916585820401e-06,0.479992,265.7,0.2409,260.1,0.8
6345,3,6952.27,16601.09,0.405621,1.0673523490093809e-06,0.567429,260.6,0.2456,260.1,0.8
6346,3,6952.97,16599.04,0.373623,1.0673130343866572e-06,0.864931,265.5,0.2411,260.1,0.8
6347,3,6953.72,16597.11,0.39065,1.0672737147147576e-06,0.804844,219.1,0.2921,257.5,0.8
6348,3,6954.36,16594.94,0.448366,1.067234389994571e-06,0.910879,263.7,0.2427,257.4,0.8
6349,3,6955.07,16592.91,0.480375,1.0671950602269862e-06,0.649127,260.7,0.2455,257.3,0.8
6350,3,6955.76,16590.86,0.414687,1.067155725412892e-06,0.60798,262.8,0.2435,257.1,0.8
6351,3,6956.46,16588.81,0.420214,1.0671163855531777e-06,0.66192,265.7,0.2409,256.9,0.8
6352,3,6957.16,16586.77,0.429805,1.0670770406487324e-06,0.961516,263.1,0.2432,256.8,0.8
6353,3,6957.85,16584.72,0.423566,1.0670376907004453e-06,0.852372,266.1,0.2405,256.9,0.9
6354,3,6958.55,16582.68,0.41301,1.066998335709206e-06,0.849945,263.8,0.2426,258.9,0.9
6355,3,6959.25,16580.64,0.433744,1.066958975675904e-06,0.64802,264.7,0.2418,258.9,0.9
6356,3,6959.94,16578.59,0.422761,1.0669196106014293e-06,0.820127,263.7,0.2427,259.2,0.8
6357,3,6960.64,16576.55,0.461331,1.0668802404866713e-06,0.908553,264.5,0.242,259.1,0.8
6358,3,6961.34,16574.51,0.409389,1.0668408653325202e-06,0.621833,265.0,0.2415,259.1,0.8
6359,3,6962.04,16572.48,0.445784,1.0668014851398658e-06,0.699495,261.1,0.2451,259.0,0.8
6360,3,6962.74,16570.45,0.415131,1.0667620999095981e-06,0.823568,255.7,0.2503,258.6,0.8
6361,3,6963.46,16568.45,0.400969,1.0667227096426075e-06,0.625857,266.7,0.24,258.4,0.8
6362,3,6964.16,16566.42,0.390087,1.0666833143397842e-06,0.692,263.0,0.2434,258.6,0.8
6363,3,6964.85,16564.37,0.429194,1.066643914002019e-06,0.62892,265.1,0.2414,258.7,0.8
6364,3,6965.55,16562.34,0.412759,1.0666045086302022e-06,0.627563,262.6,0.2437,258.5,0.8
6365,3,6966.25,16560.3,0.421574,1.0665650982252247e-06,0.679478,265.0,0.2415,258.9,0.8
6366,3,6966.95,16558.28,0.379189,1.066525682787977e-06,0.669797,254.1,0.2519,258.3,0.8
6367,3,6967.64,16556.22,0.423304,1.0664862623193503e-06,0.678636,266.9,0.2398,261.1,0.8
6368,3,6968.34,16554.18,0.420324,1.0664468368202355e-06,0.781358,264.7,0.2418,261.3,0.7
6369,3,6969.04,16552.16,0.424004,1.0664074062915238e-06,0.830592,260.1,0.2461,261.2,0.8
6370,3,6969.74,16550.12,0.456724,1.0663679707341067e-06,1.027122,265.3,0.2413,261.3,0.8
6371,3,6970.49,16548.21,0.419791,1.0663285301488752e-06,0.676219,216.1,0.2961,258.4,0.8
6372,3,6971.14,16546.05,0.423935,1.0662890845367208e-06,0.805234,260.7,0.2455,258.2,0.8
6373,3,6971.84,16544.04,0.476355,1.0662496338985355e-06,0.948187,254.5,0.2515,257.7,0.7
6374,3,6972.53,16541.98,0.423014,1.0662101782352108e-06,0.766486,267.5,0.2392,257.8,0.8
6375,3,6973.23,16539.94,0.424553,1.0661707175476384e-06,0.809954,263.9,0.2425,257.8,0.8
6376,3,6973.92,16537.91,0.447389,1.0661312518367104e-06,0.936515,265.9,0.2407,257.8,0.8
6377,3,6974.62,16535.87,0.398415,1.0660917811033185e-06,0.881467,264.8,0.2417,257.7,0.8
6378,3,6975.32,16533.84,0.358272,1.0660523053483554e-06,0.710051,265.7,0.2409,257.8,0.8
6379,3,6976.02,16531.82,0.460506,1.0660128245727128e-06,1.005878,261.4,0.2448,257.9,0.8
6380,3,6976.71,16529.78,0.401067,1.065973338777284e-06,0.634925,263.1,0.2432,258.3,0.8
6381,3,6977.49,16527.94,0.429727,1.0659338479629607e-06,0.566282,222.0,0.2884,255.8,0.8
6382,3,6978.14,16525.8,0.424749,1.0658943521306359e-06,0.957665,262.1,0.2442,255.9,0.7
6383,3,6978.84,16523.76,0.396777,1.065854851281202e-06,0.963782,264.4,0.242,255.9,0.7
6384,3,6979.53,16521.73,0.42627,1.0658153454155524e-06,0.776429,265.8,0.2407,256.1,0.7
6385,3,6980.23,16519.69,0.446755,1.0657758345345795e-06,0.66808,265.3,0.2412,256.1,0.7
6386,3,6980.93,16517.67,0.381244,1.0657363186391766e-06,0.555846,264.5,0.2419,256.7,0.7
6387,3,6981.63,16515.64,0.431106,1.065696797730237e-06,0.660805,262.9,0.2435,256.4,0.7
6388,3,6982.33,16513.62,0.417032,1.0656572718086538e-06,0.779064,262.0,0.2443,256.3,0.7
6389,3,6983.02,16511.59,0.385929,1.0656177408753204e-06,0.651324,263.7,0.2427,256.5,0.7
6390,3,6983.72,16509.56,0.414202,1.0655782049311308e-06,0.724926,264.6,0.2419,256.5,0.7
6391,3,6984.42,16507.54,0.430567,1.0655386639769781e-06,0.946998,264.5,0.242,259.4,0.7
6392,3,6985.12,16505.51,0.44939,1.0654991180137564e-06,0.633402,265.4,0.2411,259.6,0.6
6393,3,6985.82,16503.49,0.462942,1.0654595670423595e-06,0.887136,264.2,0.2423,260.2,0.6
6394,3,6986.51,16501.46,0.391793,1.0654200110636813e-06,0.649293,263.2,0.2431,260.1,0.6
6395,3,6987.21,16499.43,0.427999,1.065380450078616e-06,0.63417,264.6,0.2419,260.1,0.6
6396,3,6987.91,16497.41,0.412743,1.0653408840880576e-06,0.529125,262.6,0.2437,260.0,0.6
6397,3,6988.61,16495.38,0.416696,1.0653013130929007e-06,0.667692,263.3,0.2431,260.0,0.6
6398,3,6989.31,16493.37,0.417316,1.0652617370940395e-06,0.849209,261.7,0.2445,259.8,0.6
6399,3,6990.0,16491.34,0.431472,1.0652221560923686e-06,0.807315,263.7,0.2427,259.8,0.6
6400,3,6990.7,16489.32,0.417197,1.065182570088783e-06,0.604418,264.3,0.2422,259.9,0.6
6401,3,7011.13,16533.83,0.418916,1.0651429790841772e-06,1.008074,274.2,0.2334,262.9,0.5
6402,3,7011.81,16531.75,0.409341,1.065103383079446e-06,0.859157,272.8,0.2346,263.5,0.5
6403,3,7012.5,16529.7,0.409188,1.0650637820754845e-06,0.739847,270.9,0.2362,263.8,0.5
6404,3,7013.19,16527.64,0.466939,1.0650241760731879e-06,0.827817,269.6,0.2374,264.0,0.5
6405,3,7013.88,16525.59,0.419605,1.0649845650734513e-06,0.631729,270.8,0.2363,264.3,0.5
6406,3,7014.56,16523.54,0.423158,1.0649449490771698e-06,0.668136,268.6,0.2383,264.6,0.5
6407,3,7015.25,16521.48,0.439887,1.0649053280852395e-06,0.693694,269.7,0.2373,264.9,0.5
6408,3,7015.94,16519.42,0.383129,1.0648657020985553e-06,0.654646,270.4,0.2367,265.4,0.5
6409,3,7016.62,16517.37,0.467047,1.0648260711180135e-06,0.843639,272.2,0.2351,265.8,0.4
6410,3,7017.31,16515.32,0.440147,1.0647864351445095e-06,0.720341,269.3,0.2376,266.2,0.4
6411,3,7018.0,16513.27,0.416543,1.0647467941789394e-06,0.902538,269.5,0.2375,266.4,0.4
6412,3,7018.69,16511.23,0.454494,1.064707148222199e-06,0.945662,267.3,0.2394,266.5,0.4
6413,3,7019.39,16509.18,0.4502,1.0646674972751846e-06,0.692995,266.5,0.2401,266.5,0.4
6414,3,7020.08,16507.14,0.407879,1.0646278413387925e-06,0.607219,266.7,0.24,266.7,0.5
6415,3,7020.77,16505.1,0.450196,1.064588180413919e-06,0.665741,264.4,0.2421,266.7,0.5
6416,3,7021.46,16503.05,0.45835,1.0645485145014602e-06,0.74119,269.2,0.2377,267.0,0.5
6417,3,7022.16,16501.04,0.414813,1.064508843602313e-06,0.689634,263.7,0.2427,266.9,0.5
6418,3,7022.86,16499.0,0.452004,1.0644691677173744e-06,0.996752,267.2,0.2395,267.2,0.5
6419,3,7023.55,16496.97,0.374587,1.0644294868475407e-06,0.584385,265.4,0.2412,267.3,0.5
6420,3,7024.24,16494.94,0.446739,1.0643898009937092e-06,0.734995,265.1,0.2414,267.3,0.5
6421,3,7024.99,16493.03,0.429929,1.0643501101567767e-06,0.59569,267.7,0.2391,266.9,0.5
6422,3,7025.69,16491.0,0.415754,1.0643104143376405e-06,0.652072,265.1,0.2415,266.4,0.6
6423,3,7026.38,16488.97,0.458014,1.0642707135371977e-06,1.038966,266.0,0.2406,266.2,0.6
6424,3,7027.08,16486.94,0.448729,1.0642310077563456e-06,0.922785,264.1,0.2423,265.8,0.6
6425,3,7027.77,16484.9,0.432877,1.064191296995982e-06,0.565803,267.3,0.2395,265.5,0.6
6426,3,7028.46,16482.87,0.405991,1.0641515812570043e-06,0.765213,266.6,0.2401,265.4,0.7
6427,3,7029.16,16480.85,0.387759,1.0641118605403104e-06,0.648094,264.6,0.2419,265.1,0.7
6428,3,7029.88,16478.88,0.452486,1.0640721348467977e-06,0.575669,237.2,0.2698,263.3,0.7
6429,3,7030.55,16476.8,0.437978,1.0640324041773646e-06,0.790808,264.6,0.2419,262.8,0.7
6430,3,7031.25,16474.78,0.347212,1.0639926685329086e-06,0.684647,262.9,0.2435,262.4,0.7
6431,3,7031.95,16472.75,0.450989,1.0639529279143286e-06,0.945891,265.0,0.2415,262.2,0.7
6432,3,7032.65,16470.74,0.388139,1.0639131823225225e-06,0.72968,264.6,0.2419,262.0,0.8
6433,3,7033.34,16468.71,0.444555,1.0638734317583884e-06,0.669843,265.5,0.2411,262.0,0.7
6434,3,7034.04,16466.7,0.400918,1.0638336762228252e-06,0.876862,263.8,0.2426,261.8,0.8
6435,3,7034.74,16464.67,0.398592,1.0637939157167313e-06,0.699595,267.8,0.239,261.9,0.8
6436,3,7035.48,16462.77,0.422859,1.0637541502410056e-06,0.745994,221.8,0.2886,259.2,0.8
6437,3,7036.14,16460.65,0.424083,1.0637143797965469e-06,0.668965,263.7,0.2427,259.2,0.8
6438,3,7036.84,16458.63,0.416289,1.0636746043842538e-06,0.872762,263.3,0.2431,259.0,0.8
6439,3,7037.54,16456.62,0.445188,1.0636348240050258e-06,0.89515,260.5,0.2457,258.8,0.8
6440,3,7038.23,16454.6,0.446326,1.0635950386597619e-06,0.78399,264.6,0.2418,258.8,0.8
6441,3,7038.98,16452.71,0.437774,1.0635552483493614e-06,0.730397,242.3,0.2641,257.5,0.7
6442,3,7039.67,16450.67,0.400213,1.0635154530747237e-06,0.615952,264.0,0.2424,257.5,0.7
6443,3,7040.37,16448.65,0.430436,1.0634756528367481e-06,0.539083,267.4,0.2393,257.5,0.8
6444,3,7041.07,16446.64,0.399295,1.0634358476363345e-06,0.591066,263.7,0.2427,257.6,0.7
6445,3,7041.77,16444.63,0.41378,1.0633960374743827e-06,0.624862,265.8,0.2408,257.6,0.7
6446,3,7042.47,16442.62,0.405186,1.0633562223517923e-06,0.486809,265.5,0.2411,257.6,0.7
6447,3,7043.19,16440.66,0.388266,1.0633164022694632e-06,0.589677,258.3,0.2477,257.1,0.8
6448,3,7043.89,16438.65,0.42532,1.0632765772282958e-06,0.601676,263.2,0.2432,258.4,0.8
6449,3,7044.61,16436.7,0.450212,1.06323674722919e-06,0.611117,265.1,0.2415,258.3,0.8
6450,3,7045.31,16434.68,0.459688,1.0631969122730462e-06,0.693404,264.2,0.2423,258.4,0.8
6451,3,7046.01,16432.68,0.35308,1.0631570723607649e-06,0.693171,264.0,0.2424,258.4,0.8
6452,3,7046.71,16430.67,0.457969,1.0631172274932463e-06,1.017582,265.1,0.2414,258.5,0.8
6453,3,7047.41,16428.66,0.442021,1.0630773776713914e-06,0.92419,261.2,0.245,258.2,0.8
6454,3,7048.1,16426.65,0.444597,1.0630375228961007e-06,0.614166,265.7,0.2409,258.3,0.8
6455,3,7048.81,16424.65,0.401637,1.062997663168275e-06,0.911119,262.0,0.2443,258.1,0.8
6456,3,7049.51,16422.64,0.437008,1.0629577984888158e-06,0.648729,262.3,0.244,260.4,0.8
6457,3,7050.2,16420.63,0.412496,1.0629179288586234e-06,0.596531,264.6,0.2419,260.6,0.7
6458,3,7050.95,16418.74,0.397601,1.0628780542785995e-06,0.617149,220.6,0.2901,258.1,0.7
6459,3,7051.61,16416.63,0.412844,1.0628381747496453e-06,0.560849,263.7,0.2427,258.3,0.7
6460,3,7052.31,16414.63,0.462473,1.0627982902726622e-06,0.891506,260.8,0.2454,258.1,0.7
6461,3,7053.07,16412.78,0.452327,1.0627584008485518e-06,1.005227,223.1,0.2868,257.0,0.7
6462,3,7053.73,16410.68,0.449854,1.0627185064782153e-06,0.642837,259.7,0.2464,256.8,0.7
6463,3,7054.44,16408.68,0.396832,1.062678607162555e-06,0.746958,261.9,0.2444,256.5,0.7
6464,3,7055.14,16406.69,0.369536,1.0626387029024723e-06,0.640155,261.6,0.2446,256.3,0.7
6465,3,7055.83,16404.68,0.431153,1.0625987936988695e-06,0.715646,264.9,0.2416,256.3,0.7
6466,3,7056.54,16402.68,0.404719,1.0625588795526486e-06,0.655591,261.5,0.2447,256.1,0.7
6467,3,7057.24,16400.68,0.465308,1.0625189604647117e-06,0.814806,263.0,0.2434,256.5,0.7
6468,3,7057.94,16398.68,0.465439,1.0624790364359613e-06,0.950433,262.9,0.2434,256.6,0.6
6469,3,7058.65,16396.7,0.418677,1.0624391074672999e-06,0.659779,253.7,0.2523,256.0,0.6
6470,3,7059.34,16394.69,0.414952,1.0623991735596296e-06,0.722047,263.2,0.2431,256.0,0.6
6471,3,7060.04,16392.69,0.478961,1.0623592347138534e-06,0.873826,263.8,0.2426,255.9,0.7
6472,3,7060.74,16390.68,0.47212,1.0623192909308738e-06,0.849851,265.1,0.2414,255.9,0.7
6473,3,7061.44,16388.69,0.405709,1.062279342211594e-06,0.682014,261.1,0.2451,255.9,0.6
6474,3,7062.14,16386.69,0.428375,1.0622393885569167e-06,0.575444,266.0,0.2406,256.0,0.6
6475,3,7062.84,16384.7,0.37406,1.062199429967745e-06,0.816536,261.9,0.2443,256.0,0.6
6476,3,7063.55,16382.72,0.487528,1.0621594664449823e-06,0.901694,257.0,0.249,255.8,0.6
6477,3,7064.24,16380.71,0.453802,1.0621194979895317e-06,0.933527,261.1,0.2451,255.6,0.6
6478,3,7064.94,16378.71,0.428124,1.0620795246022966e-06,0.613065,265.3,0.2412,258.0,0.6
6479,3,7065.64,16376.71,0.427528,1.0620395462841807e-06,0.843212,264.8,0.2417,258.0,0.7
6480,3,7066.34,16374.72,0.465021,1.0619995630360876e-06,0.648845,262.9,0.2434,258.1,0.7
6481,3,7067.07,16372.79,0.426084,1.061959574858921e-06,0.682223,266.4,0.2402,260.6,0.7
6482,3,7067.77,16370.8,0.430109,1.0619195817535846e-06,0.829658,263.0,0.2433,260.8,0.7
6483,3,7068.47,16368.8,0.464629,1.061879583720983e-06,0.84281,268.0,0.2388,261.1,0.7
6484,3,7069.17,16366.81,0.418792,1.0618395807620196e-06,0.75276,263.9,0.2425,261.2,0.7
6485,3,7069.89,16364.85,0.384914,1.0617995728775988e-06,0.456059,266.8,0.2399,261.2,0.7
6486,3,7070.59,16362.87,0.434748,1.0617595600686251e-06,0.658134,262.1,0.2442,261.2,0.7
6487,3,7071.29,16360.87,0.450383,1.0617195423360028e-06,0.982697,267.1,0.2396,261.4,0.7
6488,3,7071.99,16358.88,0.438065,1.0616795196806366e-06,0.581959,265.8,0.2408,261.5,0.7
6489,3,7072.69,16356.88,0.433292,1.061639492103431e-06,0.827374,265.3,0.2412,262.2,0.7
6490,3,7073.38,16354.89,0.428281,1.0615994596052906e-06,0.734724,267.4,0.2394,262.3,0.7
6491,3,7074.1,16352.93,0.456421,1.0615594221871203e-06,1.224804,248.1,0.2579,261.5,0.7
6492,3,7074.79,16350.92,0.395482,1.0615193798498252e-06,0.748935,264.9,0.2416,261.4,0.7
6493,3,7075.5,16348.94,0.429735,1.0614793325943104e-06,0.627673,261.3,0.245,261.4,0.8
6494,3,7076.19,16346.94,0.424465,1.0614392804214814e-06,0.669535,263.4,0.243,261.3,0.8
6495,3,7076.89,16344.95,0.44022,1.0613992233322431e-06,0.846087,266.3,0.2403,261.4,0.8
6496,3,7077.59,16342.96,0.447114,1.061359161327501e-06,1.084124,263.1,0.2432,261.7,0.8
6497,3,7078.34,16341.09,0.48688,1.0613190944081607e-06,0.764359,217.5,0.2942,259.1,0.8
6498,3,7078.99,16338.98,0.390086,1.0612790225751278e-06,0.587037,267.2,0.2395,259.1,0.8
6499,3,7079.69,16336.99,0.404733,1.0612389458293082e-06,0.808396,266.0,0.2406,259.3,0.8
6500,3,7080.39,16334.99,0.458467,1.0611988641716076e-06,0.691164,265.0,0.2415,259.4,0.8
6501,3,7350.36,16954.1,0.473086,1.061158777602932e-06,0.915434,222.5,0.2877,256.9,0.8
6502,3,7351.0,16951.84,0.407789,1.0611186861241876e-06,0.798139,270.8,0.2363,257.3,0.8
6503,3,7351.68,16949.67,0.437602,1.0610785897362805e-06,0.673496,271.2,0.236,257.5,0.7
6504,3,7352.35,16947.49,0.39517,1.061038488440117e-06,0.562626,274.2,0.2334,258.0,0.7
6505,3,7353.04,16945.34,0.427692,1.0609983822366036e-06,0.666369,270.2,0.2369,258.3,0.7
6506,3,7353.72,16943.17,0.446644,1.0609582711266467e-06,0.60088,274.0,0.2336,258.9,0.7
6507,3,7354.4,16941.01,0.414839,1.060918155111153e-06,0.609935,269.7,0.2373,259.1,0.6
6508,3,7355.09,16938.85,0.452879,1.0608780341910292e-06,0.732241,270.7,0.2364,259.4,0.6
6509,3,7355.77,16936.69,0.437038,1.0608379083671824e-06,1.093067,268.7,0.2382,259.6,0.6
6510,3,7356.46,16934.54,0.388269,1.0607977776405195e-06,0.666777,266.6,0.2401,259.7,0.5
6511,3,7357.14,16932.39,0.400089,1.0607576420119476e-06,0.580825,266.0,0.2406,260.8,0.5
6512,3,7357.83,16930.23,0.367308,1.0607175014823737e-06,0.744003,268.6,0.2382,261.0,0.4
6513,3,7358.51,16928.08,0.535809,1.0606773560527054e-06,1.031093,267.8,0.239,261.4,0.4
6514,3,7359.2,16925.93,0.428078,1.06063720572385e-06,0.63024,268.0,0.2388,261.7,0.4
6515,3,7359.89,16923.79,0.453683,1.060597050496715e-06,0.610739,266.4,0.2403,261.8,0.3
6516,3,7360.57,16921.64,0.440629,1.060556890372208e-06,0.627648,269.8,0.2372,262.2,0.3
6517,3,7361.26,16919.49,0.443135,1.0605167253512369e-06,0.656283,266.7,0.24,265.2,0.3
6518,3,7361.95,16917.34,0.437604,1.0604765554347096e-06,0.62418,265.7,0.2408,265.2,0.3
6519,3,7362.63,16915.2,0.411053,1.0604363806235339e-06,0.573951,267.0,0.2397,265.3,0.3
6520,3,7363.32,16913.06,0.39988,1.0603962009186178e-06,0.742463,264.6,0.2419,265.3,0.2
6521,3,7364.04,16910.99,0.444753,1.0603560163208698e-06,0.683544,271.1,0.2361,268.3,0.2
6522,3,7364.77,16908.93,0.468713,1.060315826831198e-06,1.050821,233.0,0.2746,266.2,0.2
6523,3,7365.42,16906.71,0.371921,1.0602756324505107e-06,0.564098,263.9,0.2425,265.8,0.2
6524,3,7366.12,16904.58,0.335485,1.0602354331797168e-06,0.710737,261.0,0.2452,265.2,0.2
6525,3,7366.8,16902.43,0.436862,1.0601952290197246e-06,0.975989,267.0,0.2397,265.0,0.2
6526,3,7367.49,16900.29,0.45698,1.060155019971443e-06,0.826577,267.6,0.2391,264.7,0.2
6527,3,7368.18,16898.16,0.434116,1.0601148060357807e-06,0.805755,264.8,0.2417,264.5,0.2
6528,3,7368.87,16896.02,0.450313,1.060074587213647e-06,0.538479,269.3,0.2377,264.4,0.2
6529,3,7369.56,16893.88,0.409239,1.0600343635059508e-06,0.529717,264.6,0.2419,264.2,0.2
6530,3,7370.25,16891.75,0.407635,1.0599941349136014e-06,0.549183,266.0,0.2406,264.1,0.2
6531,3,7370.94,16889.62,0.445416,1.0599539014375077e-06,0.628923,264.4,0.2421,264.0,0.2
6532,3,7371.62,16887.48,0.441849,1.0599136630785796e-06,0.719501,266.2,0.2404,263.8,0.3
6533,3,7372.31,16885.34,0.472065,1.0598734198377262e-06,0.662532,266.8,0.2398,263.8,0.3
6534,3,7373.01,16883.21,0.410796,1.0598331717158576e-06,0.543107,264.6,0.2419,263.5,0.3
6535,3,7373.7,16881.08,0.420051,1.0597929187138831e-06,0.693689,264.2,0.2422,263.3,0.3
6536,3,7374.39,16878.95,0.391526,1.0597526608327128e-06,0.480531,265.7,0.2409,263.1,0.3
6537,3,7375.08,16876.82,0.397448,1.0597123980732566e-06,0.759571,264.7,0.2418,262.9,0.4
6538,3,7375.77,16874.69,0.419194,1.0596721304364247e-06,0.885172,266.5,0.2402,262.9,0.4
6539,3,7376.46,16872.56,0.498015,1.0596318579231272e-06,0.664733,267.2,0.2395,262.8,0.4
6540,3,7377.15,16870.43,0.418419,1.0595915805342744e-06,0.846668,268.5,0.2383,262.9,0.5
6541,3,7377.87,16868.38,0.396095,1.0595512982707767e-06,0.668995,267.2,0.2395,262.6,0.5
6542,3,7378.56,16866.25,0.480718,1.0595110111335445e-06,0.816827,264.8,0.2417,264.3,0.5
6543,3,7379.25,16864.12,0.438632,1.0594707191234885e-06,0.530196,266.9,0.2398,264.3,0.6
6544,3,7379.94,16862.0,0.374599,1.0594304222415196e-06,0.852388,266.2,0.2404,264.5,0.6
6545,3,7380.64,16859.88,0.426745,1.0593901204885484e-06,0.712788,263.4,0.243,264.2,0.7
6546,3,7381.33,16857.76,0.440521,1.059349813865486e-06,0.637563,265.6,0.241,264.0,0.7
6547,3,7382.02,16855.63,0.402088,1.0593095023732435e-06,0.647418,267.0,0.2397,264.1,0.7
6548,3,7382.71,16853.5,0.4218,1.0592691860127317e-06,0.709141,267.4,0.2393,264.0,0.7
6549,3,7383.4,16851.38,0.446056,1.0592288647848625e-06,1.03276,265.6,0.241,264.0,0.7
6550,3,7384.1,16849.27,0.385315,1.0591885386905467e-06,0.578582,264.0,0.2424,263.8,0.8
6551,3,7384.79,16847.15,0.38567,1.0591482077306962e-06,0.67327,266.4,0.2403,263.9,0.8
6552,3,7385.48,16845.03,0.417295,1.0591078719062226e-06,0.702064,264.5,0.242,263.8,0.8
6553,3,7386.17,16842.91,0.453595,1.0590675312180375e-06,0.959113,267.6,0.2391,263.7,0.8
6554,3,7386.87,16840.8,0.374862,1.0590271856670528e-06,0.750118,266.6,0.24,263.8,0.8
6555,3,7387.56,16838.68,0.445988,1.0589868352541803e-06,0.791972,265.9,0.2407,263.9,0.8
6556,3,7388.31,16836.7,0.407769,1.0589464799803323e-06,0.700062,214.0,0.2991,260.7,0.8
6557,3,7388.96,16834.47,0.449724,1.0589061198464208e-06,0.633561,265.2,0.2413,260.7,0.8
6558,3,7389.65,16832.35,0.42717,1.058865754853358e-06,0.717108,265.6,0.241,260.7,0.8
6559,3,7390.36,16830.29,0.414584,1.0588253850020564e-06,0.651335,241.7,0.2648,259.4,0.8
6560,3,7391.04,16828.14,0.454509,1.0587850102934287e-06,0.642227,265.7,0.2409,259.3,0.8
6561,3,7391.76,16826.08,0.399986,1.0587446307283872e-06,0.892178,268.2,0.2386,259.4,0.8
6562,3,7392.45,16823.96,0.39877,1.0587042463078447e-06,0.521091,267.3,0.2394,259.6,0.8
6563,3,7393.14,16821.85,0.413537,1.0586638570327139e-06,0.647104,263.9,0.2425,259.4,0.8
6564,3,7393.84,16819.74,0.437848,1.058623462903908e-06,0.609874,264.0,0.2425,259.3,0.8
6565,3,7394.53,16817.63,0.387871,1.0585830639223397e-06,0.668642,265.0,0.2415,259.4,0.8
6566,3,7395.23,16815.53,0.441324,1.0585426600889226e-06,0.715249,258.3,0.2477,259.0,0.8
6567,3,7395.93,16813.43,0.408294,1.0585022514045697e-06,0.66388,265.2,0.2413,258.8,0.8
6568,3,7396.62,16811.32,0.35837,1.0584618378701947e-06,0.691395,267.1,0.2397,258.8,0.8
6569,3,7397.31,16809.21,0.407448,1.0584214194867104e-06,0.679099,267.4,0.2394,258.9,0.8
6570,3,7398.01,16807.1,0.414477,1.0583809962550308e-06,0.726591,266.2,0.2404,258.9,0.8
6571,3,7398.71,16805.02,0.425263,1.0583405681760697e-06,0.72262,264.9,0.2416,258.8,0.8
6572,3,7399.41,16802.91,0.407589,1.0583001352507407e-06,0.605244,265.3,0.2412,258.9,0.9
6573,3,7400.1,16800.8,0.4487,1.0582596974799578e-06,0.67034,266.2,0.2404,258.8,0.8
6574,3,7400.79,16798.69,0.407379,1.0582192548646352e-06,0.973851,267.3,0.2394,258.9,0.8
6575,3,7401.49,16796.59,0.436318,1.0581788074056868e-06,0.634299,263.9,0.2425,258.8,0.8
6576,3,7402.18,16794.48,0.418491,1.058138355104027e-06,0.710145,266.1,0.2405,262.0,0.8
6577,3,7402.87,16792.38,0.44962,1.05809789796057e-06,0.934181,265.5,0.2411,262.1,0.8
6578,3,7403.57,16790.27,0.410033,1.0580574359762304e-06,0.651703,265.5,0.2411,262.1,0.8
6579,3,7404.26,16788.17,0.399229,1.0580169691519227e-06,0.591772,264.8,0.2417,263.3,0.8
6580,3,7404.96,16786.07,0.407128,1.0579764974885615e-06,0.658148,264.8,0.2417,263.2,0.8
6581,3,7405.68,16784.03,0.387335,1.0579360209870618e-06,0.585911,265.9,0.2407,263.1,0.8
6582,3,7406.38,16781.93,0.465279,1.0578955396483384e-06,0.701329,264.2,0.2422,262.9,0.8
6583,3,7407.08,16779.84,0.414448,1.0578550534733063e-06,0.585469,262.2,0.2441,262.8,0.8
6584,3,7407.77,16777.74,0.458311,1.0578145624628808e-06,0.899559,265.2,0.2414,263.0,0.8
6585,3,7408.46,16775.64,0.419922,1.057774066617977e-06,0.817329,266.5,0.2401,263.0,0.8
6586,3,7409.16,16773.55,0.420992,1.0577335659395103e-06,0.531431,261.6,0.2446,263.2,0.8
6587,3,7409.85,16771.44,0.461822,1.0576930604283959e-06,0.721258,264.3,0.2421,263.3,0.7
6588,3,7410.55,16769.34,0.417568,1.0576525500855496e-06,0.817254,265.2,0.2413,263.2,0.7
6589,3,7411.24,16767.24,0.416245,1.057612034911887e-06,0.620341,266.2,0.2404,263.1,0.7
6590,3,7411.94,16765.16,0.434435,1.057571514908324e-06,0.705853,262.4,0.2439,262.9,0.7
6591,3,7412.63,16763.05,0.394568,1.0575309900757764e-06,0.712846,266.2,0.2404,263.1,0.7
6592,3,7413.33,16760.95,0.466782,1.0574904604151602e-06,0.805652,266.1,0.2405,263.2,0.7
6593,3,7414.02,16758.86,0.453419,1.0574499259273914e-06,1.105107,264.1,0.2424,263.1,0.7
6594,3,7414.72,16756.77,0.461487,1.0574093866133863e-06,0.762913,263.5,0.2429,262.9,0.7
6595,3,7415.41,16754.67,0.404428,1.0573688424740613e-06,0.701985,267.4,0.2393,263.0,0.7
6596,3,7416.11,16752.59,0.400907,1.0573282935103328e-06,0.580567,262.3,0.244,262.8,0.7
6597,3,7416.8,16750.49,0.419474,1.0572877397231172e-06,0.80922,265.7,0.2409,262.7,0.8
6598,3,7417.5,16748.39,0.419861,1.0572471811133315e-06,0.641041,265.7,0.2408,262.7,0.8
6599,3,7418.2,16746.31,0.458117,1.057206617681892e-06,0.710781,261.4,0.2449,262.4,0.8
6600,3,7418.89,16744.22,0.414461,1.0571660494297161e-06,0.705549,265.9,0.2407,262.5,0.8
6601,3,7435.29,16777.55,0.405827,1.0571254763577203e-06,0.65077,273.5,0.234,262.9,0.8
6602,3,7435.97,16775.43,0.44931,1.057084898466822e-06,0.595493,266.3,0.2404,263.1,0.8
6603,3,7436.66,16773.31,0.392866,1.0570443157579381e-06,0.734236,269.7,0.2373,263.6,0.7
6604,3,7437.35,16771.19,0.424864,1.0570037282319862e-06,0.6558,269.9,0.2371,263.8,0.7
6605,3,7438.03,16769.08,0.356956,1.0569631358898835e-06,0.571798,270.2,0.2369,264.1,0.7
6606,3,7438.72,16766.96,0.394265,1.0569225387325478e-06,0.538223,269.8,0.2373,264.5,0.6
6607,3,7439.41,16764.85,0.46747,1.0568819367608966e-06,0.700903,267.4,0.2394,264.7,0.7
6608,3,7440.09,16762.73,0.418227,1.0568413299758475e-06,0.810836,272.4,0.235,265.1,0.6
6609,3,7440.79,16760.62,0.452724,1.0568007183783184e-06,0.771668,266.3,0.2403,265.2,0.6
6610,3,7441.48,16758.52,0.412604,1.0567601019692274e-06,0.60431,267.5,0.2392,265.5,0.6
6611,3,7442.17,16756.41,0.404341,1.0567194807494924e-06,0.584429,267.1,0.2396,265.5,0.6
6612,3,7442.86,16754.3,0.379161,1.0566788547200315e-06,0.687707,267.4,0.2393,265.6,0.6
6613,3,7443.55,16752.2,0.437303,1.0566382238817632e-06,0.589833,267.8,0.239,265.9,0.5
6614,3,7444.24,16750.1,0.422464,1.056597588235606e-06,0.603508,267.3,0.2394,266.1,0.6
6615,3,7444.93,16747.99,0.38499,1.056556947782478e-06,0.722659,264.9,0.2416,266.0,0.5
6616,3,7445.62,16745.89,0.471612,1.0565163025232982e-06,0.758128,268.6,0.2382,266.4,0.5
6617,3,7446.31,16743.79,0.415933,1.0564756524589853e-06,0.629541,266.7,0.24,266.4,0.5
6618,3,7447.0,16741.69,0.415089,1.0564349975904577e-06,0.702394,269.7,0.2373,266.6,0.5
6619,3,7447.69,16739.58,0.462214,1.0563943379186348e-06,0.954569,268.8,0.2381,267.1,0.5
6620,3,7448.39,16737.5,0.384931,1.0563536734444354e-06,0.566337,262.7,0.2437,266.9,0.5
6621,3,7449.1,16735.44,0.405436,1.0563130041687786e-06,0.648483,269.0,0.2379,266.6,0.5
6622,3,7449.79,16733.35,0.475865,1.056272330092584e-06,0.742929,266.2,0.2404,266.5,0.5
6623,3,7450.49,16731.25,0.426415,1.0562316512167709e-06,0.766227,267.3,0.2394,266.3,0.6
6624,3,7451.18,16729.17,0.387016,1.0561909675422583e-06,0.564526,262.2,0.2441,265.9,0.6
6625,3,7451.88,16727.07,0.390265,1.0561502790699663e-06,0.498042,265.0,0.2415,265.5,0.6
6626,3,7452.57,16724.97,0.424034,1.0561095858008145e-06,0.859781,265.5,0.241,265.3,0.6
6627,3,7453.26,16722.88,0.389692,1.0560688877357225e-06,0.703911,263.7,0.2427,265.0,0.7
6628,3,7453.96,16720.79,0.403704,1.0560281848756105e-06,0.608829,262.6,0.2437,264.5,0.7
6629,3,7454.65,16718.7,0.438178,1.0559874772213982e-06,0.856146,265.8,0.2408,264.5,0.7
6630,3,7455.34,16716.61,0.407073,1.0559467647740062e-06,0.680617,268.4,0.2385,264.4,0.7
6631,3,7456.04,16714.52,0.424876,1.055906047534354e-06,0.619145,265.1,0.2414,264.3,0.7
6632,3,7456.74,16712.45,0.419679,1.0558653255033627e-06,0.547187,262.7,0.2436,263.9,0.8
6633,3,7457.43,16710.37,0.387578,1.0558245986819524e-06,0.758554,265.6,0.2409,263.8,0.8
6634,3,7458.13,16708.28,0.370479,1.0557838670710438e-06,0.839879,264.7,0.2418,263.7,0.8
6635,3,7458.83,16706.2,0.41037,1.0557431306715574e-06,0.601178,263.6,0.2428,263.6,0.8
6636,3,7459.52,16704.11,0.392309,1.055702389484414e-06,0.635243,262.7,0.2436,263.2,0.8
6637,3,7460.21,16702.02,0.405382,1.0556616435105345e-06,0.540381,267.7,0.2391,263.3,0.8
6638,3,7460.91,16699.93,0.434117,1.05562089275084e-06,0.544541,265.0,0.2415,263.2,0.8
6639,3,7461.6,16697.85,0.456626,1.0555801372062516e-06,0.623033,266.0,0.2406,262.9,0.8
6640,3,7462.32,16695.83,0.421251,1.0555393768776905e-06,0.519273,239.2,0.2675,261.7,0.8
6641,3,7463.03,16693.77,0.462969,1.0554986117660778e-06,0.753149,267.9,0.2389,261.7,0.8
6642,3,7463.73,16691.69,0.419478,1.0554578418723353e-06,0.900076,266.2,0.2405,261.7,0.8
6643,3,7464.42,16689.61,0.432842,1.0554170671973844e-06,0.712355,265.5,0.2411,261.6,0.8
6644,3,7465.12,16687.53,0.391995,1.0553762877421467e-06,0.570921,264.8,0.2417,261.6,0.8
6645,3,7465.82,16685.45,0.404338,1.0553355035075439e-06,0.592224,262.5,0.2438,261.6,0.8
6646,3,7466.51,16683.37,0.397496,1.0552947144944978e-06,0.546237,264.0,0.2424,261.5,0.8
6647,3,7467.21,16681.31,0.376968,1.0552539207039306e-06,0.573917,259.0,0.2471,261.4,0.7
6648,3,7467.9,16679.21,0.376453,1.055213122136764e-06,0.660653,265.4,0.2411,261.5,0.8
6649,3,7468.6,16677.13,0.423211,1.0551723187939208e-06,0.718249,268.4,0.2385,261.6,0.8
6650,3,7469.29,16675.05,0.397962,1.0551315106763228e-06,0.756935,265.3,0.2412,261.5,0.7
6651,3,7469.99,16672.98,0.400941,1.0550906977848926e-06,0.651512,265.6,0.241,261.5,0.7
6652,3,7470.69,16670.91,0.391176,1.0550498801205524e-06,0.539685,264.8,0.2417,261.7,0.7
6653,3,7471.38,16668.83,0.468153,1.0550090576842254e-06,0.729691,264.1,0.2423,261.5,0.7
6654,3,7472.08,16666.75,0.476143,1.0549682304768338e-06,0.764436,265.5,0.241,261.5,0.8
6655,3,7472.83,16664.81,0.368957,1.0549273984993006e-06,0.639149,213.3,0.3,258.5,0.8
6656,3,7473.47,16662.61,0.425423,1.054886561752549e-06,0.681491,263.1,0.2433,258.5,0.8
6657,3,7474.17,16660.53,0.406542,1.054845720237502e-06,0.641698,264.9,0.2416,258.5,0.7
6658,3,7474.86,16658.45,0.381164,1.0548048739550822e-06,0.776412,267.2,0.2395,258.5,0.7
6659,3,7475.56,16656.38,0.442377,1.0547640229062134e-06,0.60083,263.8,0.2426,258.4,0.7
6660,3,7476.26,16654.31,0.434671,1.054723167091819e-06,0.903499,263.6,0.2428,259.6,0.8
6661,3,7476.99,16652.32,0.404466,1.054682306512822e-06,0.89129,265.7,0.2409,259.6,0.8
6662,3,7477.68,16650.24,0.431579,1.0546414411701464e-06,0.62706,265.2,0.2413,259.5,0.8
6663,3,7478.41,16648.25,0.402775,1.0546005710647155e-06,0.697395,232.7,0.2751,257.7,0.8
6664,3,7479.08,16646.12,0.428044,1.0545596961974535e-06,0.80726,260.0,0.2462,257.5,0.7
6665,3,7479.77,16644.04,0.425732,1.0545188165692842e-06,0.55877,262.9,0.2434,257.4,0.8
6666,3,7480.47,16641.97,0.436957,1.0544779321811317e-06,0.759695,264.1,0.2424,257.4,0.8
6667,3,7481.17,16639.9,0.439043,1.0544370430339199e-06,0.621885,263.7,0.2427,257.7,0.8
6668,3,7481.86,16637.83,0.3734,1.0543961491285732e-06,0.746777,263.8,0.2426,257.6,0.8
6669,3,7482.57,16635.78,0.434446,1.054355250466016e-06,0.746916,261.8,0.2444,257.3,0.8
6670,3,7483.27,16633.72,0.465518,1.0543143470471724e-06,0.640966,259.4,0.2467,257.0,0.8
6671,3,7483.96,16631.66,0.418553,1.0542734388729676e-06,0.784703,261.6,0.2446,256.8,0.8
6672,3,7484.66,16629.59,0.442405,1.0542325259443256e-06,0.704796,260.8,0.2454,256.7,0.8
6673,3,7485.36,16627.52,0.468548,1.0541916082621714e-06,0.893762,262.2,0.2441,256.7,0.7
6674,3,7486.05,16625.45,0.431997,1.05415068582743e-06,0.795578,264.6,0.2418,256.7,0.7
6675,3,7486.75,16623.39,0.430435,1.0541097586410263e-06,0.739779,262.0,0.2443,259.6,0.7
6676,3,7487.49,16621.43,0.418159,1.0540688267038854e-06,0.576838,223.1,0.2869,257.4,0.7
6677,3,7488.15,16619.27,0.409909,1.0540278900169326e-06,0.657449,262.2,0.2441,257.3,0.7
6678,3,7488.85,16617.22,0.427515,1.053986948581093e-06,0.764043,261.1,0.2451,257.0,0.7
6679,3,7489.55,16615.15,0.468831,1.0539460023972923e-06,0.569456,264.0,0.2425,257.0,0.7
6680,3,7490.24,16613.09,0.472677,1.0539050514664555e-06,0.833766,262.7,0.2436,257.0,0.7
6681,3,7490.97,16611.09,0.405414,1.053864095789509e-06,0.588392,266.9,0.2398,257.0,0.7
6682,3,7491.66,16609.03,0.450578,1.0538231353673778e-06,0.723069,263.2,0.2432,257.0,0.6
6683,3,7492.36,16606.97,0.408275,1.053782170200988e-06,0.747272,263.9,0.2425,258.7,0.6
6684,3,7493.06,16604.91,0.403476,1.053741200291266e-06,0.667066,264.5,0.242,258.9,0.7
6685,3,7493.76,16602.85,0.353897,1.0537002256391372e-06,0.562025,266.0,0.2406,259.1,0.6
6686,3,7494.46,16600.81,0.392034,1.0536592462455281e-06,0.800994,256.1,0.2499,258.7,0.6
6687,3,7495.16,16598.74,0.455193,1.0536182621113649e-06,0.651841,265.0,0.2415,258.8,0.6
6688,3,7495.86,16596.68,0.444695,1.0535772732375737e-06,0.810815,261.9,0.2444,258.6,0.7
6689,3,7496.55,16594.63,0.421455,1.0535362796250812e-06,0.730681,265.8,0.2408,258.7,0.7
6690,3,7497.25,16592.57,0.373106,1.0534952812748142e-06,0.738599,264.2,0.2422,258.9,0.7
6691,3,7497.95,16590.52,0.443374,1.0534542781876992e-06,0.858258,265.5,0.2411,259.1,0.7
6692,3,7498.65,16588.46,0.417858,1.0534132703646634e-06,0.599928,263.6,0.2428,259.2,0.7
6693,3,7499.35,16586.41,0.453435,1.053372257806633e-06,0.677174,263.3,0.2431,259.2,0.7
6694,3,7500.1,16584.48,0.379981,1.0533312405145356e-06,0.719002,216.2,0.2961,256.3,0.7
6695,3,7500.75,16582.31,0.426515,1.0532902184892981e-06,0.609004,265.8,0.2408,256.6,0.7
6696,3,7501.45,16580.26,0.435267,1.0532491917318479e-06,0.622291,262.9,0.2434,258.7,0.8
6697,3,7502.15,16578.21,0.431559,1.053208160243112e-06,0.643082,264.9,0.2416,258.9,0.8
6698,3,7502.84,16576.16,0.420523,1.0531671240240184e-06,0.766524,264.3,0.2421,259.0,0.8
6699,3,7503.54,16574.11,0.434278,1.053126083075494e-06,0.675174,263.2,0.2431,259.0,0.7
6700,3,7504.24,16572.05,0.459258,1.0530850373984667e-06,0.756123,265.7,0.2409,259.2,0.7
6701,3,7504.97,16570.06,0.45595,1.0530439869938646e-06,0.686067,267.7,0.2391,259.2,0.8
6702,3,7505.67,16568.01,0.380709,1.0530029318626152e-06,0.569575,264.2,0.2423,259.1,0.8
6703,3,7506.36,16565.96,0.439026,1.0529618720056468e-06,0.61982,265.3,0.2413,259.2,0.8
6704,3,7507.06,16563.92,0.434742,1.0529208074238874e-06,0.754621,262.5,0.2438,259.1,0.8
6705,3,7507.76,16561.87,0.380084,1.052879738118265e-06,0.659052,261.9,0.2444,258.9,0.8
6706,3,7508.46,16559.82,0.396937,1.052838664089708e-06,0.634221,264.8,0.2417,259.4,0.8
6707,3,7509.16,16557.77,0.44467,1.0527975853391447e-06,0.763435,267.7,0.2391,259.5,0.8
6708,3,7509.86,16555.72,0.429364,1.052756501867504e-06,0.705404,264.6,0.2419,259.7,0.8
6709,3,7510.56,16553.68,0.446316,1.0527154136757142e-06,0.719976,264.8,0.2417,259.7,0.7
6710,3,7511.27,16551.65,0.405722,1.052674320764704e-06,0.797537,257.1,0.2489,259.4,0.7
6711,3,7511.96,16549.6,0.452974,1.0526332231354025e-06,0.676887,265.1,0.2414,259.4,0.7
6712,3,7512.67,16547.57,0.432138,1.0525921207887381e-06,0.776737,260.5,0.2457,259.3,0.7
6713,3,7513.36,16545.51,0.416139,1.0525510137256406e-06,0.798648,264.3,0.2421,259.3,0.7
6714,3,7514.06,16543.47,0.41032,1.0525099019470386e-06,0.640472,264.0,0.2424,262.2,0.7
6715,3,7514.76,16541.43,0.427669,1.0524687854538617e-06,0.735169,262.1,0.2442,262.0,0.7
6716,3,7515.48,16539.42,0.362514,1.0524276642470391e-06,0.587068,248.3,0.2577,261.2,0.7
6717,3,7516.18,16537.38,0.377541,1.0523865383275004e-06,0.826786,248.2,0.2578,260.3,0.7
6718,3,7516.87,16535.33,0.420683,1.052345407696175e-06,0.607365,260.1,0.2461,260.0,0.8
6719,3,7517.57,16533.28,0.374186,1.0523042723539928e-06,0.885151,263.4,0.243,260.1,0.7
6720,3,7518.28,16531.26,0.421237,1.0522631323018833e-06,0.588853,255.6,0.2504,259.6,0.7
6721,3,7519.02,16529.3,0.389949,1.0522219875407768e-06,0.621747,257.3,0.2488,259.2,0.7
6722,3,7519.71,16527.26,0.459007,1.052180838071603e-06,0.700632,259.8,0.2464,259.0,0.7
6723,3,7520.42,16525.23,0.405277,1.0521396838952923e-06,0.684903,254.4,0.2516,258.5,0.7
6724,3,7521.11,16523.18,0.466812,1.0520985250127746e-06,0.794294,259.7,0.2464,258.4,0.6
6725,3,7521.81,16521.15,0.40685,1.0520573614249804e-06,0.822352,257.6,0.2484,258.2,0.6
6726,3,7522.52,16519.12,0.445348,1.0520161931328402e-06,0.775736,255.8,0.2502,257.6,0.7
6727,3,7523.23,16517.1,0.387839,1.0519750201372844e-06,0.766117,250.9,0.2551,256.8,0.7
6728,3,7523.92,16515.04,0.49081,1.0519338424392437e-06,0.947787,259.0,0.2471,256.5,0.7
6729,3,7524.62,16513.02,0.430699,1.0518926600396489e-06,0.661409,255.9,0.2501,256.2,0.7
6730,3,7525.31,16510.96,0.396578,1.0518514729394309e-06,0.711039,262.8,0.2435,256.4,0.7
6731,3,7526.02,16508.93,0.434527,1.0518102811395205e-06,0.795167,262.0,0.2443,256.2,0.7
6732,3,7526.71,16506.89,0.399509,1.051769084640849e-06,0.644697,265.2,0.2413,256.4,0.7
6733,3,7527.41,16504.85,0.430051,1.0517278834443472e-06,0.772912,264.4,0.2421,256.5,0.7
6734,3,7528.11,16502.82,0.393382,1.0516866775509467e-06,0.638762,263.4,0.243,256.4,0.7
6735,3,7528.81,16500.78,0.386305,1.0516454669615787e-06,0.684072,265.0,0.2415,256.6,0.7
6736,3,7529.51,16498.74,0.429419,1.051604251677175e-06,0.646667,264.5,0.242,257.4,0.7
6737,3,7530.21,16496.7,0.431498,1.051563031698667e-06,0.569445,263.9,0.2425,258.2,0.7
6738,3,7530.91,16494.68,0.380279,1.0515218070269863e-06,0.583022,265.5,0.2411,258.4,0.7
6739,3,7531.62,16492.67,0.428892,1.051480577663065e-06,0.601816,266.5,0.2402,258.4,0.7
6740,3,7532.32,16490.64,0.394497,1.0514393436078348e-06,0.575337,262.8,0.2435,258.7,0.8
6741,3,7533.04,16488.65,0.45063,1.0513981048622278e-06,0.961368,267.5,0.2393,259.1,0.8
6742,3,7533.74,16486.62,0.426579,1.0513568614271762e-06,0.573887,262.0,0.2443,259.3,0.8
6743,3,7534.43,16484.58,0.457351,1.0513156133036122e-06,0.942395,264.3,0.2422,259.8,0.8
6744,3,7535.13,16482.55,0.385594,1.051274360492468e-06,0.69796,264.5,0.242,260.0,0.8
6745,3,7535.83,16480.51,0.357608,1.0512331029946763e-06,1.134281,263.0,0.2433,260.2,0.8
6746,3,7536.53,16478.48,0.370138,1.0511918408111694e-06,0.678768,260.1,0.2461,260.6,0.8
6747,3,7537.23,16476.44,0.460378,1.0511505739428802e-06,0.806832,263.1,0.2432,261.2,0.8
6748,3,7537.92,16474.41,0.437946,1.0511093023907414e-06,0.843169,265.7,0.2409,261.5,0.8
6749,3,7538.62,16472.37,0.418609,1.051068026155686e-06,0.794568,266.8,0.2399,262.2,0.7
6750,3,7539.32,16470.34,0.450245,1.0510267452386466e-06,0.856184,262.8,0.2435,262.2,0.7
6751,3,7540.02,16468.31,0.467286,1.0509854596405564e-06,0.721404,265.6,0.241,262.3,0.7
6752,3,7540.72,16466.29,0.426256,1.0509441693623488e-06,0.740355,259.5,0.2466,262.1,0.7
6753,3,7541.42,16464.25,0.440932,1.0509028744049572e-06,0.670031,260.9,0.2453,261.9,0.7
6754,3,7542.14,16462.27,0.50701,1.0508615747693148e-06,0.852648,259.8,0.2463,261.6,0.8
6755,3,7542.83,16460.24,0.455582,1.050820270456355e-06,0.765473,263.0,0.2434,261.4,0.8
6756,3,7543.53,16458.21,0.473881,1.0507789614670118e-06,0.84737,265.4,0.2411,261.5,0.8
6757,3,7544.23,16456.18,0.423112,1.0507376478022186e-06,0.659593,266.1,0.2405,261.5,0.8
6758,3,7544.98,16454.26,0.46507,1.050696329462909e-06,0.668621,218.9,0.2923,259.0,0.7
6759,3,7545.63,16452.13,0.418378,1.0506550064500176e-06,0.962086,262.2,0.2441,258.8,0.8
6760,3,7546.38,16450.21,0.448432,1.050613678764478e-06,0.747052,218.9,0.2924,256.3,0.7
6761,3,7547.05,16448.12,0.448509,1.0505723464072242e-06,0.782884,265.9,0.2407,256.3,0.7
6762,3,7547.75,16446.1,0.428485,1.050531009379191e-06,0.702371,262.6,0.2437,256.3,0.7
6763,3,7548.45,16444.09,0.427151,1.050489667681312e-06,0.588954,266.7,0.24,256.4,0.7
6764,3,7549.16,16442.07,0.415016,1.0504483213145224e-06,0.644027,261.9,0.2444,256.3,0.7
6765,3,7549.85,16440.04,0.397925,1.0504069702797564e-06,0.540911,263.5,0.2428,256.3,0.7
6766,3,7550.55,16438.01,0.378648,1.0503656145779487e-06,0.533067,263.4,0.243,256.5,0.7
6767,3,7551.25,16435.99,0.411645,1.0503242542100343e-06,0.663055,263.8,0.2426,256.4,0.7
6768,3,7551.95,16433.96,0.423268,1.0502828891769477e-06,0.573038,263.3,0.2431,256.3,0.7
6769,3,7552.65,16431.94,0.435614,1.0502415194796242e-06,0.830524,263.8,0.2426,256.2,0.8
6770,3,7553.34,16429.92,0.395296,1.0502001451189987e-06,0.954679,264.3,0.2421,256.2,0.8
6771,3,7554.04,16427.89,0.434264,1.0501587660960064e-06,0.624463,262.5,0.2438,256.2,0.7
6772,3,7554.74,16425.87,0.420668,1.0501173824115827e-06,0.665763,261.5,0.2448,256.2,0.7
6773,3,7555.44,16423.85,0.422608,1.050075994066663e-06,0.718637,263.5,0.2429,256.3,0.8
6774,3,7556.14,16421.82,0.481878,1.050034601062183e-06,0.908863,264.5,0.242,256.6,0.7
6775,3,7556.84,16419.81,0.446908,1.049993203399078e-06,0.946722,263.5,0.2429,256.6,0.7
6776,3,7557.54,16417.79,0.426318,1.049951801078284e-06,0.66145,261.4,0.2449,256.4,0.7
6777,3,7558.24,16415.77,0.454646,1.0499103941007365e-06,0.759271,264.2,0.2423,256.4,0.7
6778,3,7558.93,16413.74,0.434074,1.0498689824673718e-06,0.760153,267.2,0.2396,259.1,0.7
6779,3,7559.64,16411.73,0.404811,1.0498275661791258e-06,0.707503,261.7,0.2446,259.1,0.7
6780,3,7560.33,16409.72,0.447826,1.0497861452369347e-06,0.876565,264.2,0.2422,261.8,0.7
6781,3,7561.04,16407.72,0.384113,1.0497447196417346e-06,0.785572,263.3,0.2431,261.7,0.7
6782,3,7561.74,16405.7,0.446644,1.0497032893944618e-06,0.728127,263.9,0.2426,261.8,0.7
6783,3,7562.44,16403.68,0.406403,1.0496618544960532e-06,0.724887,262.8,0.2436,261.6,0.7
6784,3,7563.14,16401.67,0.408695,1.049620414947445e-06,0.558191,264.2,0.2422,261.7,0.7
6785,3,7563.84,16399.65,0.418246,1.0495789707495738e-06,0.669541,264.9,0.2416,261.7,0.7
6786,3,7564.54,16397.64,0.436588,1.0495375219033766e-06,0.536034,263.0,0.2434,261.7,0.7
6787,3,7565.24,16395.62,0.421778,1.0494960684097903e-06,0.66135,265.3,0.2412,261.8,0.7
6788,3,7565.94,16393.61,0.398624,1.0494546102697518e-06,0.860747,262.2,0.2441,261.7,0.7
6789,3,7566.63,16391.59,0.419105,1.0494131474841983e-06,0.763867,266.9,0.2398,261.7,0.8
6790,3,7567.33,16389.57,0.38598,1.0493716800540668e-06,0.488578,264.3,0.2421,261.7,0.8
6791,3,7568.03,16387.56,0.401381,1.0493302079802944e-06,0.637502,263.2,0.2432,261.6,0.8
6792,3,7568.73,16385.54,0.407687,1.0492887312638187e-06,0.576181,263.8,0.2426,261.8,0.8
6793,3,7569.43,16383.53,0.434486,1.0492472499055776e-06,0.641821,263.0,0.2433,261.9,0.7
6794,3,7570.13,16381.52,0.423763,1.0492057639065085e-06,0.66282,261.9,0.2444,261.7,0.8
6795,3,7570.83,16379.51,0.416397,1.0491642732675489e-06,0.813781,262.5,0.2438,261.7,0.8
6796,3,7571.53,16377.5,0.431104,1.0491227779896368e-06,0.65878,262.4,0.2439,261.8,0.7
6797,3,7572.23,16375.48,0.404355,1.0490812780737104e-06,0.842207,264.9,0.2416,261.8,0.7
6798,3,7572.92,16373.47,0.435881,1.0490397735207074e-06,0.72694,266.3,0.2403,261.8,0.7
6799,3,7573.62,16371.46,0.426331,1.0489982643315656e-06,1.262794,264.4,0.2421,261.9,0.7
6800,3,7574.32,16369.45,0.404961,1.048956750507224e-06,0.607439,263.0,0.2434,261.8,0.8
6801,3,7589.62,16398.98,0.428768,1.0489152320486206e-06,0.749921,279.0,0.2294,262.5,0.8
6802,3,7590.31,16396.94,0.417656,1.0488737089566936e-06,0.648374,269.0,0.2379,262.8,0.8
6803,3,7591.0,16394.9,0.381621,1.048832181232382e-06,0.676974,271.7,0.2356,263.2,0.7
6804,3,7591.69,16392.87,0.45114,1.0487906488766242e-06,0.642777,268.5,0.2384,263.6,0.7
6805,3,7592.37,16390.83,0.444847,1.0487491118903593e-06,0.831501,272.1,0.2352,264.0,0.7
6806,3,7593.07,16388.79,0.42113,1.0487075702745259e-06,0.704248,270.2,0.2368,264.4,0.6
6807,3,7593.76,16386.76,0.407611,1.048666024030063e-06,0.741482,267.1,0.2396,264.6,0.6
6808,3,7594.45,16384.73,0.426459,1.0486244731579095e-06,0.697305,267.4,0.2393,265.0,0.6
6809,3,7595.14,16382.7,0.407861,1.048582917659005e-06,0.632226,265.4,0.2411,265.0,0.5
6810,3,7595.83,16380.67,0.412019,1.0485413575342887e-06,0.689861,269.1,0.2378,265.3,0.5
6811,3,7596.52,16378.64,0.414304,1.0484997927846997e-06,0.670715,268.2,0.2386,265.7,0.5
6812,3,7597.21,16376.6,0.452694,1.0484582234111777e-06,0.723015,271.7,0.2356,266.1,0.5
6813,3,7597.9,16374.58,0.402743,1.0484166494146622e-06,0.539916,265.6,0.2409,266.1,0.5
6814,3,7598.6,16372.56,0.4255,1.0483750707960932e-06,0.769927,265.8,0.2408,266.3,0.5
6815,3,7599.29,16370.53,0.439116,1.0483334875564102e-06,0.836082,265.6,0.241,266.5,0.5
6816,3,7599.99,16368.51,0.430495,1.0482918996965534e-06,0.7091,266.8,0.2399,266.7,0.5
6817,3,7600.68,16366.49,0.412737,1.0482503072174626e-06,0.760962,264.2,0.2422,266.6,0.5
6818,3,7601.39,16364.51,0.412031,1.0482087101200782e-06,0.553695,264.8,0.2416,266.4,0.6
6819,3,7602.08,16362.48,0.444245,1.0481671084053399e-06,0.773872,265.9,0.2407,266.6,0.5
6820,3,7602.78,16360.46,0.406993,1.0481255020741886e-06,0.623584,266.3,0.2403,266.8,0.5
6821,3,7603.5,16358.5,0.367252,1.0480838911275643e-06,0.769131,265.9,0.2407,266.1,0.5
6822,3,7604.19,16356.48,0.387956,1.048042275566408e-06,0.725469,264.2,0.2423,265.7,0.6
6823,3,7604.88,16354.45,0.401915,1.0480006553916603e-06,0.567041,267.9,0.2389,265.4,0.6
6824,3,7605.57,16352.43,0.420541,1.0479590306042617e-06,0.965436,268.7,0.2382,265.3,0.7
6825,3,7606.27,16350.41,0.468712,1.0479174012051532e-06,0.787023,267.4,0.2393,265.0,0.7
6826,3,7606.97,16348.4,0.447503,1.0478757671952754e-06,0.878625,263.7,0.2427,264.6,0.7
6827,3,7607.66,16346.38,0.464747,1.04783412857557e-06,0.777478,265.8,0.2408,264.4,0.8
6828,3,7608.35,16344.36,0.389767,1.0477924853469778e-06,0.68764,268.2,0.2386,264.5,0.8
6829,3,7609.04,16342.34,0.373517,1.04775083751044e-06,0.760492,267.3,0.2394,264.5,0.8
6830,3,7609.74,16340.33,0.414324,1.0477091850668981e-06,0.705576,265.1,0.2414,264.2,0.8
6831,3,7610.43,16338.31,0.434,1.0476675280172938e-06,0.741916,266.3,0.2404,264.0,0.9
6832,3,7611.15,16336.34,0.372844,1.0476258663625682e-06,0.808444,244.7,0.2615,262.6,0.9
6833,3,7611.83,16334.3,0.45884,1.0475842001036635e-06,0.607359,258.4,0.2477,262.3,0.8
6834,3,7612.52,16332.27,0.450557,1.0475425292415212e-06,0.795543,267.2,0.2395,262.4,0.8
6835,3,7613.23,16330.29,0.459256,1.0475008537770834e-06,0.818379,262.4,0.2439,262.0,0.9
6836,3,7613.92,16328.28,0.403499,1.0474591737112918e-06,0.904288,268.3,0.2386,262.2,0.9
6837,3,7614.62,16326.26,0.396957,1.047417489045089e-06,0.806754,264.7,0.2418,262.2,0.9
6838,3,7615.31,16324.26,0.427227,1.0473757997794167e-06,0.723283,265.5,0.241,262.4,0.8
6839,3,7616.01,16322.24,0.429254,1.0473341059152175e-06,0.585966,266.3,0.2403,262.3,0.9
6840,3,7616.7,16320.22,0.447098,1.0472924074534339e-06,0.759691,265.8,0.2408,262.3,0.9
6841,3,7617.45,16318.33,0.413668,1.0472507043950081e-06,0.523389,267.3,0.2395,262.3,0.9
6842,3,7618.17,16316.39,0.423354,1.047208996740883e-06,0.75797,235.2,0.2721,260.8,0.8
6843,3,7618.84,16314.32,0.420308,1.047167284492001e-06,0.900576,265.3,0.2413,260.7,0.8
6844,3,7619.54,16312.32,0.461306,1.0471255676493056e-06,0.671358,263.2,0.2432,260.5,0.8
6845,3,7620.23,16310.3,0.441183,1.0470838462137392e-06,0.750587,266.9,0.2398,260.5,0.8
6846,3,7620.93,16308.3,0.408816,1.047042120186245e-06,0.783601,266.7,0.24,260.7,0.8
6847,3,7621.63,16306.3,0.464905,1.047000389567766e-06,0.689247,263.3,0.2431,260.5,0.8
6848,3,7622.32,16304.29,0.386598,1.0469586543592458e-06,0.615858,266.1,0.2405,260.3,0.8
6849,3,7623.02,16302.29,0.453631,1.0469169145616273e-06,0.678209,264.4,0.242,260.1,0.9
6850,3,7623.71,16300.28,0.413182,1.0468751701758542e-06,0.825896,266.2,0.2404,260.2,0.9
6851,3,7624.41,16298.28,0.439671,1.0468334212028702e-06,0.956964,263.6,0.2428,260.0,0.9
6852,3,7625.12,16296.29,0.430229,1.0467916676436187e-06,0.765318,257.7,0.2484,260.6,0.9
6853,3,7625.85,16294.38,0.383923,1.0467499094990436e-06,0.817128,222.6,0.2876,258.4,1.0
6854,3,7626.5,16292.27,0.412505,1.0467081467700887e-06,1.038324,265.5,0.241,258.4,0.9
6855,3,7627.2,16290.27,0.426289,1.0466663794576983e-06,0.652685,263.4,0.2429,258.6,0.9
6856,3,7627.89,16288.27,0.44873,1.046624607562816e-06,0.869378,265.2,0.2413,258.4,0.9
6857,3,7628.59,16286.27,0.421178,1.0465828310863863e-06,0.956724,266.2,0.2404,258.5,0.9
6858,3,7629.35,16284.39,0.410141,1.0465410500293534e-06,1.060509,212.6,0.301,255.4,0.9
6859,3,7629.98,16282.27,0.374332,1.046499264392662e-06,0.659926,263.1,0.2432,255.3,0.8
6860,3,7630.68,16280.27,0.368568,1.0464574741772562e-06,0.61283,266.1,0.2405,255.3,0.9
6861,3,7631.41,16278.33,0.441555,1.0464156793840808e-06,0.662458,270.2,0.2368,255.5,0.8
6862,3,7632.1,16276.34,0.417879,1.0463738800140802e-06,0.625621,262.5,0.2439,257.0,0.8
6863,3,7632.8,16274.34,0.439344,1.0463320760681992e-06,0.773509,263.7,0.2427,257.0,0.8
6864,3,7633.5,16272.34,0.427002,1.0462902675473832e-06,0.775237,264.8,0.2417,257.1,0.8
6865,3,7634.19,16270.34,0.385992,1.0462484544525767e-06,0.743643,265.8,0.2408,257.2,0.7
6866,3,7634.89,16268.34,0.391974,1.0462066367847254e-06,0.530673,262.9,0.2434,257.0,0.7
6867,3,7635.58,16266.34,0.440859,1.0461648145447738e-06,0.716477,266.9,0.2398,257.1,0.8
6868,3,7636.29,16264.36,0.409604,1.0461229877336678e-06,0.638868,262.5,0.2438,256.9,0.8
6869,3,7636.98,16262.36,0.39211,1.0460811563523529e-06,0.787686,264.1,0.2423,257.0,0.7
6870,3,7637.69,16260.38,0.413625,1.0460393204017741e-06,0.565539,258.1,0.248,256.7,0.7
6871,3,7638.38,16258.37,0.411111,1.0459974798828774e-06,0.682168,265.9,0.2407,256.9,0.7
6872,3,7639.07,16256.38,0.38212,1.0459556347966083e-06,0.744385,260.5,0.2457,257.0,0.6
6873,3,7639.77,16254.37,0.432675,1.0459137851439127e-06,0.723767,265.9,0.2407,259.6,0.6
6874,3,7640.46,16252.38,0.414943,1.0458719309257368e-06,0.691362,264.1,0.2423,259.4,0.6
6875,3,7641.16,16250.39,0.42873,1.0458300721430262e-06,0.685071,265.0,0.2416,259.5,0.7
6876,3,7641.86,16248.39,0.384278,1.0457882087967275e-06,0.728733,267.7,0.2391,259.6,0.7
6877,3,7642.56,16246.41,0.491712,1.0457463408877866e-06,0.798082,263.5,0.2429,259.3,0.7
6878,3,7643.25,16244.41,0.409949,1.0457044684171503e-06,0.675745,265.5,0.2411,262.6,0.7
6879,3,7643.95,16242.42,0.405168,1.0456625913857646e-06,0.81471,265.7,0.2409,262.7,0.7
6880,3,7644.65,16240.43,0.40717,1.0456207097945762e-06,0.567265,264.7,0.2417,262.7,0.7
6881,3,7645.37,16238.5,0.39921,1.045578823644532e-06,0.717053,265.5,0.241,262.5,0.7
6882,3,7646.07,16236.52,0.452779,1.0455369329365786e-06,0.758442,262.6,0.2437,262.4,0.7
6883,3,7646.77,16234.52,0.438831,1.045495037671663e-06,0.894721,263.4,0.243,262.3,0.7
6884,3,7647.46,16232.53,0.468171,1.0454531378507317e-06,0.699349,264.6,0.2419,262.3,0.7
6885,3,7648.16,16230.54,0.452392,1.045411233474732e-06,0.747256,265.3,0.2412,262.2,0.8
6886,3,7648.86,16228.55,0.420126,1.0453693245446116e-06,0.78298,264.6,0.2419,262.2,0.8
6887,3,7649.55,16226.56,0.443938,1.0453274110613171e-06,0.722892,265.5,0.241,262.3,0.7
6888,3,7650.25,16224.58,0.442036,1.0452854930257961e-06,0.808077,263.4,0.243,262.4,0.7
6889,3,7650.98,16222.66,0.442529,1.0452435704389965e-06,0.81294,231.0,0.277,260.5,0.7
6890,3,7651.65,16220.61,0.399707,1.045201643301865e-06,0.565135,258.1,0.248,260.5,0.7
6891,3,7652.34,16218.61,0.409999,1.0451597116153502e-06,0.550084,263.6,0.2428,260.3,0.8
6892,3,7653.04,16216.62,0.455506,1.0451177753803993e-06,1.079966,267.9,0.2389,260.7,0.7
6893,3,7653.74,16214.64,0.405006,1.0450758345979605e-06,0.638975,263.2,0.2431,260.6,0.7
6894,3,7654.44,16212.67,0.469827,1.0450338892689818e-06,0.657766,261.2,0.245,260.4,0.7
6895,3,7655.14,16210.69,0.465465,1.0449919393944112e-06,0.753812,260.4,0.2457,260.2,0.7
6896,3,7655.84,16208.71,0.443927,1.044949984975197e-06,0.610938,261.8,0.2445,260.0,0.7
6897,3,7656.53,16206.72,0.383782,1.0449080260122875e-06,0.754385,263.9,0.2425,260.1,0.7
6898,3,7657.23,16204.73,0.457545,1.044866062506631e-06,0.805277,262.7,0.2436,259.9,0.7
6899,3,7657.93,16202.76,0.467026,1.0448240944591762e-06,0.571223,259.0,0.2471,259.6,0.7
6900,3,7658.63,16200.78,0.453183,1.0447821218708714e-06,0.669909,262.0,0.2443,259.5,0.7
6901,3,7659.42,16198.99,0.431105,1.0447401447426656e-06,0.746719,214.0,0.2991,256.3,0.7
6902,3,7660.07,16196.91,0.413692,1.0446981630755076e-06,0.732185,261.8,0.2445,256.3,0.7
6903,3,7660.76,16194.92,0.427582,1.0446561768703465e-06,0.706186,266.2,0.2404,256.5,0.7
6904,3,7661.46,16192.93,0.39777,1.0446141861281308e-06,0.606923,264.4,0.242,256.5,0.7
6905,3,7662.16,16190.96,0.409705,1.04457219084981e-06,0.61004,263.2,0.2431,256.4,0.7
6906,3,7662.86,16188.98,0.406761,1.0445301910363333e-06,0.591084,261.3,0.245,256.4,0.6
6907,3,7663.57,16187.03,0.435849,1.0444881866886501e-06,0.737297,259.4,0.2467,256.0,0.7
6908,3,7664.27,16185.06,0.408856,1.0444461778077097e-06,0.529673,263.7,0.2427,256.0,0.7
6909,3,7664.97,16183.07,0.393945,1.0444041643944617e-06,0.669886,264.1,0.2424,257.8,0.7
6910,3,7665.7,16181.18,0.432919,1.0443621464498558e-06,0.728176,228.6,0.2799,256.1,0.7
6911,3,7666.36,16179.12,0.431272,1.0443201239748417e-06,0.719073,265.2,0.2413,256.3,0.7
6912,3,7667.06,16177.15,0.472316,1.044278096970369e-06,0.975516,262.6,0.2437,256.0,0.7
6913,3,7667.76,16175.16,0.414468,1.0442360654373883e-06,0.645521,267.5,0.2392,256.1,0.7
6914,3,7668.46,16173.2,0.437388,1.0441940293768491e-06,0.68901,262.4,0.2439,256.2,0.7
6915,3,7669.16,16171.22,0.400197,1.0441519887897015e-06,0.695149,262.5,0.2438,256.4,0.7
6916,3,7669.86,16169.25,0.418626,1.0441099436768963e-06,0.832842,261.3,0.245,256.4,0.7
6917,3,7670.56,16167.28,0.379806,1.0440678940393833e-06,0.622892,262.0,0.2443,256.2,0.7
6918,3,7671.26,16165.31,0.402226,1.0440258398781135e-06,0.823021,262.1,0.2442,256.1,0.7
6919,3,7671.95,16163.32,0.381269,1.0439837811940368e-06,0.608851,266.3,0.2404,256.5,0.7
6920,3,7672.68,16161.42,0.366539,1.0439417179881045e-06,0.785946,233.4,0.2742,254.9,0.7
6921,3,7673.38,16159.44,0.404078,1.043899650261267e-06,0.77936,266.4,0.2402,258.0,0.7
6922,3,7674.08,16157.46,0.404742,1.043857578014475e-06,0.51385,263.4,0.243,258.1,0.7
6923,3,7674.77,16155.49,0.391471,1.04381550124868e-06,0.527002,264.9,0.2416,258.0,0.7
6924,3,7675.47,16153.52,0.421677,1.0437734199648329e-06,0.790776,263.9,0.2425,258.0,0.7
6925,3,7676.18,16151.56,0.453235,1.0437313341638846e-06,0.744007,260.6,0.2455,257.8,0.7
6926,3,7676.87,16149.58,0.445494,1.0436892438467868e-06,0.851332,264.0,0.2424,257.9,0.7
6927,3,7677.57,16147.61,0.492011,1.0436471490144905e-06,0.712956,265.3,0.2413,258.1,0.7
6928,3,7678.27,16145.64,0.368859,1.0436050496679474e-06,0.596971,263.1,0.2433,258.2,0.7
6929,3,7679.01,16143.76,0.436391,1.043562945808109e-06,0.862517,223.1,0.2869,255.9,0.7
6930,3,7679.66,16141.69,0.456413,1.0435208374359271e-06,0.69903,266.4,0.2402,258.0,0.7
6931,3,7680.36,16139.73,0.397439,1.0434787245523535e-06,0.777686,259.8,0.2463,257.7,0.7
6932,3,7681.06,16137.76,0.428014,1.04343660715834e-06,0.772569,263.4,0.243,257.7,0.7
6933,3,7681.76,16135.79,0.407223,1.0433944852548386e-06,0.594691,265.2,0.2413,257.6,0.7
6934,3,7682.46,16133.83,0.407598,1.0433523588428014e-06,0.598443,262.7,0.2436,257.6,0.7
6935,3,7683.16,16131.86,0.446738,1.0433102279231805e-06,0.929852,263.0,0.2434,257.6,0.7
6936,3,7683.85,16129.89,0.460496,1.0432680924969285e-06,0.698057,264.2,0.2422,257.8,0.7
6937,3,7684.55,16127.93,0.452324,1.0432259525649976e-06,0.750853,261.6,0.2446,257.8,0.7
6938,3,7685.25,16125.95,0.389623,1.0431838081283403e-06,0.803622,265.8,0.2407,258.0,0.7
6939,3,7685.95,16123.98,0.425361,1.043141659187909e-06,0.54713,265.8,0.2408,258.0,0.7
6940,3,7686.64,16122.02,0.381569,1.0430995057446568e-06,0.746637,265.0,0.2415,259.7,0.7
6941,3,7687.37,16120.1,0.433142,1.0430573477995364e-06,0.693998,268.9,0.238,259.8,0.7
6942,3,7688.07,16118.15,0.409638,1.0430151853535007e-06,0.721034,256.1,0.2499,259.4,0.7
6943,3,7688.77,16116.18,0.386167,1.0429730184075026e-06,0.727578,262.0,0.2443,259.3,0.7
6944,3,7689.48,16114.24,0.382899,1.0429308469624953e-06,0.575894,258.7,0.2474,259.0,0.7
6945,3,7690.17,16112.27,0.393856,1.042888671019432e-06,0.88272,266.0,0.2406,259.1,0.8
6946,3,7690.87,16110.31,0.412612,1.042846490579266e-06,0.48802,263.1,0.2433,259.2,0.7
6947,3,7691.57,16108.35,0.48408,1.0428043056429508e-06,0.747866,262.7,0.2436,259.1,0.7
6948,3,7692.28,16106.4,0.423464,1.04276211621144e-06,0.613684,262.7,0.2436,258.8,0.8
6949,3,7692.97,16104.43,0.422129,1.0427199222856869e-06,0.698552,263.3,0.243,261.1,0.8
6950,3,7693.68,16102.48,0.410628,1.0426777238666455e-06,0.560898,261.1,0.2451,260.8,0.8
6951,3,7694.37,16100.51,0.440084,1.0426355209552694e-06,0.623454,264.4,0.2421,261.1,0.8
6952,3,7695.08,16098.56,0.43007,1.0425933135525128e-06,0.614702,259.0,0.2471,260.8,0.8
6953,3,7695.77,16096.59,0.416769,1.0425511016593295e-06,0.73406,264.4,0.2421,260.8,0.8
6954,3,7696.47,16094.63,0.428627,1.0425088852766737e-06,0.628542,263.7,0.2427,260.9,0.8
6955,3,7697.17,16092.67,0.402088,1.0424666644054998e-06,0.619342,263.7,0.2427,260.9,0.8
6956,3,7697.86,16090.71,0.39871,1.042424439046762e-06,0.569054,264.4,0.242,260.9,0.8
6957,3,7698.56,16088.75,0.39884,1.0423822092014146e-06,0.879247,262.8,0.2436,261.0,0.8
6958,3,7699.26,16086.78,0.421481,1.0423399748704124e-06,0.73933,265.9,0.2407,261.0,0.8
6959,3,7699.95,16084.82,0.463595,1.0422977360547099e-06,0.661273,263.9,0.2425,260.9,0.8
6960,3,7700.65,16082.85,0.397531,1.0422554927552617e-06,0.645038,266.2,0.2404,261.0,0.8
6961,3,7701.38,16080.95,0.394204,1.0422132449730229e-06,0.645975,267.0,0.2397,261.0,0.8
6962,3,7702.07,16078.99,0.408134,1.0421709927089483e-06,0.751223,265.2,0.2413,261.4,0.8
6963,3,7702.77,16077.04,0.427552,1.042128735963993e-06,0.572881,262.9,0.2434,261.4,0.8
6964,3,7703.47,16075.07,0.450228,1.0420864747391123e-06,0.614142,265.0,0.2415,261.7,0.8
6965,3,7704.17,16073.12,0.422052,1.0420442090352612e-06,0.537635,264.5,0.242,261.6,0.8
6966,3,7704.87,16071.17,0.427005,1.042001938853395e-06,0.735313,262.3,0.244,261.5,0.9
6967,3,7705.57,16069.22,0.370488,1.0419596641944694e-06,0.931442,263.3,0.2431,261.5,0.9
6968,3,7706.27,16067.26,0.421595,1.0419173850594397e-06,0.698414,264.3,0.2422,261.7,0.8
6969,3,7706.97,16065.31,0.403833,1.0418751014492617e-06,0.946978,264.2,0.2423,261.8,0.8
6970,3,7707.67,16063.36,0.407427,1.0418328133648913e-06,0.511428,264.9,0.2416,261.9,0.8
6971,3,7708.37,16061.41,0.395569,1.041790520807284e-06,0.622435,262.7,0.2436,261.8,0.8
6972,3,7709.07,16059.46,0.451647,1.041748223777396e-06,0.587357,262.1,0.2441,262.0,0.8
6973,3,7709.76,16057.49,0.408258,1.0417059222761834e-06,0.664847,266.2,0.2404,262.0,0.8
6974,3,7710.46,16055.55,0.446471,1.041663616304602e-06,0.747876,261.8,0.2445,262.0,0.8
6975,3,7711.16,16053.59,0.39919,1.0416213058636085e-06,0.587095,263.1,0.2433,262.0,0.8
6976,3,7711.86,16051.64,0.444828,1.041578990954159e-06,0.649976,262.6,0.2438,261.8,0.8
6977,3,7712.56,16049.68,0.402189,1.04153667157721e-06,0.767789,264.6,0.2419,261.9,0.8
6978,3,7713.26,16047.73,0.436188,1.041494347733718e-06,0.599382,264.4,0.242,261.8,0.8
6979,3,7713.96,16045.78,0.460283,1.0414520194246399e-06,0.827936,262.7,0.2437,261.7,0.9
6980,3,7714.66,16043.83,0.455519,1.0414096866509322e-06,0.939302,263.4,0.243,261.6,0.9
6981,3,7715.42,16042.02,0.436279,1.041367349413552e-06,0.571398,228.7,0.2798,259.4,0.9
6982,3,7716.08,16039.99,0.468639,1.0413250077134561e-06,0.969176,263.7,0.2427,259.4,0.8
6983,3,7716.78,16038.04,0.348095,1.0412826615516016e-06,0.988744,265.1,0.2414,259.5,0.9
6984,3,7717.52,16036.19,0.400145,1.0412403109289459e-06,1.040158,219.6,0.2915,256.9,0.8
6985,3,7718.17,16034.13,0.414947,1.0411979558464457e-06,0.744724,263.6,0.2428,256.9,0.8
6986,3,7718.87,16032.18,0.365014,1.0411555963050587e-06,0.667984,263.5,0.2429,257.1,0.8
6987,3,7719.63,16030.35,0.395192,1.0411132323057425e-06,0.958469,212.3,0.3015,254.1,0.8
6988,3,7720.27,16028.28,0.400395,1.0410708638494546e-06,0.698499,265.3,0.2413,254.2,0.8
6989,3,7721.01,16026.44,0.394289,1.0410284909371525e-06,0.728343,220.9,0.2897,251.7,0.8
6990,3,7721.66,16024.38,0.404207,1.0409861135697942e-06,0.786243,267.6,0.2392,251.8,0.8
6991,3,7722.37,16022.45,0.431477,1.0409437317483375e-06,0.877554,260.3,0.2459,251.6,0.8
6992,3,7723.06,16020.49,0.373539,1.0409013454737402e-06,0.671845,264.9,0.2416,251.8,0.8
6993,3,7723.76,16018.55,0.441087,1.0408589547469605e-06,0.763334,265.8,0.2408,251.9,0.8
6994,3,7724.46,16016.6,0.430532,1.0408165595689566e-06,0.652616,263.7,0.2427,251.9,0.8
6995,3,7725.16,16014.66,0.465731,1.0407741599406866e-06,0.825999,264.0,0.2424,252.1,0.7
6996,3,7725.85,16012.7,0.433403,1.0407317558631094e-06,0.860035,267.9,0.2389,252.3,0.8
6997,3,7726.57,16010.8,0.397426,1.040689347337183e-06,0.73443,265.8,0.2407,252.2,0.8
6998,3,7727.3,16008.91,0.433112,1.040646934363866e-06,0.653702,235.9,0.2713,250.8,0.8
6999,3,7727.97,16006.91,0.436304,1.040604516944117e-06,0.975864,262.9,0.2435,250.9,0.8
7000,3,7728.67,16004.96,0.434035,1.040562095078895e-06,0.818946,264.3,0.2422,251.0,0.7
7001,3,7871.24,16296.76,0.417123,1.0405196687691589e-06,0.841433,244.0,0.2622,251.8,0.7
7002,3,7871.91,16294.69,0.449818,1.0404772380158675e-06,0.804493,266.5,0.2401,252.0,0.7
7003,3,7872.59,16292.66,0.392399,1.04043480281998e-06,0.658124,267.7,0.239,252.3,0.7
7004,3,7873.28,16290.64,0.450048,1.0403923631824557e-06,0.745392,267.9,0.2389,255.0,0.7
7005,3,7873.97,16288.61,0.453842,1.0403499191042536e-06,0.915554,269.9,0.2372,255.3,0.6
7006,3,7874.66,16286.59,0.436547,1.0403074705863332e-06,0.624077,266.6,0.2401,255.4,0.6
7007,3,7875.35,16284.56,0.489719,1.0402650176296539e-06,0.835255,271.0,0.2362,258.9,0.6
7008,3,7876.04,16282.55,0.439271,1.0402225602351756e-06,0.769514,264.3,0.2421,258.9,0.6
7009,3,7876.73,16280.52,0.396579,1.0401800984038575e-06,0.792987,270.6,0.2365,261.9,0.5
7010,3,7877.43,16278.51,0.389185,1.0401376321366596e-06,0.758084,265.6,0.241,261.9,0.5
7011,3,7878.12,16276.49,0.442093,1.040095161434542e-06,0.624361,266.8,0.2399,262.4,0.4
7012,3,7878.81,16274.48,0.472516,1.0400526862984644e-06,0.771145,267.1,0.2396,262.5,0.4
7013,3,7879.5,16272.47,0.443444,1.040010206729387e-06,0.773091,263.3,0.2431,262.4,0.4
7014,3,7880.2,16270.46,0.407656,1.0399677227282698e-06,0.794992,264.6,0.2419,262.5,0.4
7015,3,7880.89,16268.45,0.405656,1.0399252342960734e-06,0.577071,264.8,0.2417,262.6,0.4
7016,3,7881.58,16266.43,0.438172,1.039882741433758e-06,0.524411,267.3,0.2395,262.6,0.3
7017,3,7882.28,16264.43,0.449059,1.039840244142284e-06,0.733302,263.1,0.2433,262.7,0.3
7018,3,7882.97,16262.41,0.40949,1.0397977424226123e-06,0.554368,268.3,0.2385,264.5,0.3
7019,3,7883.66,16260.41,0.431302,1.0397552362757033e-06,0.928534,264.1,0.2424,264.6,0.2
7020,3,7884.36,16258.4,0.399782,1.0397127257025178e-06,0.79255,263.9,0.2425,264.6,0.2
7021,3,7885.08,16256.45,0.389399,1.0396702107040166e-06,0.652183,263.5,0.2429,265.8,0.2
7022,3,7885.78,16254.45,0.455358,1.0396276912811609e-06,0.766189,260.0,0.2461,265.4,0.2
7023,3,7886.47,16252.45,0.404768,1.0395851674349119e-06,0.693392,261.7,0.2446,265.1,0.2
7024,3,7887.17,16250.44,0.427408,1.0395426391662304e-06,1.021473,261.7,0.2446,264.8,0.2
7025,3,7887.86,16248.44,0.501837,1.039500106476078e-06,0.720499,264.2,0.2422,264.5,0.2
7026,3,7888.56,16246.44,0.448258,1.0394575693654158e-06,0.680033,264.1,0.2423,264.4,0.2
7027,3,7889.26,16244.43,0.40532,1.0394150278352055e-06,0.704899,266.3,0.2403,264.2,0.2
7028,3,7889.96,16242.44,0.397901,1.0393724818864085e-06,0.773841,260.6,0.2456,264.0,0.2
7029,3,7890.65,16240.44,0.377573,1.0393299315199865e-06,0.656018,263.1,0.2432,263.6,0.2
7030,3,7891.35,16238.44,0.448874,1.0392873767369016e-06,0.566689,263.0,0.2434,263.5,0.2
7031,3,7892.05,16236.45,0.405646,1.0392448175381154e-06,0.851062,259.8,0.2464,263.1,0.2
7032,3,7892.74,16234.45,0.412533,1.03920225392459e-06,1.096556,262.9,0.2434,262.8,0.3
7033,3,7893.44,16232.45,0.362065,1.0391596858972873e-06,0.717649,263.2,0.2431,262.7,0.3
7034,3,7894.14,16230.46,0.42642,1.0391171134571696e-06,0.974804,264.7,0.2418,262.6,0.3
7035,3,7894.84,16228.47,0.455149,1.0390745366051992e-06,0.62107,261.2,0.2451,262.3,0.4
7036,3,7895.55,16226.49,0.475041,1.0390319553423386e-06,0.701588,254.6,0.2514,261.6,0.4
7037,3,7896.24,16224.49,0.396136,1.03898936966955e-06,0.784912,261.0,0.2452,261.5,0.4
7038,3,7896.94,16222.5,0.40175,1.0389467795877963e-06,0.86978,263.7,0.2427,261.2,0.5
7039,3,7897.64,16220.51,0.420981,1.0389041850980396e-06,0.758276,262.0,0.2442,261.0,0.5
7040,3,7898.35,16218.54,0.456325,1.0388615862012433e-06,0.806292,258.6,0.2475,260.7,0.5
7041,3,7899.07,16216.6,0.441844,1.03881898289837e-06,0.752983,263.7,0.2427,260.6,0.5
7042,3,7899.78,16214.62,0.441041,1.038776375190383e-06,0.57457,259.1,0.247,260.5,0.6
7043,3,7900.47,16212.63,0.41746,1.0387337630782452e-06,0.679872,263.6,0.2428,260.5,0.6
7044,3,7901.21,16210.71,0.498175,1.0386911465629192e-06,0.842239,232.6,0.2752,258.8,0.6
7045,3,7901.89,16208.68,0.440835,1.038648525645369e-06,0.780618,264.9,0.2416,258.7,0.7
7046,3,7902.59,16206.7,0.418066,1.0386059003265578e-06,0.829963,263.8,0.2426,258.6,0.7
7047,3,7903.31,16204.75,0.449447,1.0385632706074489e-06,0.661114,262.2,0.2441,258.3,0.7
7048,3,7904.01,16202.77,0.385225,1.0385206364890063e-06,0.649302,261.0,0.2452,258.3,0.7
7049,3,7904.71,16200.79,0.427999,1.038477997972193e-06,0.615439,265.4,0.2412,258.4,0.8
7050,3,7905.41,16198.81,0.409047,1.0384353550579736e-06,0.680284,261.7,0.2446,258.3,0.8
7051,3,7906.12,16196.83,0.435146,1.0383927077473113e-06,0.806508,262.9,0.2435,258.4,0.8
7052,3,7906.82,16194.85,0.405382,1.0383500560411702e-06,0.616388,265.4,0.2411,258.5,0.8
7053,3,7907.52,16192.87,0.421748,1.0383073999405146e-06,0.692783,262.9,0.2434,258.5,0.8
7054,3,7908.22,16190.88,0.439125,1.0382647394463084e-06,0.807959,266.0,0.2406,258.6,0.8
7055,3,7908.92,16188.9,0.437396,1.038222074559516e-06,0.624083,260.1,0.2461,258.6,0.7
7056,3,7909.62,16186.91,0.372168,1.038179405281102e-06,0.476186,264.6,0.2419,259.1,0.7
7057,3,7910.32,16184.93,0.450508,1.0381367316120306e-06,0.65437,261.2,0.245,259.2,0.7
7058,3,7911.02,16182.95,0.432057,1.0380940535532664e-06,0.832518,263.0,0.2434,259.2,0.7
7059,3,7911.72,16180.97,0.413399,1.0380513711057742e-06,0.845672,261.1,0.2451,259.1,0.7
7060,3,7912.42,16178.99,0.442072,1.0380086842705186e-06,0.696316,263.2,0.2432,259.2,0.8
7061,3,7913.15,16177.07,0.483869,1.0379659930484645e-06,0.900766,264.1,0.2423,259.2,0.8
7062,3,7913.84,16175.08,0.385728,1.037923297440577e-06,0.627061,264.7,0.2418,259.6,0.7
7063,3,7914.54,16173.1,0.389337,1.0378805974478209e-06,0.689478,261.8,0.2445,259.6,0.7
7064,3,7915.24,16171.12,0.458057,1.0378378930711615e-06,0.772785,262.2,0.2441,261.3,0.7
7065,3,7915.95,16169.15,0.445177,1.037795184311564e-06,0.838142,260.0,0.2462,261.0,0.7
7066,3,7916.64,16167.16,0.448418,1.0377524711699941e-06,0.85597,264.6,0.2419,261.1,0.7
7067,3,7917.34,16165.19,0.396852,1.0377097536474169e-06,0.720628,264.1,0.2424,261.2,0.7
7068,3,7918.05,16163.21,0.404506,1.037667031744798e-06,0.719822,263.1,0.2433,261.2,0.7
7069,3,7918.74,16161.22,0.431073,1.0376243054631032e-06,0.710954,264.7,0.2418,261.1,0.7
7070,3,7919.44,16159.25,0.403189,1.0375815748032984e-06,0.803075,264.6,0.2419,261.3,0.7
7071,3,7920.15,16157.28,0.45809,1.037538839766349e-06,0.818983,256.7,0.2493,260.9,0.8
7072,3,7920.84,16155.3,0.437031,1.0374961003532213e-06,0.621692,267.1,0.2396,261.0,0.7
7073,3,7921.55,16153.33,0.460574,1.0374533565648812e-06,0.765122,260.5,0.2457,260.9,0.7
7074,3,7922.24,16151.34,0.431363,1.037410608402295e-06,0.612345,265.6,0.2409,260.9,0.7
7075,3,7922.97,16149.43,0.418521,1.0373678558664287e-06,0.867714,236.1,0.2711,259.6,0.7
7076,3,7923.65,16147.4,0.406994,1.0373250989582488e-06,0.715563,263.2,0.2432,259.5,0.7
7077,3,7924.35,16145.42,0.418733,1.037282337678722e-06,0.921172,265.4,0.2412,259.6,0.8
7078,3,7925.05,16143.45,0.440882,1.0372395720288146e-06,0.8585,261.5,0.2448,259.6,0.8
7079,3,7925.75,16141.49,0.410713,1.0371968020094932e-06,0.593355,258.7,0.2474,259.5,0.7
7080,3,7926.45,16139.51,0.440015,1.0371540276217245e-06,0.558118,256.2,0.2498,259.2,0.7
7081,3,7927.18,16137.58,0.45838,1.0371112488664757e-06,0.864623,267.1,0.2396,259.3,0.7
7082,3,7927.88,16135.61,0.455108,1.0370684657447133e-06,0.548303,264.5,0.242,259.2,0.8
7083,3,7928.57,16133.63,0.405334,1.0370256782574048e-06,0.728121,264.0,0.2424,259.4,0.7
7084,3,7929.27,16131.66,0.409347,1.036982886405517e-06,0.886045,265.3,0.2412,259.4,0.8
7085,3,7929.97,16129.68,0.42955,1.0369400901900172e-06,0.612872,265.3,0.2412,259.9,0.7
7086,3,7930.67,16127.71,0.431953,1.0368972896118729e-06,0.810338,263.7,0.2427,259.7,0.8
7087,3,7931.37,16125.74,0.447137,1.0368544846720512e-06,0.814262,261.2,0.245,259.6,0.7
7088,3,7932.07,16123.76,0.447043,1.03681167537152e-06,0.707585,262.8,0.2435,259.6,0.7
7089,3,7932.77,16121.79,0.448832,1.0367688617112466e-06,0.835657,265.7,0.2409,259.7,0.7
7090,3,7933.47,16119.82,0.401434,1.036726043692199e-06,0.646296,261.5,0.2447,259.5,0.8
7091,3,7934.17,16117.86,0.415908,1.036683221315345e-06,0.648182,258.1,0.2479,259.6,0.7
7092,3,7934.87,16115.88,0.419782,1.0366403945816526e-06,0.818226,262.1,0.2442,259.4,0.7
7093,3,7935.56,16113.9,0.381418,1.0365975634920894e-06,0.698121,264.2,0.2423,259.6,0.7
7094,3,7936.26,16111.94,0.410055,1.036554728047624e-06,0.637015,260.7,0.2455,259.4,0.7
7095,3,7936.96,16109.96,0.461045,1.0365118882492243e-06,0.695146,264.4,0.2421,260.9,0.7
7096,3,7937.66,16107.99,0.513848,1.0364690440978589e-06,0.784765,262.1,0.2442,260.9,0.7
7097,3,7938.35,16106.01,0.432009,1.0364261955944962e-06,0.622396,266.1,0.2405,261.0,0.7
7098,3,7939.06,16104.05,0.432114,1.0363833427401044e-06,0.810339,260.8,0.2454,260.9,0.7
7099,3,7939.75,16102.08,0.433478,1.0363404855356526e-06,0.879784,261.8,0.2445,261.1,0.7
7100,3,7940.49,16100.18,0.435919,1.036297623982109e-06,0.692274,228.8,0.2797,259.6,0.6
7101,3,7941.19,16098.21,0.456115,1.0362547580804429e-06,0.734236,264.4,0.2421,259.4,0.6
7102,3,7941.89,16096.26,0.432974,1.0362118878316228e-06,0.784478,262.8,0.2435,259.3,0.7
7103,3,7942.59,16094.29,0.418558,1.0361690132366179e-06,0.946001,262.5,0.2438,259.2,0.7
7104,3,7943.29,16092.31,0.412057,1.0361261342963974e-06,0.653338,262.5,0.2438,259.1,0.7
7105,3,7943.98,16090.33,0.472136,1.0360832510119305e-06,0.966602,266.5,0.2402,259.1,0.7
7106,3,7944.68,16088.36,0.39102,1.0360403633841865e-06,0.946908,264.7,0.2418,259.2,0.6
7107,3,7945.38,16086.4,0.471164,1.0359974714141345e-06,0.760442,261.0,0.2452,259.3,0.6
7108,3,7946.07,16084.43,0.405678,1.0359545751027444e-06,0.733318,265.5,0.241,259.4,0.6
7109,3,7946.77,16082.46,0.433974,1.0359116744509856e-06,0.686069,263.0,0.2433,259.2,0.7
7110,3,7947.47,16080.49,0.422384,1.0358687694598277e-06,0.84657,264.6,0.2419,259.3,0.7
7111,3,7948.17,16078.53,0.438552,1.035825860130241e-06,0.701481,267.9,0.2389,259.7,0.7
7112,3,7948.87,16076.56,0.39756,1.0357829464631945e-06,0.76104,262.2,0.2441,259.8,0.7
7113,3,7949.57,16074.6,0.434369,1.035740028459659e-06,0.795439,263.9,0.2426,259.8,0.7
7114,3,7950.26,16072.63,0.464543,1.0356971061206043e-06,0.753656,263.5,0.2429,259.9,0.7
7115,3,7950.96,16070.66,0.450836,1.0356541794470005e-06,0.801603,265.1,0.2414,260.0,0.7
7116,3,7951.65,16068.69,0.395187,1.035611248439818e-06,1.040504,267.9,0.2389,260.2,0.7
7117,3,7952.35,16066.73,0.403807,1.0355683131000274e-06,0.819901,264.3,0.2421,260.1,0.7
7118,3,7953.05,16064.76,0.453086,1.035525373428599e-06,1.057969,263.7,0.2427,260.2,0.7
7119,3,7953.75,16062.8,0.442505,1.0354824294265033e-06,0.701124,264.7,0.2418,260.3,0.7
7120,3,7954.45,16060.83,0.416031,1.035439481094711e-06,0.747842,264.8,0.2417,262.3,0.7
7121,3,7955.18,16058.93,0.442614,1.0353965284341929e-06,0.734259,266.3,0.2403,262.4,0.7
7122,3,7955.87,16056.97,0.402048,1.0353535714459198e-06,0.670444,262.8,0.2435,262.5,0.7
7123,3,7956.57,16055.0,0.433503,1.0353106101308628e-06,0.696163,263.4,0.243,262.5,0.7
7124,3,7957.27,16053.05,0.415258,1.035267644489993e-06,0.821189,262.2,0.2441,262.4,0.8
7125,3,7957.97,16051.08,0.39268,1.0352246745242814e-06,0.691294,263.0,0.2433,262.2,0.8
7126,3,7958.66,16049.11,0.453295,1.0351817002346994e-06,0.974936,265.9,0.2407,262.2,0.8
7127,3,7959.36,16047.15,0.401667,1.0351387216222183e-06,0.841112,263.1,0.2433,262.3,0.8
7128,3,7960.06,16045.19,0.402225,1.0350957386878099e-06,0.66942,264.4,0.2421,262.2,0.8
7129,3,7960.76,16043.24,0.396823,1.0350527514324451e-06,0.473564,260.7,0.2455,262.2,0.8
7130,3,7961.45,16041.27,0.403432,1.035009759857096e-06,0.56711,264.6,0.2418,262.2,0.8
7131,3,7962.15,16039.31,0.369204,1.0349667639627343e-06,0.690778,263.8,0.2426,262.0,0.7
7132,3,7962.85,16037.35,0.409188,1.0349237637503318e-06,0.920116,263.2,0.2431,262.0,0.8
7133,3,7963.55,16035.39,0.428314,1.0348807592208607e-06,0.610718,262.3,0.244,261.9,0.8
7134,3,7964.25,16033.44,0.416694,1.0348377503752925e-06,0.598629,262.5,0.2438,261.9,0.8
7135,3,7964.95,16031.48,0.422346,1.0347947372145997e-06,0.538338,258.5,0.2476,261.6,0.8
7136,3,7965.65,16029.52,0.477447,1.0347517197397546e-06,0.616226,264.6,0.2419,261.5,0.7
7137,3,7966.35,16027.59,0.402206,1.0347086979517293e-06,0.739465,260.3,0.2458,261.2,0.8
7138,3,7967.05,16025.63,0.433009,1.0346656718514965e-06,0.807704,267.0,0.2397,261.3,0.8
7139,3,7967.75,16023.67,0.414612,1.0346226414400286e-06,0.6336,264.0,0.2424,261.2,0.8
7140,3,7968.45,16021.72,0.400723,1.0345796067182983e-06,0.936168,263.0,0.2434,261.2,0.8
7141,3,7969.16,16019.78,0.440448,1.0345365676872783e-06,1.173252,264.7,0.2418,261.1,0.8
7142,3,7969.85,16017.82,0.393813,1.0344935243479415e-06,0.497715,264.5,0.242,261.2,0.8
7143,3,7970.55,16015.87,0.445364,1.0344504767012606e-06,0.854579,263.5,0.2429,261.2,0.8
7144,3,7971.25,16013.92,0.398418,1.0344074247482088e-06,0.57112,262.7,0.2436,261.3,0.8
7145,3,7971.96,16011.98,0.430689,1.0343643684897592e-06,0.590446,263.3,0.2431,261.3,0.8
7146,3,7972.66,16010.02,0.424006,1.034321307926885e-06,0.719216,262.5,0.2438,261.1,0.8
7147,3,7973.36,16008.08,0.423456,1.0342782430605594e-06,0.816689,260.8,0.2454,260.9,0.8
7148,3,7974.06,16006.12,0.446697,1.0342351738917559e-06,0.727935,260.9,0.2453,260.8,0.8
7149,3,7974.75,16004.17,0.463102,1.0341921004214481e-06,0.572426,261.6,0.2447,260.9,0.8
7150,3,7975.45,16002.22,0.395118,1.0341490226506095e-06,0.629678,263.6,0.2428,260.8,0.8
7151,3,7976.15,16000.26,0.436379,1.0341059405802137e-06,0.818301,263.9,0.2425,260.8,0.8
7152,3,7976.85,15998.32,0.443162,1.0340628542112349e-06,0.673779,263.4,0.243,260.8,0.8
7153,3,7977.55,15996.37,0.427896,1.0340197635446466e-06,0.881017,261.5,0.2448,260.7,0.8
7154,3,7978.25,15994.42,0.455433,1.0339766685814231e-06,0.860837,263.8,0.2426,260.8,0.8
7155,3,7978.95,15992.47,0.420464,1.0339335693225384e-06,0.620544,264.9,0.2416,261.0,0.8
7156,3,7979.65,15990.52,0.412988,1.0338904657689662e-06,0.650357,263.5,0.2429,260.9,0.9
7157,3,7980.35,15988.58,0.380764,1.0338473579216814e-06,0.750592,260.1,0.246,261.0,0.8
7158,3,7981.05,15986.62,0.450794,1.0338042457816583e-06,0.922322,264.2,0.2423,261.0,0.8
7159,3,7981.75,15984.68,0.376436,1.0337611293498713e-06,0.599354,262.1,0.2442,260.9,0.8
7160,3,7982.45,15982.73,0.408887,1.0337180086272949e-06,0.529367,262.2,0.2441,260.8,0.8
7161,3,7983.17,15980.84,0.424879,1.0336748836149036e-06,0.766392,258.8,0.2473,260.4,0.8
7162,3,7983.91,15978.98,0.468871,1.0336317543136723e-06,0.696001,219.6,0.2915,257.9,0.8
7163,3,7984.57,15976.94,0.418297,1.033588620724576e-06,0.628691,262.0,0.2443,257.9,0.8
7164,3,7985.27,15975.0,0.413345,1.0335454828485898e-06,0.744413,263.3,0.2431,258.0,0.7
7165,3,7986.03,15973.17,0.415077,1.0335023406866885e-06,0.754357,212.5,0.3012,255.0,0.7
7166,3,7986.67,15971.11,0.452024,1.0334591942398473e-06,0.980648,265.4,0.2412,255.1,0.7
7167,3,7987.37,15969.17,0.406856,1.0334160435090414e-06,0.880313,263.7,0.2427,255.4,0.7
7168,3,7988.08,15967.24,0.420658,1.0333728884952462e-06,0.561121,258.7,0.2474,255.2,0.7
7169,3,7988.78,15965.29,0.427702,1.0333297291994374e-06,0.646028,263.6,0.2428,255.3,0.7
7170,3,7989.48,15963.36,0.409853,1.0332865656225902e-06,0.669385,260.9,0.2453,255.2,0.7
7171,3,7990.18,15961.43,0.393812,1.0332433977656804e-06,0.671683,258.2,0.2479,255.0,0.7
7172,3,7990.88,15959.48,0.430318,1.0332002256296839e-06,0.617253,262.8,0.2435,254.9,0.7
7173,3,7991.59,15957.55,0.418782,1.0331570492155763e-06,0.494061,254.7,0.2513,254.7,0.7
7174,3,7992.28,15955.59,0.418376,1.0331138685243335e-06,0.634737,263.0,0.2434,254.6,0.7
7175,3,7992.98,15953.65,0.483157,1.0330706835569317e-06,0.734103,260.9,0.2453,254.5,0.6
7176,3,7993.68,15951.71,0.399353,1.033027494314347e-06,0.753301,262.0,0.2443,254.5,0.6
7177,3,7994.38,15949.78,0.389369,1.0329843007975555e-06,0.616754,259.0,0.2471,254.4,0.6
7178,3,7995.08,15947.84,0.427775,1.0329411030075335e-06,0.607337,263.1,0.2433,254.3,0.6
7179,3,7995.78,15945.9,0.439694,1.0328979009452577e-06,0.944511,261.2,0.245,254.4,0.6
7180,3,7996.53,15944.05,0.403402,1.0328546946117044e-06,0.824493,221.7,0.2886,252.2,0.6
7181,3,7997.21,15942.07,0.415065,1.0328114840078501e-06,0.592451,264.9,0.2416,252.5,0.6
7182,3,7997.91,15940.13,0.418291,1.0327682691346718e-06,0.655872,263.0,0.2433,254.9,0.6
7183,3,7998.61,15938.2,0.431362,1.032725049993146e-06,0.663277,261.4,0.2448,254.8,0.6
7184,3,7999.31,15936.26,0.435312,1.0326818265842497e-06,0.568056,262.7,0.2436,254.8,0.6
7185,3,8000.0,15934.31,0.386089,1.03263859890896e-06,0.830874,265.6,0.241,258.0,0.6
7186,3,8000.71,15932.38,0.401028,1.032595366968254e-06,0.572018,262.9,0.2434,257.8,0.6
7187,3,8001.4,15930.44,0.442636,1.0325521307631088e-06,0.731301,262.1,0.2442,257.7,0.6
7188,3,8002.11,15928.51,0.445485,1.0325088902945016e-06,0.811451,260.8,0.2454,257.8,0.6
7189,3,8002.81,15926.59,0.400062,1.03246564556341e-06,0.640732,261.3,0.2449,257.6,0.6
7190,3,8003.51,15924.65,0.457671,1.0324223965708113e-06,0.667768,264.1,0.2423,257.7,0.7
7191,3,8004.21,15922.72,0.415242,1.032379143317683e-06,0.641177,263.8,0.2426,257.9,0.7
7192,3,8004.92,15920.8,0.499353,1.032335885805003e-06,0.636219,253.4,0.2526,257.5,0.7
7193,3,8005.61,15918.85,0.419874,1.032292624033749e-06,0.549636,263.2,0.2431,257.9,0.7
7194,3,8006.31,15916.91,0.388596,1.0322493580048985e-06,0.654206,264.9,0.2416,258.0,0.7
7195,3,8007.01,15914.98,0.452279,1.03220608771943e-06,0.843814,262.6,0.2437,258.0,0.7
7196,3,8007.71,15913.05,0.423331,1.0321628131783213e-06,0.634581,258.6,0.2475,257.8,0.7
7197,3,8008.41,15911.11,0.452421,1.0321195343825507e-06,0.751254,264.0,0.2424,258.1,0.7
7198,3,8009.11,15909.18,0.464333,1.0320762513330963e-06,0.806448,262.5,0.2438,258.0,0.7
7199,3,8009.81,15907.24,0.417333,1.0320329640309364e-06,0.923139,265.1,0.2414,258.2,0.7
7200,3,8010.5,15905.3,0.402573,1.0319896724770496e-06,0.746219,263.3,0.243,260.5,0.8
7201,3,8026.39,15933.51,0.404784,1.0319463766724145e-06,0.737165,276.4,0.2316,261.0,0.8
7202,3,8027.08,15931.56,0.411738,1.0319030766180092e-06,0.559857,267.2,0.2395,261.3,0.7
7203,3,8027.77,15929.61,0.437092,1.031859772314813e-06,0.66709,265.5,0.2411,261.6,0.7
7204,3,8028.47,15927.66,0.423295,1.0318164637638045e-06,0.799121,266.0,0.2406,261.7,0.7
7205,3,8029.16,15925.71,0.406499,1.0317731509659625e-06,0.697944,268.0,0.2388,261.9,0.7
7206,3,8029.85,15923.75,0.390233,1.0317298339222665e-06,0.706916,269.2,0.2377,262.3,0.6
7207,3,8030.55,15921.81,0.398446,1.0316865126336952e-06,0.590729,264.7,0.2418,262.6,0.6
7208,3,8031.23,15919.85,0.440521,1.0316431871012277e-06,0.650875,269.8,0.2372,263.1,0.6
7209,3,8031.93,15917.91,0.43032,1.0315998573258436e-06,0.955811,265.2,0.2413,263.4,0.5
7210,3,8032.62,15915.96,0.435488,1.0315565233085224e-06,0.789017,267.0,0.2397,263.6,0.5
7211,3,8033.32,15914.02,0.414538,1.0315131850502433e-06,0.616733,265.5,0.241,263.7,0.5
7212,3,8034.02,15912.08,0.396201,1.0314698425519858e-06,0.670695,264.2,0.2422,264.3,0.5
7213,3,8034.71,15910.13,0.434384,1.03142649581473e-06,0.642773,266.3,0.2403,264.4,0.5
7214,3,8035.41,15908.19,0.404799,1.0313831448394552e-06,0.913856,264.9,0.2416,264.4,0.5
7215,3,8036.1,15906.25,0.406576,1.0313397896271415e-06,0.858277,264.8,0.2417,264.5,0.5
7216,3,8036.8,15904.32,0.384546,1.031296430178769e-06,0.681282,262.8,0.2435,264.6,0.6
7217,3,8037.5,15902.38,0.405468,1.0312530664953177e-06,0.550189,263.0,0.2433,264.6,0.5
7218,3,8038.2,15900.44,0.430615,1.0312096985777677e-06,0.684554,263.9,0.2425,264.7,0.5
7219,3,8038.91,15898.52,0.43704,1.0311663264270994e-06,0.564262,265.4,0.2411,264.6,0.6
7220,3,8039.6,15896.59,0.390466,1.0311229500442933e-06,0.807585,264.5,0.242,264.8,0.5
7221,3,8040.33,15894.7,0.447656,1.0310795694303292e-06,0.562226,265.8,0.2408,264.2,0.6
7222,3,8041.03,15892.77,0.404466,1.0310361845861882e-06,0.462125,261.4,0.2449,263.8,0.6
7223,3,8041.72,15890.83,0.474067,1.0309927955128509e-06,0.628282,263.4,0.243,263.6,0.6
7224,3,8042.42,15888.91,0.45857,1.0309494022112979e-06,0.977132,259.6,0.2465,263.3,0.6
7225,3,8043.12,15886.97,0.404582,1.03090600468251e-06,0.577312,262.8,0.2435,262.9,0.7
7226,3,8043.82,15885.04,0.427439,1.0308626029274683e-06,0.889986,262.0,0.2442,262.4,0.7
7227,3,8044.51,15883.1,0.407434,1.0308191969471536e-06,0.679835,263.5,0.2429,262.3,0.8
7228,3,8045.22,15881.18,0.3774,1.0307757867425472e-06,1.062566,262.7,0.2436,261.8,0.8
7229,3,8045.92,15879.25,0.384195,1.0307323723146302e-06,0.693371,263.0,0.2433,261.6,0.8
7230,3,8046.61,15877.32,0.401278,1.030688953664384e-06,0.683996,265.1,0.2415,261.5,0.8
7231,3,8047.31,15875.39,0.434032,1.0306455307927901e-06,0.739924,263.2,0.2432,261.4,0.8
7232,3,8048.02,15873.47,0.377835,1.0306021037008298e-06,0.555789,261.9,0.2444,261.2,0.9
7233,3,8048.72,15871.55,0.424148,1.030558672389485e-06,0.594216,255.8,0.2502,260.7,0.9
7234,3,8049.42,15869.63,0.392895,1.030515236859737e-06,0.590688,259.0,0.2471,260.4,0.9
7235,3,8050.12,15867.69,0.383412,1.030471797112568e-06,0.677882,262.6,0.2437,260.4,0.8
7236,3,8050.82,15865.78,0.450724,1.0304283531489596e-06,0.627357,258.7,0.2474,260.2,0.8
7237,3,8051.52,15863.84,0.410595,1.0303849049698936e-06,0.646284,263.0,0.2433,260.2,0.8
7238,3,8052.22,15861.92,0.388845,1.0303414525763527e-06,0.65243,262.2,0.2441,260.1,0.8
7239,3,8052.92,15860.0,0.412312,1.0302979959693184e-06,0.486751,261.7,0.2446,259.9,0.8
7240,3,8053.63,15858.09,0.412852,1.0302545351497735e-06,0.549024,254.4,0.2516,259.4,0.8
7241,3,8054.36,15856.22,0.411288,1.0302110701186998e-06,0.829301,264.7,0.2418,259.4,0.8
7242,3,8055.06,15854.29,0.433351,1.0301676008770803e-06,0.571872,264.5,0.242,259.6,0.8
7243,3,8055.75,15852.36,0.446538,1.0301241274258971e-06,0.680113,267.0,0.2397,259.8,0.8
7244,3,8056.45,15850.44,0.44791,1.0300806497661334e-06,0.838721,265.7,0.2409,260.1,0.8
7245,3,8057.15,15848.51,0.407803,1.0300371678987715e-06,0.693775,265.6,0.2409,260.3,0.7
7246,3,8057.85,15846.59,0.407456,1.0299936818247945e-06,0.682197,263.4,0.243,260.4,0.7
7247,3,8058.55,15844.67,0.438437,1.0299501915451849e-06,0.659829,261.5,0.2448,260.3,0.7
7248,3,8059.26,15842.75,0.392134,1.0299066970609264e-06,0.709143,260.5,0.2456,260.2,0.7
7249,3,8059.95,15840.83,0.397082,1.0298631983730015e-06,0.645878,264.4,0.242,260.3,0.7
7250,3,8060.65,15838.91,0.386237,1.0298196954823938e-06,0.680086,262.8,0.2435,260.1,0.7
7251,3,8061.36,15836.99,0.456418,1.0297761883900865e-06,0.695612,261.2,0.245,260.0,0.8
7252,3,8062.07,15835.1,0.376556,1.0297326770970627e-06,0.746339,256.9,0.2491,259.8,0.8
7253,3,8062.77,15833.17,0.422956,1.0296891616043064e-06,0.681535,262.0,0.2443,260.1,0.7
7254,3,8063.47,15831.26,0.470895,1.029645641912801e-06,0.67846,263.2,0.2432,260.2,0.8
7255,3,8064.17,15829.34,0.452111,1.0296021180235303e-06,1.027655,264.7,0.2418,260.3,0.8
7256,3,8064.88,15827.43,0.439788,1.0295585899374777e-06,0.807737,259.0,0.2471,260.2,0.8
7257,3,8065.57,15825.51,0.44163,1.0295150576556276e-06,0.66626,262.3,0.244,260.2,0.8
7258,3,8066.29,15823.63,0.458027,1.0294715211789636e-06,0.647853,244.8,0.2614,259.3,0.8
7259,3,8066.97,15821.67,0.46581,1.0294279805084698e-06,0.824265,262.8,0.2436,259.4,0.8
7260,3,8067.69,15819.79,0.491002,1.0293844356451304e-06,0.690223,243.3,0.263,258.9,0.8
7261,3,8068.41,15817.91,0.379477,1.0293408865899298e-06,0.674905,267.6,0.2392,259.0,0.8
7262,3,8069.13,15816.03,0.395743,1.0292973333438522e-06,0.779856,259.1,0.247,258.5,0.9
7263,3,8069.83,15814.11,0.413246,1.0292537759078823e-06,0.711988,261.2,0.2451,258.2,0.9
7264,3,8070.53,15812.19,0.412482,1.0292102142830043e-06,0.776535,263.5,0.2429,258.1,0.9
7265,3,8071.23,15810.27,0.4245,1.0291666484702032e-06,0.766275,263.0,0.2433,257.9,0.9
7266,3,8071.92,15808.35,0.412718,1.0291230784704634e-06,0.744096,265.2,0.2414,258.0,0.9
7267,3,8072.63,15806.45,0.432515,1.0290795042847697e-06,0.831403,261.9,0.2444,258.2,0.8
7268,3,8073.33,15804.53,0.399245,1.0290359259141074e-06,0.855159,265.1,0.2414,258.4,0.8
7269,3,8074.03,15802.62,0.434285,1.0289923433594614e-06,0.712368,262.7,0.2437,258.4,0.8
7270,3,8074.73,15800.69,0.409149,1.0289487566218167e-06,0.812071,265.0,0.2415,258.5,0.8
7271,3,8075.42,15798.78,0.389483,1.0289051657021583e-06,0.666799,263.6,0.2428,258.7,0.8
7272,3,8076.12,15796.86,0.424831,1.028861570601472e-06,0.627026,265.6,0.241,259.2,0.7
7273,3,8076.82,15794.94,0.421066,1.0288179713207427e-06,0.928918,263.5,0.2429,259.3,0.7
7274,3,8077.52,15793.03,0.396734,1.0287743678609561e-06,0.718123,263.3,0.2431,259.3,0.7
7275,3,8078.22,15791.11,0.45918,1.028730760223098e-06,0.826593,264.7,0.2418,259.4,0.7
7276,3,8078.92,15789.2,0.461719,1.028687148408154e-06,0.653811,261.9,0.2444,259.6,0.7
7277,3,8079.62,15787.29,0.453137,1.0286435324171097e-06,0.602104,263.1,0.2432,259.6,0.7
7278,3,8080.32,15785.38,0.417882,1.0285999122509508e-06,0.693126,263.6,0.2428,260.5,0.7
7279,3,8081.02,15783.47,0.452013,1.0285562879106635e-06,0.523149,261.5,0.2448,260.4,0.7
7280,3,8081.71,15781.55,0.440653,1.0285126593972342e-06,0.764919,266.3,0.2403,261.7,0.7
7281,3,8082.45,15779.7,0.460011,1.0284690267116483e-06,1.04459,261.8,0.2444,261.5,0.7
7282,3,8083.14,15777.78,0.400002,1.0284253898548928e-06,0.631945,263.0,0.2434,261.8,0.6
7283,3,8083.84,15775.87,0.403313,1.0283817488279536e-06,0.907839,261.9,0.2443,261.8,0.6
7284,3,8084.54,15773.96,0.434983,1.0283381036318173e-06,0.589719,265.5,0.2411,261.9,0.6
7285,3,8085.24,15772.05,0.403391,1.02829445426747e-06,0.657231,264.0,0.2424,262.0,0.6
7286,3,8085.94,15770.14,0.419617,1.028250800735899e-06,0.776447,258.8,0.2473,261.6,0.6
7287,3,8086.64,15768.22,0.374545,1.0282071430380908e-06,0.688498,264.0,0.2424,261.6,0.7
7288,3,8087.34,15766.32,0.420956,1.0281634811750319e-06,0.713454,263.8,0.2426,261.6,0.7
7289,3,8088.04,15764.41,0.461109,1.0281198151477096e-06,0.688632,264.6,0.2419,261.7,0.7
7290,3,8088.74,15762.5,0.409983,1.0280761449571106e-06,1.009625,266.2,0.2405,261.8,0.7
7291,3,8089.44,15760.59,0.457421,1.028032470604222e-06,0.794871,263.6,0.2428,261.8,0.7
7292,3,8090.13,15758.67,0.432232,1.0279887920900313e-06,0.755652,267.6,0.2392,261.8,0.7
7293,3,8090.83,15756.77,0.387232,1.0279451094155253e-06,0.83862,264.3,0.2422,261.9,0.7
7294,3,8091.53,15754.86,0.399241,1.027901422581692e-06,0.708125,264.4,0.2421,261.9,0.7
7295,3,8092.23,15752.95,0.467936,1.0278577315895184e-06,0.803881,261.8,0.2444,261.7,0.7
7296,3,8092.93,15751.04,0.394691,1.027814036439992e-06,0.548297,263.8,0.2426,261.8,0.7
7297,3,8093.63,15749.14,0.41923,1.0277703371341006e-06,0.63141,262.0,0.2442,261.7,0.7
7298,3,8094.33,15747.22,0.393158,1.027726633672832e-06,0.60088,265.3,0.2412,261.9,0.7
7299,3,8095.03,15745.32,0.473186,1.0276829260571743e-06,0.558983,263.8,0.2426,261.9,0.7
7300,3,8095.72,15743.41,0.396948,1.0276392142881152e-06,0.839398,268.6,0.2383,262.0,0.7
7301,3,8096.45,15741.56,0.438206,1.0275954983666425e-06,0.848221,267.9,0.2389,262.2,0.8
7302,3,8097.15,15739.65,0.381109,1.0275517782937446e-06,0.566269,263.3,0.2431,262.3,0.7
7303,3,8097.85,15737.74,0.404875,1.0275080540704097e-06,0.575607,263.4,0.243,262.3,0.8
7304,3,8098.55,15735.84,0.373897,1.027464325697626e-06,0.781515,264.7,0.2418,262.1,0.8
7305,3,8099.24,15733.93,0.380972,1.0274205931763823e-06,0.489104,264.3,0.2422,262.1,0.8
7306,3,8099.94,15732.03,0.435656,1.0273768565076667e-06,0.632662,263.8,0.2426,262.4,0.8
7307,3,8100.64,15730.12,0.431818,1.027333115692468e-06,0.799204,265.1,0.2415,262.6,0.8
7308,3,8101.34,15728.22,0.419301,1.0272893707317745e-06,0.737561,264.6,0.2418,262.6,0.8
7309,3,8102.04,15726.31,0.425409,1.0272456216265756e-06,0.763403,265.6,0.241,262.6,0.8
7310,3,8102.74,15724.41,0.430662,1.0272018683778596e-06,0.672627,263.4,0.243,262.4,0.8
7311,3,8103.43,15722.5,0.390518,1.0271581109866157e-06,0.706883,266.3,0.2403,262.4,0.9
7312,3,8104.13,15720.6,0.398646,1.0271143494538332e-06,0.741813,264.0,0.2424,262.2,0.9
7313,3,8104.84,15718.71,0.445254,1.0270705837805008e-06,0.884241,256.2,0.2498,261.8,0.9
7314,3,8105.53,15716.8,0.412779,1.0270268139676083e-06,0.658968,262.4,0.2439,261.8,0.8
7315,3,8106.24,15714.91,0.411713,1.0269830400161444e-06,0.535986,262.3,0.244,261.8,0.8
7316,3,8106.94,15713.01,0.464786,1.026939261927099e-06,1.023588,261.1,0.2451,261.8,0.8
7317,3,8107.63,15711.1,0.389348,1.0268954797014615e-06,0.594478,262.9,0.2434,261.8,0.8
7318,3,8108.33,15709.2,0.422185,1.0268516933402214e-06,0.697815,264.6,0.2418,261.8,0.8
7319,3,8109.03,15707.3,0.422492,1.0268079028443687e-06,0.833671,265.7,0.2409,262.1,0.7
7320,3,8109.73,15705.41,0.46027,1.026764108214893e-06,0.791977,262.8,0.2435,261.7,0.8
7321,3,8110.46,15703.56,0.410989,1.0267203094527846e-06,0.753284,265.4,0.2412,261.6,0.8
7322,3,8111.16,15701.67,0.404864,1.0266765065590328e-06,0.701083,261.5,0.2447,261.5,0.7
7323,3,8111.86,15699.77,0.471332,1.0266326995346283e-06,0.664033,260.0,0.2461,261.4,0.7
7324,3,8112.56,15697.87,0.384099,1.026588888380561e-06,0.744327,262.5,0.2438,261.3,0.7
7325,3,8113.26,15695.97,0.439653,1.0265450730978213e-06,0.949167,265.7,0.2408,261.5,0.7
7326,3,8113.96,15694.08,0.431724,1.0265012536873995e-06,0.638063,263.2,0.2431,261.4,0.7
7327,3,8114.67,15692.21,0.409154,1.0264574301502859e-06,0.877779,262.5,0.2438,261.2,0.7
7328,3,8115.38,15690.32,0.489665,1.0264136024874713e-06,0.696482,260.9,0.2453,261.0,0.7
7329,3,8116.08,15688.42,0.444242,1.0263697706999464e-06,0.96443,263.0,0.2433,260.9,0.7
7330,3,8116.79,15686.56,0.419045,1.0263259347887017e-06,0.593516,259.1,0.247,260.6,0.8
7331,3,8117.49,15684.66,0.405199,1.0262820947547282e-06,0.732589,263.2,0.2432,260.4,0.8
7332,3,8118.19,15682.76,0.433828,1.0262382505990171e-06,0.686762,263.8,0.2426,260.5,0.7
7333,3,8118.89,15680.87,0.373449,1.0261944023225589e-06,0.669761,263.9,0.2425,260.8,0.8
7334,3,8119.59,15678.97,0.442069,1.026150549926345e-06,0.694146,264.1,0.2423,260.9,0.8
7335,3,8120.31,15677.13,0.428081,1.0261066934113665e-06,0.744177,236.2,0.2709,259.4,0.8
7336,3,8120.99,15675.2,0.439376,1.0260628327786148e-06,0.778112,264.0,0.2424,259.5,0.8
7337,3,8121.69,15673.31,0.418744,1.0260189680290814e-06,0.706303,263.4,0.243,259.5,0.8
7338,3,8122.39,15671.42,0.44063,1.0259750991637577e-06,0.762355,260.6,0.2456,259.3,0.8
7339,3,8123.09,15669.52,0.393961,1.0259312261836352e-06,0.573523,263.6,0.2428,259.2,0.8
7340,3,8123.79,15667.63,0.451576,1.0258873490897054e-06,0.580779,264.6,0.2419,259.3,0.8
7341,3,8124.5,15665.75,0.436054,1.0258434678829605e-06,0.756018,263.6,0.2428,259.3,0.8
7342,3,8125.2,15663.86,0.442014,1.025799582564392e-06,0.928819,264.9,0.2416,259.4,0.8
7343,3,8125.9,15661.97,0.47068,1.0257556931349922e-06,0.814406,261.5,0.2448,259.6,0.8
7344,3,8126.6,15660.08,0.393856,1.025711799595753e-06,0.621831,262.8,0.2436,259.5,0.8
7345,3,8127.3,15658.19,0.430309,1.0256679019476663e-06,0.597847,261.6,0.2446,259.4,0.8
7346,3,8128.0,15656.31,0.432629,1.0256240001917246e-06,0.635117,260.0,0.2462,259.2,0.8
7347,3,8128.7,15654.41,0.460703,1.0255800943289202e-06,0.801346,261.6,0.2447,259.2,0.7
7348,3,8129.4,15652.52,0.405628,1.0255361843602458e-06,0.81707,261.9,0.2444,259.3,0.7
7349,3,8130.1,15650.63,0.416178,1.0254922702866934e-06,0.712628,265.5,0.241,259.3,0.8
7350,3,8130.8,15648.75,0.447916,1.0254483521092558e-06,0.646368,262.6,0.2437,259.7,0.7
7351,3,8131.56,15646.97,0.360325,1.0254044298289257e-06,0.571161,214.1,0.2989,256.7,0.7
7352,3,8132.21,15644.98,0.410088,1.0253605034466959e-06,0.531211,262.4,0.2439,256.6,0.7
7353,3,8132.9,15643.09,0.377731,1.0253165729635594e-06,0.649593,264.1,0.2423,256.7,0.7
7354,3,8133.6,15641.21,0.427784,1.025272638380509e-06,0.656296,263.2,0.2431,256.6,0.7
7355,3,8134.31,15639.33,0.411626,1.0252286996985379e-06,0.864111,256.6,0.2494,257.8,0.7
7356,3,8135.0,15637.43,0.387418,1.0251847569186391e-06,0.640911,263.0,0.2433,257.8,0.7
7357,3,8135.7,15635.54,0.426848,1.025140810041806e-06,0.619492,263.7,0.2427,257.7,0.7
7358,3,8136.4,15633.66,0.433141,1.0250968590690318e-06,0.71919,264.2,0.2422,257.8,0.8
7359,3,8137.13,15631.82,0.406101,1.02505290400131e-06,0.517898,238.7,0.2681,256.5,0.7
7360,3,8137.81,15629.9,0.402657,1.0250089448396343e-06,0.48871,264.4,0.2421,256.5,0.8
7361,3,8138.53,15628.06,0.423701,1.0249649815849983e-06,0.551164,266.8,0.2398,256.6,0.8
7362,3,8139.24,15626.18,0.380956,1.0249210142383956e-06,0.628986,261.2,0.2451,256.4,0.8
7363,3,8139.93,15624.29,0.431578,1.0248770428008202e-06,0.528504,264.1,0.2423,256.5,0.8
7364,3,8140.64,15622.42,0.455148,1.0248330672732654e-06,0.692036,262.0,0.2443,256.4,0.8
7365,3,8141.34,15620.53,0.458371,1.024789087656726e-06,0.638063,262.4,0.2439,256.5,0.8
7366,3,8142.04,15618.65,0.419583,1.0247451039521954e-06,0.903247,262.3,0.244,256.5,0.8
7367,3,8142.73,15616.76,0.4154,1.0247011161606685e-06,0.838378,264.0,0.2424,256.6,0.8
7368,3,8143.43,15614.88,0.442114,1.024657124283139e-06,0.662386,262.8,0.2435,256.7,0.8
7369,3,8144.13,15612.99,0.43248,1.0246131283206014e-06,0.61035,264.3,0.2421,256.7,0.8
7370,3,8144.83,15611.11,0.422406,1.02456912827405e-06,0.811173,264.5,0.2419,256.8,0.8
7371,3,8145.53,15609.22,0.424107,1.0245251241444799e-06,0.589559,264.2,0.2422,259.8,0.8
7372,3,8146.23,15607.34,0.410917,1.0244811159328851e-06,0.719855,265.2,0.2413,259.9,0.8
7373,3,8146.93,15605.46,0.392276,1.0244371036402607e-06,0.548434,262.9,0.2435,259.8,0.8
7374,3,8147.63,15603.58,0.435329,1.0243930872676013e-06,0.665758,264.6,0.2419,259.8,0.8
7375,3,8148.37,15601.78,0.399719,1.0243490668159021e-06,0.650935,223.5,0.2863,257.9,0.8
7376,3,8149.03,15599.82,0.387354,1.0243050422861582e-06,0.864359,262.6,0.2437,257.8,0.8
7377,3,8149.73,15597.94,0.403382,1.0242610136793643e-06,0.574984,259.0,0.2471,257.6,0.8
7378,3,8150.42,15596.04,0.443853,1.0242169809965159e-06,0.777512,266.4,0.2403,257.8,0.8
7379,3,8151.12,15594.17,0.396581,1.024172944238608e-06,0.729426,264.8,0.2417,259.1,0.8
7380,3,8151.82,15592.29,0.482832,1.0241289034066364e-06,0.847876,264.5,0.242,259.1,0.8
7381,3,8152.56,15590.49,0.474611,1.024084858501596e-06,0.718103,261.0,0.2452,258.8,0.8
7382,3,8153.26,15588.6,0.415008,1.0240408095244828e-06,0.753569,263.2,0.2432,258.9,0.8
7383,3,8153.96,15586.72,0.462807,1.0239967564762923e-06,0.724859,262.9,0.2434,258.9,0.8
7384,3,8154.66,15584.85,0.465788,1.0239526993580204e-06,0.748029,260.5,0.2457,258.9,0.8
7385,3,8155.35,15582.96,0.441847,1.0239086381706628e-06,0.876906,263.9,0.2425,259.0,0.8
7386,3,8156.05,15581.08,0.430423,1.0238645729152156e-06,0.756601,264.3,0.2421,259.2,0.7
7387,3,8156.75,15579.2,0.454851,1.0238205035926744e-06,0.949985,267.1,0.2396,259.4,0.7
7388,3,8157.45,15577.32,0.438114,1.023776430204036e-06,0.80616,264.8,0.2417,259.4,0.7
7389,3,8158.15,15575.45,0.399874,1.023732352750296e-06,0.965384,262.4,0.2439,259.3,0.7
7390,3,8158.86,15573.59,0.406204,1.0236882712324508e-06,0.669568,252.6,0.2534,258.7,0.8
7391,3,8159.55,15571.71,0.450639,1.023644185651497e-06,0.78073,263.9,0.2425,258.6,0.8
7392,3,8160.25,15569.83,0.40849,1.023600096008431e-06,0.652731,264.4,0.242,258.7,0.7
7393,3,8160.95,15567.96,0.427013,1.0235560023042492e-06,0.726861,260.3,0.2459,258.6,0.7
7394,3,8161.65,15566.07,0.455029,1.0235119045399484e-06,0.709749,267.0,0.2397,258.7,0.7
7395,3,8162.35,15564.21,0.394591,1.0234678027165256e-06,0.766056,263.0,0.2434,260.9,0.8
7396,3,8163.05,15562.34,0.40097,1.0234236968349773e-06,0.751514,260.1,0.246,260.8,0.7
7397,3,8163.75,15560.46,0.401204,1.0233795868963007e-06,0.785529,264.3,0.2421,261.1,0.7
7398,3,8164.45,15558.59,0.431493,1.0233354729014927e-06,0.628071,263.3,0.243,260.9,0.8
7399,3,8165.15,15556.72,0.375351,1.0232913548515504e-06,0.751152,263.8,0.2426,260.9,0.7
7400,3,8165.85,15554.84,0.396733,1.023247232747471e-06,0.589088,263.4,0.243,260.8,0.7
7401,3,8174.03,15567.21,0.424893,1.0232031065902518e-06,0.679442,275.5,0.2323,261.6,0.7
7402,3,8174.72,15565.32,0.405856,1.0231589763808904e-06,0.563409,269.9,0.2372,262.0,0.7
7403,3,8175.41,15563.42,0.38003,1.023114842120384e-06,0.796203,269.7,0.2373,262.4,0.7
7404,3,8176.1,15561.54,0.402624,1.0230707038097304e-06,0.665801,269.3,0.2377,262.8,0.7
7405,3,8176.8,15559.65,0.465405,1.0230265614499273e-06,0.669073,268.1,0.2387,263.1,0.6
7406,3,8177.49,15557.77,0.349266,1.0229824150419722e-06,0.478081,270.5,0.2366,263.5,0.6
7407,3,8178.19,15555.89,0.404665,1.0229382645868633e-06,0.666067,267.2,0.2395,263.5,0.6
7408,3,8178.88,15554.0,0.447147,1.0228941100855982e-06,0.678987,270.0,0.237,263.8,0.6
7409,3,8179.58,15552.13,0.427336,1.0228499515391752e-06,0.965015,262.5,0.2438,263.9,0.5
7410,3,8180.27,15550.24,0.434387,1.0228057889485922e-06,1.066418,267.3,0.2395,264.8,0.5
7411,3,8180.97,15548.36,0.473865,1.0227616223148477e-06,0.792295,266.0,0.2406,264.8,0.5
7412,3,8181.66,15546.48,0.446939,1.0227174516389399e-06,0.994547,267.0,0.2397,264.9,0.5
7413,3,8182.36,15544.61,0.425581,1.022673276921867e-06,0.944318,264.2,0.2422,265.1,0.5
7414,3,8183.06,15542.73,0.441377,1.0226290981646281e-06,0.641897,266.8,0.2399,265.1,0.5
7415,3,8183.76,15540.86,0.460801,1.0225849153682213e-06,1.064023,264.8,0.2417,265.1,0.6
7416,3,8184.45,15538.98,0.379413,1.0225407285336455e-06,0.62861,269.0,0.2379,265.6,0.6
7417,3,8185.15,15537.1,0.380464,1.022496537661899e-06,0.552271,264.8,0.2416,265.6,0.6
7418,3,8185.85,15535.24,0.397913,1.0224523427539814e-06,0.620774,258.9,0.2472,265.3,0.6
7419,3,8186.54,15533.36,0.45459,1.022408143810891e-06,0.788958,265.5,0.2411,265.3,0.6
7420,3,8187.24,15531.48,0.437081,1.0223639408336272e-06,0.556608,265.9,0.2407,265.4,0.6
7421,3,8187.97,15529.66,0.433158,1.0223197338231888e-06,0.605007,268.3,0.2385,264.9,0.7
7422,3,8188.67,15527.79,0.425829,1.0222755227805755e-06,1.085333,265.5,0.2411,264.6,0.7
7423,3,8189.37,15525.93,0.380768,1.0222313077067862e-06,0.809114,261.8,0.2444,264.1,0.7
7424,3,8190.07,15524.06,0.474318,1.0221870886028205e-06,0.89407,262.9,0.2435,263.7,0.8
7425,3,8190.76,15522.19,0.426444,1.022142865469678e-06,0.604206,265.1,0.2414,263.5,0.8
7426,3,8191.46,15520.31,0.408637,1.0220986383083584e-06,0.666363,263.6,0.2428,263.1,0.8
7427,3,8192.16,15518.44,0.386797,1.022054407119861e-06,0.73756,263.2,0.2432,262.8,0.9
7428,3,8192.85,15516.57,0.350021,1.0220101719051856e-06,0.567059,265.1,0.2414,262.6,0.9
7429,3,8193.55,15514.7,0.430853,1.0219659326653325e-06,0.658333,263.8,0.2426,262.5,0.9
7430,3,8194.25,15512.83,0.423524,1.0219216894013013e-06,0.558766,263.2,0.2431,262.2,1.0
7431,3,8194.96,15510.97,0.355822,1.021877442114092e-06,0.651744,258.2,0.2479,261.8,1.0
7432,3,8195.65,15509.1,0.405183,1.021833190804705e-06,0.725819,262.7,0.2436,261.6,1.0
7433,3,8196.35,15507.23,0.415997,1.0217889354741403e-06,0.629079,262.3,0.244,261.5,1.0
7434,3,8197.04,15505.36,0.448866,1.0217446761233985e-06,0.716514,265.9,0.2407,261.6,0.9
7435,3,8197.74,15503.49,0.469481,1.0217004127534795e-06,0.853517,265.0,0.2415,261.6,0.9
7436,3,8198.45,15501.63,0.423257,1.0216561453653843e-06,0.973553,262.7,0.2436,261.2,0.9
7437,3,8199.15,15499.77,0.428181,1.0216118739601134e-06,0.801183,265.2,0.2414,261.3,0.9
7438,3,8199.84,15497.91,0.395925,1.0215675985386673e-06,0.615782,262.8,0.2435,261.5,0.9
7439,3,8200.55,15496.04,0.380418,1.021523319102047e-06,0.658227,263.8,0.2426,261.5,0.9
7440,3,8201.25,15494.19,0.376487,1.021479035651253e-06,0.67866,264.2,0.2423,261.4,0.9
7441,3,8201.97,15492.36,0.458974,1.0214347481872865e-06,0.720839,266.5,0.2401,261.4,0.9
7442,3,8202.67,15490.5,0.414838,1.0213904567111487e-06,0.558784,263.5,0.2428,261.3,0.8
7443,3,8203.37,15488.64,0.414118,1.0213461612238407e-06,0.743116,262.1,0.2442,261.4,0.8
7444,3,8204.07,15486.77,0.445849,1.0213018617263635e-06,0.602869,264.3,0.2422,261.4,0.8
7445,3,8204.77,15484.93,0.436105,1.0212575582197185e-06,0.950553,255.7,0.2503,261.0,0.8
7446,3,8205.47,15483.05,0.409794,1.0212132507049072e-06,0.745497,265.4,0.2412,261.0,0.9
7447,3,8206.17,15481.19,0.452061,1.0211689391829309e-06,0.774063,262.7,0.2436,260.9,0.9
7448,3,8206.88,15479.35,0.415875,1.0211246236547915e-06,0.737721,252.6,0.2534,260.3,0.9
7449,3,8207.57,15477.47,0.420974,1.0210803041214903e-06,0.608412,265.1,0.2414,260.3,0.9
7450,3,8208.27,15475.61,0.454452,1.0210359805840293e-06,1.125226,263.3,0.2431,260.4,0.9
7451,3,8208.97,15473.75,0.443851,1.0209916530434106e-06,0.609583,259.7,0.2464,260.5,0.8
7452,3,8209.66,15471.89,0.40652,1.0209473215006357e-06,0.680222,263.3,0.243,260.6,0.8
7453,3,8210.37,15470.03,0.428094,1.0209029859567067e-06,0.63545,260.0,0.2462,260.6,0.8
7454,3,8211.06,15468.17,0.42494,1.020858646412626e-06,0.615557,263.3,0.2431,260.3,0.8
7455,3,8211.76,15466.31,0.419708,1.0208143028693955e-06,0.668986,263.6,0.2428,260.3,0.8
7456,3,8212.46,15464.45,0.397386,1.0207699553280177e-06,0.843683,264.3,0.2422,260.4,0.8
7457,3,8213.16,15462.59,0.444089,1.020725603789495e-06,0.7446,260.1,0.246,260.1,0.8
7458,3,8213.85,15460.73,0.448973,1.0206812482548303e-06,1.057117,266.5,0.2402,260.4,0.8
7459,3,8214.55,15458.87,0.419198,1.0206368887250255e-06,0.80632,263.1,0.2433,260.3,0.8
7460,3,8215.25,15457.0,0.428981,1.0205925252010834e-06,0.685912,265.1,0.2414,260.5,0.8
7461,3,8215.98,15455.2,0.425316,1.0205481576840072e-06,0.933431,264.7,0.2418,260.3,0.8
7462,3,8216.68,15453.35,0.448199,1.0205037861747992e-06,0.774727,261.0,0.2452,260.2,0.8
7463,3,8217.38,15451.49,0.404791,1.0204594106744628e-06,0.870861,261.0,0.2452,260.1,0.8
7464,3,8218.08,15449.64,0.394948,1.020415031184001e-06,0.880148,263.4,0.2429,260.1,0.8
7465,3,8218.78,15447.78,0.408086,1.0203706477044167e-06,0.563245,262.0,0.2443,260.4,0.8
7466,3,8219.48,15445.93,0.448487,1.0203262602367133e-06,0.911986,260.0,0.2462,260.2,0.8
7467,3,8220.18,15444.07,0.424067,1.0202818687818937e-06,0.617411,263.8,0.2426,260.4,0.7
7468,3,8220.88,15442.22,0.440152,1.020237473340962e-06,0.617912,261.5,0.2447,260.8,0.7
7469,3,8221.62,15440.44,0.441482,1.0201930739149211e-06,0.752681,221.3,0.2891,258.5,0.7
7470,3,8222.27,15438.5,0.427559,1.0201486705047748e-06,0.735798,264.5,0.242,258.4,0.7
7471,3,8223.02,15436.73,0.448888,1.0201042631115268e-06,0.648162,222.2,0.288,256.2,0.7
7472,3,8223.68,15434.8,0.395827,1.0200598517361808e-06,0.61151,256.7,0.2493,255.9,0.7
7473,3,8224.37,15432.94,0.407712,1.0200154363797406e-06,0.812233,265.8,0.2408,256.1,0.7
7474,3,8225.07,15431.08,0.389719,1.01997101704321e-06,0.687922,263.2,0.2431,256.2,0.7
7475,3,8225.77,15429.23,0.453159,1.0199265937275937e-06,0.920845,263.5,0.2429,256.1,0.7
7476,3,8226.47,15427.38,0.409121,1.0198821664338948e-06,0.811498,263.2,0.2432,256.1,0.7
7477,3,8227.17,15425.53,0.417672,1.0198377351631184e-06,0.822744,264.0,0.2424,256.1,0.8
7478,3,8227.88,15423.69,0.430424,1.0197932999162683e-06,0.664332,255.7,0.2503,255.5,0.8
7479,3,8228.58,15421.84,0.501634,1.0197488606943489e-06,1.020433,259.7,0.2464,255.4,0.8
7480,3,8229.28,15419.99,0.403957,1.019704417498365e-06,0.718486,260.6,0.2456,255.1,0.8
7481,3,8230.0,15418.18,0.433764,1.019659970329321e-06,0.787589,266.3,0.2404,255.2,0.8
7482,3,8230.7,15416.33,0.432577,1.0196155191882213e-06,1.049868,261.6,0.2446,255.2,0.8
7483,3,8231.4,15414.48,0.375871,1.019571064076071e-06,0.508207,266.6,0.2401,255.5,0.8
7484,3,8232.1,15412.63,0.463125,1.0195266049938747e-06,0.807956,261.8,0.2444,255.4,0.8
7485,3,8232.79,15410.78,0.40598,1.0194821419426376e-06,0.715927,263.6,0.2428,255.4,0.9
7486,3,8233.5,15408.93,0.388896,1.0194376749233646e-06,0.670969,261.7,0.2446,255.5,0.9
7487,3,8234.2,15407.08,0.399659,1.0193932039370606e-06,0.512967,263.2,0.2432,255.3,0.9
7488,3,8234.9,15405.24,0.394903,1.019348728984731e-06,0.78426,263.7,0.2427,255.4,0.9
7489,3,8235.6,15403.4,0.441276,1.0193042500673807e-06,0.87113,261.6,0.2446,257.7,0.9
7490,3,8236.3,15401.55,0.417993,1.0192597671860156e-06,0.80566,262.6,0.2437,257.7,0.9
7491,3,8237.0,15399.7,0.38933,1.019215280341641e-06,0.696139,264.2,0.2423,260.1,0.9
7492,3,8237.7,15397.86,0.390473,1.0191707895352623e-06,0.903654,261.6,0.2447,260.3,0.9
7493,3,8238.4,15396.01,0.363872,1.0191262947678853e-06,0.689698,260.4,0.2457,260.0,0.9
7494,3,8239.11,15394.18,0.431634,1.0190817960405159e-06,0.781619,252.4,0.2536,259.5,0.9
7495,3,8239.8,15392.32,0.452553,1.0190372933541595e-06,0.77955,259.9,0.2462,259.4,0.9
7496,3,8240.5,15390.47,0.451579,1.0189927867098223e-06,0.784814,262.8,0.2436,259.5,0.8
7497,3,8241.2,15388.62,0.374466,1.0189482761085103e-06,0.695494,265.7,0.2409,259.7,0.8
7498,3,8241.9,15386.78,0.393345,1.0189037615512294e-06,0.80616,263.5,0.2429,260.2,0.7
7499,3,8242.6,15384.94,0.436721,1.0188592430389861e-06,0.838098,263.4,0.243,260.4,0.7
7500,3,8243.34,15383.18,0.386754,1.0188147205727865e-06,0.696374,222.2,0.2881,258.2,0.7
7501,3,8371.95,15619.97,0.396217,1.0187701941536367e-06,0.676664,238.9,0.2679,256.7,0.7
7502,3,8372.62,15618.02,0.448441,1.0187256637825434e-06,0.572138,264.6,0.2419,256.9,0.7
7503,3,8373.31,15616.12,0.477566,1.018681129460513e-06,0.986211,267.0,0.2397,257.0,0.7
7504,3,8374.01,15614.22,0.395996,1.0186365911885524e-06,0.793517,265.0,0.2415,257.2,0.7
7505,3,8374.71,15612.33,0.425724,1.018592048967668e-06,0.661712,264.3,0.2421,257.4,0.6
7506,3,8375.4,15610.43,0.412986,1.018547502798867e-06,0.637704,266.2,0.2404,257.7,0.6
7507,3,8376.09,15608.52,0.417202,1.018502952683156e-06,0.920401,268.6,0.2382,258.0,0.5
7508,3,8376.79,15606.63,0.407054,1.018458398621542e-06,0.682602,265.0,0.2415,258.2,0.5
7509,3,8377.49,15604.73,0.429366,1.018413840615032e-06,0.813173,266.7,0.24,258.5,0.5
7510,3,8378.19,15602.84,0.447373,1.0183692786646333e-06,0.739795,263.1,0.2433,258.6,0.4
7511,3,8378.88,15600.94,0.431285,1.018324712771353e-06,0.644379,266.0,0.2406,258.8,0.4
7512,3,8379.58,15599.05,0.459363,1.0182801429361986e-06,1.135211,264.3,0.2422,259.0,0.4
7513,3,8380.28,15597.16,0.402374,1.0182355691601778e-06,0.708933,263.9,0.2425,259.3,0.3
7514,3,8380.98,15595.27,0.433943,1.0181909914442975e-06,0.693261,262.9,0.2434,259.8,0.3
7515,3,8381.68,15593.38,0.435318,1.0181464097895657e-06,0.701722,263.6,0.2428,260.0,0.3
7516,3,8382.38,15591.49,0.413178,1.01810182419699e-06,0.786525,263.8,0.2426,260.1,0.3
7517,3,8383.08,15589.6,0.467538,1.0180572346675783e-06,0.827768,263.5,0.2429,260.0,0.3
7518,3,8383.78,15587.72,0.424438,1.0180126412023384e-06,0.577221,264.3,0.2421,260.0,0.3
7519,3,8384.48,15585.83,0.471473,1.017968043802278e-06,0.858374,263.0,0.2433,260.1,0.3
7520,3,8385.19,15583.96,0.435174,1.0179234424684056e-06,0.620628,258.1,0.2479,262.3,0.3
7521,3,8385.94,15582.18,0.396826,1.0178788372017288e-06,0.815376,264.1,0.2423,263.6,0.3
7522,3,8386.65,15580.31,0.462432,1.0178342280032563e-06,0.651993,259.8,0.2464,263.4,0.3
7523,3,8387.37,15578.45,0.38026,1.0177896148739962e-06,0.782952,249.4,0.2566,262.5,0.3
7524,3,8388.07,15576.56,0.418155,1.0177449978149572e-06,0.815986,254.0,0.252,261.9,0.3
7525,3,8388.76,15574.67,0.434387,1.0177003768271475e-06,0.601182,260.5,0.2457,261.7,0.3
7526,3,8389.52,15572.89,0.443343,1.0176557519115757e-06,0.906075,214.6,0.2983,258.6,0.3
7527,3,8390.17,15570.92,0.469071,1.0176111230692507e-06,0.810874,259.7,0.2464,258.2,0.3
7528,3,8390.88,15569.04,0.419707,1.017566490301181e-06,0.629798,263.6,0.2428,258.1,0.3
7529,3,8391.58,15567.16,0.393544,1.0175218536083755e-06,0.952631,260.0,0.2462,257.8,0.3
7530,3,8392.28,15565.28,0.381,1.0174772129918433e-06,0.800586,265.6,0.241,257.9,0.3
7531,3,8392.98,15563.4,0.454949,1.0174325684525934e-06,0.739128,263.3,0.243,257.7,0.3
7532,3,8393.67,15561.51,0.454167,1.0173879199916347e-06,0.898232,265.2,0.2413,257.7,0.4
7533,3,8394.38,15559.63,0.430822,1.0173432676099765e-06,0.560339,262.4,0.2439,257.6,0.4
7534,3,8395.08,15557.75,0.411442,1.0172986113086282e-06,0.680826,263.3,0.2431,257.5,0.4
7535,3,8395.78,15555.86,0.41243,1.0172539510885991e-06,0.813885,264.3,0.2422,257.5,0.4
7536,3,8396.48,15553.99,0.439582,1.0172092869508989e-06,0.716767,255.7,0.2503,257.1,0.4
7537,3,8397.18,15552.1,0.399369,1.017164618896537e-06,0.639255,261.7,0.2446,256.9,0.5
7538,3,8397.9,15550.27,0.434231,1.0171199469265224e-06,0.81093,237.3,0.2697,255.5,0.5
7539,3,8398.58,15548.35,0.381307,1.017075271041866e-06,0.494222,262.9,0.2434,255.4,0.5
7540,3,8399.28,15546.47,0.389831,1.0170305912435769e-06,0.499375,260.7,0.2455,255.4,0.6
7541,3,8400.02,15544.65,0.399352,1.0169859075326651e-06,0.772529,268.6,0.2383,255.7,0.5
7542,3,8400.72,15542.77,0.450345,1.0169412199101408e-06,0.688255,263.6,0.2428,255.8,0.5
7543,3,8401.42,15540.9,0.412253,1.016896528377014e-06,0.723569,261.8,0.2445,256.4,0.6
7544,3,8402.12,15539.02,0.456405,1.0168518329342948e-06,0.748116,262.5,0.2438,256.7,0.6
7545,3,8402.81,15537.13,0.384932,1.0168071335829936e-06,0.564129,264.8,0.2417,256.8,0.6
7546,3,8403.52,15535.26,0.449061,1.0167624303241206e-06,0.645089,262.6,0.2437,259.6,0.7
7547,3,8404.22,15533.38,0.385264,1.0167177231586863e-06,0.784064,263.0,0.2433,259.7,0.7
7548,3,8404.91,15531.5,0.404492,1.0166730120877012e-06,0.574513,265.8,0.2408,259.8,0.7
7549,3,8405.64,15529.67,0.403993,1.0166282971121762e-06,0.748928,235.6,0.2716,258.4,0.7
7550,3,8406.35,15527.81,0.43829,1.0165835782331215e-06,0.542302,233.9,0.2737,256.6,0.8
7551,3,8407.03,15525.9,0.424628,1.0165388554515486e-06,0.639157,263.7,0.2427,256.5,0.8
7552,3,8407.74,15524.03,0.442144,1.0164941287684677e-06,0.77644,258.7,0.2474,256.3,0.8
7553,3,8408.43,15522.14,0.482824,1.0164493981848899e-06,0.734355,264.0,0.2424,256.2,0.8
7554,3,8409.13,15520.26,0.439689,1.0164046637018267e-06,0.705369,263.9,0.2425,256.4,0.8
7555,3,8409.83,15518.39,0.380029,1.016359925320289e-06,0.886852,263.4,0.243,256.2,0.8
7556,3,8410.53,15516.52,0.391154,1.0163151830412878e-06,0.659528,256.6,0.2495,256.3,0.8
7557,3,8411.23,15514.63,0.450057,1.0162704368658348e-06,0.750661,264.5,0.242,256.4,0.8
7558,3,8411.93,15512.76,0.426045,1.0162256867949412e-06,0.878446,264.0,0.2424,257.9,0.8
7559,3,8412.64,15510.9,0.402883,1.0161809328296184e-06,0.536472,264.7,0.2417,257.9,0.8
7560,3,8413.33,15509.02,0.383303,1.016136174970878e-06,0.604163,264.5,0.242,258.2,0.8
7561,3,8414.05,15507.18,0.427505,1.0160914132197322e-06,0.880959,268.7,0.2382,258.2,0.8
7562,3,8414.75,15505.3,0.420096,1.0160466475771922e-06,0.873873,262.4,0.2439,258.2,0.8
7563,3,8415.45,15503.43,0.397548,1.01600187804427e-06,0.726112,264.3,0.2421,258.3,0.7
7564,3,8416.14,15501.55,0.442873,1.0159571046219777e-06,0.658075,265.3,0.2412,258.5,0.7
7565,3,8416.84,15499.67,0.405811,1.0159123273113272e-06,0.744463,264.1,0.2424,258.5,0.7
7566,3,8417.55,15497.81,0.420563,1.0158675461133306e-06,0.67012,256.4,0.2497,258.2,0.7
7567,3,8418.24,15495.92,0.477435,1.0158227610289998e-06,0.616734,265.3,0.2413,258.3,0.7
7568,3,8418.94,15494.05,0.428615,1.0157779720593478e-06,0.797883,266.0,0.2406,258.3,0.7
7569,3,8419.64,15492.18,0.427731,1.0157331792053865e-06,0.713004,262.3,0.244,259.6,0.8
7570,3,8420.36,15490.34,0.447198,1.0156883824681285e-06,0.917239,242.2,0.2643,260.3,0.7
7571,3,8421.04,15488.44,0.396613,1.0156435818485863e-06,0.495167,264.3,0.2422,260.2,0.7
7572,3,8421.74,15486.56,0.372259,1.0155987773477724e-06,0.606206,266.4,0.2402,260.5,0.8
7573,3,8422.44,15484.7,0.399858,1.0155539689667e-06,0.679514,261.2,0.245,260.4,0.8
7574,3,8423.14,15482.83,0.447565,1.0155091567063815e-06,0.71166,263.6,0.2428,260.4,0.8
7575,3,8423.84,15480.96,0.459928,1.01546434056783e-06,0.761013,263.4,0.2429,260.4,0.7
7576,3,8424.54,15479.09,0.444508,1.0154195205520585e-06,0.78133,265.3,0.2413,260.9,0.7
7577,3,8425.24,15477.22,0.440635,1.0153746966600798e-06,0.792128,264.2,0.2423,260.9,0.7
7578,3,8425.94,15475.35,0.460028,1.0153298688929076e-06,0.621191,266.5,0.2402,261.0,0.7
7579,3,8426.64,15473.48,0.426125,1.0152850372515547e-06,0.635027,263.6,0.2428,260.9,0.7
7580,3,8427.34,15471.62,0.429631,1.0152402017370346e-06,0.561362,261.3,0.2449,260.8,0.7
7581,3,8428.07,15469.8,0.40053,1.0151953623503607e-06,0.47817,268.9,0.238,260.9,0.7
7582,3,8428.77,15467.93,0.39868,1.0151505190925466e-06,0.569086,261.5,0.2447,260.9,0.7
7583,3,8429.5,15466.13,0.425071,1.015105671964606e-06,0.757378,228.7,0.2799,258.9,0.7
7584,3,8430.19,15464.24,0.381145,1.0150608209675522e-06,0.60136,240.2,0.2665,257.6,0.7
7585,3,8430.87,15462.34,0.455504,1.0150159661023994e-06,0.736511,264.5,0.2419,257.5,0.7
7586,3,8431.57,15460.48,0.429877,1.0149711073701614e-06,0.620142,263.4,0.243,257.9,0.7
7587,3,8432.27,15458.61,0.400949,1.0149262447718521e-06,0.582982,262.7,0.2437,257.8,0.7
7588,3,8432.97,15456.75,0.395497,1.0148813783084854e-06,0.603403,263.2,0.2432,257.8,0.7
7589,3,8433.68,15454.89,0.409402,1.0148365079810755e-06,0.853977,257.5,0.2485,257.6,0.6
7590,3,8434.37,15453.01,0.445587,1.0147916337906367e-06,0.708986,264.2,0.2423,258.7,0.7
7591,3,8435.07,15451.15,0.371312,1.0147467557381834e-06,0.613083,264.6,0.2419,258.8,0.6
7592,3,8435.77,15449.28,0.429571,1.0147018738247298e-06,0.68321,264.2,0.2422,258.8,0.6
7593,3,8436.47,15447.42,0.42663,1.0146569880512906e-06,0.861403,261.2,0.245,258.8,0.6
7594,3,8437.18,15445.58,0.439587,1.0146120984188803e-06,0.614636,261.3,0.2449,258.5,0.6
7595,3,8437.88,15443.72,0.400536,1.0145672049285133e-06,0.658355,264.2,0.2423,258.6,0.6
7596,3,8438.59,15441.86,0.441512,1.0145223075812047e-06,0.685141,263.6,0.2428,258.5,0.6
7597,3,8439.28,15439.99,0.428255,1.0144774063779692e-06,0.764661,263.8,0.2426,258.4,0.6
7598,3,8439.98,15438.12,0.436552,1.0144325013198215e-06,0.653045,267.0,0.2397,258.5,0.6
7599,3,8440.68,15436.26,0.412551,1.0143875924077768e-06,0.52856,264.8,0.2417,258.6,0.6
7600,3,8441.38,15434.4,0.478669,1.0143426796428502e-06,0.729314,262.6,0.2438,258.6,0.6
7601,3,8453.7,15453.78,0.437846,1.014297763026057e-06,0.76888,273.2,0.2342,258.8,0.6
7602,3,8454.39,15451.9,0.402676,1.0142528425584124e-06,0.736409,272.6,0.2348,259.4,0.6
7603,3,8455.09,15450.02,0.454626,1.0142079182409318e-06,0.640366,268.7,0.2382,261.6,0.6
7604,3,8455.78,15448.15,0.417971,1.0141629900746303e-06,0.602254,266.0,0.2406,263.1,0.6
7605,3,8456.47,15446.27,0.418093,1.0141180580605237e-06,0.786356,269.8,0.2372,263.4,0.6
7606,3,8457.17,15444.4,0.410225,1.0140731221996275e-06,0.81812,266.0,0.2406,263.5,0.6
7607,3,8457.87,15442.53,0.384807,1.0140281824929576e-06,0.882739,267.7,0.2391,263.8,0.5
7608,3,8458.56,15440.65,0.437814,1.0139832389415296e-06,0.515282,267.1,0.2396,264.0,0.5
7609,3,8459.26,15438.78,0.45728,1.0139382915463594e-06,0.60223,264.9,0.2416,264.4,0.5
7610,3,8459.95,15436.91,0.433056,1.0138933403084633e-06,0.680743,265.5,0.241,264.6,0.5
7611,3,8460.65,15435.04,0.41988,1.0138483852288569e-06,0.924621,265.2,0.2413,264.7,0.5
7612,3,8461.35,15433.17,0.399659,1.0138034263085566e-06,0.939928,267.0,0.2397,264.7,0.5
7613,3,8462.04,15431.31,0.4065,1.0137584635485785e-06,0.715737,263.6,0.2428,264.8,0.5
7614,3,8462.74,15429.44,0.42715,1.013713496949939e-06,0.762232,262.9,0.2435,265.1,0.5
7615,3,8463.44,15427.57,0.412945,1.0136685265136544e-06,0.569224,264.9,0.2416,265.0,0.5
7616,3,8464.13,15425.71,0.410074,1.013623552240741e-06,0.875991,263.2,0.2431,265.0,0.5
7617,3,8464.83,15423.84,0.380726,1.0135785741322156e-06,0.532974,264.8,0.2417,265.1,0.5
7618,3,8465.53,15421.97,0.411638,1.013533592189095e-06,0.603824,264.6,0.2419,264.9,0.5
7619,3,8466.26,15420.18,0.421991,1.0134886064123956e-06,0.884531,228.6,0.2799,262.9,0.5
7620,3,8466.92,15418.24,0.403776,1.0134436168031348e-06,0.845766,262.9,0.2434,262.9,0.5
7621,3,8467.64,15416.41,0.410743,1.0133986233623288e-06,0.768284,266.5,0.2402,262.6,0.5
7622,3,8468.33,15414.54,0.412607,1.013353626090995e-06,0.685333,264.6,0.2418,262.1,0.5
7623,3,8469.03,15412.68,0.415923,1.0133086249901504e-06,0.703423,264.6,0.2419,261.8,0.5
7624,3,8469.73,15410.82,0.403807,1.0132636200608122e-06,0.662013,266.4,0.2402,261.8,0.5
7625,3,8470.43,15408.96,0.434163,1.0132186113039977e-06,0.661643,263.9,0.2425,261.4,0.6
7626,3,8471.13,15407.1,0.365905,1.0131735987207243e-06,0.549154,263.6,0.2428,261.3,0.6
7627,3,8471.82,15405.23,0.421372,1.0131285823120093e-06,1.014957,265.4,0.2411,261.1,0.6
7628,3,8472.52,15403.38,0.428419,1.0130835620788702e-06,0.781137,261.8,0.2445,260.7,0.7
7629,3,8473.22,15401.52,0.399802,1.0130385380223247e-06,0.855164,264.4,0.242,260.6,0.7
7630,3,8473.92,15399.66,0.447804,1.0129935101433907e-06,0.724752,263.5,0.2429,260.5,0.7
7631,3,8474.62,15397.81,0.414322,1.0129484784430854e-06,0.632608,262.0,0.2443,260.2,0.8
7632,3,8475.35,15395.99,0.441407,1.0129034429224272e-06,0.604926,257.6,0.2484,259.6,0.8
7633,3,8476.05,15394.14,0.436934,1.0128584035824339e-06,0.773642,261.5,0.2447,259.5,0.8
7634,3,8476.74,15392.28,0.4329,1.0128133604241236e-06,0.913827,265.1,0.2414,259.5,0.8
7635,3,8477.44,15390.42,0.421727,1.0127683134485141e-06,0.658785,266.7,0.24,259.6,0.8
7636,3,8478.16,15388.59,0.363825,1.0127232626566241e-06,0.664428,264.3,0.2421,259.5,0.9
7637,3,8478.86,15386.73,0.485999,1.0126782080494716e-06,0.740346,261.4,0.2449,259.3,0.9
7638,3,8479.56,15384.88,0.440512,1.012633149628075e-06,0.624032,260.9,0.2453,259.0,1.0
7639,3,8480.26,15383.02,0.406444,1.012588087393453e-06,0.559659,262.5,0.2438,260.9,1.0
7640,3,8480.96,15381.17,0.426343,1.012543021346624e-06,0.832872,264.0,0.2424,260.9,1.0
7641,3,8481.68,15379.36,0.470326,1.0124979514886066e-06,0.726438,266.3,0.2403,260.9,1.0
7642,3,8482.38,15377.51,0.446647,1.0124528778204197e-06,0.693537,261.8,0.2445,260.8,1.0
7643,3,8483.08,15375.66,0.406294,1.0124078003430818e-06,0.766283,263.8,0.2426,260.7,1.0
7644,3,8483.78,15373.8,0.434355,1.012362719057612e-06,0.554941,265.1,0.2415,260.6,1.0
7645,3,8484.48,15371.95,0.391299,1.0123176339650292e-06,0.692083,264.9,0.2416,260.7,1.0
7646,3,8485.18,15370.1,0.460681,1.0122725450663526e-06,0.694225,263.0,0.2434,260.7,1.0
7647,3,8485.88,15368.24,0.434865,1.0122274523626015e-06,0.526941,265.5,0.2411,260.7,1.0
7648,3,8486.58,15366.39,0.457668,1.0121823558547948e-06,0.725563,264.4,0.2421,260.9,1.0
7649,3,8487.3,15364.58,0.417922,1.012137255543952e-06,0.710671,243.6,0.2628,259.8,0.9
7650,3,8487.99,15362.71,0.429458,1.0120921514310926e-06,0.753578,260.7,0.2455,259.7,0.9
7651,3,8488.69,15360.85,0.451611,1.0120470435172359e-06,0.750851,263.2,0.2432,259.8,0.9
7652,3,8489.39,15359.0,0.417266,1.0120019318034016e-06,0.57577,263.4,0.243,260.2,0.9
7653,3,8490.09,15357.16,0.417206,1.0119568162906094e-06,0.690807,264.2,0.2422,260.4,0.9
7654,3,8490.79,15355.31,0.428693,1.0119116969798791e-06,0.629154,262.8,0.2435,260.2,0.9
7655,3,8491.49,15353.46,0.486528,1.0118665738722307e-06,0.759654,264.5,0.242,260.1,0.9
7656,3,8492.19,15351.61,0.411992,1.0118214469686837e-06,0.665649,263.3,0.2431,260.3,0.8
7657,3,8492.89,15349.77,0.457619,1.0117763162702584e-06,0.824987,260.8,0.2454,260.3,0.8
7658,3,8493.59,15347.92,0.436444,1.0117311817779751e-06,0.649015,265.4,0.2411,260.6,0.8
7659,3,8494.29,15346.07,0.430137,1.0116860434928536e-06,0.733146,263.5,0.2429,260.7,0.7
7660,3,8494.99,15344.22,0.405996,1.0116409014159142e-06,0.799347,265.8,0.2408,260.7,0.7
7661,3,8495.72,15342.42,0.357065,1.0115957555481774e-06,0.571683,269.0,0.238,260.9,0.7
7662,3,8496.42,15340.58,0.389369,1.0115506058906637e-06,0.916723,264.5,0.2419,261.0,0.7
7663,3,8497.12,15338.73,0.377666,1.0115054524443936e-06,0.590345,266.4,0.2403,261.1,0.7
7664,3,8497.82,15336.89,0.432968,1.0114602952103878e-06,0.747357,263.7,0.2427,261.1,0.7
7665,3,8498.52,15335.04,0.432583,1.0114151341896668e-06,0.794041,265.6,0.241,261.1,0.7
7666,3,8499.22,15333.19,0.433013,1.0113699693832515e-06,0.573548,264.7,0.2418,261.1,0.8
7667,3,8499.93,15331.35,0.450021,1.0113248007921627e-06,0.599632,264.2,0.2422,261.1,0.7
7668,3,8500.63,15329.51,0.420059,1.0112796284174216e-06,0.889863,263.7,0.2427,261.0,0.8
7669,3,8501.33,15327.67,0.39256,1.011234452260049e-06,0.90325,260.8,0.2454,261.9,0.8
7670,3,8502.03,15325.82,0.427365,1.0111892723210664e-06,0.68239,263.7,0.2427,262.1,0.8
7671,3,8502.73,15323.97,0.495794,1.0111440886014944e-06,0.749645,264.9,0.2416,262.2,0.8
7672,3,8503.43,15322.14,0.434327,1.0110989011023547e-06,0.959609,262.8,0.2435,262.1,0.8
7673,3,8504.13,15320.29,0.441306,1.0110537098246688e-06,0.785178,264.2,0.2422,262.1,0.8
7674,3,8504.83,15318.45,0.428304,1.011008514769458e-06,0.598326,262.4,0.2439,262.2,0.8
7675,3,8505.55,15316.64,0.430837,1.010963315937744e-06,1.011485,245.9,0.2603,261.2,0.8
7676,3,8506.23,15314.76,0.435321,1.0109181133305481e-06,0.68591,262.2,0.2441,261.0,0.8
7677,3,8506.94,15312.94,0.457109,1.0108729069488922e-06,0.744657,253.0,0.253,260.5,0.8
7678,3,8507.64,15311.08,0.402374,1.0108276967937982e-06,0.666225,263.3,0.243,260.5,0.8
7679,3,8508.34,15309.24,0.426757,1.010782482866288e-06,0.559262,263.7,0.2427,260.5,0.8
7680,3,8509.03,15307.4,0.404699,1.0107372651673835e-06,0.843377,265.6,0.241,260.5,0.8
7681,3,8509.79,15305.66,0.391122,1.0106920436981071e-06,0.625232,263.2,0.2431,260.1,0.9
7682,3,8510.49,15303.81,0.414249,1.0106468184594806e-06,0.657195,262.4,0.2439,260.0,0.8
7683,3,8511.19,15301.98,0.468805,1.0106015894525263e-06,0.730389,260.9,0.2453,259.7,0.8
7684,3,8511.89,15300.14,0.447514,1.0105563566782665e-06,0.922573,258.9,0.2472,259.5,0.8
7685,3,8512.59,15298.29,0.413519,1.0105111201377237e-06,0.660354,262.4,0.2439,259.3,0.9
7686,3,8513.29,15296.45,0.410896,1.0104658798319205e-06,0.563972,264.6,0.2418,259.4,0.8
7687,3,8513.98,15294.6,0.393371,1.0104206357618791e-06,0.658998,264.4,0.2421,259.3,0.9
7688,3,8514.69,15292.77,0.399427,1.0103753879286228e-06,0.554556,259.1,0.247,259.1,0.9
7689,3,8515.38,15290.92,0.391821,1.0103301363331738e-06,0.718331,262.5,0.2438,259.2,0.9
7690,3,8516.08,15289.07,0.399969,1.010284880976555e-06,0.56952,265.5,0.241,259.3,0.8
7691,3,8516.78,15287.24,0.41467,1.0102396218597896e-06,0.552274,264.0,0.2425,259.2,0.9
7692,3,8517.48,15285.4,0.421594,1.0101943589839005e-06,0.981733,261.6,0.2447,259.2,0.8
7693,3,8518.18,15283.56,0.369411,1.0101490923499107e-06,0.632177,262.0,0.2443,259.1,0.8
7694,3,8518.88,15281.72,0.453838,1.0101038219588433e-06,0.706355,263.1,0.2432,259.2,0.8
7695,3,8519.58,15279.88,0.462346,1.0100585478117218e-06,0.659882,263.6,0.2428,260.1,0.8
7696,3,8520.28,15278.04,0.397285,1.0100132699095694e-06,0.672681,263.8,0.2426,260.2,0.8
7697,3,8520.97,15276.2,0.432856,1.0099679882534096e-06,0.673985,264.3,0.2422,260.8,0.8
7698,3,8521.67,15274.36,0.410832,1.009922702844266e-06,0.586357,263.3,0.2431,260.8,0.8
7699,3,8522.37,15272.53,0.388117,1.009877413683162e-06,0.541167,262.9,0.2434,260.7,0.8
7700,3,8523.07,15270.69,0.438027,1.0098321207711213e-06,0.709938,264.2,0.2422,260.7,0.8
7701,3,8523.8,15268.9,0.398182,1.0097868241091678e-06,0.950538,265.1,0.2414,260.9,0.8
7702,3,8524.5,15267.06,0.37545,1.0097415236983255e-06,0.740197,262.6,0.2437,260.9,0.8
7703,3,8525.19,15265.22,0.438588,1.009696219539618e-06,0.600489,263.9,0.2425,261.1,0.8
7704,3,8525.9,15263.39,0.414841,1.0096509116340696e-06,0.788491,263.9,0.2425,261.3,0.8
7705,3,8526.6,15261.56,0.409198,1.009605599982704e-06,0.625774,263.6,0.2428,261.4,0.8
7706,3,8527.3,15259.73,0.409418,1.009560284586546e-06,0.697803,257.0,0.2491,261.0,0.8
7707,3,8528.0,15257.89,0.397025,1.0095149654466193e-06,0.858821,262.8,0.2435,261.0,0.7
7708,3,8528.7,15256.06,0.40284,1.0094696425639486e-06,0.653349,260.8,0.2454,261.1,0.7
7709,3,8529.4,15254.22,0.434875,1.0094243159395584e-06,0.551066,265.5,0.2411,261.2,0.7
7710,3,8530.1,15252.39,0.467407,1.0093789855744731e-06,0.745753,262.0,0.2443,261.0,0.7
7711,3,8530.8,15250.56,0.41953,1.0093336514697175e-06,0.831593,263.2,0.2431,261.0,0.7
7712,3,8531.5,15248.72,0.420317,1.0092883136263161e-06,0.697393,264.8,0.2417,261.1,0.8
7713,3,8532.26,15247.0,0.472177,1.0092429720452939e-06,0.914476,211.7,0.3023,258.1,0.7
7714,3,8532.9,15245.07,0.437999,1.0091976267276753e-06,0.55944,262.6,0.2437,258.0,0.8
7715,3,8533.6,15243.24,0.450821,1.0091522776744856e-06,0.86606,261.6,0.2447,258.0,0.7
7716,3,8534.3,15241.41,0.398783,1.0091069248867498e-06,0.705956,261.9,0.2443,257.9,0.7
7717,3,8535.0,15239.58,0.38806,1.0090615683654932e-06,0.741162,264.8,0.2417,258.0,0.7
7718,3,8535.7,15237.75,0.405541,1.0090162081117407e-06,0.659373,263.2,0.2431,257.9,0.7
7719,3,8536.4,15235.91,0.423372,1.0089708441265178e-06,0.857957,265.7,0.2409,258.1,0.7
7720,3,8537.12,15234.11,0.411032,1.0089254764108498e-06,0.712211,264.7,0.2418,258.0,0.8
7721,3,8537.85,15232.34,0.452558,1.008880104965762e-06,0.774149,264.2,0.2423,258.0,0.7
7722,3,8538.55,15230.51,0.440094,1.0088347297922804e-06,0.84247,263.2,0.2432,258.0,0.7
7723,3,8539.26,15228.69,0.43806,1.0087893508914303e-06,1.025205,261.0,0.2452,257.9,0.7
7724,3,8539.95,15226.86,0.35198,1.0087439682642374e-06,0.584691,261.9,0.2444,257.8,0.7
7725,3,8540.65,15225.03,0.42711,1.0086985819117276e-06,0.697174,263.1,0.2432,257.8,0.7
7726,3,8541.36,15223.21,0.467307,1.0086531918349268e-06,1.126241,261.9,0.2444,258.0,0.8
7727,3,8542.06,15221.39,0.412237,1.008607798034861e-06,0.838013,260.1,0.246,257.9,0.7
7728,3,8542.76,15219.56,0.434494,1.008562400512556e-06,0.742664,264.8,0.2417,258.0,0.8
7729,3,8543.47,15217.75,0.435495,1.0085169992690385e-06,1.097154,255.1,0.2508,257.5,0.8
7730,3,8544.17,15215.91,0.43189,1.0084715943053342e-06,0.703347,265.1,0.2414,257.7,0.8
7731,3,8544.87,15214.09,0.390137,1.0084261856224697e-06,0.642021,262.2,0.2441,257.6,0.8
7732,3,8545.57,15212.26,0.425767,1.0083807732214711e-06,0.650889,263.5,0.2429,257.5,0.8
7733,3,8546.27,15210.44,0.430549,1.008335357103365e-06,0.779865,264.3,0.2421,260.7,0.8
7734,3,8546.98,15208.63,0.470407,1.0082899372691781e-06,0.736695,261.4,0.2448,260.7,0.8
7735,3,8547.68,15206.8,0.433514,1.0082445137199369e-06,0.573539,261.5,0.2448,260.7,0.8
7736,3,8548.38,15204.98,0.443403,1.008199086456668e-06,0.586412,263.2,0.2432,260.7,0.8
7737,3,8549.08,15203.16,0.381455,1.0081536554803986e-06,0.651492,262.3,0.244,260.6,0.8
7738,3,8549.79,15201.35,0.40753,1.0081082207921553e-06,0.695001,258.2,0.2479,260.4,0.8
7739,3,8550.48,15199.51,0.451739,1.008062782392965e-06,0.673083,264.7,0.2418,260.4,0.7
7740,3,8551.19,15197.69,0.428956,1.0080173402838549e-06,0.642529,264.1,0.2423,260.4,0.7
7741,3,8551.92,15195.92,0.44458,1.0079718944658523e-06,0.872481,264.6,0.2419,260.4,0.7
7742,3,8552.62,15194.1,0.429535,1.0079264449399841e-06,0.908444,264.5,0.242,260.5,0.7
7743,3,8553.32,15192.28,0.410154,1.007880991707278e-06,0.665142,265.5,0.241,260.7,0.7
7744,3,8554.02,15190.45,0.39803,1.007835534768761e-06,0.903978,265.4,0.2411,260.9,0.7
7745,3,8554.72,15188.64,0.460093,1.0077900741254607e-06,0.611377,259.9,0.2462,260.7,0.7
7746,3,8555.42,15186.81,0.381178,1.0077446097784047e-06,0.884365,265.9,0.2407,260.9,0.7
7747,3,8556.12,15184.99,0.368953,1.0076991417286206e-06,0.661564,263.2,0.2432,261.1,0.7
7748,3,8556.82,15183.17,0.422158,1.0076536699771362e-06,0.865144,264.6,0.2419,261.0,0.7
7749,3,8557.52,15181.35,0.428665,1.0076081945249793e-06,0.783716,266.3,0.2403,261.6,0.7
7750,3,8558.22,15179.53,0.433231,1.007562715373178e-06,0.71952,265.4,0.2411,261.6,0.7
7751,3,8558.96,15177.77,0.400244,1.0075172325227603e-06,0.666024,231.5,0.2764,260.0,0.7
7752,3,8559.63,15175.89,0.420741,1.0074717459747536e-06,0.802812,263.7,0.2427,260.0,0.7
7753,3,8560.33,15174.07,0.426798,1.0074262557301868e-06,0.816794,264.8,0.2417,260.0,0.7
7754,3,8561.03,15172.26,0.459215,1.0073807617900876e-06,1.23844,260.1,0.2461,259.9,0.7
7755,3,8561.73,15170.44,0.435538,1.0073352641554849e-06,0.957509,263.6,0.2428,260.0,0.7
7756,3,8562.43,15168.62,0.467341,1.0072897628274066e-06,0.681296,263.3,0.2431,260.1,0.7
7757,3,8563.13,15166.8,0.347572,1.0072442578068813e-06,0.830789,262.7,0.2436,260.1,0.7
7758,3,8563.83,15164.98,0.435419,1.0071987490949377e-06,0.729655,265.3,0.2413,260.4,0.7
7759,3,8564.53,15163.16,0.426953,1.0071532366926043e-06,0.637954,263.5,0.2428,260.3,0.7
7760,3,8565.27,15161.41,0.445162,1.0071077206009099e-06,0.783398,230.6,0.2775,258.4,0.7
7761,3,8566.02,15159.68,0.478004,1.007062200820883e-06,0.903795,266.4,0.2402,258.2,0.8
7762,3,8566.72,15157.86,0.408308,1.0070166773535533e-06,0.658415,262.4,0.2439,258.1,0.8
7763,3,8567.42,15156.05,0.413534,1.0069711501999491e-06,0.690844,261.9,0.2444,258.0,0.8
7764,3,8568.13,15154.24,0.467916,1.0069256193610998e-06,0.698498,256.8,0.2492,257.5,0.8
7765,3,8568.82,15152.41,0.377537,1.0068800848380343e-06,0.743164,263.7,0.2427,257.7,0.8
7766,3,8569.52,15150.6,0.419596,1.006834546631782e-06,0.711125,263.3,0.2431,257.6,0.8
7767,3,8570.22,15148.78,0.38837,1.006789004743372e-06,0.626659,264.0,0.2424,257.6,0.9
7768,3,8570.96,15147.03,0.424053,1.006743459173834e-06,0.6621,230.8,0.2773,255.8,0.8
7769,3,8571.63,15145.17,0.446865,1.0066979099241976e-06,0.772486,263.7,0.2427,255.7,0.8
7770,3,8572.34,15143.36,0.387996,1.006652356995492e-06,0.77641,263.4,0.243,255.6,0.8
7771,3,8573.04,15141.54,0.407838,1.006606800388747e-06,0.580552,265.2,0.2413,257.3,0.9
7772,3,8573.74,15139.73,0.390422,1.006561240104992e-06,0.935869,264.2,0.2423,257.3,0.9
7773,3,8574.44,15137.92,0.42355,1.0065156761452574e-06,0.753782,264.8,0.2417,257.3,0.9
7774,3,8575.14,15136.11,0.476076,1.0064701085105728e-06,0.828131,264.7,0.2418,257.6,0.8
7775,3,8575.84,15134.3,0.456839,1.006424537201968e-06,0.695351,263.8,0.2426,257.6,0.9
7776,3,8576.55,15132.49,0.430679,1.0063789622204735e-06,0.628402,263.9,0.2425,257.6,0.8
7777,3,8577.25,15130.68,0.488946,1.0063333835671191e-06,0.704432,264.5,0.242,257.6,0.9
7778,3,8577.95,15128.87,0.463625,1.0062878012429353e-06,0.651841,264.5,0.2419,257.7,0.8
7779,3,8578.65,15127.06,0.415917,1.006242215248952e-06,0.630713,262.5,0.2438,257.7,0.8
7780,3,8579.36,15125.26,0.472889,1.0061966255862e-06,1.010417,260.6,0.2456,259.4,0.8
7781,3,8580.07,15123.46,0.410499,1.00615103225571e-06,0.572078,265.7,0.2409,259.7,0.7
7782,3,8580.78,15121.67,0.434469,1.0061054352585118e-06,0.727382,254.8,0.2511,259.2,0.7
7783,3,8581.47,15119.84,0.426548,1.0060598345956367e-06,0.625391,263.0,0.2433,259.3,0.7
7784,3,8582.17,15118.03,0.451389,1.006014230268115e-06,0.773513,262.4,0.2439,259.6,0.7
7785,3,8582.88,15116.22,0.491474,1.0059686222769777e-06,0.793423,265.6,0.241,259.8,0.7
7786,3,8583.58,15114.43,0.449112,1.0059230106232557e-06,0.695197,264.2,0.2422,259.6,0.7
7787,3,8584.29,15112.62,0.406214,1.0058773953079802e-06,0.551695,261.6,0.2447,259.5,0.7
7788,3,8584.99,15110.82,0.380719,1.0058317763321818e-06,0.537443,259.6,0.2466,261.1,0.8
7789,3,8585.69,15109.01,0.466742,1.005786153696892e-06,0.788707,262.3,0.244,261.0,0.8
7790,3,8586.39,15107.2,0.386887,1.0057405274031416e-06,0.551804,263.5,0.2429,261.0,0.8
7791,3,8587.09,15105.39,0.407639,1.0056948974519624e-06,0.632861,263.0,0.2433,260.9,0.8
7792,3,8587.8,15103.59,0.468724,1.0056492638443854e-06,1.023712,264.1,0.2423,260.9,0.8
7793,3,8588.53,15101.84,0.415115,1.0056036265814426e-06,0.69506,230.3,0.2779,258.9,0.8
7794,3,8589.19,15099.97,0.392225,1.005557985664165e-06,0.819638,264.9,0.2416,258.9,0.8
7795,3,8589.91,15098.18,0.387061,1.0055123410935846e-06,0.692501,254.8,0.2512,258.5,0.8
7796,3,8590.6,15096.36,0.411262,1.005466692870733e-06,0.548585,264.5,0.2419,258.5,0.8
7797,3,8591.34,15094.63,0.403718,1.0054210409966417e-06,0.806718,221.2,0.2893,256.1,0.8
7798,3,8592.0,15092.74,0.430889,1.005375385472343e-06,0.661759,263.1,0.2432,256.0,0.8
7799,3,8592.7,15090.94,0.439015,1.0053297262988688e-06,0.59725,263.9,0.2425,256.0,0.8
7800,3,8593.42,15089.16,0.374606,1.0052840634772512e-06,0.615382,248.4,0.2576,255.3,0.8
7801,3,8607.94,15111.62,0.39711,1.0052383970085222e-06,0.845153,273.2,0.2343,255.7,0.8
7802,3,8608.63,15109.79,0.432425,1.005192726893714e-06,0.638242,267.2,0.2396,256.4,0.8
7803,3,8609.33,15107.97,0.395633,1.005147053133859e-06,0.857563,265.5,0.241,256.6,0.8
7804,3,8610.02,15106.14,0.383801,1.0051013757299894e-06,0.575494,268.7,0.2382,256.9,0.8
7805,3,8610.71,15104.32,0.44417,1.005055694683138e-06,0.677486,268.2,0.2386,257.1,0.7
7806,3,8611.4,15102.5,0.392496,1.005010009994337e-06,0.696589,268.6,0.2383,257.5,0.6
7807,3,8612.09,15100.67,0.398683,1.004964321664619e-06,0.661977,268.9,0.238,257.9,0.6
7808,3,8612.78,15098.85,0.467299,1.0049186296950172e-06,0.697387,272.0,0.2353,258.6,0.6
7809,3,8613.48,15097.03,0.366801,1.004872934086564e-06,0.692108,270.5,0.2366,259.0,0.6
7810,3,8614.17,15095.21,0.452783,1.0048272348402923e-06,0.705317,266.1,0.2405,259.2,0.5
7811,3,8614.86,15093.38,0.420942,1.004781531957235e-06,0.633863,270.2,0.2369,259.7,0.5
7812,3,8615.56,15091.57,0.469406,1.0047358254384254e-06,0.89292,266.4,0.2402,259.9,0.5
7813,3,8616.25,15089.75,0.440302,1.0046901152848967e-06,0.666799,265.4,0.2411,261.9,0.4
7814,3,8616.95,15087.93,0.404137,1.0046444014976815e-06,0.91462,265.9,0.2407,261.9,0.5
7815,3,8617.65,15086.12,0.434968,1.0045986840778135e-06,0.868672,266.7,0.24,262.5,0.4
7816,3,8618.34,15084.3,0.444008,1.0045529630263262e-06,0.702572,267.3,0.2394,262.6,0.5
7817,3,8619.04,15082.49,0.394056,1.004507238344253e-06,0.590035,265.1,0.2414,265.2,0.5
7818,3,8619.73,15080.68,0.405978,1.004461510032627e-06,0.755594,267.6,0.2391,265.5,0.5
7819,3,8620.43,15078.87,0.415249,1.0044157780924824e-06,0.830031,265.7,0.2408,265.5,0.5
7820,3,8621.13,15077.06,0.420285,1.0043700425248526e-06,0.708833,265.5,0.241,266.4,0.5
7821,3,8621.86,15075.29,0.437509,1.0043243033307713e-06,0.673194,264.8,0.2417,266.0,0.5
7822,3,8622.55,15073.48,0.395539,1.0042785605112725e-06,0.736326,263.3,0.243,265.7,0.5
7823,3,8623.3,15071.76,0.419118,1.00423281406739e-06,0.863974,217.1,0.2948,262.7,0.6
7824,3,8623.94,15069.86,0.409307,1.0041870640001581e-06,0.879632,264.2,0.2422,262.4,0.6
7825,3,8624.64,15068.05,0.495739,1.0041413103106108e-06,0.792192,265.9,0.2407,262.2,0.6
7826,3,8625.34,15066.24,0.44741,1.004095552999782e-06,0.646914,265.4,0.2412,261.9,0.6
7827,3,8626.03,15064.43,0.347268,1.0040497920687063e-06,0.554557,265.8,0.2407,261.7,0.7
7828,3,8626.73,15062.62,0.405123,1.004004027518418e-06,1.172264,263.6,0.2428,261.2,0.7
7829,3,8627.43,15060.81,0.471166,1.0039582593499514e-06,0.836039,263.0,0.2433,260.8,0.7
7830,3,8628.13,15059.0,0.406758,1.0039124875643411e-06,0.717818,265.2,0.2414,260.7,0.8
7831,3,8628.82,15057.19,0.449113,1.0038667121626216e-06,0.682791,264.7,0.2418,260.4,0.8
7832,3,8629.54,15055.41,0.428056,1.0038209331458278e-06,0.513641,263.7,0.2427,260.0,0.9
7833,3,8630.23,15053.6,0.421628,1.0037751505149942e-06,0.849006,265.8,0.2407,260.0,0.9
7834,3,8630.94,15051.81,0.435296,1.003729364271156e-06,0.53716,255.7,0.2503,259.5,0.9
7835,3,8631.63,15049.99,0.443088,1.0036835744153478e-06,0.578099,266.6,0.24,259.4,0.9
7836,3,8632.33,15048.19,0.444994,1.0036377809486047e-06,0.767861,267.3,0.2395,259.4,0.9
7837,3,8633.03,15046.38,0.428359,1.0035919838719618e-06,0.752187,263.9,0.2425,259.4,0.9
7838,3,8633.72,15044.58,0.441328,1.0035461831864541e-06,0.62294,264.4,0.242,259.2,0.9
7839,3,8634.42,15042.77,0.460921,1.0035003788931172e-06,0.695474,264.5,0.242,259.2,0.9
7840,3,8635.12,15040.97,0.424107,1.003454570992986e-06,0.610584,264.5,0.242,259.2,0.9
7841,3,8635.84,15039.21,0.390717,1.0034087594870964e-06,0.793969,266.6,0.2401,259.3,0.9
7842,3,8636.54,15037.41,0.429113,1.0033629443764835e-06,0.70243,265.7,0.2408,259.5,0.8
7843,3,8637.24,15035.6,0.402538,1.0033171256621832e-06,0.650389,265.2,0.2413,262.3,0.9
7844,3,8637.94,15033.8,0.440998,1.003271303345231e-06,0.907332,264.2,0.2422,262.3,0.9
7845,3,8638.64,15032.0,0.46287,1.0032254774266623e-06,0.791175,264.3,0.2421,262.2,0.9
7846,3,8639.34,15030.21,0.433945,1.0031796479075136e-06,0.684895,263.8,0.2426,262.2,0.8
7847,3,8640.04,15028.4,0.442694,1.0031338147888202e-06,0.792414,265.3,0.2412,262.2,0.8
7848,3,8640.73,15026.6,0.40174,1.0030879780716183e-06,0.722328,267.3,0.2394,262.5,0.8
7849,3,8641.43,15024.79,0.46694,1.003042137756944e-06,0.71493,266.1,0.2405,262.6,0.8
7850,3,8642.13,15022.99,0.400746,1.0029962938458335e-06,0.917531,265.1,0.2414,262.6,0.8
7851,3,8642.86,15021.25,0.396097,1.002950446339323e-06,0.821052,231.3,0.2767,260.8,0.8
7852,3,8643.53,15019.41,0.461068,1.0029045952384489e-06,0.711005,261.8,0.2444,260.8,0.7
7853,3,8644.23,15017.61,0.403999,1.0028587405442473e-06,0.662271,261.4,0.2448,260.7,0.7
7854,3,8644.93,15015.81,0.420192,1.002812882257755e-06,0.785558,264.2,0.2422,261.1,0.7
7855,3,8645.63,15014.01,0.407394,1.0027670203800084e-06,0.703008,262.2,0.2441,260.9,0.7
7856,3,8646.33,15012.21,0.447034,1.002721154912044e-06,0.904305,264.6,0.2419,260.8,0.7
7857,3,8647.03,15010.42,0.428691,1.0026752858548987e-06,0.946633,263.4,0.243,260.7,0.7
7858,3,8647.73,15008.62,0.427904,1.0026294132096091e-06,0.588684,264.3,0.2421,260.8,0.7
7859,3,8648.42,15006.82,0.408324,1.0025835369772123e-06,0.684517,264.8,0.2417,260.8,0.7
7860,3,8649.12,15005.02,0.397416,1.002537657158745e-06,0.62919,262.8,0.2435,260.6,0.7
7861,3,8649.85,15003.27,0.417489,1.0024917737552445e-06,0.789175,266.9,0.2398,260.6,0.7
7862,3,8650.55,15001.47,0.374935,1.0024458867677478e-06,0.593345,265.6,0.2409,260.6,0.7
7863,3,8651.25,14999.67,0.373648,1.002399996197292e-06,0.682803,263.6,0.2428,260.5,0.7
7864,3,8651.94,14997.88,0.407059,1.0023541020449149e-06,0.767432,267.7,0.2391,260.7,0.7
7865,3,8652.64,14996.08,0.416322,1.0023082043116533e-06,0.56411,265.4,0.2411,260.8,0.7
7866,3,8653.34,14994.29,0.455506,1.0022623029985447e-06,0.729874,263.5,0.2429,260.7,0.7
7867,3,8654.04,14992.49,0.455749,1.0022163981066267e-06,0.696142,263.6,0.2428,260.6,0.8
7868,3,8654.74,14990.7,0.404397,1.002170489636937e-06,0.779063,263.6,0.2428,260.3,0.8
7869,3,8655.44,14988.9,0.437426,1.0021245775905133e-06,0.622259,263.8,0.2426,260.2,0.8
7870,3,8656.14,14987.1,0.390736,1.0020786619683934e-06,0.734326,264.9,0.2416,260.2,0.8
7871,3,8656.83,14985.31,0.439513,1.002032742771615e-06,0.630572,264.6,0.2419,262.0,0.8
7872,3,8657.53,14983.51,0.412643,1.0019868200012159e-06,0.557027,265.4,0.2411,262.2,0.8
7873,3,8658.23,14981.72,0.415498,1.0019408936582345e-06,0.714507,263.0,0.2434,262.3,0.8
7874,3,8658.92,14979.92,0.39932,1.0018949637437086e-06,0.477851,265.5,0.241,262.5,0.8
7875,3,8659.62,14978.12,0.416831,1.0018490302586763e-06,0.703934,265.5,0.2411,262.7,0.7
7876,3,8660.32,14976.33,0.39342,1.0018030932041762e-06,0.608995,264.4,0.242,262.7,0.7
7877,3,8661.02,14974.54,0.436054,1.0017571525812464e-06,0.650644,265.1,0.2414,262.9,0.7
7878,3,8661.72,14972.75,0.432442,1.0017112083909253e-06,1.098464,261.2,0.245,262.6,0.7
7879,3,8662.42,14970.96,0.381077,1.0016652606342516e-06,0.687122,266.4,0.2403,262.7,0.7
7880,3,8663.12,14969.17,0.429533,1.0016193093122637e-06,0.540435,262.1,0.2441,262.7,0.7
7881,3,8663.85,14967.42,0.414551,1.0015733544260002e-06,0.861358,263.4,0.2429,262.5,0.7
7882,3,8664.54,14965.63,0.407107,1.0015273959764998e-06,0.823175,263.1,0.2433,262.4,0.7
7883,3,8665.24,14963.83,0.431191,1.0014814339648016e-06,0.703952,266.1,0.2405,262.5,0.7
7884,3,8665.94,14962.04,0.45272,1.0014354683919444e-06,0.594986,264.1,0.2423,262.4,0.7
7885,3,8666.64,14960.25,0.384575,1.0013894992589667e-06,0.977456,265.5,0.2411,262.4,0.7
7886,3,8667.34,14958.46,0.464948,1.0013435265669083e-06,0.812826,264.7,0.2417,262.5,0.7
7887,3,8668.03,14956.67,0.347494,1.001297550316808e-06,0.652695,266.3,0.2403,262.7,0.7
7888,3,8668.73,14954.88,0.402001,1.001251570509705e-06,0.684341,263.3,0.2431,262.7,0.6
7889,3,8669.43,14953.1,0.476057,1.0012055871466384e-06,0.717556,257.9,0.2481,262.4,0.6
7890,3,8670.13,14951.3,0.40745,1.0011596002286479e-06,0.632267,265.5,0.241,262.5,0.6
7891,3,8670.83,14949.51,0.426786,1.0011136097567729e-06,0.808399,265.3,0.2412,262.5,0.6
7892,3,8671.59,14947.83,0.397878,1.0010676157320529e-06,0.774358,217.7,0.294,259.7,0.6
7893,3,8672.24,14945.96,0.421934,1.0010216181555276e-06,0.781089,260.7,0.2455,259.5,0.6
7894,3,8672.94,14944.18,0.418002,1.0009756170282365e-06,0.723333,263.4,0.2429,259.4,0.7
7895,3,8673.64,14942.39,0.403008,1.0009296123512195e-06,0.603317,262.7,0.2436,259.2,0.7
7896,3,8674.34,14940.6,0.376847,1.0008836041255166e-06,0.551371,264.6,0.2419,259.2,0.7
7897,3,8675.04,14938.81,0.402467,1.0008375923521673e-06,0.533776,263.7,0.2427,259.0,0.7
7898,3,8675.73,14937.03,0.449285,1.000791577032212e-06,0.782524,265.1,0.2414,259.2,0.7
7899,3,8676.43,14935.24,0.409135,1.0007455581666909e-06,0.740222,262.9,0.2434,258.9,0.8
7900,3,8677.13,14933.45,0.408887,1.000699535756644e-06,0.673595,266.0,0.2406,259.1,0.8
7901,3,8677.86,14931.72,0.437132,1.0006535098031116e-06,0.727338,267.4,0.2394,259.4,0.8
7902,3,8678.56,14929.94,0.443977,1.000607480307134e-06,0.784249,261.5,0.2447,259.3,0.7
7903,3,8679.26,14928.15,0.435674,1.0005614472697514e-06,0.675847,263.2,0.2432,259.2,0.7
7904,3,8679.96,14926.37,0.453338,1.0005154106920045e-06,0.636299,261.1,0.2451,259.0,0.8
7905,3,8680.66,14924.58,0.414604,1.0004693705749343e-06,0.659997,263.3,0.243,258.9,0.8
7906,3,8681.36,14922.8,0.386577,1.0004233269195808e-06,0.545538,260.1,0.246,258.7,0.8
7907,3,8682.05,14921.0,0.437775,1.0003772797269851e-06,0.826833,265.1,0.2414,258.6,0.8
7908,3,8682.75,14919.22,0.413209,1.0003312289981878e-06,0.788042,264.9,0.2416,258.6,0.8
7909,3,8683.45,14917.43,0.413036,1.00028517473423e-06,0.771791,266.2,0.2404,259.0,0.8
7910,3,8684.2,14915.75,0.398461,1.0002391169361527e-06,0.929021,216.8,0.2952,256.3,0.7
7911,3,8684.85,14913.87,0.444104,1.0001930556049968e-06,0.663715,261.6,0.2447,256.1,0.8
7912,3,8685.55,14912.09,0.42379,1.0001469907418035e-06,0.720416,263.5,0.2429,258.7,0.8
7913,3,8686.24,14910.31,0.387693,1.0001009223476142e-06,0.923842,264.1,0.2424,258.9,0.7
7914,3,8686.94,14908.52,0.397537,1.00005485042347e-06,0.630616,264.3,0.2422,259.0,0.7
7915,3,8687.64,14906.74,0.452916,1.0000087749704122e-06,0.769033,264.7,0.2418,259.0,0.8
7916,3,8688.34,14904.96,0.391972,9.999626959894826e-07,0.617054,266.1,0.2405,259.1,0.8
7917,3,8689.04,14903.18,0.391853,9.999166134817224e-07,0.531787,262.1,0.2442,259.1,0.7
7918,3,8689.74,14901.41,0.422663,9.998705274481735e-07,0.803566,262.1,0.2442,258.9,0.7
7919,3,8690.44,14899.63,0.455546,9.998244378898773e-07,0.675743,263.5,0.2428,259.1,0.7
7920,3,8691.14,14897.85,0.425727,9.997783448078758e-07,0.684888,263.0,0.2433,258.9,0.7
7921,3,8691.9,14896.16,0.4212,9.997322482032108e-07,0.706827,266.4,0.2403,258.9,0.7
7922,3,8692.59,14894.38,0.402811,9.996861480769242e-07,0.490107,265.9,0.2407,259.0,0.7
7923,3,8693.3,14892.61,0.377412,9.996400444300582e-07,0.681486,262.6,0.2437,258.9,0.7
7924,3,8693.99,14890.82,0.406721,9.995939372636547e-07,0.663057,265.5,0.241,259.3,0.7
7925,3,8694.69,14889.05,0.436387,9.99547826578756e-07,1.2384,260.7,0.2455,259.2,0.7
7926,3,8695.39,14887.27,0.38628,9.995017123764043e-07,0.507175,263.0,0.2433,259.2,0.7
7927,3,8696.09,14885.49,0.414386,9.994555946576419e-07,0.778839,261.9,0.2444,259.1,0.7
7928,3,8696.79,14883.71,0.422923,9.99409473423511e-07,0.649617,265.2,0.2413,259.1,0.7
7929,3,8697.5,14881.95,0.438347,9.993633486750545e-07,0.832514,259.8,0.2463,258.8,0.7
7930,3,8698.2,14880.17,0.420181,9.99317220413315e-07,0.671505,260.5,0.2457,261.4,0.7
7931,3,8698.9,14878.39,0.437448,9.992710886393346e-07,0.893455,262.7,0.2437,261.5,0.7
7932,3,8699.6,14876.62,0.400333,9.992249533541566e-07,0.566799,261.6,0.2446,261.4,0.7
7933,3,8700.3,14874.84,0.447959,9.991788145588238e-07,0.863722,263.4,0.243,261.3,0.7
7934,3,8701.0,14873.07,0.427256,9.991326722543786e-07,0.68998,262.2,0.2441,261.2,0.7
7935,3,8701.7,14871.29,0.444999,9.990865264418644e-07,0.922168,265.2,0.2414,261.2,0.7
7936,3,8702.39,14869.51,0.430649,9.990403771223242e-07,0.754691,264.0,0.2424,261.2,0.7
7937,3,8703.09,14867.74,0.398111,9.98994224296801e-07,0.579232,263.5,0.2429,261.2,0.7
7938,3,8703.79,14865.96,0.358744,9.989480679663382e-07,0.539947,263.3,0.2431,261.3,0.7
7939,3,8704.49,14864.19,0.439727,9.98901908131979e-07,0.698273,263.7,0.2427,261.2,0.7
7940,3,8705.19,14862.42,0.440284,9.988557447947666e-07,0.572126,265.5,0.2411,261.5,0.7
7941,3,8705.94,14860.72,0.413299,9.988095779557445e-07,0.564974,263.9,0.2425,260.7,1.0
7942,3,8706.64,14858.95,0.398173,9.987634076159564e-07,0.720307,259.7,0.2464,260.5,0.9
7943,3,8707.33,14857.16,0.422757,9.987172337764459e-07,0.614373,262.5,0.2438,260.6,0.9
7944,3,8708.03,14855.39,0.448073,9.986710564382564e-07,0.807595,261.7,0.2446,260.4,0.9
7945,3,8708.72,14853.61,0.428384,9.98624875602432e-07,0.623762,264.1,0.2423,260.6,0.8
7946,3,8709.42,14851.83,0.400168,9.985786912700163e-07,0.73595,265.7,0.2409,260.9,0.8
7947,3,8710.11,14850.05,0.433048,9.985325034420535e-07,0.917387,264.6,0.2418,261.1,0.8
7948,3,8710.81,14848.27,0.423815,9.984863121195872e-07,0.956729,267.7,0.239,261.3,0.7
7949,3,8711.51,14846.49,0.407604,9.98440117303662e-07,0.655585,267.9,0.2389,261.8,0.7
7950,3,8712.2,14844.72,0.393701,9.983939189953215e-07,0.708502,267.5,0.2393,262.1,0.7
7951,3,8712.9,14842.94,0.419697,9.983477171956102e-07,0.700386,268.2,0.2387,262.5,0.7
7952,3,8713.59,14841.16,0.398747,9.983015119055726e-07,0.646063,267.2,0.2395,262.9,0.6
7953,3,8714.29,14839.38,0.426744,9.982553031262528e-07,0.60123,270.0,0.237,263.3,0.6
7954,3,8714.98,14837.61,0.381667,9.982090908586955e-07,0.688597,267.2,0.2395,263.6,0.6
7955,3,8715.68,14835.83,0.402216,9.98162875103945e-07,0.553478,265.5,0.2411,263.8,0.5
7956,3,8716.37,14834.05,0.406686,9.981166558630463e-07,0.500644,268.7,0.2381,264.1,0.5
7957,3,8717.07,14832.27,0.373536,9.980704331370436e-07,0.804157,267.7,0.2391,264.4,0.4
7958,3,8717.76,14830.5,0.412144,9.98024206926982e-07,0.719867,268.3,0.2385,264.7,0.4
7959,3,8718.46,14828.72,0.432265,9.979779772339065e-07,1.18166,266.5,0.2401,265.0,0.4
7960,3,8719.15,14826.94,0.397101,9.979317440588618e-07,0.869937,266.9,0.2397,265.1,0.4
7961,3,8719.86,14825.18,0.377813,9.978855074028932e-07,0.811645,266.5,0.2402,265.9,0.1
7962,3,8720.55,14823.41,0.462497,9.978392672670456e-07,0.792339,267.5,0.2393,266.3,0.1
7963,3,8721.24,14821.63,0.41335,9.97793023652364e-07,0.634223,270.5,0.2366,266.7,0.1
7964,3,8721.94,14819.85,0.413674,9.97746776559894e-07,0.781735,267.4,0.2393,267.0,0.1
7965,3,8722.64,14818.08,0.4838,9.977005259906807e-07,0.902358,267.5,0.2392,267.2,0.1
7966,3,8723.33,14816.3,0.437545,9.9765427194577e-07,0.957196,270.4,0.2367,267.4,0.1
7967,3,8724.03,14814.53,0.423423,9.976080144262067e-07,0.628721,266.6,0.2401,267.5,0.1
7968,3,8724.72,14812.76,0.389918,9.975617534330368e-07,0.516432,266.4,0.2403,267.5,0.1
7969,3,8725.42,14810.98,0.460269,9.975154889673057e-07,0.671296,269.9,0.2371,267.6,0.1
7970,3,8726.12,14809.22,0.441352,9.974692210300593e-07,0.743368,263.8,0.2426,267.4,0.1
7971,3,8726.81,14807.44,0.391012,9.974229496223436e-07,0.534669,269.1,0.2379,267.4,0.1
7972,3,8727.51,14805.67,0.374674,9.973766747452042e-07,0.63166,269.2,0.2377,267.5,0.1
7973,3,8728.2,14803.9,0.386366,9.973303963996872e-07,0.711282,265.2,0.2413,267.3,0.1
7974,3,8728.9,14802.12,0.394696,9.972841145868383e-07,0.680067,269.3,0.2377,267.4,0.1
7975,3,8729.59,14800.35,0.446903,9.972378293077043e-07,0.650607,265.9,0.2407,267.4,0.1
7976,3,8730.29,14798.59,0.421421,9.971915405633309e-07,0.816921,262.7,0.2437,267.1,0.1
7977,3,8730.98,14796.81,0.408907,9.971452483547645e-07,0.757544,267.5,0.2392,267.1,0.1
7978,3,8731.68,14795.04,0.454105,9.970989526830514e-07,0.708951,267.4,0.2394,267.0,0.1
7979,3,8732.37,14793.26,0.420623,9.970526535492384e-07,0.581593,268.9,0.238,267.2,0.1
7980,3,8733.07,14791.49,0.409771,9.970063509543716e-07,0.890327,267.3,0.2394,267.2,0.1
7981,3,8733.77,14789.73,0.434823,9.969600448994978e-07,0.681647,269.5,0.2375,267.3,0.1
7982,3,8734.46,14787.97,0.417319,9.969137353856635e-07,0.674657,265.7,0.2409,267.2,0.1
7983,3,8735.16,14786.2,0.401231,9.968674224139157e-07,0.639325,266.7,0.24,267.0,0.1
7984,3,8735.85,14784.42,0.421254,9.96821105985301e-07,0.67848,270.5,0.2366,267.2,0.1
7985,3,8736.55,14782.65,0.442644,9.967747861008663e-07,0.904895,272.1,0.2352,267.4,0.1
7986,3,8737.25,14780.89,0.394848,9.96728462761659e-07,0.814462,265.7,0.2409,267.2,0.1
7987,3,8737.94,14779.12,0.418339,9.966821359687256e-07,0.85359,267.3,0.2394,267.3,0.1
7988,3,8738.63,14777.35,0.432154,9.966358057231134e-07,0.634821,268.2,0.2387,267.3,0.1
7989,3,8739.33,14775.59,0.389735,9.9658947202587e-07,0.753315,264.9,0.2416,267.1,0.1
7990,3,8740.03,14773.82,0.392238,9.96543134878042e-07,0.545266,267.2,0.2396,267.3,0.1
7991,3,8740.72,14772.05,0.390497,9.964967942806776e-07,0.724539,267.1,0.2396,267.2,0.1
7992,3,8741.41,14770.28,0.413385,9.964504502348235e-07,0.873088,271.2,0.236,267.3,0.1
7993,3,8742.11,14768.52,0.422453,9.96404102741528e-07,0.815987,269.9,0.2372,267.5,0.1
7994,3,8742.81,14766.75,0.426181,9.963577518018379e-07,0.656637,267.2,0.2395,267.4,0.1
7995,3,8743.5,14764.98,0.40382,9.963113974168015e-07,0.924905,270.7,0.2364,267.6,0.1
7996,3,8744.2,14763.23,0.466193,9.96265039587466e-07,0.869589,266.8,0.2399,267.8,0.1
7997,3,8744.9,14761.46,0.430759,9.9621867831488e-07,0.647425,266.5,0.2402,267.8,0.1
7998,3,8745.6,14759.7,0.383779,9.961723136000908e-07,0.606817,270.1,0.2369,267.9,0.1
7999,3,8746.3,14757.94,0.448398,9.961259454441465e-07,0.629839,267.8,0.239,267.9,0.1
8000,3,8746.99,14756.18,0.418027,9.960795738480953e-07,0.824261,266.5,0.2401,267.8,0.1
8001,3,8887.08,14989.52,0.437547,9.960331988129854e-07,0.692364,241.9,0.2645,266.3,0.1
8002,3,8887.76,14987.68,0.42656,9.959868203398651e-07,0.793998,269.0,0.2379,266.4,0.1
8003,3,8888.46,14985.87,0.44362,9.959404384297824e-07,0.584693,266.4,0.2403,266.4,0.1
8004,3,8889.16,14984.07,0.462179,9.95894053083786e-07,0.757522,265.4,0.2412,266.1,0.1
8005,3,8889.85,14982.26,0.394807,9.95847664302924e-07,0.684093,267.1,0.2396,265.9,0.1
8006,3,8890.54,14980.44,0.458424,9.958012720882454e-07,0.749639,266.9,0.2398,266.0,0.1
8007,3,8891.24,14978.64,0.398933,9.957548764407986e-07,0.888287,267.0,0.2397,265.9,0.1
8008,3,8891.94,14976.84,0.38889,9.95708477361632e-07,0.572472,265.6,0.241,265.8,0.1
8009,3,8892.64,14975.03,0.440887,9.956620748517949e-07,0.776757,266.3,0.2403,265.9,0.1
8010,3,8893.33,14973.22,0.365717,9.956156689123357e-07,0.781624,266.2,0.2404,265.9,0.1
8011,3,8894.03,14971.41,0.416978,9.955692595443038e-07,0.968596,266.2,0.2405,265.8,0.1
8012,3,8894.73,14969.61,0.453222,9.95522846748748e-07,0.791212,266.7,0.24,265.6,0.1
8013,3,8895.42,14967.8,0.382115,9.954764305267172e-07,0.619405,266.9,0.2398,265.4,0.1
8014,3,8896.12,14966.0,0.414993,9.954300108792607e-07,0.709989,266.2,0.2404,265.4,0.1
8015,3,8896.82,14964.2,0.407146,9.95383587807428e-07,0.609242,267.8,0.239,265.2,0.1
8016,3,8897.52,14962.4,0.461391,9.95337161312268e-07,0.917087,265.7,0.2409,265.2,0.1
8017,3,8898.22,14960.6,0.437165,9.952907313948304e-07,0.618943,266.1,0.2405,265.1,0.1
8018,3,8898.92,14958.79,0.438728,9.952442980561644e-07,0.8345,266.6,0.24,265.0,0.1
8019,3,8899.61,14956.99,0.425453,9.951978612973196e-07,0.870801,267.6,0.2391,265.0,0.1
8020,3,8900.31,14955.19,0.439264,9.951514211193458e-07,0.74445,268.3,0.2386,265.0,0.1
8021,3,8901.02,14953.41,0.404458,9.951049775232925e-07,0.575383,267.7,0.239,266.5,0.1
8022,3,8901.72,14951.6,0.432722,9.950585305102098e-07,0.675147,266.2,0.2404,266.4,0.1
8023,3,8902.42,14949.81,0.448738,9.950120800811474e-07,0.740219,265.9,0.2407,266.4,0.1
8024,3,8903.12,14948.01,0.43459,9.94965626237155e-07,0.894591,267.1,0.2396,266.5,0.1
8025,3,8903.82,14946.22,0.412869,9.949191689792828e-07,0.522388,263.8,0.2426,266.3,0.1
8026,3,8904.52,14944.41,0.417135,9.94872708308581e-07,0.696334,268.7,0.2382,266.4,0.1
8027,3,8905.22,14942.62,0.380404,9.948262442260997e-07,1.098179,265.9,0.2407,266.3,0.1
8028,3,8905.92,14940.82,0.413919,9.94779776732889e-07,0.709238,267.8,0.239,266.4,0.1
8029,3,8906.62,14939.02,0.415445,9.947333058299995e-07,0.743873,268.5,0.2384,266.5,0.1
8030,3,8907.32,14937.23,0.447203,9.946868315184813e-07,0.66818,267.0,0.2397,266.6,0.1
8031,3,8908.02,14935.43,0.449895,9.946403537993851e-07,0.507271,267.1,0.2396,266.6,0.1
8032,3,8908.71,14933.63,0.420504,9.945938726737613e-07,0.620654,268.7,0.2382,266.7,0.1
8033,3,8909.42,14931.84,0.394631,9.945473881426608e-07,0.618203,268.2,0.2386,266.8,0.1
8034,3,8910.12,14930.05,0.417679,9.94500900207134e-07,0.902479,266.6,0.2401,266.8,0.1
8035,3,8910.82,14928.25,0.430246,9.944544088682318e-07,0.70647,267.1,0.2396,266.8,0.1
8036,3,8911.52,14926.46,0.444564,9.94407914127005e-07,0.783599,266.7,0.24,266.9,0.1
8037,3,8912.22,14924.67,0.422463,9.943614159845048e-07,0.618973,266.8,0.2399,266.9,0.1
8038,3,8912.92,14922.87,0.379951,9.94314914441782e-07,0.839446,266.1,0.2405,266.9,0.1
8039,3,8913.62,14921.08,0.430493,9.942684094998875e-07,0.58147,267.1,0.2396,266.9,0.1
8040,3,8914.32,14919.29,0.47333,9.942219011598727e-07,0.734129,265.0,0.2415,266.7,0.1
8041,3,8915.03,14917.51,0.349281,9.941753894227888e-07,0.581716,266.6,0.24,266.6,0.1
8042,3,8915.74,14915.73,0.43154,9.941288742896872e-07,0.589457,260.7,0.2455,266.3,0.1
8043,3,8916.43,14913.94,0.372731,9.940823557616192e-07,0.651785,266.9,0.2398,266.4,0.1
8044,3,8917.14,14912.15,0.403366,9.940358338396362e-07,0.711525,261.3,0.245,266.1,0.1
8045,3,8917.84,14910.36,0.388406,9.939893085247902e-07,0.662514,266.8,0.2399,266.2,0.1
8046,3,8918.54,14908.57,0.421915,9.939427798181322e-07,0.709693,265.0,0.2415,266.0,0.1
8047,3,8919.24,14906.78,0.484022,9.938962477207145e-07,0.698953,265.0,0.2415,266.0,0.1
8048,3,8919.94,14904.99,0.399494,9.938497122335884e-07,0.495852,265.5,0.241,265.9,0.1
8049,3,8920.64,14903.2,0.416261,9.938031733578059e-07,0.689102,266.9,0.2398,265.8,0.1
8050,3,8921.34,14901.41,0.427411,9.93756631094419e-07,0.895818,266.3,0.2403,265.8,0.1
8051,3,8922.04,14899.62,0.39463,9.937100854444797e-07,0.828531,267.9,0.2389,265.8,0.1
8052,3,8922.74,14897.83,0.439375,9.9366353640904e-07,0.63756,270.2,0.2369,265.9,0.1
8053,3,8923.44,14896.04,0.442906,9.936169839891524e-07,0.668112,267.5,0.2393,265.9,0.1
8054,3,8924.14,14894.25,0.403115,9.935704281858687e-07,0.786798,269.7,0.2373,266.0,0.1
8055,3,8924.84,14892.46,0.431677,9.935238690002414e-07,0.681279,264.5,0.2419,265.9,0.1
8056,3,8925.54,14890.67,0.429916,9.93477306433323e-07,0.569638,266.3,0.2403,265.9,0.1
8057,3,8926.24,14888.88,0.434317,9.934307404861658e-07,0.786604,268.3,0.2386,265.9,0.1
8058,3,8926.94,14887.09,0.433853,9.933841711598224e-07,0.912959,267.1,0.2396,266.0,0.1
8059,3,8927.63,14885.3,0.406086,9.933375984553455e-07,0.70614,268.4,0.2384,266.1,0.1
8060,3,8928.33,14883.51,0.456557,9.932910223737877e-07,0.642195,267.0,0.2397,266.2,0.1
8061,3,9003.78,15006.3,0.409077,9.932444429162018e-07,1.084234,0.3,74.9844,15.6,0.0
8062,4,9011.66,15016.45,0.394994,9.931978600836406e-07,0.539917,274.3,0.2334,8.2,97.0
8063,4,9017.94,15023.94,0.42576,9.931512738771573e-07,0.64239,214.9,0.2978,9.4,96.1
8064,4,9018.64,15022.12,0.385702,9.931046842978048e-07,0.737718,260.0,0.2461,13.9,94.4
8065,4,9019.32,15020.28,0.391161,9.93058091346636e-07,0.645651,270.0,0.237,18.2,92.8
8066,4,9020.03,15018.47,0.403555,9.93011495024704e-07,0.497294,268.6,0.2382,22.4,91.2
8067,4,9020.86,15016.87,0.37636,9.929648953330626e-07,0.767348,166.9,0.3835,26.1,88.9
8068,4,9021.47,15014.92,0.37925,9.929182922727642e-07,0.89148,203.3,0.3147,29.8,87.0
8069,4,9022.16,15013.08,0.40508,9.92871685844863e-07,0.896499,214.6,0.2982,33.4,85.3
8070,4,9022.87,15011.29,0.419032,9.92825076050412e-07,0.906428,206.9,0.3093,36.9,83.6
8071,4,9023.52,15009.38,0.385274,9.92778462890465e-07,0.67356,237.6,0.2693,40.3,82.2
8072,4,9024.18,15007.5,0.425485,9.927318463660757e-07,0.682679,267.1,0.2396,43.6,81.0
8073,4,9024.86,15005.67,0.377801,9.926852264782973e-07,0.662857,267.9,0.2389,46.9,79.8
8074,4,9025.55,15003.83,0.382525,9.926386032281839e-07,0.647659,270.3,0.2367,50.0,78.7
8075,4,9026.23,15001.99,0.436209,9.925919766167892e-07,0.590954,268.7,0.2382,53.1,77.6
8076,4,9026.92,15000.15,0.424973,9.925453466451674e-07,0.731236,267.8,0.2389,56.1,76.5
8077,4,9027.6,14998.32,0.371682,9.924987133143722e-07,0.626104,266.9,0.2398,59.0,75.4
8078,4,9028.36,14996.6,0.467575,9.924520766254576e-07,0.592532,207.0,0.3092,61.6,74.1
8079,4,9028.97,14994.64,0.438525,9.924054365794784e-07,0.837727,266.9,0.2398,64.4,73.1
8080,4,9029.66,14992.8,0.41191,9.92358793177488e-07,0.838354,265.6,0.241,67.0,72.2
8081,4,9030.44,14991.13,0.412812,9.923121464205413e-07,0.757891,215.5,0.297,69.4,71.0
8082,4,9031.07,14989.21,0.417686,9.922654963096922e-07,0.744431,267.1,0.2396,117.9,50.7
8083,4,9031.76,14987.39,0.468523,9.922188428459953e-07,0.663976,260.1,0.2461,239.0,1.0
8084,4,9032.45,14985.55,0.466203,9.921721860305056e-07,0.693545,267.5,0.2392,239.3,1.0
8085,4,9033.17,14983.78,0.482127,9.92125525864277e-07,0.997508,228.2,0.2805,237.4,1.0
8086,4,9033.81,14981.87,0.386631,9.920788623483647e-07,0.780671,270.0,0.237,237.7,0.9
8087,4,9034.51,14980.06,0.399544,9.92032195483823e-07,0.624319,267.3,0.2394,244.4,0.8
8088,4,9035.21,14978.25,0.434519,9.919855252717073e-07,0.715198,250.5,0.2555,247.2,0.8
8089,4,9035.88,14976.4,0.430312,9.919388517130721e-07,0.774932,264.3,0.2421,250.1,0.8
8090,4,9036.56,14974.56,0.40822,9.918921748089723e-07,0.599472,267.8,0.239,253.6,0.8
8091,4,9037.25,14972.72,0.41934,9.918454945604631e-07,0.678658,267.1,0.2396,255.1,0.8
8092,4,9037.93,14970.88,0.508622,9.917988109685996e-07,0.727394,272.0,0.2353,255.5,0.7
8093,4,9038.61,14969.05,0.434423,9.917521240344373e-07,0.693415,269.0,0.2379,255.7,0.7
8094,4,9039.29,14967.21,0.420013,9.917054337590312e-07,0.732496,270.7,0.2365,255.9,0.6
8095,4,9039.98,14965.38,0.453015,9.916587401434366e-07,0.858338,270.6,0.2365,256.1,0.6
8096,4,9040.66,14963.55,0.4357,9.916120431887091e-07,0.930789,269.6,0.2374,256.1,0.6
8097,4,9041.35,14961.72,0.451229,9.91565342895904e-07,0.839596,270.3,0.2368,256.3,0.6
8098,4,9042.03,14959.88,0.406889,9.91518639266077e-07,0.629342,270.5,0.2366,260.2,0.5
8099,4,9042.72,14958.05,0.418547,9.91471932300284e-07,0.722182,271.1,0.2361,260.4,0.5
8100,4,9043.4,14956.22,0.411323,9.914252219995803e-07,0.942994,269.5,0.2375,260.6,0.5
8101,4,9044.09,14954.41,0.388832,9.91378508365022e-07,0.510703,271.1,0.236,263.9,0.5
8102,4,9044.78,14952.58,0.391549,9.913317913976648e-07,0.678555,267.9,0.2389,264.0,0.5
8103,4,9045.47,14950.75,0.379993,9.912850710985649e-07,0.634469,269.0,0.2379,264.6,0.5
8104,4,9046.15,14948.92,0.435708,9.912383474687783e-07,0.95389,270.2,0.2369,264.8,0.4
8105,4,9046.84,14947.1,0.418608,9.911916205093607e-07,0.649005,266.4,0.2403,267.1,0.4
8106,4,9047.52,14945.27,0.458882,9.911448902213688e-07,0.777201,269.7,0.2373,267.0,0.4
8107,4,9048.22,14943.46,0.373424,9.910981566058587e-07,0.773592,258.3,0.2478,266.7,0.4
8108,4,9048.89,14941.61,0.449371,9.910514196638868e-07,0.725903,269.0,0.2379,267.6,0.4
8109,4,9049.58,14939.78,0.50076,9.910046793965093e-07,0.826785,267.3,0.2394,267.8,0.4
8110,4,9050.26,14937.95,0.407512,9.909579358047828e-07,0.645198,270.7,0.2364,267.9,0.4
8111,4,9050.95,14936.13,0.431348,9.90911188889764e-07,0.694805,267.0,0.2397,267.9,0.4
8112,4,9051.64,14934.31,0.44449,9.908644386525094e-07,0.587561,266.1,0.2405,267.6,0.4
8113,4,9052.32,14932.49,0.455805,9.908176850940757e-07,0.585146,268.9,0.238,267.6,0.4
8114,4,9053.01,14930.66,0.407404,9.907709282155198e-07,0.799426,269.6,0.2374,267.6,0.4
8115,4,9053.7,14928.85,0.416021,9.907241680178983e-07,0.736246,262.8,0.2435,267.2,0.4
8116,4,9054.38,14927.02,0.488194,9.906774045022684e-07,1.060466,269.6,0.2374,267.2,0.4
8117,4,9055.07,14925.2,0.39891,9.906306376696869e-07,0.512718,267.7,0.2391,267.0,0.4
8118,4,9055.76,14923.37,0.454905,9.90583867521211e-07,0.886086,270.8,0.2364,267.0,0.4
8119,4,9056.44,14921.55,0.398541,9.905370940578978e-07,0.628439,270.2,0.2369,267.0,0.4
8120,4,9057.13,14919.73,0.425437,9.90490317280805e-07,0.705758,265.6,0.241,266.8,0.4
8121,4,9057.83,14917.92,0.433648,9.904435371909893e-07,0.795314,271.5,0.2357,266.8,0.4
8122,4,9058.51,14916.1,0.409503,9.903967537895082e-07,0.604461,273.1,0.2344,267.1,0.4
8123,4,9059.2,14914.29,0.41261,9.903499670774194e-07,0.728361,266.9,0.2398,267.0,0.4
8124,4,9059.89,14912.46,0.382441,9.903031770557801e-07,0.699163,269.4,0.2375,266.9,0.4
8125,4,9060.58,14910.64,0.433091,9.902563837256484e-07,0.73373,270.3,0.2368,267.2,0.4
8126,4,9061.27,14908.83,0.445675,9.902095870880817e-07,0.869865,271.0,0.2362,267.3,0.3
8127,4,9061.96,14907.01,0.391329,9.901627871441378e-07,0.634574,269.1,0.2378,267.8,0.4
8128,4,9062.65,14905.2,0.424502,9.901159838948743e-07,0.695684,266.3,0.2403,267.6,0.4
8129,4,9063.33,14903.38,0.40841,9.900691773413496e-07,0.576404,267.0,0.2397,267.6,0.4
8130,4,9064.02,14901.57,0.354576,9.900223674846214e-07,0.62631,268.0,0.2388,267.5,0.4
8131,4,9064.71,14899.75,0.447804,9.899755543257476e-07,0.604336,269.2,0.2377,267.5,0.4
8132,4,9065.4,14897.94,0.430498,9.899287378657867e-07,0.718978,268.1,0.2387,267.7,0.4
8133,4,9066.09,14896.12,0.387711,9.898819181057966e-07,0.688657,269.4,0.2376,267.7,0.4
8134,4,9066.77,14894.3,0.395599,9.898350950468358e-07,0.733246,269.2,0.2377,267.7,0.4
8135,4,9067.46,14892.49,0.420406,9.897882686899626e-07,0.666733,270.1,0.2369,268.0,0.4
8136,4,9068.15,14890.67,0.430625,9.897414390362353e-07,0.816201,269.3,0.2376,268.0,0.4
8137,4,9068.84,14888.86,0.457167,9.896946060867126e-07,0.833382,267.9,0.2389,268.0,0.4
8138,4,9069.53,14887.05,0.386308,9.896477698424528e-07,0.628634,268.3,0.2385,268.0,0.4
8139,4,9070.22,14885.23,0.423178,9.89600930304515e-07,0.520943,268.2,0.2387,267.9,0.4
8140,4,9070.9,14883.41,0.341689,9.895540874739575e-07,0.478264,270.8,0.2363,268.2,0.3
8141,4,9071.61,14881.63,0.408649,9.895072413518394e-07,0.768104,270.5,0.2366,268.1,0.4
8142,4,9072.3,14879.82,0.504166,9.894603919392194e-07,1.108121,267.1,0.2396,267.9,0.4
8143,4,9072.99,14878.01,0.463798,9.894135392371566e-07,1.064417,268.8,0.2381,267.9,0.4
8144,4,9073.68,14876.2,0.410272,9.8936668324671e-07,0.635792,270.5,0.2366,268.0,0.4
8145,4,9074.37,14874.39,0.410013,9.893198239689386e-07,0.596593,267.3,0.2394,267.9,0.4
8146,4,9075.06,14872.58,0.417625,9.892729614049017e-07,0.726872,267.1,0.2396,267.6,0.4
8147,4,9075.75,14870.78,0.431544,9.892260955556586e-07,0.854148,264.8,0.2417,267.5,0.3
8148,4,9076.44,14868.97,0.418619,9.891792264222684e-07,0.597934,265.5,0.241,267.4,0.3
8149,4,9077.13,14867.16,0.492443,9.891323540057906e-07,0.706763,269.3,0.2376,267.5,0.4
8150,4,9077.83,14865.36,0.431152,9.890854783072847e-07,0.859131,263.1,0.2433,267.2,0.4
8151,4,9078.52,14863.55,0.43942,9.890385993278103e-07,0.997234,268.3,0.2385,267.2,0.4
8152,4,9079.21,14861.74,0.452667,9.88991717068427e-07,0.828245,266.3,0.2404,267.1,0.3
8153,4,9079.9,14859.93,0.456318,9.889448315301944e-07,0.705893,268.5,0.2384,267.0,0.4
8154,4,9080.59,14858.13,0.428708,9.888979427141724e-07,0.535069,266.2,0.2405,266.8,0.4
8155,4,9081.28,14856.33,0.404668,9.888510506214207e-07,0.604928,263.1,0.2432,266.5,0.4
8156,4,9081.97,14854.52,0.437813,9.88804155252999e-07,0.713258,268.2,0.2387,266.4,0.4
8157,4,9082.66,14852.72,0.414607,9.88757256609968e-07,0.997179,266.2,0.2404,266.4,0.4
8158,4,9083.35,14850.91,0.382671,9.887103546933871e-07,0.507506,267.1,0.2397,266.2,0.4
8159,4,9084.04,14849.11,0.45913,9.886634495043169e-07,0.685189,267.1,0.2396,266.1,0.4
8160,4,9084.74,14847.31,0.368885,9.886165410438174e-07,0.632497,267.5,0.2393,265.9,0.4
8161,4,9085.44,14845.53,0.43284,9.885696293129488e-07,0.875861,263.5,0.2429,265.6,0.4
8162,4,9086.13,14843.72,0.452787,9.885227143127715e-07,0.663519,268.1,0.2387,265.7,0.4
8163,4,9086.82,14841.92,0.444441,9.884757960443462e-07,0.848272,268.7,0.2382,265.7,0.4
8164,4,9087.51,14840.11,0.430744,9.884288745087331e-07,0.958239,270.5,0.2366,265.7,0.4
8165,4,9088.2,14838.31,0.39344,9.883819497069932e-07,0.764589,270.7,0.2364,265.8,0.4
8166,4,9088.89,14836.5,0.426828,9.883350216401867e-07,0.837281,269.7,0.2373,266.0,0.4
8167,4,9089.58,14834.7,0.429035,9.882880903093745e-07,0.745563,266.3,0.2404,266.0,0.4
8168,4,9090.27,14832.9,0.407914,9.882411557156175e-07,0.821188,268.7,0.2382,266.2,0.4
8169,4,9090.97,14831.11,0.412593,9.881942178599765e-07,0.6139,267.8,0.239,266.1,0.4
8170,4,9091.66,14829.31,0.445926,9.881472767435123e-07,0.716723,267.7,0.2391,266.4,0.4
8171,4,9092.35,14827.51,0.415008,9.88100332367286e-07,0.788829,264.4,0.2421,266.1,0.4
8172,4,9093.04,14825.71,0.36948,9.880533847323589e-07,0.5985,263.4,0.2429,266.0,0.4
8173,4,9093.75,14823.94,0.415889,9.88006433839792e-07,0.522377,264.2,0.2422,265.7,0.5
8174,4,9094.44,14822.13,0.390713,9.879594796906467e-07,0.881353,268.6,0.2382,265.9,0.4
8175,4,9095.15,14820.36,0.381526,9.879125222859842e-07,0.777351,250.2,0.2558,265.2,0.4
8176,4,9095.82,14818.54,0.363242,9.87865561626866e-07,0.883508,267.4,0.2393,265.2,0.4
8177,4,9096.52,14816.74,0.441186,9.878185977143534e-07,0.904149,266.3,0.2403,265.3,0.4
8178,4,9097.21,14814.94,0.424774,9.877716305495079e-07,0.776921,266.9,0.2398,265.2,0.4
8179,4,9097.9,14813.14,0.441817,9.877246601333914e-07,1.048817,270.6,0.2365,265.5,0.4
8180,4,9098.59,14811.35,0.441926,9.876776864670654e-07,0.554817,266.7,0.24,265.4,0.4
8181,4,9099.3,14809.57,0.408328,9.876307095515917e-07,0.69731,265.6,0.241,265.6,0.4
8182,4,9099.99,14807.78,0.421436,9.875837293880322e-07,0.794388,267.7,0.239,265.5,0.4
8183,4,9100.68,14805.98,0.433424,9.875367459774486e-07,0.771551,262.9,0.2435,265.2,0.4
8184,4,9101.37,14804.18,0.395173,9.874897593209032e-07,0.540707,270.4,0.2367,265.2,0.4
8185,4,9102.06,14802.39,0.398686,9.874427694194578e-07,0.720772,265.7,0.2409,264.9,0.4
8186,4,9102.75,14800.59,0.433204,9.873957762741746e-07,0.686964,267.9,0.2389,264.8,0.4
8187,4,9103.45,14798.8,0.406955,9.873487798861158e-07,0.6948,266.7,0.24,264.8,0.4
8188,4,9104.14,14797.01,0.368911,9.873017802563439e-07,0.730241,266.5,0.2402,264.8,0.4
8189,4,9104.83,14795.21,0.441119,9.87254777385921e-07,0.726837,270.1,0.237,264.9,0.4
8190,4,9105.52,14793.41,0.39403,9.872077712759095e-07,0.509938,267.4,0.2394,264.9,0.4
8191,4,9106.21,14791.62,0.421155,9.87160761927372e-07,0.607094,266.3,0.2403,265.0,0.4
8192,4,9106.91,14789.83,0.424871,9.87113749341371e-07,0.855091,265.9,0.2407,265.2,0.4
8193,4,9107.6,14788.03,0.396722,9.870667335189692e-07,0.591331,269.2,0.2378,265.5,0.3
8194,4,9108.29,14786.24,0.438414,9.870197144612295e-07,0.826077,266.8,0.2399,265.4,0.3
8195,4,9108.98,14784.45,0.358097,9.869726921692144e-07,0.64503,265.6,0.2409,266.2,0.3
8196,4,9109.67,14782.66,0.389861,9.869256666439868e-07,0.818935,266.7,0.2399,266.2,0.3
8197,4,9110.36,14780.86,0.385429,9.868786378866096e-07,1.043889,270.2,0.2369,266.4,0.3
8198,4,9111.06,14779.08,0.436462,9.86831605898146e-07,0.786533,264.2,0.2422,266.3,0.3
8199,4,9111.75,14777.29,0.372929,9.86784570679659e-07,0.646003,265.3,0.2413,266.0,0.3
8200,4,9112.44,14775.5,0.431592,9.867375322322115e-07,0.690028,268.2,0.2386,266.1,0.3
8201,4,9125.54,14793.81,0.446902,9.866904905568672e-07,0.891315,276.8,0.2312,266.6,0.3
8202,4,9126.22,14792.0,0.452946,9.86643445654689e-07,0.89202,276.5,0.2315,267.1,0.3
8203,4,9126.91,14790.2,0.413063,9.865963975267407e-07,0.917812,269.8,0.2372,267.4,0.3
8204,4,9127.6,14788.41,0.449975,9.865493461740855e-07,0.749526,262.8,0.2436,267.0,0.3
8205,4,9128.29,14786.6,0.446282,9.865022915977867e-07,0.702403,269.1,0.2378,267.2,0.3
8206,4,9128.98,14784.8,0.410792,9.864552337989083e-07,0.850436,267.0,0.2397,267.2,0.3
8207,4,9129.66,14782.99,0.38832,9.864081727785135e-07,0.573544,271.1,0.2361,267.5,0.3
8208,4,9130.35,14781.19,0.414704,9.863611085376664e-07,0.669847,270.4,0.2367,267.7,0.3
8209,4,9131.03,14779.39,0.426892,9.863140410774309e-07,0.873487,270.3,0.2367,267.7,0.3
8210,4,9131.72,14777.59,0.412713,9.862669703988704e-07,0.699247,273.0,0.2345,267.9,0.3
8211,4,9132.41,14775.8,0.398559,9.862198965030492e-07,0.654736,269.5,0.2374,268.1,0.3
8212,4,9133.1,14774.0,0.401816,9.861728193910312e-07,0.826008,270.8,0.2364,268.4,0.3
8213,4,9133.79,14772.2,0.451617,9.86125739063881e-07,0.694836,268.8,0.2381,268.4,0.3
8214,4,9134.48,14770.41,0.390074,9.86078655522662e-07,0.638476,267.8,0.239,268.4,0.3
8215,4,9135.17,14768.61,0.422301,9.86031568768439e-07,0.842856,268.8,0.2381,268.6,0.3
8216,4,9135.86,14766.82,0.335188,9.85984478802276e-07,0.619371,270.6,0.2365,268.7,0.3
8217,4,9136.55,14765.03,0.380099,9.859373856252375e-07,0.610957,263.3,0.2431,268.3,0.3
8218,4,9137.24,14763.24,0.429402,9.85890289238388e-07,0.569189,264.4,0.2421,268.2,0.3
8219,4,9137.92,14761.43,0.393123,9.858431896427924e-07,0.691895,269.3,0.2377,268.5,0.3
8220,4,9138.61,14759.64,0.439624,9.857960868395146e-07,0.977244,269.2,0.2378,268.6,0.3
8221,4,9139.31,14757.86,0.429066,9.857489808296196e-07,0.817583,269.9,0.2371,268.2,0.3
8222,4,9140.01,14756.07,0.359171,9.857018716141722e-07,1.047002,264.2,0.2423,267.6,0.3
8223,4,9140.69,14754.28,0.387433,9.856547591942374e-07,0.643263,266.2,0.2404,267.3,0.4
8224,4,9141.4,14752.51,0.407716,9.856076435708797e-07,0.683461,251.1,0.2549,266.6,0.4
8225,4,9142.08,14750.7,0.43323,9.855605247451644e-07,0.765341,266.8,0.2399,266.5,0.4
8226,4,9142.76,14748.9,0.398981,9.855134027181563e-07,0.613365,268.8,0.2381,266.6,0.4
8227,4,9143.46,14747.12,0.383306,9.854662774909205e-07,0.839136,263.9,0.2425,266.2,0.4
8228,4,9144.15,14745.33,0.411051,9.854191490645226e-07,0.862268,268.3,0.2385,266.0,0.4
8229,4,9144.84,14743.54,0.405969,9.853720174400272e-07,0.559687,267.8,0.239,265.9,0.4
8230,4,9145.53,14741.75,0.50473,9.853248826185005e-07,0.817155,263.5,0.2429,265.3,0.5
8231,4,9146.22,14739.96,0.443631,9.852777446010072e-07,0.773438,269.4,0.2376,265.4,0.4
8232,4,9146.91,14738.18,0.400652,9.85230603388613e-07,0.581281,262.4,0.2439,265.0,0.4
8233,4,9147.6,14736.38,0.392615,9.851834589823836e-07,0.775662,269.2,0.2378,265.0,0.4
8234,4,9148.29,14734.59,0.397851,9.851363113833843e-07,0.646171,267.5,0.2392,265.0,0.4
8235,4,9148.98,14732.8,0.429262,9.85089160592681e-07,0.68446,268.1,0.2387,265.0,0.4
8236,4,9149.67,14731.01,0.470216,9.850420066113395e-07,0.71455,264.5,0.242,264.7,0.4
8237,4,9150.36,14729.22,0.383408,9.849948494404255e-07,0.720062,270.2,0.2368,265.1,0.4
8238,4,9151.05,14727.43,0.442218,9.849476890810051e-07,0.83724,269.8,0.2372,265.4,0.4
8239,4,9151.74,14725.65,0.430196,9.84900525534144e-07,0.691316,269.1,0.2379,265.4,0.4
8240,4,9152.43,14723.87,0.40037,9.848533588009087e-07,0.977003,265.1,0.2414,265.1,0.4
8241,4,9153.15,14722.12,0.396403,9.848061888823649e-07,0.723386,263.0,0.2433,264.8,0.4
8242,4,9153.83,14720.32,0.389783,9.84759015779579e-07,0.710654,269.5,0.2375,265.1,0.4
8243,4,9154.54,14718.56,0.416651,9.84711839493617e-07,0.62357,251.2,0.2548,264.4,0.4
8244,4,9155.21,14716.75,0.436667,9.846646600255459e-07,0.638673,270.1,0.2369,265.4,0.3
8245,4,9155.9,14714.97,0.379192,9.846174773764314e-07,0.837821,267.0,0.2397,265.4,0.3
8246,4,9156.6,14713.19,0.488953,9.845702915473404e-07,0.822115,266.6,0.2401,265.3,0.3
8247,4,9157.3,14711.42,0.424578,9.845231025393391e-07,0.521555,260.7,0.2455,265.2,0.3
8248,4,9157.98,14709.62,0.433114,9.844759103534945e-07,0.592385,267.7,0.2391,265.2,0.3
8249,4,9158.68,14707.84,0.400474,9.844287149908731e-07,0.68724,266.7,0.24,265.1,0.3
8250,4,9159.37,14706.06,0.392513,9.843815164525419e-07,0.808868,268.1,0.2387,265.4,0.3
8251,4,9160.06,14704.28,0.414538,9.843343147395676e-07,0.595102,264.8,0.2417,265.1,0.3
8252,4,9160.76,14702.51,0.416699,9.84287109853017e-07,0.808578,261.7,0.2445,265.0,0.3
8253,4,9161.45,14700.72,0.426543,9.842399017939573e-07,0.745502,267.8,0.239,264.9,0.4
8254,4,9162.14,14698.94,0.472041,9.841926905634554e-07,0.760195,268.6,0.2383,265.0,0.4
8255,4,9162.83,14697.16,0.416025,9.841454761625785e-07,0.585352,269.7,0.2373,265.0,0.4
8256,4,9163.52,14695.37,0.465192,9.84098258592394e-07,0.851712,271.0,0.2362,265.4,0.4
8257,4,9164.22,14693.6,0.366156,9.840510378539686e-07,0.751804,263.6,0.2428,265.1,0.4
8258,4,9164.91,14691.82,0.390667,9.840038139483703e-07,0.65002,266.2,0.2405,264.9,0.4
8259,4,9165.6,14690.04,0.435168,9.83956586876666e-07,0.65553,266.5,0.2402,264.8,0.3
8260,4,9166.29,14688.26,0.483854,9.839093566399237e-07,0.781261,268.1,0.2388,265.0,0.3
8261,4,9166.99,14686.5,0.420086,9.838621232392105e-07,0.809121,266.0,0.2406,265.2,0.3
8262,4,9167.69,14684.72,0.433574,9.838148866755945e-07,0.692247,264.8,0.2417,264.9,0.3
8263,4,9168.37,14682.93,0.426397,9.83767646950143e-07,0.91024,271.3,0.2359,265.9,0.3
8264,4,9169.07,14681.16,0.413978,9.83720404063924e-07,0.641879,269.1,0.2379,265.9,0.3
8265,4,9169.76,14679.39,0.404872,9.836731580180052e-07,0.691878,265.6,0.241,265.8,0.3
8266,4,9170.45,14677.61,0.408472,9.836259088134546e-07,0.827426,266.9,0.2398,265.8,0.3
8267,4,9171.15,14675.83,0.442412,9.835786564513403e-07,0.563848,266.1,0.2405,266.1,0.3
8268,4,9171.84,14674.06,0.450821,9.835314009327302e-07,0.809777,265.4,0.2411,266.0,0.3
8269,4,9172.53,14672.28,0.416567,9.834841422586924e-07,0.889241,267.3,0.2395,266.0,0.3
8270,4,9173.23,14670.51,0.43322,9.834368804302952e-07,inf,269.0,0.2379,266.1,0.3
8271,4,9173.92,14668.73,0.390803,9.833896154486068e-07,0.886528,266.3,0.2403,266.2,0.3
8272,4,9174.61,14666.95,0.446867,9.833423473146956e-07,0.665213,270.6,0.2365,266.6,0.3
8273,4,9175.3,14665.18,0.416012,9.8329507602963e-07,0.543481,267.7,0.2391,266.6,0.3
8274,4,9175.99,14663.4,0.442093,9.832478015944785e-07,0.925982,267.3,0.2394,266.6,0.3
8275,4,9176.69,14661.63,0.418907,9.832005240103098e-07,0.552418,266.2,0.2404,266.4,0.3
8276,4,9177.38,14659.85,0.413267,9.831532432781924e-07,0.607639,267.6,0.2391,266.2,0.3
8277,4,9178.07,14658.08,0.443034,9.83105959399195e-07,0.758035,262.5,0.2438,266.1,0.3
8278,4,9178.76,14656.3,0.372035,9.830586723743864e-07,0.594116,267.7,0.2391,266.2,0.3
8279,4,9179.45,14654.53,0.449522,9.830113822048354e-07,0.853368,266.7,0.24,266.1,0.4
8280,4,9180.15,14652.76,0.439418,9.82964088891611e-07,1.021492,266.3,0.2403,266.0,0.4
8281,4,9180.84,14650.99,0.384146,9.82916792435782e-07,0.573166,268.2,0.2387,266.1,0.4
8282,4,9181.54,14649.22,0.436041,9.828694928384178e-07,1.104663,265.0,0.2415,266.1,0.4
8283,4,9182.23,14647.44,0.456313,9.828221901005872e-07,0.863847,266.2,0.2404,265.9,0.4
8284,4,9182.92,14645.67,0.515965,9.827748842233597e-07,0.861059,267.4,0.2393,265.7,0.4
8285,4,9183.61,14643.9,0.461266,9.827275752078044e-07,1.056627,268.1,0.2387,265.9,0.4
8286,4,9184.31,14642.13,0.423534,9.826802630549907e-07,1.054401,264.3,0.2421,265.7,0.4
8287,4,9184.99,14640.35,0.434034,9.826329477659879e-07,0.683438,268.4,0.2385,265.9,0.4
8288,4,9185.69,14638.58,0.418198,9.825856293418654e-07,0.655154,268.2,0.2386,266.0,0.4
8289,4,9186.38,14636.8,0.395406,9.825383077836932e-07,0.560494,269.2,0.2377,266.1,0.4
8290,4,9187.07,14635.03,0.411622,9.824909830925404e-07,0.700553,268.3,0.2385,266.1,0.4
8291,4,9187.76,14633.26,0.421072,9.82443655269477e-07,0.775738,267.8,0.2389,266.2,0.4
8292,4,9188.45,14631.49,0.44118,9.823963243155726e-07,0.925233,270.3,0.2368,266.2,0.3
8293,4,9189.16,14629.75,0.449932,9.823489902318972e-07,0.903961,250.3,0.2557,265.3,0.3
8294,4,9189.84,14627.96,0.421639,9.82301653019521e-07,0.59813,263.2,0.2432,265.1,0.3
8295,4,9190.53,14626.18,0.399816,9.822543126795133e-07,0.595473,267.0,0.2397,265.2,0.3
8296,4,9191.22,14624.41,0.424535,9.822069692129446e-07,0.647704,267.4,0.2393,265.2,0.3
8297,4,9191.91,14622.64,0.445259,9.821596226208848e-07,0.868958,268.1,0.2387,265.5,0.3
8298,4,9192.63,14620.91,0.374389,9.821122729044043e-07,0.618986,242.3,0.2641,264.1,0.3
8299,4,9193.3,14619.1,0.462811,9.820649200645732e-07,0.816728,267.4,0.2393,264.2,0.3
8300,4,9193.99,14617.34,0.46515,9.82017564102462e-07,0.94905,261.8,0.2444,264.0,0.3
8301,4,9194.69,14615.58,0.400129,9.819702050191411e-07,0.655978,268.5,0.2383,264.0,0.3
8302,4,9195.38,14613.81,0.394415,9.819228428156808e-07,0.5365,267.2,0.2395,264.1,0.3
8303,4,9196.08,14612.05,0.453025,9.818754774931516e-07,0.672063,267.7,0.2391,264.2,0.3
8304,4,9196.77,14610.28,0.409096,9.818281090526243e-07,0.730081,266.7,0.24,264.2,0.3
8305,4,9197.46,14608.51,0.359076,9.817807374951695e-07,0.754067,269.2,0.2377,264.3,0.3
8306,4,9198.15,14606.74,0.421527,9.817333628218582e-07,0.564853,268.9,0.238,264.5,0.3
8307,4,9198.84,14604.98,0.374161,9.816859850337608e-07,0.842291,266.6,0.2401,264.4,0.3
8308,4,9199.53,14603.2,0.464261,9.816386041319486e-07,0.702449,269.3,0.2376,264.4,0.3
8309,4,9200.23,14601.44,0.424319,9.815912201174923e-07,0.837002,266.2,0.2404,264.3,0.3
8310,4,9200.92,14599.68,0.439552,9.81543832991463e-07,0.606942,266.3,0.2403,264.1,0.3
8311,4,9201.61,14597.91,0.404463,9.81496442754932e-07,0.836042,265.6,0.241,264.0,0.3
8312,4,9202.3,14596.15,0.437349,9.8144904940897e-07,0.78711,266.2,0.2404,263.8,0.3
8313,4,9203.0,14594.38,0.434776,9.814016529546486e-07,0.64528,268.3,0.2385,264.7,0.3
8314,4,9203.69,14592.63,0.367627,9.813542533930394e-07,0.522896,264.5,0.2419,264.8,0.3
8315,4,9204.39,14590.86,0.399713,9.813068507252134e-07,0.757114,266.5,0.2402,264.7,0.3
8316,4,9205.08,14589.1,0.382004,9.812594449522422e-07,0.817482,267.4,0.2393,264.7,0.4
8317,4,9205.77,14587.34,0.405275,9.812120360751971e-07,0.629016,264.7,0.2418,264.5,0.3
8318,4,9206.47,14585.58,0.392858,9.811646240951498e-07,0.667183,264.5,0.2419,265.8,0.3
8319,4,9207.16,14583.81,0.437852,9.81117209013172e-07,0.852745,267.0,0.2397,265.8,0.3
8320,4,9207.85,14582.05,0.406331,9.810697908303355e-07,0.533625,268.1,0.2387,266.1,0.3
8321,4,9208.57,14580.32,0.399241,9.810223695477122e-07,0.85401,269.3,0.2376,266.1,0.4
8322,4,9209.26,14578.57,0.43087,9.809749451663739e-07,0.687634,262.6,0.2437,265.8,0.3
8323,4,9209.95,14576.8,0.426276,9.809275176873924e-07,1.037212,267.0,0.2397,265.8,0.3
8324,4,9210.66,14575.06,0.409141,9.8088008711184e-07,0.668688,253.1,0.2529,265.1,0.3
8325,4,9211.34,14573.28,0.443526,9.808326534407885e-07,0.699431,268.6,0.2382,265.1,0.3
8326,4,9212.03,14571.52,0.438771,9.807852166753103e-07,0.798205,267.4,0.2393,265.0,0.4
8327,4,9212.72,14569.76,0.434817,9.807377768164775e-07,0.573112,271.1,0.2361,265.2,0.3
8328,4,9213.42,14568.0,0.412985,9.806903338653625e-07,0.694672,267.3,0.2394,265.1,0.3
8329,4,9214.11,14566.24,0.434045,9.806428878230376e-07,0.643889,268.4,0.2384,265.2,0.4
8330,4,9214.81,14564.48,0.414568,9.805954386905751e-07,0.578837,266.8,0.2398,265.2,0.4
8331,4,9215.5,14562.72,0.429777,9.805479864690479e-07,0.743074,266.9,0.2398,265.3,0.4
8332,4,9216.19,14560.97,0.427454,9.805005311595282e-07,0.619504,267.6,0.2392,265.4,0.3
8333,4,9216.89,14559.21,0.416413,9.804530727630888e-07,0.827113,266.8,0.2399,265.4,0.3
8334,4,9217.58,14557.46,0.402551,9.804056112808023e-07,0.764527,265.5,0.241,265.4,0.3
8335,4,9218.28,14555.7,0.465792,9.803581467137417e-07,0.770565,264.9,0.2416,265.3,0.4
8336,4,9218.97,14553.95,0.424975,9.803106790629797e-07,0.865811,264.5,0.242,265.2,0.3
8337,4,9219.67,14552.19,0.484669,9.80263208329589e-07,0.682842,264.8,0.2417,265.2,0.3
8338,4,9220.36,14550.43,0.384593,9.802157345146433e-07,0.583317,268.9,0.238,265.3,0.4
8339,4,9221.06,14548.68,0.410647,9.80168257619215e-07,0.828075,269.5,0.2375,265.4,0.4
8340,4,9221.75,14546.93,0.414859,9.801207776443778e-07,0.563957,265.0,0.2415,265.3,0.4
8341,4,9222.46,14545.19,0.384986,9.800732945912045e-07,0.657469,267.7,0.2391,265.2,0.4
8342,4,9223.15,14543.44,0.421137,9.800258084607685e-07,1.024451,265.8,0.2408,265.4,0.4
8343,4,9223.85,14541.68,0.393407,9.79978319254143e-07,0.823432,265.3,0.2413,265.3,0.4
8344,4,9224.54,14539.93,0.420192,9.799308269724016e-07,0.734319,264.7,0.2418,265.9,0.4
8345,4,9225.23,14538.17,0.362936,9.798833316166177e-07,0.756189,266.4,0.2402,265.7,0.4
8346,4,9225.93,14536.42,0.397552,9.79835833187865e-07,0.660647,266.8,0.2399,265.7,0.4
8347,4,9226.62,14534.66,0.457647,9.797883316872167e-07,0.99901,266.5,0.2402,265.4,0.4
8348,4,9227.31,14532.91,0.405431,9.797408271157472e-07,0.547804,267.2,0.2395,265.4,0.4
8349,4,9228.02,14531.17,0.369862,9.796933194745296e-07,0.692243,255.4,0.2505,264.8,0.4
8350,4,9228.7,14529.4,0.433105,9.796458087646379e-07,0.671148,267.0,0.2397,264.8,0.4
8351,4,9229.4,14527.65,0.410672,9.79598294987146e-07,0.635794,267.2,0.2396,264.8,0.4
8352,4,9230.1,14525.91,0.481049,9.79550778143128e-07,0.654159,257.3,0.2487,264.3,0.4
8353,4,9230.78,14524.14,0.428676,9.795032582336581e-07,0.50427,267.5,0.2392,264.4,0.4
8354,4,9231.47,14522.39,0.41142,9.794557352598101e-07,0.748725,269.1,0.2378,264.6,0.3
8355,4,9232.17,14520.64,0.370019,9.794082092226586e-07,0.736475,267.9,0.2389,264.8,0.3
8356,4,9232.87,14518.89,0.33035,9.793606801232774e-07,0.642206,265.7,0.2408,264.8,0.3
8357,4,9233.56,14517.14,0.432237,9.79313147962741e-07,1.108414,268.2,0.2386,265.0,0.3
8358,4,9234.25,14515.39,0.389686,9.79265612742124e-07,0.775399,267.9,0.2389,265.0,0.3
8359,4,9234.95,14513.64,0.462702,9.792180744625003e-07,0.908324,265.5,0.2411,264.8,0.3
8360,4,9235.64,14511.89,0.411146,9.791705331249448e-07,0.508263,268.8,0.2381,265.0,0.3
8361,4,9236.35,14510.17,0.381887,9.79122988730532e-07,0.927904,265.7,0.2409,264.9,0.3
8362,4,9237.04,14508.41,0.344117,9.790754412803368e-07,0.600122,267.2,0.2395,264.9,0.3
8363,4,9237.74,14506.66,0.396752,9.790278907754337e-07,0.670873,266.1,0.2405,264.9,0.3
8364,4,9238.44,14504.92,0.401742,9.789803372168974e-07,0.824421,261.8,0.2445,264.7,0.4
8365,4,9239.13,14503.17,0.411559,9.78932780605803e-07,0.623184,265.6,0.241,264.7,0.4
8366,4,9239.82,14501.42,0.42333,9.788852209432252e-07,0.782348,264.1,0.2423,264.6,0.3
8367,4,9240.52,14499.67,0.467884,9.788376582302393e-07,0.833272,266.3,0.2403,264.6,0.3
8368,4,9241.21,14497.92,0.409374,9.787900924679202e-07,0.621388,267.8,0.239,264.6,0.4
8369,4,9241.9,14496.17,0.429664,9.787425236573431e-07,0.688073,268.5,0.2384,265.3,0.4
8370,4,9242.6,14494.43,0.42352,9.786949517995833e-07,0.779969,265.8,0.2408,265.2,0.4
8371,4,9243.29,14492.67,0.438615,9.78647376895716e-07,0.601164,268.1,0.2387,265.3,0.3
8372,4,9243.99,14490.93,0.419479,9.785997989468161e-07,0.615575,264.2,0.2422,265.6,0.4
8373,4,9244.68,14489.18,0.444441,9.785522179539599e-07,0.633432,269.1,0.2378,265.7,0.4
8374,4,9245.38,14487.44,0.398557,9.785046339182225e-07,0.802052,265.4,0.2411,265.5,0.4
8375,4,9246.07,14485.69,0.374388,9.784570468406792e-07,0.69469,266.5,0.2402,265.4,0.4
8376,4,9246.76,14483.94,0.423597,9.784094567224058e-07,1.134307,267.0,0.2397,265.6,0.3
8377,4,9247.46,14482.2,0.449275,9.78361863564478e-07,0.970275,267.2,0.2395,265.5,0.3
8378,4,9248.15,14480.46,0.422037,9.783142673679716e-07,0.656826,263.9,0.2425,265.3,0.4
8379,4,9248.85,14478.71,0.387196,9.782666681339625e-07,0.631532,268.4,0.2385,265.4,0.4
8380,4,9249.54,14476.97,0.430616,9.782190658635266e-07,0.633593,267.7,0.2391,265.3,0.4
8381,4,9250.26,14475.26,0.401708,9.781714605577399e-07,0.630885,263.3,0.2431,265.2,0.4
8382,4,9250.95,14473.51,0.39251,9.781238522176783e-07,0.510736,264.8,0.2417,265.1,0.4
8383,4,9251.65,14471.77,0.43861,9.78076240844418e-07,0.778457,264.2,0.2422,265.0,0.4
8384,4,9252.34,14470.02,0.408168,9.78028626439035e-07,0.714894,266.1,0.2405,265.2,0.4
8385,4,9253.06,14468.31,0.398549,9.77981009002606e-07,0.697598,246.5,0.2596,264.2,0.3
8386,4,9253.73,14466.54,0.405747,9.779333885362066e-07,0.734956,268.4,0.2385,264.5,0.3
8387,4,9254.42,14464.79,0.419104,9.778857650409137e-07,0.6695,266.9,0.2398,264.5,0.3
8388,4,9255.12,14463.05,0.430975,9.778381385178038e-07,0.764744,264.8,0.2417,264.4,0.3
8389,4,9255.81,14461.31,0.432293,9.777905089679533e-07,0.617528,266.4,0.2403,264.2,0.4
8390,4,9256.51,14459.57,0.419997,9.777428763924385e-07,0.717643,260.7,0.2455,264.0,0.4
8391,4,9257.2,14457.83,0.386927,9.776952407923363e-07,0.683574,266.8,0.2399,263.9,0.4
8392,4,9257.89,14456.08,0.425207,9.776476021687237e-07,0.673686,267.6,0.2392,264.0,0.4
8393,4,9258.59,14454.34,0.425672,9.77599960522677e-07,0.822939,267.9,0.2389,264.0,0.4
8394,4,9259.29,14452.6,0.435891,9.775523158552734e-07,1.126392,266.0,0.2406,263.9,0.4
8395,4,9260.0,14450.89,0.461096,9.775046681675897e-07,0.756092,249.7,0.2563,263.0,0.4
8396,4,9260.68,14449.13,0.444728,9.77457017460703e-07,0.676042,264.9,0.2416,262.9,0.4
8397,4,9261.37,14447.39,0.41238,9.774093637356902e-07,0.650051,264.1,0.2423,262.8,0.4
8398,4,9262.07,14445.65,0.370102,9.773617069936285e-07,0.563511,267.1,0.2396,263.0,0.4
8399,4,9262.76,14443.91,0.459711,9.773140472355952e-07,0.846547,265.8,0.2408,262.9,0.4
8400,4,9263.46,14442.17,0.360039,9.772663844626676e-07,0.717382,266.1,0.2405,262.9,0.3
8401,4,9284.27,14471.79,0.401413,9.772187186759228e-07,0.681905,276.5,0.2314,263.6,0.3
8402,4,9284.95,14470.02,0.410824,9.771710498764384e-07,0.620004,271.9,0.2354,263.9,0.3
8403,4,9285.63,14468.26,0.416445,9.771233780652917e-07,0.812403,272.4,0.235,264.3,0.3
8404,4,9286.32,14466.51,0.394553,9.770757032435603e-07,0.803048,273.2,0.2343,264.7,0.3
8405,4,9287.01,14464.75,0.425077,9.770280254123221e-07,0.704567,269.5,0.2375,265.9,0.3
8406,4,9287.69,14462.99,0.424368,9.769803445726544e-07,0.628599,273.1,0.2344,266.2,0.3
8407,4,9288.37,14461.23,0.374963,9.769326607256351e-07,0.62955,272.9,0.2345,266.4,0.3
8408,4,9289.06,14459.47,0.395182,9.768849738723422e-07,0.713231,268.1,0.2387,266.6,0.3
8409,4,9289.75,14457.72,0.414587,9.768372840138535e-07,0.670538,269.5,0.2374,266.7,0.3
8410,4,9290.44,14455.97,0.452694,9.767895911512466e-07,0.997559,266.4,0.2402,266.9,0.3
8411,4,9291.13,14454.21,0.379825,9.767418952856e-07,0.741892,267.1,0.2396,267.0,0.3
8412,4,9291.81,14452.45,0.423589,9.766941964179913e-07,0.552826,271.6,0.2356,267.2,0.3
8413,4,9292.5,14450.7,0.423906,9.76646494549499e-07,0.796231,268.8,0.2381,267.2,0.3
8414,4,9293.19,14448.95,0.430246,9.765987896812015e-07,0.838437,268.8,0.2381,267.4,0.3
8415,4,9293.87,14447.2,0.421573,9.765510818141765e-07,0.885029,268.6,0.2383,268.4,0.3
8416,4,9294.56,14445.44,0.475398,9.76503370949503e-07,0.621172,270.9,0.2362,268.6,0.3
8417,4,9295.25,14443.69,0.396245,9.76455657088259e-07,0.769766,268.7,0.2381,268.8,0.4
8418,4,9295.94,14441.94,0.409004,9.76407940231523e-07,0.7146,268.1,0.2387,268.8,0.4
8419,4,9296.63,14440.19,0.393964,9.76360220380374e-07,0.752144,264.0,0.2424,268.8,0.4
8420,4,9297.31,14438.44,0.429564,9.7631249753589e-07,0.853426,267.4,0.2393,268.8,0.4
8421,4,9298.0,14436.69,0.397521,9.762647716991502e-07,0.728538,270.8,0.2363,268.5,0.4
8422,4,9298.69,14434.94,0.411273,9.76217042871233e-07,0.666009,269.2,0.2378,268.4,0.4
8423,4,9299.38,14433.19,0.412742,9.761693110532174e-07,0.803864,269.4,0.2376,268.2,0.4
8424,4,9300.07,14431.45,0.409581,9.761215762461825e-07,0.804288,268.7,0.2382,267.9,0.4
8425,4,9300.76,14429.7,0.416926,9.760738384512069e-07,0.975345,268.7,0.2382,267.8,0.5
8426,4,9301.45,14427.95,0.428178,9.760260976693699e-07,0.763395,267.3,0.2394,267.5,0.5
8427,4,9302.14,14426.21,0.424219,9.759783539017504e-07,0.700726,270.5,0.2366,267.4,0.5
8428,4,9302.83,14424.46,0.411727,9.759306071494278e-07,0.645787,270.2,0.2369,267.5,0.5
8429,4,9303.51,14422.71,0.435767,9.758828574134813e-07,0.745349,268.7,0.2382,267.5,0.4
8430,4,9304.21,14420.97,0.402551,9.7583510469499e-07,0.712908,264.7,0.2418,267.5,0.4
8431,4,9304.89,14419.21,0.464125,9.757873489950334e-07,0.737467,271.3,0.2359,267.6,0.4
8432,4,9305.58,14417.47,0.473012,9.75739590314691e-07,0.746539,269.0,0.2379,267.5,0.5
8433,4,9306.27,14415.73,0.447276,9.756918286550422e-07,0.780359,269.9,0.2371,267.5,0.5
8434,4,9306.96,14413.98,0.404433,9.756440640171666e-07,0.583124,269.8,0.2372,267.6,0.4
8435,4,9307.65,14412.23,0.411267,9.755962964021439e-07,0.903841,269.3,0.2377,267.6,0.4
8436,4,9308.34,14410.49,0.408893,9.75548525811054e-07,0.804574,268.6,0.2383,267.5,0.4
8437,4,9309.02,14408.74,0.402934,9.755007522449761e-07,0.619563,268.9,0.238,267.6,0.4
8438,4,9309.71,14407.0,0.419411,9.754529757049906e-07,1.12869,268.4,0.2384,267.6,0.4
8439,4,9310.41,14405.26,0.456203,9.754051961921772e-07,0.629672,265.6,0.241,267.7,0.4
8440,4,9311.1,14403.52,0.386308,9.753574137076158e-07,0.700697,266.5,0.2401,267.6,0.4
8441,4,9311.79,14401.78,0.406185,9.753096282523866e-07,0.559408,269.8,0.2372,267.5,0.4
8442,4,9312.49,14400.05,0.429193,9.752618398275696e-07,0.6936,265.3,0.2412,267.4,0.4
8443,4,9313.17,14398.3,0.393466,9.752140484342451e-07,0.721509,268.1,0.2387,267.4,0.4
8444,4,9313.86,14396.56,0.386206,9.751662540734932e-07,0.63209,270.3,0.2368,267.5,0.4
8445,4,9314.55,14394.82,0.406877,9.751184567463942e-07,0.698537,268.5,0.2384,267.5,0.4
8446,4,9315.24,14393.08,0.39432,9.750706564540288e-07,0.68469,266.8,0.2399,267.5,0.4
8447,4,9315.93,14391.34,0.481973,9.75022853197477e-07,0.92779,268.7,0.2381,267.4,0.4
8448,4,9316.63,14389.6,0.421883,9.749750469778198e-07,0.751246,266.4,0.2403,267.3,0.4
8449,4,9317.31,14387.86,0.416733,9.749272377961373e-07,0.644699,269.6,0.2374,267.2,0.4
8450,4,9318.01,14386.12,0.427184,9.748794256535105e-07,0.680003,267.5,0.2393,267.4,0.4
8451,4,9318.69,14384.38,0.416053,9.7483161055102e-07,0.617557,270.8,0.2364,267.4,0.4
8452,4,9319.39,14382.65,0.41689,9.747837924897464e-07,0.703444,263.6,0.2428,267.1,0.4
8453,4,9320.08,14380.9,0.427835,9.747359714707709e-07,0.716453,268.7,0.2382,267.1,0.4
8454,4,9320.77,14379.17,0.43074,9.74688147495174e-07,0.796415,267.4,0.2394,267.0,0.4
8455,4,9321.46,14377.43,0.419577,9.74640320564037e-07,0.680758,267.3,0.2395,266.8,0.4
8456,4,9322.15,14375.69,0.451058,9.745924906784408e-07,0.895987,266.9,0.2398,266.7,0.4
8457,4,9322.84,14373.96,0.421457,9.745446578394667e-07,0.725433,264.9,0.2416,266.5,0.4
8458,4,9323.53,14372.22,0.405773,9.744968220481956e-07,0.760849,269.3,0.2377,266.6,0.4
8459,4,9324.23,14370.49,0.421114,9.74448983305709e-07,0.873468,261.1,0.2451,266.3,0.4
8460,4,9324.91,14368.74,0.434877,9.744011416130881e-07,0.616186,267.9,0.2389,266.5,0.4
8461,4,9325.61,14367.02,0.387658,9.743532969714144e-07,0.754678,270.1,0.2369,266.5,0.4
8462,4,9326.3,14365.29,0.385053,9.74305449381769e-07,0.702684,267.8,0.239,266.6,0.4
8463,4,9326.99,14363.55,0.456955,9.742575988452341e-07,0.963218,267.7,0.2391,266.5,0.4
8464,4,9327.68,14361.81,0.4221,9.742097453628907e-07,0.676063,269.6,0.2374,266.5,0.4
8465,4,9328.37,14360.08,0.434158,9.741618889358208e-07,0.691191,269.2,0.2377,266.5,0.4
8466,4,9329.07,14358.34,0.380889,9.741140295651057e-07,0.826664,268.3,0.2385,266.6,0.4
8467,4,9329.76,14356.61,0.433994,9.740661672518277e-07,0.721954,264.8,0.2417,266.4,0.4
8468,4,9330.45,14354.88,0.401881,9.740183019970682e-07,0.763864,266.5,0.2401,266.4,0.4
8469,4,9331.15,14353.15,0.427052,9.73970433801909e-07,1.001037,266.9,0.2398,266.3,0.4
8470,4,9331.84,14351.42,0.378849,9.739225626674327e-07,0.637183,263.5,0.2429,266.1,0.4
8471,4,9332.53,14349.69,0.406184,9.73874688594721e-07,0.611097,267.9,0.2389,265.9,0.4
8472,4,9333.22,14347.96,0.386463,9.73826811584856e-07,0.695949,265.7,0.2409,266.1,0.3
8473,4,9333.92,14346.23,0.435669,9.7377893163892e-07,0.789196,266.6,0.2401,266.0,0.3
8474,4,9334.61,14344.5,0.392184,9.73731048757995e-07,0.757257,264.7,0.2418,265.9,0.3
8475,4,9335.3,14342.76,0.376138,9.736831629431636e-07,0.823356,267.0,0.2397,266.0,0.3
8476,4,9335.99,14341.03,0.428024,9.73635274195508e-07,1.028809,266.8,0.2399,266.0,0.3
8477,4,9336.68,14339.31,0.49133,9.735873825161108e-07,0.902402,266.0,0.2406,266.0,0.3
8478,4,9337.38,14337.58,0.37772,9.735394879060543e-07,0.75412,265.5,0.2411,265.9,0.3
8479,4,9338.07,14335.85,0.458913,9.734915903664212e-07,0.888015,264.3,0.2421,266.0,0.3
8480,4,9338.76,14334.12,0.407451,9.734436898982944e-07,0.685055,266.4,0.2402,266.0,0.3
8481,4,9339.49,14332.44,0.416611,9.73395786502756e-07,0.979191,245.7,0.2605,264.6,0.3
8482,4,9340.16,14330.68,0.410031,9.733478801808893e-07,0.961388,266.2,0.2404,264.6,0.3
8483,4,9340.85,14328.95,0.372004,9.73299970933777e-07,0.894272,265.5,0.241,264.4,0.3
8484,4,9341.56,14327.25,0.403759,9.73252058762502e-07,0.943339,245.2,0.261,263.2,0.3
8485,4,9342.24,14325.5,0.438912,9.732041436681472e-07,0.685922,264.6,0.2419,262.9,0.3
8486,4,9342.93,14323.76,0.420946,9.731562256517959e-07,0.769284,267.9,0.2389,262.9,0.3
8487,4,9343.62,14322.03,0.398208,9.731083047145308e-07,1.500888,267.4,0.2394,263.1,0.3
8488,4,9344.31,14320.31,0.39822,9.730603808574353e-07,0.716413,267.4,0.2393,263.1,0.3
8489,4,9345.0,14318.58,0.416723,9.730124540815927e-07,0.61892,265.4,0.2411,263.0,0.3
8490,4,9345.69,14316.86,0.411613,9.729645243880862e-07,0.754803,267.3,0.2395,263.1,0.3
8491,4,9346.39,14315.13,0.456169,9.729165917779993e-07,0.732251,267.1,0.2396,263.1,0.3
8492,4,9347.08,14313.41,0.357545,9.728686562524154e-07,0.635933,264.9,0.2416,263.0,0.4
8493,4,9347.77,14311.68,0.406632,9.72820717812418e-07,0.656306,269.4,0.2375,263.1,0.4
8494,4,9348.47,14309.95,0.419546,9.727727764590905e-07,0.618589,266.8,0.2399,263.2,0.4
8495,4,9349.16,14308.23,0.365352,9.727248321935168e-07,0.664854,264.6,0.2419,263.1,0.4
8496,4,9349.85,14306.51,0.42554,9.726768850167805e-07,0.544818,264.1,0.2423,262.9,0.4
8497,4,9350.54,14304.78,0.419467,9.726289349299652e-07,0.701585,264.5,0.242,262.8,0.4
8498,4,9351.23,14303.05,0.41353,9.725809819341551e-07,0.660028,270.0,0.237,263.0,0.4
8499,4,9351.93,14301.33,0.38314,9.725330260304338e-07,0.521969,266.4,0.2402,263.1,0.4
8500,4,9352.62,14299.6,0.376564,9.724850672198852e-07,0.521564,264.9,0.2416,263.0,0.4
8501,4,9479.51,14490.79,0.427251,9.724371055035937e-07,0.832565,234.8,0.2726,262.3,0.4
8502,4,9480.17,14488.98,0.389445,9.72389140882643e-07,0.954888,269.0,0.2379,262.4,0.4
8503,4,9480.86,14487.22,0.492233,9.723411733581176e-07,1.03981,268.1,0.2387,262.7,0.4
8504,4,9481.55,14485.45,0.438068,9.722932029311015e-07,0.779977,272.0,0.2353,264.1,0.4
8505,4,9482.24,14483.69,0.440502,9.72245229602679e-07,0.798811,268.7,0.2382,264.3,0.4
8506,4,9482.93,14481.92,0.457593,9.721972533739346e-07,0.908321,266.7,0.24,264.2,0.4
8507,4,9483.62,14480.16,0.391042,9.721492742459527e-07,0.574363,268.0,0.2388,264.3,0.4
8508,4,9484.31,14478.4,0.416062,9.721012922198175e-07,0.817104,265.7,0.2409,264.2,0.4
8509,4,9485.0,14476.63,0.396919,9.720533072966141e-07,0.753262,266.7,0.24,264.3,0.3
8510,4,9485.69,14474.87,0.39929,9.720053194774266e-07,0.939324,269.6,0.2374,264.5,0.3
8511,4,9486.38,14473.11,0.386022,9.7195732876334e-07,0.62594,264.8,0.2417,264.5,0.3
8512,4,9487.07,14471.35,0.431039,9.719093351554386e-07,0.929619,265.4,0.2411,264.5,0.3
8513,4,9487.76,14469.59,0.418564,9.718613386548078e-07,0.694465,267.5,0.2392,264.5,0.3
8514,4,9488.46,14467.83,0.403175,9.718133392625323e-07,0.718133,265.8,0.2408,264.4,0.3
8515,4,9489.16,14466.09,0.427014,9.71765336979697e-07,0.736157,252.2,0.2538,263.8,0.3
8516,4,9489.84,14464.31,0.435237,9.71717331807387e-07,0.75224,272.5,0.2348,264.2,0.3
8517,4,9490.53,14462.56,0.433648,9.716693237466872e-07,0.730985,268.9,0.238,264.5,0.2
8518,4,9491.22,14460.8,0.455008,9.71621312798683e-07,0.687521,268.0,0.2388,264.4,0.2
8519,4,9491.91,14459.04,0.409483,9.715732989644593e-07,0.64591,266.5,0.2402,264.4,0.2
8520,4,9492.6,14457.28,0.41421,9.715252822451014e-07,0.750599,267.4,0.2393,264.6,0.2
8521,4,9493.31,14455.55,0.406849,9.71477262641695e-07,0.733307,253.9,0.2521,265.8,0.2
8522,4,9493.99,14453.77,0.41755,9.714292401553252e-07,1.037805,264.6,0.2419,265.6,0.2
8523,4,9494.69,14452.02,0.426171,9.713812147870776e-07,0.770201,266.5,0.2402,265.5,0.2
8524,4,9495.38,14450.27,0.452158,9.713331865380377e-07,0.882963,267.8,0.2389,265.3,0.2
8525,4,9496.07,14448.51,0.423144,9.71285155409291e-07,0.876401,267.2,0.2395,265.2,0.2
8526,4,9496.77,14446.76,0.402269,9.71237121401923e-07,0.710691,267.2,0.2395,265.2,0.2
8527,4,9497.46,14445.0,0.389814,9.7118908451702e-07,0.75495,267.3,0.2394,265.1,0.2
8528,4,9498.15,14443.25,0.390081,9.711410447556672e-07,0.711636,267.2,0.2395,265.2,0.2
8529,4,9498.84,14441.49,0.412386,9.710930021189509e-07,0.586702,266.7,0.2399,265.2,0.2
8530,4,9499.54,14439.74,0.373369,9.710449566079568e-07,0.59963,265.4,0.2412,265.0,0.2
8531,4,9500.23,14437.99,0.403248,9.70996908223771e-07,0.800556,264.7,0.2418,265.0,0.2
8532,4,9500.92,14436.24,0.419652,9.709488569674794e-07,0.850968,265.9,0.2406,265.0,0.2
8533,4,9501.62,14434.48,0.394245,9.709008028401682e-07,0.573745,266.5,0.2401,264.9,0.2
8534,4,9502.31,14432.73,0.386067,9.708527458429239e-07,0.673026,266.1,0.2405,264.9,0.2
8535,4,9503.01,14430.99,0.435736,9.708046859768323e-07,0.760712,264.2,0.2422,265.6,0.2
8536,4,9503.7,14429.23,0.453044,9.707566232429798e-07,0.866504,268.4,0.2385,265.4,0.2
8537,4,9504.41,14427.51,0.419764,9.70708557642453e-07,0.848915,249.5,0.2565,264.3,0.2
8538,4,9505.09,14425.74,0.432986,9.70660489176338e-07,0.934358,263.8,0.2426,264.1,0.2
8539,4,9505.79,14423.99,0.429266,9.706124178457216e-07,0.610251,265.3,0.2412,264.0,0.3
8540,4,9506.48,14422.25,0.443005,9.705643436516904e-07,0.696967,265.2,0.2413,263.9,0.3
8541,4,9507.2,14420.53,0.420088,9.70516266595331e-07,0.585113,270.0,0.237,264.6,0.3
8542,4,9507.89,14418.79,0.457903,9.704681866777298e-07,0.784028,263.7,0.2427,264.5,0.3
8543,4,9508.61,14417.07,0.41637,9.70420103899974e-07,0.530631,243.2,0.2632,263.3,0.3
8544,4,9509.29,14415.3,0.394111,9.7037201826315e-07,0.78871,265.6,0.2409,263.1,0.3
8545,4,9509.98,14413.55,0.470919,9.703239297683452e-07,0.817279,265.2,0.2414,263.0,0.3
8546,4,9510.68,14411.81,0.401183,9.702758384166463e-07,0.546,267.2,0.2396,263.0,0.3
8547,4,9511.38,14410.07,0.428484,9.702277442091402e-07,0.660136,262.7,0.2436,262.8,0.3
8548,4,9512.08,14408.32,0.396947,9.70179647146914e-07,0.919562,263.5,0.2429,262.5,0.4
8549,4,9512.77,14406.58,0.434257,9.701315472310551e-07,0.690291,265.7,0.2409,262.4,0.4
8550,4,9513.48,14404.85,0.411495,9.700834444626506e-07,0.768379,261.3,0.2449,262.2,0.4
8551,4,9514.17,14403.1,0.384025,9.700353388427877e-07,0.797146,265.7,0.2409,262.3,0.4
8552,4,9514.87,14401.37,0.424444,9.69987230372554e-07,0.751181,262.1,0.2442,262.1,0.4
8553,4,9515.57,14399.63,0.453191,9.699391190530365e-07,0.711373,263.3,0.2431,262.0,0.4
8554,4,9516.27,14397.88,0.425556,9.698910048853229e-07,0.841274,265.3,0.2412,261.9,0.4
8555,4,9516.96,14396.15,0.429369,9.698428878705009e-07,0.78854,262.7,0.2436,261.9,0.4
8556,4,9517.66,14394.41,0.396639,9.69794768009658e-07,0.711769,264.1,0.2423,261.7,0.4
8557,4,9518.36,14392.67,0.454545,9.697466453038817e-07,0.828017,263.8,0.2426,262.3,0.4
8558,4,9519.06,14390.93,0.393433,9.6969851975426e-07,0.778628,261.2,0.245,262.2,0.4
8559,4,9519.76,14389.19,0.402247,9.696503913618804e-07,0.731027,263.8,0.2427,262.1,0.4
8560,4,9520.45,14387.45,0.449583,9.69602260127831e-07,0.803856,264.4,0.2421,262.1,0.4
8561,4,9521.16,14385.72,0.40583,9.695541260531998e-07,0.753308,269.3,0.2376,262.2,0.3
8562,4,9521.86,14383.98,0.394314,9.695059891390746e-07,0.907662,264.7,0.2418,262.3,0.3
8563,4,9522.55,14382.25,0.424008,9.694578493865436e-07,0.632548,264.2,0.2423,263.4,0.3
8564,4,9523.28,14380.55,0.403783,9.694097067966947e-07,0.792682,240.4,0.2662,262.0,0.4
8565,4,9523.95,14378.78,0.381056,9.693615613706163e-07,0.64712,266.9,0.2398,262.0,0.4
8566,4,9524.65,14377.04,0.406746,9.693134131093965e-07,0.578793,263.3,0.2431,261.8,0.4
8567,4,9525.35,14375.3,0.452793,9.692652620141236e-07,0.753304,265.7,0.2409,262.0,0.4
8568,4,9526.05,14373.57,0.485245,9.692171080858864e-07,0.767148,264.2,0.2423,262.0,0.4
8569,4,9526.75,14371.83,0.426571,9.691689513257728e-07,0.802852,263.2,0.2432,261.9,0.4
8570,4,9527.44,14370.1,0.353511,9.691207917348717e-07,0.708458,265.3,0.2413,262.1,0.4
8571,4,9528.14,14368.36,0.422347,9.690726293142711e-07,0.775568,263.2,0.2431,261.9,0.4
8572,4,9528.84,14366.63,0.420119,9.690244640650604e-07,0.818036,264.2,0.2423,262.0,0.4
8573,4,9529.54,14364.9,0.406295,9.689762959883278e-07,0.605258,263.6,0.2428,262.0,0.4
8574,4,9530.24,14363.16,0.403835,9.689281250851622e-07,0.639724,265.3,0.2412,262.0,0.4
8575,4,9530.93,14361.42,0.446418,9.688799513566525e-07,0.822638,265.7,0.2409,262.1,0.4
8576,4,9531.63,14359.69,0.465303,9.688317748038872e-07,0.719794,265.0,0.2415,262.1,0.4
8577,4,9532.33,14357.95,0.404676,9.687835954279556e-07,0.840408,264.3,0.2422,262.2,0.4
8578,4,9533.03,14356.22,0.437782,9.687354132299467e-07,0.801621,264.0,0.2424,262.4,0.4
8579,4,9533.72,14354.48,0.397005,9.686872282109497e-07,0.773373,266.9,0.2398,262.5,0.4
8580,4,9534.42,14352.75,0.428255,9.686390403720534e-07,0.706685,263.4,0.243,262.4,0.4
8581,4,9535.13,14351.03,0.422548,9.685908497143472e-07,0.865616,269.1,0.2379,262.3,0.5
8582,4,9535.82,14349.29,0.436018,9.685426562389203e-07,0.739809,267.7,0.2391,262.4,0.5
8583,4,9536.52,14347.56,0.460194,9.684944599468624e-07,0.763918,264.9,0.2416,262.5,0.4
8584,4,9537.22,14345.83,0.394515,9.684462608392623e-07,0.612244,265.0,0.2415,263.8,0.4
8585,4,9537.91,14344.09,0.438106,9.6839805891721e-07,0.638053,265.0,0.2415,263.8,0.4
8586,4,9538.61,14342.36,0.444872,9.683498541817946e-07,0.676279,263.9,0.2425,263.8,0.4
8587,4,9539.31,14340.62,0.362647,9.68301646634106e-07,0.621954,267.4,0.2393,263.9,0.4
8588,4,9540.0,14338.88,0.482724,9.682534362752336e-07,0.7921,265.9,0.2407,264.0,0.4
8589,4,9540.7,14337.15,0.386834,9.682052231062674e-07,0.904064,261.7,0.2445,263.9,0.4
8590,4,9541.42,14335.46,0.411795,9.68157007128297e-07,0.696758,252.7,0.2532,263.2,0.4
8591,4,9542.11,14333.71,0.420381,9.681087883424122e-07,0.685237,264.1,0.2423,263.3,0.4
8592,4,9542.8,14331.97,0.374381,9.68060566749703e-07,0.57498,262.5,0.2438,263.2,0.4
8593,4,9543.49,14330.23,0.444227,9.680123423512595e-07,0.731092,268.1,0.2387,263.5,0.4
8594,4,9544.19,14328.5,0.423144,9.679641151481713e-07,0.652477,267.5,0.2392,263.6,0.4
8595,4,9544.88,14326.77,0.45246,9.67915885141529e-07,0.638397,268.2,0.2386,263.7,0.4
8596,4,9545.58,14325.03,0.426336,9.678676523324224e-07,0.626758,268.0,0.2388,263.9,0.4
8597,4,9546.3,14323.34,0.439997,9.67819416721942e-07,0.845285,239.9,0.2667,262.6,0.4
8598,4,9546.97,14321.56,0.405434,9.67771178311178e-07,0.572412,268.3,0.2385,262.8,0.4
8599,4,9547.66,14319.83,0.375381,9.677229371012206e-07,0.711327,267.5,0.2392,262.9,0.4
8600,4,9548.36,14318.1,0.407723,9.676746930931603e-07,0.656354,266.1,0.2405,263.0,0.4
8601,4,9571.98,14350.74,0.435496,9.676264462880876e-07,0.712537,275.8,0.2321,263.4,0.4
8602,4,9572.66,14348.98,0.36282,9.675781966870932e-07,0.567732,271.7,0.2356,263.5,0.4
8603,4,9573.35,14347.22,0.367876,9.675299442912674e-07,0.661129,273.1,0.2343,264.0,0.4
8604,4,9574.03,14345.47,0.499442,9.674816891017011e-07,1.018721,271.4,0.2359,264.4,0.3
8605,4,9574.72,14343.72,0.443536,9.67433431119485e-07,0.655703,269.1,0.2379,264.6,0.3
8606,4,9575.41,14341.97,0.415698,9.673851703457098e-07,0.764751,269.1,0.2379,264.9,0.3
8607,4,9576.09,14340.22,0.388186,9.673369067814665e-07,0.762092,270.6,0.2365,265.1,0.3
8608,4,9576.78,14338.47,0.462536,9.672886404278458e-07,0.568803,269.6,0.2374,265.2,0.3
8609,4,9577.46,14336.72,0.425408,9.672403712859387e-07,0.709033,272.7,0.2347,265.8,0.3
8610,4,9578.15,14334.97,0.426571,9.671920993568364e-07,0.621465,267.7,0.2391,266.7,0.2
8611,4,9578.84,14333.23,0.420168,9.6714382464163e-07,0.573237,264.8,0.2417,266.7,0.2
8612,4,9579.53,14331.48,0.447952,9.670955471414105e-07,0.788165,266.6,0.24,266.9,0.3
8613,4,9580.22,14329.73,0.40094,9.670472668572693e-07,0.984784,267.8,0.2389,266.9,0.3
8614,4,9580.91,14327.98,0.41028,9.669989837902977e-07,0.570413,266.3,0.2404,266.9,0.2
8615,4,9581.6,14326.24,0.407085,9.66950697941587e-07,0.738409,266.7,0.24,266.7,0.3
8616,4,9582.28,14324.49,0.424638,9.669024093122286e-07,0.649928,270.4,0.2367,266.8,0.3
8617,4,9582.97,14322.75,0.375391,9.668541179033142e-07,0.582494,268.8,0.2381,268.3,0.3
8618,4,9583.66,14321.0,0.483224,9.66805823715935e-07,0.747591,267.7,0.2391,268.3,0.3
8619,4,9584.35,14319.26,0.418623,9.667575267511828e-07,0.63907,268.2,0.2386,268.3,0.3
8620,4,9585.04,14317.52,0.431326,9.667092270101493e-07,0.534968,264.1,0.2423,268.2,0.3
8621,4,9585.74,14315.78,0.392319,9.666609244939262e-07,0.64098,269.9,0.2371,267.9,0.3
8622,4,9586.43,14314.04,0.422421,9.666126192036055e-07,0.741931,269.3,0.2376,267.8,0.3
8623,4,9587.12,14312.3,0.420998,9.665643111402786e-07,0.792949,268.5,0.2383,267.5,0.3
8624,4,9587.81,14310.56,0.386428,9.66516000305038e-07,0.655961,268.1,0.2388,267.3,0.4
8625,4,9588.5,14308.82,0.379418,9.66467686698975e-07,0.629202,265.8,0.2408,267.1,0.4
8626,4,9589.2,14307.09,0.404329,9.664193703231822e-07,0.770095,261.1,0.2451,266.6,0.4
8627,4,9589.89,14305.35,0.401706,9.663710511787516e-07,0.581608,260.0,0.2461,266.0,0.4
8628,4,9590.57,14303.61,0.461707,9.663227292667753e-07,0.665318,265.6,0.2409,265.8,0.4
8629,4,9591.27,14301.87,0.431282,9.662744045883456e-07,0.671902,267.0,0.2397,265.6,0.4
8630,4,9591.96,14300.13,0.418728,9.662260771445546e-07,0.649914,268.7,0.2382,265.6,0.4
8631,4,9592.64,14298.39,0.426598,9.66177746936495e-07,0.705734,270.4,0.2367,265.9,0.4
8632,4,9593.34,14296.66,0.464574,9.661294139652589e-07,1.018437,259.7,0.2464,265.6,0.4
8633,4,9594.03,14294.91,0.413887,9.66081078231939e-07,0.578917,267.3,0.2395,265.5,0.4
8634,4,9594.72,14293.18,0.426193,9.660327397376276e-07,0.562346,264.8,0.2417,265.4,0.4
8635,4,9595.41,14291.44,0.411925,9.659843984834179e-07,0.870772,266.2,0.2404,265.4,0.4
8636,4,9596.1,14289.7,0.425112,9.65936054470402e-07,0.741955,271.6,0.2357,265.5,0.4
8637,4,9596.79,14287.97,0.456364,9.658877076996726e-07,0.814914,267.7,0.2391,265.4,0.4
8638,4,9597.49,14286.23,0.391257,9.65839358172323e-07,0.618913,266.4,0.2402,265.4,0.4
8639,4,9598.18,14284.5,0.423195,9.657910058894456e-07,0.832403,264.7,0.2418,265.2,0.4
8640,4,9598.87,14282.77,0.433297,9.657426508521336e-07,0.693883,266.9,0.2398,265.3,0.4
8641,4,9599.57,14281.04,0.409704,9.656942930614798e-07,0.576118,268.5,0.2384,265.2,0.4
8642,4,9600.27,14279.31,0.3824,9.656459325185774e-07,0.774564,264.6,0.2418,265.0,0.4
8643,4,9600.96,14277.58,0.449234,9.655975692245195e-07,0.666203,267.4,0.2394,264.9,0.4
8644,4,9601.65,14275.85,0.413638,9.655492031803992e-07,0.662781,266.5,0.2402,264.9,0.4
8645,4,9602.34,14274.11,0.42522,9.655008343873098e-07,0.716719,268.0,0.2388,265.0,0.4
8646,4,9603.03,14272.38,0.421297,9.654524628463444e-07,0.642062,267.4,0.2394,265.4,0.4
8647,4,9603.73,14270.64,0.374822,9.654040885585967e-07,0.618756,267.5,0.2393,265.9,0.4
8648,4,9604.42,14268.91,0.47589,9.653557115251599e-07,0.586162,268.4,0.2384,266.0,0.4
8649,4,9605.11,14267.19,0.438736,9.653073317471274e-07,0.927159,263.6,0.2428,265.8,0.4
8650,4,9605.8,14265.45,0.439631,9.65258949225593e-07,0.546012,266.5,0.2401,265.7,0.4
8651,4,9606.5,14263.72,0.382555,9.652105639616502e-07,0.805855,265.1,0.2414,265.4,0.4
8652,4,9607.19,14261.99,0.378312,9.651621759563925e-07,0.795351,268.2,0.2386,265.8,0.4
8653,4,9607.89,14260.27,0.444304,9.65113785210914e-07,0.70133,264.1,0.2424,265.6,0.4
8654,4,9608.58,14258.53,0.42306,9.65065391726308e-07,0.799644,267.3,0.2394,265.7,0.4
8655,4,9609.27,14256.81,0.432754,9.650169955036689e-07,0.705772,262.1,0.2442,265.5,0.4
8656,4,9609.97,14255.08,0.406873,9.649685965440902e-07,0.843694,262.7,0.2436,265.0,0.4
8657,4,9610.67,14253.37,0.410981,9.64920194848666e-07,0.986343,250.6,0.2553,264.1,0.4
8658,4,9611.35,14251.62,0.47679,9.648717904184906e-07,0.57483,264.1,0.2424,263.9,0.5
8659,4,9612.07,14249.93,0.403533,9.648233832546578e-07,0.616494,244.8,0.2615,262.9,0.4
8660,4,9612.74,14248.17,0.438213,9.64774973358262e-07,0.849008,266.5,0.2402,262.9,0.5
8661,4,9613.45,14246.46,0.413395,9.64726560730397e-07,0.581728,269.9,0.2371,262.9,0.5
8662,4,9614.14,14244.73,0.393944,9.646781453721576e-07,0.637522,270.5,0.2366,263.1,0.5
8663,4,9614.83,14243.01,0.390532,9.646297272846378e-07,0.698995,266.4,0.2402,263.2,0.5
8664,4,9615.53,14241.28,0.38281,9.64581306468932e-07,0.647761,267.2,0.2396,263.1,0.5
8665,4,9616.22,14239.55,0.436712,9.645328829261351e-07,0.908863,268.2,0.2387,263.1,0.5
8666,4,9616.92,14237.83,0.405019,9.644844566573412e-07,0.60102,265.4,0.2412,263.1,0.5
8667,4,9617.61,14236.11,0.369581,9.64436027663645e-07,0.546824,260.0,0.2462,262.6,0.5
8668,4,9618.31,14234.38,0.401847,9.643875959461411e-07,0.565089,265.0,0.2415,262.4,0.5
8669,4,9619.0,14232.66,0.409204,9.643391615059244e-07,0.542576,262.3,0.244,262.4,0.5
8670,4,9619.69,14230.93,0.424167,9.642907243440896e-07,0.775784,267.2,0.2395,262.5,0.5
8671,4,9620.38,14229.2,0.436312,9.642422844617315e-07,0.851434,265.1,0.2414,262.5,0.5
8672,4,9621.08,14227.48,0.406592,9.641938418599451e-07,0.792906,265.8,0.2407,262.3,0.5
8673,4,9621.78,14225.76,0.392384,9.641453965398253e-07,0.469074,262.4,0.2439,262.3,0.5
8674,4,9622.46,14224.03,0.43829,9.640969485024673e-07,0.790687,270.0,0.237,262.5,0.4
8675,4,9623.18,14222.34,0.413151,9.640484977489659e-07,0.711493,242.7,0.2637,261.5,0.4
8676,4,9623.85,14220.59,0.467048,9.640000442804163e-07,0.972502,266.6,0.2401,261.7,0.4
8677,4,9624.55,14218.86,0.398664,9.63951588097914e-07,0.818145,265.7,0.2408,262.5,0.4
8678,4,9625.24,14217.14,0.443889,9.63903129202554e-07,0.8166,264.3,0.2422,262.5,0.4
8679,4,9625.94,14215.42,0.444207,9.638546675954317e-07,0.793126,266.0,0.2406,263.6,0.4
8680,4,9626.63,14213.7,0.451021,9.638062032776423e-07,0.8656,265.2,0.2414,263.5,0.4
8681,4,9627.35,14212.01,0.391952,9.637577362502815e-07,0.556735,269.8,0.2372,263.5,0.4
8682,4,9628.04,14210.29,0.435601,9.637092665144447e-07,1.046962,264.3,0.2422,263.3,0.4
8683,4,9628.74,14208.57,0.413067,9.63660794071228e-07,0.605545,261.0,0.2452,263.0,0.4
8684,4,9629.43,14206.84,0.4315,9.636123189217262e-07,0.809787,266.4,0.2403,263.0,0.4
8685,4,9630.14,14205.15,0.424812,9.635638410670354e-07,0.623993,250.0,0.256,262.0,0.4
8686,4,9630.82,14203.4,0.39171,9.635153605082515e-07,0.816678,265.4,0.2411,262.0,0.4
8687,4,9631.51,14201.68,0.407414,9.634668772464703e-07,1.058913,267.2,0.2396,262.4,0.4
8688,4,9632.21,14199.97,0.460003,9.634183912827873e-07,0.755401,264.7,0.2418,262.4,0.4
8689,4,9632.9,14198.24,0.406712,9.633699026182987e-07,0.553288,267.4,0.2393,262.6,0.4
8690,4,9633.59,14196.52,0.393623,9.633214112541006e-07,0.706846,266.5,0.2401,262.5,0.4
8691,4,9634.28,14194.8,0.410452,9.632729171912891e-07,0.800946,267.9,0.2389,262.7,0.4
8692,4,9634.98,14193.08,0.395221,9.632244204309602e-07,0.807483,268.0,0.2388,262.8,0.4
8693,4,9635.67,14191.36,0.41681,9.631759209742101e-07,0.65151,265.7,0.2408,262.9,0.4
8694,4,9636.36,14189.64,0.367102,9.631274188221351e-07,0.533303,269.7,0.2373,262.9,0.4
8695,4,9637.06,14187.92,0.395198,9.630789139758315e-07,0.702577,263.7,0.2427,264.0,0.4
8696,4,9637.75,14186.2,0.440788,9.630304064363955e-07,0.843262,268.4,0.2385,264.1,0.5
8697,4,9638.44,14184.48,0.383732,9.629818962049239e-07,0.81732,267.5,0.2393,264.2,0.4
8698,4,9639.13,14182.76,0.484764,9.629333832825128e-07,0.949326,266.1,0.2405,264.3,0.4
8699,4,9639.82,14181.04,0.441896,9.62884867670259e-07,1.041381,268.3,0.2385,264.5,0.4
8700,4,9640.52,14179.32,0.396492,9.62836349369259e-07,0.651778,269.2,0.2377,264.8,0.4
8701,4,9641.22,14177.62,0.416687,9.627878283806098e-07,0.629957,269.2,0.2378,264.7,0.4
8702,4,9641.92,14175.9,0.408385,9.627393047054075e-07,0.571308,266.8,0.2399,264.9,0.4
8703,4,9642.61,14174.18,0.449983,9.626907783447495e-07,0.681283,266.0,0.2406,265.1,0.4
8704,4,9643.3,14172.46,0.411743,9.626422492997325e-07,0.761305,266.9,0.2398,265.1,0.4
8705,4,9643.99,14170.74,0.37821,9.625937175714532e-07,0.63744,266.7,0.24,266.0,0.4
8706,4,9644.69,14169.03,0.388795,9.625451831610087e-07,0.676558,267.6,0.2391,266.0,0.4
8707,4,9645.38,14167.31,0.470903,9.62496646069496e-07,0.985064,267.3,0.2394,266.0,0.4
8708,4,9646.07,14165.59,0.388839,9.624481062980126e-07,0.806943,266.8,0.2398,266.1,0.4
8709,4,9646.76,14163.87,0.38054,9.623995638476552e-07,0.756615,266.1,0.2405,266.0,0.4
8710,4,9647.45,14162.15,0.41488,9.623510187195211e-07,0.879316,268.4,0.2384,266.2,0.4
8711,4,9648.14,14160.43,0.401655,9.623024709147076e-07,0.673432,268.5,0.2384,266.2,0.4
8712,4,9648.84,14158.72,0.399609,9.622539204343123e-07,0.649627,265.3,0.2412,266.1,0.4
8713,4,9649.53,14157.0,0.351382,9.622053672794323e-07,0.700174,264.0,0.2424,265.9,0.4
8714,4,9650.24,14155.31,0.414697,9.621568114511651e-07,0.925542,243.6,0.2628,264.6,0.4
8715,4,9650.91,14153.56,0.472251,9.621082529506083e-07,0.72912,266.5,0.2401,264.7,0.4
8716,4,9651.6,14151.84,0.416288,9.620596917788596e-07,0.539979,267.5,0.2392,264.7,0.4
8717,4,9652.3,14150.13,0.384693,9.620111279370163e-07,0.584213,265.4,0.2412,264.6,0.4
8718,4,9652.99,14148.42,0.471983,9.619625614261765e-07,0.779753,265.1,0.2414,264.6,0.4
8719,4,9653.68,14146.7,0.453253,9.619139922474378e-07,0.703644,267.8,0.239,264.4,0.4
8720,4,9654.37,14144.98,0.433396,9.61865420401898e-07,0.778366,266.3,0.2404,264.3,0.4
8721,4,9655.07,14143.28,0.418397,9.61816845890655e-07,0.730358,268.9,0.238,264.3,0.4
8722,4,9655.77,14141.57,0.419142,9.617682687148068e-07,0.627702,266.0,0.2406,264.2,0.4
8723,4,9656.46,14139.85,0.381091,9.617196888754512e-07,0.565964,267.7,0.2391,264.4,0.4
8724,4,9657.17,14138.16,0.44196,9.616711063736866e-07,0.688699,250.6,0.2553,263.5,0.4
8725,4,9657.85,14136.43,0.427687,9.616225212106108e-07,0.788613,267.2,0.2395,263.6,0.4
8726,4,9658.55,14134.74,0.441526,9.615739333873224e-07,0.759382,249.0,0.257,262.7,0.4
8727,4,9659.23,14133.0,0.414065,9.615253429049192e-07,0.922766,266.6,0.2401,262.7,0.4
8728,4,9659.94,14131.31,0.417202,9.614767497644998e-07,0.931026,251.9,0.2541,261.8,0.4
8729,4,9660.61,14129.57,0.371344,9.614281539671625e-07,0.59739,270.3,0.2367,262.1,0.4
8730,4,9661.31,14127.86,0.396754,9.613795555140057e-07,0.547018,266.6,0.2401,262.0,0.4
8731,4,9662.02,14126.18,0.424423,9.61330954406128e-07,0.652289,250.3,0.2557,261.1,0.4
8732,4,9662.7,14124.45,0.46777,9.612823506446278e-07,0.697951,265.9,0.2407,261.1,0.4
8733,4,9663.42,14122.79,0.399702,9.612337442306037e-07,0.561193,234.3,0.2731,259.5,0.4
8734,4,9664.09,14121.03,0.405542,9.611851351651545e-07,1.046025,266.5,0.2402,260.7,0.4
8735,4,9664.78,14119.32,0.409214,9.611365234493787e-07,0.640983,266.1,0.2405,260.6,0.4
8736,4,9665.48,14117.62,0.478018,9.610879090843754e-07,0.894087,264.1,0.2423,260.4,0.4
8737,4,9666.17,14115.9,0.400319,9.61039292071243e-07,0.667756,270.2,0.2369,260.6,0.4
8738,4,9666.87,14114.2,0.406223,9.60990672411081e-07,0.714211,265.5,0.2411,260.6,0.4
8739,4,9667.56,14112.49,0.432583,9.60942050104988e-07,0.58757,266.6,0.24,260.7,0.4
8740,4,9668.25,14110.78,0.373381,9.608934251540632e-07,1.151052,264.9,0.2416,260.6,0.4
8741,4,9668.99,14109.14,0.391293,9.608447975594055e-07,0.859894,244.0,0.2623,259.3,0.4
8742,4,9669.66,14107.39,0.374057,9.60796167322114e-07,0.91516,266.7,0.24,259.3,0.4
8743,4,9670.35,14105.69,0.401699,9.607475344432884e-07,0.706916,266.6,0.2401,259.3,0.4
8744,4,9671.05,14103.98,0.351437,9.606988989240274e-07,0.527737,265.6,0.2409,260.0,0.4
8745,4,9671.75,14102.28,0.426525,9.606502607654306e-07,1.056168,262.3,0.244,259.7,0.4
8746,4,9672.44,14100.57,0.451788,9.606016199685972e-07,0.749765,267.7,0.2391,260.6,0.4
8747,4,9673.13,14098.87,0.44751,9.60552976534627e-07,0.757649,267.2,0.2395,260.6,0.4
8748,4,9673.85,14097.2,0.458185,9.605043304646192e-07,0.992718,242.2,0.2642,260.2,0.4
8749,4,9674.52,14095.46,0.377581,9.604556817596734e-07,0.717622,265.6,0.2409,259.9,0.4
8750,4,9675.22,14093.75,0.448159,9.604070304208892e-07,0.741437,264.9,0.2416,259.8,0.4
8751,4,9675.91,14092.05,0.455769,9.603583764493666e-07,0.903532,265.9,0.2407,260.6,0.4
8752,4,9676.61,14090.34,0.364212,9.60309719846205e-07,0.593119,269.8,0.2372,260.9,0.4
8753,4,9677.3,14088.64,0.407981,9.602610606125043e-07,0.62238,266.7,0.24,262.7,0.4
8754,4,9678.0,14086.94,0.368616,9.602123987493641e-07,0.597368,267.6,0.2392,262.7,0.4
8755,4,9678.69,14085.24,0.419448,9.601637342578848e-07,0.960226,265.2,0.2414,262.7,0.4
8756,4,9679.39,14083.54,0.465213,9.601150671391663e-07,0.574661,265.4,0.2411,262.8,0.4
8757,4,9680.08,14081.83,0.408901,9.600663973943086e-07,0.709799,266.5,0.2401,262.6,0.4
8758,4,9680.78,14080.13,0.381723,9.600177250244114e-07,0.647742,264.3,0.2421,262.6,0.4
8759,4,9681.47,14078.42,0.412331,9.599690500305754e-07,0.662416,267.5,0.2392,262.6,0.4
8760,4,9682.17,14076.73,0.382508,9.599203724139006e-07,0.530425,262.6,0.2438,262.4,0.4
8761,4,9682.88,14075.05,0.43667,9.598716921754871e-07,0.759354,260.9,0.2453,263.3,0.4
8762,4,9683.58,14073.35,0.403444,9.598230093164355e-07,0.681599,262.6,0.2437,263.1,0.4
8763,4,9684.27,14071.65,0.385243,9.59774323837846e-07,0.609709,265.5,0.2411,263.0,0.4
8764,4,9684.97,14069.95,0.418541,9.597256357408193e-07,0.834973,265.2,0.2413,263.1,0.4
8765,4,9685.66,14068.24,0.433561,9.596769450264558e-07,0.706927,267.0,0.2397,263.3,0.4
8766,4,9686.36,14066.54,0.413051,9.59628251695856e-07,0.728941,267.7,0.239,263.3,0.4
8767,4,9687.05,14064.84,0.411343,9.595795557501205e-07,0.903277,267.0,0.2397,263.3,0.4
8768,4,9687.74,14063.14,0.411117,9.595308571903502e-07,0.753963,266.3,0.2404,264.5,0.4
8769,4,9688.44,14061.44,0.415357,9.594821560176458e-07,0.653555,265.2,0.2413,264.5,0.4
8770,4,9689.14,14059.75,0.446791,9.59433452233108e-07,0.840842,264.1,0.2424,264.4,0.5
8771,4,9689.83,14058.04,0.410821,9.593847458378377e-07,0.666579,269.1,0.2378,264.6,0.4
8772,4,9690.52,14056.34,0.357565,9.593360368329357e-07,0.633836,268.1,0.2387,264.5,0.4
8773,4,9691.22,14054.64,0.452566,9.592873252195034e-07,0.830272,267.5,0.2393,264.6,0.4
8774,4,9691.92,14052.95,0.439042,9.592386109986414e-07,0.718064,266.0,0.2406,264.5,0.4
8775,4,9692.61,14051.25,0.400093,9.591898941714512e-07,0.688606,267.1,0.2396,264.6,0.4
8776,4,9693.31,14049.55,0.375332,9.591411747390336e-07,0.590538,265.1,0.2414,264.7,0.4
8777,4,9694.0,14047.86,0.439514,9.5909245270249e-07,0.737255,264.5,0.242,264.5,0.4
8778,4,9694.7,14046.16,0.375163,9.590437280629217e-07,0.725746,265.5,0.2411,264.6,0.4
8779,4,9695.39,14044.45,0.414656,9.589950008214298e-07,0.838442,269.4,0.2375,264.7,0.4
8780,4,9696.08,14042.76,0.398632,9.58946270979116e-07,0.632756,265.9,0.2407,264.9,0.4
8781,4,9696.79,14041.08,0.425065,9.588975385370818e-07,0.661657,270.0,0.2371,265.3,0.4
8782,4,9697.5,14039.41,0.43464,9.588488034964284e-07,0.895815,248.4,0.2577,264.6,0.4
8783,4,9698.18,14037.68,0.430662,9.588000658582576e-07,0.959613,269.6,0.2374,264.9,0.4
8784,4,9698.88,14035.99,0.405868,9.58751325623671e-07,0.697367,265.2,0.2413,264.8,0.4
8785,4,9699.57,14034.29,0.412527,9.587025827937703e-07,0.812117,265.2,0.2413,264.8,0.4
8786,4,9700.26,14032.59,0.448586,9.586538373696572e-07,0.694957,265.2,0.2413,264.6,0.4
8787,4,9700.96,14030.89,0.387524,9.586050893524336e-07,0.755315,268.0,0.2388,264.7,0.4
8788,4,9701.65,14029.2,0.423276,9.585563387432014e-07,0.683251,268.5,0.2384,264.8,0.4
8789,4,9702.35,14027.51,0.443855,9.585075855430624e-07,0.76395,265.4,0.2411,264.9,0.4
8790,4,9703.04,14025.8,0.453289,9.584588297531187e-07,0.694012,268.6,0.2383,265.1,0.3
8791,4,9703.74,14024.12,0.393867,9.584100713744722e-07,0.81113,261.8,0.2444,264.7,0.4
8792,4,9704.43,14022.42,0.419794,9.583613104082253e-07,0.56355,265.2,0.2413,264.5,0.4
8793,4,9705.13,14020.73,0.393461,9.583125468554798e-07,0.62929,263.3,0.2431,264.3,0.4
8794,4,9705.82,14019.03,0.380284,9.58263780717338e-07,0.531168,264.0,0.2424,264.2,0.4
8795,4,9706.51,14017.33,0.434757,9.582150119949022e-07,0.756711,267.1,0.2396,264.1,0.4
8796,4,9707.21,14015.64,0.430375,9.581662406892749e-07,0.691244,263.3,0.2431,264.0,0.4
8797,4,9707.9,14013.94,0.373532,9.581174668015583e-07,0.684279,263.4,0.243,264.0,0.4
8798,4,9708.59,14012.24,0.393999,9.58068690332855e-07,0.815619,265.4,0.2411,264.0,0.4
8799,4,9709.28,14010.55,0.44514,9.580199112842675e-07,0.60927,267.2,0.2395,263.9,0.4
8800,4,9709.98,14008.86,0.445334,9.579711296568984e-07,0.858334,259.0,0.2471,263.5,0.4
8801,4,9729.24,14033.94,0.445185,9.5792234545185e-07,0.854743,277.6,0.2305,263.9,0.4
8802,4,9729.92,14032.22,0.433873,9.578735586702254e-07,0.551912,272.5,0.2348,265.2,0.4
8803,4,9730.61,14030.52,0.434266,9.57824769313127e-07,0.700452,270.5,0.2366,265.2,0.4
8804,4,9731.29,14028.8,0.382708,9.57775977381658e-07,0.577756,273.5,0.234,265.6,0.4
8805,4,9731.98,14027.09,0.410358,9.57727182876921e-07,0.605921,270.7,0.2364,265.9,0.4
8806,4,9732.67,14025.39,0.420875,9.576783858000188e-07,0.600155,268.4,0.2384,266.1,0.4
8807,4,9733.36,14023.68,0.442093,9.576295861520546e-07,0.902526,267.8,0.239,266.1,0.4
8808,4,9734.04,14021.97,0.4314,9.575807839341314e-07,0.586857,269.8,0.2372,266.3,0.3
8809,4,9734.73,14020.27,0.443515,9.575319791473524e-07,0.678014,264.5,0.242,266.2,0.3
8810,4,9735.42,14018.56,0.436417,9.574831717928207e-07,0.657003,269.8,0.2372,266.3,0.3
8811,4,9736.1,14016.85,0.458901,9.574343618716392e-07,0.798282,270.1,0.2369,266.8,0.3
8812,4,9736.79,14015.15,0.394771,9.573855493849116e-07,0.679871,268.4,0.2385,267.0,0.3
8813,4,9737.51,14013.48,0.371918,9.573367343337411e-07,0.530578,242.8,0.2636,265.9,0.3
8814,4,9738.18,14011.75,0.424606,9.57287916719231e-07,0.830835,259.5,0.2466,265.6,0.3
8815,4,9738.86,14010.04,0.413579,9.57239096542485e-07,0.845396,266.7,0.24,265.6,0.3
8816,4,9739.55,14008.34,0.459123,9.571902738046062e-07,0.865826,267.8,0.239,265.9,0.3
8817,4,9740.24,14006.63,0.464344,9.571414485066984e-07,0.787445,271.2,0.236,266.3,0.2
8818,4,9740.93,14004.93,0.412276,9.570926206498649e-07,0.888386,266.9,0.2398,266.4,0.2
8819,4,9741.62,14003.23,0.420928,9.570437902352098e-07,0.831762,269.6,0.2374,266.5,0.2
8820,4,9742.31,14001.53,0.424169,9.569949572638365e-07,0.635698,266.7,0.24,266.9,0.3
8821,4,9743.01,13999.85,0.402987,9.56946121736849e-07,0.761782,271.0,0.2361,266.6,0.3
8822,4,9743.7,13998.14,0.466925,9.568972836553512e-07,0.799682,268.0,0.2388,266.3,0.3
8823,4,9744.39,13996.45,0.422784,9.56848443020447e-07,0.799217,265.1,0.2414,266.1,0.3
8824,4,9745.08,13994.75,0.417097,9.5679959983324e-07,0.837149,268.3,0.2385,265.8,0.3
8825,4,9745.77,13993.05,0.444232,9.567507540948346e-07,0.801343,266.9,0.2398,265.5,0.3
8826,4,9746.46,13991.35,0.384398,9.56701905806335e-07,0.718754,268.1,0.2387,265.4,0.3
8827,4,9747.15,13989.65,0.407228,9.56653054968845e-07,0.649913,268.1,0.2387,265.4,0.3
8828,4,9747.84,13987.96,0.438265,9.566042015834687e-07,0.829738,263.5,0.2429,265.1,0.4
8829,4,9748.53,13986.26,0.420573,9.565553456513107e-07,0.842962,267.0,0.2397,265.1,0.4
8830,4,9749.23,13984.56,0.438193,9.56506487173475e-07,1.17973,264.6,0.2418,264.9,0.4
8831,4,9749.92,13982.87,0.453811,9.564576261510663e-07,0.75403,270.3,0.2368,264.8,0.4
8832,4,9750.61,13981.17,0.399397,9.564087625851889e-07,0.673115,270.0,0.2371,264.8,0.4
8833,4,9751.3,13979.48,0.400825,9.563598964769472e-07,0.793621,268.0,0.2388,266.2,0.4
8834,4,9751.99,13977.78,0.447904,9.563110278274457e-07,0.614756,269.0,0.2379,266.7,0.4
8835,4,9752.68,13976.09,0.428357,9.562621566377891e-07,0.632479,267.3,0.2394,266.7,0.4
8836,4,9753.38,13974.4,0.372063,9.562132829090819e-07,0.560194,264.4,0.2421,266.5,0.4
8837,4,9754.06,13972.69,0.373725,9.56164406642429e-07,0.656665,270.8,0.2364,266.5,0.4
8838,4,9754.76,13971.0,0.4623,9.561155278389352e-07,0.996383,268.6,0.2383,266.6,0.4
8839,4,9755.45,13969.3,0.369494,9.560666464997054e-07,0.560417,269.0,0.2379,266.5,0.4
8840,4,9756.16,13967.65,0.464458,9.56017762625844e-07,0.8838,238.3,0.2686,265.0,0.4
8841,4,9756.86,13965.97,0.412947,9.559688762184564e-07,0.701287,266.7,0.2399,264.7,0.4
8842,4,9757.55,13964.27,0.422111,9.559199872786474e-07,0.674703,267.8,0.239,264.7,0.5
8843,4,9758.24,13962.58,0.370554,9.558710958075221e-07,0.506563,267.8,0.239,264.8,0.5
8844,4,9758.93,13960.88,0.42511,9.558222018061858e-07,0.748072,268.1,0.2388,264.7,0.5
8845,4,9759.63,13959.19,0.418205,9.557733052757434e-07,0.626107,267.6,0.2392,264.8,0.5
8846,4,9760.32,13957.5,0.437328,9.557244062173002e-07,0.754088,266.3,0.2403,264.8,0.5
8847,4,9761.01,13955.8,0.398182,9.556755046319614e-07,0.646332,271.5,0.2357,264.9,0.5
8848,4,9761.7,13954.12,0.407461,9.556266005208327e-07,0.564425,268.1,0.2387,265.1,0.5
8849,4,9762.4,13952.43,0.388934,9.55577693885019e-07,0.799089,265.8,0.2408,265.0,0.5
8850,4,9763.08,13950.73,0.387663,9.55528784725626e-07,0.643723,268.5,0.2384,265.2,0.5
8851,4,9763.78,13949.04,0.40683,9.554798730437594e-07,0.944717,266.2,0.2404,265.0,0.5
8852,4,9764.47,13947.35,0.390632,9.554309588405244e-07,0.641589,269.4,0.2375,265.0,0.5
8853,4,9765.16,13945.66,0.387103,9.55382042117027e-07,0.93333,261.7,0.2445,264.7,0.5
8854,4,9765.85,13943.97,0.405657,9.553331228743725e-07,0.607007,265.6,0.241,264.4,0.5
8855,4,9766.54,13942.28,0.376842,9.55284201113667e-07,0.792904,266.8,0.2398,264.4,0.5
8856,4,9767.23,13940.58,0.400533,9.552352768360158e-07,0.593332,265.9,0.2407,264.5,0.5
8857,4,9767.92,13938.9,0.367263,9.551863500425253e-07,0.706594,264.5,0.2419,264.2,0.5
8858,4,9768.61,13937.2,0.430172,9.55137420734301e-07,0.778013,266.7,0.2399,264.1,0.5
8859,4,9769.3,13935.51,0.412068,9.550884889124492e-07,0.678332,269.8,0.2372,264.2,0.5
8860,4,9769.99,13933.81,0.421019,9.55039554578076e-07,0.652618,269.0,0.2379,265.8,0.5
8861,4,9770.7,13932.16,0.410399,9.54990617732287e-07,0.832633,266.4,0.2403,265.9,0.5
8862,4,9771.39,13930.46,0.440215,9.549416783761887e-07,0.752133,267.5,0.2393,265.9,0.5
8863,4,9772.08,13928.77,0.441832,9.548927365108871e-07,0.902198,268.6,0.2382,266.0,0.5
8864,4,9772.77,13927.09,0.440873,9.548437921374887e-07,0.668357,268.8,0.2381,266.0,0.5
8865,4,9773.47,13925.4,0.377351,9.547948452570995e-07,0.622502,266.5,0.2401,265.9,0.5
8866,4,9774.16,13923.71,0.376906,9.547458958708262e-07,0.59472,271.5,0.2357,266.2,0.5
8867,4,9774.85,13922.03,0.421551,9.546969439797748e-07,0.814778,267.1,0.2396,265.9,0.5
8868,4,9775.54,13920.34,0.443661,9.546479895850523e-07,0.553622,266.9,0.2398,265.9,0.5
8869,4,9776.24,13918.65,0.388182,9.545990326877647e-07,0.813253,267.8,0.239,266.0,0.5
8870,4,9776.93,13916.97,0.433705,9.54550073289019e-07,0.744227,267.7,0.2391,266.0,0.5
8871,4,9777.62,13915.28,0.402968,9.545011113899217e-07,0.813791,266.8,0.2399,266.0,0.5
8872,4,9778.31,13913.6,0.389811,9.544521469915795e-07,0.650372,267.2,0.2395,265.9,0.5
8873,4,9779.01,13911.91,0.408942,9.544031800950992e-07,0.717465,265.7,0.2409,266.1,0.5
8874,4,9779.7,13910.22,0.414017,9.543542107015875e-07,0.64498,268.3,0.2386,266.3,0.4
8875,4,9780.39,13908.54,0.422376,9.543052388121513e-07,0.535954,268.0,0.2388,266.3,0.4
8876,4,9781.08,13906.85,0.439787,9.542562644278978e-07,0.987152,269.4,0.2375,266.5,0.5
8877,4,9781.77,13905.16,0.429248,9.542072875499336e-07,0.671746,270.5,0.2366,266.8,0.4
8878,4,9782.46,13903.48,0.384366,9.541583081793659e-07,0.7103,268.1,0.2387,266.9,0.4
8879,4,9783.15,13901.8,0.428992,9.54109326317302e-07,0.705574,268.8,0.2381,266.8,0.5
8880,4,9783.85,13900.11,0.416087,9.540603419648488e-07,0.879715,266.3,0.2403,266.6,0.5
8881,4,9784.56,13898.45,0.448609,9.540113551231136e-07,0.711063,271.3,0.2359,266.8,0.5
8882,4,9785.25,13896.77,0.461645,9.539623657932034e-07,0.942944,267.6,0.2392,266.9,0.5
8883,4,9785.95,13895.1,0.444923,9.53913373976226e-07,0.974246,264.4,0.2421,266.6,0.5
8884,4,9786.64,13893.41,0.383908,9.538643796732886e-07,0.79869,267.3,0.2394,266.6,0.5
8885,4,9787.32,13891.72,0.512277,9.538153828854986e-07,0.891266,271.9,0.2354,267.0,0.4
8886,4,9788.02,13890.04,0.442643,9.537663836139634e-07,0.747694,266.6,0.2401,266.8,0.4
8887,4,9788.71,13888.36,0.480846,9.537173818597907e-07,0.648123,267.5,0.2392,266.9,0.4
8888,4,9789.4,13886.68,0.43063,9.53668377624088e-07,0.710127,266.2,0.2404,266.8,0.4
8889,4,9790.09,13884.99,0.420779,9.53619370907963e-07,0.921253,268.4,0.2385,266.8,0.4
8890,4,9790.8,13883.33,0.490986,9.535703617125234e-07,0.872064,255.9,0.2501,266.3,0.4
8891,4,9791.48,13881.63,0.435326,9.535213500388771e-07,0.71376,266.4,0.2403,266.3,0.4
8892,4,9792.17,13879.95,0.456361,9.534723358881317e-07,1.03163,266.5,0.2401,266.4,0.3
8893,4,9792.88,13878.29,0.440974,9.534233192613953e-07,0.858701,252.2,0.2538,265.6,0.3
8894,4,9793.56,13876.6,0.409894,9.533743001597756e-07,0.820864,268.4,0.2384,265.6,0.3
8895,4,9794.25,13874.92,0.400046,9.533252785843809e-07,0.639345,270.1,0.2369,265.7,0.3
8896,4,9794.95,13873.24,0.440026,9.532762545363189e-07,0.68077,267.4,0.2393,265.6,0.3
8897,4,9795.64,13871.56,0.437169,9.532272280166981e-07,0.691304,269.1,0.2379,265.5,0.3
8898,4,9796.35,13869.9,0.449503,9.531781990266265e-07,0.675367,253.3,0.2526,264.8,0.3
8899,4,9797.03,13868.2,0.437534,9.531291675672122e-07,0.758886,266.0,0.2406,264.7,0.3
8900,4,9797.72,13866.52,0.409952,9.530801336395635e-07,0.865024,267.8,0.239,264.8,0.3
8901,4,9798.43,13864.87,0.388672,9.530310972447888e-07,0.767027,267.7,0.2391,264.6,0.3
8902,4,9799.12,13863.2,0.401649,9.529820583839966e-07,0.832228,266.6,0.2401,264.5,0.3
8903,4,9799.83,13861.54,0.435845,9.529330170582953e-07,0.632016,249.7,0.2563,263.7,0.3
8904,4,9800.51,13859.84,0.39199,9.528839732687932e-07,0.583956,268.7,0.2382,263.7,0.4
8905,4,9801.2,13858.16,0.407776,9.528349270165991e-07,0.589246,265.1,0.2414,263.3,0.4
8906,4,9801.89,13856.48,0.433152,9.527858783028214e-07,0.57711,270.5,0.2366,263.5,0.4
8907,4,9802.58,13854.8,0.392157,9.52736827128569e-07,0.52584,268.5,0.2383,263.6,0.4
8908,4,9803.27,13853.12,0.398656,9.526877734949504e-07,0.596055,268.0,0.2388,263.7,0.4
8909,4,9803.96,13851.44,0.412298,9.526387174030745e-07,0.727206,269.1,0.2378,263.7,0.4
8910,4,9804.66,13849.76,0.473137,9.525896588540502e-07,0.757806,266.6,0.24,264.2,0.4
8911,4,9805.35,13848.09,0.426759,9.525405978489861e-07,0.954608,266.4,0.2403,264.2,0.4
8912,4,9806.04,13846.41,0.451278,9.524915343889914e-07,1.021465,266.4,0.2402,264.1,0.4
8913,4,9806.74,13844.74,0.446298,9.52442468475175e-07,0.942122,262.4,0.2439,264.6,0.4
8914,4,9807.43,13843.06,0.480795,9.523934001086461e-07,1.000377,268.8,0.2381,264.6,0.4
8915,4,9808.12,13841.39,0.420953,9.523443292905136e-07,0.935785,265.4,0.2411,264.4,0.4
8916,4,9808.82,13839.73,0.384994,9.522952560218868e-07,0.739131,254.4,0.2516,263.7,0.4
8917,4,9809.5,13838.03,0.448218,9.52246180303875e-07,0.72755,266.7,0.24,263.6,0.4
8918,4,9810.19,13836.36,0.403741,9.521971021375872e-07,0.657006,267.2,0.2395,264.3,0.4
8919,4,9810.89,13834.68,0.423271,9.52148021524133e-07,0.569501,267.0,0.2397,264.4,0.4
8920,4,9811.58,13833.01,0.456754,9.520989384646216e-07,0.803689,266.9,0.2398,264.3,0.5
8921,4,9812.28,13831.35,0.409406,9.520498529601626e-07,0.794782,272.9,0.2345,264.6,0.4
8922,4,9812.98,13829.68,0.368551,9.520007650118655e-07,0.68285,265.3,0.2412,264.5,0.5
8923,4,9813.67,13828.0,0.422899,9.519516746208398e-07,0.921294,268.0,0.2388,265.5,0.4
8924,4,9814.36,13826.32,0.411597,9.519025817881952e-07,0.764075,271.6,0.2357,265.7,0.4
8925,4,9815.05,13824.65,0.46473,9.518534865150411e-07,0.894291,265.9,0.2407,265.8,0.4
8926,4,9815.75,13822.98,0.41131,9.518043888024875e-07,0.771039,264.2,0.2422,265.4,0.4
8927,4,9816.44,13821.3,0.38064,9.51755288651644e-07,0.791794,266.7,0.2399,265.3,0.4
8928,4,9817.13,13819.63,0.408088,9.517061860636204e-07,0.588246,266.3,0.2403,265.2,0.4
8929,4,9817.82,13817.96,0.394291,9.516570810395268e-07,0.776622,264.5,0.242,265.0,0.4
8930,4,9818.52,13816.29,0.386264,9.516079735804729e-07,0.731307,258.9,0.2472,264.7,0.4
8931,4,9819.21,13814.62,0.429801,9.515588636875688e-07,0.716384,267.1,0.2396,264.8,0.4
8932,4,9819.9,13812.95,0.41611,9.515097513619246e-07,0.746489,266.6,0.2401,264.8,0.4
8933,4,9820.59,13811.27,0.428089,9.514606366046503e-07,0.756031,267.3,0.2394,265.1,0.4
8934,4,9821.29,13809.6,0.400626,9.514115194168561e-07,0.775445,266.1,0.2405,265.0,0.4
8935,4,9821.98,13807.93,0.424234,9.513623997996522e-07,0.937004,268.1,0.2388,265.1,0.3
8936,4,9822.67,13806.26,0.36477,9.513132777541491e-07,0.772108,267.6,0.2392,265.8,0.3
8937,4,9823.38,13804.61,0.404594,9.512641532814568e-07,0.681195,249.4,0.2566,264.9,0.3
8938,4,9824.05,13802.92,0.441042,9.512150263826856e-07,0.833131,266.9,0.2398,264.8,0.4
8939,4,9824.75,13801.25,0.347242,9.511658970589465e-07,0.507034,263.5,0.2428,264.6,0.4
8940,4,9825.44,13799.58,0.431283,9.511167653113494e-07,0.997598,268.0,0.2388,264.7,0.4
8941,4,9826.15,13797.93,0.425841,9.510676311410052e-07,0.652894,268.8,0.2381,264.5,0.4
8942,4,9826.84,13796.25,0.409043,9.510184945490244e-07,0.860171,268.3,0.2386,264.8,0.3
8943,4,9827.53,13794.58,0.449706,9.509693555365174e-07,0.862353,267.3,0.2394,264.7,0.3
8944,4,9828.23,13792.92,0.413726,9.509202141045953e-07,0.883622,261.6,0.2447,264.2,0.3
8945,4,9828.91,13791.25,0.39159,9.508710702543686e-07,0.554898,269.0,0.2379,264.3,0.3
8946,4,9829.61,13789.58,0.465344,9.508219239869483e-07,0.629849,264.9,0.2416,264.4,0.3
8947,4,9830.3,13787.91,0.439803,9.507727753034452e-07,0.833569,265.5,0.241,264.3,0.3
8948,4,9831.0,13786.25,0.394263,9.507236242049701e-07,0.602611,265.8,0.2408,264.3,0.3
8949,4,9831.69,13784.58,0.441004,9.506744706926342e-07,0.803593,268.6,0.2383,264.5,0.3
8950,4,9832.38,13782.91,0.424065,9.506253147675483e-07,0.661627,264.1,0.2423,264.7,0.4
8951,4,9833.07,13781.24,0.433758,9.505761564308238e-07,0.820647,265.7,0.2409,264.6,0.4
8952,4,9833.77,13779.58,0.375673,9.505269956835715e-07,0.776142,266.5,0.2401,264.6,0.4
8953,4,9834.46,13777.91,0.44551,9.504778325269027e-07,0.832618,266.9,0.2398,264.6,0.4
8954,4,9835.15,13776.25,0.374662,9.504286669619289e-07,0.798579,266.7,0.24,264.6,0.4
8955,4,9835.87,13774.61,0.443162,9.50379498989761e-07,0.620718,245.5,0.2607,263.4,0.4
8956,4,9836.54,13772.92,0.402693,9.503303286115107e-07,0.707525,267.3,0.2394,263.3,0.4
8957,4,9837.23,13771.25,0.412288,9.502811558282892e-07,0.635072,266.2,0.2404,264.2,0.4
8958,4,9837.92,13769.58,0.432392,9.502319806412083e-07,0.496722,268.5,0.2384,264.3,0.4
8959,4,9838.62,13767.91,0.442849,9.501828030513791e-07,0.697201,268.1,0.2387,264.6,0.4
8960,4,9839.31,13766.26,0.431469,9.501336230599134e-07,1.070496,260.2,0.2459,264.2,0.4
8961,4,9840.01,13764.6,0.407496,9.500844406679229e-07,0.596695,268.3,0.2385,264.1,0.4
8962,4,9840.71,13762.94,0.401713,9.500352558765191e-07,0.853445,265.4,0.2411,264.0,0.4
8963,4,9841.4,13761.27,0.429447,9.499860686868139e-07,0.738181,268.1,0.2387,264.0,0.4
8964,4,9842.09,13759.6,0.376964,9.49936879099919e-07,0.646871,267.2,0.2395,264.3,0.4
8965,4,9842.78,13757.94,0.385533,9.498876871169464e-07,0.59841,265.9,0.2407,264.1,0.4
8966,4,9843.48,13756.27,0.389789,9.498384927390077e-07,0.754977,266.2,0.2405,264.2,0.4
8967,4,9844.17,13754.61,0.419342,9.497892959672152e-07,0.747594,266.4,0.2403,264.2,0.4
8968,4,9844.86,13752.95,0.458558,9.497400968026808e-07,0.63875,266.2,0.2404,264.2,0.4
8969,4,9845.56,13751.29,0.420862,9.496908952465163e-07,0.731454,263.7,0.2427,263.9,0.4
8970,4,9846.24,13749.61,0.408186,9.496416912998342e-07,0.7548,270.1,0.237,264.3,0.4
8971,4,9846.94,13747.96,0.425566,9.495924849637467e-07,0.809493,264.2,0.2423,264.1,0.4
8972,4,9847.63,13746.29,0.397452,9.495432762393657e-07,0.627442,269.6,0.2374,264.3,0.4
8973,4,9848.32,13744.63,0.438254,9.494940651278038e-07,0.822591,266.2,0.2404,264.3,0.4
8974,4,9849.02,13742.97,0.448861,9.49444851630173e-07,0.850931,259.4,0.2468,263.9,0.4
8975,4,9849.71,13741.31,0.39704,9.493956357475859e-07,0.56088,267.3,0.2395,265.1,0.4
8976,4,9850.4,13739.64,0.463489,9.49346417481155e-07,0.686682,264.3,0.2421,264.9,0.4
8977,4,9851.09,13737.98,0.443482,9.492971968319927e-07,0.92187,267.5,0.2393,265.0,0.4
8978,4,9851.78,13736.31,0.449898,9.492479738012114e-07,0.823653,268.2,0.2386,265.0,0.4
8979,4,9852.47,13734.65,0.424833,9.491987483899241e-07,0.801052,268.4,0.2384,264.9,0.4
8980,4,9853.17,13732.99,0.425143,9.491495205992432e-07,0.849129,269.0,0.2379,265.4,0.4
8981,4,9853.86,13731.33,0.364596,9.491002904302814e-07,0.664901,269.9,0.2371,265.5,0.4
8982,4,9854.56,13729.68,0.395842,9.490510578841516e-07,0.765161,265.7,0.2409,265.5,0.4
8983,4,9855.25,13728.02,0.401885,9.490018229619665e-07,0.609737,265.3,0.2413,265.4,0.4
8984,4,9855.95,13726.36,0.395758,9.489525856648389e-07,0.549301,265.0,0.2415,265.3,0.4
8985,4,9856.64,13724.69,0.424175,9.489033459938821e-07,0.658721,268.1,0.2387,265.4,0.4
8986,4,9857.33,13723.03,0.417553,9.488541039502087e-07,0.552103,265.4,0.2411,265.3,0.4
8987,4,9858.02,13721.37,0.402796,9.488048595349319e-07,0.820335,267.9,0.2389,265.4,0.4
8988,4,9858.71,13719.71,0.424036,9.487556127491647e-07,0.940132,267.0,0.2397,265.4,0.4
8989,4,9859.41,13718.05,0.441877,9.487063635940202e-07,0.58406,263.8,0.2426,265.5,0.4
8990,4,9860.1,13716.39,0.412813,9.486571120706119e-07,0.849194,266.2,0.2404,265.2,0.5
8991,4,9860.79,13714.73,0.413862,9.486078581800528e-07,0.918819,267.5,0.2392,265.4,0.4
8992,4,9861.48,13713.07,0.461085,9.485586019234561e-07,0.699171,267.2,0.2395,265.2,0.5
8993,4,9862.17,13711.41,0.44948,9.485093433019355e-07,0.93491,267.6,0.2392,265.3,0.5
8994,4,9862.86,13709.74,0.394243,9.484600823166041e-07,0.71747,269.6,0.2374,265.9,0.4
8995,4,9863.55,13708.09,0.424448,9.484108189685756e-07,0.879764,267.5,0.2392,265.9,0.4
8996,4,9864.25,13706.43,0.400493,9.483615532589632e-07,0.900032,266.4,0.2402,266.0,0.4
8997,4,9864.94,13704.78,0.430978,9.483122851888808e-07,0.67219,266.3,0.2403,266.0,0.4
8998,4,9865.63,13703.11,0.42704,9.482630147594421e-07,0.985945,269.5,0.2375,266.0,0.4
8999,4,9866.32,13701.46,0.410489,9.482137419717604e-07,0.819784,267.4,0.2394,266.0,0.4
9000,4,9867.01,13699.8,0.381205,9.481644668269497e-07,0.520896,266.6,0.24,265.8,0.4
9001,4,10010.0,13895.68,0.45426,9.481151893261236e-07,0.901215,239.1,0.2677,264.1,0.5
9002,4,10010.67,13893.95,0.368372,9.480659094703961e-07,0.540328,265.7,0.2408,264.1,0.5
9003,4,10011.37,13892.26,0.420861,9.48016627260881e-07,0.753973,264.1,0.2424,264.0,0.5
9004,4,10012.05,13890.56,0.403213,9.479673426986923e-07,0.631509,272.4,0.235,264.4,0.5
9005,4,10012.75,13888.86,0.410298,9.47918055784944e-07,0.6377,267.0,0.2397,264.4,0.4
9006,4,10013.44,13887.17,0.375668,9.4786876652075e-07,0.743378,266.7,0.24,264.5,0.4
9007,4,10014.13,13885.48,0.415575,9.478194749072247e-07,0.836777,266.6,0.2401,264.5,0.4
9008,4,10014.82,13883.78,0.468546,9.47770180945482e-07,0.769049,270.0,0.2371,264.7,0.4
9009,4,10015.52,13882.09,0.431474,9.477208846366361e-07,0.623215,266.1,0.2405,264.8,0.4
9010,4,10016.21,13880.4,0.435432,9.476715859818016e-07,0.718737,264.7,0.2418,264.8,0.4
9011,4,10016.9,13878.7,0.363375,9.476222849820923e-07,0.533843,264.6,0.2419,264.7,0.3
9012,4,10017.59,13877.01,0.458256,9.475729816386231e-07,0.925956,265.8,0.2408,264.7,0.3
9013,4,10018.29,13875.32,0.426202,9.475236759525081e-07,0.576828,262.1,0.2442,264.4,0.3
9014,4,10018.98,13873.63,0.407786,9.474743679248617e-07,0.853012,266.1,0.2405,264.2,0.3
9015,4,10019.67,13871.94,0.403309,9.474250575567988e-07,0.786876,266.7,0.24,264.3,0.3
9016,4,10020.37,13870.26,0.454644,9.473757448494336e-07,0.671736,264.0,0.2424,264.1,0.3
9017,4,10021.07,13868.57,0.415455,9.473264298038809e-07,0.575762,264.3,0.2422,264.0,0.3
9018,4,10021.76,13866.87,0.406814,9.472771124212555e-07,0.690692,268.1,0.2388,264.0,0.3
9019,4,10022.45,13865.18,0.452828,9.472277927026719e-07,0.604072,270.1,0.2369,264.1,0.3
9020,4,10023.16,13863.52,0.42742,9.47178470649245e-07,0.628765,247.0,0.2591,263.2,0.2
9021,4,10023.85,13861.83,0.389365,9.471291462620895e-07,0.606072,268.5,0.2384,264.9,0.2
9022,4,10024.55,13860.14,0.413296,9.470798195423206e-07,0.585934,264.8,0.2417,264.8,0.2
9023,4,10025.24,13858.45,0.37345,9.470304904910531e-07,0.613048,267.2,0.2395,265.0,0.2
9024,4,10025.94,13856.77,0.406436,9.469811591094019e-07,0.815018,266.4,0.2403,264.7,0.2
9025,4,10026.63,13855.09,0.426452,9.469318253984822e-07,0.735304,267.5,0.2392,264.7,0.2
9026,4,10027.33,13853.4,0.381945,9.468824893594091e-07,0.651979,268.6,0.2383,264.8,0.2
9027,4,10028.03,13851.72,0.438246,9.468331509932977e-07,0.662272,265.9,0.2407,264.7,0.2
9028,4,10028.72,13850.04,0.41576,9.467838103012633e-07,0.557264,266.3,0.2404,264.5,0.2
9029,4,10029.44,13848.37,0.401245,9.467344672844211e-07,0.696351,250.3,0.2557,263.7,0.2
9030,4,10030.12,13846.67,0.449313,9.466851219438864e-07,1.070628,269.6,0.2374,264.0,0.2
9031,4,10030.82,13844.99,0.392626,9.466357742807745e-07,0.555084,263.6,0.2428,263.9,0.2
9032,4,10031.51,13843.31,0.394901,9.46586424296201e-07,0.537183,265.4,0.2411,263.8,0.3
9033,4,10032.21,13841.63,0.422833,9.465370719912814e-07,0.802023,264.0,0.2424,263.9,0.3
9034,4,10032.9,13839.94,0.436803,9.46487717367131e-07,0.653935,268.5,0.2384,264.0,0.3
9035,4,10033.6,13838.26,0.392488,9.464383604248656e-07,0.796471,266.4,0.2403,264.0,0.3
9036,4,10034.3,13836.58,0.403215,9.463890011656006e-07,0.905744,264.5,0.242,264.0,0.3
9037,4,10035.0,13834.91,0.371969,9.463396395904519e-07,0.605537,260.6,0.2456,263.8,0.3
9038,4,10035.69,13833.22,0.442002,9.462902757005351e-07,1.152079,263.3,0.2431,263.5,0.3
9039,4,10036.39,13831.54,0.467267,9.462409094969661e-07,0.777735,263.8,0.2426,263.2,0.3
9040,4,10037.09,13829.87,0.454244,9.461915409808607e-07,0.910606,264.1,0.2423,264.0,0.3
9041,4,10037.83,13828.24,0.388771,9.46142170153335e-07,0.670508,262.2,0.2441,263.7,0.4
9042,4,10038.55,13826.59,0.381033,9.460927970155047e-07,0.626196,242.2,0.2643,262.4,0.3
9043,4,10039.22,13824.88,0.432656,9.460434215684857e-07,0.675567,265.0,0.2415,262.3,0.4
9044,4,10039.92,13823.2,0.420787,9.459940438133943e-07,0.580731,266.1,0.2405,262.2,0.4
9045,4,10040.63,13821.55,0.415413,9.459446637513464e-07,0.877242,246.4,0.2597,261.1,0.4
9046,4,10041.31,13819.85,0.41947,9.458952813834584e-07,0.777811,263.6,0.2428,260.8,0.4
9047,4,10042.01,13818.17,0.439402,9.458458967108463e-07,0.832344,266.4,0.2402,260.8,0.4
9048,4,10042.71,13816.49,0.427944,9.457965097346262e-07,0.885091,266.3,0.2403,260.8,0.4
9049,4,10043.4,13814.81,0.428309,9.457471204559148e-07,1.11761,265.7,0.2408,261.5,0.5
9050,4,10044.1,13813.14,0.447406,9.456977288758284e-07,0.904623,263.4,0.243,261.1,0.5
9051,4,10044.81,13811.47,0.453184,9.456483349954832e-07,0.639675,265.6,0.241,261.2,0.5
9052,4,10045.5,13809.79,0.445408,9.455989388159959e-07,0.680384,265.9,0.2407,261.2,0.5
9053,4,10046.2,13808.11,0.420904,9.455495403384829e-07,0.849491,267.8,0.239,261.4,0.5
9054,4,10046.9,13806.44,0.417408,9.455001395640607e-07,0.718893,264.0,0.2425,261.2,0.5
9055,4,10047.59,13804.76,0.450925,9.454507364938459e-07,0.591353,266.3,0.2403,261.1,0.5
9056,4,10048.29,13803.09,0.42878,9.454013311289556e-07,0.75463,265.3,0.2412,261.2,0.5
9057,4,10048.99,13801.41,0.395648,9.453519234705061e-07,0.734518,266.3,0.2403,261.5,0.5
9058,4,10049.68,13799.73,0.447556,9.453025135196143e-07,0.782597,266.0,0.2406,261.6,0.5
9059,4,10050.38,13798.05,0.465004,9.452531012773969e-07,0.845586,265.4,0.2411,261.6,0.5
9060,4,10051.08,13796.38,0.388762,9.452036867449711e-07,0.66461,263.4,0.2429,261.7,0.5
9061,4,10051.79,13794.73,0.420664,9.451542699234535e-07,1.186567,268.2,0.2386,262.0,0.5
9062,4,10052.49,13793.06,0.396618,9.451048508139614e-07,0.595706,263.4,0.243,263.1,0.5
9063,4,10053.2,13791.4,0.420569,9.450554294176114e-07,0.800049,250.6,0.2553,262.3,0.5
9064,4,10053.88,13789.7,0.39862,9.45006005735521e-07,0.875084,268.3,0.2386,262.5,0.5
9065,4,10054.58,13788.03,0.392064,9.449565797688071e-07,0.741297,262.5,0.2438,263.4,0.5
9066,4,10055.27,13786.35,0.425966,9.449071515185871e-07,0.642335,268.0,0.2388,263.7,0.5
9067,4,10055.97,13784.68,0.409539,9.448577209859781e-07,0.742204,266.6,0.2401,263.6,0.5
9068,4,10056.67,13783.0,0.394047,9.448082881720974e-07,0.759856,263.9,0.2426,263.5,0.5
9069,4,10057.37,13781.33,0.511465,9.447588530780625e-07,0.825321,264.0,0.2424,263.4,0.5
9070,4,10058.06,13779.65,0.444298,9.447094157049906e-07,0.945029,266.0,0.2406,263.6,0.5
9071,4,10058.75,13777.98,0.40109,9.446599760539993e-07,0.5928,266.1,0.2405,263.6,0.5
9072,4,10059.45,13776.3,0.388709,9.446105341262059e-07,0.695039,266.4,0.2402,263.7,0.4
9073,4,10060.14,13774.63,0.465621,9.445610899227283e-07,0.73981,264.7,0.2418,263.5,0.5
9074,4,10060.84,13772.95,0.35523,9.445116434446838e-07,0.56579,264.9,0.2416,263.5,0.5
9075,4,10061.53,13771.27,0.418976,9.444621946931903e-07,0.670426,266.5,0.2402,263.6,0.5
9076,4,10062.23,13769.6,0.436351,9.444127436693652e-07,0.84456,264.5,0.242,263.5,0.5
9077,4,10062.93,13767.93,0.38461,9.443632903743266e-07,0.758437,264.7,0.2418,263.4,0.5
9078,4,10063.62,13766.25,0.40758,9.44313834809192e-07,0.746014,267.0,0.2397,263.5,0.5
9079,4,10064.31,13764.57,0.420341,9.442643769750795e-07,0.799301,268.8,0.2381,263.7,0.4
9080,4,10065.01,13762.91,0.4319,9.442149168731068e-07,0.947549,262.9,0.2434,263.6,0.5
9081,4,10065.72,13761.25,0.449061,9.441654545043921e-07,0.79636,266.3,0.2403,263.5,0.5
9082,4,10066.42,13759.58,0.370347,9.441159898700532e-07,0.82172,266.0,0.2406,263.7,0.4
9083,4,10067.12,13757.91,0.421529,9.440665229712083e-07,0.653463,261.8,0.2445,264.3,0.4
9084,4,10067.81,13756.23,0.385114,9.440170538089754e-07,0.742145,266.5,0.2401,264.2,0.5
9085,4,10068.5,13754.56,0.462125,9.43967582384473e-07,0.930693,264.0,0.2424,264.2,0.5
9086,4,10069.2,13752.89,0.396767,9.439181086988189e-07,0.618356,265.7,0.2409,264.1,0.5
9087,4,10069.89,13751.21,0.41095,9.438686327531316e-07,0.776528,266.2,0.2404,264.2,0.4
9088,4,10070.58,13749.53,0.457391,9.438191545485294e-07,0.8218,267.8,0.2389,264.4,0.4
9089,4,10071.28,13747.86,0.447393,9.437696740861306e-07,0.59417,266.2,0.2404,264.5,0.4
9090,4,10071.97,13746.19,0.434404,9.437201913670537e-07,0.602053,264.2,0.2422,264.5,0.4
9091,4,10072.67,13744.52,0.355952,9.436707063924172e-07,0.694062,264.9,0.2416,264.4,0.4
9092,4,10073.36,13742.85,0.412377,9.436212191633397e-07,0.573058,261.4,0.2449,264.1,0.4
9093,4,10074.06,13741.18,0.453119,9.435717296809395e-07,0.886257,265.1,0.2414,264.2,0.4
9094,4,10074.75,13739.5,0.446259,9.435222379463354e-07,0.820582,266.5,0.2402,264.3,0.4
9095,4,10075.45,13737.84,0.45595,9.434727439606462e-07,0.746098,259.4,0.2467,263.9,0.4
9096,4,10076.14,13736.16,0.387044,9.434232477249904e-07,0.605847,265.0,0.2415,264.0,0.4
9097,4,10076.84,13734.5,0.400661,9.43373749240487e-07,0.642937,260.9,0.2453,263.9,0.4
9098,4,10077.53,13732.82,0.478595,9.433242485082546e-07,0.811069,267.5,0.2392,263.9,0.4
9099,4,10078.23,13731.15,0.413033,9.432747455294122e-07,0.586562,264.1,0.2424,263.7,0.4
9100,4,10078.92,13729.48,0.404108,9.432252403050788e-07,0.686284,265.4,0.2411,263.8,0.4
9101,4,10079.62,13727.82,0.423862,9.431757328363733e-07,0.751975,271.3,0.2359,264.1,0.3
9102,4,10080.31,13726.15,0.425229,9.431262231244148e-07,0.665911,266.8,0.2398,264.1,0.3
9103,4,10081.01,13724.48,0.413817,9.430767111703223e-07,0.769765,268.0,0.2388,264.5,0.3
9104,4,10081.71,13722.82,0.36159,9.43027196975215e-07,0.699109,262.1,0.2442,264.2,0.3
9105,4,10082.4,13721.14,0.419193,9.42977680540212e-07,0.842867,267.8,0.239,264.5,0.3
9106,4,10083.09,13719.47,0.468552,9.429281618664327e-07,0.692664,266.8,0.2399,264.5,0.3
9107,4,10083.81,13717.84,0.406472,9.428786409549963e-07,0.59038,242.0,0.2644,263.1,0.3
9108,4,10084.48,13716.14,0.424691,9.428291178070222e-07,0.687816,267.1,0.2396,263.1,0.3
9109,4,10085.17,13714.46,0.485783,9.427795924236296e-07,0.943403,268.9,0.238,263.2,0.3
9110,4,10085.88,13712.81,0.440356,9.427300648059382e-07,0.872628,260.0,0.2462,262.9,0.4
9111,4,10086.57,13711.13,0.389852,9.426805349550672e-07,0.897217,267.3,0.2395,263.0,0.4
9112,4,10087.26,13709.47,0.373013,9.426310028721366e-07,0.845047,265.2,0.2414,263.3,0.4
9113,4,10087.96,13707.8,0.481592,9.425814685582655e-07,1.034972,264.4,0.242,263.1,0.4
9114,4,10088.65,13706.13,0.368206,9.425319320145737e-07,0.602991,267.4,0.2394,263.2,0.4
9115,4,10089.37,13704.49,0.454879,9.42482393242181e-07,0.589214,247.2,0.2589,262.5,0.4
9116,4,10090.04,13702.8,0.429083,9.42432852242207e-07,0.668419,266.3,0.2403,262.5,0.4
9117,4,10090.74,13701.13,0.404026,9.423833090157716e-07,0.791391,264.8,0.2417,262.7,0.4
9118,4,10091.43,13699.47,0.410378,9.423337635639947e-07,0.742103,267.1,0.2396,262.6,0.5
9119,4,10092.13,13697.81,0.4057,9.42284215887996e-07,0.840856,257.1,0.2489,262.2,0.5
9120,4,10092.82,13696.14,0.389149,9.422346659888956e-07,0.633615,266.4,0.2403,262.2,0.5
9121,4,10093.53,13694.49,0.404925,9.421851138678136e-07,0.739846,266.0,0.2406,262.0,0.5
9122,4,10094.22,13692.82,0.398298,9.421355595258698e-07,0.816565,266.5,0.2402,261.9,0.5
9123,4,10094.92,13691.15,0.422518,9.420860029641843e-07,0.904226,264.2,0.2423,261.8,0.5
9124,4,10095.62,13689.5,0.422301,9.420364441838774e-07,0.866071,261.2,0.245,261.7,0.5
9125,4,10096.31,13687.83,0.421374,9.419868831860692e-07,0.634373,264.7,0.2418,261.5,0.5
9126,4,10097.01,13686.17,0.398956,9.419373199718801e-07,0.665116,265.4,0.2411,261.5,0.5
9127,4,10097.7,13684.51,0.411418,9.418877545424302e-07,0.644351,263.4,0.243,262.7,0.5
9128,4,10098.42,13682.87,0.419032,9.4183818689884e-07,0.723046,243.3,0.2631,261.4,0.5
9129,4,10099.09,13681.17,0.426563,9.417886170422298e-07,0.65314,266.5,0.2402,261.3,0.5
9130,4,10099.78,13679.51,0.442381,9.4173904497372e-07,0.888207,266.5,0.2401,261.7,0.4
9131,4,10100.48,13677.84,0.405408,9.416894706944314e-07,0.544711,267.1,0.2396,261.7,0.4
9132,4,10101.17,13676.18,0.412062,9.41639894205484e-07,0.771443,269.9,0.2372,261.9,0.5
9133,4,10101.87,13674.52,0.372583,9.415903155079988e-07,0.675649,266.6,0.2401,262.1,0.4
9134,4,10102.56,13672.85,0.426574,9.415407346030965e-07,0.724007,268.5,0.2384,262.1,0.4
9135,4,10103.25,13671.19,0.356782,9.414911514918976e-07,0.485528,265.8,0.2408,263.2,0.4
9136,4,10103.95,13669.53,0.418562,9.414415661755228e-07,0.840176,265.0,0.2415,263.1,0.4
9137,4,10104.64,13667.87,0.389013,9.413919786550931e-07,0.763414,266.6,0.24,263.2,0.4
9138,4,10105.34,13666.2,0.428868,9.413423889317291e-07,0.904956,266.0,0.2406,263.1,0.4
9139,4,10106.04,13664.55,0.432883,9.412927970065518e-07,0.727014,259.8,0.2464,263.3,0.4
9140,4,10106.73,13662.88,0.439128,9.412432028806824e-07,0.953104,266.1,0.2405,263.3,0.4
9141,4,10107.44,13661.25,0.438737,9.411936065552414e-07,0.799428,266.1,0.2405,263.3,0.4
9142,4,10108.14,13659.58,0.40536,9.411440080313503e-07,0.951497,266.9,0.2398,263.3,0.4
9143,4,10108.83,13657.93,0.398329,9.4109440731013e-07,0.530637,266.8,0.2399,263.5,0.4
9144,4,10109.53,13656.27,0.385092,9.410448043927017e-07,0.602599,267.8,0.2389,263.8,0.4
9145,4,10110.22,13654.61,0.397574,9.409951992801866e-07,0.74729,267.1,0.2396,264.0,0.4
9146,4,10110.92,13652.95,0.362079,9.409455919737057e-07,0.458799,264.3,0.2422,263.8,0.4
9147,4,10111.62,13651.29,0.411538,9.408959824743806e-07,0.745268,265.4,0.2412,263.9,0.4
9148,4,10112.31,13649.63,0.384273,9.408463707833324e-07,0.558838,265.3,0.2413,265.1,0.4
9149,4,10113.01,13647.97,0.36354,9.407967569016827e-07,0.51521,266.3,0.2403,265.1,0.4
9150,4,10113.7,13646.31,0.377421,9.407471408305529e-07,0.625914,266.1,0.2405,265.0,0.4
9151,4,10114.4,13644.65,0.443158,9.406975225710645e-07,0.735201,263.3,0.243,264.8,0.4
9152,4,10115.09,13642.99,0.396082,9.40647902124339e-07,0.821378,265.2,0.2413,264.5,0.4
9153,4,10115.78,13641.33,0.402287,9.405982794914979e-07,0.616166,267.8,0.239,264.6,0.5
9154,4,10116.48,13639.68,0.40915,9.405486546736629e-07,0.908857,266.1,0.2405,264.5,0.4
9155,4,10117.18,13638.02,0.400184,9.404990276719557e-07,0.577356,263.4,0.243,264.4,0.4
9156,4,10117.87,13636.36,0.371923,9.404493984874981e-07,0.69846,268.8,0.2381,264.6,0.4
9157,4,10118.56,13634.7,0.428878,9.403997671214118e-07,0.814884,265.0,0.2415,264.6,0.4
9158,4,10119.26,13633.04,0.396127,9.403501335748188e-07,0.892273,266.5,0.2402,264.6,0.4
9159,4,10119.95,13631.39,0.384554,9.403004978488406e-07,0.752526,266.3,0.2403,264.9,0.4
9160,4,10120.67,13629.76,0.412134,9.402508599445996e-07,0.74487,242.9,0.2635,263.7,0.4
9161,4,10121.36,13628.09,0.372854,9.402012198632176e-07,0.595377,269.3,0.2376,263.9,0.4
9162,4,10122.06,13626.44,0.41714,9.401515776058167e-07,0.61104,261.7,0.2446,263.6,0.4
9163,4,10122.75,13624.79,0.426354,9.401019331735188e-07,0.730042,265.6,0.241,263.5,0.4
9164,4,10123.45,13623.13,0.434306,9.400522865674461e-07,0.850457,265.0,0.2415,263.3,0.4
9165,4,10124.15,13621.48,0.429858,9.400026377887208e-07,0.567362,263.8,0.2426,263.1,0.4
9166,4,10124.84,13619.81,0.396223,9.399529868384652e-07,0.762432,270.3,0.2367,263.5,0.4
9167,4,10125.53,13618.16,0.425212,9.399033337178016e-07,0.793648,267.2,0.2395,263.6,0.4
9168,4,10126.23,13616.51,0.42941,9.39853678427852e-07,0.70166,265.0,0.2415,263.5,0.4
9169,4,10126.93,13614.86,0.452007,9.398040209697393e-07,0.749818,265.8,0.2408,263.6,0.4
9170,4,10127.62,13613.2,0.409381,9.397543613445854e-07,0.675948,266.0,0.2406,263.6,0.4
9171,4,10128.31,13611.54,0.395627,9.397046995535132e-07,0.713538,267.8,0.239,263.8,0.4
9172,4,10129.02,13609.9,0.404231,9.39655035597645e-07,0.785811,260.9,0.2453,263.6,0.4
9173,4,10129.71,13608.24,0.366169,9.396053694781034e-07,0.762046,266.5,0.2402,263.5,0.4
9174,4,10130.4,13606.59,0.408651,9.39555701196011e-07,0.587723,265.2,0.2414,263.4,0.4
9175,4,10131.1,13604.93,0.470295,9.395060307524905e-07,0.767838,266.0,0.2406,263.5,0.4
9176,4,10131.79,13603.28,0.426498,9.394563581486648e-07,0.997891,264.0,0.2424,263.3,0.4
9177,4,10132.49,13601.63,0.400486,9.394066833856564e-07,0.68549,264.9,0.2416,263.3,0.4
9178,4,10133.19,13599.98,0.443347,9.393570064645882e-07,0.979807,262.2,0.244,263.1,0.4
9179,4,10133.88,13598.32,0.439253,9.393073273865831e-07,0.758824,266.8,0.2399,263.1,0.4
9180,4,10134.57,13596.67,0.403721,9.39257646152764e-07,0.749476,269.5,0.2374,264.5,0.4
9181,4,10135.28,13595.03,0.388584,9.39207962764254e-07,0.658173,267.8,0.239,264.5,0.4
9182,4,10135.97,13593.38,0.441351,9.391582772221759e-07,0.919994,266.0,0.2406,264.8,0.4
9183,4,10136.67,13591.72,0.451435,9.391085895276529e-07,0.998714,266.8,0.2399,264.9,0.4
9184,4,10137.36,13590.07,0.407148,9.39058899681808e-07,0.619772,266.6,0.2401,265.0,0.4
9185,4,10138.06,13588.42,0.453962,9.390092076857643e-07,0.78919,265.3,0.2412,265.1,0.4
9186,4,10138.76,13586.77,0.411762,9.389595135406453e-07,0.663033,266.2,0.2404,264.8,0.4
9187,4,10139.45,13585.12,0.440215,9.389098172475739e-07,0.665482,267.2,0.2396,264.8,0.4
9188,4,10140.15,13583.47,0.388709,9.388601188076736e-07,0.711409,264.1,0.2423,264.7,0.4
9189,4,10140.84,13581.82,0.399113,9.388104182220679e-07,0.697074,266.9,0.2398,264.7,0.4
9190,4,10141.53,13580.17,0.40157,9.3876071549188e-07,1.389008,266.3,0.2404,264.8,0.4
9191,4,10142.23,13578.52,0.425225,9.387110106182334e-07,0.724121,262.5,0.2438,264.5,0.4
9192,4,10142.92,13576.86,0.460025,9.386613036022516e-07,0.715067,266.6,0.2401,264.9,0.4
9193,4,10143.63,13575.23,0.424928,9.386115944450581e-07,0.616165,256.5,0.2495,264.3,0.4
9194,4,10144.31,13573.56,0.397996,9.385618831477766e-07,0.586576,267.6,0.2392,264.5,0.4
9195,4,10145.01,13571.91,0.392902,9.385121697115305e-07,0.671032,266.4,0.2403,264.5,0.4
9196,4,10145.7,13570.26,0.481867,9.384624541374438e-07,0.650467,267.4,0.2394,264.7,0.4
9197,4,10146.4,13568.61,0.369966,9.384127364266399e-07,0.731363,266.7,0.2399,264.8,0.4
9198,4,10147.09,13566.96,0.448787,9.38363016580243e-07,0.632129,266.1,0.2405,265.0,0.4
9199,4,10147.78,13565.31,0.41029,9.383132945993766e-07,0.633698,267.5,0.2393,264.9,0.4
9200,4,10148.48,13563.66,0.433749,9.382635704851648e-07,1.008283,268.0,0.2388,264.8,0.4
9201,4,10163.72,13581.45,0.426197,9.382138442387314e-07,0.80875,277.1,0.2309,265.2,0.4
9202,4,10164.4,13579.78,0.419919,9.381641158612003e-07,0.696471,273.5,0.234,265.6,0.4
9203,4,10165.09,13578.12,0.425625,9.381143853536959e-07,0.64338,273.3,0.2342,266.0,0.4
9204,4,10165.78,13576.46,0.443886,9.380646527173419e-07,0.75299,271.5,0.2357,266.2,0.4
9205,4,10166.46,13574.79,0.432573,9.380149179532627e-07,0.718722,272.7,0.2347,266.6,0.4
9206,4,10167.15,13573.13,0.415817,9.379651810625823e-07,0.667938,272.3,0.235,266.9,0.4
9207,4,10167.84,13571.48,0.46511,9.379154420464247e-07,0.80024,267.8,0.2389,267.0,0.4
9208,4,10168.53,13569.82,0.453868,9.378657009059145e-07,0.814224,268.0,0.2388,267.2,0.4
9209,4,10169.22,13568.17,0.450118,9.37815957642176e-07,0.861845,268.3,0.2386,267.3,0.4
9210,4,10169.91,13566.51,0.482307,9.377662122563335e-07,0.713899,269.8,0.2372,267.4,0.4
9211,4,10170.6,13564.86,0.369805,9.377164647495114e-07,0.650301,266.6,0.2401,267.5,0.4
9212,4,10171.29,13563.2,0.402794,9.376667151228342e-07,0.547205,269.7,0.2373,267.7,0.4
9213,4,10171.98,13561.54,0.452985,9.376169633774264e-07,0.778045,271.0,0.2361,268.5,0.4
9214,4,10172.67,13559.88,0.440725,9.375672095144125e-07,0.770114,269.0,0.238,268.5,0.4
9215,4,10173.37,13558.24,0.39062,9.375174535349172e-07,0.734278,261.3,0.2449,268.3,0.4
9216,4,10174.05,13556.57,0.398499,9.374676954400651e-07,0.629499,265.3,0.2412,268.2,0.4
9217,4,10174.75,13554.92,0.399978,9.374179352309809e-07,0.706637,267.2,0.2395,268.2,0.4
9218,4,10175.44,13553.27,0.369062,9.373681729087893e-07,0.638175,265.0,0.2415,268.1,0.4
9219,4,10176.15,13551.64,0.451155,9.373184084746152e-07,0.759143,248.7,0.2573,267.1,0.4
9220,4,10176.82,13549.96,0.414557,9.372686419295835e-07,0.680448,267.9,0.2389,267.1,0.4
9221,4,10177.52,13548.32,0.458216,9.372188732748188e-07,0.598371,270.1,0.237,266.8,0.4
9222,4,10178.22,13546.67,0.420924,9.371691025114464e-07,0.555933,267.4,0.2393,266.5,0.4
9223,4,10178.91,13545.03,0.408934,9.371193296405911e-07,0.672201,264.5,0.242,266.0,0.4
9224,4,10179.61,13543.38,0.39719,9.37069554663378e-07,0.62331,258.1,0.248,265.3,0.4
9225,4,10180.29,13541.72,0.405152,9.370197775809321e-07,0.598417,266.0,0.2406,265.0,0.4
9226,4,10180.99,13540.07,0.437089,9.369699983943784e-07,0.682046,264.1,0.2423,264.6,0.4
9227,4,10181.68,13538.43,0.405212,9.369202171048424e-07,0.573161,265.7,0.2409,264.5,0.4
9228,4,10182.37,13536.78,0.380359,9.368704337134493e-07,0.729111,266.2,0.2404,264.4,0.4
9229,4,10183.07,13535.12,0.426565,9.36820648221324e-07,0.524943,267.0,0.2397,264.4,0.4
9230,4,10183.76,13533.48,0.406129,9.367708606295922e-07,0.879424,266.4,0.2402,264.2,0.4
9231,4,10184.45,13531.83,0.392454,9.367210709393791e-07,0.730747,268.9,0.238,264.4,0.4
9232,4,10185.15,13530.18,0.412369,9.366712791518102e-07,0.832836,266.9,0.2398,264.3,0.4
9233,4,10185.84,13528.53,0.398129,9.366214852680109e-07,0.748922,268.1,0.2387,264.2,0.4
9234,4,10186.53,13526.89,0.436015,9.365716892891067e-07,0.811307,264.0,0.2425,263.9,0.4
9235,4,10187.23,13525.24,0.398332,9.365218912162233e-07,0.602402,264.9,0.2416,264.1,0.4
9236,4,10187.92,13523.6,0.439742,9.364720910504861e-07,0.830217,264.8,0.2417,264.0,0.4
9237,4,10188.62,13521.95,0.41401,9.364222887930206e-07,0.517942,265.5,0.2411,263.9,0.4
9238,4,10189.31,13520.31,0.436678,9.363724844449529e-07,0.833081,263.0,0.2434,263.8,0.4
9239,4,10190.0,13518.66,0.410371,9.363226780074086e-07,0.716825,266.0,0.2406,264.8,0.4
9240,4,10190.7,13517.01,0.364063,9.362728694815135e-07,0.536063,264.4,0.242,264.6,0.4
9241,4,10191.4,13515.37,0.394836,9.362230588683935e-07,0.731897,269.9,0.2371,264.6,0.4
9242,4,10192.09,13513.73,0.427913,9.361732461691743e-07,0.911904,267.5,0.2393,264.6,0.4
9243,4,10192.78,13512.08,0.411873,9.361234313849819e-07,0.696671,264.6,0.2418,264.6,0.4
9244,4,10193.48,13510.44,0.47627,9.360736145169424e-07,0.687953,266.8,0.2399,265.0,0.4
9245,4,10194.19,13508.81,0.427734,9.360237955661819e-07,0.625605,252.5,0.2534,264.3,0.4
9246,4,10194.88,13507.17,0.405851,9.359739745338262e-07,0.788361,252.4,0.2536,263.6,0.4
9247,4,10195.57,13505.51,0.427046,9.359241514210015e-07,0.77108,263.2,0.2432,263.5,0.4
9248,4,10196.26,13503.87,0.410849,9.35874326228834e-07,0.672616,268.5,0.2383,263.6,0.4
9249,4,10196.95,13502.22,0.446197,9.358244989584501e-07,0.776276,265.9,0.2407,263.6,0.4
9250,4,10197.65,13500.58,0.443714,9.357746696109758e-07,0.684075,266.1,0.2405,263.6,0.4
9251,4,10198.34,13498.94,0.40825,9.357248381875375e-07,0.628208,259.8,0.2463,263.0,0.4
9252,4,10199.03,13497.29,0.4181,9.356750046892617e-07,0.591957,268.0,0.2388,263.1,0.4
9253,4,10199.72,13495.65,0.433519,9.356251691172746e-07,0.773421,265.9,0.2407,263.0,0.4
9254,4,10200.41,13494.0,0.362585,9.355753314727028e-07,0.709043,269.9,0.2372,263.3,0.4
9255,4,10201.11,13492.36,0.416714,9.355254917566728e-07,1.042759,266.6,0.2401,263.4,0.4
9256,4,10201.81,13490.72,0.413481,9.354756499703109e-07,0.786282,266.1,0.2405,263.4,0.4
9257,4,10202.5,13489.08,0.472573,9.354258061147439e-07,0.845063,261.4,0.2448,263.2,0.4
9258,4,10203.19,13487.44,0.441215,9.353759601910984e-07,0.696712,267.2,0.2395,263.4,0.4
9259,4,10203.89,13485.79,0.440428,9.353261122005012e-07,0.78885,267.7,0.2391,263.5,0.4
9260,4,10204.58,13484.15,0.399527,9.35276262144079e-07,0.738266,265.3,0.2413,263.5,0.4
9261,4,10205.28,13482.52,0.414658,9.352264100229583e-07,0.63835,269.3,0.2376,263.5,0.4
9262,4,10205.97,13480.88,0.45106,9.351765558382663e-07,0.68347,264.9,0.2416,263.4,0.4
9263,4,10206.66,13479.23,0.398351,9.351266995911296e-07,0.796587,271.0,0.2361,263.7,0.4
9264,4,10207.36,13477.59,0.389074,9.350768412826753e-07,0.681067,266.4,0.2402,263.7,0.4
9265,4,10208.05,13475.95,0.445862,9.350269809140304e-07,0.728035,266.3,0.2403,264.4,0.4
9266,4,10208.75,13474.31,0.43415,9.349771184863217e-07,0.707804,262.3,0.244,264.9,0.4
9267,4,10209.44,13472.67,0.391207,9.349272540006764e-07,0.579357,266.2,0.2404,265.1,0.4
9268,4,10210.13,13471.02,0.393353,9.348773874582215e-07,0.969259,268.0,0.2388,265.1,0.4
9269,4,10210.82,13469.38,0.452514,9.348275188600843e-07,0.640627,268.4,0.2385,265.2,0.4
9270,4,10211.52,13467.75,0.435817,9.347776482073918e-07,0.615244,264.8,0.2417,265.1,0.4
9271,4,10212.21,13466.11,0.417748,9.347277755012715e-07,0.651729,267.1,0.2396,265.5,0.4
9272,4,10212.91,13464.47,0.42404,9.346779007428507e-07,0.684768,267.1,0.2396,265.4,0.4
9273,4,10213.6,13462.83,0.386499,9.346280239332564e-07,0.528299,265.4,0.2412,265.4,0.4
9274,4,10214.29,13461.19,0.418152,9.345781450736162e-07,0.629317,265.9,0.2407,265.2,0.4
9275,4,10214.99,13459.55,0.423941,9.345282641650577e-07,0.892049,268.1,0.2387,265.2,0.5
9276,4,10215.68,13457.92,0.36716,9.344783812087081e-07,1.117606,265.4,0.2411,265.2,0.5
9277,4,10216.38,13456.28,0.394885,9.344284962056951e-07,0.621355,261.3,0.2449,265.2,0.4
9278,4,10217.07,13454.64,0.392451,9.343786091571461e-07,0.522979,265.4,0.2412,265.1,0.4
9279,4,10217.76,13453.0,0.420578,9.343287200641889e-07,0.557173,266.3,0.2403,265.0,0.5
9280,4,10218.45,13451.36,0.392367,9.34278828927951e-07,0.584399,266.9,0.2398,265.1,0.4
9281,4,10219.16,13449.74,0.43256,9.342289357495602e-07,0.577238,267.4,0.2394,265.0,0.5
9282,4,10219.87,13448.13,0.394474,9.341790405301442e-07,0.736111,247.2,0.2589,264.1,0.4
9283,4,10220.55,13446.47,0.450873,9.341291432708309e-07,0.648403,267.1,0.2396,263.9,0.4
9284,4,10221.24,13444.83,0.416943,9.340792439727481e-07,0.930288,263.5,0.2429,263.8,0.4
9285,4,10221.95,13443.21,0.411169,9.340293426370234e-07,0.860357,252.6,0.2533,263.1,0.4
9286,4,10222.62,13441.55,0.481803,9.339794392647853e-07,0.884642,267.3,0.2394,263.4,0.4
9287,4,10223.32,13439.91,0.433958,9.339295338571614e-07,0.939733,266.4,0.2402,263.4,0.4
9288,4,10224.01,13438.27,0.371173,9.338796264152799e-07,0.58636,265.7,0.2409,263.3,0.4
9289,4,10224.7,13436.64,0.436657,9.338297169402687e-07,0.950828,265.8,0.2408,263.2,0.4
9290,4,10225.4,13435.0,0.376552,9.33779805433256e-07,0.581406,264.8,0.2417,263.1,0.4
9291,4,10226.11,13433.39,0.44212,9.337298918953701e-07,0.885426,245.9,0.2603,262.1,0.4
9292,4,10226.78,13431.73,0.395056,9.336799763277391e-07,0.658567,265.2,0.2413,262.0,0.4
9293,4,10227.48,13430.1,0.425134,9.336300587314912e-07,0.768377,262.6,0.2437,261.9,0.4
9294,4,10228.17,13428.46,0.370454,9.335801391077548e-07,0.50695,270.1,0.237,262.1,0.4
9295,4,10228.86,13426.82,0.403386,9.335302174576583e-07,0.820927,267.0,0.2397,262.1,0.3
9296,4,10229.55,13425.18,0.42919,9.3348029378233e-07,0.657988,266.9,0.2398,262.2,0.3
9297,4,10230.25,13423.55,0.429128,9.334303680828983e-07,0.808998,265.2,0.2413,262.4,0.3
9298,4,10230.94,13421.92,0.389105,9.333804403604919e-07,0.679758,264.3,0.2421,262.4,0.3
9299,4,10231.64,13420.29,0.363434,9.333305106162392e-07,0.650278,261.7,0.2445,262.1,0.3
9300,4,10232.33,13418.65,0.390361,9.332805788512687e-07,0.605416,265.4,0.2412,262.0,0.4
9301,4,10233.04,13417.04,0.458376,9.332306450667091e-07,0.769344,262.9,0.2435,261.8,0.4
9302,4,10233.73,13415.4,0.364171,9.33180709263689e-07,0.746486,265.0,0.2415,262.7,0.4
9303,4,10234.42,13413.77,0.384245,9.331307714433374e-07,0.583324,266.8,0.2398,262.6,0.4
9304,4,10235.11,13412.13,0.453,9.330808316067827e-07,0.612535,265.7,0.2409,262.7,0.4
9305,4,10235.81,13410.5,0.408684,9.330308897551539e-07,0.721138,265.1,0.2414,263.3,0.4
9306,4,10236.5,13408.87,0.425601,9.329809458895799e-07,0.726326,266.9,0.2398,263.3,0.4
9307,4,10237.19,13407.23,0.451746,9.329310000111894e-07,0.750317,265.0,0.2415,263.3,0.4
9308,4,10237.89,13405.6,0.41026,9.328810521211116e-07,0.704385,264.6,0.2419,263.2,0.4
9309,4,10238.58,13403.97,0.430031,9.328311022204752e-07,0.853462,267.9,0.2389,263.3,0.4
9310,4,10239.27,13402.34,0.41242,9.327811503104096e-07,0.933929,265.7,0.2409,263.4,0.4
9311,4,10239.97,13400.71,0.418155,9.327311963920435e-07,0.722547,266.7,0.2399,264.5,0.4
9312,4,10240.66,13399.08,0.374948,9.326812404665063e-07,0.649339,265.9,0.2407,264.5,0.4
9313,4,10241.36,13397.45,0.439729,9.326312825349271e-07,0.772606,266.7,0.24,264.7,0.4
9314,4,10242.05,13395.82,0.408794,9.32581322598435e-07,0.653835,266.0,0.2406,264.4,0.4
9315,4,10242.76,13394.21,0.422289,9.325313606581594e-07,0.713232,251.6,0.2544,263.6,0.4
9316,4,10243.43,13392.55,0.448396,9.324813967152296e-07,0.706549,269.4,0.2375,263.8,0.4
9317,4,10244.13,13390.92,0.399516,9.324314307707749e-07,0.611469,266.6,0.2401,263.8,0.4
9318,4,10244.84,13389.31,0.425684,9.323814628259247e-07,0.870686,248.8,0.2573,263.0,0.4
9319,4,10245.52,13387.66,0.442804,9.323314928818086e-07,0.598287,267.3,0.2395,263.3,0.4
9320,4,10246.21,13386.03,0.412251,9.322815209395559e-07,0.760946,267.4,0.2393,263.4,0.4
9321,4,10246.91,13384.42,0.485401,9.322315470002962e-07,0.872131,266.7,0.2399,263.6,0.4
9322,4,10247.6,13382.79,0.405979,9.321815710651591e-07,0.746858,267.1,0.2396,263.8,0.4
9323,4,10248.3,13381.16,0.41651,9.321315931352741e-07,0.549141,266.4,0.2403,263.8,0.4
9324,4,10248.99,13379.53,0.419715,9.32081613211771e-07,0.513295,267.3,0.2394,263.8,0.4
9325,4,10249.69,13377.91,0.405887,9.320316312957795e-07,0.593867,265.8,0.2408,263.9,0.4
9326,4,10250.38,13376.28,0.407644,9.319816473884294e-07,0.696047,265.8,0.2407,263.8,0.4
9327,4,10251.08,13374.65,0.455511,9.319316614908504e-07,0.766514,267.7,0.2391,263.9,0.4
9328,4,10251.77,13373.02,0.394435,9.318816736041724e-07,0.714968,266.1,0.2405,263.9,0.4
9329,4,10252.47,13371.4,0.398995,9.318316837295253e-07,0.700985,262.1,0.2442,263.6,0.4
9330,4,10253.16,13369.77,0.484377,9.31781691868039e-07,0.676157,265.9,0.2407,263.6,0.4
9331,4,10253.85,13368.14,0.430365,9.317316980208436e-07,0.83308,267.5,0.2392,263.6,0.4
9332,4,10254.55,13366.51,0.45373,9.31681702189069e-07,0.905329,266.4,0.2402,263.6,0.5
9333,4,10255.25,13364.9,0.400709,9.316317043738453e-07,0.525834,260.1,0.2461,263.3,0.4
9334,4,10255.94,13363.26,0.462845,9.315817045763027e-07,0.909065,266.4,0.2403,263.3,0.5
9335,4,10256.63,13361.64,0.422643,9.315317027975713e-07,0.756776,266.2,0.2404,264.0,0.5
9336,4,10257.32,13360.01,0.417701,9.314816990387813e-07,0.619994,266.1,0.2405,263.9,0.4
9337,4,10258.01,13358.38,0.432058,9.31431693301063e-07,0.774962,268.4,0.2385,264.0,0.4
9338,4,10258.71,13356.76,0.433706,9.313816855855467e-07,0.871415,264.7,0.2418,264.8,0.5
9339,4,10259.4,13355.13,0.374164,9.313316758933627e-07,0.684404,266.7,0.2399,264.8,0.5
9340,4,10260.09,13353.5,0.39896,9.312816642256414e-07,0.566918,269.2,0.2378,264.9,0.5
9341,4,10260.8,13351.89,0.443931,9.312316505835132e-07,0.72767,269.3,0.2377,265.0,0.5
9342,4,10261.49,13350.26,0.419858,9.311816349681086e-07,0.773359,266.6,0.2401,264.9,0.5
9343,4,10262.18,13348.64,0.4234,9.311316173805581e-07,0.842134,267.2,0.2395,264.9,0.5
9344,4,10262.87,13347.01,0.407116,9.310815978219924e-07,0.803352,267.6,0.2392,265.0,0.5
9345,4,10263.57,13345.38,0.412219,9.310315762935421e-07,0.69385,267.4,0.2394,265.1,0.5
9346,4,10264.26,13343.76,0.402404,9.309815527963377e-07,0.98163,267.1,0.2396,265.1,0.5
9347,4,10264.95,13342.13,0.483889,9.309315273315098e-07,1.036586,266.3,0.2403,265.1,0.5
9348,4,10265.64,13340.5,0.44776,9.308814999001895e-07,0.736858,270.2,0.2369,265.3,0.5
9349,4,10266.34,13338.88,0.387291,9.308314705035074e-07,0.771156,264.1,0.2423,265.4,0.5
9350,4,10267.03,13337.25,0.409364,9.307814391425943e-07,0.560733,266.5,0.2401,265.5,0.4
9351,4,10267.72,13335.63,0.419559,9.30731405818581e-07,0.790745,266.0,0.2406,265.4,0.4
9352,4,10268.41,13334.0,0.467884,9.306813705325988e-07,0.807444,268.7,0.2382,265.6,0.4
9353,4,10269.1,13332.37,0.418994,9.306313332857782e-07,0.705853,272.5,0.2348,266.2,0.4
9354,4,10269.79,13330.75,0.388291,9.305812940792505e-07,0.678285,269.0,0.2379,266.4,0.4
9355,4,10270.48,13329.12,0.377625,9.305312529141466e-07,0.682828,266.9,0.2398,266.5,0.4
9356,4,10271.18,13327.5,0.438084,9.304812097915978e-07,0.679602,267.3,0.2395,266.5,0.4
9357,4,10271.9,13325.92,0.43979,9.30431164712735e-07,0.812094,236.8,0.2703,264.7,0.4
9358,4,10272.56,13324.25,0.431982,9.303811176786896e-07,0.873552,268.0,0.2388,264.9,0.4
9359,4,10273.25,13322.63,0.419434,9.303310686905926e-07,0.682737,266.0,0.2406,264.9,0.4
9360,4,10273.94,13321.0,0.390424,9.302810177495755e-07,0.758457,267.4,0.2394,264.8,0.4
9361,4,10274.64,13319.39,0.402847,9.302309648567695e-07,0.57915,271.9,0.2354,265.0,0.4
9362,4,10275.34,13317.77,0.439154,9.30180910013306e-07,0.826333,267.0,0.2397,265.0,0.4
9363,4,10276.03,13316.14,0.393866,9.301308532203164e-07,0.560622,269.1,0.2378,265.1,0.4
9364,4,10276.72,13314.52,0.45953,9.300807944789323e-07,0.828955,267.9,0.2389,265.1,0.4
9365,4,10277.42,13312.9,0.395071,9.300307337902851e-07,0.735938,265.4,0.2412,264.9,0.4
9366,4,10278.11,13311.28,0.402373,9.299806711555061e-07,0.914185,263.7,0.2427,264.7,0.4
9367,4,10278.8,13309.65,0.426641,9.299306065757272e-07,0.668328,268.0,0.2388,264.8,0.4
9368,4,10279.49,13308.03,0.412252,9.298805400520797e-07,0.729458,265.7,0.2408,264.6,0.4
9369,4,10280.21,13306.44,0.451167,9.298304715856957e-07,0.542731,240.1,0.2665,263.3,0.4
9370,4,10280.87,13304.79,0.465607,9.297804011777066e-07,0.666103,265.3,0.2413,263.2,0.4
9371,4,10281.56,13303.16,0.406593,9.297303288292443e-07,0.684974,267.5,0.2393,263.2,0.4
9372,4,10282.26,13301.54,0.403711,9.296802545414404e-07,0.603023,268.6,0.2382,263.3,0.4
9373,4,10282.95,13299.92,0.395852,9.296301783154272e-07,0.831327,265.9,0.2407,263.0,0.4
9374,4,10283.64,13298.3,0.355271,9.295801001523361e-07,0.619929,268.8,0.2381,262.9,0.4
9375,4,10284.33,13296.68,0.464033,9.295300200532993e-07,0.773169,263.3,0.243,262.8,0.4
9376,4,10285.02,13295.06,0.418977,9.294799380194487e-07,0.829767,265.7,0.2409,262.8,0.4
9377,4,10285.71,13293.44,0.431593,9.294298540519164e-07,0.887654,266.2,0.2405,264.4,0.4
9378,4,10286.41,13291.82,0.441002,9.293797681518343e-07,0.909509,265.3,0.2413,264.3,0.4
9379,4,10287.1,13290.2,0.40234,9.293296803203348e-07,0.58317,268.2,0.2386,264.4,0.4
9380,4,10287.82,13288.61,0.424274,9.292795905585496e-07,0.797071,243.6,0.2628,263.1,0.4
9381,4,10288.51,13286.99,0.45155,9.292294988676114e-07,1.189859,268.0,0.2388,262.9,0.4
9382,4,10289.2,13285.37,0.377637,9.291794052486522e-07,0.787973,267.0,0.2397,262.9,0.4
9383,4,10289.89,13283.76,0.389115,9.291293097028042e-07,1.068316,262.9,0.2435,262.6,0.4
9384,4,10290.58,13282.13,0.38816,9.290792122311999e-07,0.597305,265.2,0.2413,262.5,0.4
9385,4,10291.27,13280.51,0.412281,9.290291128349715e-07,0.898027,266.5,0.2402,262.6,0.3
9386,4,10291.97,13278.9,0.44054,9.289790115152515e-07,0.785818,265.9,0.2407,262.8,0.3
9387,4,10292.67,13277.29,0.432438,9.289289082731725e-07,0.664084,259.6,0.2465,262.4,0.3
9388,4,10293.35,13275.66,0.434178,9.288788031098668e-07,0.917558,268.0,0.2388,262.5,0.3
9389,4,10294.04,13274.04,0.368692,9.288286960264672e-07,0.924866,266.9,0.2397,264.0,0.3
9390,4,10294.73,13272.42,0.461981,9.28778587024106e-07,0.704739,266.0,0.2406,264.1,0.3
9391,4,10295.43,13270.81,0.376376,9.287284761039159e-07,0.755076,267.1,0.2396,264.0,0.3
9392,4,10296.12,13269.19,0.417155,9.286783632670296e-07,0.590887,266.7,0.2399,263.9,0.3
9393,4,10296.81,13267.57,0.426539,9.2862824851458e-07,0.670518,264.9,0.2416,263.8,0.3
9394,4,10297.5,13265.95,0.43318,9.285781318476996e-07,0.724261,266.9,0.2397,263.8,0.3
9395,4,10298.19,13264.34,0.360197,9.285280132675213e-07,0.725559,267.2,0.2395,264.0,0.3
9396,4,10298.88,13262.72,0.445622,9.28477892775178e-07,0.69583,269.9,0.2372,264.1,0.3
9397,4,10299.58,13261.1,0.390086,9.284277703718026e-07,0.503597,267.3,0.2394,264.2,0.3
9398,4,10300.28,13259.5,0.374616,9.28377646058528e-07,0.644234,260.5,0.2457,263.9,0.3
9399,4,10300.96,13257.87,0.418027,9.28327519836487e-07,0.60763,266.5,0.2401,263.9,0.3
9400,4,10301.66,13256.26,0.463626,9.282773917068129e-07,0.857116,266.0,0.2406,265.1,0.3
9401,4,10324.94,13283.71,0.419341,9.282272616706387e-07,0.746659,277.3,0.2308,265.5,0.3
9402,4,10325.62,13282.07,0.391544,9.281771297290974e-07,0.640086,273.6,0.2339,265.9,0.3
9403,4,10326.3,13280.44,0.40665,9.281269958833222e-07,0.866033,273.0,0.2344,266.4,0.3
9404,4,10326.98,13278.81,0.392569,9.280768601344464e-07,0.62354,272.1,0.2352,266.7,0.3
9405,4,10327.67,13277.17,0.42104,9.280267224836031e-07,0.84151,274.1,0.2335,267.1,0.3
9406,4,10328.35,13275.54,0.401043,9.279765829319258e-07,0.81159,270.7,0.2364,267.3,0.3
9407,4,10329.04,13273.92,0.433876,9.279264414805473e-07,0.525063,260.6,0.2456,267.4,0.3
9408,4,10329.72,13272.28,0.462282,9.278762981306017e-07,0.685136,272.1,0.2352,267.6,0.3
9409,4,10330.4,13270.65,0.414479,9.278261528832218e-07,0.60004,270.3,0.2368,267.8,0.3
9410,4,10331.09,13269.02,0.428799,9.277760057395414e-07,0.546425,269.4,0.2376,268.0,0.3
9411,4,10331.77,13267.39,0.430246,9.277258567006938e-07,0.766477,271.2,0.236,268.1,0.3
9412,4,10332.46,13265.77,0.419062,9.276757057678126e-07,0.705282,269.5,0.2375,268.2,0.3
9413,4,10333.14,13264.14,0.391417,9.276255529420315e-07,0.779497,269.5,0.2375,268.4,0.3
9414,4,10333.83,13262.51,0.389136,9.275753982244839e-07,0.648424,267.3,0.2394,268.4,0.3
9415,4,10334.51,13260.88,0.400306,9.275252416163037e-07,0.624344,269.7,0.2373,268.5,0.4
9416,4,10335.19,13259.25,0.415767,9.274750831186244e-07,0.706679,271.0,0.2362,268.5,0.4
9417,4,10335.88,13257.63,0.405559,9.274249227325797e-07,0.962006,269.1,0.2379,268.6,0.4
9418,4,10336.56,13256.0,0.410798,9.273747604593038e-07,0.776081,270.2,0.2369,269.1,0.4
9419,4,10337.25,13254.37,0.409298,9.2732459629993e-07,0.656499,269.3,0.2377,269.2,0.4
9420,4,10337.93,13252.75,0.400193,9.272744302555926e-07,0.84371,269.1,0.2379,269.3,0.4
9421,4,10338.64,13251.15,0.403459,9.272242623274254e-07,0.646222,271.5,0.2357,269.0,0.4
9422,4,10339.32,13249.52,0.42597,9.271740925165622e-07,1.03139,269.0,0.2379,268.8,0.4
9423,4,10340.01,13247.9,0.409288,9.271239208241374e-07,0.825827,268.1,0.2387,268.5,0.4
9424,4,10340.7,13246.28,0.373913,9.270737472512845e-07,0.570389,270.2,0.2369,268.4,0.4
9425,4,10341.38,13244.65,0.452521,9.270235717991381e-07,0.753644,268.1,0.2387,268.1,0.4
9426,4,10342.07,13243.02,0.436069,9.269733944688321e-07,0.686674,270.4,0.2367,268.1,0.4
9427,4,10342.76,13241.4,0.420737,9.269232152615007e-07,0.759192,269.7,0.2373,268.5,0.5
9428,4,10343.44,13239.78,0.410969,9.268730341782782e-07,0.731791,268.3,0.2386,268.2,0.5
9429,4,10344.16,13238.19,0.454235,9.268228512202986e-07,0.748304,244.1,0.2622,266.7,0.5
9430,4,10344.82,13236.54,0.398137,9.267726663886966e-07,0.65194,270.4,0.2367,266.8,0.5
9431,4,10345.5,13234.92,0.39498,9.267224796846062e-07,0.659747,271.7,0.2356,266.9,0.5
9432,4,10346.19,13233.3,0.396234,9.266722911091619e-07,0.7951,269.5,0.2375,266.9,0.5
9433,4,10346.88,13231.68,0.434077,9.266221006634983e-07,0.637736,270.1,0.2369,266.9,0.5
9434,4,10347.57,13230.06,0.37563,9.265719083487497e-07,0.637811,266.8,0.2399,266.9,0.5
9435,4,10348.26,13228.44,0.402425,9.265217141660506e-07,0.721601,267.2,0.2395,266.9,0.4
9436,4,10348.95,13226.82,0.475332,9.264715181165356e-07,1.639979,268.6,0.2382,266.7,0.5
9437,4,10349.64,13225.21,0.418239,9.264213202013394e-07,0.68742,265.6,0.2409,266.5,0.5
9438,4,10350.32,13223.59,0.435265,9.263711204215966e-07,0.641324,268.9,0.238,266.5,0.5
9439,4,10351.04,13222.0,0.397724,9.263209187784417e-07,0.996428,247.2,0.2589,265.3,0.4
9440,4,10351.71,13220.36,0.412775,9.262707152730096e-07,0.809871,264.1,0.2423,265.1,0.4
9441,4,10352.4,13218.74,0.387859,9.26220509906435e-07,0.772653,271.2,0.236,265.1,0.4
9442,4,10353.08,13217.12,0.397864,9.261703026798529e-07,0.593352,269.6,0.2374,265.2,0.4
9443,4,10353.77,13215.5,0.461372,9.261200935943978e-07,0.913407,270.7,0.2364,265.3,0.4
9444,4,10354.46,13213.88,0.391464,9.260698826512048e-07,0.77296,269.0,0.2379,265.3,0.4
9445,4,10355.15,13212.27,0.434707,9.260196698514089e-07,0.854796,269.6,0.2374,265.4,0.4
9446,4,10355.83,13210.65,0.39836,9.25969455196145e-07,0.739126,269.1,0.2378,265.3,0.4
9447,4,10356.52,13209.03,0.348779,9.259192386865483e-07,0.624078,269.2,0.2378,265.3,0.4
9448,4,10357.21,13207.42,0.426868,9.258690203237534e-07,0.869435,266.3,0.2403,265.2,0.4
9449,4,10357.9,13205.8,0.386424,9.258188001088957e-07,0.755423,271.0,0.2362,266.7,0.4
9450,4,10358.59,13204.18,0.37072,9.257685780431106e-07,0.522308,270.0,0.2371,266.6,0.4
9451,4,10359.28,13202.57,0.456802,9.257183541275328e-07,1.064396,267.4,0.2394,266.4,0.4
9452,4,10359.97,13200.96,0.389758,9.256681283632978e-07,0.805596,267.2,0.2395,266.3,0.4
9453,4,10360.66,13199.34,0.49065,9.256179007515408e-07,0.867652,268.9,0.238,266.3,0.4
9454,4,10361.35,13197.73,0.452717,9.255676712933972e-07,0.702552,264.9,0.2416,266.1,0.4
9455,4,10362.03,13196.11,0.398923,9.255174399900023e-07,0.584144,270.2,0.2369,266.2,0.4
9456,4,10362.72,13194.5,0.461613,9.254672068424915e-07,0.886741,267.9,0.2389,266.3,0.4
9457,4,10363.41,13192.89,0.432427,9.254169718520003e-07,0.725791,267.5,0.2393,266.4,0.4
9458,4,10364.1,13191.27,0.436672,9.25366735019664e-07,0.983431,269.1,0.2378,266.4,0.4
9459,4,10364.79,13189.66,0.43351,9.253164963466183e-07,0.845602,267.1,0.2396,267.5,0.4
9460,4,10365.51,13188.08,0.435225,9.252662558339987e-07,0.656643,241.7,0.2648,266.2,0.4
9461,4,10366.18,13186.44,0.411554,9.252160134829408e-07,0.786378,266.9,0.2398,266.0,0.4
9462,4,10366.86,13184.83,0.409452,9.251657692945803e-07,0.906557,270.3,0.2368,266.0,0.4
9463,4,10367.55,13183.21,0.425623,9.251155232700529e-07,0.669611,268.7,0.2382,265.9,0.4
9464,4,10368.24,13181.6,0.384812,9.250652754104942e-07,0.760645,268.5,0.2384,265.9,0.4
9465,4,10368.93,13179.99,0.444252,9.250150257170401e-07,1.097461,267.0,0.2397,265.7,0.4
9466,4,10369.62,13178.38,0.424199,9.249647741908263e-07,0.985832,265.2,0.2413,265.5,0.4
9467,4,10370.31,13176.77,0.398474,9.249145208329887e-07,0.695499,267.9,0.2389,265.4,0.4
9468,4,10371.0,13175.15,0.364758,9.248642656446632e-07,0.607763,269.4,0.2375,265.6,0.4
9469,4,10371.68,13173.54,0.44216,9.248140086269859e-07,0.642713,269.7,0.2373,265.6,0.4
9470,4,10372.37,13171.93,0.37549,9.247637497810925e-07,0.595182,269.8,0.2372,265.6,0.4
9471,4,10373.08,13170.34,0.484078,9.247134891081192e-07,0.711935,251.1,0.2549,264.7,0.4
9472,4,10373.76,13168.71,0.442813,9.24663226609202e-07,0.738641,267.7,0.2391,264.7,0.4
9473,4,10374.44,13167.1,0.403742,9.24612962285477e-07,0.889648,269.1,0.2379,264.7,0.4
9474,4,10375.14,13165.5,0.488504,9.245626961380803e-07,0.969873,266.8,0.2399,264.8,0.4
9475,4,10375.83,13163.89,0.417656,9.245124281681483e-07,0.813488,268.6,0.2383,264.7,0.4
9476,4,10376.52,13162.28,0.463827,9.24462158376817e-07,1.275825,264.8,0.2417,264.5,0.4
9477,4,10377.21,13160.67,0.402587,9.244118867652226e-07,0.704609,266.1,0.2405,264.4,0.4
9478,4,10377.9,13159.06,0.411351,9.243616133345017e-07,0.82055,268.7,0.2382,264.4,0.5
9479,4,10378.59,13157.46,0.39699,9.243113380857903e-07,0.607957,265.7,0.2409,264.3,0.5
9480,4,10379.28,13155.85,0.429993,9.242610610202251e-07,0.787085,267.5,0.2393,265.7,0.5
9481,4,10379.99,13154.26,0.398171,9.242107821389424e-07,0.61841,268.8,0.2381,265.8,0.5
9482,4,10380.68,13152.66,0.380114,9.241605014430789e-07,0.639831,267.2,0.2395,265.6,0.5
9483,4,10381.37,13151.05,0.42913,9.241102189337707e-07,0.563477,269.9,0.2371,265.7,0.5
9484,4,10382.06,13149.44,0.46553,9.240599346121546e-07,0.857581,268.3,0.2385,265.7,0.5
9485,4,10382.75,13147.83,0.425825,9.240096484793671e-07,0.771544,270.0,0.2371,265.8,0.4
9486,4,10383.45,13146.24,0.368061,9.23959360536545e-07,0.610829,261.7,0.2445,265.7,0.4
9487,4,10384.14,13144.64,0.429741,9.239090707848248e-07,0.801188,258.5,0.2476,265.3,0.4
9488,4,10384.83,13143.03,0.428226,9.238587792253432e-07,0.737955,264.4,0.2421,265.0,0.4
9489,4,10385.52,13141.42,0.367941,9.238084858592371e-07,0.798602,264.7,0.2418,264.8,0.4
9490,4,10386.22,13139.82,0.4497,9.237581906876433e-07,0.682985,260.8,0.2454,264.3,0.4
9491,4,10386.9,13138.21,0.373036,9.237078937116986e-07,0.603578,269.0,0.2379,265.3,0.4
9492,4,10387.59,13136.6,0.446318,9.236575949325397e-07,0.678335,269.7,0.2373,265.4,0.4
9493,4,10388.28,13135.0,0.411485,9.236072943513038e-07,0.697486,268.2,0.2386,265.5,0.4
9494,4,10388.97,13133.4,0.419963,9.235569919691278e-07,0.6217,265.5,0.241,265.5,0.3
9495,4,10389.66,13131.79,0.425431,9.235066877871485e-07,0.720448,267.7,0.239,265.5,0.3
9496,4,10390.35,13130.18,0.447359,9.234563818065033e-07,1.149939,271.2,0.236,265.8,0.3
9497,4,10391.05,13128.58,0.415035,9.234060740283289e-07,0.737115,265.1,0.2414,265.8,0.3
9498,4,10391.74,13126.98,0.396025,9.233557644537627e-07,0.905334,262.4,0.2439,265.5,0.3
9499,4,10392.43,13125.37,0.414537,9.233054530839418e-07,0.687748,266.2,0.2404,265.5,0.3
9500,4,10393.12,13123.77,0.465541,9.232551399200033e-07,0.761467,264.2,0.2422,265.4,0.3
9501,4,10524.46,13287.11,0.422159,9.232048249630845e-07,0.608175,236.3,0.2708,263.5,0.3
9502,4,10525.12,13285.44,0.395162,9.231545082143229e-07,0.668975,268.7,0.2382,263.6,0.3
9503,4,10525.81,13283.81,0.383905,9.231041896748557e-07,0.888829,270.3,0.2368,263.7,0.3
9504,4,10526.5,13282.17,0.445625,9.2305386934582e-07,0.739004,269.7,0.2373,263.7,0.3
9505,4,10527.18,13280.53,0.436465,9.230035472283535e-07,0.889542,268.0,0.2388,263.6,0.3
9506,4,10527.87,13278.89,0.391931,9.229532233235936e-07,0.621022,269.6,0.2374,264.1,0.3
9507,4,10528.56,13277.26,0.474803,9.229028976326778e-07,1.087367,266.6,0.2401,264.5,0.3
9508,4,10529.25,13275.63,0.43821,9.228525701567434e-07,0.713487,266.3,0.2403,264.6,0.3
9509,4,10529.95,13274.0,0.454549,9.228022408969284e-07,0.732852,263.8,0.2426,264.6,0.3
9510,4,10530.64,13272.37,0.456711,9.227519098543701e-07,0.71024,263.4,0.243,264.6,0.3
9511,4,10531.33,13270.74,0.442407,9.227015770302062e-07,0.651645,267.6,0.2391,264.5,0.3
9512,4,10532.02,13269.11,0.394246,9.226512424255744e-07,0.628071,266.5,0.2401,264.4,0.3
9513,4,10532.71,13267.47,0.432022,9.226009060416126e-07,0.621659,265.8,0.2408,264.3,0.3
9514,4,10533.42,13265.86,0.41819,9.225505678794584e-07,0.656154,249.8,0.2562,263.4,0.3
9515,4,10534.1,13264.22,0.421193,9.225002279402496e-07,0.787475,266.7,0.2399,263.4,0.3
9516,4,10534.79,13262.58,0.451728,9.224498862251242e-07,0.900931,268.6,0.2383,263.3,0.3
9517,4,10535.48,13260.96,0.41243,9.223995427352198e-07,0.654919,262.7,0.2436,263.2,0.3
9518,4,10536.17,13259.33,0.374908,9.223491974716746e-07,0.661825,265.8,0.2408,263.4,0.3
9519,4,10536.86,13257.7,0.418501,9.222988504356266e-07,0.790319,267.3,0.2394,263.5,0.3
9520,4,10537.56,13256.07,0.395949,9.222485016282135e-07,0.540386,266.3,0.2403,263.6,0.3
9521,4,10538.26,13254.45,0.392319,9.221981510505738e-07,0.68276,270.7,0.2365,265.6,0.2
9522,4,10538.95,13252.83,0.487205,9.221477987038452e-07,0.703264,264.9,0.2416,265.3,0.2
9523,4,10539.65,13251.2,0.447386,9.220974445891659e-07,0.848452,264.8,0.2417,265.1,0.2
9524,4,10540.34,13249.58,0.419208,9.220470887076744e-07,0.835101,262.1,0.2442,264.7,0.2
9525,4,10541.03,13247.95,0.402187,9.219967310605086e-07,0.582992,265.3,0.2412,264.6,0.2
9526,4,10541.73,13246.32,0.406122,9.219463716488068e-07,0.67913,267.6,0.2392,264.5,0.2
9527,4,10542.42,13244.69,0.443713,9.218960104737072e-07,0.749648,269.8,0.2373,264.6,0.2
9528,4,10543.12,13243.07,0.410209,9.218456475363485e-07,0.692097,266.3,0.2404,264.7,0.2
9529,4,10543.81,13241.45,0.427435,9.217952828378686e-07,0.664061,263.8,0.2426,264.7,0.2
9530,4,10544.51,13239.83,0.461101,9.217449163794063e-07,0.864664,265.8,0.2407,264.9,0.2
9531,4,10545.2,13238.21,0.401635,9.216945481620998e-07,0.809683,269.1,0.2378,264.9,0.2
9532,4,10545.9,13236.59,0.404395,9.216441781870877e-07,0.688369,264.3,0.2421,264.8,0.2
9533,4,10546.59,13234.96,0.390237,9.215938064555085e-07,0.800478,263.6,0.2428,264.6,0.2
9534,4,10547.29,13233.34,0.419254,9.215434329685008e-07,0.688058,267.3,0.2394,265.4,0.3
9535,4,10547.98,13231.72,0.400182,9.214930577272032e-07,0.645184,267.5,0.2393,265.5,0.3
9536,4,10548.68,13230.1,0.459037,9.214426807327544e-07,0.651603,263.8,0.2426,265.2,0.3
9537,4,10549.37,13228.47,0.424706,9.21392301986293e-07,0.885275,267.4,0.2393,265.4,0.3
9538,4,10550.07,13226.85,0.426506,9.213419214889577e-07,0.762309,266.2,0.2404,265.4,0.3
9539,4,10550.76,13225.23,0.371704,9.212915392418875e-07,0.549416,265.9,0.2407,265.2,0.3
9540,4,10551.46,13223.61,0.385103,9.21241155246221e-07,0.646363,265.1,0.2415,265.1,0.3
9541,4,10552.16,13222.0,0.484416,9.211907695030972e-07,0.837582,267.2,0.2395,264.9,0.4
9542,4,10552.86,13220.38,0.366684,9.211403820136547e-07,0.625024,262.6,0.2437,264.8,0.4
9543,4,10553.57,13218.78,0.435697,9.210899927790328e-07,1.021716,248.5,0.2575,263.8,0.4
9544,4,10554.25,13217.14,0.418375,9.2103960180037e-07,0.601824,267.0,0.2397,264.0,0.4
9545,4,10554.95,13215.53,0.38907,9.209892090788059e-07,0.600118,263.5,0.2429,263.9,0.4
9546,4,10555.65,13213.91,0.385577,9.20938814615479e-07,0.677703,264.4,0.2421,263.7,0.5
9547,4,10556.34,13212.29,0.408717,9.208884184115288e-07,0.847209,263.5,0.2428,263.3,0.5
9548,4,10557.04,13210.67,0.44468,9.208380204680941e-07,0.66314,264.1,0.2423,263.2,0.5
9549,4,10557.74,13209.05,0.447232,9.207876207863142e-07,0.76378,264.1,0.2423,263.2,0.5
9550,4,10558.43,13207.44,0.458011,9.207372193673284e-07,0.79952,265.2,0.2413,263.2,0.5
9551,4,10559.13,13205.82,0.417957,9.206868162122757e-07,0.721595,266.4,0.2403,263.0,0.5
9552,4,10559.83,13204.2,0.403375,9.206364113222957e-07,0.650357,264.6,0.2419,263.0,0.5
9553,4,10560.52,13202.59,0.4144,9.205860046985275e-07,1.053671,266.2,0.2404,263.2,0.5
9554,4,10561.22,13200.97,0.38992,9.205355963421104e-07,0.595539,268.2,0.2386,263.3,0.4
9555,4,10561.92,13199.35,0.421999,9.204851862541842e-07,0.851739,265.5,0.2411,263.2,0.5
9556,4,10562.61,13197.74,0.403529,9.204347744358878e-07,0.67233,264.5,0.242,263.2,0.5
9557,4,10563.31,13196.12,0.455249,9.203843608883611e-07,0.866462,265.4,0.2412,263.1,0.5
9558,4,10564.01,13194.51,0.432953,9.203339456127433e-07,0.935024,265.2,0.2413,263.0,0.5
9559,4,10564.72,13192.91,0.385943,9.202835286101742e-07,0.600999,265.7,0.2409,263.0,0.5
9560,4,10565.41,13191.29,0.428123,9.202331098817933e-07,0.699657,267.3,0.2394,263.1,0.5
9561,4,10566.12,13189.69,0.415504,9.201826894287402e-07,0.654056,267.8,0.239,263.1,0.5
9562,4,10566.82,13188.08,0.514662,9.201322672521545e-07,0.997435,266.0,0.2406,263.3,0.5
9563,4,10567.52,13186.47,0.429442,9.200818433531762e-07,0.910879,258.4,0.2477,263.8,0.5
9564,4,10568.21,13184.85,0.483796,9.200314177329448e-07,0.94571,263.5,0.2428,263.7,0.5
9565,4,10568.91,13183.24,0.41897,9.199809903926001e-07,0.9242,265.3,0.2412,263.8,0.5
9566,4,10569.61,13181.62,0.406565,9.19930561333282e-07,0.732386,266.1,0.2405,263.9,0.5
9567,4,10570.3,13180.01,0.43159,9.198801305561305e-07,0.828087,264.3,0.2421,263.9,0.5
9568,4,10571.01,13178.41,0.422762,9.198296980622851e-07,0.682199,256.6,0.2494,263.5,0.5
9569,4,10571.7,13176.78,0.384258,9.197792638528862e-07,0.519853,263.4,0.243,263.4,0.5
9570,4,10572.39,13175.17,0.4482,9.197288279290735e-07,0.925388,264.7,0.2418,263.4,0.5
9571,4,10573.09,13173.56,0.424789,9.196783902919871e-07,0.788192,265.0,0.2415,263.3,0.5
9572,4,10573.79,13171.94,0.420338,9.196279509427672e-07,0.857557,264.9,0.2416,263.3,0.5
9573,4,10574.49,13170.33,0.448062,9.195775098825537e-07,0.717867,263.9,0.2425,263.1,0.5
9574,4,10575.18,13168.72,0.409084,9.195270671124869e-07,0.598137,266.3,0.2403,263.0,0.5
9575,4,10575.88,13167.11,0.418934,9.194766226337068e-07,0.676495,266.4,0.2402,263.1,0.5
9576,4,10576.58,13165.5,0.474196,9.194261764473536e-07,0.909673,266.2,0.2404,263.2,0.5
9577,4,10577.27,13163.89,0.386491,9.193757285545678e-07,0.960429,262.5,0.2438,263.0,0.5
9578,4,10577.97,13162.27,0.425825,9.193252789564894e-07,0.972366,266.4,0.2402,263.1,0.5
9579,4,10578.67,13160.66,0.425183,9.19274827654259e-07,0.879857,262.3,0.244,263.0,0.5
9580,4,10579.36,13159.05,0.433039,9.192243746490169e-07,0.802484,260.0,0.2461,262.6,0.5
9581,4,10580.07,13157.46,0.377966,9.191739199419034e-07,0.954279,265.6,0.2409,262.5,0.5
9582,4,10580.77,13155.85,0.411231,9.19123463534059e-07,0.64161,262.4,0.2439,262.4,0.5
9583,4,10581.47,13154.23,0.420813,9.190730054266243e-07,0.680396,264.8,0.2417,262.7,0.5
9584,4,10582.16,13152.62,0.453584,9.190225456207396e-07,0.910916,264.6,0.2419,262.8,0.5
9585,4,10582.86,13151.01,0.450092,9.189720841175455e-07,0.711393,265.7,0.2409,262.8,0.5
9586,4,10583.56,13149.4,0.413347,9.189216209181827e-07,0.771165,260.2,0.246,262.5,0.5
9587,4,10584.25,13147.79,0.424338,9.188711560237919e-07,0.624898,268.9,0.238,262.7,0.5
9588,4,10584.95,13146.18,0.436832,9.188206894355138e-07,0.764629,260.4,0.2458,262.9,0.5
9589,4,10585.64,13144.57,0.429656,9.187702211544888e-07,0.598626,265.7,0.2409,263.1,0.5
9590,4,10586.34,13142.96,0.40707,9.187197511818579e-07,0.647811,264.3,0.2422,263.1,0.5
9591,4,10587.04,13141.35,0.398426,9.18669279518762e-07,0.573835,262.8,0.2436,263.0,0.4
9592,4,10587.73,13139.73,0.37551,9.186188061663416e-07,0.597645,264.8,0.2417,263.0,0.4
9593,4,10588.42,13138.12,0.406833,9.185683311257378e-07,0.786729,267.5,0.2393,263.2,0.4
9594,4,10589.12,13136.51,0.449277,9.185178543980916e-07,0.791559,267.5,0.2392,263.3,0.4
9595,4,10589.81,13134.9,0.421315,9.184673759845437e-07,0.604048,266.0,0.2406,263.3,0.4
9596,4,10590.51,13133.29,0.357255,9.184168958862353e-07,0.763631,266.0,0.2406,263.3,0.4
9597,4,10591.2,13131.68,0.436621,9.183664141043071e-07,0.887337,262.9,0.2434,263.3,0.4
9598,4,10591.9,13130.07,0.409843,9.183159306399005e-07,0.659597,263.6,0.2428,263.2,0.4
9599,4,10592.59,13128.46,0.345415,9.182654454941566e-07,0.555155,264.2,0.2422,263.4,0.4
9600,4,10593.28,13126.85,0.406327,9.182149586682162e-07,0.653005,264.8,0.2417,263.6,0.4
9601,4,10613.47,13149.39,0.398973,9.181644701632207e-07,0.618016,275.4,0.2324,264.1,0.4
9602,4,10614.16,13147.76,0.488296,9.181139799803114e-07,0.638993,271.5,0.2357,264.5,0.4
9603,4,10614.85,13146.14,0.409431,9.180634881206294e-07,0.673254,268.9,0.238,264.8,0.4
9604,4,10615.54,13144.52,0.383133,9.18012994585316e-07,0.874262,271.0,0.2361,265.1,0.4
9605,4,10616.23,13142.9,0.408905,9.179624993755125e-07,0.650506,265.2,0.2414,265.1,0.3
9606,4,10616.92,13141.28,0.434552,9.179120024923604e-07,0.611264,267.5,0.2393,265.6,0.3
9607,4,10617.61,13139.66,0.418643,9.17861503937001e-07,0.752984,269.5,0.2375,265.6,0.3
9608,4,10618.3,13138.04,0.350842,9.178110037105756e-07,0.725183,267.7,0.239,265.9,0.3
9609,4,10618.98,13136.42,0.506794,9.17760501814226e-07,0.717428,269.0,0.2379,266.1,0.3
9610,4,10619.67,13134.8,0.419198,9.177099982490933e-07,0.670355,265.5,0.2411,266.2,0.3
9611,4,10620.36,13133.18,0.452589,9.176594930163195e-07,0.708981,268.9,0.238,266.5,0.3
9612,4,10621.05,13131.57,0.44365,9.17608986117046e-07,0.670213,265.9,0.2407,266.5,0.3
9613,4,10621.74,13129.95,0.486923,9.175584775524143e-07,0.68972,266.6,0.24,266.5,0.3
9614,4,10622.45,13128.34,0.424264,9.175079673235662e-07,0.721937,258.3,0.2478,266.0,0.3
9615,4,10623.13,13126.72,0.393617,9.174574554316434e-07,0.743023,265.9,0.2407,266.0,0.3
9616,4,10623.82,13125.11,0.431538,9.174069418777874e-07,0.725929,267.7,0.2391,266.0,0.3
9617,4,10624.52,13123.5,0.457106,9.173564266631404e-07,0.904862,262.2,0.2441,266.0,0.3
9618,4,10625.21,13121.88,0.414848,9.17305909788844e-07,0.639851,266.0,0.2406,266.1,0.3
9619,4,10625.9,13120.26,0.418729,9.172553912560401e-07,0.584804,269.3,0.2377,266.3,0.4
9620,4,10626.59,13118.65,0.385381,9.172048710658704e-07,0.769155,270.4,0.2366,266.6,0.3
9621,4,10627.3,13117.05,0.384639,9.171543492194771e-07,0.581306,267.7,0.2391,266.3,0.3
9622,4,10627.99,13115.44,0.417304,9.17103825718002e-07,0.641738,265.6,0.2409,266.0,0.3
9623,4,10628.68,13113.83,0.426515,9.170533005625871e-07,0.827704,265.6,0.241,265.8,0.3
9624,4,10629.37,13112.21,0.394101,9.170027737543746e-07,0.68439,267.5,0.2393,265.6,0.4
9625,4,10630.06,13110.59,0.408374,9.169522452945063e-07,0.701885,270.3,0.2368,265.9,0.4
9626,4,10630.76,13108.99,0.428063,9.169017151841247e-07,0.686859,266.0,0.2406,265.8,0.4
9627,4,10631.45,13107.37,0.36179,9.168511834243715e-07,0.847673,266.5,0.2402,265.6,0.4
9628,4,10632.14,13105.76,0.391915,9.168006500163891e-07,0.596825,266.7,0.24,265.6,0.4
9629,4,10632.84,13104.16,0.366429,9.167501149613199e-07,0.662086,265.3,0.2412,265.3,0.4
9630,4,10633.53,13102.55,0.409644,9.166995782603058e-07,0.675783,265.2,0.2413,265.3,0.4
9631,4,10634.23,13100.94,0.397358,9.166490399144895e-07,0.868891,261.6,0.2447,264.9,0.4
9632,4,10634.92,13099.32,0.434308,9.16598499925013e-07,0.643412,266.8,0.2399,264.9,0.4
9633,4,10635.62,13097.72,0.436516,9.165479582930188e-07,0.820294,259.6,0.2465,264.6,0.4
9634,4,10636.31,13096.11,0.410533,9.164974150196493e-07,0.769589,266.6,0.24,265.0,0.4
9635,4,10637.0,13094.5,0.433469,9.16446870106047e-07,0.647129,265.8,0.2408,265.0,0.4
9636,4,10637.7,13092.89,0.435601,9.163963235533545e-07,0.663333,263.2,0.2432,264.7,0.4
9637,4,10638.39,13091.28,0.38664,9.163457753627141e-07,0.637932,267.6,0.2392,265.0,0.4
9638,4,10639.09,13089.67,0.366049,9.162952255352683e-07,0.680746,266.0,0.2406,264.9,0.4
9639,4,10639.78,13088.07,0.433205,9.1624467407216e-07,0.70879,265.6,0.2409,264.8,0.5
9640,4,10640.47,13086.46,0.451036,9.161941209745316e-07,0.78061,266.1,0.2405,264.5,0.5
9641,4,10641.19,13084.88,0.417013,9.161435662435259e-07,0.700406,265.5,0.2411,264.4,0.5
9642,4,10641.88,13083.27,0.379211,9.160930098802854e-07,0.545447,265.1,0.2414,264.3,0.5
9643,4,10642.58,13081.66,0.397275,9.160424518859532e-07,0.711523,266.4,0.2403,264.3,0.5
9644,4,10643.3,13080.09,0.426852,9.159918922616717e-07,0.686993,235.8,0.2714,262.6,0.5
9645,4,10643.96,13078.44,0.431581,9.15941331008584e-07,0.648301,268.7,0.2382,262.5,0.5
9646,4,10644.65,13076.83,0.383178,9.158907681278329e-07,0.76114,269.6,0.2374,262.7,0.5
9647,4,10645.35,13075.23,0.40966,9.158402036205611e-07,0.703422,264.7,0.2418,262.6,0.5
9648,4,10646.05,13073.63,0.431354,9.157896374879118e-07,0.598291,265.5,0.241,262.5,0.5
9649,4,10646.74,13072.02,0.403059,9.157390697310277e-07,0.723816,262.8,0.2435,262.4,0.5
9650,4,10647.44,13070.42,0.428785,9.156885003510519e-07,0.949972,266.1,0.2405,262.4,0.5
9651,4,10648.13,13068.81,0.425622,9.156379293491276e-07,0.617694,268.1,0.2387,262.7,0.5
9652,4,10648.83,13067.21,0.400919,9.155873567263977e-07,0.62233,264.5,0.242,262.6,0.5
9653,4,10649.52,13065.6,0.433167,9.155367824840054e-07,0.704435,268.1,0.2388,263.0,0.5
9654,4,10650.21,13064.0,0.461167,9.154862066230937e-07,0.844357,266.8,0.2399,263.1,0.5
9655,4,10650.91,13062.4,0.466297,9.154356291448061e-07,0.679942,263.9,0.2425,263.0,0.5
9656,4,10651.61,13060.79,0.385994,9.153850500502855e-07,0.828037,264.6,0.2419,263.1,0.5
9657,4,10652.3,13059.19,0.460862,9.153344693406754e-07,0.649365,266.4,0.2403,263.0,0.5
9658,4,10652.99,13057.58,0.447027,9.15283887017119e-07,0.857325,265.7,0.2409,263.1,0.5
9659,4,10653.69,13055.98,0.44727,9.152333030807594e-07,0.711785,262.4,0.2439,262.9,0.5
9660,4,10654.38,13054.38,0.45126,9.151827175327403e-07,0.8677,265.6,0.241,262.9,0.5
9661,4,10655.1,13052.8,0.444284,9.15132130374205e-07,0.595667,268.5,0.2383,263.1,0.4
9662,4,10655.79,13051.2,0.435695,9.150815416062969e-07,0.644226,264.2,0.2422,263.1,0.4
9663,4,10656.48,13049.59,0.416876,9.150309512301595e-07,0.717624,267.1,0.2396,263.2,0.4
9664,4,10657.2,13048.01,0.415172,9.149803592469363e-07,0.801789,240.3,0.2663,263.4,0.4
9665,4,10657.88,13046.39,0.421648,9.149297656577708e-07,0.916602,255.8,0.2502,262.7,0.4
9666,4,10658.57,13044.79,0.391197,9.148791704638066e-07,0.717619,260.6,0.2456,262.2,0.5
9667,4,10659.26,13043.18,0.416248,9.148285736661875e-07,0.810641,264.0,0.2424,262.1,0.5
9668,4,10659.96,13041.58,0.406651,9.14777975266057e-07,0.668875,264.8,0.2417,262.2,0.5
9669,4,10660.65,13039.97,0.43246,9.147273752645588e-07,0.94487,268.2,0.2387,262.4,0.4
9670,4,10661.34,13038.37,0.424367,9.146767736628367e-07,0.835517,267.3,0.2395,262.5,0.4
9671,4,10662.03,13036.77,0.424361,9.146261704620344e-07,0.860293,266.4,0.2402,262.5,0.4
9672,4,10662.73,13035.16,0.425461,9.145755656632957e-07,0.624751,267.3,0.2395,262.6,0.4
9673,4,10663.42,13033.56,0.406965,9.145249592677646e-07,0.660888,267.5,0.2393,262.6,0.4
9674,4,10664.12,13031.96,0.444509,9.144743512765848e-07,0.699454,263.8,0.2426,262.4,0.4
9675,4,10664.81,13030.36,0.387625,9.144237416909001e-07,0.633784,266.8,0.2399,262.5,0.5
9676,4,10665.51,13028.76,0.448891,9.143731305118546e-07,1.118873,264.4,0.242,262.4,0.5
9677,4,10666.2,13027.16,0.369211,9.143225177405926e-07,0.743519,266.6,0.24,262.5,0.5
9678,4,10666.89,13025.56,0.434493,9.142719033782575e-07,0.781906,264.2,0.2422,262.4,0.5
9679,4,10667.59,13023.96,0.426293,9.142212874259937e-07,0.892928,266.8,0.2398,262.6,0.5
9680,4,10668.28,13022.35,0.490019,9.141706698849454e-07,0.795851,266.6,0.24,262.7,0.5
9681,4,10668.98,13020.76,0.386733,9.141200507562564e-07,0.79387,270.1,0.237,262.7,0.5
9682,4,10669.68,13019.16,0.416477,9.140694300410711e-07,0.698831,266.0,0.2406,262.8,0.5
9683,4,10670.37,13017.56,0.436843,9.140188077405336e-07,0.963029,265.9,0.2407,262.8,0.5
9684,4,10671.07,13015.97,0.433458,9.139681838557882e-07,0.520041,263.3,0.2431,264.1,0.5
9685,4,10671.76,13014.37,0.416769,9.139175583879793e-07,0.699601,265.5,0.241,264.5,0.5
9686,4,10672.45,13012.77,0.418562,9.138669313382509e-07,0.892879,266.3,0.2403,264.8,0.5
9687,4,10673.14,13011.16,0.417662,9.138163027077476e-07,1.004764,266.1,0.2405,265.0,0.5
9688,4,10673.84,13009.57,0.348513,9.137656724976137e-07,0.599716,265.4,0.2411,265.0,0.5
9689,4,10674.53,13007.97,0.382846,9.137150407089934e-07,1.039085,266.2,0.2404,264.9,0.5
9690,4,10675.22,13006.37,0.420779,9.136644073430316e-07,0.642766,266.8,0.2399,264.9,0.4
9691,4,10675.92,13004.77,0.419545,9.136137724008723e-07,0.907599,269.7,0.2373,265.0,0.5
9692,4,10676.61,13003.17,0.383314,9.135631358836604e-07,0.724527,266.4,0.2402,265.0,0.5
9693,4,10677.3,13001.57,0.392506,9.135124977925401e-07,0.697099,268.3,0.2386,265.0,0.5
9694,4,10678.0,12999.97,0.441965,9.134618581286562e-07,0.960676,266.7,0.24,265.2,0.5
9695,4,10678.69,12998.37,0.41226,9.134112168931535e-07,0.76753,270.7,0.2364,265.4,0.4
9696,4,10679.39,12996.78,0.4066,9.133605740871764e-07,0.742502,264.6,0.2419,265.5,0.4
9697,4,10680.08,12995.18,0.407002,9.133099297118697e-07,0.848915,265.4,0.2411,265.3,0.5
9698,4,10680.78,12993.59,0.393123,9.132592837683781e-07,0.691291,261.8,0.2444,265.2,0.5
9699,4,10681.47,12991.98,0.473988,9.132086362578464e-07,0.663036,266.8,0.2399,265.2,0.5
9700,4,10682.16,12990.39,0.452628,9.131579871814194e-07,0.741642,265.7,0.2409,265.1,0.5
9701,4,10682.86,12988.8,0.399922,9.13107336540242e-07,0.701613,266.0,0.2406,264.9,0.5
9702,4,10683.56,12987.21,0.445722,9.130566843354589e-07,0.988762,262.4,0.2439,264.7,0.5
9703,4,10684.24,12985.6,0.388134,9.130060305682152e-07,0.702707,268.4,0.2385,264.8,0.5
9704,4,10684.94,12984.01,0.438958,9.129553752396557e-07,0.778394,264.8,0.2417,264.9,0.5
9705,4,10685.63,12982.41,0.447867,9.129047183509254e-07,0.76385,265.9,0.2407,265.0,0.5
9706,4,10686.33,12980.81,0.451282,9.128540599031695e-07,0.846478,265.8,0.2408,264.9,0.5
9707,4,10687.02,12979.22,0.410976,9.12803399897533e-07,0.607831,265.9,0.2407,264.9,0.5
9708,4,10687.71,12977.62,0.37834,9.127527383351607e-07,0.655746,264.2,0.2423,264.8,0.5
9709,4,10688.41,12976.03,0.440533,9.127020752171981e-07,0.82835,267.3,0.2394,264.8,0.5
9710,4,10689.12,12974.45,0.424423,9.1265141054479e-07,0.765487,262.8,0.2436,264.6,0.5
9711,4,10689.81,12972.86,0.438847,9.126007443190819e-07,0.661274,265.1,0.2414,264.4,0.5
9712,4,10690.5,12971.26,0.382724,9.125500765412188e-07,0.793897,266.6,0.2401,264.3,0.5
9713,4,10691.2,12969.67,0.417792,9.124994072123461e-07,0.654591,262.3,0.244,264.1,0.5
9714,4,10691.89,12968.07,0.410233,9.124487363336091e-07,0.776168,267.7,0.2391,264.1,0.5
9715,4,10692.59,12966.48,0.457233,9.123980639061531e-07,0.880398,261.7,0.2445,263.7,0.5
9716,4,10693.28,12964.89,0.434685,9.123473899311235e-07,0.997759,265.9,0.2407,263.7,0.5
9717,4,10693.98,12963.3,0.402988,9.122967144096657e-07,0.553983,263.6,0.2428,263.7,0.5
9718,4,10694.67,12961.7,0.411792,9.12246037342925e-07,0.880257,265.2,0.2413,263.8,0.5
9719,4,10695.36,12960.11,0.436245,9.121953587320472e-07,0.797105,266.9,0.2397,263.9,0.5
9720,4,10696.06,12958.51,0.457049,9.121446785781775e-07,0.837916,265.6,0.241,263.9,0.5
9721,4,10696.77,12956.94,0.476987,9.120939968824614e-07,0.796279,265.9,0.2407,263.9,0.5
9722,4,10697.46,12955.35,0.430899,9.120433136460447e-07,0.677457,264.3,0.2421,264.0,0.5
9723,4,10698.16,12953.76,0.387027,9.119926288700729e-07,0.654038,264.7,0.2418,263.8,0.5
9724,4,10698.85,12952.17,0.424847,9.119419425556917e-07,0.748613,265.1,0.2414,263.8,0.5
9725,4,10699.54,12950.57,0.396565,9.118912547040468e-07,0.823933,270.4,0.2367,264.0,0.5
9726,4,10700.24,12948.98,0.451763,9.118405653162839e-07,0.818674,268.8,0.2381,264.2,0.5
9727,4,10700.93,12947.39,0.427261,9.117898743935487e-07,0.656321,265.9,0.2407,264.1,0.5
9728,4,10701.63,12945.8,0.40502,9.11739181936987e-07,0.933102,265.2,0.2414,264.3,0.5
9729,4,10702.33,12944.22,0.436792,9.116884879477447e-07,0.787893,257.3,0.2487,263.8,0.5
9730,4,10703.02,12942.62,0.446749,9.116377924269675e-07,0.810608,265.7,0.2409,264.0,0.4
9731,4,10703.71,12941.03,0.419012,9.115870953758014e-07,0.622051,267.1,0.2396,264.1,0.5
9732,4,10704.41,12939.44,0.434064,9.115363967953922e-07,0.658257,262.9,0.2435,263.9,0.4
9733,4,10705.1,12937.85,0.385773,9.11485696686886e-07,0.608502,265.1,0.2414,264.2,0.4
9734,4,10705.79,12936.26,0.407785,9.114349950514288e-07,0.69148,266.6,0.2401,264.1,0.4
9735,4,10706.49,12934.67,0.413597,9.113842918901666e-07,0.724628,264.4,0.242,264.2,0.4
9736,4,10707.2,12933.11,0.459479,9.113335872042453e-07,0.761107,242.1,0.2643,263.0,0.4
9737,4,10707.88,12931.49,0.441502,9.112828809948112e-07,0.891385,263.1,0.2433,262.9,0.4
9738,4,10708.57,12929.9,0.410794,9.112321732630105e-07,0.685517,265.8,0.2408,262.9,0.4
9739,4,10709.27,12928.31,0.411784,9.111814640099892e-07,0.585478,264.3,0.2422,262.7,0.4
9740,4,10709.96,12926.72,0.413772,9.111307532368934e-07,1.119444,267.1,0.2396,262.9,0.4
9741,4,10710.67,12925.16,0.438295,9.110800409448696e-07,0.939994,265.5,0.241,262.8,0.4
9742,4,10711.36,12923.57,0.376102,9.110293271350639e-07,0.740449,264.8,0.2416,262.9,0.4
9743,4,10712.06,12921.98,0.397572,9.109786118086227e-07,0.636156,264.3,0.2421,262.8,0.4
9744,4,10712.75,12920.39,0.435411,9.109278949666922e-07,0.683976,264.9,0.2416,262.9,0.4
9745,4,10713.45,12918.81,0.363702,9.10877176610419e-07,0.622971,261.0,0.2452,262.4,0.4
9746,4,10714.14,12917.22,0.442018,9.108264567409493e-07,0.924932,265.0,0.2415,262.2,0.4
9747,4,10714.84,12915.63,0.411145,9.107757353594297e-07,0.599717,268.9,0.238,262.3,0.4
9748,4,10715.53,12914.04,0.4362,9.107250124670064e-07,0.769079,266.3,0.2404,262.4,0.4
9749,4,10716.23,12912.45,0.423014,9.106742880648263e-07,0.555369,264.6,0.2419,262.8,0.4
9750,4,10716.92,12910.87,0.448064,9.106235621540356e-07,0.713531,267.7,0.2391,262.8,0.4
9751,4,10717.62,12909.28,0.437622,9.10572834735781e-07,0.78228,263.7,0.2427,262.7,0.4
9752,4,10718.31,12907.7,0.374804,9.105221058112092e-07,0.662892,263.0,0.2433,262.7,0.4
9753,4,10719.0,12906.1,0.399467,9.104713753814668e-07,0.664976,267.1,0.2396,262.8,0.4
9754,4,10719.7,12904.52,0.385935,9.104206434477003e-07,0.663182,263.4,0.243,262.6,0.4
9755,4,10720.39,12902.94,0.404509,9.103699100110566e-07,0.729709,265.9,0.2407,262.7,0.4
9756,4,10721.09,12901.35,0.383444,9.103191750726825e-07,0.589179,265.0,0.2415,263.9,0.4
9757,4,10721.79,12899.77,0.478992,9.102684386337246e-07,0.916105,265.2,0.2413,264.0,0.4
9758,4,10722.48,12898.19,0.458248,9.102177006953298e-07,0.863297,262.7,0.2436,263.9,0.4
9759,4,10723.18,12896.6,0.393241,9.10166961258645e-07,0.63868,264.4,0.242,263.9,0.4
9760,4,10723.87,12895.02,0.377352,9.10116220324817e-07,0.54772,266.7,0.2399,263.9,0.4
9761,4,10724.57,12893.44,0.423128,9.100654778949928e-07,0.800748,268.5,0.2384,264.1,0.4
9762,4,10725.27,12891.86,0.384459,9.100147339703192e-07,0.919198,265.6,0.241,264.1,0.4
9763,4,10725.97,12890.28,0.457615,9.099639885519434e-07,0.901111,266.3,0.2403,264.2,0.4
9764,4,10726.67,12888.7,0.439961,9.099132416410121e-07,0.718572,261.0,0.2452,264.0,0.4
9765,4,10727.36,12887.12,0.416847,9.098624932386729e-07,0.768143,264.4,0.242,264.2,0.4
9766,4,10728.06,12885.53,0.421822,9.098117433460722e-07,0.869683,263.8,0.2426,264.1,0.4
9767,4,10728.76,12883.95,0.425774,9.097609919643576e-07,0.758202,264.7,0.2418,263.9,0.4
9768,4,10729.45,12882.37,0.431966,9.097102390946762e-07,0.638993,263.7,0.2427,263.8,0.4
9769,4,10730.15,12880.8,0.392725,9.09659484738175e-07,0.753803,264.6,0.2418,263.7,0.4
9770,4,10730.85,12879.22,0.427601,9.096087288960013e-07,0.675336,262.6,0.2438,263.5,0.4
9771,4,10731.55,12877.64,0.382737,9.095579715693024e-07,0.699201,265.6,0.241,263.5,0.4
9772,4,10732.24,12876.06,0.39987,9.095072127592256e-07,0.749729,265.0,0.2415,263.6,0.4
9773,4,10732.94,12874.48,0.390257,9.094564524669182e-07,0.713929,261.0,0.2452,263.4,0.4
9774,4,10733.64,12872.9,0.42566,9.094056906935275e-07,0.95341,265.5,0.241,263.5,0.4
9775,4,10734.33,12871.32,0.396658,9.093549274402009e-07,0.822757,264.8,0.2417,263.4,0.4
9776,4,10735.04,12869.74,0.439209,9.09304162708086e-07,0.765336,261.2,0.245,263.3,0.4
9777,4,10735.73,12868.16,0.468213,9.092533964983299e-07,0.83464,265.9,0.2407,263.3,0.4
9778,4,10736.42,12866.58,0.414434,9.092026288120804e-07,0.991273,267.6,0.2391,263.4,0.4
9779,4,10737.13,12865.01,0.457508,9.091518596504848e-07,0.791296,259.1,0.247,263.2,0.4
9780,4,10737.82,12863.43,0.373476,9.091010890146909e-07,0.530829,265.0,0.2415,263.1,0.4
9781,4,10738.54,12861.87,0.485697,9.090503169058461e-07,0.72949,265.7,0.2409,262.9,0.5
9782,4,10739.24,12860.3,0.462937,9.089995433250981e-07,0.699786,266.0,0.2406,263.0,0.4
9783,4,10739.93,12858.72,0.403401,9.089487682735944e-07,0.6362,265.4,0.2412,262.9,0.5
9784,4,10740.63,12857.14,0.426342,9.088979917524828e-07,0.542762,263.7,0.2427,263.0,0.5
9785,4,10741.33,12855.56,0.408838,9.088472137629112e-07,0.670047,263.8,0.2426,263.0,0.5
9786,4,10742.03,12853.99,0.456784,9.087964343060271e-07,0.937234,260.6,0.2456,262.8,0.5
9787,4,10742.72,12852.41,0.422723,9.087456533829785e-07,0.640289,265.4,0.2412,262.9,0.5
9788,4,10743.42,12850.83,0.41183,9.08694870994913e-07,0.597854,265.7,0.2409,263.0,0.5
9789,4,10744.11,12849.25,0.41309,9.086440871429785e-07,0.867357,266.2,0.2404,263.1,0.4
9790,4,10744.81,12847.67,0.467706,9.085933018283231e-07,0.733487,266.6,0.2401,263.3,0.4
9791,4,10745.51,12846.1,0.428398,9.085425150520945e-07,0.705815,263.6,0.2428,263.2,0.4
9792,4,10746.21,12844.53,0.461535,9.084917268154406e-07,0.694346,261.0,0.2452,262.9,0.5
9793,4,10746.9,12842.95,0.418002,9.084409371195096e-07,0.685278,260.3,0.2459,262.9,0.5
9794,4,10747.59,12841.37,0.402295,9.083901459654494e-07,0.560301,265.0,0.2415,262.8,0.5
9795,4,10748.29,12839.79,0.407568,9.083393533544081e-07,0.833716,260.6,0.2456,262.6,0.5
9796,4,10748.98,12838.21,0.386329,9.082885592875336e-07,0.738424,266.5,0.2401,262.9,0.5
9797,4,10749.68,12836.63,0.385094,9.082377637659744e-07,0.830311,266.5,0.2402,262.9,0.5
9798,4,10750.37,12835.05,0.45286,9.081869667908783e-07,0.910142,266.6,0.24,262.9,0.5
9799,4,10751.07,12833.48,0.393376,9.081361683633936e-07,0.720454,261.5,0.2448,263.0,0.5
9800,4,10751.76,12831.9,0.455353,9.080853684846686e-07,0.816494,267.7,0.239,263.1,0.5
9801,4,10766.31,12846.85,0.447775,9.080345671558514e-07,0.770427,274.3,0.2333,263.6,0.5
9802,4,10766.99,12845.26,0.412384,9.079837643780903e-07,0.724508,270.9,0.2362,263.9,0.4
9803,4,10767.69,12843.68,0.46779,9.079329601525338e-07,0.982954,269.6,0.2374,264.1,0.4
9804,4,10768.38,12842.09,0.38965,9.0788215448033e-07,0.617265,266.9,0.2398,264.3,0.4
9805,4,10769.06,12840.5,0.443792,9.078313473626275e-07,0.629949,269.5,0.2375,264.6,0.4
9806,4,10769.76,12838.92,0.4071,9.077805388005746e-07,0.819428,269.3,0.2377,265.1,0.4
9807,4,10770.45,12837.34,0.449645,9.077297287953197e-07,0.842668,266.0,0.2406,265.1,0.4
9808,4,10771.14,12835.76,0.375611,9.076789173480114e-07,0.588969,264.3,0.2422,265.0,0.4
9809,4,10771.83,12834.17,0.39902,9.076281044597982e-07,0.783677,265.8,0.2408,265.0,0.4
9810,4,10772.52,12832.58,0.419911,9.075772901318285e-07,0.765645,267.4,0.2393,265.0,0.4
9811,4,10773.21,12831.0,0.389702,9.07526474365251e-07,0.691553,267.0,0.2397,265.2,0.4
9812,4,10773.9,12829.42,0.383731,9.074756571612142e-07,0.952484,265.2,0.2413,265.4,0.4
9813,4,10774.6,12827.84,0.373326,9.074248385208668e-07,0.651661,262.1,0.2442,265.5,0.4
9814,4,10775.28,12826.25,0.391639,9.073740184453575e-07,1.002318,269.5,0.2375,265.7,0.4
9815,4,10775.98,12824.67,0.435296,9.07323196935835e-07,0.62893,265.8,0.2408,266.0,0.4
9816,4,10776.67,12823.1,0.412418,9.072723739934481e-07,0.579099,263.4,0.243,265.9,0.4
9817,4,10777.36,12821.51,0.445147,9.072215496193455e-07,0.681201,265.5,0.241,265.9,0.4
9818,4,10778.05,12819.93,0.483861,9.071707238146758e-07,0.712085,266.0,0.2406,265.9,0.4
9819,4,10778.75,12818.35,0.39894,9.071198965805883e-07,0.955727,265.6,0.241,266.1,0.4
9820,4,10779.44,12816.77,0.39492,9.070690679182315e-07,0.724776,266.4,0.2402,266.0,0.4
9821,4,10780.13,12815.19,0.422104,9.070182378287543e-07,0.768267,271.4,0.2358,265.9,0.4
9822,4,10780.83,12813.62,0.419175,9.069674063133059e-07,0.672596,264.5,0.2419,265.6,0.4
9823,4,10781.52,12812.04,0.402276,9.06916573373035e-07,0.52733,265.4,0.2412,265.3,0.4
9824,4,10782.21,12810.46,0.435886,9.068657390090909e-07,0.748331,266.9,0.2398,265.3,0.4
9825,4,10782.91,12808.89,0.432794,9.068149032226222e-07,0.660789,262.8,0.2436,264.9,0.4
9826,4,10783.6,12807.31,0.416046,9.067640660147782e-07,0.839159,266.7,0.24,264.8,0.4
9827,4,10784.3,12805.73,0.405926,9.06713227386708e-07,0.886964,263.1,0.2433,264.7,0.4
9828,4,10784.99,12804.16,0.405539,9.066623873395607e-07,0.695328,267.8,0.239,264.8,0.4
9829,4,10785.68,12802.58,0.416164,9.066115458744854e-07,0.839402,265.7,0.2409,264.8,0.4
9830,4,10786.38,12801.01,0.431296,9.065607029926313e-07,0.836084,267.0,0.2397,264.8,0.4
9831,4,10787.08,12799.43,0.394291,9.065098586951478e-07,0.528584,266.7,0.24,264.8,0.4
9832,4,10787.77,12797.86,0.382694,9.064590129831839e-07,0.612054,261.2,0.2451,264.6,0.4
9833,4,10788.46,12796.28,0.449259,9.064081658578891e-07,0.786398,268.3,0.2386,264.9,0.4
9834,4,10789.16,12794.71,0.428197,9.063573173204127e-07,0.736259,267.2,0.2396,264.8,0.4
9835,4,10789.86,12793.14,0.410729,9.06306467371904e-07,1.20774,263.6,0.2428,264.7,0.4
9836,4,10790.55,12791.57,0.450752,9.062556160135122e-07,0.773212,265.1,0.2414,264.7,0.4
9837,4,10791.25,12789.99,0.414423,9.06204763246387e-07,0.671532,266.4,0.2403,264.7,0.4
9838,4,10791.94,12788.42,0.426467,9.061539090716776e-07,0.702924,264.3,0.2421,264.6,0.4
9839,4,10792.64,12786.85,0.409294,9.061030534905337e-07,0.637254,264.7,0.2418,264.6,0.4
9840,4,10793.33,12785.28,0.439022,9.060521965041046e-07,0.804278,265.6,0.2409,264.5,0.4
9841,4,10794.05,12783.72,0.446332,9.0600133811354e-07,0.648913,269.8,0.2372,264.4,0.4
9842,4,10794.74,12782.15,0.4249,9.059504783199894e-07,0.761369,263.3,0.243,264.3,0.5
9843,4,10795.44,12780.58,0.452256,9.058996171246023e-07,1.106136,264.4,0.2421,264.3,0.4
9844,4,10796.13,12779.01,0.394915,9.058487545285286e-07,0.854813,264.9,0.2416,264.2,0.5
9845,4,10796.83,12777.44,0.445746,9.057978905329176e-07,0.772868,261.4,0.2448,264.1,0.5
9846,4,10797.52,12775.86,0.41591,9.057470251389194e-07,0.73633,265.2,0.2413,264.0,0.5
9847,4,10798.22,12774.29,0.427357,9.056961583476834e-07,0.622043,265.9,0.2407,264.1,0.5
9848,4,10798.94,12772.75,0.449585,9.056452901603596e-07,0.82644,244.9,0.2613,263.0,0.4
9849,4,10799.61,12771.16,0.395998,9.055944205780976e-07,0.485763,261.4,0.2448,262.8,0.4
9850,4,10800.3,12769.58,0.398088,9.055435496020475e-07,0.674246,268.2,0.2386,262.8,0.5
9851,4,10801.0,12768.0,0.436764,9.054926772333589e-07,0.716302,268.7,0.2382,263.0,0.4
9852,4,10801.69,12766.43,0.470001,9.054418034731816e-07,0.645344,267.0,0.2397,263.3,0.4
9853,4,10802.39,12764.87,0.431022,9.053909283226658e-07,0.719379,260.9,0.2453,262.9,0.4
9854,4,10803.08,12763.29,0.377956,9.053400517829613e-07,0.778606,265.2,0.2414,262.8,0.4
9855,4,10803.77,12761.72,0.42332,9.052891738552182e-07,0.743194,269.0,0.2379,263.1,0.4
9856,4,10804.47,12760.14,0.416608,9.052382945405864e-07,0.769161,268.6,0.2382,263.3,0.4
9857,4,10805.16,12758.58,0.490241,9.051874138402158e-07,0.953243,266.2,0.2404,263.3,0.4
9858,4,10805.86,12757.01,0.479121,9.051365317552568e-07,0.759229,264.5,0.242,263.4,0.4
9859,4,10806.55,12755.43,0.432112,9.050856482868593e-07,0.694477,267.9,0.2389,263.4,0.4
9860,4,10807.25,12753.87,0.418759,9.050347634361735e-07,0.568809,256.0,0.25,263.0,0.4
9861,4,10807.95,12752.3,0.444573,9.049838772043496e-07,0.68548,268.0,0.2388,262.9,0.4
9862,4,10808.64,12750.73,0.391035,9.049329895925378e-07,0.852913,266.0,0.2406,263.1,0.4
9863,4,10809.34,12749.16,0.444582,9.048821006018884e-07,0.675964,261.8,0.2444,263.0,0.4
9864,4,10810.03,12747.6,0.365448,9.048312102335513e-07,0.804636,261.6,0.2447,262.8,0.4
9865,4,10810.72,12746.02,0.455797,9.047803184886772e-07,0.689822,266.2,0.2404,263.0,0.4
9866,4,10811.42,12744.46,0.387946,9.047294253684162e-07,1.083124,264.2,0.2423,262.9,0.4
9867,4,10812.12,12742.89,0.380359,9.046785308739189e-07,0.702817,260.8,0.2454,262.6,0.4
9868,4,10812.81,12741.32,0.450587,9.046276350063353e-07,0.680565,265.6,0.2409,263.7,0.4
9869,4,10813.5,12739.75,0.399632,9.045767377668162e-07,0.715039,267.7,0.2391,264.1,0.4
9870,4,10814.2,12738.18,0.392758,9.045258391565118e-07,0.709401,264.8,0.2417,263.9,0.4
9871,4,10814.9,12736.62,0.4568,9.044749391765727e-07,0.814042,267.1,0.2396,263.7,0.4
9872,4,10815.59,12735.05,0.405793,9.044240378281494e-07,0.878656,265.7,0.2408,263.7,0.4
9873,4,10816.29,12733.49,0.388961,9.043731351123925e-07,0.756367,266.2,0.2404,263.9,0.5
9874,4,10816.98,12731.92,0.435544,9.043222310304524e-07,0.729291,265.2,0.2413,263.9,0.5
9875,4,10817.68,12730.35,0.402691,9.042713255834798e-07,0.675422,267.5,0.2392,263.8,0.5
9876,4,10818.37,12728.79,0.369672,9.042204187726255e-07,0.549011,264.5,0.242,263.5,0.5
9877,4,10819.08,12727.23,0.404679,9.041695105990398e-07,0.623626,260.2,0.2459,263.2,0.5
9878,4,10819.77,12725.66,0.35763,9.041186010638737e-07,0.581392,266.4,0.2402,263.3,0.5
9879,4,10820.47,12724.1,0.344223,9.040676901682778e-07,0.750035,263.0,0.2433,263.0,0.5
9880,4,10821.16,12722.53,0.4189,9.04016777913403e-07,0.690129,263.9,0.2426,263.5,0.5
9881,4,10821.88,12720.99,0.397888,9.039658643003998e-07,0.856817,268.4,0.2384,263.4,0.5
9882,4,10822.58,12719.43,0.477326,9.039149493304194e-07,1.050234,258.6,0.2475,263.0,0.5
9883,4,10823.27,12717.86,0.403911,9.038640330046123e-07,0.659395,263.3,0.243,263.1,0.6
9884,4,10823.96,12716.3,0.38339,9.038131153241295e-07,0.689342,262.7,0.2436,263.2,0.5
9885,4,10824.66,12714.73,0.39818,9.037621962901221e-07,0.739447,266.2,0.2404,263.2,0.5
9886,4,10825.37,12713.18,0.462609,9.037112759037408e-07,1.070275,250.7,0.2553,262.6,0.5
9887,4,10826.05,12711.6,0.428047,9.036603541661367e-07,0.813737,265.2,0.2414,262.8,0.5
9888,4,10826.74,12710.04,0.383558,9.036094310784608e-07,0.643389,266.1,0.2405,262.8,0.5
9889,4,10827.44,12708.47,0.435425,9.035585066418639e-07,0.643873,265.1,0.2414,262.6,0.5
9890,4,10828.13,12706.9,0.433516,9.035075808574975e-07,0.927655,267.4,0.2393,262.7,0.5
9891,4,10828.83,12705.34,0.431408,9.034566537265122e-07,0.809363,262.6,0.2437,262.5,0.5
9892,4,10829.52,12703.77,0.38608,9.034057252500596e-07,0.855049,266.9,0.2398,262.6,0.5
9893,4,10830.21,12702.21,0.442615,9.033547954292905e-07,0.844167,265.4,0.2411,262.6,0.5
9894,4,10830.91,12700.64,0.376311,9.033038642653564e-07,0.621582,265.7,0.2409,262.7,0.5
9895,4,10831.6,12699.08,0.443187,9.032529317594083e-07,0.819641,264.4,0.242,262.6,0.5
9896,4,10832.3,12697.52,0.422312,9.032019979125974e-07,0.68248,263.7,0.2427,262.6,0.4
9897,4,10832.99,12695.95,0.453638,9.031510627260751e-07,0.725289,265.1,0.2414,262.8,0.4
9898,4,10833.7,12694.4,0.378787,9.031001262009926e-07,0.601287,253.6,0.2524,262.2,0.4
9899,4,10834.38,12692.83,0.371407,9.030491883385014e-07,0.834241,261.9,0.2443,262.1,0.4
9900,4,10835.07,12691.26,0.494088,9.029982491397528e-07,0.983659,266.7,0.2399,262.3,0.4
9901,4,10835.78,12689.71,0.337282,9.029473086058981e-07,0.453349,267.8,0.239,262.3,0.4
9902,4,10836.47,12688.15,0.420479,9.028963667380888e-07,0.739311,264.5,0.2419,262.6,0.4
9903,4,10837.17,12686.59,0.441106,9.028454235374763e-07,0.655226,265.2,0.2413,262.8,0.4
9904,4,10837.89,12685.06,0.411278,9.027944790052123e-07,0.762592,237.1,0.2699,261.2,0.4
9905,4,10838.56,12683.46,0.426768,9.027435331424481e-07,0.646719,268.6,0.2383,261.3,0.4
9906,4,10839.25,12681.9,0.427735,9.026925859503351e-07,0.682336,265.1,0.2414,262.1,0.4
9907,4,10839.94,12680.34,0.469598,9.026416374300254e-07,0.849234,266.7,0.24,262.1,0.4
9908,4,10840.64,12678.77,0.460229,9.025906875826702e-07,0.971883,267.8,0.239,262.2,0.4
9909,4,10841.34,12677.22,0.426498,9.025397364094211e-07,0.731921,257.9,0.2482,261.8,0.4
9910,4,10842.03,12675.66,0.433208,9.024887839114301e-07,0.725021,260.3,0.2459,261.5,0.4
9911,4,10842.72,12674.1,0.405841,9.024378300898486e-07,0.719064,263.9,0.2425,261.6,0.4
9912,4,10843.42,12672.54,0.410078,9.023868749458286e-07,0.643296,264.1,0.2423,261.5,0.4
9913,4,10844.11,12670.97,0.420986,9.023359184805217e-07,0.719233,268.7,0.2382,261.6,0.4
9914,4,10844.81,12669.41,0.388039,9.022849606950796e-07,0.662543,266.0,0.2406,261.7,0.4
9915,4,10845.5,12667.85,0.383197,9.022340015906541e-07,0.685193,265.1,0.2414,261.6,0.5
9916,4,10846.2,12666.3,0.392479,9.021830411683973e-07,0.652114,259.7,0.2464,261.4,0.5
9917,4,10846.89,12664.73,0.396823,9.021320794294609e-07,0.825375,267.5,0.2392,261.6,0.4
9918,4,10847.59,12663.17,0.388255,9.020811163749967e-07,0.549318,266.1,0.2405,262.3,0.4
9919,4,10848.28,12661.62,0.410698,9.02030152006157e-07,0.736141,265.1,0.2414,262.4,0.4
9920,4,10848.98,12660.06,0.392011,9.019791863240934e-07,0.698731,261.7,0.2446,262.1,0.4
9921,4,10849.68,12658.5,0.470615,9.019282193299581e-07,0.795345,266.9,0.2398,262.1,0.4
9922,4,10850.37,12656.94,0.39113,9.018772510249031e-07,0.710556,268.4,0.2384,262.2,0.4
9923,4,10851.06,12655.38,0.425362,9.018262814100803e-07,0.662081,268.4,0.2385,262.3,0.5
9924,4,10851.76,12653.83,0.439948,9.01775310486642e-07,0.615818,265.3,0.2412,264.0,0.4
9925,4,10852.45,12652.27,0.410115,9.017243382557402e-07,0.756131,265.2,0.2413,263.8,0.4
9926,4,10853.15,12650.71,0.400949,9.016733647185271e-07,0.677829,264.2,0.2422,263.7,0.4
9927,4,10853.84,12649.15,0.450769,9.016223898761548e-07,0.698251,266.1,0.2405,263.7,0.4
9928,4,10854.54,12647.59,0.444619,9.015714137297756e-07,0.708745,266.8,0.2399,263.7,0.4
9929,4,10855.23,12646.03,0.454473,9.015204362805416e-07,0.777222,265.3,0.2412,264.1,0.4
9930,4,10855.93,12644.48,0.392814,9.014694575296052e-07,0.618921,265.8,0.2408,264.4,0.4
9931,4,10856.62,12642.92,0.407052,9.014184774781186e-07,0.667785,266.1,0.2405,264.5,0.4
9932,4,10857.32,12641.36,0.41601,9.013674961272342e-07,0.691258,264.6,0.2419,264.5,0.4
9933,4,10858.01,12639.81,0.457059,9.013165134781043e-07,0.952157,264.5,0.242,264.2,0.5
9934,4,10858.7,12638.25,0.400962,9.012655295318812e-07,0.850103,266.6,0.24,264.2,0.5
9935,4,10859.4,12636.69,0.471393,9.012145442897174e-07,0.854042,265.8,0.2408,264.3,0.4
9936,4,10860.1,12635.14,0.442621,9.011635577527654e-07,0.599034,261.8,0.2445,264.3,0.5
9937,4,10860.79,12633.58,0.435269,9.011125699221776e-07,0.692881,264.6,0.2419,264.2,0.5
9938,4,10861.49,12632.03,0.454194,9.010615807991065e-07,0.681068,265.3,0.2413,264.1,0.5
9939,4,10862.18,12630.47,0.431449,9.010105903847046e-07,0.983595,266.1,0.2405,264.2,0.5
9940,4,10862.88,12628.91,0.43029,9.009595986801245e-07,0.626479,266.7,0.24,264.5,0.5
9941,4,10863.59,12627.38,0.47261,9.009086056865188e-07,0.899622,267.5,0.2392,264.5,0.5
9942,4,10864.29,12625.83,0.405819,9.008576114050401e-07,0.644821,265.0,0.2415,264.2,0.5
9943,4,10864.98,12624.27,0.437206,9.00806615836841e-07,0.687281,266.5,0.2401,264.2,0.5
9944,4,10865.67,12622.71,0.443309,9.007556189830742e-07,0.749451,267.7,0.239,264.3,0.5
9945,4,10866.37,12621.16,0.404503,9.007046208448924e-07,0.784601,264.1,0.2423,264.3,0.5
9946,4,10867.06,12619.6,0.43908,9.006536214234483e-07,0.733579,266.7,0.24,264.5,0.5
9947,4,10867.76,12618.05,0.412861,9.006026207198948e-07,0.708348,263.5,0.2429,264.3,0.4
9948,4,10868.48,12616.52,0.43353,9.005516187353845e-07,1.071085,239.1,0.2677,262.8,0.5
9949,4,10869.15,12614.94,0.394711,9.005006154710703e-07,0.578096,264.5,0.242,262.8,0.4
9950,4,10869.84,12613.38,0.457728,9.00449610928105e-07,0.737147,265.8,0.2408,262.8,0.5
9951,4,10870.53,12611.83,0.39941,9.003986051076416e-07,0.509337,263.5,0.2429,262.6,0.5
9952,4,10871.22,12610.27,0.450595,9.003475980108329e-07,0.749152,266.2,0.2404,262.7,0.5
9953,4,10871.92,12608.72,0.412111,9.002965896388318e-07,0.800385,265.7,0.2409,262.9,0.4
9954,4,10872.61,12607.16,0.411426,9.002455799927914e-07,0.673229,268.9,0.238,263.0,0.4
9955,4,10873.31,12605.61,0.422935,9.001945690738645e-07,0.69866,265.1,0.2414,263.0,0.4
9956,4,10874.0,12604.05,0.415621,9.001435568832043e-07,0.721692,266.6,0.24,263.2,0.4
9957,4,10874.69,12602.5,0.427185,9.000925434219637e-07,0.616845,266.7,0.24,263.3,0.4
9958,4,10875.39,12600.95,0.421988,9.000415286912959e-07,0.694144,265.1,0.2414,263.3,0.4
9959,4,10876.08,12599.39,0.429064,8.99990512692354e-07,0.583224,264.9,0.2416,263.2,0.4
9960,4,10876.77,12597.84,0.425292,8.999394954262911e-07,0.737513,265.7,0.2409,263.3,0.4
9961,4,10877.48,12596.3,0.438659,8.998884768942603e-07,0.863783,265.1,0.2414,263.1,0.4
9962,4,10878.17,12594.74,0.42739,8.998374570974148e-07,0.630905,265.5,0.2411,263.2,0.4
9963,4,10878.86,12593.19,0.377537,8.99786436036908e-07,0.707163,267.4,0.2394,263.2,0.4
9964,4,10879.56,12591.63,0.437772,8.997354137138929e-07,0.675692,266.7,0.24,263.1,0.4
9965,4,10880.25,12590.08,0.41401,8.996843901295229e-07,0.641908,266.8,0.2399,263.2,0.4
9966,4,10880.94,12588.53,0.412488,8.996333652849514e-07,0.63361,266.7,0.24,263.2,0.4
9967,4,10881.64,12586.98,0.4265,8.995823391813316e-07,0.639606,265.0,0.2415,263.2,0.4
9968,4,10882.33,12585.42,0.462554,8.995313118198168e-07,0.870281,265.2,0.2413,264.7,0.4
9969,4,10883.03,12583.87,0.430241,8.994802832015604e-07,0.677306,266.0,0.2406,264.8,0.4
9970,4,10883.72,12582.32,0.447407,8.99429253327716e-07,1.004797,265.7,0.2408,264.8,0.4
9971,4,10884.41,12580.77,0.399173,8.993782221994371e-07,0.860026,266.3,0.2403,264.9,0.4
9972,4,10885.1,12579.21,0.434926,8.993271898178769e-07,0.781473,268.2,0.2386,265.0,0.5
9973,4,10885.8,12577.66,0.439542,8.99276156184189e-07,0.790905,266.1,0.2405,265.0,0.5
9974,4,10886.49,12576.11,0.445336,8.992251212995269e-07,0.71005,267.3,0.2394,264.9,0.4
9975,4,10887.18,12574.56,0.367721,8.991740851650444e-07,0.556554,265.9,0.2407,265.0,0.4
9976,4,10887.88,12573.01,0.39519,8.991230477818948e-07,0.828181,265.0,0.2415,264.9,0.5
9977,4,10888.57,12571.46,0.412184,8.990720091512318e-07,0.762181,263.9,0.2425,264.7,0.5
9978,4,10889.27,12569.91,0.430387,8.990209692742091e-07,0.606851,261.5,0.2447,264.5,0.5
9979,4,10889.96,12568.36,0.376186,8.989699281519803e-07,0.75885,266.2,0.2404,264.5,0.5
9980,4,10890.67,12566.82,0.443802,8.989188857856993e-07,0.637552,253.1,0.2528,263.8,0.5
9981,4,10891.36,12565.28,0.442643,8.988678421765196e-07,0.582188,264.6,0.2419,263.8,0.5
9982,4,10892.05,12563.72,0.423475,8.98816797325595e-07,0.725977,267.1,0.2396,263.9,0.5
9983,4,10892.75,12562.17,0.441043,8.987657512340794e-07,0.703809,267.4,0.2394,263.9,0.5
9984,4,10893.44,12560.63,0.462644,8.987147039031265e-07,0.69654,265.1,0.2414,263.8,0.5
9985,4,10894.13,12559.08,0.383619,8.986636553338903e-07,0.562437,264.1,0.2423,263.8,0.5
9986,4,10894.82,12557.52,0.392938,8.986126055275243e-07,0.55989,268.5,0.2384,263.8,0.5
9987,4,10895.52,12555.98,0.434805,8.985615544851828e-07,0.805371,269.0,0.2379,264.1,0.5
9988,4,10896.22,12554.43,0.46818,8.985105022080196e-07,0.827119,265.1,0.2414,264.1,0.5
9989,4,10896.91,12552.88,0.339654,8.984594486971886e-07,0.723163,266.2,0.2404,264.0,0.5
9990,4,10897.6,12551.33,0.367301,8.984083939538438e-07,0.651917,268.1,0.2387,264.1,0.5
9991,4,10898.3,12549.79,0.503452,8.983573379791394e-07,0.959346,263.7,0.2427,264.0,0.5
9992,4,10898.99,12548.24,0.384631,8.98306280774229e-07,0.788002,265.3,0.2412,263.9,0.5
9993,4,10899.69,12546.69,0.396087,8.982552223402671e-07,0.701168,261.9,0.2444,263.7,0.5
9994,4,10900.38,12545.14,0.460427,8.982041626784075e-07,1.284187,264.0,0.2424,263.5,0.5
9995,4,10901.07,12543.59,0.3881,8.981531017898046e-07,0.795633,266.9,0.2398,263.5,0.5
9996,4,10901.77,12542.05,0.41348,8.981020396756123e-07,0.83115,263.1,0.2433,263.5,0.4
9997,4,10902.46,12540.5,0.421882,8.980509763369849e-07,0.675754,264.5,0.2419,263.6,0.4
9998,4,10903.16,12538.96,0.397406,8.979999117750766e-07,0.652712,264.4,0.2421,263.8,0.4
9999,4,10903.85,12537.41,0.433319,8.979488459910414e-07,0.709376,264.7,0.2417,263.7,0.4
10000,4,10904.54,12535.86,0.39542,8.978977789860339e-07,0.724891,267.4,0.2394,264.5,0.4
10001,4,11042.86,12692.49,0.423916,8.978467107612083e-07,0.923727,236.2,0.271,262.9,0.4
10002,4,11043.52,12690.88,0.40661,8.97795641317719e-07,0.878211,266.9,0.2398,262.9,0.4
10003,4,11044.21,12689.3,0.413546,8.977445706567199e-07,0.654251,267.2,0.2395,262.9,0.4
10004,4,11044.89,12687.72,0.370391,8.976934987793658e-07,0.826288,268.6,0.2382,263.1,0.4
10005,4,11045.58,12686.13,0.454826,8.976424256868111e-07,0.750253,271.6,0.2356,263.4,0.4
10006,4,11046.27,12684.56,0.410281,8.9759135138021e-07,0.691061,264.3,0.2421,263.3,0.4
10007,4,11046.96,12682.98,0.400833,8.97540275860717e-07,0.623398,265.4,0.2411,263.1,0.4
10008,4,11047.66,12681.4,0.435327,8.974891991294865e-07,0.648037,265.1,0.2414,263.1,0.4
10009,4,11048.36,12679.84,0.458188,8.974381211876735e-07,0.871457,263.5,0.2429,263.0,0.4
10010,4,11049.04,12678.25,0.391608,8.973870420364319e-07,0.653376,265.2,0.2414,262.9,0.3
10011,4,11049.74,12676.68,0.411778,8.973359616769165e-07,0.622309,264.6,0.2419,263.0,0.3
10012,4,11050.43,12675.1,0.438839,8.972848801102821e-07,0.690262,265.4,0.2412,263.0,0.3
10013,4,11051.12,12673.53,0.424968,8.97233797337683e-07,0.692897,263.0,0.2434,263.1,0.3
10014,4,11051.81,12671.95,0.362267,8.971827133602741e-07,0.776755,261.1,0.2452,262.9,0.3
10015,4,11052.5,12670.37,0.381893,8.971316281792097e-07,0.544777,268.4,0.2384,263.0,0.3
10016,4,11053.19,12668.79,0.448351,8.97080541795645e-07,0.697748,267.2,0.2396,263.3,0.3
10017,4,11053.88,12667.21,0.362177,8.970294542107343e-07,0.711318,270.0,0.237,263.6,0.3
10018,4,11054.57,12665.64,0.428915,8.969783654256327e-07,0.823868,266.6,0.2401,263.7,0.3
10019,4,11055.26,12664.07,0.385538,8.969272754414947e-07,0.550002,265.7,0.2408,263.8,0.3
10020,4,11055.95,12662.49,0.40973,8.968761842594753e-07,0.783374,267.7,0.239,263.9,0.2
10021,4,11056.66,12660.93,0.471937,8.968250918807291e-07,0.913518,268.0,0.2388,265.7,0.2
10022,4,11057.35,12659.35,0.373463,8.967739983064113e-07,0.68203,266.2,0.2404,265.6,0.2
10023,4,11058.05,12657.78,0.369816,8.967229035376764e-07,0.545047,266.5,0.2402,265.6,0.2
10024,4,11058.74,12656.22,0.396918,8.966718075756796e-07,0.558947,260.8,0.2454,265.2,0.2
10025,4,11059.43,12654.64,0.395491,8.966207104215758e-07,0.585558,267.5,0.2393,265.0,0.2
10026,4,11060.13,12653.07,0.421927,8.965696120765198e-07,0.777425,265.6,0.241,264.9,0.3
10027,4,11060.82,12651.49,0.433571,8.965185125416668e-07,0.574525,273.0,0.2344,265.3,0.3
10028,4,11061.51,12649.92,0.401506,8.964674118181716e-07,1.071818,265.1,0.2414,265.3,0.3
10029,4,11062.21,12648.35,0.402636,8.964163099071896e-07,0.683143,265.6,0.2409,265.4,0.3
10030,4,11062.9,12646.78,0.389579,8.963652068098755e-07,0.82638,264.0,0.2424,265.4,0.3
10031,4,11063.6,12645.22,0.452802,8.963141025273846e-07,1.098877,262.6,0.2437,265.2,0.3
10032,4,11064.29,12643.64,0.402203,8.962629970608722e-07,0.581831,265.0,0.2415,265.2,0.3
10033,4,11064.98,12642.07,0.39803,8.96211890411493e-07,0.671518,266.2,0.2404,265.3,0.3
10034,4,11065.68,12640.5,0.392292,8.961607825804025e-07,0.642744,269.9,0.2371,265.7,0.3
10035,4,11066.37,12638.93,0.385826,8.961096735687558e-07,0.74985,265.2,0.2413,265.5,0.3
10036,4,11067.06,12637.36,0.386113,8.960585633777082e-07,0.596322,265.6,0.241,265.4,0.3
10037,4,11067.76,12635.79,0.387824,8.96007452008415e-07,0.561658,267.2,0.2396,265.2,0.4
10038,4,11068.45,12634.22,0.371525,8.959563394620313e-07,0.593083,267.3,0.2395,265.2,0.4
10039,4,11069.14,12632.65,0.430783,8.959052257397127e-07,0.612501,266.7,0.24,265.2,0.4
10040,4,11069.84,12631.09,0.410108,8.958541108426143e-07,0.738758,262.2,0.2441,264.9,0.4
10041,4,11070.55,12629.53,0.438809,8.958029947718916e-07,0.827089,271.4,0.2358,265.0,0.4
10042,4,11071.25,12627.97,0.421368,8.957518775287e-07,0.784554,263.2,0.2432,264.8,0.4
10043,4,11071.94,12626.4,0.400582,8.957007591141947e-07,0.747876,264.4,0.2421,264.7,0.4
10044,4,11072.63,12624.83,0.406391,8.956496395295315e-07,0.637443,269.0,0.2379,265.1,0.4
10045,4,11073.33,12623.26,0.432356,8.955985187758657e-07,0.88181,263.2,0.2431,264.9,0.4
10046,4,11074.03,12621.7,0.406473,8.955473968543527e-07,0.843974,263.3,0.2431,264.8,0.4
10047,4,11074.72,12620.13,0.391101,8.954962737661482e-07,0.608165,263.5,0.2429,264.3,0.5
10048,4,11075.41,12618.57,0.442685,8.954451495124076e-07,0.695895,266.0,0.2406,264.3,0.5
10049,4,11076.11,12617.0,0.424992,8.953940240942867e-07,0.73474,265.1,0.2414,264.3,0.5
10050,4,11076.81,12615.44,0.372492,8.953428975129409e-07,0.582983,264.7,0.2418,264.3,0.5
10051,4,11077.51,12613.87,0.373045,8.95291769769526e-07,0.68392,264.1,0.2423,264.4,0.5
10052,4,11078.2,12612.31,0.421793,8.952406408651975e-07,0.692027,264.7,0.2418,264.4,0.5
10053,4,11078.9,12610.75,0.374623,8.951895108011112e-07,0.58337,264.0,0.2424,264.3,0.5
10054,4,11079.59,12609.18,0.412749,8.951383795784228e-07,0.62307,266.3,0.2403,264.1,0.5
10055,4,11080.29,12607.62,0.383775,8.95087247198288e-07,0.739484,263.1,0.2432,264.0,0.5
10056,4,11080.99,12606.06,0.422064,8.950361136618626e-07,0.720709,263.3,0.2431,263.9,0.5
10057,4,11081.69,12604.5,0.383139,8.949849789703023e-07,0.811165,263.5,0.2429,263.7,0.5
10058,4,11082.39,12602.94,0.391946,8.94933843124763e-07,0.691418,263.7,0.2427,263.5,0.5
10059,4,11083.09,12601.38,0.419263,8.948827061264007e-07,0.913133,260.8,0.2454,263.2,0.5
10060,4,11083.78,12599.81,0.45579,8.948315679763708e-07,0.747126,264.8,0.2417,263.4,0.5
10061,4,11084.48,12598.26,0.397792,8.947804286758296e-07,0.60485,271.6,0.2357,263.4,0.5
10062,4,11085.18,12596.7,0.411329,8.947292882259329e-07,0.831244,263.4,0.243,263.4,0.4
10063,4,11085.88,12595.14,0.423605,8.946781466278367e-07,0.915748,265.1,0.2414,263.5,0.4
10064,4,11086.58,12593.58,0.453631,8.946270038826969e-07,0.77634,262.4,0.2439,263.2,0.4
10065,4,11087.28,12592.02,0.378476,8.945758599916695e-07,0.644013,266.8,0.2399,263.3,0.5
10066,4,11087.98,12590.46,0.432302,8.945247149559107e-07,0.810814,262.7,0.2436,263.2,0.5
10067,4,11088.68,12588.9,0.408751,8.944735687765762e-07,0.496131,264.7,0.2417,263.3,0.5
10068,4,11089.38,12587.35,0.451349,8.944224214548225e-07,0.816326,267.1,0.2396,263.2,0.5
10069,4,11090.08,12585.79,0.409466,8.943712729918053e-07,0.621704,263.5,0.2429,263.0,0.6
10070,4,11090.78,12584.23,0.42487,8.943201233886811e-07,0.794524,264.2,0.2422,263.0,0.5
10071,4,11091.48,12582.68,0.425486,8.942689726466056e-07,0.695725,259.7,0.2464,262.8,0.5
10072,4,11092.18,12581.12,0.426701,8.942178207667354e-07,0.689375,259.9,0.2463,262.6,0.6
10073,4,11092.87,12579.55,0.450826,8.941666677502266e-07,0.728366,267.8,0.239,262.8,0.5
10074,4,11093.57,12578.0,0.420722,8.941155135982353e-07,0.70402,265.6,0.241,262.8,0.5
10075,4,11094.27,12576.44,0.433042,8.940643583119179e-07,0.838956,261.4,0.2448,262.7,0.5
10076,4,11094.97,12574.89,0.445937,8.940132018924305e-07,0.673881,264.5,0.242,262.7,0.5
10077,4,11095.67,12573.33,0.419243,8.939620443409296e-07,0.664215,264.0,0.2424,262.7,0.5
10078,4,11096.37,12571.77,0.487956,8.939108856585715e-07,0.647856,261.1,0.2451,262.7,0.5
10079,4,11097.07,12570.21,0.459547,8.938597258465125e-07,0.81333,263.6,0.2428,262.8,0.5
10080,4,11097.76,12568.65,0.443758,8.938085649059091e-07,0.774372,267.3,0.2394,263.0,0.5
10081,4,11098.47,12567.11,0.439887,8.937574028379177e-07,0.600075,264.5,0.242,262.6,0.5
10082,4,11099.16,12565.55,0.395783,8.937062396436943e-07,0.649222,265.0,0.2415,262.7,0.5
10083,4,11099.86,12563.99,0.446324,8.93655075324396e-07,0.871327,266.1,0.2405,262.7,0.5
10084,4,11100.56,12562.44,0.46387,8.936039098811789e-07,0.661295,262.5,0.2438,262.7,0.5
10085,4,11101.26,12560.88,0.423545,8.935527433151996e-07,0.7545,264.9,0.2416,262.7,0.5
10086,4,11101.96,12559.32,0.455568,8.935015756276147e-07,0.621598,263.8,0.2427,262.8,0.5
10087,4,11102.66,12557.77,0.443225,8.934504068195807e-07,0.839194,261.6,0.2447,262.7,0.5
10088,4,11103.35,12556.21,0.428921,8.933992368922541e-07,0.789969,264.2,0.2423,262.7,0.4
10089,4,11104.07,12554.68,0.391497,8.933480658467917e-07,0.750641,242.4,0.264,261.6,0.4
10090,4,11104.75,12553.1,0.380123,8.932968936843501e-07,0.60996,263.9,0.2426,261.5,0.4
10091,4,11105.44,12551.54,0.405303,8.932457204060858e-07,0.633243,267.8,0.239,261.9,0.4
10092,4,11106.15,12549.99,0.42057,8.931945460131557e-07,0.874774,266.9,0.2398,262.2,0.4
10093,4,11106.84,12548.43,0.41052,8.931433705067165e-07,0.986242,269.1,0.2379,262.3,0.4
10094,4,11107.54,12546.88,0.445114,8.930921938879247e-07,0.680636,263.9,0.2425,262.1,0.5
10095,4,11108.24,12545.32,0.405335,8.930410161579372e-07,0.761611,260.1,0.246,262.1,0.5
10096,4,11108.93,12543.76,0.407783,8.929898373179108e-07,0.614109,265.4,0.2412,262.1,0.4
10097,4,11109.63,12542.21,0.428588,8.929386573690025e-07,0.707028,266.1,0.2405,262.3,0.4
10098,4,11110.33,12540.65,0.366957,8.928874763123689e-07,0.635025,263.5,0.2429,262.3,0.5
10099,4,11111.02,12539.1,0.397862,8.928362941491668e-07,0.545205,266.2,0.2404,262.5,0.4
10100,4,11111.72,12537.54,0.421247,8.927851108805534e-07,0.646043,263.6,0.2428,262.3,0.4
10101,4,11112.43,12536.0,0.453719,8.927339265076853e-07,0.781136,267.0,0.2397,262.4,0.4
10102,4,11113.12,12534.44,0.403631,8.926827410317196e-07,0.837651,264.9,0.2416,262.4,0.4
10103,4,11113.81,12532.88,0.430399,8.926315544538134e-07,0.554641,271.0,0.2362,262.7,0.4
10104,4,11114.51,12531.32,0.39366,8.925803667751233e-07,0.619308,265.1,0.2414,262.8,0.4
10105,4,11115.21,12529.77,0.425299,8.925291779968068e-07,1.017229,265.4,0.2412,262.8,0.4
10106,4,11115.9,12528.22,0.411177,8.924779881200205e-07,0.707817,263.8,0.2426,262.7,0.5
10107,4,11116.6,12526.66,0.413299,8.924267971459218e-07,0.736647,264.6,0.2419,262.9,0.5
10108,4,11117.3,12525.11,0.401621,8.923756050756676e-07,0.587011,264.0,0.2424,262.9,0.4
10109,4,11117.99,12523.55,0.463947,8.92324411910415e-07,0.835004,266.2,0.2404,264.2,0.5
10110,4,11118.69,12522.0,0.471581,8.922732176513213e-07,0.967267,266.5,0.2401,264.3,0.5
10111,4,11119.39,12520.44,0.417669,8.922220222995434e-07,0.89166,261.5,0.2447,264.0,0.5
10112,4,11120.08,12518.89,0.455712,8.921708258562388e-07,0.856746,267.7,0.2391,264.1,0.4
10113,4,11120.78,12517.34,0.408932,8.921196283225644e-07,0.730934,264.6,0.2418,264.0,0.4
10114,4,11121.48,12515.78,0.424809,8.920684296996776e-07,0.76676,264.7,0.2418,264.0,0.4
10115,4,11122.17,12514.23,0.426777,8.920172299887359e-07,0.565908,265.5,0.241,264.3,0.4
10116,4,11122.87,12512.68,0.426,8.91966029190896e-07,0.626824,261.7,0.2445,264.2,0.4
10117,4,11123.56,12511.12,0.450901,8.919148273073158e-07,0.778162,265.2,0.2413,264.1,0.4
10118,4,11124.26,12509.57,0.44499,8.918636243391524e-07,0.880725,262.6,0.2437,264.0,0.4
10119,4,11124.96,12508.02,0.444133,8.918124202875631e-07,0.745931,264.1,0.2424,263.9,0.4
10120,4,11125.65,12506.47,0.430968,8.917612151537054e-07,0.586795,267.2,0.2395,264.0,0.4
10121,4,11126.35,12504.92,0.41319,8.917100089387365e-07,0.817143,267.1,0.2396,264.0,0.4
10122,4,11127.05,12503.37,0.44216,8.916588016438141e-07,0.667091,265.9,0.2407,264.1,0.4
10123,4,11127.75,12501.81,0.42701,8.916075932700955e-07,0.816474,264.6,0.2418,263.7,0.4
10124,4,11128.44,12500.26,0.386203,8.915563838187382e-07,0.785943,265.9,0.2407,263.8,0.4
10125,4,11129.14,12498.71,0.435389,8.915051732908998e-07,0.598406,264.4,0.242,263.8,0.4
10126,4,11129.84,12497.16,0.430983,8.914539616877376e-07,0.678944,260.0,0.2462,263.6,0.4
10127,4,11130.53,12495.6,0.418496,8.914027490104095e-07,0.743131,269.8,0.2372,263.8,0.4
10128,4,11131.22,12494.05,0.394624,8.913515352600727e-07,0.645795,264.6,0.2419,263.8,0.4
10129,4,11131.92,12492.5,0.466014,8.913003204378852e-07,0.602629,264.9,0.2416,263.8,0.4
10130,4,11132.62,12490.95,0.423073,8.912491045450044e-07,0.785054,265.1,0.2414,263.7,0.4
10131,4,11133.31,12489.4,0.370295,8.911978875825879e-07,0.693541,266.4,0.2403,264.0,0.4
10132,4,11134.01,12487.84,0.429679,8.911466695517935e-07,0.695095,265.5,0.2411,263.9,0.4
10133,4,11134.7,12486.29,0.417787,8.910954504537787e-07,0.65282,265.7,0.2409,263.8,0.5
10134,4,11135.4,12484.74,0.432237,8.910442302897015e-07,0.774138,266.2,0.2404,264.0,0.4
10135,4,11136.09,12483.19,0.415682,8.909930090607195e-07,0.783626,267.5,0.2393,264.0,0.4
10136,4,11136.79,12481.64,0.417141,8.909417867679906e-07,1.089801,265.5,0.241,264.2,0.5
10137,4,11137.48,12480.09,0.433702,8.908905634126724e-07,0.802406,266.2,0.2404,264.2,0.5
10138,4,11138.17,12478.53,0.444632,8.908393389959228e-07,0.683354,267.9,0.2389,264.6,0.4
10139,4,11138.87,12476.99,0.435795,8.907881135188998e-07,0.628133,262.0,0.2443,264.4,0.4
10140,4,11139.56,12475.43,0.415628,8.90736886982761e-07,0.804194,266.7,0.24,264.4,0.4
10141,4,11140.27,12473.89,0.392627,8.906856593886644e-07,0.784985,266.8,0.2399,264.4,0.4
10142,4,11140.97,12472.34,0.383264,8.906344307377681e-07,0.67374,265.8,0.2408,264.3,0.5
10143,4,11141.66,12470.79,0.378776,8.905832010312298e-07,0.608101,267.9,0.2389,264.5,0.5
10144,4,11142.36,12469.25,0.439535,8.905319702702077e-07,0.873572,264.8,0.2417,264.4,0.5
10145,4,11143.07,12467.72,0.40778,8.904807384558594e-07,0.916973,243.7,0.2626,263.2,0.5
10146,4,11143.75,12466.15,0.446353,8.904295055893433e-07,0.814994,263.7,0.2427,263.4,0.5
10147,4,11144.44,12464.6,0.439412,8.903782716718172e-07,0.755602,266.0,0.2406,263.3,0.5
10148,4,11145.14,12463.05,0.424352,8.903270367044392e-07,0.599679,265.0,0.2415,263.3,0.5
10149,4,11145.83,12461.5,0.386976,8.902758006883676e-07,0.824558,266.2,0.2404,263.3,0.5
10150,4,11146.53,12459.95,0.436239,8.902245636247603e-07,0.683891,264.2,0.2422,263.3,0.5
10151,4,11147.22,12458.4,0.422005,8.901733255147754e-07,0.674013,265.3,0.2412,263.3,0.5
10152,4,11147.92,12456.85,0.401335,8.901220863595711e-07,0.611677,265.7,0.2409,263.3,0.5
10153,4,11148.61,12455.3,0.418128,8.900708461603056e-07,0.790443,266.4,0.2402,263.3,0.5
10154,4,11149.31,12453.76,0.392887,8.900196049181371e-07,0.705377,266.4,0.2403,263.3,0.5
10155,4,11150.0,12452.21,0.437815,8.899683626342239e-07,0.844643,266.2,0.2404,263.3,0.5
10156,4,11150.7,12450.66,0.431774,8.899171193097243e-07,0.776321,268.0,0.2388,263.4,0.5
10157,4,11151.39,12449.11,0.422245,8.898658749457962e-07,0.805951,265.6,0.241,263.4,0.4
10158,4,11152.09,12447.57,0.459625,8.898146295435983e-07,0.755489,265.2,0.2413,263.3,0.4
10159,4,11152.78,12446.02,0.410294,8.897633831042887e-07,1.119721,264.6,0.2419,263.4,0.4
10160,4,11153.47,12444.47,0.420175,8.897121356290258e-07,0.650438,267.1,0.2396,263.5,0.4
10161,4,11154.19,12442.94,0.439808,8.896608871189681e-07,0.757517,265.8,0.2408,263.4,0.4
10162,4,11154.89,12441.4,0.481776,8.896096375752737e-07,0.704341,264.2,0.2422,263.3,0.4
10163,4,11155.58,12439.85,0.415408,8.895583869991014e-07,0.845497,266.4,0.2403,263.2,0.4
10164,4,11156.28,12438.3,0.42066,8.895071353916092e-07,1.022642,267.4,0.2394,263.4,0.4
10165,4,11156.97,12436.76,0.437713,8.894558827539558e-07,0.74556,265.2,0.2413,264.6,0.4
10166,4,11157.67,12435.22,0.38337,8.894046290872997e-07,0.689418,263.8,0.2426,264.6,0.4
10167,4,11158.37,12433.67,0.419353,8.893533743927994e-07,0.663126,262.8,0.2435,264.4,0.4
10168,4,11159.06,12432.13,0.427589,8.893021186716133e-07,0.679692,263.3,0.2431,264.3,0.5
10169,4,11159.75,12430.58,0.386275,8.892508619249001e-07,0.636657,265.8,0.2408,264.3,0.5
10170,4,11160.45,12429.03,0.431756,8.891996041538182e-07,0.761847,266.2,0.2404,264.3,0.5
10171,4,11161.15,12427.49,0.410458,8.891483453595263e-07,0.798203,264.5,0.242,264.3,0.5
10172,4,11161.84,12425.94,0.3825,8.890970855431832e-07,0.648867,266.3,0.2403,264.3,0.5
10173,4,11162.54,12424.4,0.447689,8.890458247059473e-07,0.860434,265.4,0.2411,264.3,0.5
10174,4,11163.23,12422.86,0.403688,8.889945628489775e-07,0.6261,265.9,0.2407,264.3,0.5
10175,4,11163.93,12421.31,0.426157,8.889432999734322e-07,0.599349,267.0,0.2397,264.3,0.5
10176,4,11164.62,12419.76,0.382705,8.888920360804703e-07,0.71426,267.8,0.239,264.2,0.5
10177,4,11165.32,12418.22,0.37928,8.888407711712504e-07,0.545541,265.2,0.2413,264.2,0.5
10178,4,11166.01,12416.68,0.401966,8.887895052469315e-07,0.758477,263.3,0.243,264.2,0.5
10179,4,11166.71,12415.13,0.419972,8.887382383086722e-07,0.693815,264.5,0.242,264.2,0.5
10180,4,11167.4,12413.59,0.452263,8.886869703576313e-07,0.824879,265.3,0.2413,264.1,0.5
10181,4,11168.11,12412.06,0.41614,8.886357013949677e-07,1.091478,265.1,0.2414,264.1,0.4
10182,4,11168.8,12410.51,0.4042,8.885844314218402e-07,0.692318,264.4,0.2421,264.2,0.4
10183,4,11169.5,12408.97,0.429089,8.885331604394078e-07,0.768668,266.2,0.2404,264.1,0.4
10184,4,11170.19,12407.43,0.373529,8.884818884488292e-07,0.851073,265.9,0.2407,264.0,0.4
10185,4,11170.89,12405.89,0.422454,8.884306154512636e-07,0.752429,265.0,0.2415,264.0,0.4
10186,4,11171.59,12404.34,0.416963,8.883793414478697e-07,0.822125,264.5,0.242,264.0,0.4
10187,4,11172.28,12402.8,0.406279,8.883280664398065e-07,0.79189,265.4,0.2412,264.2,0.4
10188,4,11172.98,12401.26,0.379177,8.882767904282329e-07,0.539364,265.8,0.2407,264.4,0.4
10189,4,11173.67,12399.72,0.392791,8.88225513414308e-07,0.650415,265.0,0.2415,264.3,0.4
10190,4,11174.37,12398.17,0.447149,8.88174235399191e-07,0.751637,264.8,0.2417,264.3,0.4
10191,4,11175.06,12396.63,0.396824,8.881229563840408e-07,0.696055,264.6,0.2418,264.3,0.4
10192,4,11175.76,12395.09,0.41642,8.880716763700164e-07,0.797831,263.5,0.2429,264.2,0.4
10193,4,11176.46,12393.55,0.448071,8.880203953582771e-07,0.79239,263.2,0.2432,264.1,0.4
10194,4,11177.15,12392.01,0.416694,8.879691133499818e-07,0.73243,265.8,0.2408,264.1,0.4
10195,4,11177.85,12390.47,0.395531,8.879178303462899e-07,0.676229,265.3,0.2412,264.0,0.4
10196,4,11178.54,12388.93,0.411296,8.878665463483605e-07,0.662089,263.4,0.2429,263.8,0.4
10197,4,11179.23,12387.38,0.392285,8.878152613573527e-07,0.602903,267.6,0.2392,263.9,0.4
10198,4,11179.93,12385.85,0.366014,8.877639753744257e-07,0.60379,260.9,0.2453,263.7,0.4
10199,4,11180.63,12384.3,0.405996,8.877126884007388e-07,0.682724,262.6,0.2438,263.6,0.4
10200,4,11181.32,12382.77,0.434308,8.876614004374512e-07,0.798221,262.0,0.2443,263.5,0.4
10201,4,11197.02,12397.84,0.445239,8.876101114857222e-07,0.672243,274.3,0.2333,263.9,0.4
10202,4,11197.71,12396.28,0.398262,8.875588215467112e-07,0.606533,271.4,0.2359,264.3,0.4
10203,4,11198.39,12394.73,0.384421,8.875075306215773e-07,0.591796,271.4,0.2358,264.6,0.4
10204,4,11199.09,12393.19,0.354576,8.874562387114802e-07,0.694616,267.8,0.239,264.7,0.4
10205,4,11199.78,12391.64,0.436527,8.874049458175789e-07,0.872321,268.1,0.2387,264.9,0.3
10206,4,11200.47,12390.09,0.408793,8.873536519410331e-07,0.623617,267.5,0.2392,265.1,0.3
10207,4,11201.16,12388.55,0.419986,8.873023570830021e-07,0.805901,269.2,0.2378,265.2,0.3
10208,4,11201.85,12387.0,0.433529,8.872510612446452e-07,0.677219,266.2,0.2404,265.3,0.3
10209,4,11202.56,12385.47,0.464066,8.87199764427122e-07,0.704499,252.4,0.2536,264.7,0.3
10210,4,11203.24,12383.91,0.41685,8.87148466631592e-07,0.72325,266.3,0.2403,264.8,0.3
10211,4,11203.94,12382.37,0.38484,8.870971678592147e-07,0.708125,260.9,0.2453,264.6,0.3
10212,4,11204.62,12380.82,0.454869,8.870458681111496e-07,0.711767,267.6,0.2392,264.8,0.3
10213,4,11205.32,12379.28,0.398398,8.869945673885563e-07,0.713852,268.4,0.2384,265.0,0.3
10214,4,11206.01,12377.74,0.425045,8.869432656925941e-07,0.666611,265.6,0.241,265.1,0.3
10215,4,11206.7,12376.19,0.442544,8.86891963024423e-07,0.692889,267.2,0.2395,265.2,0.3
10216,4,11207.4,12374.66,0.408333,8.868406593852022e-07,0.657565,264.8,0.2417,265.3,0.3
10217,4,11208.09,12373.11,0.413205,8.867893547760918e-07,0.667034,262.6,0.2437,265.0,0.3
10218,4,11208.79,12371.57,0.432837,8.86738049198251e-07,0.843216,265.6,0.241,265.2,0.3
10219,4,11209.48,12370.03,0.433943,8.866867426528397e-07,0.815558,265.7,0.2409,265.4,0.3
10220,4,11210.18,12368.49,0.437771,8.866354351410177e-07,0.840263,263.9,0.2425,265.5,0.3
10221,4,11210.9,12366.98,0.358267,8.865841266639444e-07,0.542456,251.4,0.2546,264.3,0.3
10222,4,11211.58,12365.42,0.465778,8.865328172227799e-07,0.666492,264.8,0.2417,264.0,0.3
10223,4,11212.28,12363.88,0.394906,8.864815068186838e-07,0.71772,266.1,0.2406,263.7,0.3
10224,4,11212.97,12362.35,0.416808,8.86430195452816e-07,0.812557,266.5,0.2401,263.7,0.3
10225,4,11213.67,12360.81,0.362425,8.863788831263363e-07,0.611244,267.9,0.2389,263.6,0.3
10226,4,11214.36,12359.27,0.465727,8.863275698404042e-07,0.949997,265.3,0.2412,263.5,0.3
10227,4,11215.06,12357.73,0.373731,8.862762555961799e-07,0.727411,263.4,0.2429,263.2,0.3
10228,4,11215.76,12356.2,0.364555,8.862249403948233e-07,0.653485,258.7,0.2474,262.9,0.3
10229,4,11216.45,12354.65,0.455071,8.861736242374941e-07,0.784254,265.8,0.2408,263.5,0.3
10230,4,11217.14,12353.11,0.428573,8.861223071253522e-07,0.606602,266.8,0.2399,263.4,0.4
10231,4,11217.84,12351.57,0.417517,8.860709890595577e-07,0.56832,264.0,0.2424,263.6,0.4
10232,4,11218.53,12350.03,0.425929,8.860196700412705e-07,0.869435,266.4,0.2403,263.6,0.4
10233,4,11219.22,12348.49,0.385348,8.859683500716506e-07,0.750019,268.1,0.2387,263.5,0.4
10234,4,11219.92,12346.96,0.412009,8.85917029151858e-07,0.58536,266.2,0.2404,263.5,0.4
10235,4,11220.61,12345.42,0.381931,8.858657072830528e-07,0.617815,264.7,0.2418,263.4,0.4
10236,4,11221.31,12343.88,0.385636,8.858143844663947e-07,0.593357,266.2,0.2404,263.5,0.4
10237,4,11222.0,12342.34,0.440472,8.857630607030442e-07,0.638232,265.9,0.2407,263.6,0.4
10238,4,11222.69,12340.8,0.393685,8.857117359941612e-07,0.601629,265.3,0.2412,263.6,0.4
10239,4,11223.39,12339.26,0.431443,8.85660410340906e-07,0.787775,261.6,0.2447,263.4,0.4
10240,4,11224.08,12337.72,0.445637,8.856090837444385e-07,0.649486,265.5,0.2411,263.4,0.4
10241,4,11224.8,12336.21,0.393519,8.855577562059188e-07,0.678834,268.5,0.2384,264.2,0.4
10242,4,11225.49,12334.67,0.397701,8.855064277265073e-07,0.722516,263.9,0.2426,264.1,0.5
10243,4,11226.19,12333.13,0.443881,8.854550983073641e-07,0.598918,266.0,0.2406,264.1,0.5
10244,4,11226.88,12331.59,0.395162,8.854037679496493e-07,0.570044,266.5,0.2402,264.1,0.5
10245,4,11227.57,12330.06,0.384949,8.853524366545234e-07,0.677748,266.2,0.2404,263.9,0.5
10246,4,11228.27,12328.52,0.37403,8.853011044231465e-07,0.520543,266.4,0.2403,264.0,0.5
10247,4,11228.96,12326.99,0.423204,8.85249771256679e-07,0.900759,266.9,0.2398,264.2,0.5
10248,4,11229.66,12325.45,0.33578,8.851984371562809e-07,0.494209,268.4,0.2385,264.6,0.5
10249,4,11230.35,12323.91,0.422452,8.851471021231128e-07,0.54899,266.9,0.2398,264.8,0.5
10250,4,11231.05,12322.38,0.436575,8.850957661583349e-07,0.852253,264.2,0.2422,264.7,0.5
10251,4,11231.75,12320.85,0.45039,8.850444292631077e-07,0.698078,261.6,0.2446,264.5,0.5
10252,4,11232.43,12319.3,0.429968,8.849930914385916e-07,0.605611,268.5,0.2384,264.6,0.5
10253,4,11233.13,12317.77,0.463882,8.849417526859468e-07,0.778771,262.1,0.2442,264.3,0.5
10254,4,11233.82,12316.23,0.457402,8.84890413006334e-07,1.018177,265.5,0.2411,264.2,0.5
10255,4,11234.52,12314.7,0.474672,8.848390724009133e-07,0.767258,266.5,0.2402,264.3,0.5
10256,4,11235.22,12313.17,0.446625,8.847877308708455e-07,0.720018,267.1,0.2396,264.3,0.5
10257,4,11235.91,12311.63,0.440184,8.847363884172909e-07,0.718875,266.7,0.24,264.3,0.5
10258,4,11236.61,12310.1,0.417587,8.846850450414102e-07,0.833745,266.1,0.2406,264.4,0.5
10259,4,11237.3,12308.56,0.407852,8.846337007443638e-07,0.598427,265.6,0.2409,264.6,0.5
10260,4,11237.99,12307.03,0.385299,8.845823555273122e-07,0.905738,266.2,0.2404,264.6,0.5
10261,4,11238.7,12305.51,0.434805,8.84531009391416e-07,0.926551,269.0,0.238,264.7,0.5
10262,4,11239.4,12303.97,0.376225,8.84479662337836e-07,0.631207,268.2,0.2386,264.9,0.5
10263,4,11240.09,12302.44,0.363487,8.844283143677325e-07,0.649113,263.3,0.2431,264.9,0.5
10264,4,11240.79,12300.91,0.410358,8.843769654822665e-07,1.046127,264.6,0.2418,264.7,0.5
10265,4,11241.48,12299.37,0.425626,8.843256156825983e-07,0.812707,266.5,0.2401,264.8,0.4
10266,4,11242.17,12297.84,0.414252,8.842742649698889e-07,0.656014,266.7,0.24,264.8,0.4
10267,4,11242.86,12296.3,0.387791,8.842229133452986e-07,0.687883,266.0,0.2406,264.8,0.4
10268,4,11243.56,12294.76,0.439917,8.841715608099886e-07,0.848993,267.1,0.2396,264.7,0.4
10269,4,11244.25,12293.23,0.390808,8.841202073651193e-07,0.618001,264.8,0.2417,264.6,0.4
10270,4,11244.94,12291.69,0.401385,8.840688530118516e-07,0.795016,266.7,0.24,264.8,0.4
10271,4,11245.64,12290.17,0.474769,8.840174977513464e-07,0.792978,255.0,0.251,264.5,0.4
10272,4,11246.33,12288.63,0.470718,8.839661415847641e-07,0.976675,266.4,0.2402,264.4,0.4
10273,4,11247.03,12287.1,0.448288,8.839147845132659e-07,0.870554,264.6,0.2419,264.5,0.4
10274,4,11247.72,12285.57,0.399079,8.838634265380126e-07,0.705993,265.6,0.2409,264.5,0.4
10275,4,11248.41,12284.04,0.398672,8.838120676601648e-07,0.60873,266.6,0.2401,264.5,0.4
10276,4,11249.11,12282.5,0.415038,8.837607078808838e-07,0.767657,264.9,0.2416,264.4,0.4
10277,4,11249.8,12280.97,0.424114,8.8370934720133e-07,1.057894,267.4,0.2394,264.5,0.4
10278,4,11250.5,12279.44,0.464978,8.836579856226648e-07,1.092392,264.7,0.2417,264.5,0.4
10279,4,11251.19,12277.9,0.448777,8.836066231460489e-07,0.916047,270.4,0.2367,264.8,0.3
10280,4,11251.88,12276.38,0.404822,8.835552597726432e-07,1.082215,264.7,0.2418,264.7,0.3
10281,4,11252.6,12274.86,0.458008,8.835038955036089e-07,0.837016,268.0,0.2388,264.7,0.3
10282,4,11253.29,12273.33,0.424908,8.834525303401067e-07,0.651324,263.1,0.2433,264.4,0.3
10283,4,11253.99,12271.8,0.44879,8.834011642832979e-07,0.660504,261.1,0.2451,264.3,0.3
10284,4,11254.68,12270.27,0.402209,8.833497973343435e-07,0.578878,264.0,0.2424,264.3,0.3
10285,4,11255.37,12268.74,0.39568,8.832984294944045e-07,0.694934,265.0,0.2415,264.2,0.4
10286,4,11256.06,12267.21,0.482053,8.83247060764642e-07,0.907484,266.5,0.2402,264.2,0.3
10287,4,11256.76,12265.68,0.389436,8.831956911462172e-07,0.675283,265.5,0.2411,264.1,0.4
10288,4,11257.46,12264.15,0.381416,8.831443206402912e-07,0.680744,267.4,0.2393,264.1,0.4
10289,4,11258.15,12262.62,0.46812,8.83092949248025e-07,0.925061,268.2,0.2386,264.2,0.4
10290,4,11258.84,12261.09,0.356135,8.830415769705799e-07,0.629526,265.3,0.2412,264.1,0.4
10291,4,11259.54,12259.56,0.386395,8.829902038091172e-07,0.921054,265.1,0.2414,264.7,0.4
10292,4,11260.23,12258.03,0.401804,8.829388297647978e-07,0.649612,263.6,0.2428,264.5,0.4
10293,4,11260.92,12256.49,0.39527,8.828874548387831e-07,0.577187,270.2,0.2369,264.8,0.4
10294,4,11261.63,12254.98,0.424632,8.828360790322344e-07,0.597726,258.3,0.2478,264.5,0.4
10295,4,11262.31,12253.44,0.357728,8.827847023463129e-07,0.663557,267.0,0.2397,264.6,0.3
10296,4,11263.01,12251.91,0.439977,8.827333247821801e-07,0.69038,267.7,0.2391,264.7,0.3
10297,4,11263.7,12250.38,0.412281,8.826819463409968e-07,0.762139,267.1,0.2396,264.6,0.4
10298,4,11264.4,12248.86,0.417532,8.826305670239248e-07,0.662076,265.5,0.2411,264.6,0.4
10299,4,11265.1,12247.33,0.465929,8.825791868321252e-07,0.963675,264.4,0.242,264.3,0.4
10300,4,11265.79,12245.8,0.4608,8.825278057667594e-07,0.741648,268.7,0.2382,264.4,0.4
10301,4,11266.49,12244.29,0.41412,8.82476423828989e-07,0.839692,269.9,0.2371,264.5,0.4
10302,4,11267.19,12242.76,0.431011,8.824250410199751e-07,0.693751,266.0,0.2406,264.7,0.4
10303,4,11267.88,12241.23,0.433659,8.823736573408793e-07,0.849147,267.2,0.2395,265.0,0.4
10304,4,11268.58,12239.7,0.416556,8.823222727928629e-07,0.892169,263.4,0.243,264.9,0.4
10305,4,11269.27,12238.18,0.437265,8.822708873770876e-07,0.753403,266.8,0.2399,265.1,0.4
10306,4,11269.97,12236.65,0.451635,8.822195010947147e-07,0.950384,266.0,0.2406,265.1,0.4
10307,4,11270.66,12235.12,0.413376,8.821681139469056e-07,0.776422,266.7,0.24,265.2,0.4
10308,4,11271.35,12233.59,0.459093,8.821167259348222e-07,0.788761,267.6,0.2391,265.2,0.4
10309,4,11272.05,12232.07,0.39428,8.820653370596258e-07,0.758269,263.8,0.2426,265.0,0.4
10310,4,11272.74,12230.54,0.409907,8.820139473224778e-07,0.663752,267.1,0.2396,265.0,0.4
10311,4,11273.43,12229.01,0.384858,8.819625567245401e-07,0.700679,270.2,0.2369,265.3,0.4
10312,4,11274.13,12227.49,0.458199,8.819111652669741e-07,0.791274,265.9,0.2407,265.4,0.4
10313,4,11274.85,12225.99,0.426203,8.818597729509414e-07,0.803315,241.1,0.2655,263.8,0.4
10314,4,11275.52,12224.43,0.398422,8.818083797776039e-07,0.934311,268.2,0.2386,264.3,0.4
10315,4,11276.21,12222.91,0.430043,8.81756985748123e-07,0.635777,263.1,0.2432,264.1,0.4
10316,4,11276.91,12221.39,0.383677,8.817055908636604e-07,0.680066,266.5,0.2402,264.0,0.4
10317,4,11277.6,12219.86,0.482475,8.81654195125378e-07,0.772486,266.2,0.2404,263.9,0.4
10318,4,11278.3,12218.34,0.425222,8.816027985344373e-07,0.802261,261.3,0.245,263.7,0.4
10319,4,11278.99,12216.81,0.428326,8.815514010920002e-07,0.905119,266.0,0.2406,263.8,0.4
10320,4,11279.68,12215.29,0.394699,8.815000027992285e-07,0.91528,266.3,0.2403,263.8,0.4
10321,4,11280.4,12213.78,0.441162,8.814486036572835e-07,0.856251,269.3,0.2376,263.7,0.4
10322,4,11281.09,12212.26,0.381979,8.813972036673277e-07,0.902483,267.7,0.239,263.8,0.4
10323,4,11281.79,12210.74,0.453171,8.813458028305224e-07,1.028087,262.2,0.2441,263.6,0.4
10324,4,11282.48,12209.21,0.405642,8.812944011480295e-07,0.612242,265.6,0.241,263.7,0.4
10325,4,11283.18,12207.69,0.427566,8.812429986210111e-07,0.807047,263.6,0.2428,263.5,0.4
10326,4,11283.88,12206.17,0.380915,8.811915952506289e-07,0.855843,259.4,0.2467,263.1,0.4
10327,4,11284.57,12204.64,0.491525,8.811401910380448e-07,0.986428,266.6,0.2401,263.1,0.4
10328,4,11285.26,12203.12,0.419705,8.810887859844207e-07,0.773103,263.5,0.2429,263.0,0.4
10329,4,11285.96,12201.6,0.384679,8.810373800909185e-07,0.769359,260.5,0.2457,262.8,0.4
10330,4,11286.65,12200.07,0.408231,8.809859733587002e-07,0.640384,267.6,0.2391,262.9,0.4
10331,4,11287.35,12198.55,0.468597,8.809345657889277e-07,0.774623,265.2,0.2413,262.6,0.4
10332,4,11288.04,12197.03,0.443052,8.808831573827632e-07,0.69086,265.0,0.2415,262.6,0.4
10333,4,11288.73,12195.5,0.350995,8.808317481413683e-07,0.576077,267.8,0.239,264.0,0.4
10334,4,11289.43,12193.98,0.453105,8.807803380659054e-07,0.827617,263.3,0.2431,263.8,0.4
10335,4,11290.12,12192.46,0.376415,8.807289271575364e-07,0.663523,265.9,0.2407,263.9,0.4
10336,4,11290.81,12190.93,0.379435,8.806775154174233e-07,0.507353,266.6,0.24,263.9,0.4
10337,4,11291.51,12189.41,0.400922,8.806261028467283e-07,0.939059,265.4,0.2411,263.9,0.4
10338,4,11292.2,12187.89,0.444849,8.805746894466134e-07,0.862509,265.9,0.2407,264.2,0.4
10339,4,11292.9,12186.37,0.423564,8.805232752182408e-07,0.915416,265.5,0.241,264.1,0.4
10340,4,11293.59,12184.85,0.385403,8.804718601627727e-07,0.651284,267.8,0.239,264.1,0.4
10341,4,11294.3,12183.34,0.41833,8.804204442813709e-07,0.569042,269.9,0.2372,264.2,0.4
10342,4,11295.0,12181.82,0.400355,8.803690275751981e-07,0.651087,261.7,0.2446,263.9,0.4
10343,4,11295.69,12180.3,0.421784,8.80317610045416e-07,0.621047,268.6,0.2383,264.1,0.4
10344,4,11296.38,12178.78,0.418193,8.802661916931871e-07,0.744564,267.3,0.2394,264.2,0.4
10345,4,11297.08,12177.26,0.413291,8.802147725196736e-07,0.977281,269.2,0.2378,264.6,0.4
10346,4,11297.77,12175.73,0.420084,8.801633525260376e-07,0.708996,267.6,0.2392,265.0,0.4
10347,4,11298.47,12174.22,0.424973,8.801119317134416e-07,0.551165,264.4,0.2421,264.9,0.4
10348,4,11299.17,12172.7,0.447235,8.800605100830477e-07,0.69152,260.2,0.2459,264.7,0.4
10349,4,11299.86,12171.17,0.453426,8.800090876360183e-07,0.830738,265.7,0.2409,265.0,0.4
10350,4,11300.55,12169.65,0.425261,8.799576643735156e-07,0.861199,267.2,0.2395,265.0,0.4
10351,4,11301.24,12168.13,0.410517,8.799062402967021e-07,1.015201,267.1,0.2396,265.1,0.4
10352,4,11301.93,12166.61,0.43733,8.798548154067401e-07,1.004194,265.7,0.2409,265.1,0.4
10353,4,11302.63,12165.09,0.389222,8.798033897047917e-07,0.626258,265.2,0.2413,265.0,0.4
10354,4,11303.32,12163.57,0.379651,8.797519631920198e-07,0.641792,268.3,0.2386,265.2,0.4
10355,4,11304.02,12162.05,0.416196,8.797005358695863e-07,0.706913,267.3,0.2394,265.3,0.4
10356,4,11304.71,12160.54,0.398428,8.796491077386542e-07,0.698764,266.1,0.2405,265.2,0.4
10357,4,11305.4,12159.01,0.439908,8.795976788003854e-07,0.732633,268.2,0.2386,265.3,0.4
10358,4,11306.1,12157.5,0.388487,8.795462490559427e-07,0.822558,265.2,0.2413,265.3,0.4
10359,4,11306.79,12155.98,0.394125,8.794948185064885e-07,0.705858,267.9,0.2389,265.4,0.4
10360,4,11307.49,12154.46,0.467845,8.794433871531852e-07,0.757963,265.7,0.2409,265.3,0.4
10361,4,11308.19,12152.95,0.406345,8.793919549971954e-07,0.640374,265.5,0.2411,265.2,0.4
10362,4,11308.88,12151.43,0.451746,8.793405220396818e-07,1.077281,264.5,0.2419,265.3,0.4
10363,4,11309.58,12149.91,0.431699,8.792890882818068e-07,0.72383,266.9,0.2397,265.2,0.4
10364,4,11310.27,12148.39,0.41166,8.792376537247329e-07,0.904866,265.7,0.2409,265.1,0.4
10365,4,11310.97,12146.87,0.451018,8.791862183696229e-07,0.680379,266.4,0.2403,264.9,0.4
10366,4,11311.66,12145.36,0.467162,8.791347822176391e-07,0.791736,265.3,0.2412,264.8,0.4
10367,4,11312.35,12143.84,0.425068,8.790833452699445e-07,0.712017,264.8,0.2417,264.8,0.4
10368,4,11313.05,12142.32,0.440723,8.790319075277016e-07,0.660531,265.8,0.2408,265.1,0.4
10369,4,11313.76,12140.82,0.370054,8.78980468992073e-07,0.593258,251.5,0.2545,264.3,0.4
10370,4,11314.44,12139.29,0.442012,8.789290296642213e-07,0.878191,266.9,0.2398,264.3,0.4
10371,4,11315.13,12137.77,0.452966,8.788775895453095e-07,0.813049,269.7,0.2373,264.4,0.4
10372,4,11315.84,12136.27,0.438974,8.788261486365002e-07,0.763527,250.6,0.2554,263.6,0.4
10373,4,11316.52,12134.74,0.388837,8.78774706938956e-07,0.626113,265.6,0.2409,263.6,0.4
10374,4,11317.21,12133.22,0.359025,8.787232644538399e-07,0.516092,267.1,0.2396,263.6,0.4
10375,4,11317.91,12131.71,0.479473,8.786718211823143e-07,0.751465,267.1,0.2396,263.6,0.4
10376,4,11318.61,12130.19,0.421148,8.786203771255424e-07,0.771746,263.1,0.2433,263.5,0.4
10377,4,11319.3,12128.68,0.423337,8.785689322846867e-07,1.203615,265.6,0.2409,263.4,0.4
10378,4,11319.99,12127.16,0.430589,8.785174866609102e-07,0.68787,266.3,0.2403,263.4,0.4
10379,4,11320.68,12125.64,0.453897,8.784660402553758e-07,0.859461,267.7,0.2391,263.4,0.4
10380,4,11321.38,12124.12,0.420328,8.78414593069246e-07,0.652668,269.6,0.2374,263.6,0.4
10381,4,11322.08,12122.62,0.422881,8.783631451036842e-07,0.653272,269.3,0.2377,263.8,0.4
10382,4,11322.78,12121.11,0.379183,8.783116963598528e-07,0.610635,265.7,0.2409,263.8,0.4
10383,4,11323.47,12119.59,0.384734,8.782602468389151e-07,0.693143,266.6,0.2401,263.8,0.4
10384,4,11324.16,12118.07,0.394607,8.78208796542034e-07,0.657015,266.1,0.2405,263.9,0.4
10385,4,11324.86,12116.56,0.406675,8.781573454703723e-07,0.648212,266.6,0.24,263.9,0.4
10386,4,11325.55,12115.05,0.398199,8.781058936250931e-07,0.551516,264.5,0.242,263.8,0.4
10387,4,11326.24,12113.53,0.441346,8.78054441007359e-07,0.703563,266.1,0.2405,263.9,0.4
10388,4,11326.93,12112.01,0.47335,8.780029876183336e-07,0.894734,267.7,0.2391,264.0,0.4
10389,4,11327.63,12110.5,0.400891,8.779515334591795e-07,0.782942,265.9,0.2407,264.7,0.4
10390,4,11328.33,12108.99,0.402538,8.779000785310598e-07,0.849385,266.3,0.2403,264.7,0.4
10391,4,11329.02,12107.48,0.394202,8.778486228351377e-07,0.812526,264.0,0.2425,264.4,0.4
10392,4,11329.71,12105.96,0.410481,8.777971663725761e-07,0.701458,266.9,0.2398,265.3,0.4
10393,4,11330.41,12104.45,0.363437,8.777457091445382e-07,0.681345,266.6,0.2401,265.4,0.4
10394,4,11331.1,12102.93,0.403262,8.776942511521871e-07,0.668289,265.5,0.2411,265.3,0.4
10395,4,11331.79,12101.42,0.410366,8.776427923966858e-07,0.708429,269.1,0.2379,265.4,0.4
10396,4,11332.49,12099.91,0.394561,8.775913328791978e-07,0.625892,267.1,0.2397,265.6,0.4
10397,4,11333.18,12098.39,0.460348,8.775398726008858e-07,0.667502,265.5,0.241,265.6,0.4
10398,4,11333.9,12096.91,0.442958,8.774884115629134e-07,0.777975,241.3,0.2653,264.3,0.4
10399,4,11334.58,12095.38,0.394588,8.774369497664433e-07,0.635806,264.8,0.2417,264.1,0.4
10400,4,11335.27,12093.86,0.419726,8.773854872126392e-07,0.939086,264.6,0.2418,263.9,0.4
10401,4,11369.77,12128.41,0.387605,8.773340239026641e-07,0.626237,276.0,0.2319,264.2,0.4
10402,4,11370.45,12126.88,0.462173,8.772825598376811e-07,0.821835,270.5,0.2366,264.4,0.4
10403,4,11371.13,12125.34,0.388213,8.772310950188538e-07,0.834102,274.2,0.2334,264.8,0.4
10404,4,11371.81,12123.81,0.413643,8.771796294473452e-07,0.616125,275.7,0.2322,265.2,0.4
10405,4,11372.5,12122.29,0.410238,8.771281631243186e-07,0.570505,271.3,0.2359,265.5,0.4
10406,4,11373.18,12120.76,0.45633,8.770766960509376e-07,0.90777,269.6,0.2374,265.8,0.3
10407,4,11373.87,12119.23,0.399231,8.770252282283652e-07,0.7059,268.1,0.2387,265.9,0.3
10408,4,11374.56,12117.71,0.386282,8.769737596577652e-07,0.773525,262.8,0.2435,265.7,0.3
10409,4,11375.24,12116.18,0.427439,8.769222903403003e-07,0.69759,269.6,0.2374,265.9,0.3
10410,4,11375.93,12114.65,0.396812,8.768708202771344e-07,0.856945,268.3,0.2386,265.9,0.3
10411,4,11376.61,12113.13,0.358245,8.768193494694307e-07,0.568586,269.5,0.2375,266.2,0.3
10412,4,11377.3,12111.6,0.382468,8.767678779183527e-07,0.76499,268.9,0.238,266.3,0.3
10413,4,11377.99,12110.08,0.45324,8.767164056250636e-07,0.795137,269.5,0.2375,266.5,0.3
10414,4,11378.67,12108.55,0.442482,8.766649325907271e-07,0.697035,269.3,0.2377,266.6,0.4
10415,4,11379.36,12107.03,0.434114,8.766134588165066e-07,0.734553,271.3,0.2359,266.7,0.4
10416,4,11380.05,12105.51,0.427655,8.765619843035655e-07,0.669191,265.4,0.2411,266.7,0.3
10417,4,11380.74,12103.98,0.384005,8.765105090530676e-07,0.654002,269.0,0.2379,266.8,0.4
10418,4,11381.43,12102.46,0.414235,8.764590330661759e-07,0.730086,263.8,0.2426,268.1,0.3
10419,4,11382.11,12100.93,0.405599,8.764075563440544e-07,0.83119,269.4,0.2376,268.4,0.3
10420,4,11382.79,12099.41,0.442748,8.763560788878664e-07,0.69679,269.1,0.2378,268.6,0.3
10421,4,11383.49,12097.89,0.440255,8.763046006987756e-07,0.795895,273.1,0.2343,268.5,0.3
10422,4,11384.18,12096.37,0.418426,8.762531217779454e-07,0.818266,268.7,0.2382,268.4,0.3
10423,4,11384.87,12094.85,0.381871,8.762016421265395e-07,0.645318,268.6,0.2383,268.0,0.4
10424,4,11385.56,12093.34,0.442538,8.761501617457216e-07,0.858303,263.9,0.2425,267.5,0.4
10425,4,11386.25,12091.81,0.393984,8.760986806366552e-07,0.624629,267.4,0.2394,267.2,0.4
10426,4,11386.93,12090.29,0.41929,8.76047198800504e-07,0.762349,271.0,0.2362,267.3,0.4
10427,4,11387.62,12088.77,0.389464,8.759957162384318e-07,0.664281,266.6,0.2401,267.2,0.4
10428,4,11388.31,12087.25,0.450876,8.75944232951602e-07,0.8312,267.8,0.2389,267.5,0.4
10429,4,11389.0,12085.73,0.40034,8.758927489411784e-07,0.82481,269.1,0.2379,267.5,0.4
10430,4,11389.69,12084.21,0.398152,8.758412642083249e-07,0.663717,267.0,0.2397,267.4,0.4
10431,4,11390.38,12082.69,0.43752,8.75789778754205e-07,0.832761,267.0,0.2397,267.3,0.4
10432,4,11391.06,12081.17,0.386201,8.757382925799825e-07,0.738864,267.9,0.2389,267.3,0.3
10433,4,11391.76,12079.65,0.465033,8.756868056868214e-07,0.799132,263.5,0.2429,267.0,0.3
10434,4,11392.44,12078.13,0.480737,8.75635318075885e-07,0.984024,270.1,0.2369,267.1,0.3
10435,4,11393.13,12076.61,0.376135,8.755838297483374e-07,0.712683,267.1,0.2396,266.8,0.3
10436,4,11393.83,12075.1,0.449038,8.755323407053425e-07,0.650815,268.3,0.2386,266.9,0.4
10437,4,11394.52,12073.58,0.394621,8.75480850948064e-07,0.60532,268.2,0.2386,266.9,0.4
10438,4,11395.21,12072.07,0.389307,8.754293604776655e-07,0.786116,268.3,0.2386,267.1,0.4
10439,4,11395.9,12070.55,0.401004,8.753778692953113e-07,0.754979,265.7,0.2409,266.9,0.4
10440,4,11396.6,12069.04,0.431085,8.75326377402165e-07,0.591432,262.8,0.2436,266.6,0.4
10441,4,11397.3,12067.53,0.430401,8.752748847993906e-07,0.828325,267.2,0.2395,266.3,0.4
10442,4,11397.99,12066.02,0.436129,8.75223391488152e-07,0.740223,266.8,0.2399,266.2,0.4
10443,4,11398.68,12064.5,0.422829,8.75171897469613e-07,0.685121,264.0,0.2425,266.0,0.4
10444,4,11399.36,12062.98,0.381524,8.751204027449377e-07,0.614998,268.0,0.2388,266.2,0.4
10445,4,11400.06,12061.47,0.430096,8.750689073152899e-07,1.194563,267.1,0.2396,266.2,0.4
10446,4,11400.75,12059.95,0.333558,8.750174111818337e-07,0.515357,267.1,0.2396,266.0,0.4
10447,4,11401.44,12058.44,0.394577,8.749659143457329e-07,0.864779,266.2,0.2405,265.9,0.4
10448,4,11402.13,12056.92,0.400405,8.749144168081519e-07,0.878565,268.2,0.2386,265.9,0.4
10449,4,11402.82,12055.41,0.401847,8.748629185702544e-07,0.745275,268.2,0.2387,265.9,0.4
10450,4,11403.51,12053.89,0.399853,8.748114196332045e-07,0.874275,272.8,0.2346,266.1,0.4
10451,4,11404.21,12052.38,0.435508,8.747599199981661e-07,0.933366,265.6,0.2409,266.1,0.4
10452,4,11404.89,12050.87,0.429389,8.747084196663037e-07,0.701307,267.7,0.239,266.0,0.4
10453,4,11405.59,12049.35,0.400356,8.746569186387809e-07,0.696169,266.3,0.2404,266.1,0.4
10454,4,11406.28,12047.84,0.414665,8.74605416916762e-07,1.10864,268.7,0.2381,266.0,0.4
10455,4,11406.99,12046.35,0.396645,8.745539145014112e-07,0.578697,247.8,0.2583,265.0,0.4
10456,4,11407.66,12044.82,0.448186,8.745024113938924e-07,0.671563,265.9,0.2407,265.0,0.4
10457,4,11408.36,12043.3,0.4516,8.744509075953699e-07,0.857823,265.0,0.2415,264.8,0.4
10458,4,11409.05,12041.79,0.377553,8.743994031070078e-07,0.764111,265.5,0.241,264.7,0.4
10459,4,11409.74,12040.28,0.465903,8.743478979299704e-07,0.71991,267.2,0.2395,264.7,0.4
10460,4,11410.43,12038.77,0.428697,8.742963920654218e-07,0.806797,269.8,0.2372,265.0,0.4
10461,4,11411.14,12037.28,0.420038,8.742448855145263e-07,0.775057,266.8,0.2399,265.0,0.4
10462,4,11411.83,12035.76,0.381039,8.741933782784478e-07,0.710582,269.3,0.2377,265.1,0.4
10463,4,11412.53,12034.26,0.421459,8.741418703583509e-07,0.679705,263.8,0.2426,265.1,0.4
10464,4,11413.24,12032.76,0.386738,8.740903617553998e-07,0.849408,245.8,0.2604,264.0,0.4
10465,4,11413.91,12031.23,0.432489,8.740388524707586e-07,0.913557,267.2,0.2396,264.0,0.4
10466,4,11414.6,12029.72,0.441931,8.739873425055918e-07,0.981138,265.6,0.241,263.9,0.4
10467,4,11415.32,12028.24,0.41938,8.739358318610636e-07,0.561548,243.7,0.2626,262.7,0.4
10468,4,11416.0,12026.71,0.411053,8.738843205383381e-07,0.723425,266.2,0.2404,262.5,0.4
10469,4,11416.69,12025.2,0.41705,8.7383280853858e-07,0.761139,265.8,0.2408,262.5,0.4
10470,4,11417.38,12023.69,0.411694,8.737812958629534e-07,0.65426,268.0,0.2388,262.3,0.4
10471,4,11418.07,12022.18,0.442607,8.737297825126228e-07,0.761462,267.5,0.2393,262.3,0.4
10472,4,11418.77,12020.67,0.461365,8.736782684887523e-07,0.649999,267.3,0.2395,262.4,0.4
10473,4,11419.46,12019.17,0.448659,8.736267537925067e-07,0.95504,266.1,0.2405,262.3,0.4
10474,4,11420.15,12017.66,0.392835,8.735752384250501e-07,0.779034,266.0,0.2406,262.2,0.4
10475,4,11420.85,12016.15,0.398612,8.735237223875471e-07,0.650245,267.7,0.2391,263.2,0.4
10476,4,11421.54,12014.64,0.434605,8.734722056811619e-07,0.672105,264.4,0.2421,263.2,0.4
10477,4,11422.24,12013.14,0.411461,8.734206883070592e-07,0.754662,264.4,0.242,263.1,0.4
10478,4,11422.96,12011.66,0.470388,8.733691702664035e-07,0.773603,240.1,0.2665,261.7,0.4
10479,4,11423.62,12010.12,0.398322,8.73317651560359e-07,0.731741,269.4,0.2376,261.8,0.4
10480,4,11424.32,12008.62,0.422974,8.732661321900904e-07,0.733315,264.2,0.2422,261.6,0.4
10481,4,11425.02,12007.11,0.390734,8.732146121567623e-07,0.660881,266.5,0.2402,261.6,0.4
10482,4,11425.71,12005.61,0.413962,8.73163091461539e-07,0.801172,267.8,0.239,261.5,0.4
10483,4,11426.4,12004.1,0.393732,8.731115701055852e-07,0.688028,265.0,0.2415,261.6,0.4
10484,4,11427.1,12002.6,0.383701,8.730600480900653e-07,0.906596,261.9,0.2443,262.4,0.4
10485,4,11427.79,12001.09,0.438351,8.73008525416144e-07,0.763355,266.9,0.2398,262.4,0.4
10486,4,11428.49,11999.58,0.409678,8.729570020849859e-07,0.654863,264.3,0.2422,262.3,0.4
10487,4,11429.18,11998.08,0.490922,8.729054780977556e-07,1.126509,262.7,0.2436,263.4,0.4
10488,4,11429.87,11996.57,0.397931,8.728539534556176e-07,0.652918,266.7,0.24,263.5,0.4
10489,4,11430.57,11995.07,0.409991,8.728024281597367e-07,0.623567,266.5,0.2401,263.5,0.4
10490,4,11431.26,11993.56,0.394622,8.727509022112774e-07,0.604225,269.2,0.2378,263.5,0.4
10491,4,11431.96,11992.06,0.362338,8.726993756114044e-07,0.696078,264.5,0.2419,263.3,0.4
10492,4,11432.65,11990.55,0.433343,8.726478483612823e-07,0.857918,265.4,0.2412,263.2,0.4
10493,4,11433.34,11989.05,0.406781,8.72596320462076e-07,0.766147,264.3,0.2421,263.1,0.4
10494,4,11434.03,11987.54,0.437782,8.7254479191495e-07,0.72982,266.7,0.2399,263.2,0.4
10495,4,11434.73,11986.03,0.412363,8.72493262721069e-07,0.603479,267.1,0.2396,263.2,0.4
10496,4,11435.42,11984.53,0.399321,8.724417328815981e-07,0.59274,266.2,0.2404,263.3,0.4
10497,4,11436.11,11983.02,0.408497,8.723902023977016e-07,0.82118,267.4,0.2393,263.5,0.4
10498,4,11436.8,11981.52,0.403429,8.723386712705445e-07,0.600413,264.1,0.2424,264.9,0.4
10499,4,11437.5,11980.01,0.429824,8.722871395012916e-07,0.828955,266.1,0.2406,264.7,0.4
10500,4,11438.19,11978.51,0.393105,8.722356070911076e-07,0.763518,265.6,0.2409,264.8,0.4
10501,4,11564.49,12108.52,0.389088,8.721840740411573e-07,0.591749,241.5,0.265,263.3,0.4
10502,4,11565.16,12106.96,0.400228,8.721325403526054e-07,0.57629,266.8,0.2399,263.3,0.4
10503,4,11565.85,12105.44,0.40689,8.720810060266171e-07,0.719455,265.5,0.2411,263.3,0.4
10504,4,11566.54,12103.9,0.412943,8.720294710643569e-07,0.676151,267.0,0.2397,263.6,0.4
10505,4,11567.23,12102.38,0.379529,8.719779354669898e-07,0.639166,267.3,0.2395,263.6,0.4
10506,4,11567.93,12100.85,0.409942,8.719263992356808e-07,0.599619,264.4,0.242,263.7,0.4
10507,4,11568.62,12099.32,0.412149,8.718748623715946e-07,0.615773,265.2,0.2413,263.8,0.4
10508,4,11569.32,12097.8,0.391929,8.718233248758962e-07,0.706557,257.4,0.2487,263.3,0.4
10509,4,11570.01,12096.27,0.407433,8.717717867497504e-07,0.715008,266.5,0.2401,263.3,0.4
10510,4,11570.7,12094.74,0.408821,8.717202479943223e-07,0.827673,268.1,0.2387,263.3,0.4
10511,4,11571.4,12093.22,0.39332,8.716687086107768e-07,0.591886,266.2,0.2405,263.5,0.3
10512,4,11572.09,12091.69,0.416726,8.716171686002788e-07,0.52955,264.7,0.2418,263.5,0.3
10513,4,11572.79,12090.17,0.461513,8.715656279639934e-07,0.787827,263.7,0.2427,263.5,0.3
10514,4,11573.49,12088.65,0.386588,8.715140867030853e-07,0.720345,263.2,0.2432,263.3,0.3
10515,4,11574.18,12087.12,0.395642,8.714625448187199e-07,0.581309,266.7,0.2399,263.3,0.3
10516,4,11574.87,12085.6,0.432394,8.714110023120621e-07,0.647841,262.0,0.2443,263.1,0.3
10517,4,11575.57,12084.07,0.399903,8.713594591842767e-07,0.717457,263.8,0.2426,262.9,0.3
10518,4,11576.27,12082.55,0.483094,8.713079154365291e-07,0.711032,264.3,0.2421,262.9,0.3
10519,4,11576.96,12081.03,0.437536,8.71256371069984e-07,0.673265,263.6,0.2428,262.8,0.3
10520,4,11577.66,12079.5,0.394909,8.712048260858069e-07,0.840598,265.2,0.2413,262.8,0.3
10521,4,11578.37,12078.0,0.422188,8.711532804851626e-07,0.96851,268.2,0.2387,264.3,0.2
10522,4,11579.07,12076.48,0.39873,8.711017342692162e-07,0.52097,264.0,0.2424,264.2,0.2
10523,4,11579.77,12074.96,0.453751,8.710501874391331e-07,0.840167,263.8,0.2426,264.2,0.2
10524,4,11580.47,12073.44,0.431113,8.70998639996078e-07,0.780132,260.3,0.2459,263.8,0.2
10525,4,11581.16,12071.92,0.424398,8.709470919412163e-07,0.753277,263.8,0.2426,263.5,0.3
10526,4,11581.86,12070.4,0.435933,8.708955432757131e-07,0.703491,264.3,0.2422,263.5,0.3
10527,4,11582.56,12068.88,0.378582,8.708439940007337e-07,0.674354,264.1,0.2423,263.5,0.2
10528,4,11583.29,12067.39,0.428636,8.70792444117443e-07,0.723164,235.3,0.272,262.3,0.2
10529,4,11583.95,12065.84,0.470701,8.707408936270065e-07,0.715627,265.6,0.241,262.3,0.2
10530,4,11584.65,12064.31,0.40822,8.706893425305893e-07,0.632904,268.8,0.2381,262.3,0.2
10531,4,11585.35,12062.8,0.383466,8.706377908293567e-07,0.717162,266.1,0.2405,262.2,0.3
10532,4,11586.04,12061.27,0.452179,8.705862385244737e-07,1.181393,265.6,0.241,262.2,0.3
10533,4,11586.73,12059.75,0.374946,8.70534685617106e-07,0.866062,264.8,0.2417,262.2,0.3
10534,4,11587.44,12058.25,0.387414,8.704831321084184e-07,0.652377,249.3,0.2568,261.5,0.3
10535,4,11588.13,12056.71,0.464323,8.704315779995765e-07,0.66657,262.9,0.2434,261.2,0.3
10536,4,11588.82,12055.19,0.41244,8.703800232917454e-07,0.877573,266.9,0.2398,261.4,0.3
10537,4,11589.52,12053.67,0.398297,8.703284679860905e-07,0.547645,263.0,0.2434,261.3,0.4
10538,4,11590.23,12052.16,0.430608,8.702769120837773e-07,0.630287,264.5,0.2419,261.2,0.4
10539,4,11590.92,12050.64,0.429119,8.702253555859707e-07,0.82616,264.0,0.2424,261.1,0.5
10540,4,11591.62,12049.12,0.439857,8.701737984938365e-07,0.649656,263.7,0.2427,261.0,0.5
10541,4,11592.33,12047.62,0.454284,8.701222408085398e-07,0.809649,268.6,0.2383,261.0,0.5
10542,4,11593.03,12046.1,0.369956,8.70070682531246e-07,0.620162,265.5,0.241,261.0,0.5
10543,4,11593.72,12044.58,0.396015,8.700191236631207e-07,0.616384,263.7,0.2427,261.0,0.5
10544,4,11594.42,12043.06,0.438811,8.699675642053289e-07,0.765167,264.4,0.2421,261.2,0.5
10545,4,11595.12,12041.55,0.394006,8.699160041590364e-07,0.898756,256.6,0.2494,260.9,0.5
10546,4,11595.81,12040.03,0.383766,8.698644435254084e-07,0.690789,266.7,0.24,260.9,0.5
10547,4,11596.51,12038.51,0.396196,8.698128823056106e-07,0.697722,264.7,0.2418,260.9,0.5
10548,4,11597.21,12037.0,0.377251,8.697613205008082e-07,0.811718,266.7,0.24,262.6,0.6
10549,4,11597.92,12035.49,0.388682,8.697097581121669e-07,0.699243,254.2,0.2517,262.0,0.6
