step,epoch,elapsed_sec,eta_sec,train_loss,lr,grad_norm,imgs_per_s,sec_per_step
1,1,103.37,2777370.65,0.772657,1.0368440640119094e-06,8.249797,0.6,99.3265
2,1,103.47,1389960.99,0.705505,1.0736881280238187e-06,3.623335,725.3,0.0882
3,1,103.66,928339.13,0.756743,1.1105321920357277e-06,7.736653,748.2,0.0855
4,1,103.86,697551.6,0.820475,1.147376256047637e-06,10.700004,742.7,0.0862
5,1,104.05,559074.19,0.755949,1.1842203200595463e-06,5.123101,756.1,0.0846
6,1,104.25,466767.38,0.761058,1.2210643840714553e-06,7.709864,743.5,0.0861
7,1,104.45,400818.23,0.734992,1.2579084480833646e-06,5.290572,756.3,0.0846
8,1,104.65,351376.6,0.732053,1.2947525120952738e-06,4.506027,725.9,0.0882
9,1,104.84,312901.89,0.719692,1.331596576107183e-06,5.609079,750.6,0.0853
10,1,105.04,282136.85,0.726448,1.3684406401190921e-06,5.4989,721.5,0.0887
11,1,105.23,256946.1,0.686949,1.4052847041310014e-06,2.837774,765.1,0.0836
12,1,105.43,235967.92,0.696763,1.4421287681429106e-06,3.579853,751.1,0.0852
13,1,105.62,218212.85,0.719017,1.4789728321548197e-06,4.682892,755.8,0.0847
14,1,105.82,202996.07,0.692176,1.5158168961667287e-06,4.926974,757.5,0.0845
15,1,106.02,189808.12,0.70243,1.552660960178638e-06,4.271194,773.0,0.0828
16,1,106.22,178270.88,0.709553,1.589505024190547e-06,3.583069,756.3,0.0846
17,1,106.41,168085.37,0.698034,1.6263490882024563e-06,3.558042,777.0,0.0824
18,1,106.61,159035.3,0.704551,1.6631931522143654e-06,2.691195,778.3,0.0822
19,1,106.81,150941.78,0.70595,1.7000372162262744e-06,3.221242,741.5,0.0863
20,1,107.0,143654.14,0.704656,1.7368812802381837e-06,2.597123,731.9,0.0874
21,1,107.2,137061.4,0.709109,1.7737253442500927e-06,2.763335,770.8,0.083
22,1,107.4,131066.04,0.743546,1.8105694082620018e-06,6.754933,767.2,0.0834
23,1,107.6,125592.35,0.691938,1.8474134722739108e-06,2.110034,764.4,0.0837
24,1,107.79,120576.32,0.665517,1.8842575362858199e-06,3.147242,745.7,0.0858
25,1,107.99,115955.83,0.684235,1.921101600297729e-06,2.561302,770.7,0.083
26,1,108.18,111695.64,0.685909,1.957945664309638e-06,2.631078,758.7,0.0844
27,1,108.38,107749.0,0.745388,1.994789728321547e-06,6.488944,763.5,0.0838
28,1,108.58,104085.49,0.670323,2.0316337923334565e-06,2.694072,763.2,0.0839
29,1,108.77,100675.01,0.705615,2.0684778563453657e-06,2.314232,756.9,0.0846
30,1,108.97,97492.05,0.697303,2.105321920357275e-06,2.608601,756.1,0.0846
31,1,109.16,94510.38,0.692102,2.1421659843691842e-06,2.761012,786.0,0.0814
32,1,109.36,91716.12,0.655232,2.1790100483810935e-06,3.895482,794.6,0.0805
33,1,109.55,89092.74,0.675849,2.2158541123930023e-06,2.179893,787.7,0.0812
34,1,109.75,86625.23,0.691164,2.252698176404911e-06,2.71416,758.0,0.0844
35,1,109.95,84303.27,0.682448,2.2895422404168204e-06,2.512155,697.0,0.0918
36,1,110.14,82097.73,0.697518,2.3263863044287297e-06,3.371504,766.3,0.0835
37,1,110.34,80017.42,0.663781,2.363230368440639e-06,2.803441,771.0,0.083
38,1,110.53,78046.15,0.715517,2.400074432452548e-06,6.199572,780.8,0.082
39,1,110.72,76175.92,0.726244,2.436918496464457e-06,2.39347,777.4,0.0823
40,1,110.92,74400.52,0.706431,2.4737625604763663e-06,3.149437,767.9,0.0833
41,1,111.12,72713.46,0.675721,2.5106066244882756e-06,2.613336,776.0,0.0825
42,1,111.32,71106.71,0.687244,2.547450688500185e-06,3.364618,749.7,0.0854
43,1,111.51,69572.3,0.667294,2.584294752512094e-06,2.572053,762.6,0.0839
44,1,111.71,68107.82,0.671767,2.6211388165240034e-06,1.904557,763.5,0.0838
45,1,111.91,66709.13,0.69889,2.6579828805359126e-06,3.492126,762.6,0.0839
46,1,112.11,65372.64,0.678993,2.694826944547822e-06,2.222424,740.8,0.0864
47,1,112.3,64090.8,0.673844,2.731671008559731e-06,2.258779,753.1,0.085
48,1,112.5,62864.07,0.672716,2.7685150725716404e-06,3.638096,753.7,0.0849
49,1,112.7,61688.02,0.690843,2.8053591365835492e-06,3.364021,742.6,0.0862
50,1,112.9,60557.5,0.680179,2.8422032005954585e-06,3.277894,742.1,0.0862
51,1,113.09,59471.08,0.695737,2.8790472646073677e-06,3.642715,749.8,0.0854
52,1,113.29,58427.41,0.671706,2.915891328619277e-06,2.817255,744.7,0.0859
53,1,113.49,57424.25,0.685056,2.9527353926311863e-06,3.004182,722.1,0.0886
54,1,113.69,56457.1,0.676887,2.9895794566430955e-06,3.303567,722.5,0.0886
55,1,113.89,55524.34,0.686375,3.0264235206550044e-06,2.547564,759.0,0.0843
56,1,114.08,54623.41,0.67257,3.0632675846669136e-06,2.607142,788.6,0.0812
57,1,114.28,53757.71,0.662288,3.1001116486788225e-06,2.394169,746.2,0.0858
58,1,114.48,52921.08,0.688344,3.1369557126907313e-06,4.577632,723.1,0.0885
59,1,114.68,52112.37,0.690983,3.1737997767026406e-06,2.884922,721.5,0.0887
60,1,114.87,51328.48,0.653091,3.21064384071455e-06,2.358323,761.0,0.0841
61,1,115.08,50575.52,0.655808,3.2474879047264586e-06,3.277123,720.9,0.0888
62,1,115.28,49843.59,0.657224,3.284331968738368e-06,2.757648,720.5,0.0888
63,1,115.47,49133.98,0.689405,3.321176032750277e-06,4.172425,731.2,0.0875
64,1,115.67,48447.62,0.638186,3.3580200967621864e-06,3.637227,733.4,0.0873
65,1,115.86,47780.82,0.654608,3.3948641607740957e-06,4.30221,760.3,0.0842
66,1,116.06,47134.8,0.714574,3.431708224786005e-06,4.533207,762.9,0.0839
67,1,116.26,46508.54,0.673928,3.468552288797914e-06,4.241383,760.2,0.0842
68,1,116.46,45902.73,0.618827,3.5053963528098235e-06,3.832394,712.7,0.0898
69,1,116.66,45313.56,0.667592,3.5422404168217327e-06,4.474873,697.6,0.0917
70,1,116.85,44737.89,0.675376,3.579084480833642e-06,3.569035,757.8,0.0845
71,1,117.05,44180.76,0.654719,3.6159285448455512e-06,3.53753,754.0,0.0849
72,1,117.25,43639.34,0.605881,3.6527726088574605e-06,4.306318,744.8,0.0859
73,1,117.45,43114.13,0.673501,3.6896166728693693e-06,2.541482,714.0,0.0896
74,1,117.65,42601.55,0.676957,3.7264607368812786e-06,3.224452,719.5,0.0889
75,1,117.85,42103.2,0.6795,3.7633048008931883e-06,2.918177,714.4,0.0896
76,1,118.04,41616.88,0.686429,3.800148864905097e-06,3.213622,737.1,0.0868
77,1,118.24,41143.84,0.671924,3.836992928917006e-06,3.428463,727.1,0.088
78,1,118.44,40682.17,0.684301,3.873836992928915e-06,3.837579,741.5,0.0863
79,1,118.64,40234.45,0.668195,3.9106810569408245e-06,2.488712,704.9,0.0908
80,1,118.84,39797.17,0.654325,3.947525120952734e-06,3.333436,699.1,0.0915
81,1,119.04,39369.44,0.644848,3.984369184964643e-06,3.787321,759.2,0.0843
82,1,119.23,38951.57,0.640109,4.021213248976552e-06,3.324887,772.9,0.0828
83,1,119.43,38545.1,0.674355,4.0580573129884615e-06,2.601434,743.7,0.0861
84,1,119.63,38148.82,0.643312,4.094901377000371e-06,3.764113,722.1,0.0886
85,1,119.83,37761.99,0.69051,4.13174544101228e-06,4.07624,704.4,0.0909
86,1,120.02,37380.62,0.623555,4.168589505024189e-06,3.63748,759.6,0.0843
87,1,120.23,37012.01,0.643319,4.2054335690360985e-06,5.251094,705.5,0.0907
88,1,120.42,36648.0,0.663007,4.242277633048008e-06,4.08568,757.5,0.0845
89,1,120.62,36295.89,0.677571,4.279121697059917e-06,5.107275,726.7,0.0881
90,1,120.82,35950.0,0.649995,4.3159657610718255e-06,2.793406,741.7,0.0863
91,1,121.02,35611.92,0.664994,4.352809825083735e-06,3.557492,753.2,0.085
92,1,121.21,35280.96,0.616018,4.389653889095644e-06,3.878139,753.0,0.085
93,1,121.41,34957.12,0.650615,4.426497953107553e-06,3.597462,751.1,0.0852
94,1,121.61,34641.67,0.646999,4.463342017119462e-06,5.522217,710.8,0.09
95,1,121.81,34331.17,0.674641,4.50018608113137e-06,7.007728,729.5,0.0877
96,1,122.0,34026.17,0.582686,4.537030145143279e-06,3.918187,762.0,0.084
97,1,122.2,33728.27,0.671753,4.573874209155189e-06,3.993568,769.1,0.0832
98,1,122.4,33437.33,0.631529,4.610718273167098e-06,4.77276,751.3,0.0852
99,1,122.6,33153.39,0.668473,4.647562337179007e-06,4.494011,715.3,0.0895
100,1,122.8,32872.66,0.682083,4.684406401190916e-06,5.50987,748.2,0.0855
101,1,123.0,32599.93,0.660441,4.721250465202826e-06,5.228277,758.0,0.0844
102,1,123.2,32331.36,0.621678,4.758094529214735e-06,5.715035,746.7,0.0857
103,1,123.4,32067.44,0.691834,4.794938593226644e-06,4.014369,749.8,0.0854
104,1,123.6,31809.79,0.60017,4.831782657238553e-06,3.930492,714.3,0.0896
105,1,124.9,31838.77,0.637877,4.868626721250462e-06,3.971976,53.5,1.1967
106,1,124.99,31559.78,0.671641,4.90547078526237e-06,4.136522,750.2,0.0853
107,1,125.19,31313.33,0.6053,4.9423148492742795e-06,3.729657,741.1,0.0864
108,1,125.39,31070.95,0.691094,4.979158913286189e-06,5.666298,745.1,0.0859
109,1,125.59,30833.68,0.655306,5.016002977298098e-06,4.483739,729.8,0.0877
110,1,125.78,30599.78,0.602026,5.0528470413100064e-06,3.649409,750.2,0.0853
111,1,125.98,30370.55,0.607789,5.089691105321916e-06,2.935115,755.8,0.0847
112,1,126.18,30145.61,0.608468,5.126535169333825e-06,3.846446,748.0,0.0856
113,1,126.38,29924.59,0.700667,5.163379233345734e-06,10.368925,743.3,0.0861
114,1,126.6,29713.82,0.610066,5.200223297357643e-06,2.98239,567.5,0.1128
115,1,126.8,29500.07,0.682331,5.237067361369552e-06,4.404774,747.9,0.0856
116,1,127.0,29290.39,0.630262,5.273911425381461e-06,5.594317,741.7,0.0863
117,1,127.19,29083.86,0.661243,5.31075548939337e-06,4.10459,746.3,0.0858
118,1,127.39,28880.56,0.60376,5.34759955340528e-06,6.177525,757.5,0.0845
119,1,127.59,28682.09,0.673325,5.384443617417189e-06,5.925721,723.7,0.0884
120,1,127.79,28485.95,0.63884,5.421287681429098e-06,4.878458,758.2,0.0844
121,1,127.99,28294.95,0.648451,5.4581317454410074e-06,4.683265,742.5,0.0862
122,1,128.19,28104.82,0.589934,5.494975809452916e-06,3.478407,756.2,0.0846
123,1,128.39,27918.13,0.651035,5.531819873464825e-06,3.671144,749.2,0.0854
124,1,128.58,27734.94,0.637009,5.568663937476735e-06,4.490168,738.0,0.0867
125,1,128.78,27554.58,0.709126,5.605508001488644e-06,5.303378,736.3,0.0869
126,1,128.98,27376.75,0.624684,5.642352065500553e-06,5.873797,745.2,0.0859
127,1,129.18,27201.39,0.660906,5.679196129512461e-06,5.085464,755.0,0.0848
128,1,129.38,27029.72,0.558957,5.7160401935243706e-06,4.047654,728.8,0.0878
129,1,129.58,26861.16,0.609071,5.752884257536281e-06,3.720893,696.8,0.0918
130,1,129.78,26693.92,0.635539,5.78972832154819e-06,3.694711,731.3,0.0875
131,1,129.97,26529.43,0.662639,5.826572385560098e-06,7.15265,746.1,0.0858
132,1,130.17,26367.94,0.614931,5.863416449572008e-06,7.7897,735.0,0.0871
133,1,130.37,26208.58,0.618865,5.900260513583918e-06,3.709402,734.8,0.0871
134,1,130.57,26052.04,0.652797,5.937104577595827e-06,5.647133,723.3,0.0885
135,1,130.77,25896.97,0.601036,5.973948641607737e-06,6.057622,746.9,0.0857
136,1,130.96,25744.24,0.647968,6.010792705619647e-06,4.769112,756.6,0.0846
137,1,131.16,25594.15,0.613422,6.0476367696315564e-06,5.823879,749.4,0.0854
138,1,131.36,25446.13,0.588308,6.084480833643465e-06,5.455566,749.4,0.0854
139,1,131.56,25300.85,0.627913,6.121324897655374e-06,6.662853,724.3,0.0884
140,1,131.76,25156.8,0.569189,6.1581689616672825e-06,6.606419,739.9,0.0865
141,1,131.96,25015.33,0.656331,6.195013025679192e-06,5.803273,755.6,0.0847
142,1,132.16,24875.24,0.519991,6.231857089691101e-06,4.486348,749.8,0.0854
143,1,132.35,24737.07,0.616967,6.268701153703011e-06,4.097559,751.8,0.0851
144,1,132.56,24602.13,0.600414,6.3055452177149196e-06,6.59022,706.1,0.0906
145,1,132.75,24467.6,0.61947,6.342389281726828e-06,7.128259,732.9,0.0873
146,1,132.95,24335.21,0.590255,6.379233345738737e-06,7.736711,738.1,0.0867
147,1,133.15,24204.41,0.622126,6.4160774097506465e-06,6.035093,756.0,0.0847
148,1,133.34,24075.83,0.614035,6.452921473762555e-06,6.601837,738.6,0.0867
149,1,133.55,23949.45,0.595083,6.489765537774464e-06,6.430161,713.8,0.0897
150,1,133.75,23825.05,0.559304,6.526609601786374e-06,4.612502,689.5,0.0928
151,1,133.94,23700.36,0.651548,6.5634536657982835e-06,7.590113,740.7,0.0864
152,1,134.14,23578.32,0.574228,6.600297729810192e-06,4.688134,742.4,0.0862
153,1,134.33,23457.4,0.608197,6.637141793822101e-06,6.156414,760.6,0.0841
154,1,134.54,23339.28,0.623453,6.67398585783401e-06,5.783847,714.2,0.0896
155,1,134.73,23221.55,0.621884,6.71082992184592e-06,6.747969,754.1,0.0849
156,1,134.93,23106.01,0.559833,6.747673985857829e-06,5.897329,742.0,0.0863
157,1,135.13,22991.27,0.692421,6.784518049869739e-06,5.688947,759.9,0.0842
158,1,135.33,22878.9,0.586317,6.821362113881648e-06,6.8064,728.4,0.0879
159,1,135.53,22767.97,0.632812,6.858206177893558e-06,4.861339,710.4,0.0901
160,1,135.72,22657.44,0.561582,6.895050241905467e-06,5.380512,749.9,0.0853
161,1,135.92,22549.08,0.551749,6.931894305917375e-06,4.114622,758.9,0.0843
162,1,136.12,22441.52,0.688147,6.9687383699292845e-06,9.079896,764.0,0.0838
163,1,136.32,22335.31,0.529244,7.005582433941194e-06,8.773166,764.8,0.0837
164,1,136.52,22231.66,0.607602,7.042426497953103e-06,8.747192,702.2,0.0911
165,1,136.72,22127.98,0.631427,7.0792705619650115e-06,6.635695,733.7,0.0872
166,1,136.91,22025.11,0.514925,7.116114625976921e-06,5.288249,757.7,0.0845
167,1,137.11,21924.4,0.646172,7.152958689988831e-06,10.889148,749.3,0.0854
168,1,137.31,21824.55,0.598584,7.18980275400074e-06,6.443922,753.0,0.085
169,1,137.52,21726.56,0.648764,7.2266468180126485e-06,5.703198,718.1,0.0891
170,1,137.71,21629.02,0.568314,7.263490882024558e-06,4.912076,733.5,0.0873
171,1,137.91,21533.25,0.554296,7.300334946036466e-06,5.926146,708.3,0.0904
172,1,138.11,21437.19,0.675962,7.337179010048376e-06,6.850384,750.1,0.0853
173,1,138.31,21343.08,0.591027,7.374023074060285e-06,7.594471,746.1,0.0858
174,1,138.51,21250.53,0.507115,7.410867138072194e-06,5.125525,712.0,0.0899
175,1,138.7,21158.36,0.641113,7.447711202084103e-06,12.039231,736.9,0.0869
176,1,138.91,21067.81,0.58277,7.4845552660960125e-06,7.677057,720.6,0.0888
177,1,139.1,20977.06,0.595656,7.521399330107922e-06,6.213899,767.2,0.0834
178,1,139.3,20888.41,0.586978,7.55824339411983e-06,7.543241,742.0,0.0863
179,1,139.5,20800.74,0.540729,7.59508745813174e-06,6.025182,721.5,0.0887
180,1,139.7,20714.39,0.517029,7.63193152214365e-06,8.835906,706.9,0.0905
181,1,139.91,20629.69,0.582809,7.66877558615556e-06,7.894841,687.1,0.0931
182,1,140.1,20543.57,0.617524,7.705619650167469e-06,6.830316,746.1,0.0858
183,1,140.3,20459.6,0.549543,7.742463714179378e-06,5.168188,742.5,0.0862
184,1,140.5,20376.94,0.558874,7.779307778191287e-06,9.374889,705.9,0.0907
185,1,140.73,20299.42,0.610944,7.816151842203197e-06,inf,521.1,0.1228
186,1,140.92,20216.86,0.598415,7.852995906215106e-06,6.719172,758.0,0.0844
187,1,141.12,20136.31,0.552468,7.889839970227015e-06,8.262796,747.2,0.0857
188,1,141.32,20056.78,0.504357,7.926684034238923e-06,5.34364,732.2,0.0874
189,1,141.52,19978.14,0.52814,7.963528098250832e-06,8.510604,722.8,0.0885
190,1,141.72,19900.29,0.55631,8.000372162262741e-06,5.905927,722.8,0.0885
191,1,141.92,19823.48,0.576246,8.03721622627465e-06,8.259686,718.1,0.0891
192,1,142.11,19746.47,0.605957,8.07406029028656e-06,8.808209,752.1,0.0851
193,1,142.31,19670.87,0.572332,8.110904354298469e-06,6.872351,746.6,0.0857
194,1,142.51,19596.31,0.509508,8.147748418310378e-06,6.855267,725.8,0.0882
195,1,142.72,19522.9,0.482252,8.184592482322288e-06,11.923604,709.0,0.0903
196,1,142.92,19449.58,0.524095,8.221436546334197e-06,15.563197,738.8,0.0866
197,1,143.11,19376.8,0.610726,8.258280610346106e-06,11.957281,750.2,0.0853
198,1,143.31,19304.83,0.584013,8.295124674358015e-06,11.698043,755.9,0.0847
199,1,143.52,19235.06,0.502217,8.331968738369925e-06,9.532614,703.4,0.091
200,1,143.72,19165.71,0.596536,8.368812802381834e-06,7.917939,669.7,0.0956
201,1,143.92,19095.32,0.596974,8.405656866393743e-06,6.564963,740.0,0.0865
202,1,144.12,19026.09,0.618989,8.442500930405652e-06,9.7285,753.0,0.085
203,1,144.31,18957.81,0.630126,8.479344994417562e-06,12.720391,741.8,0.0863
204,1,144.52,18890.63,0.530418,8.516189058429471e-06,7.303697,716.2,0.0894
205,1,144.72,18823.75,0.595298,8.55303312244138e-06,8.633196,725.7,0.0882
206,1,144.91,18757.27,0.555469,8.58987718645329e-06,inf,737.4,0.0868
207,1,145.11,18690.91,0.6125,8.626721250465199e-06,20.446394,761.6,0.084
208,1,145.31,18625.88,0.670303,8.663565314477108e-06,21.522795,766.3,0.0835
209,1,145.51,18561.93,0.470705,8.700409378489017e-06,7.183875,716.3,0.0894
210,1,145.71,18497.79,0.576168,8.737253442500925e-06,11.114122,736.3,0.0869
211,1,145.9,18434.39,0.505581,8.774097506512832e-06,12.324001,739.7,0.0865
212,1,146.1,18371.43,0.579626,8.810941570524742e-06,8.580886,762.4,0.0839
213,1,146.3,18309.83,0.53786,8.847785634536651e-06,8.380729,749.6,0.0854
214,1,146.5,18248.65,0.577149,8.88462969854856e-06,9.028634,721.6,0.0887
215,1,146.71,18188.55,0.507467,8.92147376256047e-06,11.174541,677.0,0.0945
216,1,146.91,18127.97,0.567699,8.958317826572379e-06,6.994308,719.7,0.0889
217,1,147.1,18067.9,0.545308,8.995161890584288e-06,9.853673,729.9,0.0877
218,1,147.3,18008.5,0.554725,9.032005954596197e-06,7.508743,746.5,0.0857
219,1,147.5,17950.09,0.567895,9.068850018608106e-06,8.536694,720.9,0.0888
220,1,147.7,17891.57,0.646957,9.105694082620016e-06,17.114317,746.4,0.0857
221,1,147.9,17834.93,0.470407,9.142538146631925e-06,7.719617,723.9,0.0884
222,1,148.1,17777.33,0.655275,9.179382210643834e-06,9.507444,749.5,0.0854
223,1,148.3,17720.85,0.564542,9.216226274655743e-06,10.588307,735.9,0.087
224,1,148.5,17665.06,0.604891,9.253070338667651e-06,14.42695,705.2,0.0908
225,1,148.7,17609.67,0.490616,9.28991440267956e-06,12.17579,715.0,0.0895
226,1,148.9,17554.51,0.585618,9.32675846669147e-06,8.457646,724.2,0.0884
227,1,149.09,17499.28,0.578371,9.363602530703379e-06,13.948928,758.8,0.0843
228,1,149.29,17444.94,0.640023,9.400446594715288e-06,8.912333,763.3,0.0838
229,1,149.5,17391.87,0.456055,9.437290658727197e-06,6.02452,704.5,0.0908
230,1,149.69,17338.37,0.568394,9.474134722739107e-06,17.442713,724.5,0.0883
231,1,149.89,17285.43,0.617653,9.510978786751016e-06,11.071114,737.7,0.0868
232,1,150.09,17232.81,0.543851,9.547822850762925e-06,10.969527,745.4,0.0859
233,1,150.28,17180.68,0.537133,9.584666914774834e-06,7.094613,750.2,0.0853
234,1,150.49,17129.66,0.60437,9.621510978786744e-06,7.527465,712.5,0.0898
235,1,150.68,17078.27,0.580931,9.658355042798653e-06,6.118282,742.9,0.0862
236,1,150.88,17027.74,0.51265,9.695199106810562e-06,8.164817,734.4,0.0871
237,1,151.08,16977.37,0.560785,9.732043170822471e-06,9.555514,750.4,0.0853
238,1,151.28,16927.57,0.585558,9.76888723483438e-06,12.617169,751.5,0.0852
239,1,151.48,16878.48,0.551692,9.80573129884629e-06,12.279818,728.2,0.0879
240,1,151.67,16829.45,0.529618,9.8425753628582e-06,9.702337,732.2,0.0874
241,1,151.88,16781.26,0.516993,9.879419426870108e-06,6.137383,744.8,0.0859
242,1,152.08,16733.3,0.632041,9.916263490882018e-06,16.635399,724.6,0.0883
243,1,152.27,16685.25,0.529095,9.953107554893927e-06,13.480142,743.9,0.086
244,1,152.47,16637.79,0.545795,9.989951618905836e-06,10.250821,746.6,0.0857
245,1,152.67,16590.8,0.626237,1.0026795682917745e-05,8.07688,742.7,0.0862
246,1,152.87,16544.52,0.504999,1.0063639746929655e-05,7.850063,716.0,0.0894
247,1,153.06,16497.97,0.515442,1.0100483810941564e-05,10.530649,740.7,0.0864
248,1,153.26,16452.11,0.550408,1.0137327874953473e-05,4.269272,742.5,0.0862
249,1,153.46,16406.45,0.539003,1.0174171938965382e-05,8.21593,755.7,0.0847
250,1,153.66,16361.35,0.4817,1.0211016002977292e-05,5.293539,747.1,0.0857
251,1,153.85,16316.55,0.552764,1.0247860066989201e-05,4.870131,747.2,0.0856
252,1,154.05,16272.11,0.576465,1.028470413100111e-05,10.019753,739.9,0.0865
253,1,154.25,16228.13,0.513937,1.032154819501302e-05,9.309319,732.8,0.0873
254,1,154.45,16184.72,0.559695,1.0358392259024929e-05,6.69832,711.5,0.09
255,1,154.65,16141.09,0.633545,1.0395236323036838e-05,6.763052,731.2,0.0875
256,1,154.85,16097.96,0.459672,1.0432080387048747e-05,5.55546,741.4,0.0863
257,1,155.04,16055.0,0.546972,1.0468924451060657e-05,13.620905,761.8,0.084
258,1,155.24,16012.73,0.614073,1.0505768515072566e-05,9.784571,739.5,0.0865
259,1,155.44,15970.61,0.505105,1.0542612579084475e-05,6.395738,743.3,0.0861
260,1,155.64,15928.77,0.528396,1.0579456643096384e-05,9.593398,745.5,0.0858
261,1,155.84,15887.44,0.560549,1.0616300707108294e-05,5.861508,773.7,0.0827
262,1,156.03,15846.46,0.587762,1.0653144771120203e-05,9.11377,754.9,0.0848
263,1,156.24,15806.62,0.527234,1.0689988835132114e-05,13.424966,678.4,0.0943
264,1,156.44,15765.61,0.643789,1.0726832899144023e-05,8.352477,718.8,0.089
265,1,156.63,15725.25,0.565024,1.0763676963155932e-05,6.25088,742.4,0.0862
266,1,156.83,15685.18,0.569214,1.0800521027167842e-05,5.289628,759.1,0.0843
267,1,157.03,15645.62,0.610055,1.0837365091179753e-05,6.713527,753.0,0.085
268,1,157.22,15606.23,0.544535,1.0874209155191662e-05,9.649474,762.2,0.084
269,1,157.42,15567.44,0.448765,1.0911053219203573e-05,5.632896,740.1,0.0865
270,1,157.62,15528.64,0.611884,1.0947897283215482e-05,11.82644,745.1,0.0859
271,1,157.82,15490.21,0.56974,1.0984741347227393e-05,7.650246,746.4,0.0857
272,1,158.02,15452.08,0.562401,1.1021585411239302e-05,6.821711,746.0,0.0858
273,1,158.21,15413.86,0.519047,1.1058429475251212e-05,5.456493,768.0,0.0833
274,1,158.41,15376.37,0.543484,1.1095273539263122e-05,7.267601,750.2,0.0853
275,1,158.61,15339.16,0.510699,1.1132117603275033e-05,5.40723,740.0,0.0865
276,1,158.81,15301.77,0.568004,1.1168961667286943e-05,6.21639,770.0,0.0831
277,1,159.0,15264.89,0.558433,1.1205805731298852e-05,6.591936,765.3,0.0836
278,1,159.2,15228.61,0.499358,1.1242649795310761e-05,8.187009,738.8,0.0866
279,1,159.4,15192.19,0.477518,1.127949385932267e-05,4.457167,759.2,0.0843
280,1,159.6,15156.26,0.531224,1.131633792333458e-05,5.132122,746.3,0.0858
281,1,159.8,15120.91,0.569282,1.1353181987346487e-05,10.123321,739.8,0.0865
282,1,160.0,15085.27,0.541739,1.1390026051358397e-05,7.211413,745.3,0.0859
283,1,160.2,15049.96,0.536327,1.1426870115370306e-05,8.464683,744.2,0.086
284,1,160.39,15014.64,0.587654,1.1463714179382215e-05,6.97024,773.8,0.0827
285,1,160.59,14979.69,0.590417,1.1500558243394124e-05,9.63118,785.8,0.0814
286,1,160.79,14945.47,0.433065,1.1537402307406032e-05,4.512594,747.9,0.0856
287,1,160.99,14911.21,0.590884,1.157424637141794e-05,9.61131,749.8,0.0854
288,1,161.19,14877.28,0.56928,1.1611090435429849e-05,6.9403,734.7,0.0871
289,1,161.38,14843.25,0.508675,1.164793449944176e-05,7.893293,754.0,0.0849
290,1,161.58,14809.87,0.478406,1.1684778563453667e-05,5.221073,730.3,0.0876
291,1,161.78,14776.67,0.544587,1.1721622627465575e-05,6.588435,722.1,0.0886
292,1,161.98,14743.51,0.454283,1.1758466691477484e-05,7.211809,727.5,0.088
293,1,162.18,14710.35,0.525662,1.1795310755489393e-05,6.215164,745.5,0.0858
294,1,162.37,14677.61,0.570342,1.1832154819501303e-05,8.686475,744.1,0.086
295,1,162.57,14644.92,0.608047,1.1868998883513212e-05,9.867177,758.4,0.0844
296,1,162.77,14612.58,0.590151,1.1905842947525121e-05,8.011802,759.7,0.0842
297,1,162.96,14580.68,0.458416,1.194268701153703e-05,4.65444,739.5,0.0865
298,1,163.17,14549.27,0.470279,1.1979531075548941e-05,6.434433,716.7,0.0893
299,1,163.36,14517.26,0.549761,1.201637513956085e-05,4.843125,749.9,0.0853
300,1,163.56,14485.91,0.47191,1.205321920357276e-05,6.545221,748.2,0.0855
301,1,170.96,15090.46,0.543386,1.2090063267584669e-05,7.908253,678.5,0.0943
302,1,171.18,15059.48,0.680223,1.2126907331596578e-05,13.049735,724.4,0.0883
303,1,171.38,15026.23,0.58434,1.2163751395608488e-05,6.003553,745.5,0.0858
304,1,171.57,14993.23,0.652402,1.2200595459620397e-05,7.149482,765.9,0.0836
305,1,171.77,14960.53,0.540586,1.2237439523632304e-05,6.520154,773.4,0.0828
306,1,171.96,14928.31,0.432974,1.2274283587644215e-05,5.856193,758.3,0.0844
307,1,172.16,14896.36,0.615892,1.2311127651656125e-05,6.957467,757.9,0.0844
308,1,172.36,14864.3,0.529155,1.2347971715668036e-05,5.783971,764.4,0.0837
309,1,172.56,14832.5,0.495627,1.2384815779679945e-05,5.198444,772.0,0.0829
310,1,172.75,14801.11,0.551674,1.2421659843691854e-05,6.692688,756.0,0.0847
311,1,172.95,14769.79,0.614016,1.2458503907703763e-05,9.651689,750.1,0.0853
312,1,173.15,14738.82,0.57098,1.2495347971715671e-05,6.509127,728.7,0.0878
313,1,173.34,14707.37,0.568683,1.253219203572758e-05,7.550167,770.9,0.083
314,1,173.54,14676.78,0.527686,1.2569036099739491e-05,7.01653,756.4,0.0846
315,1,173.74,14646.38,0.522023,1.2605880163751399e-05,5.569069,752.7,0.085
316,1,173.94,14616.07,0.526716,1.2642724227763308e-05,5.517592,753.2,0.085
317,1,174.13,14585.85,0.559427,1.2679568291775217e-05,4.537241,765.0,0.0837
318,1,174.33,14556.26,0.478464,1.2716412355787126e-05,4.599442,733.7,0.0872
319,1,174.53,14526.61,0.565971,1.2753256419799036e-05,5.632451,737.6,0.0868
320,1,174.73,14497.01,0.678163,1.2790100483810945e-05,6.406297,747.7,0.0856
321,1,174.93,14467.96,0.491387,1.2826944547822856e-05,3.549827,755.4,0.0847
322,1,175.13,14439.01,0.468726,1.2863788611834767e-05,6.603669,722.8,0.0885
323,1,175.33,14409.96,0.514011,1.2900632675846676e-05,8.106148,720.2,0.0889
324,1,175.52,14380.9,0.518349,1.2937476739858585e-05,6.131312,750.6,0.0853
325,1,175.72,14352.3,0.531134,1.2974320803870495e-05,5.221832,747.7,0.0856
326,1,175.92,14323.87,0.574464,1.3011164867882404e-05,5.733588,744.7,0.0859
327,1,176.12,14295.48,0.638369,1.3048008931894313e-05,7.148327,758.6,0.0844
328,1,176.31,14267.39,0.550259,1.308485299590622e-05,7.038713,751.7,0.0851
329,1,176.51,14239.44,0.502268,1.312169705991813e-05,5.283076,750.6,0.0853
330,1,176.71,14211.71,0.503093,1.315854112393004e-05,6.172099,741.9,0.0863
331,1,176.91,14184.05,0.571361,1.3195385187941949e-05,4.820949,750.1,0.0853
332,1,177.1,14156.6,0.454906,1.3232229251953856e-05,4.467318,759.4,0.0843
333,1,177.3,14129.52,0.500332,1.3269073315965764e-05,5.006498,732.8,0.0873
334,1,177.5,14102.26,0.482092,1.3305917379977673e-05,7.770334,750.8,0.0852
335,1,177.7,14075.31,0.569863,1.3342761443989582e-05,9.128215,743.6,0.0861
336,1,177.9,14048.47,0.427156,1.3379605508001491e-05,5.945332,743.4,0.0861
337,1,178.09,14021.8,0.501093,1.34164495720134e-05,4.212341,746.9,0.0857
338,1,178.29,13995.39,0.542428,1.345329363602531e-05,6.968195,733.4,0.0873
339,1,178.49,13968.85,0.493624,1.3490137700037221e-05,8.817854,756.3,0.0846
340,1,178.69,13942.91,0.568606,1.3526981764049132e-05,6.149271,729.7,0.0877
341,1,178.89,13917.03,0.487198,1.3563825828061043e-05,7.638424,746.6,0.0857
342,1,179.09,13891.18,0.435331,1.3600669892072952e-05,5.925251,751.0,0.0852
343,1,179.28,13865.51,0.57914,1.3637513956084863e-05,5.617329,741.4,0.0863
344,1,179.48,13839.84,0.545964,1.367435802009677e-05,7.353425,746.8,0.0857
345,1,179.68,13814.38,0.435079,1.3711202084108682e-05,5.825722,750.3,0.0853
346,1,179.88,13789.31,0.575167,1.3748046148120593e-05,6.991512,739.6,0.0865
347,1,180.08,13764.24,0.492216,1.3784890212132502e-05,5.01514,736.4,0.0869
348,1,180.27,13739.23,0.494137,1.3821734276144411e-05,7.41526,737.5,0.0868
349,1,180.47,13714.31,0.471295,1.3858578340156322e-05,7.748302,741.1,0.0864
350,1,180.67,13689.65,0.52846,1.3895422404168231e-05,9.154757,734.3,0.0872
351,1,180.87,13664.94,0.590574,1.393226646818014e-05,6.246344,756.0,0.0847
352,1,181.06,13640.48,0.547705,1.396911053219205e-05,11.904016,759.4,0.0843
353,1,181.26,13616.38,0.542306,1.4005954596203959e-05,5.591953,737.6,0.0868
354,1,181.46,13592.0,0.550103,1.4042798660215867e-05,13.730362,760.8,0.0841
355,1,181.66,13568.01,0.550861,1.4079642724227778e-05,6.38731,754.4,0.0848
356,1,181.86,13544.16,0.445322,1.4116486788239689e-05,7.606894,749.6,0.0854
357,1,182.05,13520.39,0.510341,1.4153330852251596e-05,5.94707,750.2,0.0853
358,1,182.25,13496.83,0.653801,1.4190174916263507e-05,8.255233,739.2,0.0866
359,1,182.45,13473.16,0.532841,1.4227018980275415e-05,6.466641,760.5,0.0842
360,1,182.64,13449.75,0.555432,1.4263863044287324e-05,7.339894,762.5,0.0839
361,1,182.85,13426.98,0.497485,1.4300707108299235e-05,6.473104,746.9,0.0857
362,1,183.05,13403.87,0.553302,1.4337551172311142e-05,11.329523,745.4,0.0859
363,1,183.25,13381.05,0.543624,1.4374395236323052e-05,8.482973,727.8,0.0879
364,1,183.44,13357.98,0.525383,1.441123930033496e-05,3.900614,755.1,0.0848
365,1,183.64,13335.37,0.554164,1.4448083364346868e-05,7.902866,748.2,0.0855
366,1,183.84,13312.97,0.441558,1.4484927428358778e-05,7.115952,732.4,0.0874
367,1,184.04,13290.37,0.543384,1.4521771492370687e-05,5.137609,744.9,0.0859
368,1,184.23,13267.77,0.465048,1.4558615556382596e-05,8.646588,779.9,0.0821
369,1,184.43,13245.65,0.454217,1.4595459620394507e-05,7.764216,760.3,0.0842
370,1,184.63,13223.45,0.449933,1.4632303684406416e-05,6.096466,770.3,0.0831
371,1,184.83,13201.69,0.467374,1.4669147748418324e-05,5.095551,747.5,0.0856
372,1,185.03,13179.71,0.615009,1.4705991812430232e-05,11.929531,764.6,0.0837
373,1,185.23,13158.16,0.432315,1.474283587644214e-05,9.292142,737.7,0.0868
374,1,185.43,13136.45,0.665143,1.477967994045405e-05,21.056927,748.4,0.0855
375,1,185.62,13114.98,0.608363,1.481652400446596e-05,8.925178,743.4,0.0861
376,1,185.82,13093.45,0.52598,1.4853368068477867e-05,11.043768,748.4,0.0855
377,1,186.02,13072.18,0.600891,1.4890212132489774e-05,15.178586,744.4,0.086
378,1,186.22,13051.01,0.659369,1.4927056196501684e-05,23.426823,744.2,0.086
379,1,186.42,13030.01,0.572308,1.4963900260513591e-05,5.324926,740.5,0.0864
380,1,186.61,13008.95,0.508805,1.5000744324525502e-05,5.65882,751.9,0.0851
381,1,186.81,12988.19,0.52977,1.5037588388537413e-05,9.155967,763.0,0.0839
382,1,187.01,12967.48,0.515413,1.507443245254932e-05,5.942308,753.1,0.085
383,1,187.21,12946.75,0.652538,1.511127651656123e-05,6.56483,760.7,0.0841
384,1,187.41,12926.17,0.526108,1.5148120580573138e-05,5.105682,768.7,0.0833
385,1,187.6,12905.67,0.566603,1.5184964644585047e-05,11.904708,771.6,0.0829
386,1,187.8,12885.45,0.462935,1.5221808708596956e-05,9.022709,747.2,0.0856
387,1,188.0,12865.28,0.529365,1.5258652772608865e-05,10.523226,738.8,0.0866
388,1,188.2,12845.31,0.438052,1.5295496836620773e-05,5.91588,725.4,0.0882
389,1,188.4,12825.2,0.480063,1.5332340900632682e-05,4.81719,739.3,0.0866
390,1,188.6,12805.18,0.49727,1.536918496464459e-05,6.266473,747.0,0.0857
391,1,188.79,12785.13,0.502531,1.54060290286565e-05,9.170349,772.3,0.0829
392,1,188.99,12765.59,0.53095,1.544287309266841e-05,12.459529,750.7,0.0853
393,1,189.19,12745.91,0.510066,1.547971715668032e-05,5.028574,761.1,0.0841
394,1,189.39,12726.51,0.544901,1.551656122069223e-05,4.94243,740.9,0.0864
395,1,189.58,12706.89,0.545371,1.5553405284704138e-05,5.13435,766.3,0.0835
396,1,189.78,12687.61,0.560034,1.5590249348716047e-05,9.983189,748.7,0.0855
397,1,189.98,12668.24,0.586255,1.5627093412727956e-05,9.819416,766.3,0.0835
398,1,190.18,12649.16,0.597575,1.5663937476739866e-05,7.42314,750.4,0.0853
399,1,190.37,12630.02,0.524054,1.5700781540751775e-05,10.936387,753.6,0.0849
400,1,190.57,12611.25,0.571765,1.5737625604763684e-05,13.219448,742.4,0.0862
401,1,190.82,12595.5,0.63078,1.5774469668775593e-05,9.671525,732.1,0.0874
402,1,191.02,12576.58,0.538935,1.5811313732787503e-05,8.99185,750.0,0.0853
403,1,191.21,12557.98,0.525075,1.5848157796799412e-05,5.000571,741.5,0.0863
404,1,191.41,12539.37,0.456319,1.588500186081132e-05,3.935189,741.4,0.0863
405,1,191.61,12520.84,0.43316,1.5921845924823227e-05,4.295472,742.1,0.0862
406,1,191.81,12502.36,0.512924,1.5958689988835136e-05,5.123925,748.8,0.0855
407,1,192.01,12484.16,0.559558,1.5995534052847046e-05,5.687478,735.6,0.087
408,1,192.2,12465.88,0.550186,1.603237811685895e-05,7.235882,746.3,0.0858
409,1,192.4,12447.62,0.37372,1.606922218087086e-05,4.473491,751.7,0.0851
410,1,192.6,12429.79,0.514794,1.610606624488277e-05,12.679162,722.5,0.0886
411,1,192.8,12411.62,0.474675,1.614291030889468e-05,4.307987,749.6,0.0854
412,1,192.99,12393.7,0.541748,1.617975437290659e-05,7.969712,745.9,0.0858
413,1,193.19,12375.8,0.569679,1.6216598436918498e-05,6.584032,754.8,0.0848
414,1,193.39,12358.02,0.524621,1.6253442500930407e-05,6.737352,767.3,0.0834
415,1,193.58,12340.36,0.415616,1.6290286564942316e-05,4.876535,762.8,0.0839
416,1,193.78,12322.7,0.538548,1.6327130628954225e-05,4.544374,774.1,0.0827
417,1,193.98,12305.34,0.548734,1.6363974692966135e-05,4.480094,749.2,0.0854
418,1,194.18,12287.87,0.509707,1.6400818756978044e-05,4.478172,753.6,0.0849
419,1,194.37,12270.57,0.65507,1.6437662820989953e-05,6.71606,753.3,0.085
420,1,194.57,12253.34,0.549846,1.6474506885001862e-05,6.388417,756.1,0.0846
421,1,194.77,12236.43,0.506017,1.6511350949013772e-05,5.552617,750.3,0.0853
422,1,194.97,12219.4,0.524478,1.654819501302568e-05,6.15332,740.2,0.0865
423,1,195.17,12202.46,0.502533,1.658503907703759e-05,5.20902,738.1,0.0867
424,1,195.37,12185.5,0.542903,1.66218831410495e-05,10.026463,757.2,0.0845
425,1,195.56,12168.6,0.534142,1.665872720506141e-05,5.579468,755.3,0.0847
426,1,195.77,12152.17,0.528612,1.6695571269073318e-05,5.330556,709.5,0.0902
427,1,195.96,12135.28,0.528994,1.6732415333085227e-05,4.869417,739.5,0.0865
428,1,196.16,12118.72,0.645928,1.6769259397097137e-05,11.184229,746.0,0.0858
429,1,196.36,12102.33,0.519102,1.6806103461109046e-05,5.186141,749.2,0.0854
430,1,196.56,12085.91,0.470092,1.6842947525120955e-05,5.923897,748.1,0.0855
431,1,196.75,12069.57,0.440169,1.6879791589132864e-05,4.735617,742.4,0.0862
432,1,196.95,12053.38,0.569835,1.6916635653144774e-05,5.465858,736.1,0.0869
433,1,197.15,12037.11,0.548505,1.6953479717156683e-05,5.651006,743.5,0.0861
434,1,197.35,12020.92,0.518322,1.6990323781168592e-05,4.411423,753.6,0.0849
435,1,197.55,12004.88,0.51217,1.70271678451805e-05,5.582989,748.0,0.0856
436,1,197.74,11988.95,0.467269,1.706401190919241e-05,5.09693,742.4,0.0862
437,1,197.94,11973.0,0.543205,1.7100855973204317e-05,7.17905,747.0,0.0857
438,1,198.14,11957.25,0.529197,1.7137700037216226e-05,5.627954,737.3,0.0868
439,1,198.34,11941.45,0.601819,1.7174544101228135e-05,5.652407,744.6,0.086
440,1,198.54,11925.72,0.487091,1.7211388165240044e-05,3.550784,744.3,0.086
441,1,198.74,11910.31,0.632508,1.7248232229251954e-05,5.4824,743.4,0.0861
442,1,198.94,11894.8,0.515891,1.7285076293263863e-05,7.426685,739.5,0.0865
443,1,199.13,11879.31,0.533269,1.7321920357275772e-05,5.873772,739.1,0.0866
444,1,199.33,11864.01,0.444948,1.735876442128768e-05,5.875912,735.0,0.0871
445,1,199.53,11848.69,0.501287,1.7395608485299587e-05,6.164784,737.8,0.0867
446,1,199.74,11833.65,0.568465,1.7432452549311496e-05,7.32223,717.9,0.0892
447,1,199.93,11818.32,0.475664,1.7469296613323406e-05,5.10175,723.9,0.0884
448,1,200.13,11802.95,0.495944,1.7506140677335315e-05,4.848897,771.8,0.0829
449,1,200.33,11788.03,0.577911,1.7542984741347224e-05,9.000019,741.8,0.0863
450,1,200.52,11773.01,0.504718,1.7579828805359134e-05,6.394351,743.5,0.0861
451,1,200.72,11758.15,0.508866,1.7616672869371043e-05,4.838069,735.8,0.087
452,1,200.92,11743.29,0.573224,1.7653516933382955e-05,9.188893,739.6,0.0865
453,1,201.12,11728.5,0.432041,1.7690360997394865e-05,5.192035,740.1,0.0865
454,1,201.32,11713.7,0.55271,1.7727205061406774e-05,11.116243,747.3,0.0856
455,1,201.52,11699.01,0.535717,1.7764049125418683e-05,5.906803,743.8,0.086
456,1,201.71,11684.34,0.454178,1.7800893189430592e-05,9.685092,747.8,0.0856
457,1,201.91,11669.88,0.495487,1.7837737253442502e-05,4.470331,735.4,0.087
458,1,202.11,11655.27,0.564023,1.787458131745441e-05,5.317335,752.5,0.085
459,1,202.31,11640.82,0.522062,1.791142538146632e-05,13.064445,750.1,0.0853
460,1,202.51,11626.53,0.498844,1.794826944547823e-05,5.251306,743.0,0.0861
461,1,202.71,11612.48,0.481511,1.798511350949014e-05,5.248137,741.5,0.0863
462,1,202.91,11598.27,0.48509,1.8021957573502048e-05,4.178468,742.8,0.0862
463,1,203.11,11584.02,0.496932,1.8058801637513957e-05,5.49033,751.5,0.0852
464,1,203.3,11569.85,0.455749,1.8095645701525867e-05,8.369098,760.7,0.0841
465,1,203.5,11555.98,0.587348,1.8132489765537776e-05,9.190074,745.8,0.0858
466,1,203.71,11542.21,0.493227,1.8169333829549685e-05,4.711008,711.3,0.09
467,1,203.9,11528.0,0.560734,1.8206177893561594e-05,4.528262,755.9,0.0847
468,1,204.1,11514.19,0.469826,1.8243021957573504e-05,9.459827,742.0,0.0862
469,1,204.3,11500.35,0.610048,1.8279866021585413e-05,7.632967,746.5,0.0857
470,1,204.49,11486.49,0.601632,1.8316710085597322e-05,7.872441,755.1,0.0848
471,1,204.69,11472.77,0.417644,1.835355414960923e-05,6.407433,746.2,0.0858
472,1,204.89,11459.21,0.499271,1.839039821362114e-05,7.485543,728.9,0.0878
473,1,205.09,11445.34,0.526778,1.842724227763305e-05,4.990422,772.0,0.0829
474,1,205.29,11431.97,0.521341,1.846408634164496e-05,6.738735,734.7,0.0871
475,1,205.49,11418.5,0.542341,1.850093040565687e-05,4.809341,729.7,0.0877
476,1,205.68,11404.88,0.492552,1.8537774469668778e-05,4.902957,762.0,0.084
477,1,205.88,11391.49,0.448454,1.8574618533680687e-05,7.090583,757.3,0.0845
478,1,206.08,11378.15,0.497921,1.8611462597692596e-05,6.216455,758.2,0.0844
479,1,206.27,11364.88,0.420515,1.8648306661704505e-05,3.544621,752.9,0.085
480,1,206.47,11351.8,0.440605,1.8685150725716415e-05,4.947444,733.6,0.0872
481,1,206.67,11338.63,0.480259,1.8721994789728324e-05,9.153166,764.6,0.0837
482,1,206.87,11325.51,0.567875,1.8758838853740233e-05,6.316588,764.5,0.0837
483,1,207.07,11312.46,0.514345,1.8795682917752142e-05,4.338784,767.9,0.0833
484,1,207.27,11299.62,0.535675,1.8832526981764052e-05,3.729133,747.8,0.0856
485,1,207.47,11286.76,0.461358,1.8869371045775958e-05,4.617533,737.4,0.0868
486,1,207.66,11273.7,0.549262,1.8906215109787867e-05,6.190789,760.1,0.0842
487,1,207.86,11260.74,0.448595,1.8943059173799776e-05,6.013309,771.8,0.0829
488,1,208.06,11248.24,0.519809,1.8979903237811685e-05,5.875494,724.5,0.0883
489,1,208.26,11235.36,0.466259,1.9016747301823595e-05,4.086201,753.2,0.085
490,1,208.46,11223.05,0.626112,1.9053591365835504e-05,7.230477,692.8,0.0924
491,1,208.66,11210.11,0.585806,1.909043542984741e-05,7.597487,740.1,0.0865
492,1,208.85,11197.45,0.489356,1.9127279493859322e-05,6.495799,755.4,0.0847
493,1,209.06,11185.08,0.528332,1.916412355787123e-05,4.42883,726.0,0.0882
494,1,209.26,11172.81,0.528273,1.920096762188314e-05,5.804712,702.7,0.0911
495,1,209.45,11160.34,0.4356,1.9237811685895047e-05,4.698351,720.0,0.0889
496,1,209.65,11147.87,0.441769,1.9274655749906956e-05,4.97506,739.2,0.0866
497,1,209.85,11135.63,0.436061,1.9311499813918865e-05,5.117169,727.0,0.088
498,1,210.05,11123.34,0.536133,1.9348343877930778e-05,5.08986,728.6,0.0878
499,1,210.25,11111.05,0.464014,1.9385187941942687e-05,5.597504,746.7,0.0857
500,1,210.44,11098.87,0.449625,1.9422032005954596e-05,3.792456,755.1,0.0848
501,1,210.65,11087.15,0.392075,1.9458876069966506e-05,5.924324,730.1,0.0877
502,1,210.85,11074.87,0.444446,1.9495720133978415e-05,4.483461,763.1,0.0839
503,1,211.05,11063.08,0.531171,1.9532564197990324e-05,5.589844,716.7,0.0893
504,1,211.25,11051.0,0.473113,1.956940826200223e-05,5.260073,732.2,0.0874
505,1,211.44,11038.99,0.491119,1.9606252326014136e-05,5.691786,747.9,0.0856
506,1,211.64,11027.2,0.436809,1.9643096390026045e-05,5.346455,746.5,0.0857
507,1,211.85,11015.63,0.550899,1.9679940454037955e-05,7.119315,704.0,0.0909
508,1,212.05,11003.8,0.506969,1.9716784518049864e-05,6.579652,732.5,0.0874
509,1,212.24,10991.87,0.511692,1.9753628582061773e-05,5.459242,759.0,0.0843
510,1,212.44,10980.24,0.368315,1.9790472646073682e-05,4.868294,745.5,0.0858
511,1,212.64,10968.5,0.525731,1.982731671008559e-05,8.994958,743.7,0.0861
512,1,212.84,10956.96,0.579719,1.98641607740975e-05,10.383202,722.4,0.0886
513,1,213.03,10945.28,0.417631,1.9901004838109407e-05,5.574204,747.1,0.0857
514,1,213.23,10933.76,0.568564,1.9937848902121316e-05,9.592779,745.9,0.0858
515,1,213.43,10922.41,0.485958,1.9974692966133225e-05,4.898582,722.7,0.0886
516,1,213.63,10910.93,0.53243,2.001153703014513e-05,5.743297,730.7,0.0876
517,1,213.83,10899.75,0.610419,2.004838109415704e-05,7.27743,702.2,0.0911
518,1,214.03,10888.17,0.469868,2.008522515816895e-05,4.226521,741.1,0.0864
519,1,214.23,10876.91,0.3983,2.012206922218086e-05,3.927234,732.2,0.0874
520,1,214.43,10865.64,0.473955,2.0158913286192768e-05,5.725411,737.6,0.0868
521,1,214.63,10854.54,0.515831,2.0195757350204677e-05,3.469341,738.3,0.0867
522,1,214.82,10843.22,0.639675,2.023260141421659e-05,7.620476,753.5,0.0849
523,1,215.02,10832.1,0.514342,2.02694454782285e-05,4.408597,740.7,0.0864
524,1,215.22,10820.96,0.435878,2.030628954224041e-05,8.509585,741.9,0.0863
525,1,215.42,10809.82,0.535015,2.0343133606252318e-05,4.597585,751.5,0.0852
526,1,215.62,10798.81,0.450291,2.037997767026423e-05,5.717948,749.8,0.0854
527,1,215.81,10787.85,0.508599,2.041682173427614e-05,6.466387,751.0,0.0852
528,1,216.01,10777.01,0.461166,2.045366579828805e-05,4.282579,735.6,0.087
529,1,216.21,10766.08,0.526469,2.0490509862299958e-05,6.11816,736.8,0.0869
530,1,216.41,10755.19,0.452635,2.0527353926311867e-05,3.677829,743.4,0.0861
531,1,216.61,10744.4,0.501363,2.0564197990323777e-05,5.565755,751.4,0.0852
532,1,216.81,10733.67,0.442832,2.0601042054335686e-05,3.635026,746.9,0.0857
533,1,217.01,10723.05,0.586476,2.06378861183476e-05,4.194693,722.5,0.0886
534,1,217.21,10712.19,0.518246,2.0674730182359508e-05,6.291763,747.6,0.0856
535,1,217.4,10701.49,0.469546,2.0711574246371414e-05,4.932386,755.8,0.0847
536,1,217.6,10690.89,0.495003,2.0748418310383323e-05,5.46092,745.8,0.0858
537,1,217.8,10680.26,0.471113,2.078526237439523e-05,5.998206,753.1,0.085
538,1,218.0,10669.77,0.532931,2.0822106438407138e-05,5.64824,738.0,0.0867
539,1,218.2,10659.29,0.550779,2.0858950502419047e-05,5.360834,731.6,0.0875
540,1,218.4,10648.92,0.547931,2.0895794566430957e-05,8.701805,722.5,0.0886
541,1,218.6,10638.62,0.492644,2.0932638630442863e-05,8.412463,734.9,0.0871
542,1,218.8,10628.3,0.561671,2.0969482694454772e-05,5.31345,728.9,0.0878
543,1,219.0,10617.99,0.559901,2.100632675846668e-05,5.285998,722.3,0.0886
544,1,219.2,10607.73,0.566297,2.1043170822478594e-05,7.763958,728.9,0.0878
545,1,219.4,10597.55,0.572434,2.10800148864905e-05,7.050155,720.9,0.0888
546,1,219.59,10587.18,0.5568,2.1116858950502405e-05,6.10393,745.1,0.0859
547,1,219.79,10576.94,0.471537,2.1153703014514315e-05,5.188986,749.7,0.0854
548,1,220.0,10566.99,0.484048,2.1190547078526227e-05,6.904648,711.2,0.09
549,1,220.19,10556.76,0.480399,2.1227391142538137e-05,3.159621,735.1,0.0871
550,1,220.39,10546.63,0.436595,2.1264235206550046e-05,4.725741,749.1,0.0854
551,1,220.59,10536.51,0.544426,2.1301079270561955e-05,9.529376,762.2,0.084
552,1,220.79,10526.59,0.49298,2.1337923334573864e-05,3.82238,742.6,0.0862
553,1,220.99,10516.64,0.438418,2.1374767398585774e-05,5.151847,731.9,0.0874
554,1,221.19,10506.72,0.45293,2.1411611462597683e-05,4.338541,723.5,0.0885
555,1,221.38,10496.67,0.479217,2.1448455526609596e-05,4.681969,756.9,0.0846
556,1,221.58,10486.82,0.491064,2.1485299590621505e-05,7.183941,746.7,0.0857
557,1,221.79,10477.31,0.511667,2.152214365463341e-05,7.081124,697.4,0.0918
558,1,221.98,10467.15,0.420019,2.155898771864532e-05,6.254406,756.0,0.0847
559,1,222.18,10457.36,0.496495,2.1595831782657233e-05,5.437024,747.4,0.0856
560,1,222.37,10447.49,0.475023,2.1632675846669142e-05,5.08605,763.6,0.0838
561,1,222.57,10437.98,0.414557,2.166951991068105e-05,5.073193,755.3,0.0847
562,1,222.77,10428.24,0.593153,2.170636397469296e-05,8.757295,756.6,0.0846
563,1,222.97,10418.49,0.490169,2.174320803870487e-05,11.342811,772.5,0.0829
564,1,223.17,10408.92,0.453438,2.178005210271678e-05,6.316771,747.3,0.0856
565,1,223.36,10399.22,0.581977,2.1816896166728688e-05,8.307708,754.1,0.0849
566,1,223.56,10389.65,0.477951,2.1853740230740594e-05,6.163568,761.7,0.084
567,1,223.77,10380.53,0.46694,2.1890584294752503e-05,5.302071,694.2,0.0922
568,1,223.96,10370.68,0.561367,2.1927428358764413e-05,11.75581,762.9,0.0839
569,1,224.16,10361.29,0.532375,2.196427242277632e-05,8.843796,738.9,0.0866
570,1,224.36,10351.92,0.449254,2.2001116486788224e-05,4.902848,735.1,0.0871
571,1,224.55,10342.39,0.482624,2.2037960550800134e-05,4.781141,762.9,0.0839
572,1,224.75,10333.16,0.538454,2.2074804614812043e-05,9.056458,734.0,0.0872
573,1,224.95,10323.82,0.475329,2.2111648678823952e-05,4.760107,739.7,0.0865
574,1,225.15,10314.56,0.610107,2.214849274283586e-05,10.107841,730.5,0.0876
575,1,225.35,10305.24,0.509558,2.218533680684777e-05,6.453774,741.7,0.0863
576,1,225.54,10295.96,0.505412,2.222218087085968e-05,4.600806,743.6,0.0861
577,1,225.74,10286.75,0.455672,2.2259024934871586e-05,3.946493,743.3,0.0861
578,1,225.94,10277.45,0.414527,2.229586899888349e-05,3.738088,764.9,0.0837
579,1,226.14,10268.3,0.670346,2.23327130628954e-05,12.6324,758.8,0.0843
580,1,226.34,10259.22,0.520046,2.236955712690731e-05,8.370074,750.3,0.0853
581,1,226.54,10250.38,0.445394,2.240640119091922e-05,4.536001,727.1,0.088
582,1,226.73,10241.2,0.468585,2.244324525493113e-05,3.121924,750.4,0.0853
583,1,226.93,10232.2,0.48302,2.2480089318943038e-05,5.017871,750.3,0.0853
584,1,227.13,10223.17,0.569856,2.2516933382954947e-05,5.46669,759.0,0.0843
585,1,227.33,10214.35,0.438516,2.2553777446966853e-05,4.31213,729.7,0.0877
586,1,227.53,10205.4,0.467624,2.2590621510978762e-05,3.707744,728.4,0.0879
587,1,227.72,10196.32,0.591025,2.262746557499067e-05,3.83061,762.1,0.084
588,1,227.92,10187.51,0.54656,2.2664309639002584e-05,7.908402,741.5,0.0863
589,1,228.12,10178.73,0.546159,2.2701153703014493e-05,8.677254,725.0,0.0883
590,1,228.32,10169.9,0.462223,2.27379977670264e-05,7.233203,729.8,0.0877
591,1,228.52,10161.06,0.48929,2.277484183103831e-05,7.963513,735.2,0.0871
592,1,228.71,10152.17,0.570161,2.2811685895050214e-05,9.26353,758.1,0.0844
593,1,228.92,10143.88,0.458223,2.2848529959062124e-05,9.361722,676.2,0.0947
594,1,229.11,10134.96,0.47793,2.2885374023074033e-05,6.381826,740.8,0.0864
595,1,229.31,10126.31,0.482811,2.2922218087085942e-05,4.36714,735.7,0.087
596,1,229.51,10117.6,0.473959,2.295906215109785e-05,4.251279,748.1,0.0855
597,1,229.71,10108.98,0.537673,2.2995906215109757e-05,4.875121,742.5,0.0862
598,1,229.9,10100.42,0.59555,2.303275027912167e-05,6.649438,740.6,0.0864
599,1,230.1,10091.81,0.443273,2.306959434313358e-05,7.759013,746.5,0.0857
600,1,230.3,10083.15,0.535257,2.310643840714549e-05,8.467458,770.1,0.0831
601,1,243.95,10662.55,0.53217,2.3143282471157398e-05,6.033164,677.9,0.0944
602,1,244.15,10653.51,0.620395,2.318012653516931e-05,4.463803,766.3,0.0835
603,1,244.36,10644.32,0.550334,2.3216970599181216e-05,3.890287,699.8,0.0915
604,1,244.55,10634.5,0.430506,2.3253814663193126e-05,4.712559,760.5,0.0842
605,1,244.74,10625.03,0.441069,2.3290658727205038e-05,4.565138,754.4,0.0848
606,1,244.94,10615.61,0.579386,2.332750279121695e-05,7.629123,747.0,0.0857
607,1,245.14,10606.25,0.53088,2.336434685522886e-05,7.190342,748.5,0.0855
608,1,245.33,10596.96,0.624603,2.340119091924077e-05,8.394815,743.5,0.0861
609,1,245.53,10587.59,0.482954,2.343803498325268e-05,4.870979,751.8,0.0851
610,1,245.73,10578.3,0.51334,2.3474879047264588e-05,3.637741,755.0,0.0848
611,1,245.92,10569.02,0.433265,2.3511723111276497e-05,3.120845,759.9,0.0842
612,1,246.12,10559.78,0.566638,2.354856717528841e-05,6.491576,760.7,0.0841
613,1,246.32,10550.7,0.604115,2.3585411239300316e-05,11.220864,733.8,0.0872
614,1,246.51,10541.4,0.743285,2.3622255303312225e-05,11.115914,765.3,0.0836
615,1,246.71,10532.35,0.446243,2.3659099367324134e-05,2.55244,744.3,0.086
616,1,246.91,10523.16,0.530653,2.3695943431336043e-05,3.582572,759.9,0.0842
617,1,247.1,10514.11,0.437716,2.3732787495347953e-05,3.54351,748.4,0.0855
618,1,247.3,10505.04,0.529223,2.3769631559359865e-05,2.957113,754.5,0.0848
619,1,247.5,10496.1,0.517363,2.3806475623371775e-05,4.635623,742.1,0.0862
620,1,247.7,10487.11,0.496614,2.3843319687383684e-05,3.457961,744.9,0.0859
621,1,247.9,10478.33,0.475161,2.3880163751395593e-05,3.527119,743.2,0.0861
622,1,248.09,10469.36,0.537011,2.3917007815407502e-05,7.300782,752.0,0.0851
623,1,248.29,10460.45,0.633147,2.3953851879419415e-05,4.723293,750.6,0.0853
624,1,248.49,10451.51,0.472687,2.399069594343132e-05,3.197938,760.7,0.0841
625,1,248.68,10442.69,0.415301,2.402754000744323e-05,3.485023,751.9,0.0851
626,1,248.88,10433.87,0.601153,2.4064384071455136e-05,5.344799,744.1,0.086
627,1,249.08,10425.03,0.347335,2.4101228135467045e-05,3.021642,754.3,0.0848
628,1,249.27,10416.18,0.634212,2.4138072199478955e-05,4.344924,763.1,0.0839
629,1,249.47,10407.38,0.51612,2.4174916263490864e-05,3.249963,775.2,0.0826
630,1,249.66,10398.72,0.641024,2.421176032750277e-05,3.901137,754.6,0.0848
631,1,249.86,10390.08,0.468892,2.4248604391514676e-05,3.606377,740.0,0.0865
632,1,250.06,10381.37,0.445055,2.4285448455526585e-05,3.094913,752.6,0.085
633,1,250.25,10372.67,0.501554,2.4322292519538498e-05,4.074043,766.2,0.0835
634,1,250.45,10364.1,0.463283,2.4359136583550407e-05,3.895533,756.7,0.0846
635,1,250.65,10355.64,0.556092,2.439598064756232e-05,3.987834,725.1,0.0883
636,1,250.85,10347.06,0.464596,2.443282471157423e-05,3.709481,731.2,0.0875
637,1,251.04,10338.44,0.524473,2.4469668775586138e-05,4.70363,755.4,0.0847
638,1,251.24,10329.85,0.547531,2.4506512839598044e-05,6.660159,774.5,0.0826
639,1,251.44,10321.44,0.48923,2.4543356903609953e-05,4.08297,743.8,0.086
640,1,251.63,10313.03,0.501087,2.4580200967621862e-05,4.886974,738.3,0.0867
641,1,251.83,10304.76,0.482945,2.461704503163377e-05,5.350842,747.1,0.0857
642,1,252.03,10296.33,0.505574,2.465388909564568e-05,3.463138,753.6,0.0849
643,1,252.23,10287.96,0.470907,2.469073315965759e-05,4.396289,751.4,0.0852
644,1,252.42,10279.63,0.460538,2.4727577223669496e-05,4.816828,750.4,0.0853
645,1,252.62,10271.31,0.509179,2.4764421287681405e-05,3.369657,752.5,0.085
646,1,252.82,10263.05,0.497424,2.4801265351693314e-05,3.214632,754.4,0.0848
647,1,253.01,10254.73,0.495345,2.4838109415705224e-05,3.910066,764.3,0.0837
648,1,253.21,10246.55,0.471639,2.4874953479717133e-05,3.495898,750.6,0.0853
649,1,253.41,10238.41,0.504437,2.4911797543729046e-05,4.620545,740.3,0.0864
650,1,253.61,10230.22,0.549808,2.4948641607740955e-05,4.129476,742.8,0.0862
651,1,253.8,10221.95,0.446861,2.4985485671752864e-05,3.755736,760.8,0.0841
652,1,254.0,10213.77,0.521192,2.5022329735764773e-05,4.123404,761.3,0.0841
653,1,254.2,10205.71,0.482121,2.5059173799776686e-05,4.066156,743.3,0.0861
654,1,254.39,10197.54,0.649311,2.50960178637886e-05,8.878485,753.7,0.0849
655,1,254.59,10189.42,0.515149,2.5132861927800508e-05,4.295118,765.1,0.0836
656,1,254.79,10181.65,0.573375,2.5169705991812417e-05,4.596951,706.5,0.0906
657,1,254.99,10173.4,0.486919,2.5206550055824323e-05,5.443355,748.2,0.0855
658,1,255.18,10165.44,0.587583,2.5243394119836232e-05,5.724457,748.2,0.0855
659,1,255.38,10157.46,0.523621,2.528023818384814e-05,2.674612,747.4,0.0856
660,1,255.58,10149.47,0.505984,2.531708224786005e-05,2.975539,760.0,0.0842
661,1,255.78,10141.75,0.567102,2.535392631187196e-05,3.114311,750.2,0.0853
662,1,255.97,10133.82,0.439632,2.539077037588387e-05,2.671341,755.4,0.0847
663,1,256.17,10125.92,0.515044,2.542761443989578e-05,2.954664,762.5,0.0839
664,1,256.37,10118.17,0.5248,2.5464458503907685e-05,2.427372,737.6,0.0868
665,1,256.57,10110.29,0.527978,2.5501302567919594e-05,3.070235,749.2,0.0854
666,1,256.76,10102.45,0.507522,2.55381466319315e-05,2.92082,758.0,0.0844
667,1,256.96,10094.71,0.491751,2.5574990695943406e-05,4.718557,746.9,0.0857
668,1,257.16,10086.91,0.462373,2.5611834759955315e-05,3.482394,754.7,0.0848
669,1,257.36,10079.2,0.396142,2.564867882396722e-05,3.671451,753.2,0.085
670,1,257.56,10071.56,0.470299,2.568552288797913e-05,3.067926,740.4,0.0864
671,1,257.75,10063.85,0.559703,2.572236695199104e-05,5.397377,752.0,0.0851
672,1,257.95,10056.26,0.513285,2.5759211016002945e-05,3.800274,739.9,0.0865
673,1,258.15,10048.57,0.562406,2.5796055080014854e-05,4.273454,750.7,0.0852
674,1,258.35,10040.99,0.567739,2.5832899144026764e-05,4.134683,735.8,0.087
675,1,258.54,10033.4,0.526657,2.5869743208038673e-05,4.053971,739.5,0.0865
676,1,258.74,10025.81,0.385268,2.5906587272050582e-05,3.241852,746.2,0.0858
677,1,258.94,10018.28,0.469433,2.594343133606249e-05,3.594183,741.0,0.0864
678,1,259.13,10010.65,0.49647,2.59802754000744e-05,4.232317,767.9,0.0833
679,1,259.33,10003.18,0.526028,2.601711946408631e-05,3.905782,754.9,0.0848
680,1,259.53,9995.79,0.411962,2.605396352809822e-05,2.689635,732.2,0.0874
681,1,259.73,9988.38,0.58299,2.6090807592110125e-05,3.884787,749.8,0.0854
682,1,259.93,9981.02,0.527646,2.6127651656122038e-05,4.539629,728.5,0.0879
683,1,260.12,9973.43,0.565431,2.6164495720133947e-05,3.404428,765.0,0.0837
684,1,260.32,9965.96,0.556976,2.6201339784145856e-05,3.983928,766.6,0.0835
685,1,260.52,9958.62,0.493619,2.6238183848157765e-05,3.074981,745.5,0.0858
686,1,260.72,9951.32,0.443983,2.6275027912169675e-05,2.653796,738.0,0.0867
687,1,260.91,9943.91,0.491178,2.6311871976181584e-05,3.654239,755.3,0.0847
688,1,261.11,9936.63,0.608997,2.6348716040193493e-05,3.579134,740.3,0.0865
689,1,261.31,9929.33,0.403446,2.6385560104205402e-05,3.176387,744.4,0.086
690,1,261.5,9921.97,0.484341,2.6422404168217315e-05,3.727963,760.9,0.0841
691,1,261.7,9914.75,0.441498,2.6459248232229228e-05,3.650276,746.6,0.0857
692,1,261.9,9907.49,0.615296,2.6496092296241137e-05,4.732827,756.0,0.0847
693,1,262.1,9900.29,0.508673,2.6532936360253046e-05,3.278856,757.7,0.0845
694,1,262.29,9893.1,0.456083,2.656978042426496e-05,2.811083,752.3,0.0851
695,1,262.49,9885.88,0.499962,2.660662448827687e-05,2.662624,760.4,0.0842
696,1,262.69,9878.78,0.528996,2.6643468552288777e-05,5.424282,745.4,0.0859
697,1,262.88,9871.54,0.513195,2.6680312616300683e-05,3.605199,771.8,0.0829
698,1,263.08,9864.46,0.494996,2.6717156680312593e-05,2.872118,754.2,0.0849
699,1,263.28,9857.49,0.442794,2.67540007443245e-05,3.594505,737.9,0.0867
700,1,263.48,9850.34,0.537274,2.6790844808336408e-05,4.587579,757.9,0.0844
701,1,263.68,9843.51,0.526462,2.6827688872348317e-05,3.68938,744.5,0.086
702,1,263.88,9836.43,0.487849,2.6864532936360226e-05,3.493775,759.0,0.0843
703,1,264.07,9829.35,0.425124,2.690137700037214e-05,2.74866,764.1,0.0838
704,1,264.28,9822.47,0.439473,2.6938221064384048e-05,3.128989,734.7,0.0871
705,1,264.47,9815.49,0.55053,2.697506512839596e-05,4.220548,741.3,0.0863
706,1,264.67,9808.53,0.460237,2.7011909192407867e-05,4.373801,745.7,0.0858
707,1,264.87,9801.61,0.44717,2.7048753256419776e-05,3.464447,737.7,0.0868
708,1,265.07,9794.95,0.530822,2.7085597320431685e-05,3.679899,685.9,0.0933
709,1,265.26,9787.77,0.490883,2.7122441384443598e-05,4.692417,747.4,0.0856
710,1,265.46,9780.9,0.531475,2.7159285448455507e-05,3.497102,747.9,0.0856
711,1,265.66,9774.07,0.416315,2.7196129512467416e-05,4.881577,739.5,0.0865
712,1,265.85,9767.14,0.466641,2.723297357647933e-05,4.045803,757.1,0.0845
713,1,266.05,9760.4,0.490064,2.7269817640491238e-05,5.545866,737.3,0.0868
714,1,266.25,9753.58,0.49457,2.7306661704503144e-05,3.459345,743.2,0.0861
715,1,266.45,9746.75,0.56926,2.7343505768515057e-05,8.310013,753.8,0.0849
716,1,266.65,9740.15,0.406737,2.7380349832526966e-05,4.129981,714.8,0.0895
717,1,266.84,9733.28,0.338388,2.7417193896538875e-05,3.714515,739.9,0.0865
718,1,267.04,9726.52,0.582191,2.7454037960550785e-05,6.777545,748.6,0.0855
719,1,267.24,9719.81,0.587001,2.749088202456269e-05,7.755392,745.7,0.0858
720,1,267.43,9713.06,0.467428,2.7527726088574596e-05,3.585478,761.1,0.0841
721,1,267.64,9706.56,0.438636,2.7564570152586506e-05,6.02185,747.2,0.0857
722,1,267.83,9699.91,0.40551,2.7601414216598415e-05,4.663841,745.1,0.0859
723,1,268.03,9693.27,0.643314,2.7638258280610324e-05,7.674304,740.2,0.0865
724,1,268.23,9686.73,0.572906,2.767510234462223e-05,8.70149,726.5,0.0881
725,1,268.43,9680.05,0.417217,2.7711946408634136e-05,3.273253,752.2,0.0851
726,1,268.62,9673.39,0.512248,2.774879047264605e-05,3.66081,770.6,0.0831
727,1,268.82,9666.86,0.573226,2.778563453665796e-05,7.823057,746.0,0.0858
728,1,269.02,9660.35,0.55666,2.782247860066987e-05,5.635831,742.1,0.0862
729,1,269.21,9653.7,0.567726,2.785932266468178e-05,4.578588,767.7,0.0834
730,1,269.41,9647.17,0.398636,2.7896166728693686e-05,4.120062,763.5,0.0838
731,1,269.61,9640.79,0.45369,2.7933010792705595e-05,3.789098,725.4,0.0882
732,1,269.81,9634.22,0.531473,2.7969854856717507e-05,5.87421,755.5,0.0847
733,1,270.01,9627.91,0.404929,2.8006698920729417e-05,2.270819,711.5,0.0899
734,1,270.2,9621.34,0.480706,2.8043542984741323e-05,3.406376,741.3,0.0863
735,1,270.4,9615.01,0.749062,2.8080387048753235e-05,5.938907,738.2,0.0867
736,1,270.6,9608.58,0.468864,2.811723111276514e-05,3.97959,747.6,0.0856
737,1,270.8,9602.16,0.465035,2.815407517677705e-05,2.799437,753.0,0.085
738,1,271.0,9595.75,0.493799,2.819091924078896e-05,3.374817,759.1,0.0843
739,1,271.19,9589.37,0.516575,2.822776330480087e-05,3.859012,763.9,0.0838
740,1,271.39,9583.06,0.467289,2.8264607368812778e-05,4.463956,755.8,0.0847
741,1,271.59,9576.91,0.502755,2.8301451432824684e-05,3.954747,753.3,0.085
742,1,271.79,9570.54,0.470279,2.833829549683659e-05,3.84743,764.2,0.0837
743,1,271.99,9564.34,0.557446,2.8375139560848503e-05,2.876724,743.0,0.0861
744,1,272.19,9558.06,0.432655,2.8411983624860412e-05,3.549415,744.8,0.0859
745,1,272.39,9551.81,0.537087,2.844882768887232e-05,3.536506,743.1,0.0861
746,1,272.58,9545.58,0.446515,2.848567175288423e-05,4.288652,739.0,0.0866
747,1,272.78,9539.32,0.542812,2.8522515816896143e-05,3.701829,745.9,0.0858
748,1,272.98,9533.17,0.611266,2.8559359880908052e-05,8.010845,733.9,0.0872
749,1,273.18,9527.04,0.484,2.8596203944919958e-05,3.351198,723.6,0.0884
750,1,273.38,9520.82,0.615836,2.8633048008931867e-05,5.408958,745.3,0.0859
751,1,273.58,9514.68,0.483299,2.8669892072943777e-05,4.787072,743.2,0.0861
752,1,273.77,9508.55,0.614757,2.8706736136955686e-05,4.572952,736.5,0.0869
753,1,273.97,9502.4,0.482306,2.8743580200967595e-05,4.387891,743.3,0.0861
754,1,274.17,9496.26,0.504223,2.8780424264979508e-05,3.117678,750.6,0.0853
755,1,274.37,9490.21,0.477448,2.8817268328991417e-05,3.128913,733.1,0.0873
756,1,274.56,9484.03,0.480885,2.8854112393003323e-05,2.986555,756.7,0.0846
757,1,274.76,9478.05,0.468861,2.8890956457015232e-05,3.912145,733.9,0.0872
758,1,274.96,9471.95,0.430421,2.8927800521027145e-05,2.804934,745.8,0.0858
759,1,275.16,9466.05,0.517155,2.896464458503905e-05,5.075012,708.4,0.0903
760,1,275.35,9459.82,0.558532,2.900148864905096e-05,4.138023,753.8,0.0849
761,1,275.56,9454.04,0.558188,2.903833271306287e-05,3.054839,738.1,0.0867
762,1,275.75,9448.01,0.482712,2.907517677707478e-05,3.699715,743.8,0.086
763,1,275.95,9441.99,0.387306,2.9112020841086688e-05,2.954306,756.7,0.0846
764,1,276.15,9436.1,0.618894,2.9148864905098597e-05,4.173506,743.9,0.086
765,1,276.35,9430.23,0.425664,2.9185708969110506e-05,2.473822,733.4,0.0873
766,1,276.55,9424.27,0.402939,2.9222553033122415e-05,3.710971,748.2,0.0855
767,1,276.75,9418.49,0.594952,2.9259397097134328e-05,7.468614,731.5,0.0875
768,1,276.94,9412.49,0.555825,2.9296241161146234e-05,2.88535,755.5,0.0847
769,1,277.14,9406.59,0.498486,2.9333085225158143e-05,4.096083,748.6,0.0855
770,1,277.34,9400.71,0.411626,2.9369929289170056e-05,3.079924,748.4,0.0855
771,1,277.54,9394.87,0.513025,2.9406773353181962e-05,3.641256,741.5,0.0863
772,1,277.74,9389.04,0.487845,2.944361741719387e-05,2.810289,731.1,0.0875
773,1,277.93,9383.16,0.411259,2.9480461481205777e-05,3.291823,745.9,0.0858
774,1,278.13,9377.36,0.429249,2.9517305545217686e-05,2.870693,741.8,0.0863
775,1,278.33,9371.57,0.583747,2.9554149609229595e-05,8.235931,745.0,0.0859
776,1,278.53,9365.86,0.566014,2.9590993673241505e-05,4.256369,724.2,0.0884
777,1,278.72,9360.01,0.450601,2.962783773725341e-05,3.30336,749.2,0.0854
778,1,278.92,9354.18,0.558136,2.9664681801265316e-05,4.125687,766.1,0.0835
779,1,279.12,9348.45,0.452768,2.9701525865277226e-05,3.881515,751.8,0.0851
780,1,279.31,9342.71,0.389724,2.9738369929289135e-05,3.620702,747.9,0.0856
781,1,279.52,9337.09,0.483291,2.9775213993301048e-05,3.62678,750.8,0.0852
782,1,279.71,9331.4,0.514052,2.9812058057312953e-05,5.324059,749.3,0.0854
783,1,279.91,9325.73,0.407573,2.9848902121324863e-05,3.231111,749.7,0.0854
784,1,280.11,9320.08,0.468571,2.9885746185336772e-05,4.286098,746.3,0.0858
785,1,280.31,9314.55,0.548434,2.9922590249348685e-05,4.496273,701.7,0.0912
786,1,280.5,9308.75,0.589077,2.9959434313360594e-05,6.413321,739.7,0.0865
787,1,280.7,9303.13,0.465443,2.9996278377372507e-05,3.52488,736.2,0.0869
788,1,280.9,9297.49,0.457156,3.0033122441384416e-05,3.372707,743.5,0.0861
789,1,281.1,9291.84,0.422471,3.006996650539633e-05,4.065926,746.1,0.0858
790,1,281.29,9286.17,0.648548,3.010681056940824e-05,4.465776,760.1,0.0842
791,1,281.49,9280.57,0.493104,3.0143654633420147e-05,4.438337,753.8,0.0849
792,1,281.69,9275.01,0.537717,3.018049869743206e-05,3.090902,751.1,0.0852
793,1,281.88,9269.43,0.539114,3.021734276144397e-05,3.952722,756.4,0.0846
794,1,282.08,9263.97,0.400244,3.025418682545588e-05,2.808535,740.8,0.0864
795,1,282.28,9258.42,0.461855,3.029103088946779e-05,3.547648,748.8,0.0855
796,1,282.48,9252.93,0.51096,3.0327874953479703e-05,5.146562,745.6,0.0858
797,1,282.68,9247.43,0.42031,3.036471901749161e-05,3.500535,752.2,0.0851
798,1,282.89,9242.52,0.503895,3.0401563081503515e-05,3.269775,644.7,0.0993
799,1,283.09,9237.02,0.556493,3.0438407145515428e-05,3.941936,709.3,0.0902
800,1,283.29,9231.58,0.524676,3.047525120952734e-05,4.069353,722.3,0.0886
801,1,283.55,9228.33,0.429477,3.0512095273539253e-05,4.844047,697.2,0.0918
802,1,283.75,9222.96,0.587945,3.054893933755116e-05,7.577567,703.7,0.0909
803,1,283.94,9217.4,0.473801,3.0585783401563075e-05,4.246978,749.6,0.0854
804,1,284.14,9211.99,0.518425,3.062262746557498e-05,4.475774,750.7,0.0853
805,1,284.34,9206.64,0.503021,3.065947152958689e-05,2.854592,742.2,0.0862
806,1,284.54,9201.46,0.551842,3.069631559359879e-05,3.822909,697.3,0.0918
807,1,284.74,9196.11,0.498528,3.0733159657610705e-05,3.253824,727.2,0.088
808,1,284.94,9190.77,0.584148,3.077000372162262e-05,6.721389,739.2,0.0866
809,1,285.14,9185.42,0.586894,3.0806847785634524e-05,5.496059,744.8,0.0859
810,1,285.34,9180.11,0.538967,3.084369184964643e-05,4.48833,737.2,0.0868
811,1,285.54,9174.9,0.51261,3.088053591365834e-05,2.542769,720.8,0.0888
812,1,285.74,9169.68,0.411412,3.0917379977670255e-05,2.904121,730.4,0.0876
813,1,285.94,9164.43,0.513521,3.095422404168216e-05,2.748465,733.2,0.0873
814,1,286.13,9159.1,0.515433,3.0991068105694073e-05,2.647546,750.2,0.0853
815,1,286.33,9153.87,0.465962,3.102791216970598e-05,2.918826,742.6,0.0862
816,1,286.54,9148.78,0.543166,3.1064756233717885e-05,6.444334,696.9,0.0918
817,1,286.74,9143.62,0.45071,3.11016002977298e-05,2.677539,728.0,0.0879
818,1,286.93,9138.35,0.581784,3.1138444361741704e-05,4.690243,750.9,0.0852
819,1,287.13,9133.1,0.461197,3.1175288425753616e-05,3.317026,759.2,0.0843
820,1,287.33,9127.96,0.46571,3.121213248976552e-05,4.814462,740.4,0.0864
821,1,287.54,9123.04,0.445394,3.124897655377743e-05,2.838035,716.6,0.0893
822,1,287.73,9117.89,0.463458,3.1285820617789334e-05,3.179343,738.1,0.0867
823,1,287.93,9112.76,0.461554,3.132266468180124e-05,2.451941,740.6,0.0864
824,1,288.13,9107.62,0.452828,3.135950874581315e-05,2.034324,744.9,0.0859
825,1,288.33,9102.5,0.558916,3.1396352809825065e-05,7.1067,744.7,0.0859
826,1,288.53,9097.52,0.466413,3.143319687383698e-05,2.737887,706.8,0.0906
827,1,288.73,9092.34,0.467978,3.1470040937848884e-05,2.501226,754.1,0.0849
828,1,288.93,9087.33,0.510688,3.150688500186079e-05,3.522012,731.1,0.0875
829,1,289.13,9082.17,0.470353,3.1543729065872695e-05,2.749385,757.4,0.0845
830,1,289.32,9077.08,0.493592,3.15805731298846e-05,4.763854,764.9,0.0837
831,1,289.53,9072.25,0.699503,3.161741719389651e-05,5.474845,706.3,0.0906
832,1,289.73,9067.16,0.573428,3.165426125790842e-05,3.560894,728.4,0.0879
833,1,289.92,9062.14,0.555817,3.1691105321920326e-05,5.357314,729.1,0.0878
834,1,290.12,9057.09,0.63329,3.172794938593224e-05,5.350152,732.0,0.0874
835,1,290.32,9052.1,0.520526,3.1764793449944144e-05,4.073451,732.5,0.0874
836,1,290.53,9047.3,0.412878,3.180163751395605e-05,2.688527,704.1,0.0909
837,1,290.72,9042.31,0.453388,3.183848157796796e-05,2.35667,751.0,0.0852
838,1,290.93,9037.5,0.519846,3.1875325641979875e-05,2.416921,711.2,0.09
839,1,291.13,9032.52,0.447516,3.191216970599179e-05,2.24981,722.3,0.0886
840,1,291.32,9027.48,0.515113,3.1949013770003694e-05,4.645702,742.3,0.0862
841,1,291.53,9022.83,0.49918,3.1985857834015607e-05,3.98208,715.9,0.0894
842,1,291.72,9017.78,0.407947,3.202270189802752e-05,3.67418,764.6,0.0837
843,1,291.92,9012.84,0.503289,3.205954596203943e-05,3.198623,761.7,0.084
844,1,292.12,9007.9,0.465961,3.2096390026051344e-05,2.996706,769.3,0.0832
845,1,292.32,9002.99,0.496738,3.213323409006325e-05,5.001239,761.0,0.0841
846,1,292.52,8998.36,0.407218,3.217007815407516e-05,2.565913,717.0,0.0893
847,1,292.72,8993.42,0.463447,3.2206922218087076e-05,4.853458,742.0,0.0862
848,1,292.92,8988.52,0.388859,3.224376628209899e-05,2.357688,762.8,0.0839
849,1,293.12,8983.7,0.467763,3.22806103461109e-05,3.323957,750.1,0.0853
850,1,293.31,8978.84,0.475192,3.231745441012281e-05,3.885946,755.5,0.0847
851,1,293.52,8974.2,0.557338,3.235429847413472e-05,3.66604,704.8,0.0908
852,1,293.72,8969.38,0.528393,3.239114253814663e-05,4.445487,729.4,0.0877
853,1,293.91,8964.58,0.401575,3.242798660215854e-05,2.286966,735.0,0.0871
854,1,294.11,8959.82,0.561772,3.246483066617045e-05,4.179082,722.7,0.0886
855,1,294.31,8954.92,0.523415,3.2501674730182357e-05,5.350186,758.5,0.0844
856,1,294.51,8950.36,0.491901,3.253851879419427e-05,2.798393,691.7,0.0925
857,1,294.72,8945.77,0.433231,3.257536285820618e-05,3.528134,670.9,0.0954
858,1,294.91,8940.9,0.437909,3.261220692221809e-05,3.310621,708.9,0.0903
859,1,295.11,8936.06,0.36879,3.264905098623e-05,2.762447,744.4,0.086
860,1,295.3,8931.24,0.500788,3.2685895050241906e-05,3.716783,764.6,0.0837
861,1,295.52,8926.91,0.501265,3.272273911425381e-05,3.400417,680.9,0.094
862,1,295.71,8922.2,0.475982,3.2759583178265725e-05,4.113697,712.5,0.0898
863,1,295.91,8917.39,0.33014,3.279642724227764e-05,3.310488,749.5,0.0854
864,1,296.11,8912.72,0.559492,3.283327130628954e-05,4.962254,743.7,0.0861
865,1,296.31,8908.05,0.54238,3.2870115370301456e-05,4.731184,737.0,0.0868
866,1,296.51,8903.56,0.485417,3.290695943431336e-05,3.263993,695.8,0.092
867,1,296.71,8898.85,0.597825,3.2943803498325274e-05,4.269683,733.3,0.0873
868,1,296.9,8894.15,0.405376,3.298064756233718e-05,5.27974,753.8,0.0849
869,1,297.1,8889.55,0.646165,3.301749162634909e-05,5.359923,746.8,0.0857
870,1,297.3,8884.88,0.481049,3.3054335690361006e-05,3.060654,758.3,0.0844
871,1,297.51,8880.43,0.568503,3.309117975437291e-05,3.449002,708.1,0.0904
872,1,297.71,8875.99,0.375268,3.312802381838482e-05,2.111394,687.8,0.093
873,1,297.9,8871.29,0.502842,3.316486788239673e-05,3.27665,723.8,0.0884
874,1,298.1,8866.62,0.428321,3.320171194640864e-05,4.401791,757.4,0.0845
875,1,298.3,8862.07,0.415863,3.3238556010420555e-05,3.363435,752.2,0.0851
876,1,298.51,8857.77,0.474861,3.327540007443246e-05,3.731549,675.6,0.0947
877,1,298.71,8853.36,0.522599,3.331224413844437e-05,3.324546,708.5,0.0903
878,1,298.92,8849.14,0.475338,3.334908820245628e-05,3.198299,647.5,0.0988
879,1,299.11,8844.36,0.427084,3.3385932266468186e-05,3.051446,727.7,0.088
880,1,299.31,8839.77,0.485278,3.342277633048009e-05,3.199451,743.8,0.086
881,1,299.52,8835.55,0.507971,3.3459620394492004e-05,5.885591,695.5,0.092
882,1,299.71,8831.03,0.436217,3.349646445850392e-05,3.108775,718.0,0.0891
883,1,299.91,8826.49,0.510668,3.353330852251582e-05,3.014915,740.1,0.0865
884,1,300.11,8821.95,0.477128,3.357015258652773e-05,4.198406,753.2,0.085
885,1,300.31,8817.49,0.446983,3.360699665053964e-05,4.159912,741.3,0.0863
886,1,300.51,8813.15,0.438663,3.3643840714551554e-05,3.397719,705.8,0.0907
887,1,300.71,8808.68,0.37805,3.368068477856346e-05,2.748311,726.2,0.0881
888,1,300.91,8804.26,0.410391,3.371752884257537e-05,2.29209,733.6,0.0872
889,1,301.11,8799.83,0.42672,3.375437290658728e-05,3.194039,732.8,0.0873
890,1,301.3,8795.38,0.591001,3.379121697059919e-05,4.480749,739.4,0.0866
891,1,301.51,8791.18,0.450723,3.3828061034611103e-05,3.015135,679.6,0.0942
892,1,301.71,8786.7,0.350455,3.386490509862301e-05,2.546017,714.6,0.0896
893,1,301.9,8782.25,0.472282,3.390174916263492e-05,3.694275,740.0,0.0865
894,1,302.1,8777.86,0.558034,3.393859322664683e-05,4.034895,738.0,0.0867
895,1,302.3,8773.43,0.391473,3.397543729065874e-05,2.309965,750.2,0.0853
896,1,302.51,8769.29,0.469045,3.4012281354670646e-05,2.760048,681.7,0.0939
897,1,302.7,8764.81,0.475895,3.404912541868255e-05,3.045844,728.7,0.0878
898,1,302.9,8760.45,0.476595,3.408596948269446e-05,3.081268,741.4,0.0863
899,1,303.1,8756.12,0.511796,3.4122813546706364e-05,4.23915,743.5,0.0861
900,1,303.3,8751.81,0.412229,3.415965761071827e-05,2.035842,737.2,0.0868
901,1,312.79,9015.32,0.485153,3.4196501674730176e-05,4.897067,685.1,0.0934
902,1,313.01,9011.25,0.484086,3.423334573874209e-05,2.435909,754.0,0.0849
903,1,313.2,9006.54,0.63785,3.4270189802754e-05,4.988081,771.0,0.083
904,1,313.4,9001.91,0.560395,3.430703386676591e-05,3.917914,758.3,0.0844
905,1,313.61,8997.52,0.517323,3.434387793077781e-05,2.939748,697.1,0.0918
906,1,313.81,8993.05,0.517538,3.4380721994789725e-05,5.145801,681.7,0.0939
907,1,314.0,8988.18,0.517999,3.441756605880163e-05,3.455368,757.9,0.0844
908,1,314.19,8983.47,0.502691,3.4454410122813544e-05,2.670285,783.8,0.0817
909,1,314.39,8978.83,0.495074,3.4491254186825457e-05,2.917233,785.8,0.0814
910,1,314.59,8974.47,0.552972,3.452809825083737e-05,3.110028,713.0,0.0898
911,1,314.79,8969.93,0.430109,3.456494231484928e-05,4.423444,722.4,0.0886
912,1,314.99,8965.38,0.455412,3.4601786378861194e-05,4.317916,726.7,0.0881
913,1,315.18,8960.79,0.452463,3.46386304428731e-05,4.08739,744.7,0.0859
914,1,315.38,8956.27,0.440375,3.4675474506885006e-05,4.160332,737.3,0.0868
915,1,315.59,8952.16,0.482694,3.471231857089692e-05,3.401282,645.7,0.0991
916,1,315.79,8947.61,0.563325,3.474916263490883e-05,3.838296,683.1,0.0937
917,1,315.99,8943.04,0.435515,3.478600669892074e-05,3.25095,731.4,0.0875
918,1,316.18,8938.59,0.510902,3.482285076293265e-05,4.669333,728.6,0.0878
919,1,316.38,8934.14,0.459934,3.485969482694456e-05,3.038574,720.9,0.0888
920,1,316.58,8929.7,0.481498,3.4896538890956475e-05,3.669955,715.3,0.0895
921,1,316.78,8925.28,0.488904,3.493338295496839e-05,3.205683,757.9,0.0844
922,1,316.98,8920.83,0.425327,3.49702270189803e-05,2.443057,753.9,0.0849
923,1,317.18,8916.31,0.570732,3.500707108299221e-05,5.115664,768.9,0.0832
924,1,317.37,8911.87,0.569676,3.504391514700412e-05,3.805607,759.5,0.0843
925,1,317.58,8907.59,0.524798,3.508075921101603e-05,4.150381,712.9,0.0898
926,1,317.78,8903.37,0.41634,3.511760327502794e-05,2.941749,678.2,0.0944
927,1,317.97,8898.73,0.41192,3.5154447339039844e-05,2.982859,743.6,0.0861
928,1,318.17,8894.34,0.47379,3.519129140305175e-05,2.228083,739.4,0.0866
929,1,318.36,8889.88,0.545527,3.522813546706366e-05,4.732842,754.9,0.0848
930,1,318.57,8885.73,0.428858,3.5264979531075575e-05,2.879325,698.4,0.0916
931,1,318.77,8881.26,0.46035,3.530182359508749e-05,2.855319,746.3,0.0858
932,1,318.96,8876.89,0.524983,3.533866765909939e-05,3.540289,749.3,0.0854
933,1,319.16,8872.42,0.580049,3.5375511723111306e-05,4.63083,777.0,0.0824
934,1,319.35,8868.06,0.563466,3.541235578712321e-05,3.813869,768.6,0.0833
935,1,319.56,8864.08,0.387303,3.544919985113512e-05,3.159084,663.5,0.0965
936,1,319.76,8859.57,0.530278,3.5486043915147023e-05,3.3819,714.9,0.0895
937,1,319.95,8855.19,0.370646,3.5522887979158936e-05,2.739999,738.6,0.0867
938,1,320.15,8850.85,0.529022,3.555973204317084e-05,3.559347,755.0,0.0848
939,1,320.35,8846.57,0.441655,3.5596576107182755e-05,3.224929,740.8,0.0864
940,1,320.55,8842.38,0.445843,3.563342017119466e-05,2.871187,720.8,0.0888
941,1,320.75,8838.26,0.482413,3.567026423520657e-05,3.770303,731.3,0.0875
942,1,320.95,8833.93,0.498371,3.5707108299218486e-05,3.697847,758.6,0.0844
943,1,321.15,8829.7,0.521085,3.57439523632304e-05,3.984069,745.9,0.0858
944,1,321.34,8825.4,0.375278,3.578079642724231e-05,3.014066,757.0,0.0845
945,1,321.55,8821.29,0.470995,3.581764049125422e-05,2.630943,714.0,0.0896
946,1,321.74,8817.01,0.350698,3.585448455526612e-05,3.085084,735.2,0.0871
947,1,321.94,8812.79,0.432895,3.589132861927803e-05,4.21849,737.3,0.0868
948,1,322.14,8808.54,0.402654,3.592817268328994e-05,2.789243,746.4,0.0857
949,1,322.33,8804.24,0.474065,3.596501674730185e-05,4.473901,767.0,0.0834
950,1,322.54,8800.28,0.450672,3.600186081131376e-05,3.762556,700.7,0.0913
951,1,322.74,8795.97,0.498175,3.603870487532567e-05,5.934287,755.0,0.0848
952,1,322.94,8791.91,0.436795,3.6075548939337585e-05,4.729819,711.4,0.09
953,1,323.13,8787.66,0.646488,3.611239300334949e-05,4.899134,742.4,0.0862
954,1,323.33,8783.44,0.553569,3.61492370673614e-05,4.439569,752.4,0.0851
955,1,323.53,8779.36,0.572583,3.618608113137331e-05,5.810843,729.5,0.0877
956,1,323.73,8775.16,0.561508,3.6222925195385215e-05,6.635656,750.8,0.0852
957,1,323.93,8771.06,0.490858,3.625976925939713e-05,3.274602,739.6,0.0865
958,1,324.12,8766.9,0.533725,3.629661332340904e-05,3.42153,753.8,0.0849
959,1,324.32,8762.8,0.511375,3.633345738742095e-05,3.841148,736.0,0.087
960,1,324.53,8758.81,0.500749,3.6370301451432866e-05,2.626169,700.5,0.0914
961,1,324.73,8754.95,0.509279,3.640714551544478e-05,3.482449,688.7,0.0929
962,1,324.93,8750.85,0.49841,3.644398957945669e-05,3.679569,685.3,0.0934
963,1,325.12,8746.6,0.509925,3.64808336434686e-05,4.101778,735.0,0.0871
964,1,325.32,8742.46,0.491093,3.65176777074805e-05,3.342615,754.9,0.0848
965,1,325.52,8738.56,0.514615,3.6554521771492416e-05,3.612005,701.4,0.0912
966,1,325.72,8734.41,0.558577,3.659136583550433e-05,2.926779,732.9,0.0873
967,1,325.92,8730.5,0.56931,3.662820989951624e-05,3.957622,697.1,0.0918
968,1,326.12,8726.3,0.504285,3.6665053963528154e-05,6.475867,740.6,0.0864
969,1,326.32,8722.28,0.522324,3.670189802754006e-05,4.061328,731.2,0.0875
970,1,326.52,8718.35,0.586395,3.673874209155197e-05,5.09437,706.7,0.0906
971,1,326.71,8714.22,0.53791,3.677558615556388e-05,2.838722,751.5,0.0852
972,1,326.91,8710.24,0.531241,3.6812430219575784e-05,5.498936,740.7,0.0864
973,1,327.11,8706.23,0.551627,3.684927428358769e-05,6.527938,757.2,0.0845
974,1,327.31,8702.25,0.485891,3.68861183475996e-05,4.987362,746.7,0.0857
975,1,327.51,8698.37,0.597632,3.6922962411611515e-05,3.885487,698.2,0.0917
976,1,327.73,8694.9,0.537166,3.695980647562342e-05,2.903342,590.4,0.1084
977,1,327.93,8690.94,0.630805,3.699665053963533e-05,4.201425,724.7,0.0883
978,1,328.12,8686.9,0.582848,3.703349460364723e-05,3.931623,751.8,0.0851
979,1,328.32,8682.85,0.569273,3.707033866765914e-05,5.071361,766.1,0.0835
980,1,328.52,8679.05,0.556168,3.7107182731671044e-05,2.400501,706.3,0.0906
981,1,328.73,8675.27,0.505756,3.714402679568295e-05,3.854661,738.9,0.0866
982,1,328.92,8671.27,0.568837,3.7180870859694856e-05,3.553226,755.1,0.0848
983,1,329.12,8667.33,0.622944,3.721771492370676e-05,3.233481,748.8,0.0855
984,1,329.32,8663.38,0.508525,3.7254558987718675e-05,2.555416,754.1,0.0849
985,1,329.52,8659.59,0.481286,3.729140305173059e-05,3.380797,722.8,0.0885
986,1,329.72,8655.62,0.498843,3.73282471157425e-05,2.988505,752.3,0.0851
987,1,329.92,8651.82,0.470037,3.7365091179754406e-05,2.056274,740.5,0.0864
988,1,330.12,8647.86,0.514554,3.740193524376631e-05,3.711926,755.1,0.0848
989,1,330.32,8644.01,0.449818,3.743877930777822e-05,3.28226,738.8,0.0866
990,1,330.52,8640.2,0.50737,3.7475623371790123e-05,2.367324,726.1,0.0881
991,1,330.72,8636.37,0.451935,3.7512467435802036e-05,2.582671,742.5,0.0862
992,1,330.92,8632.52,0.510039,3.754931149981394e-05,2.507498,750.9,0.0852
993,1,331.11,8628.61,0.572956,3.758615556382585e-05,3.466521,769.9,0.0831
994,1,331.31,8624.8,0.402452,3.7622999627837754e-05,2.764141,744.5,0.086
995,1,331.52,8621.08,0.489091,3.7659843691849666e-05,3.790699,708.4,0.0904
996,1,331.71,8617.16,0.424752,3.769668775586157e-05,3.265749,757.1,0.0845
997,1,331.91,8613.4,0.53671,3.7733531819873485e-05,3.33698,724.1,0.0884
998,1,332.11,8609.6,0.458924,3.777037588388539e-05,3.685554,717.1,0.0892
999,1,332.3,8605.59,0.403398,3.7807219947897303e-05,2.48339,775.5,0.0825
1000,1,332.51,8601.92,0.43485,3.7844064011909216e-05,3.54514,718.1,0.0891
1001,1,332.71,8598.29,0.470074,3.788090807592113e-05,3.406093,752.8,0.085
1002,1,332.91,8594.49,0.446999,3.7917752139933035e-05,3.051301,757.2,0.0845
1003,1,333.1,8590.64,0.437927,3.795459620394494e-05,5.611593,773.1,0.0828
1004,1,333.3,8586.9,0.572924,3.7991440267956846e-05,3.432302,750.8,0.0852
1005,1,333.54,8584.08,0.533349,3.802828433196876e-05,4.181199,523.7,0.1222
1006,1,333.74,8580.29,0.497936,3.8065128395980665e-05,5.398887,736.9,0.0869
1007,1,333.93,8576.49,0.679233,3.810197245999257e-05,5.40461,751.8,0.0851
1008,1,334.13,8572.71,0.572432,3.8138816524004477e-05,3.968293,754.1,0.0849
1009,1,334.33,8568.95,0.452373,3.817566058801638e-05,3.732663,758.0,0.0844
1010,1,334.53,8565.33,0.417001,3.8212504652028295e-05,2.190731,718.2,0.0891
1011,1,334.74,8561.76,0.444842,3.824934871604021e-05,3.525628,676.4,0.0946
1012,1,334.93,8557.83,0.49212,3.828619278005212e-05,2.917007,733.5,0.0873
1013,1,335.12,8554.06,0.484628,3.8323036844064026e-05,2.360099,750.1,0.0853
1014,1,335.32,8550.37,0.629971,3.835988090807593e-05,3.945954,737.9,0.0867
1015,1,335.53,8546.91,0.488182,3.839672497208784e-05,2.951382,692.3,0.0924
1016,1,335.72,8543.11,0.49083,3.843356903609975e-05,2.848887,744.9,0.0859
1017,1,335.93,8539.51,0.436214,3.8470413100111657e-05,2.648922,714.9,0.0895
1018,1,336.12,8535.73,0.495464,3.850725716412356e-05,3.275996,739.0,0.0866
1019,1,336.32,8532.05,0.409177,3.8544101228135475e-05,4.084719,736.8,0.0869
1020,1,336.52,8528.59,0.463611,3.858094529214738e-05,3.741957,685.3,0.0934
1021,1,336.73,8525.15,0.511613,3.8617789356159294e-05,4.587272,733.8,0.0872
1022,1,336.93,8521.44,0.452436,3.86546334201712e-05,2.970103,751.9,0.0851
1023,1,337.13,8517.88,0.478849,3.8691477484183105e-05,4.932707,712.3,0.0898
1024,1,337.32,8514.12,0.587545,3.872832154819502e-05,6.440865,742.0,0.0862
1025,1,337.53,8510.71,0.505635,3.8765165612206924e-05,3.084094,678.7,0.0943
1026,1,337.72,8506.97,0.417429,3.8802009676218837e-05,2.644298,731.6,0.0875
1027,1,337.92,8503.4,0.510541,3.883885374023074e-05,2.858397,725.2,0.0883
1028,1,338.12,8499.75,0.531461,3.8875697804242655e-05,3.368916,736.1,0.0869
1029,1,338.32,8496.08,0.448471,3.891254186825457e-05,2.540539,751.8,0.0851
1030,1,338.52,8492.65,0.443352,3.8949385932266474e-05,3.255228,703.7,0.091
1031,1,338.72,8489.02,0.487295,3.898622999627838e-05,3.015487,733.2,0.0873
1032,1,338.92,8485.47,0.438421,3.9023074060290285e-05,4.19675,730.5,0.0876
1033,1,339.12,8481.85,0.40348,3.905991812430219e-05,3.463706,736.7,0.0869
1034,1,339.31,8478.19,0.486095,3.90967621883141e-05,2.77446,757.9,0.0844
1035,1,339.52,8474.76,0.471374,3.913360625232601e-05,3.665786,703.5,0.091
1036,1,339.72,8471.28,0.47442,3.9170450316337916e-05,2.864191,735.4,0.087
1037,1,339.91,8467.69,0.533097,3.920729438034982e-05,3.761195,752.9,0.085
1038,1,340.11,8464.12,0.481815,3.924413844436173e-05,3.073546,758.5,0.0844
1039,1,340.31,8460.58,0.458892,3.928098250837363e-05,3.437471,755.0,0.0848
1040,1,340.52,8457.28,0.428946,3.931782657238554e-05,4.621681,679.1,0.0942
1041,1,340.72,8453.93,0.521086,3.9354670636397445e-05,3.370337,732.7,0.0873
1042,1,340.92,8450.34,0.43581,3.939151470040935e-05,1.95136,765.2,0.0836
1043,1,341.12,8446.78,0.534265,3.9428358764421263e-05,3.46439,768.1,0.0833
1044,1,341.32,8443.34,0.493321,3.946520282843317e-05,4.110217,734.6,0.0871
1045,1,341.52,8440.01,0.374252,3.950204689244508e-05,2.687362,682.0,0.0938
1046,1,341.72,8436.39,0.476884,3.953889095645699e-05,2.387136,742.9,0.0861
1047,1,341.92,8432.93,0.473843,3.9575735020468894e-05,2.612381,730.3,0.0876
1048,1,342.11,8429.38,0.528447,3.96125790844808e-05,2.9984,760.3,0.0842
1049,1,342.31,8425.92,0.532937,3.9649423148492705e-05,3.573354,745.2,0.0859
1050,1,342.51,8422.6,0.401748,3.968626721250461e-05,2.574193,690.8,0.0927
1051,1,342.71,8419.05,0.430049,3.9723111276516524e-05,2.755339,729.0,0.0878
1052,1,342.91,8415.53,0.504628,3.9759955340528437e-05,3.591158,750.2,0.0853
1053,1,343.1,8412.09,0.463337,3.979679940454035e-05,2.767625,745.0,0.0859
1054,1,343.3,8408.58,0.448222,3.983364346855226e-05,3.2999,769.2,0.0832
1055,1,343.5,8405.27,0.475959,3.9870487532564175e-05,2.404937,717.2,0.0892
1056,1,343.7,8401.8,0.459151,3.990733159657608e-05,2.284329,731.0,0.0876
1057,1,343.9,8398.29,0.490858,3.9944175660587986e-05,5.063396,758.5,0.0844
1058,1,344.09,8394.83,0.503561,3.99810197245999e-05,4.203749,771.7,0.0829
1059,1,344.29,8391.48,0.417321,4.0017863788611805e-05,3.118314,747.8,0.0856
1060,1,344.49,8388.04,0.470591,4.005470785262371e-05,3.082932,760.8,0.0841
1061,1,344.69,8384.69,0.57167,4.0091551916635617e-05,4.144761,759.8,0.0842
1062,1,344.89,8381.28,0.375538,4.012839598064753e-05,2.791335,757.0,0.0845
1063,1,345.09,8377.9,0.477208,4.016524004465944e-05,3.977358,747.6,0.0856
1064,1,345.29,8374.5,0.334287,4.0202084108671354e-05,2.213035,751.7,0.0851
1065,1,345.49,8371.14,0.510386,4.023892817268327e-05,4.219507,742.9,0.0862
1066,1,345.68,8367.68,0.437096,4.027577223669518e-05,3.176419,765.2,0.0836
1067,1,345.88,8364.34,0.50192,4.031261630070709e-05,3.566169,745.1,0.0859
1068,1,346.08,8360.94,0.51535,4.0349460364719005e-05,3.202935,757.2,0.0845
1069,1,346.28,8357.59,0.541453,4.038630442873091e-05,5.433665,747.5,0.0856
1070,1,346.48,8354.26,0.41886,4.042314849274282e-05,5.021008,749.4,0.0854
1071,1,346.67,8350.88,0.526584,4.045999255675472e-05,2.628171,753.7,0.0849
1072,1,346.87,8347.53,0.414834,4.0496836620766635e-05,3.125451,749.4,0.0854
1073,1,347.07,8344.17,0.446159,4.053368068477855e-05,3.238758,750.2,0.0853
1074,1,347.27,8340.95,0.620111,4.0570524748790454e-05,4.313179,707.5,0.0905
1075,1,347.47,8337.55,0.491851,4.060736881280236e-05,4.856156,724.8,0.0883
1076,1,347.66,8334.12,0.535048,4.0644212876814266e-05,4.556684,760.5,0.0842
1077,1,347.86,8330.86,0.420004,4.068105694082617e-05,2.659843,734.4,0.0871
1078,1,348.06,8327.52,0.462907,4.071790100483808e-05,4.612335,746.5,0.0857
1079,1,348.25,8324.21,0.49567,4.075474506884998e-05,3.556722,747.4,0.0856
1080,1,348.45,8320.86,0.468632,4.079158913286189e-05,3.861417,759.9,0.0842
1081,1,348.65,8317.64,0.564341,4.0828433196873795e-05,3.22567,764.1,0.0838
1082,1,348.85,8314.4,0.581618,4.08652772608857e-05,7.224131,737.8,0.0867
1083,1,349.05,8311.02,0.506238,4.090212132489761e-05,4.781734,768.0,0.0833
1084,1,349.25,8307.8,0.505448,4.093896538890951e-05,3.27364,740.6,0.0864
1085,1,349.44,8304.44,0.404875,4.097580945292142e-05,3.435706,768.5,0.0833
1086,1,349.64,8301.21,0.623542,4.101265351693333e-05,5.40642,751.8,0.0851
1087,1,349.84,8297.95,0.587107,4.1049497580945244e-05,5.877072,750.6,0.0853
1088,1,350.03,8294.65,0.650786,4.108634164495715e-05,4.360973,766.3,0.0835
1089,1,350.23,8291.36,0.525443,4.1123185708969055e-05,2.385551,771.1,0.083
1090,1,350.43,8288.19,0.389684,4.116002977298096e-05,3.192998,734.4,0.0871
1091,1,350.63,8284.9,0.517319,4.119687383699287e-05,1.678649,756.4,0.0846
1092,1,350.82,8281.65,0.483259,4.123371790100478e-05,1.613584,757.1,0.0845
1093,1,351.02,8278.42,0.488039,4.127056196501669e-05,4.058198,754.2,0.0849
1094,1,351.22,8275.2,0.465867,4.13074060290286e-05,2.686391,750.3,0.0853
1095,1,351.42,8271.96,0.507931,4.134425009304051e-05,3.246278,752.5,0.085
1096,1,351.62,8268.73,0.560104,4.1381094157052424e-05,4.355248,756.0,0.0847
1097,1,351.81,8265.54,0.489189,4.141793822106433e-05,2.959897,745.9,0.0858
1098,1,352.01,8262.32,0.504022,4.145478228507624e-05,2.815934,754.8,0.0848
1099,1,352.21,8259.1,0.538561,4.1491626349088155e-05,2.07451,755.7,0.0847
1100,1,352.41,8255.94,0.536546,4.152847041310006e-05,2.651053,748.7,0.0855
1101,1,352.61,8252.94,0.456804,4.156531447711197e-05,2.323062,715.2,0.0895
1102,1,352.81,8249.68,0.537596,4.1602158541123886e-05,3.740329,746.5,0.0857
1103,1,353.0,8246.44,0.40441,4.163900260513579e-05,2.605669,771.8,0.0829
1104,1,353.2,8243.28,0.467952,4.16758466691477e-05,1.949024,760.0,0.0842
1105,1,353.4,8240.11,0.502046,4.1712690733159604e-05,3.424817,761.3,0.0841
1106,1,353.6,8236.96,0.475272,4.1749534797171516e-05,2.784174,754.8,0.0848
1107,1,353.8,8233.82,0.518562,4.178637886118343e-05,5.017569,752.5,0.0851
1108,1,354.0,8230.72,0.595778,4.1823222925195335e-05,2.946561,734.9,0.0871
1109,1,354.19,8227.48,0.599667,4.186006698920724e-05,3.111702,766.9,0.0835
1110,1,354.39,8224.34,0.428309,4.189691105321915e-05,1.58759,761.4,0.0841
1111,1,354.59,8221.2,0.612893,4.1933755117231066e-05,2.889589,751.5,0.0852
1112,1,354.78,8218.06,0.447207,4.197059918124297e-05,3.235762,751.0,0.0852
1113,1,354.98,8214.92,0.603338,4.2007443245254884e-05,5.517095,746.7,0.0857
1114,1,355.18,8211.83,0.431149,4.20442873092668e-05,3.054051,745.4,0.0859
1115,1,355.37,8208.65,0.564769,4.208113137327871e-05,3.239575,771.4,0.083
1116,1,355.57,8205.59,0.397942,4.211797543729062e-05,2.518554,747.7,0.0856
1117,1,355.77,8202.38,0.577132,4.2154819501302535e-05,2.53113,785.9,0.0814
1118,1,355.97,8199.34,0.527223,4.219166356531444e-05,3.242679,753.8,0.0849
1119,1,356.17,8196.27,0.491733,4.222850762932635e-05,2.191741,744.0,0.086
1120,1,356.36,8193.15,0.500505,4.226535169333826e-05,2.156411,761.8,0.084
1121,1,356.56,8190.16,0.429017,4.230219575735017e-05,3.023492,750.9,0.0852
1122,1,356.76,8187.04,0.413068,4.2339039821362085e-05,2.797683,766.9,0.0835
1123,1,356.96,8184.04,0.51993,4.2375883885374e-05,2.313923,732.9,0.0873
1124,1,357.16,8180.91,0.592193,4.241272794938591e-05,5.736481,758.4,0.0844
1125,1,357.36,8177.89,0.405114,4.2449572013397816e-05,2.410002,742.8,0.0862
1126,1,357.55,8174.82,0.413734,4.248641607740973e-05,2.105921,755.2,0.0847
1127,1,357.75,8171.79,0.494638,4.252326014142164e-05,2.842279,750.5,0.0853
1128,1,357.95,8168.75,0.49734,4.256010420543355e-05,2.329249,746.0,0.0858
1129,1,358.15,8165.7,0.48741,4.259694826944546e-05,2.961538,755.6,0.0847
1130,1,358.35,8162.66,0.552171,4.263379233345737e-05,2.459507,759.0,0.0843
1131,1,358.55,8159.68,0.555473,4.267063639746928e-05,3.270113,737.4,0.0868
1132,1,358.74,8156.65,0.411891,4.2707480461481184e-05,3.045251,747.2,0.0857
1133,1,358.94,8153.59,0.497236,4.27443245254931e-05,2.101122,759.7,0.0842
1134,1,359.14,8150.61,0.461113,4.278116858950501e-05,2.49324,748.1,0.0856
1135,1,359.34,8147.58,0.449597,4.281801265351692e-05,2.308639,754.4,0.0848
1136,1,359.53,8144.57,0.483942,4.2854856717528835e-05,3.07153,756.7,0.0846
1137,1,359.73,8141.54,0.519335,4.289170078154074e-05,3.128616,766.5,0.0835
1138,1,359.93,8138.55,0.428247,4.292854484555265e-05,2.080535,755.9,0.0847
1139,1,360.13,8135.54,0.44176,4.2965388909564566e-05,2.557865,758.8,0.0843
1140,1,360.32,8132.54,0.588965,4.300223297357647e-05,3.010367,759.7,0.0842
1141,1,360.52,8129.66,0.478229,4.303907703758838e-05,3.132568,744.3,0.086
1142,1,360.72,8126.67,0.407098,4.3075921101600284e-05,2.561846,739.6,0.0865
1143,1,360.92,8123.64,0.437591,4.3112765165612196e-05,2.547348,760.2,0.0842
1144,1,361.12,8120.7,0.427245,4.314960922962411e-05,3.027659,747.0,0.0857
1145,1,361.31,8117.73,0.428815,4.318645329363602e-05,2.878366,749.1,0.0854
1146,1,361.51,8114.75,0.457873,4.322329735764793e-05,2.510362,758.9,0.0843
1147,1,361.71,8111.81,0.411402,4.326014142165984e-05,3.303976,751.0,0.0852
1148,1,361.91,8108.83,0.426728,4.3296985485671746e-05,2.302067,762.7,0.0839
1149,1,362.1,8105.9,0.425617,4.333382954968365e-05,3.652633,756.7,0.0846
1150,1,362.31,8103.05,0.538567,4.3370673613695564e-05,3.078153,729.6,0.0877
1151,1,362.5,8100.06,0.612408,4.340751767770747e-05,4.079236,751.2,0.0852
1152,1,362.7,8097.09,0.551233,4.3444361741719376e-05,3.35273,767.5,0.0834
1153,1,362.9,8094.25,0.450403,4.348120580573129e-05,2.620625,730.9,0.0876
1154,1,363.09,8091.26,0.455698,4.35180498697432e-05,2.918946,761.8,0.084
1155,1,363.29,8088.34,0.573905,4.355489393375511e-05,4.054142,760.2,0.0842
1156,1,363.49,8085.43,0.372363,4.359173799776701e-05,3.067412,754.5,0.0848
1157,1,363.69,8082.5,0.483232,4.362858206177892e-05,3.810169,763.5,0.0838
1158,1,363.88,8079.63,0.444668,4.366542612579083e-05,3.3607,746.8,0.0857
1159,1,364.08,8076.71,0.449444,4.3702270189802744e-05,2.82281,755.5,0.0847
1160,1,364.28,8073.8,0.46499,4.373911425381465e-05,2.584016,764.6,0.0837
1161,1,364.48,8071.02,0.55901,4.3775958317826556e-05,2.89577,752.6,0.085
1162,1,364.68,8068.12,0.527622,4.381280238183847e-05,2.746965,754.8,0.0848
1163,1,364.87,8065.21,0.510589,4.3849646445850375e-05,4.325095,763.9,0.0838
1164,1,365.07,8062.33,0.440949,4.388649050986228e-05,2.789074,760.6,0.0841
1165,1,365.27,8059.47,0.570839,4.3923334573874186e-05,6.179584,751.7,0.0851
1166,1,365.47,8056.6,0.434412,4.396017863788609e-05,2.89204,741.4,0.0863
1167,1,365.66,8053.68,0.456769,4.3997022701898005e-05,3.304794,765.3,0.0836
1168,1,365.86,8050.83,0.58538,4.403386676590992e-05,3.817017,756.1,0.0846
1169,1,366.06,8048.03,0.475025,4.407071082992183e-05,4.804856,738.4,0.0867
1170,1,366.26,8045.15,0.48489,4.4107554893933736e-05,4.750346,750.2,0.0853
1171,1,366.46,8042.31,0.394716,4.414439895794565e-05,2.720303,747.3,0.0856
1172,1,366.66,8039.51,0.504211,4.4181243021957555e-05,2.826582,737.7,0.0868
1173,1,366.85,8036.64,0.467599,4.421808708596947e-05,2.686692,756.5,0.0846
1174,1,367.05,8033.84,0.402005,4.425493114998137e-05,4.84699,751.1,0.0852
1175,1,367.25,8031.03,0.541295,4.429177521399328e-05,4.5609,749.5,0.0854
1176,1,367.45,8028.18,0.517056,4.4328619278005185e-05,4.009855,757.1,0.0845
1177,1,367.64,8025.4,0.555946,4.43654633420171e-05,3.820572,736.1,0.0869
1178,1,367.84,8022.5,0.427191,4.4402307406029e-05,3.179402,772.6,0.0828
1179,1,368.04,8019.79,0.590348,4.4439151470040916e-05,4.492638,726.3,0.0881
1180,1,368.24,8016.95,0.460898,4.447599553405282e-05,4.130035,742.1,0.0862
1181,1,368.44,8014.2,0.440715,4.4512839598064734e-05,2.802452,756.8,0.0846
1182,1,368.64,8011.45,0.417382,4.454968366207665e-05,2.742604,743.3,0.0861
1183,1,368.83,8008.62,0.5272,4.458652772608855e-05,2.33374,760.1,0.0842
1184,1,369.03,8005.81,0.416211,4.462337179010046e-05,2.914025,765.3,0.0836
1185,1,369.23,8003.06,0.486666,4.4660215854112365e-05,3.721898,756.8,0.0846
1186,1,369.43,8000.31,0.351543,4.469705991812428e-05,3.554485,753.2,0.085
1187,1,369.62,7997.46,0.446803,4.473390398213618e-05,2.356737,789.4,0.0811
1188,1,369.82,7994.8,0.504074,4.4770748046148096e-05,2.845938,735.1,0.0871
1189,1,370.02,7991.98,0.557572,4.480759211016e-05,3.478729,763.6,0.0838
1190,1,370.22,7989.23,0.593445,4.4844436174171914e-05,3.611148,761.5,0.084
1191,1,370.42,7986.51,0.601831,4.488128023818382e-05,2.967832,743.0,0.0861
1192,1,370.61,7983.71,0.540189,4.4918124302195726e-05,2.540924,766.2,0.0835
1193,1,370.81,7980.97,0.457832,4.495496836620763e-05,3.976585,759.7,0.0842
1194,1,371.01,7978.19,0.459742,4.499181243021954e-05,2.807433,762.9,0.0839
1195,1,371.21,7975.48,0.489353,4.5028656494231444e-05,2.662424,749.2,0.0854
1196,1,371.4,7972.77,0.465725,4.506550055824335e-05,2.674558,739.6,0.0865
1197,1,371.6,7970.0,0.527847,4.510234462225526e-05,4.617229,759.2,0.0843
1198,1,371.8,7967.32,0.516601,4.5139188686267175e-05,2.683718,747.6,0.0856
1199,1,372.0,7964.59,0.460125,4.517603275027908e-05,2.666138,754.8,0.0848
1200,1,372.19,7961.85,0.421578,4.521287681429099e-05,2.603247,762.4,0.0839
1201,1,453.47,9692.04,0.54267,4.52497208783029e-05,3.308577,431.2,0.1484
1202,1,453.65,9687.46,0.350873,4.5286564942314805e-05,1.985886,746.2,0.0858
1203,1,453.85,9683.17,0.475471,4.532340900632671e-05,1.960514,773.2,0.0828
1204,1,454.04,9678.89,0.488798,4.536025307033862e-05,3.214594,786.0,0.0814
1205,1,454.24,9674.68,0.514351,4.539709713435053e-05,3.657759,776.2,0.0825
1206,1,454.44,9670.52,0.535718,4.543394119836244e-05,3.484448,750.3,0.0853
1207,1,454.63,9666.29,0.519976,4.5470785262374355e-05,3.926077,762.0,0.084
1208,1,454.83,9662.1,0.46075,4.550762932638627e-05,2.0073,748.2,0.0855
1209,1,455.03,9657.91,0.422535,4.554447339039818e-05,2.596895,751.7,0.0851
1210,1,455.22,9653.71,0.503916,4.558131745441009e-05,2.253458,764.6,0.0837
1211,1,455.42,9649.57,0.518629,4.5618161518422e-05,2.305479,747.7,0.0856
1212,1,455.62,9645.55,0.479045,4.565500558243391e-05,2.787349,695.0,0.0921
1213,1,455.82,9641.27,0.445987,4.5691849646445824e-05,2.395915,740.9,0.0864
1214,1,456.01,9637.17,0.496834,4.572869371045774e-05,3.593,737.5,0.0868
1215,1,456.21,9633.04,0.405289,4.576553777446964e-05,2.541395,740.1,0.0865
1216,1,456.41,9628.88,0.461238,4.580238183848155e-05,2.63098,757.7,0.0845
1217,1,456.61,9624.72,0.418833,4.583922590249346e-05,2.689858,764.6,0.0837
1218,1,456.8,9620.6,0.504358,4.5876069966505374e-05,2.543011,760.9,0.0841
1219,1,457.0,9616.49,0.411186,4.5912914030517286e-05,2.684166,757.5,0.0845
1220,1,457.2,9612.44,0.452097,4.59497580945292e-05,3.140189,745.7,0.0858
1221,1,457.4,9608.47,0.454395,4.5986602158541105e-05,2.743344,721.5,0.0887
1222,1,457.6,9604.3,0.5374,4.602344622255301e-05,3.09957,749.6,0.0854
1223,1,457.79,9600.19,0.515432,4.6060290286564917e-05,3.154534,750.0,0.0853
1224,1,457.99,9596.12,0.463002,4.609713435057683e-05,3.437882,745.8,0.0858
1225,1,458.19,9592.01,0.504629,4.6133978414588735e-05,4.547412,758.1,0.0844
1226,1,458.39,9587.98,0.582618,4.617082247860065e-05,3.059491,738.2,0.0867
1227,1,458.58,9583.86,0.399799,4.620766654261256e-05,3.01349,763.7,0.0838
1228,1,458.78,9579.8,0.52075,4.624451060662447e-05,2.611326,766.3,0.0835
1229,1,458.98,9575.77,0.508794,4.6281354670636386e-05,3.47292,756.0,0.0847
1230,1,459.17,9571.72,0.495942,4.63181987346483e-05,3.561546,756.9,0.0845
1231,1,459.37,9567.71,0.38229,4.6355042798660204e-05,2.606471,747.2,0.0856
1232,1,459.57,9563.68,0.383357,4.639188686267211e-05,3.556163,758.6,0.0844
1233,1,459.77,9559.63,0.382746,4.6428730926684016e-05,3.111882,762.7,0.0839
1234,1,459.96,9555.61,0.427333,4.646557499069593e-05,3.109558,755.9,0.0847
1235,1,460.16,9551.58,0.42241,4.650241905470784e-05,2.975469,760.3,0.0842
1236,1,460.36,9547.63,0.416163,4.6539263118719754e-05,2.85122,750.3,0.0853
1237,1,460.56,9543.74,0.490279,4.657610718273166e-05,3.953821,705.6,0.0907
1238,1,460.75,9539.64,0.466431,4.661295124674357e-05,3.283777,750.1,0.0853
1239,1,460.95,9535.69,0.444685,4.6649795310755485e-05,3.066624,749.3,0.0854
1240,1,461.15,9531.71,0.469348,4.668663937476739e-05,3.400757,749.8,0.0854
1241,1,461.35,9527.77,0.469965,4.67234834387793e-05,3.842277,770.5,0.0831
1242,1,461.55,9523.83,0.39133,4.676032750279121e-05,3.965235,752.2,0.0851
1243,1,461.74,9519.81,0.467261,4.679717156680312e-05,4.880985,767.9,0.0833
1244,1,461.95,9515.96,0.553215,4.683401563081503e-05,4.248204,720.4,0.0888
1245,1,462.14,9511.93,0.489662,4.6870859694826934e-05,3.346776,747.1,0.0857
1246,1,462.33,9507.9,0.436881,4.6907703758838846e-05,3.701641,775.4,0.0825
1247,1,462.53,9503.97,0.468085,4.694454782285076e-05,2.613473,761.4,0.0841
1248,1,462.73,9500.02,0.392242,4.698139188686267e-05,2.843467,759.2,0.0843
1249,1,462.92,9496.06,0.509458,4.701823595087458e-05,2.657147,769.3,0.0832
1250,1,463.12,9492.16,0.530365,4.7055080014886484e-05,2.924068,754.1,0.0849
1251,1,463.32,9488.24,0.446277,4.7091924078898396e-05,2.390985,749.9,0.0853
1252,1,463.52,9484.34,0.425439,4.712876814291031e-05,3.100398,749.7,0.0854
1253,1,463.71,9480.42,0.423264,4.7165612206922215e-05,2.939651,756.0,0.0847
1254,1,463.91,9476.58,0.539055,4.720245627093413e-05,2.85584,733.5,0.0873
1255,1,464.11,9472.65,0.484,4.723930033494603e-05,2.829537,752.9,0.085
1256,1,464.31,9468.73,0.54366,4.727614439895794e-05,2.636299,757.0,0.0845
1257,1,464.5,9464.86,0.489051,4.731298846296985e-05,2.541116,751.5,0.0852
1258,1,464.7,9460.93,0.486577,4.734983252698176e-05,3.825951,768.1,0.0833
1259,1,464.9,9457.06,0.524736,4.7386676590993663e-05,2.579877,762.7,0.0839
1260,1,465.09,9453.18,0.470829,4.7423520655005576e-05,2.759613,764.7,0.0837
1261,1,465.29,9449.41,0.480061,4.746036471901748e-05,2.194428,755.6,0.0847
1262,1,465.49,9445.51,0.476216,4.749720878302939e-05,3.156883,761.8,0.084
1263,1,465.69,9441.73,0.447981,4.75340528470413e-05,2.580622,736.1,0.0869
1264,1,465.88,9437.85,0.545851,4.757089691105321e-05,3.159358,759.1,0.0843
1265,1,466.08,9434.02,0.56042,4.7607740975065126e-05,2.510916,754.0,0.0849
1266,1,466.28,9430.18,0.40372,4.764458503907703e-05,2.510416,757.6,0.0845
1267,1,466.48,9426.38,0.459452,4.768142910308894e-05,2.369804,751.1,0.0852
1268,1,466.67,9422.52,0.541982,4.7718273167100843e-05,3.435264,767.5,0.0834
1269,1,466.87,9418.72,0.505109,4.7755117231112756e-05,2.979336,763.5,0.0838
1270,1,467.07,9414.91,0.431877,4.779196129512466e-05,2.230903,761.5,0.084
1271,1,467.26,9411.09,0.479249,4.7828805359136575e-05,3.29719,768.6,0.0833
1272,1,467.46,9407.34,0.54891,4.786564942314848e-05,3.28579,741.3,0.0863
1273,1,467.66,9403.52,0.455284,4.7902493487160386e-05,3.369539,754.5,0.0848
1274,1,467.86,9399.73,0.496048,4.793933755117229e-05,3.528338,753.2,0.085
1275,1,468.05,9395.95,0.405367,4.79761816151842e-05,3.080732,753.5,0.0849
1276,1,468.25,9392.19,0.44729,4.801302567919611e-05,3.015951,749.0,0.0854
1277,1,468.45,9388.41,0.564401,4.8049869743208017e-05,3.588084,750.5,0.0853
1278,1,468.65,9384.64,0.43428,4.808671380721992e-05,2.20204,754.0,0.0849
1279,1,468.84,9380.88,0.466809,4.812355787123183e-05,2.359896,756.8,0.0846
1280,1,469.04,9377.11,0.586602,4.816040193524374e-05,3.233494,765.2,0.0836
1281,1,469.24,9373.4,0.526905,4.8197245999255654e-05,2.482575,777.7,0.0823
1282,1,469.44,9369.68,0.429106,4.823409006326756e-05,3.562443,767.5,0.0834
1283,1,469.64,9365.98,0.536224,4.8270934127279465e-05,2.8996,747.8,0.0856
1284,1,469.83,9362.27,0.604542,4.830777819129137e-05,3.130842,745.8,0.0858
1285,1,470.03,9358.54,0.520928,4.8344622255303284e-05,3.751707,748.5,0.0855
1286,1,470.23,9354.88,0.601652,4.838146631931519e-05,2.746024,716.4,0.0893
1287,1,470.42,9351.08,0.527535,4.84183103833271e-05,2.698534,751.3,0.0852
1288,1,470.62,9347.36,0.577286,4.845515444733901e-05,3.608023,759.9,0.0842
1289,1,470.82,9343.74,0.413697,4.8491998511350914e-05,2.356421,714.4,0.0896
1290,1,471.01,9339.95,0.482277,4.852884257536282e-05,2.050833,742.7,0.0862
1291,1,471.21,9336.27,0.579444,4.8565686639374726e-05,2.442381,742.1,0.0862
1292,1,471.41,9332.55,0.479175,4.860253070338663e-05,3.766891,762.3,0.084
1293,1,471.61,9328.89,0.459946,4.863937476739854e-05,3.527626,740.9,0.0864
1294,1,471.8,9325.16,0.479739,4.867621883141045e-05,3.169416,765.1,0.0836
1295,1,472.0,9321.53,0.421206,4.8713062895422356e-05,3.951105,749.7,0.0854
1296,1,472.2,9317.84,0.52173,4.874990695943426e-05,3.689643,760.8,0.0841
1297,1,472.39,9314.21,0.540221,4.878675102344617e-05,3.20109,745.9,0.0858
1298,1,472.59,9310.52,0.567866,4.8823595087458074e-05,3.246667,766.8,0.0835
1299,1,472.79,9306.91,0.486623,4.8860439151469986e-05,2.700242,748.5,0.0855
1300,1,472.99,9303.27,0.441387,4.889728321548189e-05,2.155128,748.3,0.0855
1301,1,473.19,9299.68,0.446436,4.89341272794938e-05,2.642514,762.2,0.084
1302,1,473.38,9296.08,0.546302,4.8970971343505704e-05,2.183762,744.1,0.086
1303,1,473.58,9292.42,0.37556,4.900781540751762e-05,3.006832,761.4,0.0841
1304,1,473.78,9288.81,0.497417,4.904465947152953e-05,2.733761,751.2,0.0852
1305,1,473.98,9285.19,0.401973,4.9081503535541435e-05,2.91723,751.6,0.0851
1306,1,474.17,9281.55,0.48451,4.911834759955334e-05,2.764921,760.5,0.0842
1307,1,474.37,9277.94,0.478623,4.9155191663565254e-05,3.147684,757.2,0.0845
1308,1,474.56,9274.33,0.452094,4.9192035727577166e-05,2.627181,760.9,0.0841
1309,1,474.76,9270.76,0.494426,4.922887979158908e-05,3.624458,750.2,0.0853
1310,1,474.96,9267.18,0.5806,4.926572385560099e-05,4.043716,751.0,0.0852
1311,1,475.16,9263.55,0.406015,4.9302567919612904e-05,3.089468,767.2,0.0834
1312,1,475.35,9260.0,0.406459,4.933941198362481e-05,2.347256,756.0,0.0847
1313,1,475.55,9256.42,0.509605,4.9376256047636716e-05,2.374271,758.7,0.0844
1314,1,475.75,9252.86,0.51068,4.941310011164863e-05,2.715663,757.2,0.0845
1315,1,475.95,9249.4,0.453834,4.9449944175660535e-05,3.296802,709.1,0.0903
1316,1,476.14,9245.73,0.42906,4.948678823967245e-05,2.643914,757.0,0.0845
1317,1,476.34,9242.19,0.514033,4.952363230368435e-05,4.621971,756.4,0.0846
1318,1,476.54,9238.65,0.569944,4.956047636769626e-05,2.646777,752.2,0.0851
1319,1,476.74,9235.07,0.488207,4.9597320431708165e-05,2.658208,759.5,0.0843
1320,1,476.94,9231.6,0.478217,4.963416449572007e-05,2.034747,737.8,0.0867
1321,1,477.13,9228.09,0.47768,4.9671008559731977e-05,3.90505,766.1,0.0835
1322,1,477.33,9224.57,0.602343,4.970785262374388e-05,3.974883,761.1,0.0841
1323,1,477.53,9221.14,0.422708,4.974469668775579e-05,2.679146,729.6,0.0877
1324,1,477.73,9217.6,0.519037,4.9781540751767694e-05,2.441631,752.8,0.085
1325,1,477.93,9214.06,0.368949,4.98183848157796e-05,2.925056,759.4,0.0843
1326,1,478.12,9210.57,0.461428,4.9855228879791506e-05,2.784413,755.3,0.0847
1327,1,478.32,9207.02,0.518758,4.989207294380342e-05,3.1952,774.0,0.0827
1328,1,478.52,9203.55,0.648721,4.992891700781533e-05,5.28577,758.8,0.0843
1329,1,478.72,9200.05,0.463432,4.996576107182724e-05,2.284029,761.3,0.0841
1330,1,478.91,9196.57,0.465598,5.000260513583915e-05,2.59629,759.9,0.0842
1331,1,479.11,9193.09,0.379754,5.0039449199851056e-05,2.802114,755.6,0.0847
1332,1,479.31,9189.63,0.421895,5.007629326386296e-05,2.468332,747.3,0.0856
1333,1,479.51,9186.15,0.482605,5.011313732787487e-05,2.856331,755.0,0.0848
1334,1,479.71,9182.74,0.512312,5.014998139188678e-05,4.519455,730.3,0.0876
1335,1,479.9,9179.23,0.497285,5.0186825455898686e-05,2.66928,752.4,0.0851
1336,1,480.1,9175.77,0.553825,5.022366951991059e-05,5.261855,753.9,0.0849
1337,1,480.3,9172.32,0.523429,5.0260513583922504e-05,3.68942,756.6,0.0846
1338,1,480.49,9168.87,0.468426,5.029735764793442e-05,2.606294,755.3,0.0847
1339,1,480.69,9165.44,0.4769,5.033420171194632e-05,2.383285,750.4,0.0853
1340,1,480.89,9161.99,0.469012,5.037104577595823e-05,2.430559,763.8,0.0838
1341,1,481.09,9158.67,0.435313,5.0407889839970135e-05,2.425328,739.9,0.0865
1342,1,481.29,9155.27,0.544736,5.044473390398204e-05,4.582222,725.5,0.0882
1343,1,481.48,9151.78,0.415063,5.0481577967993946e-05,2.095531,752.4,0.0851
1344,1,481.68,9148.36,0.551241,5.051842203200586e-05,2.816705,752.1,0.0851
1345,1,481.88,9144.91,0.471521,5.055526609601777e-05,2.367807,773.7,0.0827
1346,1,482.08,9141.53,0.564394,5.0592110160029684e-05,1.801545,753.8,0.0849
1347,1,482.28,9138.21,0.510866,5.062895422404159e-05,3.430225,717.5,0.0892
1348,1,482.47,9134.71,0.382497,5.0665798288053496e-05,1.40222,762.0,0.084
1349,1,482.67,9131.34,0.453518,5.07026423520654e-05,2.710768,747.9,0.0856
1350,1,482.87,9127.97,0.583336,5.0739486416077315e-05,4.047587,742.1,0.0862
1351,1,483.06,9124.56,0.506697,5.077633048008922e-05,4.541999,757.5,0.0845
1352,1,483.26,9121.18,0.532136,5.0813174544101126e-05,4.61271,762.6,0.0839
1353,1,483.46,9117.83,0.593325,5.085001860811303e-05,2.552901,747.9,0.0856
1354,1,483.66,9114.47,0.556836,5.0886862672124945e-05,1.821184,748.3,0.0855
1355,1,483.85,9111.06,0.518726,5.092370673613685e-05,2.828222,764.4,0.0837
1356,1,484.05,9107.72,0.473844,5.096055080014876e-05,2.48051,749.5,0.0854
1357,1,484.25,9104.37,0.393769,5.099739486416066e-05,2.535588,749.8,0.0854
1358,1,484.45,9101.01,0.51931,5.103423892817257e-05,3.724407,752.3,0.0851
1359,1,484.64,9097.65,0.544196,5.107108299218448e-05,4.409675,757.7,0.0845
1360,1,484.84,9094.29,0.462387,5.1107927056196394e-05,1.574739,763.7,0.0838
1361,1,485.04,9091.02,0.4644,5.11447711202083e-05,2.449281,757.3,0.0845
1362,1,485.24,9087.72,0.466088,5.1181615184220205e-05,2.283439,744.6,0.086
1363,1,485.43,9084.36,0.413329,5.121845924823211e-05,2.203917,760.8,0.0841
1364,1,485.63,9081.0,0.570658,5.1255303312244024e-05,3.715344,777.7,0.0823
1365,1,485.83,9077.71,0.45236,5.129214737625593e-05,1.999988,756.6,0.0846
1366,1,486.02,9074.36,0.463272,5.1328991440267836e-05,1.718212,762.4,0.0839
1367,1,486.23,9071.12,0.392123,5.136583550427975e-05,1.703414,732.1,0.0874
1368,1,486.42,9067.73,0.470997,5.140267956829166e-05,2.075662,754.3,0.0848
1369,1,486.62,9064.43,0.565748,5.143952363230357e-05,3.124031,753.7,0.0849
1370,1,486.81,9061.12,0.44698,5.147636769631547e-05,2.068547,760.9,0.0841
1371,1,487.01,9057.82,0.456414,5.1513211760327385e-05,2.008584,750.8,0.0852
1372,1,487.21,9054.52,0.460003,5.155005582433929e-05,2.882445,754.2,0.0849
1373,1,487.4,9051.24,0.493581,5.1586899888351204e-05,2.414163,751.3,0.0852
1374,1,487.6,9047.97,0.499105,5.1623743952363117e-05,2.917679,746.4,0.0857
1375,1,487.8,9044.69,0.542479,5.166058801637502e-05,2.125403,749.8,0.0854
1376,1,488.0,9041.44,0.444965,5.1697432080386935e-05,2.801624,749.7,0.0854
1377,1,488.19,9038.16,0.494904,5.173427614439885e-05,2.963576,754.1,0.0849
1378,1,488.39,9034.89,0.459135,5.177112020841076e-05,2.658625,758.7,0.0844
1379,1,488.59,9031.65,0.552716,5.1807964272422666e-05,3.489367,751.2,0.0852
1380,1,488.79,9028.37,0.510684,5.184480833643457e-05,3.476943,763.8,0.0838
1381,1,488.99,9025.26,0.514352,5.1881652400446485e-05,3.60883,763.7,0.0838
1382,1,489.18,9021.96,0.409103,5.19184964644584e-05,2.415448,794.6,0.0805
1383,1,489.39,9018.81,0.365904,5.195534052847031e-05,2.218693,740.7,0.0864
1384,1,489.58,9015.49,0.458511,5.199218459248222e-05,2.540853,782.6,0.0818
1385,1,489.78,9012.26,0.487283,5.2029028656494135e-05,1.820344,763.9,0.0838
1386,1,489.98,9009.07,0.479834,5.206587272050605e-05,2.316212,742.2,0.0862
1387,1,490.17,9005.8,0.582648,5.2102716784517954e-05,2.946059,770.8,0.083
1388,1,490.37,9002.58,0.49638,5.213956084852986e-05,2.251632,771.5,0.083
1389,1,490.57,8999.42,0.477442,5.2176404912541766e-05,1.612893,745.9,0.0858
1390,1,490.77,8996.2,0.468239,5.221324897655367e-05,1.618125,763.9,0.0838
1391,1,490.96,8992.98,0.456368,5.225009304056558e-05,2.705629,760.5,0.0842
1392,1,491.16,8989.79,0.527887,5.228693710457749e-05,2.825433,759.4,0.0843
1393,1,491.36,8986.71,0.437055,5.2323781168589396e-05,2.951706,707.8,0.0904
1394,1,491.56,8983.42,0.480165,5.236062523260131e-05,2.185252,752.6,0.085
1395,1,491.76,8980.26,0.480246,5.2397469296613214e-05,2.208484,745.9,0.0858
1396,1,491.95,8977.1,0.40411,5.243431336062513e-05,2.301196,732.4,0.0874
1397,1,492.15,8973.87,0.493084,5.247115742463704e-05,2.618357,760.0,0.0842
1398,1,492.35,8970.69,0.421358,5.2508001488648946e-05,2.862028,768.4,0.0833
1399,1,492.55,8967.57,0.407984,5.254484555266085e-05,2.417174,749.5,0.0854
1400,1,492.74,8964.33,0.360109,5.2581689616672764e-05,2.561189,776.2,0.0825
1401,1,492.94,8961.27,0.46409,5.261853368068468e-05,3.311845,762.2,0.084
1402,1,493.14,8958.14,0.435844,5.265537774469658e-05,3.115409,749.9,0.0853
1403,1,493.34,8954.94,0.526928,5.2692221808708495e-05,4.448776,772.8,0.0828
1404,1,493.54,8951.85,0.405078,5.27290658727204e-05,3.47032,751.3,0.0852
1405,1,493.73,8948.72,0.407645,5.276590993673231e-05,2.822315,741.8,0.0863
1406,1,493.93,8945.54,0.390869,5.280275400074422e-05,3.062649,766.8,0.0835
1407,1,494.12,8942.35,0.444321,5.283959806475613e-05,2.873547,784.9,0.0815
1408,1,494.33,8939.31,0.574296,5.287644212876804e-05,3.651553,741.0,0.0864
1409,1,494.52,8936.17,0.51373,5.291328619277995e-05,3.014451,752.8,0.085
1410,1,494.72,8933.05,0.528061,5.2950130256791863e-05,3.082438,749.4,0.0854
1411,1,494.92,8929.93,0.645223,5.298697432080377e-05,4.806956,749.0,0.0854
1412,1,495.11,8926.79,0.424185,5.3023818384815675e-05,3.236546,758.0,0.0844
1413,1,495.31,8923.67,0.552514,5.306066244882759e-05,3.169766,753.1,0.085
1414,1,495.51,8920.54,0.544371,5.3097506512839494e-05,2.891104,767.6,0.0834
1415,1,495.71,8917.44,0.423761,5.3134350576851406e-05,2.27876,767.0,0.0834
1416,1,495.9,8914.36,0.601477,5.317119464086332e-05,3.085063,761.0,0.0841
1417,1,496.1,8911.28,0.449784,5.320803870487523e-05,3.239934,758.9,0.0843
1418,1,496.3,8908.2,0.558829,5.3244882768887144e-05,1.599783,746.3,0.0858
1419,1,496.5,8905.21,0.413827,5.328172683289905e-05,2.636977,706.1,0.0906
1420,1,496.7,8902.06,0.540942,5.3318570896910956e-05,3.015155,748.5,0.0855
1421,1,496.9,8899.03,0.601741,5.335541496092287e-05,3.176888,752.6,0.085
1422,1,497.09,8895.97,0.44216,5.339225902493478e-05,2.013776,746.6,0.0857
1423,1,497.29,8892.88,0.415387,5.3429103088946694e-05,2.491276,754.4,0.0848
1424,1,497.49,8889.83,0.585752,5.3465947152958607e-05,2.544477,755.6,0.0847
1425,1,497.69,8886.76,0.474245,5.350279121697052e-05,2.050464,763.3,0.0838
1426,1,497.89,8883.74,0.440746,5.353963528098243e-05,1.812643,747.3,0.0856
1427,1,498.08,8880.67,0.472644,5.3576479344994345e-05,1.665198,756.4,0.0846
1428,1,498.28,8877.62,0.461406,5.361332340900626e-05,2.56673,752.5,0.0851
1429,1,498.48,8874.58,0.440741,5.365016747301816e-05,2.574103,749.2,0.0854
1430,1,498.67,8871.52,0.512735,5.368701153703007e-05,2.223478,754.5,0.0848
1431,1,498.87,8868.5,0.503239,5.372385560104198e-05,2.3798,749.7,0.0854
1432,1,499.07,8865.41,0.505952,5.3760699665053894e-05,2.779957,771.7,0.0829
1433,1,499.26,8862.35,0.495483,5.37975437290658e-05,2.672697,769.9,0.0831
1434,1,499.46,8859.3,0.425557,5.383438779307771e-05,3.076036,779.2,0.0821
1435,1,499.66,8856.27,0.463274,5.3871231857089625e-05,1.869937,769.2,0.0832
1436,1,499.85,8853.22,0.444582,5.390807592110154e-05,2.072486,775.4,0.0825
1437,1,500.05,8850.2,0.471755,5.394491998511345e-05,1.739353,769.4,0.0832
1438,1,500.25,8847.18,0.436265,5.398176404912536e-05,1.946483,763.6,0.0838
1439,1,500.44,8844.19,0.376303,5.4018608113137276e-05,2.113371,754.3,0.0848
1440,1,500.64,8841.18,0.47997,5.405545217714918e-05,2.009069,760.8,0.0841
1441,1,500.84,8838.24,0.436715,5.4092296241161095e-05,1.783437,773.8,0.0827
1442,1,501.04,8835.25,0.422609,5.412914030517301e-05,2.300125,765.0,0.0837
1443,1,501.24,8832.3,0.382079,5.416598436918491e-05,2.173736,740.8,0.0864
1444,1,501.44,8829.32,0.43397,5.420282843319682e-05,3.334844,743.2,0.0861
1445,1,501.63,8826.33,0.510764,5.4239672497208725e-05,2.959975,750.1,0.0853
1446,1,501.83,8823.35,0.477582,5.427651656122063e-05,2.600386,758.5,0.0844
1447,1,502.03,8820.42,0.436909,5.4313360625232537e-05,2.165924,741.1,0.0864
1448,1,502.23,8817.41,0.386203,5.435020468924445e-05,2.552772,765.0,0.0837
1449,1,502.43,8814.5,0.411315,5.438704875325636e-05,3.54971,747.5,0.0856
1450,1,502.62,8811.53,0.440938,5.4423892817268274e-05,3.981211,752.6,0.085
1451,1,502.82,8808.57,0.596392,5.446073688128019e-05,3.28997,756.0,0.0847
1452,1,503.02,8805.63,0.482009,5.44975809452921e-05,3.360621,746.6,0.0857
1453,1,503.22,8802.64,0.424069,5.4534425009304006e-05,3.524305,768.1,0.0833
1454,1,503.42,8799.72,0.59357,5.457126907331591e-05,3.367706,752.7,0.085
1455,1,503.61,8796.73,0.519267,5.460811313732782e-05,4.406354,781.7,0.0819
1456,1,503.81,8793.83,0.532859,5.464495720133973e-05,3.056352,756.1,0.0846
1457,1,504.01,8790.91,0.466357,5.468180126535164e-05,4.429872,743.6,0.0861
1458,1,504.2,8787.96,0.52505,5.4718645329363555e-05,3.360075,756.4,0.0846
1459,1,504.4,8785.04,0.439756,5.475548939337546e-05,2.344228,760.4,0.0842
1460,1,504.6,8782.15,0.418805,5.4792333457387374e-05,2.422215,743.4,0.0861
1461,1,504.8,8779.29,0.516744,5.4829177521399286e-05,2.162432,756.2,0.0846
1462,1,505.0,8776.39,0.464773,5.48660215854112e-05,2.397146,749.2,0.0854
1463,1,505.2,8773.43,0.572395,5.4902865649423105e-05,3.259454,761.6,0.084
1464,1,505.4,8770.56,0.498582,5.493970971343502e-05,2.225482,738.6,0.0866
1465,1,505.59,8767.63,0.434045,5.4976553777446924e-05,2.002295,755.5,0.0847
1466,1,505.79,8764.74,0.438489,5.5013397841458836e-05,2.258971,752.1,0.0851
1467,1,505.99,8761.85,0.469021,5.505024190547075e-05,2.756032,750.1,0.0853
1468,1,506.19,8758.95,0.496918,5.508708596948266e-05,2.41377,749.7,0.0854
1469,1,506.38,8756.05,0.51268,5.512393003349457e-05,3.013092,760.4,0.0842
1470,1,506.58,8753.17,0.477225,5.516077409750648e-05,2.445637,754.4,0.0848
1471,1,506.78,8750.26,0.44338,5.5197618161518386e-05,3.496622,765.5,0.0836
1472,1,506.97,8747.38,0.507278,5.523446222553029e-05,1.852831,762.6,0.0839
1473,1,507.17,8744.55,0.389649,5.52713062895422e-05,1.826,748.2,0.0855
1474,1,507.37,8741.64,0.60885,5.5308150353554103e-05,3.361576,767.7,0.0834
1475,1,507.57,8738.74,0.513658,5.534499441756601e-05,1.714388,769.1,0.0832
1476,1,507.76,8735.9,0.466163,5.5381838481577915e-05,2.876983,757.8,0.0845
1477,1,507.96,8733.05,0.495937,5.541868254558983e-05,2.941527,749.8,0.0854
1478,1,508.16,8730.18,0.463938,5.5455526609601734e-05,2.739482,750.2,0.0853
1479,1,508.35,8727.27,0.381791,5.5492370673613646e-05,3.890779,778.0,0.0823
1480,1,508.55,8724.43,0.475127,5.552921473762556e-05,2.148035,763.9,0.0838
1481,1,508.75,8721.63,0.504759,5.5566058801637465e-05,3.212267,768.1,0.0833
1482,1,508.95,8718.77,0.517164,5.560290286564938e-05,2.806046,783.2,0.0817
1483,1,509.19,8716.66,0.433769,5.563974692966129e-05,2.154741,724.9,0.0883
1484,1,509.39,8713.82,0.530534,5.5676590993673196e-05,2.16357,731.7,0.0875
1485,1,509.58,8710.99,0.416854,5.571343505768511e-05,2.021015,752.7,0.085
1486,1,509.78,8708.15,0.584422,5.575027912169702e-05,3.217164,756.6,0.0846
1487,1,509.98,8705.33,0.550075,5.578712318570893e-05,2.079444,761.4,0.0841
1488,1,510.18,8702.54,0.533138,5.582396724972084e-05,1.779044,747.2,0.0856
1489,1,510.38,8699.69,0.539544,5.5860811313732746e-05,2.948849,776.0,0.0825
1490,1,510.57,8696.9,0.511304,5.589765537774466e-05,1.794699,756.8,0.0846
1491,1,510.77,8694.08,0.484963,5.593449944175657e-05,1.849641,767.9,0.0833
1492,1,510.97,8691.3,0.535163,5.5971343505768484e-05,2.030677,749.1,0.0854
1493,1,511.17,8688.45,0.435656,5.6008187569780396e-05,2.517941,764.8,0.0837
1494,1,511.37,8685.68,0.434774,5.60450316337923e-05,1.55966,749.5,0.0854
1495,1,511.56,8682.86,0.499937,5.6081875697804215e-05,1.819624,759.1,0.0843
1496,1,511.76,8680.09,0.46149,5.611871976181613e-05,1.687952,752.4,0.0851
1497,1,511.96,8677.39,0.540722,5.615556382582804e-05,4.399355,708.0,0.0904
1498,1,512.16,8674.51,0.538502,5.619240788983995e-05,2.001401,761.2,0.0841
1499,1,512.35,8671.71,0.445108,5.622925195385186e-05,1.896432,770.4,0.0831
1500,1,512.55,8668.9,0.513422,5.6266096017863765e-05,4.095114,779.3,0.0821
1501,1,522.33,8828.16,0.618387,5.630294008187568e-05,2.941154,672.1,0.0952
1502,1,522.54,8825.48,0.431205,5.633978414588759e-05,1.809432,764.8,0.0837
1503,1,522.74,8822.51,0.488991,5.63766282098995e-05,1.966093,787.6,0.0813
1504,1,522.93,8819.63,0.429942,5.6413472273911415e-05,2.272919,777.1,0.0824
1505,1,523.13,8816.76,0.486231,5.645031633792333e-05,2.317308,750.6,0.0853
1506,1,523.33,8813.86,0.476227,5.648716040193524e-05,2.493935,753.2,0.085
1507,1,523.52,8810.96,0.463479,5.652400446594715e-05,1.713461,761.2,0.0841
1508,1,523.72,8808.12,0.512379,5.656084852995906e-05,1.775074,736.3,0.0869
1509,1,523.92,8805.22,0.455185,5.659769259397097e-05,2.947059,764.6,0.0837
1510,1,524.11,8802.34,0.399946,5.663453665798288e-05,1.894833,760.3,0.0842
1511,1,524.31,8799.5,0.513778,5.667138072199479e-05,3.245229,752.8,0.085
1512,1,524.51,8796.64,0.501191,5.6708224786006696e-05,2.884566,759.6,0.0843
1513,1,524.71,8793.8,0.583835,5.674506885001861e-05,3.016931,756.8,0.0846
1514,1,524.91,8791.0,0.498986,5.678191291403052e-05,3.354497,731.0,0.0876
1515,1,525.1,8788.06,0.479615,5.6818756978042434e-05,1.765633,775.2,0.0826
1516,1,525.3,8785.26,0.503229,5.685560104205434e-05,2.645281,753.9,0.0849
1517,1,525.5,8782.39,0.475023,5.6892445106066246e-05,2.047665,779.0,0.0822
1518,1,525.69,8779.58,0.385414,5.692928917007816e-05,2.09275,755.5,0.0847
1519,1,525.89,8776.79,0.427673,5.696613323409007e-05,2.736676,741.6,0.0863
1520,1,526.09,8773.93,0.48588,5.7002977298101984e-05,2.463678,758.7,0.0844
1521,1,526.29,8771.22,0.474204,5.703982136211389e-05,3.182238,753.1,0.085
1522,1,526.49,8768.41,0.504772,5.70766654261258e-05,2.2952,761.4,0.0841
1523,1,526.69,8765.62,0.529888,5.7113509490137715e-05,3.844567,754.2,0.0849
1524,1,526.89,8762.83,0.531914,5.715035355414962e-05,3.598452,742.0,0.0863
1525,1,527.09,8760.0,0.365218,5.7187197618161527e-05,2.150926,753.9,0.0849
1526,1,527.28,8757.19,0.419679,5.722404168217343e-05,2.016589,753.2,0.085
1527,1,527.48,8754.38,0.448843,5.726088574618534e-05,2.451519,749.7,0.0854
1528,1,527.68,8751.58,0.505023,5.729772981019725e-05,5.173753,748.2,0.0855
1529,1,527.88,8748.78,0.489191,5.733457387420916e-05,4.046317,753.8,0.0849
1530,1,528.07,8745.99,0.485922,5.737141793822106e-05,3.667982,753.4,0.0849
1531,1,528.27,8743.2,0.451469,5.740826200223297e-05,3.059253,756.3,0.0846
1532,1,528.47,8740.45,0.677181,5.7445106066244874e-05,5.414802,759.0,0.0843
1533,1,528.67,8737.71,0.586181,5.748195013025679e-05,5.42351,746.7,0.0857
1534,1,528.87,8734.93,0.429354,5.751879419426869e-05,1.819026,752.9,0.085
1535,1,529.06,8732.12,0.436439,5.7555638258280606e-05,2.55987,766.0,0.0835
1536,1,529.26,8729.35,0.505824,5.759248232229251e-05,2.431092,742.1,0.0862
1537,1,529.46,8726.54,0.475427,5.762932638630442e-05,1.994543,767.0,0.0834
1538,1,529.65,8723.74,0.501352,5.766617045031632e-05,3.954455,767.5,0.0834
1539,1,529.85,8720.97,0.634262,5.7703014514328236e-05,2.964519,758.4,0.0844
1540,1,530.05,8718.22,0.584958,5.773985857834015e-05,3.20933,748.6,0.0855
1541,1,530.25,8715.55,0.579085,5.777670264235206e-05,3.406533,747.8,0.0856
1542,1,530.45,8712.81,0.420908,5.781354670636397e-05,1.722564,742.9,0.0861
1543,1,530.64,8710.05,0.457627,5.785039077037588e-05,1.849617,753.9,0.0849
1544,1,530.84,8707.28,0.481898,5.788723483438779e-05,2.001621,764.7,0.0837
1545,1,531.04,8704.56,0.521881,5.7924078898399705e-05,2.500963,749.7,0.0854
1546,1,531.24,8701.84,0.528265,5.796092296241162e-05,1.315094,745.7,0.0858
1547,1,531.43,8699.08,0.483684,5.799776702642353e-05,3.459869,754.8,0.0848
1548,1,531.63,8696.33,0.506521,5.8034611090435436e-05,1.299876,757.8,0.0845
1549,1,531.83,8693.58,0.617742,5.807145515444735e-05,3.705245,768.9,0.0832
1550,1,532.02,8690.87,0.4383,5.810829921845926e-05,3.789967,747.9,0.0856
1551,1,532.22,8688.13,0.461086,5.814514328247117e-05,3.0851,756.9,0.0846
1552,1,532.42,8685.4,0.487621,5.818198734648307e-05,3.483976,760.6,0.0841
1553,1,532.61,8682.69,0.537106,5.8218831410494986e-05,3.878568,755.2,0.0847
1554,1,532.81,8679.98,0.517878,5.825567547450689e-05,3.590877,755.4,0.0847
1555,1,533.01,8677.24,0.493659,5.82925195385188e-05,1.707724,763.1,0.0839
1556,1,533.21,8674.52,0.457685,5.8329363602530703e-05,1.545181,762.1,0.084
1557,1,533.4,8671.82,0.461035,5.836620766654261e-05,2.786603,758.5,0.0844
1558,1,533.6,8669.11,0.375446,5.8403051730554515e-05,2.194158,759.8,0.0842
1559,1,533.8,8666.4,0.429501,5.843989579456642e-05,1.661435,760.2,0.0842
1560,1,533.99,8663.71,0.37064,5.847673985857833e-05,1.831488,755.7,0.0847
1561,1,534.2,8661.11,0.465518,5.851358392259023e-05,3.720218,756.1,0.0846
1562,1,534.39,8658.41,0.527047,5.8550427986602145e-05,3.066589,761.8,0.084
1563,1,534.59,8655.75,0.338289,5.858727205061406e-05,2.049452,745.4,0.0859
1564,1,534.79,8653.08,0.553334,5.8624116114625964e-05,4.259149,737.9,0.0867
1565,1,534.99,8650.39,0.399685,5.866096017863787e-05,1.984853,749.3,0.0854
1566,1,535.19,8647.72,0.629759,5.8697804242649776e-05,2.944031,747.3,0.0856
1567,1,535.38,8645.04,0.586932,5.873464830666169e-05,2.842894,750.6,0.0853
1568,1,535.58,8642.37,0.456099,5.8771492370673594e-05,2.741467,753.7,0.0849
1569,1,535.78,8639.72,0.46059,5.88083364346855e-05,2.78065,745.1,0.0859
1570,1,535.98,8637.1,0.504077,5.8845180498697406e-05,2.309779,720.9,0.0888
1571,1,536.17,8634.36,0.540359,5.888202456270932e-05,2.293843,761.9,0.084
1572,1,536.37,8631.71,0.444023,5.891886862672123e-05,3.52076,749.2,0.0854
1573,1,536.56,8629.04,0.563628,5.895571269073314e-05,3.127087,759.6,0.0843
1574,1,536.76,8626.39,0.378103,5.899255675474504e-05,2.30109,750.2,0.0853
1575,1,536.96,8623.79,0.415543,5.902940081875695e-05,1.751485,719.8,0.0889
1576,1,537.15,8621.06,0.492354,5.906624488276886e-05,2.587144,759.3,0.0843
1577,1,537.36,8618.48,0.487609,5.910308894678077e-05,2.982083,724.3,0.0884
1578,1,537.55,8615.75,0.606963,5.913993301079267e-05,3.80127,777.6,0.0823
1579,1,537.75,8613.14,0.572621,5.9176777074804586e-05,3.76924,757.0,0.0845
1580,1,537.95,8610.53,0.553803,5.92136211388165e-05,2.191991,749.7,0.0854
1581,1,538.15,8607.95,0.414186,5.9250465202828404e-05,1.618902,754.2,0.0849
1582,1,538.34,8605.31,0.447096,5.928730926684031e-05,2.165145,753.9,0.0849
1583,1,538.54,8602.68,0.536269,5.932415333085222e-05,3.24525,755.7,0.0847
1584,1,538.74,8600.04,0.573736,5.936099739486413e-05,3.440736,764.2,0.0838
1585,1,538.93,8597.4,0.505631,5.9397841458876035e-05,3.240306,782.8,0.0818
1586,1,539.13,8594.81,0.444282,5.943468552288794e-05,2.068919,753.2,0.085
1587,1,539.33,8592.17,0.612919,5.947152958689985e-05,2.753274,764.5,0.0837
1588,1,539.52,8589.59,0.43709,5.9508373650911766e-05,2.128579,752.1,0.0851
1589,1,539.72,8586.98,0.557054,5.954521771492367e-05,2.606752,752.2,0.0851
1590,1,539.92,8584.38,0.567184,5.958206177893558e-05,2.110948,755.4,0.0847
1591,1,540.12,8581.78,0.435197,5.9618905842947483e-05,1.433042,746.2,0.0858
1592,1,540.31,8579.19,0.479167,5.965574990695939e-05,1.53749,745.3,0.0859
1593,1,540.51,8576.56,0.565075,5.96925939709713e-05,2.814333,768.6,0.0833
1594,1,540.71,8573.98,0.450367,5.9729438034983215e-05,3.015654,752.6,0.085
1595,1,540.9,8571.35,0.475358,5.976628209899513e-05,2.454383,770.8,0.083
1596,1,541.1,8568.77,0.475647,5.980312616300703e-05,1.886514,762.8,0.0839
1597,1,541.3,8566.21,0.440768,5.9839970227018946e-05,1.22917,744.6,0.086
1598,1,541.5,8563.63,0.429246,5.987681429103086e-05,2.161787,750.4,0.0853
1599,1,541.69,8561.04,0.548712,5.9913658355042764e-05,2.627949,760.2,0.0842
1600,1,541.89,8558.48,0.466589,5.995050241905468e-05,2.593925,754.2,0.0849
1601,1,542.14,8556.73,0.534411,5.998734648306658e-05,2.935795,703.6,0.091
1602,1,542.33,8554.06,0.486173,6.002419054707849e-05,2.010884,753.1,0.085
1603,1,542.53,8551.57,0.424511,6.0061034611090395e-05,2.145537,713.8,0.0897
1604,1,542.73,8548.94,0.487583,6.00978786751023e-05,2.246536,757.1,0.0845
1605,1,542.92,8546.38,0.549194,6.0134722739114206e-05,3.825752,763.4,0.0838
1606,1,543.12,8543.84,0.543751,6.017156680312611e-05,4.442596,752.2,0.0851
1607,1,543.32,8541.29,0.421696,6.0208410867138025e-05,3.951632,750.3,0.0853
1608,1,543.52,8538.73,0.451456,6.024525493114994e-05,2.314586,759.0,0.0843
1609,1,543.71,8536.19,0.373257,6.028209899516184e-05,2.159899,761.8,0.084
1610,1,543.91,8533.67,0.476696,6.031894305917375e-05,2.686028,752.5,0.0851
1611,1,544.11,8531.14,0.512614,6.035578712318566e-05,3.307507,747.1,0.0857
1612,1,544.31,8528.59,0.604017,6.0392631187197575e-05,3.67101,757.2,0.0845
1613,1,544.5,8526.05,0.514217,6.042947525120948e-05,3.150099,757.6,0.0845
1614,1,544.7,8523.52,0.474698,6.0466319315221386e-05,2.293082,760.9,0.0841
1615,1,544.9,8520.98,0.404628,6.050316337923329e-05,2.155907,769.8,0.0831
1616,1,545.1,8518.49,0.518387,6.0540007443245205e-05,2.232431,744.1,0.086
1617,1,545.3,8515.99,0.453371,6.057685150725711e-05,1.790545,738.3,0.0867
1618,1,545.5,8513.54,0.58203,6.061369557126902e-05,2.696005,721.3,0.0887
1619,1,545.7,8511.03,0.557191,6.065053963528093e-05,2.638689,728.8,0.0878
1620,1,545.9,8508.59,0.414183,6.068738369929284e-05,2.450393,724.8,0.0883
1621,1,546.1,8506.21,0.47699,6.0724227763304754e-05,1.756162,723.5,0.0885
1622,1,546.3,8503.75,0.365164,6.076107182731666e-05,2.237239,714.5,0.0896
1623,1,546.5,8501.29,0.433808,6.0797915891328566e-05,1.906438,715.0,0.0895
1624,1,546.7,8498.82,0.461884,6.083475995534048e-05,2.256284,716.8,0.0893
1625,1,546.9,8496.34,0.471248,6.087160401935239e-05,1.824295,725.4,0.0882
1626,1,547.1,8493.84,0.54689,6.09084480833643e-05,2.421462,737.2,0.0868
1627,1,547.3,8491.35,0.528422,6.09452921473762e-05,2.707848,743.2,0.0861
1628,1,547.5,8488.89,0.50389,6.098213621138811e-05,2.401404,733.9,0.0872
1629,1,547.7,8486.44,0.522919,6.1018980275400015e-05,2.082631,729.9,0.0877
1630,1,547.89,8483.93,0.528198,6.105582433941192e-05,2.995248,761.7,0.084
1631,1,548.09,8481.5,0.459224,6.109266840342384e-05,2.750468,739.3,0.0866
1632,1,548.29,8479.03,0.499791,6.112951246743575e-05,3.012273,738.8,0.0866
1633,1,548.49,8476.51,0.544717,6.116635653144765e-05,2.333047,768.3,0.0833
1634,1,548.68,8474.03,0.52455,6.120320059545956e-05,2.472564,777.4,0.0823
1635,1,548.88,8471.59,0.49899,6.124004465947146e-05,1.861839,756.2,0.0846
1636,1,549.08,8469.11,0.471093,6.127688872348338e-05,1.417665,755.4,0.0847
1637,1,549.28,8466.63,0.460335,6.13137327874953e-05,3.257209,769.6,0.0832
1638,1,549.47,8464.16,0.499431,6.135057685150721e-05,2.021357,761.5,0.084
1639,1,549.67,8461.73,0.427785,6.138742091551911e-05,1.597585,751.2,0.0852
1640,1,549.87,8459.28,0.641767,6.142426497953102e-05,4.060982,745.0,0.0859
1641,1,550.07,8456.86,0.477448,6.146110904354293e-05,2.488268,760.4,0.0842
1642,1,550.27,8454.41,0.461307,6.149795310755483e-05,2.096568,759.2,0.0843
1643,1,550.47,8451.99,0.483081,6.153479717156675e-05,1.874712,745.0,0.0859
1644,1,550.66,8449.54,0.472368,6.157164123557866e-05,2.171335,748.3,0.0855
1645,1,550.86,8447.14,0.435912,6.160848529959056e-05,1.79789,741.3,0.0863
1646,1,551.06,8444.7,0.442918,6.164532936360248e-05,1.791167,749.4,0.0854
1647,1,551.26,8442.25,0.429579,6.168217342761439e-05,1.725186,760.9,0.0841
1648,1,551.46,8439.85,0.479033,6.171901749162631e-05,2.044107,742.7,0.0862
1649,1,551.65,8437.41,0.564655,6.175586155563821e-05,2.964218,743.7,0.0861
1650,1,551.85,8434.97,0.354845,6.179270561965012e-05,2.626659,750.3,0.0853
1651,1,552.05,8432.52,0.440157,6.182954968366203e-05,2.231252,764.3,0.0837
1652,1,552.25,8430.12,0.500757,6.186639374767393e-05,2.354549,751.0,0.0852
1653,1,552.44,8427.7,0.565811,6.190323781168585e-05,3.314953,755.6,0.0847
1654,1,552.64,8425.27,0.622367,6.194008187569776e-05,3.085219,760.0,0.0842
1655,1,552.84,8422.87,0.444459,6.197692593970966e-05,1.923259,752.3,0.0851
1656,1,553.04,8420.48,0.630803,6.201377000372157e-05,3.832538,744.9,0.0859
1657,1,553.23,8418.04,0.421234,6.205061406773347e-05,2.403584,761.9,0.084
1658,1,553.43,8415.65,0.466266,6.208745813174538e-05,2.007005,766.9,0.0835
1659,1,553.63,8413.22,0.484311,6.212430219575729e-05,3.584731,778.2,0.0822
1660,1,553.83,8410.85,0.41012,6.216114625976919e-05,2.809746,759.7,0.0842
1661,1,554.03,8408.51,0.497971,6.219799032378111e-05,2.214226,761.1,0.0841
1662,1,554.23,8406.13,0.485597,6.223483438779302e-05,3.044028,746.8,0.0857
1663,1,554.43,8403.74,0.485988,6.227167845180492e-05,2.292397,752.9,0.085
1664,1,554.62,8401.35,0.457044,6.230852251581683e-05,2.043841,765.8,0.0836
1665,1,554.82,8398.96,0.578168,6.234536657982873e-05,1.970737,757.6,0.0845
1666,1,555.02,8396.53,0.382492,6.238221064384064e-05,2.185268,787.3,0.0813
1667,1,555.22,8394.18,0.477771,6.241905470785255e-05,1.976387,756.5,0.0846
1668,1,555.41,8391.82,0.464794,6.245589877186445e-05,2.539862,744.7,0.0859
1669,1,555.61,8389.42,0.425946,6.249274283587637e-05,2.361346,762.1,0.084
1670,1,555.81,8387.1,0.504398,6.252958689988828e-05,2.489315,726.5,0.0881
1671,1,556.0,8384.65,0.399767,6.25664309639002e-05,1.802776,766.2,0.0835
1672,1,556.2,8382.26,0.511736,6.26032750279121e-05,2.606668,771.1,0.083
1673,1,556.4,8379.91,0.387564,6.264011909192401e-05,3.710303,751.1,0.0852
1674,1,556.6,8377.54,0.377878,6.267696315593593e-05,2.09201,754.8,0.0848
1675,1,556.79,8375.16,0.510946,6.271380721994785e-05,3.339863,772.1,0.0829
1676,1,556.99,8372.79,0.4797,6.275065128395975e-05,3.156144,771.9,0.0829
1677,1,557.19,8370.46,0.414124,6.278749534797166e-05,1.863119,754.7,0.0848
1678,1,557.39,8368.09,0.572882,6.282433941198357e-05,2.875417,762.2,0.084
1679,1,557.58,8365.75,0.414021,6.286118347599547e-05,2.946969,751.4,0.0852
1680,1,557.78,8363.37,0.379851,6.289802754000738e-05,2.093158,765.5,0.0836
1681,1,557.98,8361.07,0.498038,6.29348716040193e-05,2.632565,764.6,0.0837
1682,1,558.18,8358.75,0.466719,6.29717156680312e-05,2.231719,753.7,0.0849
1683,1,558.38,8356.42,0.47605,6.300855973204311e-05,4.079051,747.6,0.0856
1684,1,558.57,8354.07,0.388458,6.304540379605501e-05,1.993239,755.8,0.0847
1685,1,558.77,8351.73,0.434943,6.308224786006693e-05,1.914965,761.7,0.084
1686,1,558.97,8349.41,0.488769,6.311909192407884e-05,2.912285,752.2,0.0851
1687,1,559.17,8347.05,0.555929,6.315593598809075e-05,2.881088,762.1,0.084
1688,1,559.36,8344.71,0.609311,6.319278005210265e-05,5.071371,764.5,0.0837
1689,1,559.56,8342.38,0.469668,6.322962411611456e-05,1.776607,765.8,0.0836
1690,1,559.76,8340.05,0.454837,6.326646818012646e-05,3.259333,763.0,0.0839
1691,1,559.95,8337.73,0.535573,6.330331224413838e-05,2.292091,754.9,0.0848
1692,1,560.15,8335.42,0.434342,6.334015630815029e-05,2.030941,746.9,0.0857
1693,1,560.35,8333.09,0.507199,6.337700037216221e-05,3.08235,754.4,0.0848
1694,1,560.55,8330.77,0.531865,6.341384443617411e-05,2.020677,755.8,0.0847
1695,1,560.74,8328.43,0.590734,6.345068850018602e-05,3.015527,764.2,0.0838
1696,1,560.94,8326.12,0.588303,6.348753256419793e-05,2.885921,758.3,0.0844
1697,1,561.14,8323.84,0.498619,6.352437662820983e-05,2.179134,746.0,0.0858
1698,1,561.35,8321.67,0.583082,6.356122069222175e-05,2.192587,680.2,0.0941
1699,1,561.54,8319.3,0.463998,6.359806475623366e-05,1.288476,750.7,0.0853
1700,1,561.74,8317.0,0.428239,6.363490882024556e-05,1.530476,749.6,0.0854
1701,1,561.94,8314.74,0.483257,6.367175288425747e-05,2.868272,756.6,0.0846
1702,1,562.13,8312.44,0.48245,6.370859694826937e-05,3.524358,761.8,0.084
1703,1,562.33,8310.17,0.455327,6.374544101228128e-05,2.986942,750.5,0.0853
1704,1,562.53,8307.88,0.430022,6.37822850762932e-05,2.178642,755.1,0.0848
1705,1,562.73,8305.57,0.481023,6.38191291403051e-05,2.361089,774.4,0.0826
1706,1,562.93,8303.31,0.482304,6.385597320431701e-05,2.232565,750.0,0.0853
1707,1,563.13,8301.09,0.572749,6.389281726832892e-05,2.886631,713.0,0.0898
1708,1,563.32,8298.76,0.430701,6.392966133234082e-05,2.308108,757.9,0.0844
1709,1,563.52,8296.46,0.444542,6.396650539635274e-05,2.333285,764.6,0.0837
1710,1,563.72,8294.22,0.524308,6.400334946036465e-05,3.335653,746.2,0.0858
1711,1,563.91,8291.93,0.501364,6.404019352437655e-05,3.166673,758.6,0.0844
1712,1,564.11,8289.65,0.524962,6.407703758838846e-05,3.343201,768.2,0.0833
1713,1,564.31,8287.37,0.423201,6.411388165240037e-05,2.470046,771.1,0.083
1714,1,564.51,8285.12,0.39469,6.415072571641227e-05,2.079775,762.4,0.0839
1715,1,564.7,8282.86,0.508882,6.418756978042419e-05,3.412883,759.7,0.0842
1716,1,564.9,8280.59,0.55949,6.422441384443611e-05,2.422859,763.5,0.0838
1717,1,565.1,8278.36,0.441284,6.426125790844802e-05,2.976612,753.6,0.0849
1718,1,565.3,8276.1,0.536428,6.429810197245994e-05,2.621709,757.2,0.0845
1719,1,565.49,8273.85,0.481911,6.433494603647184e-05,2.584607,760.7,0.0841
1720,1,565.69,8271.63,0.550297,6.437179010048375e-05,2.050883,750.7,0.0853
1721,1,565.9,8269.46,0.517301,6.440863416449567e-05,2.666426,738.7,0.0866
1722,1,566.09,8267.14,0.461538,6.444547822850757e-05,1.789058,776.9,0.0824
1723,1,566.29,8264.91,0.551406,6.448232229251949e-05,2.246402,764.8,0.0837
1724,1,566.49,8262.7,0.55373,6.451916635653141e-05,2.029577,762.7,0.0839
1725,1,566.69,8260.49,0.324838,6.455601042054332e-05,1.737567,748.1,0.0856
1726,1,566.88,8258.25,0.411783,6.459285448455522e-05,2.007766,750.3,0.0853
1727,1,567.08,8256.01,0.425761,6.462969854856713e-05,1.871897,753.2,0.085
1728,1,567.28,8253.79,0.522919,6.466654261257904e-05,3.863268,749.5,0.0854
1729,1,567.48,8251.57,0.471502,6.470338667659094e-05,2.22038,750.4,0.0853
1730,1,567.68,8249.35,0.496021,6.474023074060285e-05,1.523517,748.8,0.0855
1731,1,567.87,8247.12,0.514754,6.477707480461477e-05,2.412849,760.0,0.0842
1732,1,568.07,8244.92,0.534342,6.481391886862667e-05,2.076699,746.2,0.0858
1733,1,568.27,8242.77,0.453151,6.485076293263858e-05,2.456193,709.2,0.0902
1734,1,568.47,8240.54,0.386195,6.488760699665048e-05,2.018939,715.1,0.0895
1735,1,568.66,8238.26,0.47107,6.49244510606624e-05,2.090519,756.1,0.0847
1736,1,568.86,8236.05,0.535454,6.496129512467431e-05,1.952167,758.0,0.0844
1737,1,569.06,8233.86,0.428403,6.499813918868622e-05,2.448337,747.9,0.0856
1738,1,569.26,8231.63,0.477489,6.503498325269812e-05,2.387735,749.9,0.0853
1739,1,569.45,8229.42,0.410008,6.507182731671003e-05,2.697767,759.8,0.0842
1740,1,569.65,8227.23,0.436978,6.510867138072193e-05,1.754018,742.9,0.0862
1741,1,569.85,8225.06,0.637645,6.514551544473384e-05,3.11472,751.7,0.0851
1742,1,570.05,8222.85,0.368344,6.518235950874574e-05,1.418992,758.4,0.0844
1743,1,570.25,8220.64,0.530665,6.521920357275765e-05,1.924376,763.2,0.0839
1744,1,570.44,8218.45,0.346924,6.525604763676957e-05,2.589848,762.4,0.0839
1745,1,570.64,8216.29,0.557778,6.529289170078148e-05,2.492257,744.7,0.0859
1746,1,570.84,8214.04,0.466156,6.532973576479338e-05,2.732472,779.9,0.0821
1747,1,571.04,8211.86,0.391065,6.536657982880529e-05,1.879406,770.1,0.0831
1748,1,571.24,8209.71,0.419776,6.540342389281719e-05,2.063627,751.4,0.0852
1749,1,571.43,8207.53,0.471451,6.54402679568291e-05,2.169862,755.3,0.0847
1750,1,571.63,8205.35,0.630007,6.5477112020841e-05,2.789995,761.0,0.0841
1751,1,571.83,8203.18,0.531708,6.551395608485291e-05,3.809836,752.6,0.085
1752,1,572.03,8201.0,0.41988,6.555080014886482e-05,2.009124,749.5,0.0854
1753,1,572.22,8198.8,0.488317,6.558764421287672e-05,1.94566,768.4,0.0833
1754,1,572.42,8196.64,0.51644,6.562448827688864e-05,3.312956,754.4,0.0848
1755,1,572.62,8194.48,0.48372,6.566133234090055e-05,1.758401,748.1,0.0856
1756,1,572.82,8192.31,0.386915,6.569817640491247e-05,2.615292,755.4,0.0847
1757,1,573.01,8190.17,0.449219,6.573502046892437e-05,1.765137,743.3,0.0861
1758,1,573.21,8188.0,0.424681,6.577186453293628e-05,1.905187,750.7,0.0852
1759,1,573.41,8185.86,0.502852,6.580870859694818e-05,1.983154,746.8,0.0857
1760,1,573.61,8183.71,0.435616,6.584555266096009e-05,2.230749,737.2,0.0868
1761,1,573.81,8181.6,0.46048,6.588239672497201e-05,3.230155,748.5,0.0855
1762,1,574.01,8179.44,0.438792,6.591924078898392e-05,2.283958,754.7,0.0848
1763,1,574.21,8177.31,0.530449,6.595608485299584e-05,2.263622,740.0,0.0865
1764,1,574.4,8175.14,0.411966,6.599292891700774e-05,2.709918,745.8,0.0858
1765,1,574.6,8172.97,0.48486,6.602977298101966e-05,2.703575,763.7,0.0838
1766,1,574.8,8170.82,0.450597,6.606661704503157e-05,2.161639,766.9,0.0835
1767,1,575.0,8168.73,0.534965,6.610346110904347e-05,2.481153,732.6,0.0874
1768,1,575.19,8166.54,0.51481,6.614030517305539e-05,2.883894,778.4,0.0822
1769,1,575.39,8164.39,0.523303,6.61771492370673e-05,2.690552,772.6,0.0828
1770,1,575.58,8162.24,0.506198,6.62139933010792e-05,2.485601,784.6,0.0816
1771,1,575.78,8160.15,0.46797,6.625083736509111e-05,1.967133,745.6,0.0858
1772,1,575.98,8158.02,0.49639,6.628768142910302e-05,3.096963,746.7,0.0857
1773,1,576.18,8155.85,0.406283,6.632452549311493e-05,1.848471,776.7,0.0824
1774,1,576.38,8153.74,0.490501,6.636136955712684e-05,2.519803,767.4,0.0834
1775,1,576.58,8151.63,0.55949,6.639821362113875e-05,1.801569,757.3,0.0845
1776,1,576.77,8149.52,0.519244,6.643505768515067e-05,1.904918,755.5,0.0847
1777,1,576.97,8147.39,0.457976,6.647190174916257e-05,2.219228,761.5,0.084
1778,1,577.17,8145.25,0.428693,6.650874581317449e-05,2.065114,766.5,0.0835
1779,1,577.36,8143.12,0.475668,6.65455898771864e-05,2.418488,764.9,0.0837
1780,1,577.56,8141.05,0.604163,6.65824339411983e-05,2.136239,742.9,0.0861
1781,1,577.76,8138.98,0.382285,6.661927800521021e-05,1.60371,755.3,0.0847
1782,1,577.96,8136.87,0.591941,6.665612206922211e-05,2.70033,755.5,0.0847
1783,1,578.16,8134.77,0.509671,6.669296613323402e-05,1.777726,751.6,0.0852
1784,1,578.36,8132.68,0.460093,6.672981019724593e-05,2.050394,751.5,0.0852
1785,1,578.56,8130.58,0.517129,6.676665426125783e-05,1.74508,749.9,0.0853
1786,1,578.75,8128.48,0.408806,6.680349832526974e-05,2.244992,755.5,0.0847
1787,1,578.95,8126.37,0.494184,6.684034238928166e-05,2.160785,763.3,0.0838
1788,1,579.15,8124.3,0.510799,6.687718645329356e-05,2.666779,753.3,0.085
1789,1,579.35,8122.2,0.51935,6.691403051730547e-05,2.18343,765.2,0.0836
1790,1,579.55,8120.15,0.39525,6.695087458131738e-05,1.690195,740.6,0.0864
1791,1,579.74,8118.04,0.509073,6.698771864532928e-05,2.594203,752.2,0.0851
1792,1,579.94,8115.94,0.469067,6.702456270934119e-05,2.43063,756.5,0.0846
1793,1,580.14,8113.84,0.462915,6.706140677335309e-05,1.868736,766.1,0.0835
1794,1,580.34,8111.82,0.478575,6.7098250837365e-05,1.998335,735.0,0.0871
1795,1,580.54,8109.73,0.457515,6.71350949013769e-05,2.496231,759.5,0.0843
1796,1,580.73,8107.63,0.476896,6.717193896538881e-05,2.971812,771.1,0.083
1797,1,580.93,8105.54,0.501011,6.720878302940072e-05,3.363997,786.2,0.0814
1798,1,581.13,8103.46,0.416267,6.724562709341262e-05,1.833882,775.6,0.0825
1799,1,581.34,8101.6,0.505163,6.728247115742453e-05,3.849881,663.1,0.0965
1800,1,581.53,8099.38,0.522963,6.731931522143643e-05,2.630217,746.5,0.0857
1801,1,592.91,8253.07,0.556598,6.735615928544834e-05,3.784097,680.6,0.094
1802,1,593.14,8251.31,0.425344,6.739300334946025e-05,3.488441,701.9,0.0912
1803,1,593.34,8249.14,0.430994,6.742984741347215e-05,2.822823,756.4,0.0846
1804,1,593.53,8246.94,0.474669,6.746669147748406e-05,2.448221,759.8,0.0842
1805,1,593.73,8244.83,0.418711,6.750353554149596e-05,2.061138,729.5,0.0877
1806,1,593.93,8242.69,0.589095,6.754037960550787e-05,2.200884,738.8,0.0866
1807,1,594.13,8240.54,0.493082,6.757722366951979e-05,2.741173,732.8,0.0873
1808,1,594.33,8238.38,0.448129,6.76140677335317e-05,2.821058,755.9,0.0847
1809,1,594.53,8236.28,0.510338,6.76509117975436e-05,2.365768,726.6,0.0881
1810,1,594.73,8234.17,0.472941,6.76877558615555e-05,2.566263,719.1,0.089
1811,1,594.92,8232.03,0.49708,6.772459992556741e-05,2.344245,728.2,0.0879
1812,1,595.12,8229.88,0.443588,6.776144398957932e-05,3.168809,745.4,0.0859
1813,1,595.32,8227.75,0.453745,6.779828805359122e-05,2.069877,748.6,0.0855
1814,1,595.52,8225.65,0.453647,6.783513211760313e-05,3.079417,732.6,0.0874
1815,1,595.72,8223.52,0.492154,6.787197618161504e-05,1.618531,735.6,0.087
1816,1,595.91,8221.35,0.440304,6.790882024562694e-05,1.939059,759.9,0.0842
1817,1,596.11,8219.23,0.58287,6.794566430963885e-05,2.573843,741.3,0.0863
1818,1,596.31,8217.08,0.451951,6.798250837365075e-05,2.695426,755.7,0.0847
1819,1,596.5,8214.95,0.487775,6.801935243766266e-05,3.116394,750.7,0.0853
1820,1,596.7,8212.79,0.440557,6.805619650167456e-05,2.578091,771.2,0.083
1821,1,596.9,8210.76,0.539252,6.809304056568647e-05,3.750824,751.9,0.0851
1822,1,597.1,8208.65,0.392994,6.812988462969838e-05,1.744955,740.1,0.0865
1823,1,597.3,8206.57,0.534961,6.816672869371028e-05,1.978879,728.9,0.0878
1824,1,597.5,8204.43,0.393673,6.820357275772219e-05,1.909207,743.4,0.0861
1825,1,597.69,8202.27,0.433085,6.82404168217341e-05,2.00465,771.5,0.083
1826,1,597.89,8200.19,0.478655,6.8277260885746e-05,2.307693,757.4,0.0845
1827,1,598.09,8198.12,0.358787,6.83141049497579e-05,2.384223,739.1,0.0866
1828,1,598.29,8196.02,0.606168,6.835094901376981e-05,3.16742,735.3,0.087
1829,1,598.48,8193.9,0.596475,6.838779307778172e-05,3.319048,754.2,0.0849
1830,1,598.68,8191.79,0.409743,6.842463714179362e-05,2.554767,761.6,0.084
1831,1,598.88,8189.69,0.645909,6.846148120580553e-05,2.453358,751.0,0.0852
1832,1,599.08,8187.59,0.559801,6.849832526981744e-05,3.644963,745.3,0.0859
1833,1,599.28,8185.55,0.423033,6.853516933382935e-05,2.341207,710.1,0.0901
1834,1,599.47,8183.4,0.600498,6.857201339784126e-05,4.110941,762.8,0.0839
1835,1,599.67,8181.33,0.498757,6.860885746185318e-05,2.105297,750.0,0.0853
1836,1,599.87,8179.25,0.50872,6.864570152586509e-05,2.060904,747.6,0.0856
1837,1,600.06,8177.13,0.448275,6.868254558987699e-05,2.120611,765.9,0.0836
1838,1,600.26,8175.07,0.470383,6.87193896538889e-05,2.264646,751.7,0.0851
1839,1,600.46,8172.98,0.406313,6.87562337179008e-05,1.702577,758.1,0.0844
1840,1,600.66,8170.9,0.461899,6.879307778191271e-05,1.644592,750.0,0.0853
1841,1,600.86,8168.87,0.534118,6.882992184592462e-05,1.933027,743.7,0.0861
1842,1,601.06,8166.8,0.363254,6.886676590993653e-05,1.366009,753.0,0.085
1843,1,601.26,8164.78,0.46081,6.890360997394844e-05,2.649923,729.8,0.0877
1844,1,601.45,8162.67,0.584625,6.894045403796035e-05,2.058549,769.6,0.0832
1845,1,601.65,8160.62,0.481452,6.897729810197225e-05,2.037223,757.8,0.0845
1846,1,601.85,8158.54,0.557781,6.901414216598417e-05,2.837942,764.5,0.0837
1847,1,602.05,8156.49,0.462116,6.905098622999608e-05,1.634437,757.1,0.0845
1848,1,602.25,8154.43,0.49871,6.9087830294008e-05,1.78634,746.3,0.0858
1849,1,602.44,8152.35,0.447338,6.91246743580199e-05,1.712043,755.8,0.0847
1850,1,602.64,8150.29,0.517314,6.916151842203181e-05,1.766934,759.1,0.0843
1851,1,602.84,8148.26,0.457322,6.919836248604373e-05,2.600584,742.1,0.0862
1852,1,603.04,8146.23,0.398044,6.923520655005563e-05,1.658642,736.6,0.0869
1853,1,603.23,8144.15,0.447416,6.927205061406754e-05,1.887729,757.6,0.0845
1854,1,603.43,8142.13,0.41823,6.930889467807945e-05,1.670738,752.8,0.085
1855,1,603.63,8140.08,0.496696,6.934573874209135e-05,2.211284,760.2,0.0842
1856,1,603.83,8138.06,0.476102,6.938258280610326e-05,1.773234,752.4,0.0851
1857,1,604.03,8136.03,0.459604,6.941942687011518e-05,1.849783,737.3,0.0868
1858,1,604.23,8134.0,0.520248,6.945627093412708e-05,2.693078,738.2,0.0867
1859,1,604.44,8132.09,0.365445,6.949311499813899e-05,2.518762,672.4,0.0952
1860,1,604.63,8129.96,0.514312,6.95299590621509e-05,2.054859,741.6,0.0863
1861,1,604.83,8127.99,0.433842,6.95668031261628e-05,3.258145,734.2,0.0872
1862,1,605.03,8125.94,0.507168,6.96036471901747e-05,2.272607,748.4,0.0855
1863,1,605.22,8123.88,0.528398,6.964049125418661e-05,3.272285,765.6,0.0836
1864,1,605.42,8121.86,0.438016,6.967733531819853e-05,2.011693,751.3,0.0852
1865,1,605.62,8119.84,0.506378,6.971417938221044e-05,2.248041,755.6,0.0847
1866,1,605.82,8117.81,0.459504,6.975102344622234e-05,3.626821,754.1,0.0849
1867,1,606.01,8115.78,0.501995,6.978786751023425e-05,1.482882,764.5,0.0837
1868,1,606.21,8113.78,0.405029,6.982471157424616e-05,1.706449,747.3,0.0856
1869,1,606.41,8111.74,0.553137,6.986155563825806e-05,2.350441,751.5,0.0852
1870,1,606.61,8109.71,0.388619,6.989839970226997e-05,1.714682,749.0,0.0854
1871,1,606.8,8107.69,0.36344,6.993524376628187e-05,2.099459,753.8,0.0849
1872,1,607.0,8105.66,0.442853,6.997208783029379e-05,2.696246,761.2,0.0841
1873,1,607.2,8103.65,0.442598,7.000893189430571e-05,2.389432,751.7,0.0851
1874,1,607.39,8101.61,0.561085,7.004577595831762e-05,2.686199,761.8,0.084
1875,1,607.59,8099.6,0.520455,7.008262002232952e-05,2.284493,752.8,0.085
1876,1,607.79,8097.61,0.450083,7.011946408634144e-05,2.309241,740.3,0.0865
1877,1,607.99,8095.6,0.522458,7.015630815035335e-05,2.306934,754.4,0.0848
1878,1,608.2,8093.72,0.365359,7.019315221436525e-05,1.588221,703.7,0.0909
1879,1,608.4,8091.77,0.64119,7.022999627837716e-05,4.063026,703.4,0.091
1880,1,608.59,8089.77,0.501879,7.026684034238908e-05,2.544869,733.5,0.0873
1881,1,608.8,8087.94,0.439512,7.030368440640099e-05,1.747355,694.1,0.0922
1882,1,609.0,8085.94,0.582893,7.034052847041289e-05,3.061913,728.5,0.0879
1883,1,609.2,8083.99,0.480752,7.037737253442481e-05,3.108995,715.8,0.0894
1884,1,609.4,8082.0,0.447803,7.041421659843672e-05,1.888145,725.9,0.0882
1885,1,609.6,8080.01,0.481903,7.045106066244862e-05,3.318063,739.2,0.0866
1886,1,609.8,8078.02,0.483988,7.048790472646053e-05,1.499912,738.9,0.0866
1887,1,609.99,8076.04,0.400172,7.052474879047245e-05,1.704141,735.0,0.0871
1888,1,610.19,8074.09,0.507647,7.056159285448435e-05,2.47432,723.0,0.0885
1889,1,610.39,8072.11,0.474517,7.059843691849626e-05,1.804964,731.0,0.0876
1890,1,610.59,8070.11,0.446765,7.063528098250817e-05,1.70768,746.4,0.0857
1891,1,610.79,8068.13,0.513546,7.067212504652007e-05,1.938147,747.0,0.0857
1892,1,610.98,8066.13,0.457355,7.070896911053198e-05,1.579333,762.7,0.0839
1893,1,611.18,8064.2,0.537165,7.074581317454388e-05,3.062982,731.0,0.0876
1894,1,611.38,8062.22,0.574814,7.078265723855579e-05,2.428534,741.9,0.0863
1895,1,611.58,8060.26,0.448859,7.081950130256771e-05,2.133735,736.0,0.087
1896,1,611.78,8058.31,0.407399,7.085634536657963e-05,2.048319,735.1,0.0871
1897,1,611.98,8056.36,0.433289,7.089318943059153e-05,2.835519,731.6,0.0875
1898,1,612.17,8054.38,0.491025,7.093003349460344e-05,2.02422,763.5,0.0838
1899,1,612.37,8052.43,0.54814,7.096687755861535e-05,2.31905,757.5,0.0845
1900,1,612.57,8050.49,0.484677,7.100372162262725e-05,2.427034,749.7,0.0854
1901,1,612.78,8048.61,0.44843,7.104056568663916e-05,2.565532,739.1,0.0866
1902,1,612.97,8046.65,0.41483,7.107740975065106e-05,1.858842,747.7,0.0856
1903,1,613.17,8044.73,0.396184,7.111425381466297e-05,2.308654,734.3,0.0872
1904,1,613.37,8042.77,0.548217,7.115109787867488e-05,1.870869,742.2,0.0862
1905,1,613.57,8040.82,0.43779,7.118794194268678e-05,2.271801,742.7,0.0862
1906,1,613.77,8038.87,0.520005,7.122478600669869e-05,2.525543,745.4,0.0859
1907,1,613.96,8036.91,0.409283,7.12616300707106e-05,2.10108,753.6,0.0849
1908,1,614.16,8034.96,0.484232,7.129847413472251e-05,2.062557,754.9,0.0848
1909,1,614.37,8033.11,0.490417,7.133531819873443e-05,2.391218,732.2,0.0874
1910,1,614.57,8031.19,0.406804,7.137216226274635e-05,2.667452,725.6,0.0882
1911,1,614.77,8029.32,0.485812,7.140900632675826e-05,2.321793,694.8,0.0921
1912,1,614.96,8027.31,0.533964,7.144585039077016e-05,2.280252,741.3,0.0863
1913,1,615.16,8025.39,0.423432,7.148269445478207e-05,2.531839,737.9,0.0867
1914,1,615.36,8023.46,0.618014,7.151953851879397e-05,3.942943,736.9,0.0869
1915,1,615.55,8021.5,0.593254,7.155638258280588e-05,3.668714,759.9,0.0842
1916,1,615.76,8019.6,0.459371,7.159322664681779e-05,2.261079,738.5,0.0867
1917,1,615.95,8017.67,0.55936,7.163007071082969e-05,2.319233,741.2,0.0863
1918,1,616.15,8015.78,0.414946,7.16669147748416e-05,1.793569,729.7,0.0877
1919,1,616.35,8013.84,0.454951,7.17037588388535e-05,2.458493,747.2,0.0857
1920,1,616.55,8011.91,0.479204,7.174060290286542e-05,2.584574,749.2,0.0854
1921,1,616.75,8010.06,0.484205,7.177744696687733e-05,3.482479,739.5,0.0865
1922,1,616.95,8008.14,0.440822,7.181429103088925e-05,2.197139,739.8,0.0865
1923,1,617.15,8006.27,0.448092,7.185113509490115e-05,1.784493,730.9,0.0876
1924,1,617.35,8004.34,0.40142,7.188797915891306e-05,2.305875,750.1,0.0853
1925,1,617.55,8002.46,0.565009,7.192482322292498e-05,4.526858,735.1,0.0871
1926,1,617.75,8000.54,0.604624,7.19616672869369e-05,4.568991,746.9,0.0857
1927,1,617.94,7998.65,0.537001,7.199851135094882e-05,3.413881,729.3,0.0878
1928,1,618.14,7996.72,0.448061,7.203535541496074e-05,2.418593,743.1,0.0861
1929,1,618.34,7994.87,0.49918,7.207219947897264e-05,3.628737,725.1,0.0883
1930,1,618.54,7993.0,0.486115,7.210904354298455e-05,3.755928,716.5,0.0893
1931,1,618.74,7991.1,0.434821,7.214588760699647e-05,2.284726,728.0,0.0879
1932,1,618.94,7989.22,0.520947,7.218273167100839e-05,2.371961,724.8,0.0883
1933,1,619.14,7987.3,0.619059,7.22195757350203e-05,4.126617,741.7,0.0863
1934,1,619.34,7985.41,0.569052,7.22564197990322e-05,3.990718,742.5,0.0862
1935,1,619.54,7983.54,0.42571,7.22932638630441e-05,2.058156,727.8,0.0879
1936,1,619.75,7981.82,0.463425,7.233010792705601e-05,2.799346,646.0,0.0991
1937,1,619.94,7979.84,0.548303,7.236695199106793e-05,2.921733,733.6,0.0872
1938,1,620.14,7977.99,0.5485,7.240379605507985e-05,4.006735,721.1,0.0888
1939,1,620.35,7976.22,0.613312,7.244064011909176e-05,5.676775,709.0,0.0903
1940,1,620.55,7974.42,0.484855,7.247748418310368e-05,2.407039,695.6,0.092
1941,1,620.76,7972.63,0.541267,7.25143282471156e-05,2.026222,695.4,0.092
1942,1,620.96,7970.75,0.51118,7.25511723111275e-05,2.591234,718.1,0.0891
1943,1,621.16,7968.93,0.609845,7.258801637513941e-05,4.488088,712.6,0.0898
1944,1,621.36,7967.08,0.600186,7.262486043915131e-05,3.224641,708.0,0.0904
1945,1,621.57,7965.33,0.459042,7.266170450316323e-05,2.453934,664.8,0.0963
1946,1,621.76,7963.42,0.563019,7.269854856717514e-05,3.090823,717.4,0.0892
1947,1,621.96,7961.58,0.430242,7.273539263118704e-05,2.534339,706.5,0.0906
1948,1,622.16,7959.72,0.502767,7.277223669519895e-05,1.760356,705.1,0.0908
1949,1,622.36,7957.86,0.473547,7.280908075921086e-05,3.236952,725.3,0.0882
1950,1,622.56,7956.02,0.525334,7.284592482322276e-05,2.840019,732.2,0.0874
1951,1,622.76,7954.21,0.459035,7.288276888723467e-05,1.520322,712.5,0.0898
1952,1,622.96,7952.37,0.435378,7.291961295124657e-05,2.257016,716.9,0.0893
1953,1,623.17,7950.56,0.496667,7.295645701525848e-05,3.027696,694.8,0.0921
1954,1,623.37,7948.74,0.538788,7.299330107927039e-05,2.484229,688.6,0.0929
1955,1,623.56,7946.82,0.495191,7.30301451432823e-05,1.77742,745.7,0.0858
1956,1,623.76,7944.99,0.542525,7.306698920729421e-05,2.816152,734.1,0.0872
1957,1,623.97,7943.21,0.39656,7.310383327130613e-05,2.120815,697.3,0.0918
1958,1,624.16,7941.36,0.502096,7.314067733531804e-05,2.092262,722.0,0.0886
1959,1,624.37,7939.55,0.431942,7.317752139932994e-05,1.565817,711.0,0.09
1960,1,624.57,7937.72,0.431183,7.321436546334185e-05,2.289613,705.2,0.0908
1961,1,624.77,7935.99,0.540431,7.325120952735375e-05,2.729311,696.2,0.0919
1962,1,624.98,7934.22,0.449519,7.328805359136567e-05,2.939127,654.8,0.0977
1963,1,625.17,7932.31,0.551614,7.332489765537759e-05,3.522222,716.2,0.0894
1964,1,625.37,7930.5,0.437699,7.33617417193895e-05,2.367724,707.7,0.0904
1965,1,625.57,7928.64,0.398833,7.33985857834014e-05,2.296765,739.4,0.0866
1966,1,625.77,7926.81,0.562613,7.343542984741332e-05,2.606723,737.1,0.0868
1967,1,625.97,7925.02,0.60606,7.347227391142523e-05,4.978201,708.4,0.0903
1968,1,626.17,7923.26,0.47163,7.350911797543714e-05,3.915213,682.9,0.0937
1969,1,626.37,7921.41,0.395378,7.354596203944904e-05,2.559949,718.3,0.0891
1970,1,626.57,7919.57,0.484904,7.358280610346095e-05,2.082792,727.2,0.088
1971,1,626.77,7917.74,0.533454,7.361965016747285e-05,1.928623,731.3,0.0875
1972,1,626.97,7915.99,0.578605,7.365649423148476e-05,2.912137,692.9,0.0924
1973,1,627.17,7914.11,0.40268,7.369333829549666e-05,1.626601,739.4,0.0866
1974,1,627.37,7912.34,0.485068,7.373018235950858e-05,3.12641,711.2,0.09
1975,1,627.57,7910.52,0.426799,7.376702642352049e-05,2.78383,718.4,0.0891
1976,1,627.76,7908.69,0.451127,7.38038704875324e-05,2.27494,727.2,0.088
1977,1,627.97,7906.98,0.38164,7.384071455154432e-05,1.509472,672.9,0.0951
1978,1,628.16,7905.08,0.522077,7.387755861555622e-05,2.406336,742.6,0.0862
1979,1,628.36,7903.23,0.423487,7.391440267956813e-05,1.063325,760.2,0.0842
1980,1,628.57,7901.52,0.492274,7.395124674358005e-05,1.902798,709.5,0.0902
1981,1,628.78,7899.86,0.480246,7.398809080759195e-05,1.649983,701.5,0.0912
1982,1,628.97,7898.05,0.475279,7.402493487160386e-05,1.708769,738.4,0.0867
1983,1,629.17,7896.24,0.544032,7.406177893561576e-05,2.005291,746.0,0.0858
1984,1,629.38,7894.53,0.38736,7.409862299962767e-05,1.629278,692.4,0.0924
1985,1,629.58,7892.7,0.597674,7.413546706363958e-05,2.331891,727.8,0.0879
1986,1,629.78,7891.01,0.533785,7.417231112765148e-05,1.854761,715.1,0.0895
1987,1,629.98,7889.22,0.413206,7.420915519166339e-05,1.660823,723.7,0.0884
1988,1,630.19,7887.52,0.480282,7.42459992556753e-05,1.57299,681.5,0.0939
1989,1,630.38,7885.64,0.4525,7.42828433196872e-05,2.310601,734.2,0.0872
1990,1,630.58,7883.89,0.598365,7.431968738369912e-05,2.035576,712.5,0.0898
1991,1,630.78,7882.1,0.625487,7.435653144771102e-05,3.341598,718.6,0.0891
1992,1,630.98,7880.33,0.512045,7.439337551172293e-05,1.60894,705.8,0.0907
1993,1,631.18,7878.51,0.546773,7.443021957573484e-05,2.049792,735.0,0.0871
1994,1,631.38,7876.74,0.427406,7.446706363974674e-05,1.694929,725.6,0.0882
1995,1,631.58,7874.92,0.530053,7.450390770375866e-05,2.035309,746.2,0.0858
1996,1,631.78,7873.17,0.532104,7.454075176777057e-05,2.390018,725.4,0.0882
1997,1,631.98,7871.45,0.545525,7.457759583178247e-05,2.677197,686.4,0.0932
1998,1,632.18,7869.65,0.508005,7.461443989579439e-05,1.908245,727.8,0.0879
1999,1,632.38,7867.87,0.500395,7.46512839598063e-05,1.218174,721.1,0.0888
2000,1,632.58,7866.1,0.500228,7.46881280238182e-05,2.371577,709.8,0.0902
2001,1,632.82,7864.81,0.425828,7.472497208783011e-05,1.980992,713.5,0.0897
2002,1,633.02,7863.06,0.502859,7.476181615184203e-05,2.588779,702.5,0.0911
2003,1,633.22,7861.29,0.464439,7.479866021585394e-05,2.145468,731.9,0.0874
2004,1,633.42,7859.55,0.37762,7.483550427986586e-05,1.537456,720.6,0.0888
2005,1,633.61,7857.77,0.392389,7.487234834387777e-05,1.559837,732.8,0.0873
2006,1,633.82,7856.05,0.541627,7.49091924078897e-05,2.402461,710.8,0.09
2007,1,634.02,7854.31,0.458979,7.49460364719016e-05,2.487612,695.0,0.0921
2008,1,634.22,7852.54,0.397149,7.498288053591352e-05,1.852299,728.0,0.0879
2009,1,634.42,7850.8,0.556758,7.501972459992544e-05,2.487861,712.8,0.0898
2010,1,634.61,7849.01,0.38022,7.505656866393736e-05,2.046328,736.3,0.0869
2011,1,634.81,7847.22,0.486333,7.509341272794926e-05,2.739332,754.2,0.0849
2012,1,635.01,7845.5,0.535805,7.513025679196118e-05,2.774359,730.9,0.0876
2013,1,635.21,7843.72,0.556155,7.516710085597309e-05,2.527025,752.8,0.085
2014,1,635.41,7842.0,0.607719,7.520394491998501e-05,2.657767,742.9,0.0862
2015,1,635.61,7840.3,0.451091,7.524078898399691e-05,2.503958,714.6,0.0896
2016,1,635.81,7838.48,0.429235,7.527763304800882e-05,2.09834,759.8,0.0842
2017,1,636.01,7836.79,0.466445,7.531447711202073e-05,3.635603,713.8,0.0897
2018,1,636.21,7835.02,0.493588,7.535132117603263e-05,1.847749,734.3,0.0872
2019,1,636.41,7833.26,0.501768,7.538816524004454e-05,1.868273,740.6,0.0864
2020,1,636.61,7831.56,0.448959,7.542500930405646e-05,2.276576,707.3,0.0905
2021,1,636.81,7829.81,0.484944,7.546185336806836e-05,1.6562,744.3,0.086
2022,1,637.01,7828.09,0.533718,7.549869743208027e-05,2.651451,718.9,0.089
2023,1,637.21,7826.35,0.574772,7.553554149609219e-05,3.033012,726.2,0.0881
2024,1,637.41,7824.6,0.500354,7.55723855601041e-05,1.461242,725.6,0.0882
2025,1,637.61,7822.91,0.520797,7.5609229624116e-05,1.761451,701.7,0.0912
2026,1,637.81,7821.14,0.564884,7.56460736881279e-05,3.853958,736.0,0.087
2027,1,638.01,7819.42,0.488399,7.568291775213981e-05,2.47338,727.5,0.088
2028,1,638.21,7817.71,0.538752,7.571976181615172e-05,1.620628,710.6,0.0901
2029,1,638.4,7815.97,0.504104,7.575660588016362e-05,1.621415,721.9,0.0886
2030,1,638.6,7814.23,0.437597,7.579344994417553e-05,2.290538,731.9,0.0874
2031,1,638.8,7812.53,0.566387,7.583029400818744e-05,1.871305,711.9,0.0899
2032,1,639.0,7810.79,0.501044,7.586713807219934e-05,1.352817,737.6,0.0868
2033,1,639.2,7809.08,0.567307,7.590398213621125e-05,1.806882,721.7,0.0887
2034,1,639.41,7807.47,0.398994,7.594082620022315e-05,1.428212,667.4,0.0959
2035,1,639.61,7805.71,0.454252,7.597767026423506e-05,1.817633,742.6,0.0862
2036,1,639.81,7804.07,0.414319,7.601451432824697e-05,1.469873,683.8,0.0936
2037,1,640.01,7802.31,0.562693,7.605135839225887e-05,2.758471,733.8,0.0872
2038,1,640.21,7800.65,0.469139,7.608820245627079e-05,2.814788,694.1,0.0922
2039,1,640.41,7798.95,0.467782,7.61250465202827e-05,1.688235,695.4,0.092
2040,1,640.61,7797.21,0.512844,7.61618905842946e-05,2.075409,717.2,0.0892
2041,1,640.81,7795.56,0.545871,7.619873464830651e-05,1.964088,723.6,0.0884
2042,1,641.01,7793.87,0.533712,7.623557871231841e-05,2.458378,709.2,0.0902
2043,1,641.21,7792.16,0.454605,7.627242277633032e-05,1.507449,720.7,0.0888
2044,1,641.41,7790.46,0.441463,7.630926684034223e-05,2.060014,712.6,0.0898
2045,1,641.61,7788.73,0.511305,7.634611090435414e-05,2.090123,728.4,0.0879
2046,1,641.81,7787.04,0.462929,7.638295496836605e-05,2.363493,721.3,0.0887
2047,1,642.01,7785.33,0.470426,7.641979903237797e-05,2.034697,726.5,0.0881
2048,1,642.21,7783.61,0.428871,7.645664309638988e-05,1.546807,733.0,0.0873
2049,1,642.41,7781.93,0.391997,7.64934871604018e-05,1.741357,726.1,0.0881
2050,1,642.6,7780.2,0.561273,7.65303312244137e-05,2.177669,744.1,0.086
2051,1,642.8,7778.49,0.413952,7.656717528842561e-05,2.410161,742.5,0.0862
2052,1,643.0,7776.81,0.612273,7.660401935243751e-05,2.534049,730.0,0.0877
2053,1,643.2,7775.12,0.498476,7.664086341644942e-05,2.140703,737.1,0.0868
2054,1,643.4,7773.46,0.44516,7.667770748046132e-05,1.730902,719.3,0.089
2055,1,643.6,7771.74,0.499261,7.671455154447324e-05,1.509815,739.0,0.0866
2056,1,643.8,7770.04,0.488691,7.675139560848516e-05,1.676637,731.3,0.0875
2057,1,644.0,7768.44,0.577221,7.678823967249707e-05,1.928802,683.7,0.0936
2058,1,644.2,7766.74,0.422738,7.682508373650899e-05,1.558935,734.7,0.0871
2059,1,644.4,7765.04,0.490052,7.686192780052091e-05,1.859801,740.5,0.0864
2060,1,644.61,7763.42,0.477944,7.689877186453281e-05,2.157128,697.4,0.0918
2061,1,644.8,7761.75,0.494744,7.693561592854473e-05,2.044092,745.3,0.0859
2062,1,645.0,7760.06,0.518209,7.697245999255664e-05,1.625283,746.7,0.0857
2063,1,645.2,7758.39,0.463034,7.700930405656855e-05,1.909848,748.0,0.0856
2064,1,645.4,7756.72,0.561967,7.704614812058045e-05,3.290504,743.4,0.0861
2065,1,645.6,7755.07,0.437944,7.708299218459236e-05,1.56575,726.2,0.0881
2066,1,645.8,7753.39,0.431048,7.711983624860426e-05,1.780161,731.3,0.0875
2067,1,646.0,7751.72,0.414107,7.715668031261617e-05,1.821253,732.5,0.0874
2068,1,646.2,7750.08,0.405033,7.719352437662809e-05,1.381536,713.2,0.0897
2069,1,646.4,7748.36,0.425482,7.723036844064001e-05,2.05116,741.9,0.0863
2070,1,646.6,7746.7,0.437421,7.726721250465191e-05,2.781531,734.0,0.0872
2071,1,646.8,7745.02,0.395006,7.730405656866382e-05,2.134719,741.3,0.0863
2072,1,647.0,7743.37,0.489893,7.734090063267573e-05,3.205902,727.0,0.088
2073,1,647.2,7741.74,0.56016,7.737774469668763e-05,4.147846,702.7,0.0911
2074,1,647.39,7740.02,0.490056,7.741458876069955e-05,2.378203,739.4,0.0866
2075,1,647.6,7738.39,0.537289,7.745143282471146e-05,3.10616,715.9,0.0894
2076,1,647.79,7736.7,0.372443,7.748827688872338e-05,1.659852,732.6,0.0874
2077,1,648.0,7735.11,0.497502,7.752512095273528e-05,3.174153,693.1,0.0923
2078,1,648.19,7733.39,0.523247,7.756196501674719e-05,2.643364,735.7,0.087
2079,1,648.39,7731.77,0.560738,7.75988090807591e-05,4.154339,709.4,0.0902
2080,1,648.59,7730.09,0.532936,7.7635653144771e-05,3.54832,729.6,0.0877
2081,1,648.8,7728.58,0.464378,7.767249720878292e-05,1.948763,737.7,0.0868
2082,1,649.01,7726.98,0.411586,7.770934127279482e-05,1.648474,719.4,0.089
2083,1,649.21,7725.34,0.490056,7.774618533680673e-05,1.871664,719.2,0.089
2084,1,649.4,7723.67,0.525626,7.778302940081864e-05,2.634401,733.1,0.0873
2085,1,649.6,7722.01,0.497052,7.781987346483054e-05,1.53687,747.3,0.0856
2086,1,649.8,7720.4,0.457717,7.785671752884245e-05,2.512542,735.1,0.0871
2087,1,650.0,7718.75,0.435746,7.789356159285435e-05,1.927101,738.2,0.0867
2088,1,650.2,7717.13,0.449609,7.793040565686626e-05,1.726716,719.4,0.089
2089,1,650.4,7715.49,0.439756,7.796724972087818e-05,2.509293,718.2,0.0891
2090,1,650.6,7713.87,0.581749,7.800409378489009e-05,4.219469,711.0,0.09
2091,1,650.8,7712.21,0.454921,7.804093784890199e-05,2.171063,733.8,0.0872
2092,1,651.0,7710.55,0.391543,7.807778191291391e-05,2.276227,747.7,0.0856
2093,1,651.2,7708.97,0.577686,7.811462597692582e-05,2.674503,710.7,0.09
2094,1,651.4,7707.33,0.489671,7.815147004093772e-05,1.752055,722.4,0.0886
2095,1,651.6,7705.7,0.400425,7.818831410494963e-05,2.484074,718.3,0.0891
2096,1,651.8,7704.09,0.461998,7.822515816896155e-05,2.09085,713.8,0.0897
2097,1,652.0,7702.43,0.569897,7.826200223297345e-05,2.894461,732.1,0.0874
2098,1,652.2,7700.8,0.48651,7.829884629698536e-05,1.713727,733.4,0.0873
2099,1,652.4,7699.17,0.443699,7.833569036099727e-05,2.871176,728.6,0.0878
2100,1,652.6,7697.52,0.520184,7.837253442500917e-05,2.914675,747.8,0.0856
2101,1,661.86,7802.8,0.473671,7.840937848902108e-05,2.385764,681.1,0.094
2102,1,662.09,7801.42,0.517099,7.844622255303298e-05,2.432939,722.7,0.0886
2103,1,662.29,7799.75,0.452306,7.848306661704489e-05,2.644345,713.8,0.0897
2104,1,662.49,7798.12,0.51551,7.85199106810568e-05,1.789946,703.4,0.091
2105,1,662.68,7796.38,0.466868,7.855675474506871e-05,1.280409,761.8,0.084
2106,1,662.88,7794.72,0.417575,7.859359880908063e-05,1.559601,736.4,0.0869
2107,1,663.09,7793.07,0.427272,7.863044287309254e-05,2.153394,718.6,0.0891
2108,1,663.28,7791.35,0.58209,7.866728693710446e-05,3.158281,744.0,0.086
2109,1,663.48,7789.66,0.406729,7.870413100111636e-05,1.376887,745.5,0.0858
2110,1,663.68,7788.01,0.485419,7.874097506512827e-05,1.965871,733.0,0.0873
2111,1,663.88,7786.31,0.548558,7.877781912914018e-05,1.8079,749.2,0.0854
2112,1,664.08,7784.67,0.460424,7.881466319315208e-05,1.934048,719.0,0.089
2113,1,664.27,7782.95,0.493465,7.8851507257164e-05,1.668918,740.2,0.0865
2114,1,664.47,7781.26,0.521906,7.888835132117591e-05,1.840881,744.8,0.0859
2115,1,664.67,7779.62,0.488596,7.892519538518781e-05,2.250405,721.3,0.0887
2116,1,664.87,7777.93,0.708381,7.896203944919973e-05,3.07811,734.1,0.0872
2117,1,665.07,7776.32,0.535854,7.899888351321164e-05,2.298012,703.1,0.091
2118,1,665.27,7774.62,0.53239,7.903572757722354e-05,2.454898,739.2,0.0866
2119,1,665.46,7772.95,0.473766,7.907257164123546e-05,1.701083,738.4,0.0867
2120,1,665.67,7771.33,0.464496,7.910941570524737e-05,2.441415,713.2,0.0897
2121,1,665.87,7769.71,0.469605,7.914625976925928e-05,1.88395,750.0,0.0853
2122,1,666.07,7768.07,0.461051,7.91831038332712e-05,1.531989,729.7,0.0877
2123,1,666.27,7766.41,0.549652,7.92199478972831e-05,2.695816,734.1,0.0872
2124,1,666.47,7764.77,0.487056,7.925679196129501e-05,1.708623,743.8,0.086
2125,1,666.66,7763.09,0.589361,7.929363602530691e-05,1.934696,759.6,0.0843
2126,1,666.86,7761.45,0.591452,7.933048008931882e-05,2.118341,743.9,0.086
2127,1,667.06,7759.83,0.44795,7.936732415333074e-05,2.515679,724.6,0.0883
2128,1,667.27,7758.25,0.472625,7.940416821734264e-05,2.523901,681.9,0.0939
2129,1,667.47,7756.63,0.50406,7.944101228135455e-05,2.939354,711.7,0.0899
2130,1,667.67,7754.96,0.473382,7.947785634536646e-05,2.16914,731.8,0.0875
2131,1,667.86,7753.29,0.520705,7.951470040937836e-05,1.710599,758.5,0.0844
2132,1,668.06,7751.68,0.407872,7.955154447339027e-05,1.564558,730.1,0.0877
2133,1,668.26,7750.02,0.548586,7.958838853740219e-05,2.187766,739.1,0.0866
2134,1,668.46,7748.36,0.603966,7.96252326014141e-05,3.468006,744.2,0.086
2135,1,668.66,7746.73,0.574483,7.966207666542601e-05,5.03977,733.3,0.0873
2136,1,668.86,7745.14,0.498824,7.969892072943792e-05,2.799713,701.7,0.0912
2137,1,669.06,7743.47,0.479329,7.973576479344982e-05,1.795069,745.4,0.0859
2138,1,669.26,7741.85,0.509691,7.977260885746173e-05,1.938923,737.2,0.0868
2139,1,669.45,7740.18,0.434665,7.980945292147364e-05,2.127421,752.2,0.0851
2140,1,669.65,7738.57,0.447531,7.984629698548556e-05,1.800205,735.1,0.0871
2141,1,669.86,7736.99,0.516658,7.988314104949747e-05,2.069808,735.7,0.087
2142,1,670.06,7735.36,0.529452,7.99199851135094e-05,3.579536,736.4,0.0869
2143,1,670.25,7733.72,0.623526,7.99568291775213e-05,2.965536,739.9,0.0865
2144,1,670.45,7732.1,0.383842,7.999367324153322e-05,1.472277,737.8,0.0867
2145,1,670.65,7730.49,0.502995,8.003051730554513e-05,1.5695,730.6,0.0876
2146,1,670.85,7728.9,0.477315,8.006736136955703e-05,1.662228,716.9,0.0893
2147,1,671.05,7727.25,0.52184,8.010420543356894e-05,2.59096,740.0,0.0865
2148,1,671.25,7725.63,0.436933,8.014104949758084e-05,1.820904,735.0,0.0871
2149,1,671.45,7724.07,0.569921,8.017789356159275e-05,1.839636,695.4,0.092
2150,1,671.65,7722.42,0.503466,8.021473762560465e-05,2.470817,733.0,0.0873
2151,1,671.85,7720.82,0.396271,8.025158168961656e-05,2.142856,719.1,0.089
2152,1,672.05,7719.2,0.588217,8.028842575362848e-05,3.0374,729.1,0.0878
2153,1,672.25,7717.57,0.477382,8.032526981764039e-05,2.196104,741.1,0.0864
2154,1,672.44,7715.94,0.454138,8.03621138816523e-05,2.589691,748.7,0.0855
2155,1,672.64,7714.33,0.539752,8.039895794566421e-05,2.554705,741.6,0.0863
2156,1,672.84,7712.7,0.591893,8.043580200967613e-05,2.154163,748.4,0.0855
2157,1,673.04,7711.08,0.56188,8.047264607368804e-05,2.493291,747.7,0.0856
2158,1,673.24,7709.52,0.47628,8.050949013769994e-05,1.767507,705.0,0.0908
2159,1,673.44,7707.94,0.493233,8.054633420171186e-05,2.13338,695.5,0.092
2160,1,673.64,7706.28,0.473323,8.058317826572377e-05,1.212864,730.6,0.0876
2161,1,673.84,7704.72,0.410547,8.062002232973569e-05,1.437394,742.1,0.0862
2162,1,674.04,7703.17,0.609838,8.065686639374759e-05,2.3263,703.5,0.091
2163,1,674.24,7701.54,0.506399,8.06937104577595e-05,1.745227,756.5,0.0846
2164,1,674.44,7699.94,0.435219,8.07305545217714e-05,1.516911,750.2,0.0853
2165,1,674.63,7698.3,0.413266,8.076739858578331e-05,1.345398,778.0,0.0823
2166,1,674.84,7696.75,0.490287,8.080424264979523e-05,1.386741,726.4,0.0881
2167,1,675.03,7695.1,0.530349,8.084108671380714e-05,1.571561,755.4,0.0847
2168,1,675.23,7693.52,0.44873,8.087793077781904e-05,1.140248,741.9,0.0863
2169,1,675.43,7691.92,0.404063,8.091477484183095e-05,1.953595,744.6,0.086
2170,1,675.63,7690.31,0.620732,8.095161890584285e-05,1.847,751.4,0.0852
2171,1,675.83,7688.79,0.360803,8.098846296985476e-05,1.79844,705.0,0.0908
2172,1,676.03,7687.18,0.445312,8.102530703386666e-05,3.218685,714.2,0.0896
2173,1,676.22,7685.55,0.438963,8.106215109787857e-05,1.628821,747.4,0.0856
2174,1,676.42,7683.98,0.513518,8.109899516189048e-05,1.983288,734.8,0.0871
2175,1,676.62,7682.39,0.467806,8.11358392259024e-05,1.899092,736.5,0.0869
2176,1,676.83,7680.85,0.516726,8.117268328991432e-05,2.234098,704.5,0.0909
2177,1,677.02,7679.25,0.558824,8.120952735392622e-05,2.296249,747.7,0.0856
2178,1,677.22,7677.67,0.418692,8.124637141793813e-05,1.751908,733.5,0.0873
2179,1,677.42,7676.11,0.450782,8.128321548195005e-05,2.195269,723.6,0.0884
2180,1,677.62,7674.55,0.358697,8.132005954596195e-05,1.579319,718.5,0.0891
2181,1,677.83,7673.04,0.45896,8.135690360997387e-05,1.38297,721.1,0.0888
2182,1,678.03,7671.45,0.44623,8.139374767398578e-05,1.885404,725.7,0.0882
2183,1,678.22,7669.84,0.502976,8.143059173799768e-05,1.762304,744.4,0.086
2184,1,678.42,7668.24,0.447893,8.14674358020096e-05,2.396731,766.0,0.0836
2185,1,678.62,7666.67,0.424992,8.150427986602151e-05,1.910146,752.3,0.0851
2186,1,678.82,7665.13,0.441459,8.154112393003343e-05,1.241943,723.5,0.0885
2187,1,679.02,7663.63,0.487454,8.157796799404535e-05,1.740606,679.1,0.0942
2188,1,679.22,7662.02,0.44863,8.161481205805725e-05,1.604051,761.8,0.084
2189,1,679.42,7660.45,0.400758,8.165165612206916e-05,2.657291,743.3,0.0861
2190,1,679.61,7658.84,0.385056,8.168850018608107e-05,1.72408,767.2,0.0834
2191,1,679.82,7657.31,0.606159,8.172534425009297e-05,2.549833,727.6,0.088
2192,1,680.01,7655.73,0.351604,8.176218831410489e-05,1.565933,739.5,0.0865
2193,1,680.21,7654.13,0.537664,8.17990323781168e-05,1.783528,758.9,0.0843
2194,1,680.41,7652.55,0.424661,8.18358764421287e-05,1.804818,766.2,0.0835
2195,1,680.61,7651.05,0.439252,8.187272050614061e-05,2.86605,712.7,0.0898
2196,1,680.81,7649.47,0.51833,8.190956457015251e-05,3.297372,739.7,0.0865
2197,1,681.01,7647.91,0.504628,8.194640863416442e-05,1.888297,739.7,0.0865
2198,1,681.21,7646.36,0.488994,8.198325269817633e-05,2.016973,733.9,0.0872
2199,1,681.4,7644.8,0.434895,8.202009676218823e-05,3.182883,727.8,0.0879
2200,1,681.61,7643.29,0.527476,8.205694082620015e-05,2.723214,698.0,0.0917
2201,1,681.81,7641.81,0.482745,8.209378489021206e-05,2.541142,719.8,0.0889
2202,1,682.01,7640.21,0.407985,8.213062895422396e-05,1.603311,746.2,0.0858
2203,1,682.21,7638.67,0.522939,8.216747301823587e-05,1.669804,740.8,0.0864
2204,1,682.4,7637.11,0.462677,8.220431708224777e-05,1.270065,735.5,0.087
2205,1,682.6,7635.55,0.449153,8.22411611462597e-05,2.288535,749.9,0.0853
2206,1,682.81,7634.05,0.522847,8.22780052102716e-05,3.1697,725.5,0.0882
2207,1,683.0,7632.51,0.476002,8.23148492742835e-05,4.063108,729.4,0.0877
2208,1,683.2,7630.94,0.598852,8.235169333829541e-05,3.995099,752.6,0.085
2209,1,683.4,7629.41,0.332107,8.238853740230732e-05,1.965506,733.7,0.0872
2210,1,683.6,7627.91,0.521123,8.242538146631924e-05,2.303015,706.3,0.0906
2211,1,683.8,7626.35,0.443325,8.246222553033114e-05,1.33641,721.1,0.0887
2212,1,684.0,7624.77,0.456482,8.249906959434305e-05,1.397165,743.8,0.086
2213,1,684.19,7623.21,0.501641,8.253591365835495e-05,3.009827,754.4,0.0848
2214,1,684.39,7621.7,0.391866,8.257275772236687e-05,2.659648,719.3,0.089
2215,1,684.59,7620.17,0.457431,8.26096017863788e-05,2.14728,721.6,0.0887
2216,1,684.79,7618.62,0.433512,8.264644585039071e-05,1.365333,735.7,0.087
2217,1,684.99,7617.07,0.416536,8.268328991440262e-05,2.141753,740.4,0.0864
2218,1,685.19,7615.54,0.505228,8.272013397841452e-05,2.97759,734.8,0.0871
2219,1,685.39,7614.01,0.417865,8.275697804242643e-05,1.844934,727.3,0.088
2220,1,685.59,7612.5,0.499962,8.279382210643834e-05,2.230986,713.3,0.0897
2221,1,685.79,7611.0,0.406133,8.283066617045026e-05,2.23553,725.8,0.0882
2222,1,685.99,7609.44,0.481447,8.286751023446218e-05,3.089865,742.4,0.0862
2223,1,686.18,7607.91,0.589538,8.290435429847408e-05,2.326256,738.4,0.0867
2224,1,686.39,7606.42,0.621035,8.294119836248599e-05,2.438614,707.8,0.0904
2225,1,686.58,7604.87,0.483225,8.297804242649789e-05,1.686774,737.7,0.0868
2226,1,686.78,7603.37,0.453131,8.30148864905098e-05,2.449331,729.4,0.0877
2227,1,686.98,7601.85,0.484446,8.30517305545217e-05,2.288174,723.2,0.0885
2228,1,687.18,7600.31,0.489741,8.308857461853361e-05,2.105302,725.4,0.0882
2229,1,687.38,7598.86,0.398731,8.312541868254553e-05,1.713186,688.7,0.0929
2230,1,687.59,7597.36,0.466347,8.316226274655744e-05,1.597366,715.8,0.0894
2231,1,687.78,7595.82,0.531861,8.319910681056936e-05,2.315672,735.6,0.087
2232,1,687.98,7594.33,0.411159,8.323595087458126e-05,1.294479,723.6,0.0884
2233,1,688.18,7592.79,0.460342,8.327279493859318e-05,1.743029,735.2,0.0871
2234,1,688.38,7591.27,0.375666,8.33096390026051e-05,1.490237,742.3,0.0862
2235,1,688.58,7589.8,0.511969,8.3346483066617e-05,3.31095,707.7,0.0904
2236,1,688.78,7588.25,0.485294,8.338332713062891e-05,2.24256,749.2,0.0854
2237,1,688.98,7586.74,0.34259,8.342017119464083e-05,1.540126,740.0,0.0865
2238,1,689.17,7585.23,0.372613,8.345701525865274e-05,1.727392,742.7,0.0862
2239,1,689.37,7583.72,0.588795,8.349385932266464e-05,2.090831,743.3,0.0861
2240,1,689.57,7582.21,0.464373,8.353070338667655e-05,1.906026,742.1,0.0862
2241,1,689.77,7580.73,0.392638,8.356754745068847e-05,1.865108,744.0,0.086
2242,1,689.97,7579.21,0.561844,8.360439151470039e-05,3.313669,747.2,0.0857
2243,1,690.17,7577.7,0.571747,8.36412355787123e-05,2.907249,753.0,0.085
2244,1,690.37,7576.18,0.56631,8.367807964272421e-05,3.032154,750.5,0.0853
2245,1,690.57,7574.69,0.431095,8.371492370673612e-05,1.67326,739.2,0.0866
2246,1,690.77,7573.22,0.553572,8.375176777074804e-05,2.493225,738.6,0.0866
2247,1,690.96,7571.68,0.505263,8.378861183475994e-05,1.541231,766.9,0.0835
2248,1,691.16,7570.2,0.485376,8.382545589877185e-05,2.068444,736.9,0.0869
2249,1,691.36,7568.67,0.36745,8.386229996278377e-05,1.133759,760.1,0.0842
2250,1,691.56,7567.23,0.492858,8.389914402679569e-05,2.648817,710.4,0.0901
2251,1,691.76,7565.74,0.470599,8.39359880908076e-05,1.891407,706.2,0.0906
2252,1,691.95,7564.17,0.491765,8.39728321548195e-05,1.76162,756.2,0.0846
2253,1,692.15,7562.69,0.416337,8.40096762188314e-05,1.169668,745.6,0.0858
2254,1,692.35,7561.18,0.488062,8.404652028284331e-05,2.285151,745.0,0.0859
2255,1,692.55,7559.75,0.444279,8.408336434685522e-05,2.662191,712.9,0.0898
2256,1,692.75,7558.2,0.420398,8.412020841086714e-05,1.581241,756.0,0.0847
2257,1,692.95,7556.7,0.481142,8.415705247487904e-05,1.807914,757.4,0.0845
2258,1,693.15,7555.22,0.561977,8.419389653889095e-05,1.677864,744.8,0.0859
2259,1,693.35,7553.77,0.429914,8.423074060290286e-05,1.745716,729.5,0.0877
2260,1,693.54,7552.26,0.410581,8.426758466691476e-05,1.735299,751.9,0.0851
2261,1,693.75,7550.83,0.49434,8.430442873092667e-05,1.668723,745.8,0.0858
2262,1,693.95,7549.37,0.450358,8.434127279493857e-05,2.650252,735.4,0.087
2263,1,694.15,7547.92,0.526344,8.437811685895049e-05,2.455932,715.2,0.0895
2264,1,694.35,7546.41,0.419533,8.44149609229624e-05,2.42972,750.2,0.0853
2265,1,694.54,7544.92,0.490065,8.445180498697432e-05,1.832923,744.5,0.086
2266,1,694.74,7543.43,0.408786,8.448864905098624e-05,2.153529,744.5,0.086
2267,1,694.94,7541.92,0.476641,8.452549311499816e-05,3.285311,759.4,0.0843
2268,1,695.13,7540.44,0.582466,8.456233717901008e-05,3.711084,760.4,0.0842
2269,1,695.34,7538.98,0.511239,8.459918124302198e-05,1.859415,738.0,0.0867
2270,1,695.53,7537.48,0.538054,8.463602530703389e-05,2.557849,755.8,0.0847
2271,1,695.73,7536.02,0.566448,8.46728693710458e-05,1.941396,739.7,0.0865
2272,1,695.93,7534.52,0.483211,8.47097134350577e-05,3.478995,753.3,0.085
2273,1,696.13,7533.05,0.432094,8.47465574990696e-05,1.634185,749.6,0.0854
2274,1,696.32,7531.57,0.4581,8.478340156308152e-05,1.755475,758.7,0.0844
2275,1,696.52,7530.1,0.570278,8.482024562709344e-05,1.484655,749.0,0.0855
2276,1,696.72,7528.62,0.614755,8.485708969110535e-05,1.755887,753.4,0.0849
2277,1,696.92,7527.16,0.416906,8.489393375511726e-05,1.365314,745.1,0.0859
2278,1,697.11,7525.65,0.500878,8.493077781912916e-05,1.519634,766.0,0.0836
2279,1,697.31,7524.19,0.403848,8.496762188314108e-05,1.230232,753.6,0.0849
2280,1,697.51,7522.71,0.503007,8.5004465947153e-05,2.239625,757.8,0.0845
2281,1,697.71,7521.27,0.48512,8.50413100111649e-05,1.833205,759.9,0.0842
2282,1,697.91,7519.77,0.405009,8.507815407517681e-05,1.922673,776.6,0.0824
2283,1,698.1,7518.3,0.530129,8.511499813918872e-05,2.100722,766.2,0.0835
2284,1,698.3,7516.82,0.46631,8.515184220320062e-05,1.398221,769.5,0.0832
2285,1,698.5,7515.35,0.484843,8.518868626721253e-05,2.959367,759.4,0.0843
2286,1,698.7,7513.88,0.649665,8.522553033122444e-05,2.602167,761.4,0.0841
2287,1,698.89,7512.41,0.604266,8.526237439523634e-05,3.458663,757.2,0.0845
2288,1,699.09,7510.95,0.542753,8.529921845924825e-05,2.733423,755.3,0.0847
2289,1,699.29,7509.49,0.496051,8.533606252326015e-05,2.124523,751.2,0.0852
2290,1,699.49,7508.02,0.473966,8.537290658727206e-05,1.599101,763.2,0.0839
2291,1,699.68,7506.56,0.473658,8.540975065128398e-05,1.446046,754.1,0.0849
2292,1,699.88,7505.09,0.493143,8.54465947152959e-05,1.638279,761.1,0.0841
2293,1,700.08,7503.63,0.577588,8.54834387793078e-05,1.883216,755.9,0.0847
2294,1,700.27,7502.16,0.469816,8.552028284331971e-05,1.762753,769.1,0.0832
2295,1,700.47,7500.71,0.507077,8.555712690733162e-05,1.400728,758.1,0.0844
2296,1,700.67,7499.27,0.495734,8.559397097134354e-05,1.596815,742.3,0.0862
2297,1,700.87,7497.81,0.477063,8.563081503535544e-05,1.677257,764.9,0.0837
2298,1,701.07,7496.35,0.542232,8.566765909936736e-05,2.403178,757.9,0.0844
2299,1,701.27,7494.92,0.502177,8.570450316337927e-05,1.55012,745.4,0.0859
2300,1,701.47,7493.5,0.52417,8.574134722739117e-05,1.67578,728.9,0.0878
2301,1,701.67,7492.05,0.42855,8.577819129140308e-05,1.772632,766.0,0.0836
2302,1,701.87,7490.64,0.566668,8.581503535541498e-05,3.061955,733.6,0.0872
2303,1,702.06,7489.19,0.464526,8.58518794194269e-05,2.096236,744.6,0.0859
2304,1,702.26,7487.73,0.50606,8.588872348343881e-05,1.736243,754.8,0.0848
2305,1,702.46,7486.31,0.482667,8.592556754745072e-05,1.370576,734.8,0.0871
2306,1,702.66,7484.87,0.491779,8.596241161146263e-05,1.676341,758.7,0.0844
2307,1,702.86,7483.43,0.391493,8.599925567547454e-05,1.458572,750.4,0.0853
2308,1,703.05,7481.97,0.477147,8.603609973948645e-05,2.407239,760.3,0.0842
2309,1,703.25,7480.52,0.422176,8.607294380349837e-05,2.905552,766.2,0.0835
2310,1,703.45,7479.11,0.584745,8.610978786751029e-05,2.388099,748.9,0.0855
2311,1,703.65,7477.67,0.437215,8.614663193152219e-05,2.090196,754.7,0.0848
2312,1,703.85,7476.25,0.472915,8.618347599553411e-05,2.672841,744.5,0.086
2313,1,704.04,7474.8,0.476349,8.622032005954603e-05,2.113937,751.9,0.0851
2314,1,704.24,7473.37,0.58131,8.625716412355794e-05,1.980775,748.3,0.0855
2315,1,704.44,7471.93,0.550227,8.629400818756986e-05,3.101318,754.0,0.0849
2316,1,704.63,7470.47,0.461244,8.633085225158176e-05,1.673875,774.3,0.0827
2317,1,704.83,7469.03,0.478943,8.636769631559368e-05,1.636688,769.2,0.0832
2318,1,705.03,7467.62,0.49743,8.640454037960559e-05,1.627134,744.8,0.0859
2319,1,705.23,7466.18,0.544154,8.644138444361749e-05,1.90328,746.2,0.0858
2320,1,705.43,7464.75,0.482752,8.647822850762941e-05,1.988145,751.8,0.0851
2321,1,705.63,7463.35,0.414894,8.651507257164132e-05,2.041951,760.8,0.0841
2322,1,705.82,7461.91,0.475914,8.655191663565322e-05,1.382167,760.3,0.0842
2323,1,706.02,7460.52,0.421424,8.658876069966513e-05,2.064174,749.1,0.0854
2324,1,706.22,7459.11,0.501729,8.662560476367705e-05,1.920227,748.7,0.0855
2325,1,706.42,7457.66,0.551906,8.666244882768897e-05,3.624595,759.0,0.0843
2326,1,706.62,7456.24,0.540052,8.669929289170087e-05,2.320524,751.9,0.0851
2327,1,706.82,7454.83,0.460953,8.673613695571278e-05,1.970372,745.0,0.0859
2328,1,707.02,7453.42,0.460706,8.677298101972469e-05,1.666032,729.1,0.0878
2329,1,707.22,7452.04,0.500641,8.680982508373659e-05,1.567437,708.1,0.0904
2330,1,707.41,7450.55,0.494194,8.684666914774851e-05,1.845827,755.2,0.0847
2331,1,707.61,7449.13,0.523494,8.688351321176042e-05,2.038362,759.0,0.0843
2332,1,707.8,7447.72,0.590653,8.692035727577234e-05,2.544555,762.7,0.0839
2333,1,708.0,7446.3,0.446701,8.695720133978424e-05,2.662931,755.4,0.0847
2334,1,708.2,7444.89,0.397054,8.699404540379616e-05,1.606616,750.1,0.0853
2335,1,708.4,7443.46,0.466896,8.703088946780808e-05,1.539365,761.7,0.084
2336,1,708.59,7442.06,0.52678,8.706773353182e-05,2.077952,751.7,0.0851
2337,1,708.79,7440.63,0.396237,8.71045775958319e-05,1.439584,759.1,0.0843
2338,1,708.99,7439.24,0.490105,8.714142165984381e-05,1.91194,742.4,0.0862
2339,1,709.19,7437.81,0.495246,8.717826572385572e-05,1.418205,770.6,0.0831
2340,1,709.39,7436.44,0.416078,8.721510978786762e-05,1.525778,748.5,0.0855
2341,1,709.59,7435.11,0.395108,8.725195385187953e-05,2.0516,746.7,0.0857
2342,1,709.79,7433.7,0.548266,8.728879791589144e-05,2.373681,762.4,0.0839
2343,1,709.99,7432.31,0.550561,8.732564197990334e-05,1.71356,750.6,0.0853
2344,1,710.19,7430.92,0.474718,8.736248604391525e-05,2.586138,748.5,0.0855
2345,1,710.39,7429.52,0.516354,8.739933010792715e-05,2.174914,747.3,0.0856
2346,1,710.58,7428.11,0.478966,8.743617417193906e-05,2.594658,756.9,0.0846
2347,1,710.78,7426.72,0.434239,8.747301823595098e-05,2.170971,753.3,0.085
2348,1,710.98,7425.32,0.534204,8.75098622999629e-05,1.902557,749.6,0.0854
2349,1,711.18,7423.9,0.577808,8.754670636397482e-05,1.926445,759.2,0.0843
2350,1,711.37,7422.48,0.57273,8.758355042798672e-05,2.625113,769.7,0.0831
2351,1,711.57,7421.09,0.501187,8.762039449199863e-05,2.352645,756.8,0.0846
2352,1,711.77,7419.71,0.436735,8.765723855601053e-05,1.77981,743.9,0.086
2353,1,711.97,7418.31,0.494333,8.769408262002244e-05,1.515029,746.2,0.0858
2354,1,712.17,7416.93,0.503287,8.773092668403435e-05,1.617635,748.9,0.0855
2355,1,712.37,7415.57,0.459435,8.776777074804625e-05,1.490629,734.6,0.0871
2356,1,712.56,7414.14,0.42719,8.780461481205816e-05,1.781596,763.7,0.0838
2357,1,712.76,7412.75,0.487351,8.784145887607008e-05,1.291651,748.7,0.0855
2358,1,712.96,7411.36,0.544733,8.787830294008198e-05,1.483647,746.7,0.0857
2359,1,713.15,7409.98,0.477884,8.791514700409389e-05,2.512298,748.6,0.0855
2360,1,713.35,7408.6,0.488341,8.79519910681058e-05,2.258378,744.2,0.086
2361,1,713.56,7407.28,0.358897,8.79888351321177e-05,1.557637,740.4,0.0864
2362,1,713.75,7405.88,0.465061,8.802567919612961e-05,1.531445,759.5,0.0843
2363,1,713.95,7404.51,0.497134,8.806252326014153e-05,2.804871,747.1,0.0857
2364,1,714.15,7403.12,0.452167,8.809936732415343e-05,1.453379,761.7,0.084
2365,1,714.35,7401.75,0.593724,8.813621138816534e-05,3.341691,754.3,0.0849
2366,1,714.55,7400.37,0.413906,8.817305545217724e-05,1.966547,749.1,0.0854
2367,1,714.75,7399.04,0.456135,8.820989951618915e-05,1.870199,717.1,0.0892
2368,1,714.94,7397.61,0.53448,8.824674358020106e-05,2.531559,753.9,0.0849
2369,1,715.14,7396.21,0.374478,8.828358764421296e-05,2.196438,762.9,0.0839
2370,1,715.34,7394.84,0.463916,8.832043170822487e-05,3.010008,756.5,0.0846
2371,1,715.54,7393.47,0.555844,8.835727577223677e-05,4.246023,747.7,0.0856
2372,1,715.73,7392.08,0.528167,8.839411983624868e-05,3.641845,760.4,0.0842
2373,1,715.93,7390.7,0.535611,8.843096390026059e-05,2.206662,757.7,0.0845
2374,1,716.13,7389.32,0.570656,8.84678079642725e-05,1.861768,767.8,0.0834
2375,1,716.32,7387.95,0.415342,8.850465202828441e-05,1.553396,762.8,0.0839
2376,1,716.52,7386.57,0.461901,8.854149609229633e-05,2.894729,754.2,0.0849
2377,1,716.72,7385.18,0.598842,8.857834015630824e-05,2.622543,771.9,0.0829
2378,1,716.92,7383.82,0.564769,8.861518422032016e-05,3.980311,758.1,0.0844
2379,1,717.11,7382.45,0.54945,8.865202828433207e-05,3.524973,752.6,0.085
2380,1,717.32,7381.13,0.464564,8.8688872348344e-05,1.576828,717.4,0.0892
2381,1,717.53,7379.87,0.507807,8.872571641235591e-05,1.644722,672.9,0.0951
2382,1,717.72,7378.43,0.462047,8.876256047636782e-05,1.518466,740.2,0.0865
2383,1,717.91,7377.06,0.522748,8.879940454037974e-05,2.807199,748.2,0.0855
2384,1,718.11,7375.68,0.54019,8.883624860439166e-05,2.079254,767.1,0.0834
2385,1,718.31,7374.33,0.506181,8.887309266840358e-05,2.443665,752.5,0.085
2386,1,718.51,7372.97,0.518483,8.890993673241548e-05,2.226192,747.0,0.0857
2387,1,718.7,7371.59,0.494116,8.894678079642739e-05,2.18393,762.4,0.084
2388,1,718.9,7370.24,0.433235,8.89836248604393e-05,1.64545,763.7,0.0838
2389,1,719.1,7368.87,0.468883,8.90204689244512e-05,2.761852,765.3,0.0836
2390,1,719.3,7367.53,0.480306,8.905731298846311e-05,2.527395,747.1,0.0857
2391,1,719.49,7366.16,0.52509,8.909415705247501e-05,2.201937,764.4,0.0837
2392,1,719.69,7364.81,0.536862,8.913100111648693e-05,2.12762,755.8,0.0847
2393,1,719.89,7363.44,0.440586,8.916784518049884e-05,1.437246,761.6,0.084
2394,1,720.09,7362.09,0.480273,8.920468924451074e-05,2.101602,761.5,0.084
2395,1,720.28,7360.74,0.513307,8.924153330852265e-05,2.226841,757.1,0.0845
2396,1,720.48,7359.4,0.453565,8.927837737253457e-05,1.901856,744.7,0.0859
2397,1,720.68,7358.05,0.385101,8.931522143654648e-05,1.255177,745.9,0.0858
2398,1,720.89,7356.8,0.380364,8.935206550055838e-05,2.376387,677.3,0.0945
2399,1,721.08,7355.42,0.363349,8.938890956457029e-05,2.33732,719.2,0.089
2400,1,721.29,7354.12,0.548428,8.942575362858219e-05,3.090102,701.4,0.0913
2401,1,758.77,7732.71,0.387291,8.946259769259411e-05,1.458783,674.8,0.0948
2402,1,758.99,7731.44,0.511937,8.949944175660602e-05,1.901449,725.3,0.0882
2403,1,759.19,7729.94,0.495579,8.953628582061792e-05,2.008614,752.4,0.0851
2404,1,759.38,7728.37,0.460462,8.957312988462983e-05,2.284546,779.4,0.0821
2405,1,759.58,7726.86,0.566414,8.960997394864175e-05,2.776536,748.6,0.0855
2406,1,759.78,7725.33,0.501292,8.964681801265366e-05,1.752556,752.1,0.0851
2407,1,759.97,7723.82,0.58813,8.968366207666556e-05,2.233402,746.9,0.0857
2408,1,760.17,7722.33,0.474248,8.972050614067747e-05,2.151135,719.2,0.089
2409,1,760.37,7720.77,0.440931,8.975735020468937e-05,1.844625,748.6,0.0855
2410,1,760.56,7719.25,0.45328,8.979419426870129e-05,2.177814,749.3,0.0854
2411,1,760.76,7717.76,0.475761,8.98310383327132e-05,1.578797,748.9,0.0855
2412,1,760.96,7716.25,0.474515,8.98678823967251e-05,1.45901,747.6,0.0856
2413,1,761.16,7714.75,0.481677,8.990472646073701e-05,1.29421,733.3,0.0873
2414,1,761.36,7713.24,0.541115,8.994157052474892e-05,1.178784,735.4,0.087
2415,1,761.56,7711.76,0.455471,8.997841458876082e-05,1.236555,717.9,0.0891
2416,1,761.75,7710.2,0.504727,9.001525865277274e-05,1.428279,766.5,0.0835
2417,1,761.95,7708.71,0.462203,9.005210271678466e-05,1.493537,741.6,0.0863
2418,1,762.15,7707.25,0.523141,9.008894678079658e-05,1.736119,711.0,0.09
2419,1,762.34,7705.69,0.549472,9.012579084480849e-05,1.214798,754.9,0.0848
2420,1,762.54,7704.19,0.521736,9.01626349088204e-05,1.600798,750.7,0.0853
2421,1,762.75,7702.76,0.486921,9.019947897283232e-05,2.172014,748.2,0.0855
2422,1,762.95,7701.27,0.633635,9.023632303684423e-05,1.78098,731.5,0.0875
2423,1,763.14,7699.77,0.467082,9.027316710085614e-05,1.554479,750.7,0.0852
2424,1,763.34,7698.26,0.421376,9.031001116486804e-05,2.096619,751.7,0.0851
2425,1,763.54,7696.79,0.478595,9.034685522887995e-05,1.410486,740.8,0.0864
2426,1,763.74,7695.3,0.550799,9.038369929289185e-05,1.565232,751.1,0.0852
2427,1,763.93,7693.79,0.547487,9.042054335690376e-05,1.484724,762.4,0.0839
2428,1,764.13,7692.32,0.557314,9.045738742091568e-05,1.445466,751.1,0.0852
2429,1,764.33,7690.8,0.458741,9.049423148492759e-05,1.375651,763.0,0.0839
2430,1,764.53,7689.34,0.379588,9.05310755489395e-05,0.938031,748.0,0.0856
2431,1,764.73,7687.84,0.387188,9.056791961295142e-05,2.438039,752.7,0.085
2432,1,764.92,7686.35,0.534279,9.060476367696333e-05,1.671527,750.9,0.0852
2433,1,765.12,7684.85,0.46444,9.064160774097524e-05,1.872204,751.0,0.0852
2434,1,765.32,7683.37,0.528893,9.067845180498716e-05,1.59868,752.2,0.0851
2435,1,765.52,7681.88,0.453101,9.071529586899906e-05,1.583046,754.7,0.0848
2436,1,765.71,7680.38,0.403321,9.075213993301097e-05,1.268847,762.1,0.084
2437,1,765.91,7678.9,0.405589,9.078898399702287e-05,1.608153,751.5,0.0852
2438,1,766.11,7677.42,0.564939,9.082582806103478e-05,1.828629,749.8,0.0854
2439,1,766.31,7675.95,0.56775,9.08626721250467e-05,2.087034,752.0,0.0851
2440,1,766.5,7674.47,0.361703,9.08995161890586e-05,1.458701,754.3,0.0848
2441,1,766.71,7673.05,0.588679,9.093636025307052e-05,2.054468,739.6,0.0865
2442,1,766.91,7671.57,0.539328,9.097320431708244e-05,1.506441,745.8,0.0858
2443,1,767.1,7670.11,0.426392,9.101004838109436e-05,1.608915,745.7,0.0858
2444,1,767.3,7668.61,0.449916,9.104689244510627e-05,1.40425,758.6,0.0844
2445,1,767.5,7667.14,0.385887,9.108373650911817e-05,1.713229,746.5,0.0857
2446,1,767.7,7665.67,0.437718,9.11205805731301e-05,1.657922,747.5,0.0856
2447,1,767.89,7664.19,0.463533,9.1157424637142e-05,2.532554,753.4,0.0849
2448,1,768.09,7662.73,0.452377,9.11942687011539e-05,1.998252,749.0,0.0854
2449,1,768.29,7661.24,0.461494,9.123111276516581e-05,2.536584,765.3,0.0836
2450,1,768.49,7659.79,0.479543,9.126795682917772e-05,2.053812,739.0,0.0866
2451,1,768.69,7658.35,0.499197,9.130480089318962e-05,2.047034,717.3,0.0892
2452,1,768.88,7656.86,0.453542,9.134164495720153e-05,2.338085,747.3,0.0856
2453,1,769.08,7655.38,0.519709,9.137848902121343e-05,2.172444,762.8,0.0839
2454,1,769.28,7653.92,0.474038,9.141533308522534e-05,2.934388,757.9,0.0844
2455,1,769.48,7652.46,0.423183,9.145217714923725e-05,1.784336,743.2,0.0861
2456,1,769.67,7650.98,0.503049,9.148902121324915e-05,1.778951,753.0,0.085
2457,1,769.87,7649.51,0.569872,9.152586527726106e-05,2.103407,758.2,0.0844
2458,1,770.07,7648.06,0.603291,9.156270934127296e-05,2.574711,748.5,0.0855
2459,1,770.27,7646.59,0.378335,9.159955340528488e-05,1.402994,757.8,0.0845
2460,1,770.46,7645.13,0.470869,9.16363974692968e-05,1.299392,753.6,0.0849
2461,1,770.67,7643.72,0.474473,9.167324153330871e-05,1.505205,751.2,0.0852
2462,1,770.86,7642.27,0.460759,9.171008559732061e-05,2.144954,758.1,0.0844
2463,1,771.06,7640.82,0.541345,9.174692966133252e-05,1.584395,744.5,0.086
2464,1,771.26,7639.35,0.462714,9.178377372534443e-05,1.742204,762.9,0.0839
2465,1,771.46,7637.92,0.456385,9.182061778935633e-05,1.080604,740.7,0.0864
2466,1,771.66,7636.45,0.455069,9.185746185336824e-05,1.331224,749.3,0.0854
2467,1,771.85,7634.99,0.441322,9.189430591738014e-05,1.935009,763.1,0.0839
2468,1,772.05,7633.56,0.469,9.193114998139206e-05,1.251712,750.5,0.0853
2469,1,772.25,7632.13,0.477149,9.196799404540398e-05,1.888778,743.0,0.0861
2470,1,772.45,7630.67,0.468867,9.20048381094159e-05,1.397608,761.5,0.084
2471,1,772.65,7629.29,0.524768,9.204168217342781e-05,1.966164,700.1,0.0914
2472,1,772.84,7627.77,0.518953,9.207852623743971e-05,2.313056,759.2,0.0843
2473,1,773.04,7626.32,0.555687,9.211537030145162e-05,1.389602,763.8,0.0838
2474,1,773.24,7624.9,0.415649,9.215221436546353e-05,1.61498,751.6,0.0851
2475,1,773.44,7623.46,0.516699,9.218905842947545e-05,1.454636,753.4,0.0849
2476,1,773.64,7622.0,0.459303,9.222590249348735e-05,1.523422,764.2,0.0838
2477,1,773.84,7620.6,0.534661,9.226274655749926e-05,1.399428,717.6,0.0892
2478,1,774.03,7619.1,0.470193,9.229959062151116e-05,1.43538,757.6,0.0845
2479,1,774.23,7617.67,0.450861,9.233643468552307e-05,1.213013,748.8,0.0855
2480,1,774.43,7616.25,0.531292,9.237327874953497e-05,1.493021,747.7,0.0856
2481,1,774.63,7614.85,0.440806,9.241012281354688e-05,1.51609,753.2,0.085
2482,1,774.83,7613.4,0.521239,9.244696687755879e-05,1.452004,757.8,0.0845
2483,1,775.02,7611.94,0.578429,9.248381094157069e-05,1.974034,762.1,0.084
2484,1,775.22,7610.51,0.523828,9.25206550055826e-05,3.367668,753.9,0.0849
2485,1,775.42,7609.08,0.467318,9.25574990695945e-05,2.091143,747.6,0.0856
2486,1,775.62,7607.64,0.550778,9.259434313360641e-05,3.278511,756.4,0.0846
2487,1,775.82,7606.26,0.540968,9.263118719761832e-05,1.41181,709.9,0.0902
2488,1,776.01,7604.78,0.529538,9.266803126163022e-05,1.945744,758.3,0.0844
2489,1,776.21,7603.34,0.449636,9.270487532564213e-05,1.546799,760.6,0.0841
2490,1,776.41,7601.93,0.463678,9.274171938965403e-05,1.984598,749.3,0.0854
2491,1,776.6,7600.49,0.510964,9.277856345366594e-05,2.416525,751.9,0.0851
2492,1,776.8,7599.06,0.471749,9.281540751767784e-05,2.564749,751.3,0.0852
2493,1,777.0,7597.64,0.490352,9.285225158168975e-05,1.980052,746.4,0.0857
2494,1,777.2,7596.21,0.560184,9.288909564570167e-05,1.906123,750.0,0.0853
2495,1,777.39,7594.77,0.530523,9.292593970971358e-05,1.706899,761.1,0.0841
2496,1,777.59,7593.34,0.365776,9.296278377372548e-05,1.317966,763.0,0.0839
2497,1,777.79,7591.92,0.529614,9.29996278377374e-05,3.108854,758.0,0.0844
2498,1,777.99,7590.5,0.529294,9.303647190174931e-05,2.55904,748.8,0.0855
2499,1,778.18,7589.09,0.40222,9.307331596576121e-05,1.526453,739.4,0.0866
2500,1,778.38,7587.66,0.589519,9.311016002977312e-05,2.308095,740.9,0.0864
2501,1,778.58,7586.27,0.518076,9.314700409378502e-05,1.714455,762.8,0.0839
2502,1,778.78,7584.84,0.42522,9.318384815779693e-05,1.295684,771.3,0.083
2503,1,778.98,7583.44,0.461035,9.322069222180884e-05,1.266846,757.6,0.0845
2504,1,779.18,7582.02,0.478412,9.325753628582076e-05,1.087227,763.9,0.0838
2505,1,779.37,7580.61,0.425954,9.329438034983266e-05,1.665522,755.7,0.0847
2506,1,779.57,7579.19,0.594347,9.333122441384457e-05,1.743727,755.8,0.0847
2507,1,779.77,7577.78,0.446691,9.336806847785649e-05,1.749368,752.3,0.0851
2508,1,779.97,7576.37,0.492349,9.340491254186839e-05,2.041964,755.6,0.0847
2509,1,780.16,7574.95,0.475472,9.344175660588031e-05,1.201829,758.9,0.0843
2510,1,780.36,7573.55,0.508034,9.347860066989222e-05,1.096235,750.8,0.0852
2511,1,780.56,7572.18,0.372517,9.351544473390412e-05,1.189051,716.8,0.0893
2512,1,780.76,7570.73,0.469732,9.355228879791604e-05,3.043501,748.0,0.0856
2513,1,780.95,7569.32,0.500214,9.358913286192795e-05,1.678828,753.2,0.085
2514,1,781.15,7567.92,0.512542,9.362597692593986e-05,2.089968,746.1,0.0858
2515,1,781.35,7566.52,0.539661,9.366282098995176e-05,1.848687,755.2,0.0847
2516,1,781.55,7565.12,0.496523,9.369966505396367e-05,1.281646,755.1,0.0848
2517,1,781.75,7563.71,0.461359,9.373650911797559e-05,1.750141,762.3,0.084
2518,1,781.94,7562.32,0.458639,9.37733531819875e-05,2.634705,748.7,0.0855
2519,1,782.14,7560.92,0.413526,9.381019724599941e-05,1.723364,750.5,0.0853
2520,1,782.34,7559.52,0.47986,9.384704131001132e-05,1.375656,749.7,0.0854
2521,1,782.54,7558.18,0.524806,9.388388537402324e-05,1.834885,724.7,0.0883
2522,1,782.74,7556.73,0.405572,9.392072943803514e-05,1.36781,770.3,0.0831
2523,1,782.94,7555.36,0.435893,9.395757350204705e-05,1.508494,751.1,0.0852
2524,1,783.14,7553.98,0.519306,9.399441756605897e-05,1.473939,739.1,0.0866
2525,1,783.33,7552.58,0.378624,9.403126163007087e-05,1.215718,759.7,0.0842
2526,1,783.53,7551.21,0.47113,9.406810569408278e-05,1.309852,743.1,0.0861
2527,1,783.73,7549.82,0.533133,9.41049497580947e-05,2.398053,738.4,0.0867
2528,1,783.93,7548.44,0.482023,9.41417938221066e-05,1.328539,730.9,0.0876
2529,1,784.13,7547.04,0.469757,9.417863788611851e-05,1.738051,742.8,0.0862
2530,1,784.33,7545.66,0.532253,9.421548195013042e-05,2.046096,734.5,0.0871
2531,1,784.52,7544.26,0.560671,9.425232601414234e-05,1.677218,753.2,0.085
2532,1,784.72,7542.9,0.50003,9.428917007815426e-05,1.930042,735.6,0.087
2533,1,784.92,7541.51,0.494453,9.432601414216618e-05,1.483431,746.7,0.0857
2534,1,785.12,7540.15,0.498838,9.436285820617808e-05,1.465036,738.3,0.0867
2535,1,785.32,7538.76,0.470552,9.439970227018999e-05,2.336245,748.3,0.0855
2536,1,785.52,7537.37,0.461386,9.443654633420189e-05,1.882369,759.1,0.0843
2537,1,785.71,7535.99,0.449233,9.447339039821379e-05,1.907592,749.1,0.0854
2538,1,785.91,7534.6,0.438438,9.451023446222569e-05,1.383317,754.1,0.0849
2539,1,786.11,7533.25,0.440919,9.454707852623761e-05,1.326415,746.6,0.0857
2540,1,786.31,7531.89,0.552769,9.458392259024952e-05,1.718323,733.0,0.0873
2541,1,786.52,7530.57,0.459995,9.462076665426144e-05,2.35324,722.9,0.0885
2542,1,786.71,7529.18,0.433046,9.465761071827336e-05,1.23622,744.1,0.086
2543,1,786.91,7527.78,0.385268,9.469445478228526e-05,1.20412,755.3,0.0847
2544,1,787.11,7526.41,0.550677,9.473129884629717e-05,1.459187,744.6,0.0859
2545,1,787.3,7525.01,0.42893,9.476814291030907e-05,2.295336,772.3,0.0829
2546,1,787.5,7523.64,0.426488,9.480498697432098e-05,2.157804,757.2,0.0845
2547,1,787.7,7522.28,0.322094,9.484183103833288e-05,1.49269,733.1,0.0873
2548,1,787.9,7520.88,0.47972,9.487867510234479e-05,2.120626,755.8,0.0847
2549,1,788.09,7519.52,0.311402,9.49155191663567e-05,1.943619,750.7,0.0853
2550,1,788.29,7518.14,0.36061,9.49523632303686e-05,1.937551,756.8,0.0846
2551,1,788.49,7516.78,0.554109,9.498920729438052e-05,3.077198,742.7,0.0862
2552,1,788.69,7515.41,0.545042,9.502605135839244e-05,2.439412,744.3,0.086
2553,1,788.89,7514.05,0.64404,9.506289542240436e-05,4.446088,735.4,0.087
2554,1,789.09,7512.69,0.456642,9.509973948641627e-05,2.24882,741.5,0.0863
2555,1,790.16,7519.64,0.43419,9.513658355042817e-05,1.905601,66.8,0.9582
2556,1,790.25,7517.25,0.493842,9.517342761444008e-05,1.725864,748.4,0.0855
2557,1,790.45,7515.89,0.466863,9.521027167845198e-05,2.202086,736.4,0.0869
2558,1,790.64,7514.51,0.422124,9.52471157424639e-05,1.603661,744.5,0.086
2559,1,790.84,7513.13,0.532634,9.528395980647581e-05,1.591553,755.3,0.0847
2560,1,791.04,7511.77,0.574387,9.532080387048772e-05,2.624778,753.0,0.085
2561,1,791.24,7510.45,0.667929,9.535764793449963e-05,2.33698,737.9,0.0867
2562,1,791.44,7509.07,0.445581,9.539449199851155e-05,1.310859,752.9,0.085
2563,1,791.63,7507.71,0.479609,9.543133606252346e-05,2.060354,749.9,0.0853
2564,1,791.83,7506.36,0.499101,9.546818012653537e-05,1.510519,744.7,0.0859
2565,1,792.03,7504.99,0.498597,9.550502419054727e-05,1.037049,750.0,0.0853
2566,1,792.23,7503.65,0.540105,9.554186825455918e-05,1.139578,748.0,0.0856
2567,1,792.43,7502.3,0.518849,9.557871231857108e-05,1.605047,739.1,0.0866
2568,1,792.63,7500.93,0.476535,9.5615556382583e-05,1.474082,757.2,0.0845
2569,1,792.82,7499.57,0.483876,9.565240044659492e-05,1.495544,762.5,0.0839
2570,1,793.02,7498.22,0.46719,9.568924451060684e-05,1.150842,749.0,0.0854
2571,1,793.23,7496.92,0.586749,9.572608857461875e-05,2.711632,693.2,0.0923
2572,1,793.42,7495.53,0.50247,9.576293263863065e-05,1.491585,740.5,0.0864
2573,1,793.62,7494.17,0.457357,9.579977670264256e-05,1.306187,748.3,0.0855
2574,1,793.82,7492.83,0.429595,9.583662076665448e-05,1.740914,756.7,0.0846
2575,1,794.01,7491.48,0.435263,9.587346483066638e-05,1.208142,743.4,0.0861
2576,1,794.22,7490.17,0.382504,9.591030889467829e-05,1.30315,719.9,0.0889
2577,1,794.41,7488.81,0.508221,9.59471529586902e-05,1.507621,738.2,0.0867
2578,1,794.61,7487.5,0.499092,9.59839970227021e-05,2.480732,713.9,0.0897
2579,1,794.81,7486.15,0.408173,9.602084108671402e-05,1.496604,725.1,0.0883
2580,1,795.01,7484.77,0.458058,9.605768515072593e-05,2.379769,753.2,0.085
2581,1,795.21,7483.52,0.347234,9.609452921473783e-05,1.281386,704.3,0.0909
2582,1,795.41,7482.13,0.492483,9.613137327874975e-05,2.150316,751.3,0.0852
2583,1,795.6,7480.77,0.420937,9.616821734276166e-05,2.096515,765.9,0.0836
2584,1,795.81,7479.46,0.409791,9.620506140677356e-05,1.574779,743.6,0.0861
2585,1,796.0,7478.12,0.473334,9.624190547078547e-05,2.520676,744.2,0.086
2586,1,796.2,7476.79,0.422185,9.627874953479738e-05,2.437057,742.3,0.0862
2587,1,796.4,7475.46,0.457499,9.631559359880928e-05,2.687581,750.3,0.0853
2588,1,796.6,7474.13,0.441443,9.63524376628212e-05,1.867859,748.5,0.0855
2589,1,796.8,7472.77,0.459155,9.638928172683311e-05,1.744896,762.7,0.0839
2590,1,797.0,7471.45,0.538174,9.642612579084503e-05,2.185123,741.6,0.0863
2591,1,797.19,7470.1,0.581098,9.646296985485695e-05,1.983258,753.3,0.085
2592,1,797.39,7468.77,0.48632,9.649981391886887e-05,1.938763,753.8,0.0849
2593,1,797.59,7467.45,0.508911,9.653665798288079e-05,2.084766,741.4,0.0863
2594,1,797.79,7466.11,0.456245,9.65735020468927e-05,2.307759,757.9,0.0844
2595,1,797.98,7464.76,0.517495,9.661034611090461e-05,1.425709,766.7,0.0835
2596,1,798.18,7463.44,0.489932,9.664719017491653e-05,1.521212,760.9,0.0841
2597,1,798.38,7462.11,0.516773,9.668403423892844e-05,1.298694,751.9,0.0851
2598,1,798.58,7460.78,0.503477,9.672087830294036e-05,1.445478,750.0,0.0853
2599,1,798.78,7459.45,0.506497,9.675772236695227e-05,1.686506,754.2,0.0849
2600,1,798.98,7458.13,0.422399,9.679456643096417e-05,1.603586,742.3,0.0862
2601,1,799.18,7456.85,0.493926,9.683141049497607e-05,1.235282,742.3,0.0862
2602,1,799.38,7455.52,0.470118,9.686825455898798e-05,1.05751,742.3,0.0862
2603,1,799.58,7454.22,0.459461,9.690509862299988e-05,1.357209,739.9,0.0865
2604,1,799.78,7452.92,0.449611,9.69419426870118e-05,1.33615,724.5,0.0883
2605,1,799.97,7451.56,0.487581,9.697878675102371e-05,1.267092,757.4,0.0845
2606,1,800.17,7450.24,0.519195,9.701563081503562e-05,1.316812,762.8,0.0839
2607,1,800.37,7448.92,0.502656,9.705247487904752e-05,2.259827,754.7,0.0848
2608,1,800.57,7447.59,0.484452,9.708931894305944e-05,1.757689,769.2,0.0832
2609,1,800.76,7446.28,0.516933,9.712616300707136e-05,2.018958,749.9,0.0853
2610,1,800.96,7444.97,0.545736,9.716300707108327e-05,1.37165,743.3,0.0861
2611,1,801.16,7443.65,0.496732,9.719985113509517e-05,1.278593,748.9,0.0855
2612,1,801.36,7442.35,0.389543,9.723669519910708e-05,1.428661,749.8,0.0854
2613,1,801.56,7441.04,0.374657,9.727353926311898e-05,1.46418,740.6,0.0864
2614,1,801.76,7439.71,0.391578,9.731038332713089e-05,1.523598,758.2,0.0844
2615,1,801.97,7438.5,0.534956,9.73472273911428e-05,2.560491,717.7,0.0892
2616,1,802.16,7437.14,0.472058,9.73840714551547e-05,1.967759,758.9,0.0843
2617,1,802.36,7435.82,0.570564,9.742091551916661e-05,2.864468,754.2,0.0849
2618,1,802.55,7434.49,0.478141,9.745775958317851e-05,1.901385,779.0,0.0822
2619,1,802.75,7433.21,0.448322,9.749460364719042e-05,1.694286,735.0,0.0871
2620,1,802.95,7431.86,0.549455,9.753144771120232e-05,2.568918,765.0,0.0837
2621,1,803.22,7431.2,0.531616,9.756829177521423e-05,2.482553,724.4,0.0884
2622,1,803.41,7429.89,0.53775,9.760513583922614e-05,2.677832,727.0,0.088
2623,1,803.61,7428.58,0.458975,9.764197990323806e-05,1.284895,755.4,0.0847
2624,1,803.81,7427.25,0.591919,9.767882396724998e-05,1.694558,774.4,0.0826
2625,1,804.01,7426.0,0.537747,9.77156680312619e-05,1.777566,717.9,0.0892
2626,1,804.21,7424.69,0.543503,9.775251209527381e-05,1.192178,749.3,0.0854
2627,1,804.41,7423.37,0.475505,9.778935615928573e-05,1.141874,766.6,0.0835
2628,1,804.6,7422.08,0.449685,9.782620022329764e-05,1.722618,753.8,0.0849
2629,1,804.8,7420.77,0.48343,9.786304428730955e-05,1.197191,745.3,0.0859
2630,1,805.0,7419.44,0.532538,9.789988835132145e-05,1.950596,763.5,0.0838
2631,1,805.2,7418.15,0.521495,9.793673241533337e-05,1.33341,756.1,0.0846
2632,1,805.39,7416.83,0.555648,9.797357647934529e-05,1.253669,761.3,0.0841
2633,1,805.59,7415.53,0.456043,9.801042054335721e-05,1.354108,754.6,0.0848
2634,1,805.79,7414.23,0.475104,9.804726460736913e-05,1.272584,756.2,0.0846
2635,1,805.98,7412.92,0.457483,9.808410867138104e-05,1.382533,764.4,0.0837
2636,1,806.18,7411.6,0.575728,9.812095273539294e-05,1.675373,768.3,0.0833
2637,1,806.38,7410.3,0.497136,9.815779679940485e-05,1.674374,758.5,0.0844
2638,1,806.58,7409.01,0.528128,9.819464086341677e-05,1.289369,750.3,0.0853
2639,1,806.77,7407.71,0.455288,9.823148492742867e-05,1.304056,752.4,0.0851
2640,1,806.97,7406.42,0.49914,9.826832899144058e-05,1.285888,745.8,0.0858
2641,1,807.17,7405.12,0.473739,9.83051730554525e-05,1.67794,772.5,0.0828
2642,1,807.37,7403.83,0.333564,9.834201711946442e-05,1.085584,756.3,0.0846
2643,1,807.56,7402.52,0.463924,9.837886118347632e-05,1.129887,767.8,0.0834
2644,1,807.76,7401.23,0.538345,9.841570524748823e-05,1.789637,754.8,0.0848
2645,1,807.96,7399.92,0.449325,9.845254931150013e-05,1.285348,762.2,0.084
2646,1,808.16,7398.63,0.561922,9.848939337551204e-05,2.118457,756.2,0.0846
2647,1,808.35,7397.34,0.494138,9.852623743952395e-05,1.812925,747.3,0.0856
2648,1,808.55,7396.03,0.474261,9.856308150353585e-05,2.096976,775.1,0.0826
2649,1,808.75,7394.74,0.492275,9.859992556754776e-05,2.25815,761.3,0.0841
2650,1,808.94,7393.44,0.508295,9.863676963155966e-05,1.654888,766.6,0.0835
2651,1,809.14,7392.15,0.425073,9.867361369557158e-05,1.586885,762.5,0.0839
2652,1,809.34,7390.85,0.519236,9.871045775958349e-05,1.724315,762.5,0.0839
2653,1,809.54,7389.58,0.538252,9.874730182359541e-05,2.625422,746.1,0.0858
2654,1,809.74,7388.3,0.405415,9.878414588760733e-05,2.117067,739.3,0.0866
2655,1,809.93,7386.99,0.445627,9.882098995161923e-05,1.560271,768.0,0.0833
2656,1,810.13,7385.75,0.49499,9.885783401563115e-05,1.63186,739.0,0.0866
2657,1,810.33,7384.44,0.413156,9.889467807964307e-05,1.71874,764.0,0.0838
2658,1,810.53,7383.16,0.502125,9.893152214365498e-05,2.053698,751.6,0.0852
2659,1,810.73,7381.9,0.467351,9.896836620766688e-05,1.669937,731.4,0.0875
2660,1,810.92,7380.6,0.399871,9.900521027167879e-05,1.627736,763.8,0.0838
2661,1,811.12,7379.35,0.460126,9.90420543356907e-05,2.084095,769.4,0.0832
2662,1,811.32,7378.08,0.546494,9.90788983997026e-05,1.545133,763.6,0.0838
2663,1,811.52,7376.81,0.404355,9.911574246371452e-05,1.172859,773.6,0.0827
2664,1,811.72,7375.53,0.537134,9.915258652772644e-05,1.668068,767.5,0.0834
2665,1,811.91,7374.25,0.528793,9.918943059173835e-05,2.150709,767.2,0.0834
2666,1,812.11,7372.98,0.468546,9.922627465575027e-05,1.775296,756.9,0.0846
2667,1,812.31,7371.7,0.493146,9.926311871976219e-05,1.560106,767.3,0.0834
2668,1,812.51,7370.42,0.446959,9.929996278377409e-05,1.597197,768.3,0.0833
2669,1,812.7,7369.15,0.454674,9.9336806847786e-05,1.572799,757.8,0.0845
2670,1,812.9,7367.86,0.474264,9.93736509117979e-05,1.845284,764.3,0.0837
2671,1,813.1,7366.58,0.537536,9.941049497580982e-05,1.867931,761.3,0.0841
2672,1,813.29,7365.28,0.489063,9.944733903982173e-05,1.560207,784.4,0.0816
2673,1,813.49,7364.03,0.492118,9.948418310383365e-05,1.727854,756.1,0.0846
2674,1,813.69,7362.76,0.42864,9.952102716784557e-05,1.519168,756.5,0.0846
2675,1,813.89,7361.5,0.512442,9.955787123185749e-05,2.015779,743.2,0.0861
2676,1,814.08,7360.22,0.55638,9.959471529586939e-05,1.991693,757.1,0.0845
2677,1,814.28,7358.95,0.52789,9.96315593598813e-05,1.639661,760.5,0.0842
2678,1,814.48,7357.72,0.452391,9.96684034238932e-05,1.800442,727.5,0.088
2679,1,814.68,7356.43,0.45224,9.970524748790511e-05,1.313654,761.8,0.084
2680,1,814.88,7355.18,0.524398,9.974209155191702e-05,2.740236,739.5,0.0865
2681,1,815.08,7353.96,0.48077,9.977893561592894e-05,1.602033,758.2,0.0844
2682,1,815.28,7352.72,0.574952,9.981577967994085e-05,2.495855,725.3,0.0882
2683,1,815.48,7351.46,0.556818,9.985262374395276e-05,1.555703,725.7,0.0882
2684,1,815.68,7350.21,0.552112,9.988946780796467e-05,1.604053,741.0,0.0864
2685,1,815.87,7348.95,0.466504,9.992631187197657e-05,2.812376,748.8,0.0855
2686,1,816.07,7347.7,0.542597,9.996315593598849e-05,2.90941,743.8,0.086
2687,1,921.9,8297.08,0.384966,0.0001,1.965976,0.2,105.7117
2688,2,922.89,8302.6,0.53053,9.99999995823095e-05,2.006428,514.3,0.1244
2689,2,923.22,8302.15,0.414962,9.999999832923802e-05,1.808249,691.4,0.0926
2690,2,923.47,8300.91,0.377307,9.999999624078556e-05,1.201782,540.4,0.1184
2691,2,923.67,8299.32,0.441516,9.999999331695217e-05,1.687064,533.9,0.1199
2692,2,923.88,8297.79,0.451146,9.99999895577379e-05,1.587303,500.7,0.1278
2693,2,924.07,8296.03,0.401808,9.99999849631428e-05,1.220981,609.4,0.105
2694,2,924.27,8294.39,0.351793,9.999997953316696e-05,0.95377,631.6,0.1013
2695,2,924.47,8292.77,0.53282,9.999997326781046e-05,1.969295,639.7,0.1001
2696,2,924.65,8290.98,0.452402,9.999996616707343e-05,2.617122,759.5,0.0843
2697,2,924.85,8289.34,0.377158,9.999995823095597e-05,2.245485,746.7,0.0857
2698,2,925.04,8287.68,0.473774,9.999994945945821e-05,1.753222,750.1,0.0853
2699,2,925.24,8286.05,0.498455,9.999993985258031e-05,1.969326,727.3,0.088
2700,2,925.44,8284.4,0.470106,9.999992941032244e-05,1.683789,719.1,0.089
2701,2,937.88,8392.3,0.472963,9.999991813268474e-05,2.120577,685.7,0.0933
2702,2,938.11,8390.88,0.490496,9.999990601966744e-05,1.757509,710.4,0.0901
2703,2,938.3,8389.16,0.542072,9.999989307127073e-05,2.418017,746.6,0.0857
2704,2,938.53,8387.72,0.353943,9.999987928749481e-05,1.388468,557.8,0.1147
2705,2,938.7,8385.8,0.433526,9.999986466833994e-05,1.82323,724.0,0.0884
2706,2,938.89,8384.11,0.446952,9.999984921380635e-05,1.622986,735.9,0.087
2707,2,939.09,8382.43,0.46691,9.999983292389431e-05,1.981938,731.6,0.0875
2708,2,939.28,8380.71,0.481366,9.999981579860411e-05,1.326737,754.0,0.0849
2709,2,939.48,8379.01,0.494028,9.9999797837936e-05,2.015211,765.7,0.0836
2710,2,939.68,8377.34,0.383844,9.999977904189031e-05,1.937227,752.1,0.0851
2711,2,939.87,8375.65,0.432572,9.999975941046736e-05,1.470352,754.6,0.0848
2712,2,940.07,8373.99,0.522119,9.999973894366746e-05,1.823138,741.9,0.0863
2713,2,940.27,8372.33,0.45661,9.999971764149098e-05,1.433685,748.6,0.0855
2714,2,940.47,8370.65,0.496824,9.999969550393827e-05,2.576835,746.6,0.0857
2715,2,940.67,8368.98,0.408868,9.999967253100969e-05,1.639448,740.2,0.0865
2716,2,940.86,8367.3,0.588444,9.999964872270564e-05,2.134787,733.2,0.0873
2717,2,941.06,8365.61,0.455249,9.999962407902651e-05,2.100259,751.1,0.0852
2718,2,941.25,8363.93,0.514761,9.999959859997275e-05,2.330104,751.9,0.0851
2719,2,941.45,8362.26,0.555793,9.999957228554476e-05,2.081937,741.4,0.0863
2720,2,941.65,8360.57,0.420736,9.999954513574299e-05,1.583608,756.6,0.0846
2721,2,941.85,8358.96,0.395991,9.999951715056791e-05,1.681832,737.0,0.0868
2722,2,942.04,8357.27,0.497289,9.999948833001996e-05,1.589541,753.2,0.085
2723,2,942.24,8355.6,0.54771,9.999945867409967e-05,1.545764,762.2,0.084
2724,2,942.44,8353.97,0.508309,9.99994281828075e-05,1.763818,721.2,0.0887
2725,2,942.64,8352.29,0.490679,9.999939685614399e-05,1.391223,745.3,0.0859
2726,2,942.83,8350.62,0.560566,9.999936469410967e-05,1.387497,748.5,0.0855
2727,2,943.03,8348.96,0.472768,9.999933169670507e-05,1.809067,747.2,0.0857
2728,2,943.23,8347.27,0.526482,9.999929786393075e-05,1.328775,767.2,0.0834
2729,2,943.42,8345.62,0.499769,9.99992631957873e-05,1.934497,754.2,0.0849
2730,2,943.62,8343.97,0.496425,9.999922769227525e-05,2.209248,737.6,0.0868
2731,2,943.82,8342.33,0.476025,9.999919135339525e-05,1.324313,714.0,0.0896
2732,2,944.01,8340.63,0.527618,9.999915417914791e-05,1.540682,756.7,0.0846
2733,2,944.21,8338.96,0.414055,9.999911616953385e-05,1.309844,759.9,0.0842
2734,2,944.41,8337.3,0.465005,9.999907732455369e-05,1.099807,754.0,0.0849
2735,2,944.6,8335.63,0.519639,9.999903764420812e-05,1.319513,758.0,0.0844
2736,2,944.8,8333.99,0.46572,9.999899712849779e-05,1.797317,751.2,0.0852
2737,2,945.0,8332.34,0.544877,9.999895577742339e-05,1.546529,750.4,0.0853
2738,2,945.19,8330.68,0.540921,9.99989135909856e-05,2.403113,751.7,0.0851
2739,2,945.39,8329.03,0.464709,9.999887056918517e-05,1.793471,748.7,0.0855
2740,2,945.58,8327.36,0.503584,9.999882671202279e-05,1.48147,771.1,0.083
2741,2,945.79,8325.76,0.374682,9.99987820194992e-05,1.747257,756.0,0.0847
2742,2,945.99,8324.13,0.609073,9.99987364916152e-05,1.85909,731.8,0.0875
2743,2,946.18,8322.47,0.392309,9.99986901283715e-05,1.629694,746.1,0.0858
2744,2,946.38,8320.8,0.439908,9.999864292976891e-05,1.354777,764.3,0.0837
2745,2,946.57,8319.17,0.445753,9.999859489580822e-05,2.261907,746.9,0.0857
2746,2,946.77,8317.53,0.539743,9.999854602649026e-05,2.438725,747.5,0.0856
2747,2,946.97,8315.87,0.562617,9.999849632181584e-05,2.328684,761.0,0.0841
2748,2,947.16,8314.23,0.466103,9.999844578178581e-05,1.769642,745.7,0.0858
2749,2,947.36,8312.59,0.525402,9.9998394406401e-05,1.920949,751.9,0.0851
2750,2,947.56,8310.95,0.555352,9.999834219566228e-05,1.337514,740.3,0.0865
2751,2,947.76,8309.32,0.480571,9.999828914957057e-05,1.612901,737.9,0.0867
2752,2,947.95,8307.68,0.441927,9.999823526812672e-05,1.577219,745.9,0.0858
2753,2,948.15,8306.04,0.483867,9.999818055133166e-05,1.528618,754.6,0.0848
2754,2,948.35,8304.39,0.444978,9.99981249991863e-05,1.249308,755.0,0.0848
2755,2,948.55,8302.78,0.413995,9.999806861169158e-05,1.187923,730.0,0.0877
2756,2,948.74,8301.15,0.51942,9.999801138884847e-05,1.929256,736.3,0.0869
2757,2,948.94,8299.56,0.517517,9.999795333065793e-05,1.368094,696.8,0.0918
2758,2,949.14,8297.88,0.574668,9.999789443712091e-05,1.590958,748.4,0.0855
2759,2,949.33,8296.24,0.429813,9.999783470823844e-05,1.783098,751.3,0.0852
2760,2,949.53,8294.63,0.545171,9.999777414401151e-05,1.341877,734.1,0.0872
2761,2,949.73,8293.03,0.481605,9.999771274444116e-05,1.672818,767.0,0.0834
2762,2,949.92,8291.38,0.520075,9.999765050952839e-05,1.363416,780.0,0.082
2763,2,950.12,8289.75,0.507948,9.999758743927428e-05,2.025552,767.0,0.0834
2764,2,950.32,8288.12,0.557581,9.99975235336799e-05,1.753736,761.5,0.084
2765,2,950.51,8286.48,0.470124,9.99974587927463e-05,1.280427,774.1,0.0827
2766,2,950.71,8284.84,0.496166,9.999739321647461e-05,2.616067,777.2,0.0823
2767,2,950.91,8283.23,0.489217,9.999732680486591e-05,2.21174,757.8,0.0845
2768,2,951.11,8281.63,0.472086,9.999725955792132e-05,1.670677,740.2,0.0865
2769,2,951.3,8280.0,0.594213,9.9997191475642e-05,1.390805,755.0,0.0848
2770,2,951.5,8278.4,0.424247,9.999712255802906e-05,1.811886,729.4,0.0877
2771,2,951.7,8276.77,0.421569,9.999705280508368e-05,1.16843,749.8,0.0854
2772,2,951.9,8275.18,0.385457,9.999698221680706e-05,1.804823,735.3,0.087
2773,2,952.1,8273.59,0.402645,9.999691079320035e-05,1.762025,718.9,0.089
2774,2,952.29,8271.97,0.476911,9.999683853426479e-05,1.54258,735.6,0.087
2775,2,952.49,8270.37,0.439833,9.999676544000158e-05,1.164242,737.4,0.0868
2776,2,952.69,8268.75,0.464481,9.999669151041197e-05,1.696973,751.8,0.0851
2777,2,952.88,8267.14,0.420031,9.999661674549721e-05,1.311993,749.0,0.0854
2778,2,953.08,8265.54,0.451222,9.999654114525854e-05,1.999311,747.8,0.0856
2779,2,953.28,8263.95,0.364911,9.999646470969725e-05,1.584565,746.3,0.0858
2780,2,953.48,8262.33,0.362699,9.999638743881462e-05,1.478706,762.0,0.084
2781,2,953.68,8260.78,0.385699,9.999630933261194e-05,2.070147,734.8,0.0871
2782,2,953.88,8259.18,0.346247,9.999623039109057e-05,1.463003,747.0,0.0857
2783,2,954.07,8257.56,0.519357,9.999615061425182e-05,2.664481,757.0,0.0845
2784,2,954.27,8255.99,0.391461,9.999607000209702e-05,1.863433,723.5,0.0885
2785,2,954.47,8254.34,0.365343,9.999598855462755e-05,1.727981,763.6,0.0838
2786,2,954.67,8252.75,0.396264,9.99959062718448e-05,1.931021,740.5,0.0864
2787,2,954.86,8251.15,0.451047,9.999582315375011e-05,2.672428,736.9,0.0868
2788,2,955.06,8249.53,0.388295,9.999573920034493e-05,1.939304,759.8,0.0842
2789,2,955.26,8247.95,0.575838,9.999565441163067e-05,3.814483,750.6,0.0853
2790,2,955.45,8246.36,0.391695,9.999556878760874e-05,1.924078,737.9,0.0867
2791,2,955.65,8244.75,0.467893,9.999548232828058e-05,3.356859,744.6,0.086
2792,2,955.84,8243.12,0.522829,9.999539503364769e-05,1.91134,772.0,0.0829
2793,2,956.04,8241.53,0.529696,9.99953069037115e-05,2.753513,753.7,0.0849
2794,2,956.24,8239.95,0.528934,9.999521793847352e-05,2.737651,741.5,0.0863
2795,2,956.43,8238.34,0.688162,9.999512813793526e-05,2.458968,750.7,0.0853
2796,2,956.63,8236.74,0.511483,9.999503750209821e-05,2.121976,768.1,0.0833
2797,2,956.83,8235.15,0.527087,9.999494603096393e-05,3.18996,761.8,0.084
2798,2,957.03,8233.61,0.529937,9.999485372453393e-05,2.689339,710.0,0.0901
2799,2,957.22,8231.96,0.519126,9.999476058280978e-05,1.494507,767.0,0.0834
2800,2,957.42,8230.36,0.572262,9.999466660579304e-05,2.210116,765.3,0.0836
2801,2,957.65,8229.1,0.517716,9.999457179348533e-05,1.170369,724.6,0.0883
2802,2,957.84,8227.47,0.568499,9.999447614588823e-05,2.021259,760.7,0.0841
2803,2,958.04,8225.91,0.489337,9.999437966300335e-05,1.635736,742.7,0.0862
2804,2,958.24,8224.31,0.446966,9.999428234483233e-05,2.015965,752.0,0.0851
2805,2,958.44,8222.77,0.505233,9.999418419137682e-05,1.322161,713.4,0.0897
2806,2,958.63,8221.13,0.506139,9.999408520263845e-05,1.498074,767.6,0.0834
2807,2,958.83,8219.56,0.461364,9.999398537861889e-05,1.121266,768.9,0.0832
2808,2,959.03,8217.98,0.48754,9.999388471931983e-05,1.519491,764.7,0.0837
2809,2,959.22,8216.38,0.459406,9.999378322474301e-05,1.628922,775.7,0.0825
2810,2,959.42,8214.81,0.484018,9.999368089489009e-05,1.466714,768.3,0.0833
2811,2,959.62,8213.26,0.405696,9.999357772976282e-05,1.694574,743.1,0.0861
2812,2,959.81,8211.66,0.488379,9.999347372936294e-05,2.469121,763.4,0.0838
2813,2,960.01,8210.09,0.475336,9.999336889369221e-05,1.99861,761.9,0.084
2814,2,960.21,8208.49,0.368177,9.999326322275237e-05,1.649215,781.5,0.0819
2815,2,960.41,8206.95,0.353594,9.999315671654525e-05,1.704504,732.5,0.0874
2816,2,960.6,8205.36,0.464271,9.999304937507261e-05,1.494269,752.0,0.0851
2817,2,960.79,8203.74,0.530714,9.999294119833628e-05,2.096132,785.9,0.0814
2818,2,960.99,8202.16,0.507962,9.999283218633808e-05,1.840347,787.5,0.0813
2819,2,961.18,8200.58,0.509386,9.999272233907984e-05,1.711568,792.3,0.0808
2820,2,961.38,8199.01,0.534862,9.999261165656344e-05,2.231567,775.6,0.0825
2821,2,961.58,8197.48,0.503814,9.999250013879072e-05,1.508351,761.1,0.0841
2822,2,961.78,8195.93,0.466029,9.999238778576358e-05,1.692157,744.1,0.086
2823,2,961.98,8194.35,0.447907,9.999227459748391e-05,1.253787,755.3,0.0847
2824,2,962.17,8192.78,0.506004,9.999216057395362e-05,1.907671,759.1,0.0843
2825,2,962.37,8191.25,0.488147,9.999204571517463e-05,1.683667,728.1,0.0879
2826,2,962.57,8189.69,0.40704,9.999193002114889e-05,1.159374,725.9,0.0882
2827,2,962.76,8188.1,0.426564,9.999181349187834e-05,1.313939,755.8,0.0847
2828,2,962.96,8186.54,0.484866,9.999169612736494e-05,1.342465,750.9,0.0852
2829,2,963.16,8184.97,0.501822,9.999157792761069e-05,1.319121,757.9,0.0844
2830,2,963.36,8183.44,0.40734,9.999145889261756e-05,1.309988,728.4,0.0879
2831,2,963.55,8181.87,0.394826,9.99913390223876e-05,1.33786,745.2,0.0859
2832,2,963.75,8180.3,0.472266,9.99912183169228e-05,1.408564,749.4,0.0854
2833,2,963.95,8178.75,0.477558,9.99910967762252e-05,1.186454,748.7,0.0855
2834,2,964.15,8177.24,0.536108,9.999097440029688e-05,2.050093,705.2,0.0908
2835,2,964.34,8175.66,0.544937,9.999085118913987e-05,1.943956,751.8,0.0851
2836,2,964.54,8174.09,0.490779,9.999072714275624e-05,1.53628,772.9,0.0828
2837,2,964.74,8172.53,0.471391,9.999060226114812e-05,1.742027,766.4,0.0835
2838,2,964.93,8170.99,0.509049,9.999047654431761e-05,1.591853,744.3,0.086
2839,2,965.13,8169.44,0.383982,9.999034999226681e-05,1.279279,746.0,0.0858
2840,2,965.33,8167.91,0.505687,9.999022260499788e-05,2.173723,751.1,0.0852
2841,2,965.54,8166.44,0.401,9.999009438251296e-05,1.552014,709.7,0.0902
2842,2,965.73,8164.84,0.373476,9.99899653248142e-05,1.908654,761.9,0.084
2843,2,965.92,8163.31,0.445116,9.998983543190383e-05,1.653286,751.7,0.0851
2844,2,966.13,8161.83,0.53895,9.998970470378397e-05,1.864346,696.2,0.0919
2845,2,966.32,8160.23,0.45726,9.998957314045686e-05,1.830268,753.8,0.0849
2846,2,966.52,8158.7,0.42442,9.998944074192474e-05,1.214548,737.4,0.0868
2847,2,966.72,8157.2,0.658122,9.99893075081898e-05,2.492293,708.5,0.0903
2848,2,966.91,8155.62,0.502453,9.998917343925434e-05,2.051177,742.9,0.0862
2849,2,967.12,8154.14,0.498653,9.998903853512058e-05,2.311601,694.5,0.0921
2850,2,967.31,8152.52,0.501583,9.998890279579081e-05,1.383835,775.7,0.0825
2851,2,967.51,8151.01,0.416379,9.998876622126732e-05,2.595374,753.6,0.0849
2852,2,967.7,8149.48,0.502985,9.998862881155243e-05,1.325592,745.3,0.0859
2853,2,967.9,8147.92,0.473581,9.998849056664845e-05,1.336009,772.8,0.0828
2854,2,968.1,8146.39,0.53512,9.99883514865577e-05,3.049536,773.5,0.0827
2855,2,968.29,8144.87,0.486843,9.998821157128255e-05,1.420125,762.6,0.0839
2856,2,968.49,8143.34,0.399432,9.998807082082532e-05,1.183023,758.0,0.0844
2857,2,968.69,8141.82,0.519188,9.998792923518845e-05,1.476472,757.9,0.0844
2858,2,968.89,8140.29,0.5578,9.998778681437428e-05,1.63838,752.5,0.0851
2859,2,969.08,8138.73,0.363458,9.998764355838522e-05,2.220628,768.9,0.0832
2860,2,969.28,8137.19,0.553843,9.99874994672237e-05,2.077059,784.4,0.0816
2861,2,969.48,8135.72,0.509503,9.998735454089216e-05,1.693519,761.7,0.084
2862,2,969.68,8134.2,0.394347,9.9987208779393e-05,1.419075,753.0,0.085
2863,2,969.88,8132.66,0.473907,9.998706218272875e-05,1.869696,771.4,0.083
2864,2,970.08,8131.15,0.456292,9.998691475090182e-05,1.454934,753.7,0.0849
2865,2,970.27,8129.62,0.419,9.998676648391472e-05,1.184205,761.2,0.0841
2866,2,970.47,8128.1,0.394828,9.998661738176999e-05,1.194304,751.0,0.0852
2867,2,970.66,8126.56,0.426074,9.99864674444701e-05,1.118409,772.0,0.0829
2868,2,970.86,8125.04,0.466841,9.998631667201758e-05,1.897781,770.2,0.0831
2869,2,971.06,8123.51,0.461122,9.998616506441498e-05,2.285947,770.1,0.0831
2870,2,971.26,8122.04,0.560756,9.998601262166489e-05,1.810909,721.4,0.0887
2871,2,971.45,8120.49,0.457113,9.998585934376986e-05,1.304072,757.2,0.0845
2872,2,971.65,8118.97,0.348315,9.998570523073247e-05,1.635299,760.4,0.0842
2873,2,971.85,8117.44,0.465205,9.998555028255531e-05,1.604184,775.2,0.0826
2874,2,972.05,8115.93,0.312112,9.998539449924103e-05,1.891181,751.9,0.0851
2875,2,972.24,8114.41,0.447727,9.998523788079223e-05,1.287239,770.5,0.0831
2876,2,972.44,8112.92,0.525032,9.998508042721157e-05,1.75925,742.6,0.0862
2877,2,972.64,8111.4,0.400622,9.99849221385017e-05,1.499742,752.7,0.085
2878,2,972.84,8109.94,0.492054,9.998476301466528e-05,1.986621,704.2,0.0909
2879,2,973.03,8108.38,0.422449,9.998460305570502e-05,1.792989,774.9,0.0826
2880,2,973.23,8106.87,0.55296,9.99844422616236e-05,2.095272,761.7,0.084
2881,2,973.43,8105.36,0.415347,9.998428063242376e-05,1.385275,788.2,0.0812
2882,2,973.63,8103.87,0.391753,9.99841181681082e-05,1.173096,770.5,0.0831
2883,2,973.83,8102.39,0.462845,9.998395486867966e-05,1.337613,737.6,0.0868
2884,2,974.02,8100.88,0.428141,9.99837907341409e-05,1.467803,745.4,0.0859
2885,2,974.22,8099.37,0.542086,9.998362576449473e-05,1.716478,742.6,0.0862
2886,2,974.42,8097.86,0.34502,9.998345995974388e-05,1.216572,764.2,0.0838
2887,2,974.62,8096.39,0.453549,9.998329331989117e-05,1.873821,728.5,0.0879
2888,2,974.82,8094.88,0.500419,9.99831258449394e-05,1.783357,746.1,0.0858
2889,2,975.01,8093.38,0.535204,9.998295753489143e-05,1.675254,762.0,0.084
2890,2,975.21,8091.9,0.469208,9.998278838975007e-05,1.757055,742.2,0.0862
2891,2,975.41,8090.42,0.455644,9.998261840951817e-05,1.267083,746.1,0.0858
2892,2,975.61,8088.9,0.477549,9.998244759419862e-05,2.232664,767.0,0.0834
2893,2,975.8,8087.41,0.534247,9.998227594379431e-05,1.679574,757.3,0.0845
2894,2,976.01,8085.97,0.512798,9.99821034583081e-05,2.758096,709.0,0.0903
2895,2,976.2,8084.42,0.467991,9.998193013774293e-05,1.161555,772.7,0.0828
2896,2,976.41,8082.99,0.514821,9.99817559821017e-05,1.276854,707.4,0.0905
2897,2,976.6,8081.47,0.389354,9.998158099138738e-05,1.311072,740.7,0.0864
2898,2,976.79,8079.94,0.470787,9.998140516560291e-05,2.038537,772.1,0.0829
2899,2,976.99,8078.45,0.466899,9.998122850475126e-05,2.120372,773.7,0.0827
2900,2,977.19,8076.96,0.542805,9.99810510088354e-05,1.591336,770.8,0.083
2901,2,977.39,8075.53,0.387739,9.998087267785834e-05,1.083197,733.6,0.0872
2902,2,977.59,8074.04,0.42988,9.998069351182307e-05,1.395128,731.6,0.0875
2903,2,977.78,8072.5,0.452321,9.998051351073264e-05,1.70565,791.6,0.0808
2904,2,977.98,8071.05,0.400618,9.998033267459008e-05,1.605062,740.8,0.0864
2905,2,978.18,8069.58,0.494456,9.998015100339843e-05,1.80948,739.0,0.0866
2906,2,978.38,8068.07,0.544272,9.997996849716075e-05,2.159602,762.2,0.084
2907,2,978.58,8066.61,0.428253,9.997978515588013e-05,1.74006,761.4,0.0841
2908,2,978.78,8065.14,0.395364,9.997960097955968e-05,1.617927,741.0,0.0864
2909,2,978.97,8063.66,0.489699,9.99794159682025e-05,1.519523,736.1,0.0869
2910,2,979.21,8062.48,0.52736,9.997923012181169e-05,2.891032,518.3,0.1235
2911,2,979.37,8060.69,0.43771,9.997904344039042e-05,1.497084,739.2,0.0866
2912,2,979.57,8059.22,0.367228,9.99788559239418e-05,1.442187,748.3,0.0855
2913,2,979.77,8057.76,0.425393,9.997866757246905e-05,1.852698,729.4,0.0877
2914,2,979.96,8056.24,0.4109,9.997847838597528e-05,1.40273,768.6,0.0833
2915,2,980.16,8054.77,0.49561,9.997828836446375e-05,1.71831,761.0,0.0841
2916,2,980.36,8053.33,0.506843,9.997809750793762e-05,2.333741,725.0,0.0883
2917,2,980.56,8051.89,0.537929,9.997790581640014e-05,2.445144,701.6,0.0912
2918,2,980.76,8050.42,0.467455,9.997771328985452e-05,2.442778,709.1,0.0902
2919,2,980.95,8048.9,0.469021,9.997751992830403e-05,1.708356,756.9,0.0846
2920,2,981.15,8047.46,0.492169,9.997732573175191e-05,1.355365,733.3,0.0873
2921,2,981.35,8045.97,0.548744,9.997713070020147e-05,1.861671,762.1,0.084
2922,2,981.55,8044.54,0.472942,9.997693483365597e-05,1.576403,724.9,0.0883
2923,2,981.74,8043.03,0.499025,9.997673813211875e-05,1.720827,762.3,0.084
2924,2,981.94,8041.57,0.50608,9.997654059559309e-05,1.892545,758.5,0.0844
2925,2,982.14,8040.13,0.529645,9.997634222408236e-05,1.4546,733.6,0.0872
2926,2,982.34,8038.69,0.489742,9.997614301758988e-05,1.64002,699.2,0.0915
2927,2,982.53,8037.17,0.387212,9.997594297611901e-05,1.685144,754.8,0.0848
2928,2,982.73,8035.68,0.42637,9.997574209967314e-05,1.446584,770.1,0.0831
2929,2,982.93,8034.26,0.436357,9.997554038825567e-05,1.344998,712.4,0.0898
2930,2,983.12,8032.74,0.46026,9.997533784186999e-05,2.054753,771.6,0.0829
2931,2,983.32,8031.29,0.485724,9.997513446051952e-05,1.920352,770.6,0.0831
2932,2,983.52,8029.82,0.572344,9.99749302442077e-05,1.825326,772.2,0.0829
2933,2,983.72,8028.37,0.526317,9.997472519293796e-05,1.460815,766.9,0.0835
2934,2,983.91,8026.9,0.389719,9.997451930671378e-05,1.496661,777.7,0.0823
2935,2,984.12,8025.5,0.391975,9.99743125855386e-05,1.796388,746.1,0.0858
2936,2,984.31,8024.03,0.425791,9.997410502941597e-05,1.804798,756.8,0.0846
2937,2,984.51,8022.58,0.357651,9.997389663834933e-05,1.642801,757.7,0.0845
2938,2,984.71,8021.14,0.489619,9.997368741234223e-05,1.973409,748.3,0.0855
2939,2,984.91,8019.66,0.390472,9.99734773513982e-05,1.88421,771.7,0.0829
2940,2,985.11,8018.23,0.485167,9.997326645552076e-05,1.814214,737.6,0.0868
2941,2,985.3,8016.76,0.458765,9.99730547247135e-05,1.579282,778.2,0.0822
2942,2,985.51,8015.35,0.455178,9.997284215897999e-05,1.724215,720.1,0.0889
2943,2,985.7,8013.87,0.322689,9.99726287583238e-05,1.583977,747.2,0.0857
2944,2,985.89,8012.39,0.483108,9.997241452274855e-05,2.170976,775.4,0.0825
2945,2,986.09,8010.94,0.381755,9.997219945225784e-05,1.359309,764.3,0.0837
2946,2,986.29,8009.54,0.629674,9.99719835468553e-05,2.62696,719.1,0.089
2947,2,986.48,8008.02,0.411295,9.997176680654458e-05,2.167458,771.9,0.0829
2948,2,986.68,8006.59,0.411671,9.997154923132934e-05,1.611661,744.0,0.086
2949,2,986.88,8005.16,0.462096,9.997133082121325e-05,1.702737,721.2,0.0887
2950,2,987.07,8003.67,0.506439,9.99711115762e-05,2.007244,764.7,0.0837
2951,2,987.27,8002.21,0.455648,9.997089149629328e-05,2.280885,771.5,0.083
2952,2,987.47,8000.76,0.524783,9.99706705814968e-05,2.366442,763.7,0.0838
2953,2,987.67,7999.32,0.480623,9.997044883181432e-05,1.76787,744.4,0.086
2954,2,987.86,7997.89,0.515701,9.997022624724955e-05,1.990093,723.5,0.0885
2955,2,988.06,7996.4,0.381036,9.997000282780625e-05,1.585432,768.6,0.0833
2956,2,988.25,7994.95,0.462694,9.99697785734882e-05,1.747992,771.5,0.083
2957,2,988.45,7993.5,0.392799,9.996955348429918e-05,1.127587,779.2,0.0821
2958,2,988.65,7992.07,0.436778,9.996932756024299e-05,1.711645,751.2,0.0852
2959,2,988.85,7990.65,0.375766,9.996910080132343e-05,1.365804,733.6,0.0872
2960,2,989.04,7989.2,0.511453,9.996887320754435e-05,1.72056,749.0,0.0854
2961,2,989.24,7987.78,0.415646,9.996864477890957e-05,2.122054,767.7,0.0834
2962,2,989.44,7986.35,0.452975,9.996841551542297e-05,1.608481,755.7,0.0847
2963,2,989.64,7984.92,0.473366,9.996818541708841e-05,1.630267,748.5,0.0855
2964,2,989.84,7983.47,0.459032,9.996795448390977e-05,1.664722,763.5,0.0838
2965,2,990.04,7982.06,0.43837,9.996772271589092e-05,1.437148,745.3,0.0859
2966,2,990.24,7980.64,0.483635,9.996749011303582e-05,1.936563,731.5,0.0875
2967,2,990.43,7979.22,0.457956,9.996725667534836e-05,1.521173,722.4,0.0886
2968,2,990.63,7977.76,0.481381,9.99670224028325e-05,2.196399,752.9,0.085
2969,2,990.83,7976.33,0.396738,9.996678729549218e-05,1.649652,756.0,0.0847
2970,2,991.02,7974.91,0.632922,9.996655135333137e-05,2.469711,749.5,0.0854
2971,2,991.23,7973.51,0.491371,9.996631457635406e-05,1.869713,708.6,0.0903
2972,2,991.42,7972.08,0.46451,9.996607696456424e-05,1.463193,722.7,0.0886
2973,2,991.62,7970.62,0.415655,9.996583851796594e-05,1.473796,763.8,0.0838
2974,2,991.81,7969.2,0.51978,9.996559923656314e-05,2.056737,744.9,0.0859
2975,2,992.01,7967.76,0.55422,9.996535912035991e-05,2.79533,750.2,0.0853
2976,2,992.21,7966.33,0.507129,9.996511816936029e-05,1.514361,757.6,0.0845
2977,2,992.4,7964.9,0.300967,9.996487638356836e-05,1.070516,760.7,0.0841
2978,2,992.6,7963.49,0.394108,9.996463376298818e-05,1.483979,742.1,0.0862
2979,2,992.8,7962.05,0.424266,9.996439030762387e-05,1.643343,755.6,0.0847
2980,2,992.99,7960.62,0.40511,9.996414601747953e-05,1.833252,760.5,0.0842
2981,2,993.2,7959.24,0.449138,9.996390089255926e-05,2.101331,758.8,0.0843
2982,2,993.39,7957.81,0.441943,9.996365493286722e-05,1.328966,763.8,0.0838
2983,2,993.59,7956.39,0.504275,9.996340813840757e-05,1.807273,765.5,0.0836
2984,2,993.79,7954.97,0.446668,9.996316050918445e-05,1.976314,750.3,0.0853
2985,2,993.98,7953.53,0.337718,9.996291204520205e-05,1.438328,772.8,0.0828
2986,2,994.18,7952.12,0.393445,9.996266274646456e-05,1.402086,760.8,0.0841
2987,2,994.38,7950.7,0.657716,9.996241261297619e-05,2.317238,755.0,0.0848
2988,2,994.58,7949.29,0.388752,9.996216164474117e-05,1.859579,753.4,0.0849
2989,2,994.78,7947.89,0.520839,9.996190984176373e-05,1.646484,739.5,0.0865
2990,2,994.97,7946.45,0.4801,9.996165720404811e-05,2.691851,768.9,0.0832
2991,2,995.17,7945.05,0.406536,9.996140373159858e-05,2.082894,769.4,0.0832
2992,2,995.37,7943.67,0.393429,9.996114942441943e-05,2.163559,727.4,0.088
2993,2,995.57,7942.25,0.38714,9.996089428251494e-05,1.583932,728.2,0.0879
2994,2,995.76,7940.83,0.553644,9.996063830588941e-05,3.673774,735.8,0.087
2995,2,995.96,7939.39,0.503868,9.996038149454717e-05,1.564312,765.7,0.0836
2996,2,996.15,7937.97,0.478195,9.996012384849255e-05,2.135103,776.6,0.0824
2997,2,996.35,7936.57,0.494016,9.995986536772989e-05,2.116284,766.0,0.0836
2998,2,996.55,7935.14,0.507309,9.995960605226356e-05,2.021621,780.1,0.082
2999,2,996.74,7933.74,0.607609,9.995934590209795e-05,3.183133,752.5,0.0851
3000,2,996.94,7932.32,0.485981,9.995908491723742e-05,2.289676,763.3,0.0838
3001,2,1006.09,8002.1,0.38704,9.995882309768641e-05,1.336397,685.3,0.0934
3002,2,1006.3,8000.77,0.519624,9.99585604434493e-05,2.420904,726.7,0.0881
3003,2,1006.49,7999.29,0.451538,9.995829695453057e-05,1.598301,771.4,0.083
3004,2,1006.68,7997.84,0.36841,9.995803263093461e-05,1.740886,766.7,0.0835
3005,2,1006.88,7996.41,0.504523,9.995776747266592e-05,2.319325,751.9,0.0851
3006,2,1007.08,7995.01,0.485468,9.995750147972898e-05,1.749704,717.3,0.0892
3007,2,1007.28,7993.56,0.456377,9.995723465212823e-05,1.356713,726.3,0.0881
3008,2,1007.47,7992.08,0.456452,9.995696698986824e-05,1.272707,775.3,0.0825
3009,2,1007.66,7990.66,0.416083,9.995669849295348e-05,1.458334,758.4,0.0844
3010,2,1007.86,7989.25,0.352267,9.995642916138848e-05,1.500924,736.4,0.0869
3011,2,1008.06,7987.79,0.554795,9.995615899517781e-05,2.753855,759.0,0.0843
3012,2,1008.25,7986.36,0.444223,9.995588799432603e-05,2.010506,756.1,0.0846
3013,2,1008.45,7984.95,0.402503,9.99556161588377e-05,1.782901,736.8,0.0869
3014,2,1008.65,7983.53,0.376394,9.995534348871742e-05,1.401641,723.6,0.0884
3015,2,1008.84,7982.06,0.510467,9.995506998396977e-05,2.052073,765.1,0.0836
3016,2,1009.04,7980.61,0.507193,9.995479564459938e-05,1.565345,778.4,0.0822
3017,2,1009.24,7979.23,0.550901,9.995452047061088e-05,1.966707,726.3,0.0881
3018,2,1009.43,7977.75,0.359329,9.995424446200892e-05,2.157637,775.9,0.0825
3019,2,1009.62,7976.34,0.354513,9.995396761879814e-05,1.831184,762.0,0.084
3020,2,1009.82,7974.91,0.388565,9.995368994098323e-05,1.538751,760.7,0.0841
3021,2,1010.02,7973.53,0.48912,9.995341142856888e-05,2.294756,731.8,0.0875
3022,2,1010.22,7972.1,0.496391,9.995313208155977e-05,2.329257,749.9,0.0853
3023,2,1010.41,7970.66,0.505816,9.995285189996062e-05,2.447291,776.0,0.0825
3024,2,1010.61,7969.26,0.548979,9.995257088377616e-05,1.99591,754.8,0.0848
3025,2,1010.8,7967.81,0.393947,9.995228903301114e-05,1.255033,781.0,0.0819
3026,2,1011.0,7966.41,0.507334,9.995200634767032e-05,1.507397,762.7,0.0839
3027,2,1011.2,7965.01,0.542074,9.995172282775844e-05,2.259441,747.8,0.0856
3028,2,1011.4,7963.58,0.399274,9.995143847328033e-05,1.559199,772.8,0.0828
3029,2,1011.6,7962.18,0.460789,9.995115328424075e-05,1.274844,745.0,0.0859
3030,2,1011.79,7960.79,0.552497,9.995086726064453e-05,1.736234,723.2,0.0885
3031,2,1011.99,7959.33,0.520893,9.99505804024965e-05,2.100346,778.4,0.0822
3032,2,1012.18,7957.93,0.582423,9.99502927098015e-05,2.47935,758.5,0.0844
3033,2,1012.38,7956.54,0.469253,9.995000418256437e-05,1.888566,737.6,0.0868
3034,2,1012.58,7955.12,0.565576,9.994971482079e-05,2.273827,744.9,0.0859
3035,2,1012.77,7953.68,0.385398,9.994942462448327e-05,1.812155,762.8,0.0839
3036,2,1012.97,7952.26,0.477747,9.994913359364906e-05,1.111214,777.6,0.0823
3037,2,1013.16,7950.84,0.397785,9.994884172829229e-05,1.56895,778.3,0.0822
3038,2,1013.37,7949.48,0.529624,9.99485490284179e-05,1.93386,726.1,0.0881
3039,2,1013.56,7948.05,0.488175,9.994825549403082e-05,1.786164,745.7,0.0858
3040,2,1013.75,7946.62,0.485422,9.994796112513602e-05,2.22419,767.7,0.0834
3041,2,1013.95,7945.25,0.658438,9.994766592173843e-05,2.181839,744.0,0.086
3042,2,1014.15,7943.81,0.48794,9.994736988384305e-05,1.308515,787.8,0.0812
3043,2,1014.35,7942.43,0.4924,9.994707301145488e-05,1.15764,757.8,0.0845
3044,2,1014.55,7941.05,0.446312,9.994677530457894e-05,1.306011,728.4,0.0879
3045,2,1014.74,7939.63,0.38242,9.994647676322025e-05,1.426617,755.6,0.0847
3046,2,1014.93,7938.21,0.430972,9.994617738738382e-05,1.513304,772.7,0.0828
3047,2,1015.13,7936.84,0.56939,9.994587717707472e-05,2.078874,736.6,0.0869
3048,2,1015.33,7935.41,0.41952,9.994557613229802e-05,1.772904,760.1,0.0842
3049,2,1015.52,7934.01,0.426394,9.994527425305881e-05,1.270978,768.8,0.0832
3050,2,1015.72,7932.6,0.43129,9.994497153936219e-05,1.571406,782.9,0.0817
3051,2,1015.92,7931.21,0.496116,9.994466799121324e-05,2.34087,770.8,0.083
3052,2,1016.11,7929.81,0.578574,9.994436360861708e-05,1.729074,776.9,0.0824
3053,2,1016.31,7928.41,0.574267,9.994405839157888e-05,1.831781,763.5,0.0838
3054,2,1016.51,7927.05,0.469439,9.994375234010378e-05,1.608359,739.7,0.0865
3055,2,1016.7,7925.63,0.476659,9.994344545419694e-05,2.309883,779.2,0.0821
3056,2,1016.9,7924.24,0.463786,9.994313773386354e-05,1.378369,777.6,0.0823
3057,2,1017.1,7922.85,0.455247,9.994282917910876e-05,1.927069,764.6,0.0837
3058,2,1017.29,7921.45,0.52847,9.994251978993782e-05,1.664586,774.8,0.0826
3059,2,1017.49,7920.06,0.431714,9.994220956635594e-05,2.145559,772.3,0.0829
3060,2,1017.69,7918.68,0.462915,9.994189850836837e-05,1.824352,756.5,0.0846
3061,2,1017.89,7917.3,0.442296,9.994158661598034e-05,1.733135,771.5,0.083
3062,2,1018.08,7915.9,0.41173,9.994127388919711e-05,1.519334,776.6,0.0824
3063,2,1018.28,7914.52,0.494102,9.994096032802398e-05,2.378361,767.4,0.0834
3064,2,1018.47,7913.13,0.447425,9.994064593246623e-05,1.587062,769.5,0.0832
3065,2,1018.67,7911.73,0.502415,9.994033070252914e-05,2.458385,785.5,0.0815
3066,2,1018.87,7910.35,0.480793,9.99400146382181e-05,1.501416,773.7,0.0827
3067,2,1019.07,7908.97,0.501838,9.993969773953838e-05,2.658354,761.4,0.0841
3068,2,1019.27,7907.62,0.429022,9.993938000649534e-05,1.47658,726.8,0.0881
3069,2,1019.46,7906.2,0.560893,9.993906143909435e-05,1.57895,759.2,0.0843
3070,2,1019.66,7904.87,0.494083,9.993874203734078e-05,2.297481,712.1,0.0899
3071,2,1019.85,7903.42,0.528707,9.993842180124004e-05,2.091832,779.8,0.0821
3072,2,1020.05,7902.03,0.513727,9.99381007307975e-05,2.491917,785.4,0.0815
3073,2,1020.24,7900.67,0.531041,9.993777882601861e-05,2.004785,759.9,0.0842
3074,2,1020.44,7899.29,0.449214,9.993745608690879e-05,1.533949,765.5,0.0836
3075,2,1020.64,7897.9,0.394857,9.99371325134735e-05,1.532128,774.2,0.0827
3076,2,1020.84,7896.61,0.451101,9.993680810571818e-05,1.91575,679.0,0.0942
3077,2,1021.03,7895.15,0.465048,9.99364828636483e-05,2.171822,762.4,0.0839
3078,2,1021.23,7893.78,0.414148,9.993615678726938e-05,1.978451,754.5,0.0848
3079,2,1021.42,7892.41,0.445132,9.99358298765869e-05,1.361488,755.1,0.0848
3080,2,1021.62,7891.02,0.576355,9.993550213160637e-05,1.733407,771.7,0.0829
3081,2,1021.82,7889.68,0.452138,9.993517355233335e-05,1.716197,763.6,0.0838
3082,2,1022.02,7888.32,0.38953,9.993484413877336e-05,1.449921,754.5,0.0848
3083,2,1022.22,7886.94,0.523672,9.993451389093197e-05,2.839542,759.1,0.0843
3084,2,1022.41,7885.57,0.336365,9.993418280881475e-05,1.272714,759.7,0.0842
3085,2,1022.61,7884.19,0.446484,9.99338508924273e-05,1.912641,757.5,0.0845
3086,2,1022.81,7882.85,0.4591,9.99335181417752e-05,2.645249,733.3,0.0873
3087,2,1023.0,7881.44,0.383076,9.993318455686407e-05,1.539388,771.9,0.0829
3088,2,1023.2,7880.07,0.365471,9.993285013769957e-05,1.665772,771.4,0.083
3089,2,1023.4,7878.73,0.457268,9.993251488428731e-05,2.154083,740.4,0.0864
3090,2,1023.59,7877.34,0.504143,9.993217879663295e-05,2.804488,763.7,0.0838
3091,2,1023.79,7875.97,0.502298,9.993184187474218e-05,1.644862,771.6,0.0829
3092,2,1023.99,7874.62,0.562169,9.993150411862066e-05,1.862394,760.9,0.0841
3093,2,1024.18,7873.27,0.366974,9.993116552827411e-05,1.443129,762.3,0.084
3094,2,1024.38,7871.93,0.445608,9.993082610370823e-05,1.58663,728.9,0.0878
3095,2,1024.58,7870.54,0.462359,9.993048584492877e-05,1.600834,761.3,0.0841
3096,2,1024.77,7869.16,0.418268,9.993014475194146e-05,1.718837,772.3,0.0829
3097,2,1024.97,7867.8,0.457788,9.992980282475206e-05,1.426648,783.6,0.0817
3098,2,1025.17,7866.47,0.413145,9.992946006336633e-05,1.473608,742.0,0.0862
3099,2,1025.37,7865.1,0.426594,9.992911646779005e-05,1.132779,744.9,0.0859
3100,2,1025.56,7863.71,0.370215,9.992877203802906e-05,1.698795,781.7,0.0819
3101,2,1025.76,7862.39,0.416004,9.992842677408913e-05,1.689705,768.4,0.0833
3102,2,1025.95,7861.02,0.424154,9.99280806759761e-05,1.321441,774.1,0.0827
3103,2,1026.15,7859.67,0.484894,9.992773374369583e-05,1.729917,764.0,0.0838
3104,2,1026.35,7858.31,0.493924,9.992738597725414e-05,2.105586,767.4,0.0834
3105,2,1026.55,7856.99,0.396789,9.99270373766569e-05,1.888514,738.3,0.0867
3106,2,1026.74,7855.6,0.549747,9.992668794191003e-05,1.740953,770.2,0.0831
3107,2,1026.94,7854.26,0.444006,9.992633767301938e-05,1.553144,761.3,0.0841
3108,2,1027.14,7852.94,0.442404,9.992598656999089e-05,2.167123,725.1,0.0883
3109,2,1027.34,7851.57,0.438149,9.99256346328305e-05,1.708689,737.7,0.0868
3110,2,1027.53,7850.23,0.583583,9.992528186154413e-05,2.31669,715.7,0.0894
3111,2,1027.73,7848.84,0.425225,9.992492825613771e-05,2.064492,768.7,0.0833
3112,2,1027.92,7847.48,0.475176,9.992457381661726e-05,1.313314,770.5,0.0831
3113,2,1028.12,7846.14,0.369169,9.992421854298873e-05,1.636388,761.7,0.084
3114,2,1028.32,7844.79,0.494866,9.992386243525811e-05,1.136451,752.9,0.085
3115,2,1028.51,7843.44,0.488141,9.992350549343143e-05,1.506807,763.4,0.0838
3116,2,1028.72,7842.14,0.426446,9.992314771751469e-05,1.908749,705.3,0.0907
3117,2,1028.91,7840.76,0.415533,9.992278910751393e-05,1.401736,751.7,0.0851
3118,2,1029.11,7839.47,0.396483,9.992242966343524e-05,2.307395,689.8,0.0928
3119,2,1029.3,7838.09,0.492022,9.992206938528465e-05,2.401407,738.5,0.0867
3120,2,1029.5,7836.74,0.45677,9.992170827306825e-05,1.497886,759.5,0.0843
3121,2,1029.7,7835.42,0.394298,9.992134632679214e-05,1.162365,761.0,0.0841
3122,2,1029.9,7834.11,0.467703,9.99209835464624e-05,1.177608,726.1,0.0881
3123,2,1030.09,7832.73,0.519635,9.99206199320852e-05,1.398146,779.4,0.0821
3124,2,1030.29,7831.39,0.45653,9.992025548366664e-05,1.448463,778.0,0.0823
3125,2,1030.49,7830.04,0.458787,9.991989020121288e-05,1.518128,777.9,0.0823
3126,2,1030.68,7828.71,0.388051,9.991952408473007e-05,1.529551,764.5,0.0837
3127,2,1030.88,7827.37,0.469583,9.991915713422442e-05,2.113386,768.2,0.0833
3128,2,1031.08,7826.03,0.500225,9.991878934970211e-05,2.569765,772.1,0.0829
3129,2,1031.27,7824.7,0.551503,9.991842073116937e-05,2.015311,767.4,0.0834
3130,2,1031.47,7823.36,0.428225,9.991805127863237e-05,1.221476,765.5,0.0836
3131,2,1031.67,7822.03,0.478417,9.991768099209737e-05,1.892847,755.7,0.0847
3132,2,1031.87,7820.73,0.516852,9.991730987157064e-05,1.625209,730.7,0.0876
3133,2,1032.06,7819.38,0.42152,9.99169379170584e-05,1.500445,765.2,0.0836
3134,2,1032.26,7818.05,0.545049,9.991656512856696e-05,2.079734,763.4,0.0838
3135,2,1032.46,7816.72,0.452347,9.99161915061026e-05,1.637535,759.9,0.0842
3136,2,1032.66,7815.41,0.396051,9.991581704967163e-05,1.505333,733.4,0.0873
3137,2,1032.86,7814.1,0.561279,9.991544175928036e-05,2.466508,716.5,0.0893
3138,2,1033.06,7812.77,0.586524,9.991506563493513e-05,2.182168,719.7,0.0889
3139,2,1033.25,7811.43,0.449098,9.991468867664229e-05,1.222712,738.3,0.0867
3140,2,1033.44,7810.07,0.416334,9.99143108844082e-05,1.685836,766.4,0.0835
3141,2,1033.65,7808.78,0.423461,9.991393225823924e-05,1.406355,748.9,0.0855
3142,2,1033.84,7807.43,0.46837,9.991355279814179e-05,1.801224,761.4,0.0841
3143,2,1034.04,7806.12,0.504469,9.991317250412226e-05,1.362044,744.1,0.086
3144,2,1034.23,7804.77,0.45644,9.991279137618708e-05,2.039757,765.5,0.0836
3145,2,1034.43,7803.45,0.429916,9.991240941434265e-05,1.258275,756.2,0.0846
3146,2,1034.63,7802.16,0.49113,9.991202661859545e-05,1.091078,727.3,0.088
3147,2,1034.82,7800.8,0.452367,9.991164298895192e-05,1.605391,767.2,0.0834
3148,2,1035.03,7799.52,0.407056,9.991125852541855e-05,1.109133,722.3,0.0886
3149,2,1035.22,7798.15,0.386712,9.99108732280018e-05,1.964555,779.9,0.0821
3150,2,1035.42,7796.85,0.453349,9.991048709670818e-05,2.602459,760.5,0.0842
3151,2,1035.62,7795.58,0.496239,9.991010013154423e-05,1.442665,712.5,0.0898
3152,2,1035.81,7794.23,0.48363,9.990971233251648e-05,1.861129,745.7,0.0858
3153,2,1036.01,7792.91,0.487066,9.990932369963144e-05,1.620987,757.3,0.0845
3154,2,1036.21,7791.61,0.494607,9.99089342328957e-05,1.736621,753.9,0.0849
3155,2,1036.41,7790.3,0.537109,9.990854393231581e-05,2.072485,745.7,0.0858
3156,2,1036.61,7789.01,0.455656,9.990815279789839e-05,2.090241,735.4,0.087
3157,2,1036.81,7787.76,0.394822,9.990776082965002e-05,1.514013,682.4,0.0938
3158,2,1037.01,7786.47,0.499703,9.990736802757732e-05,1.911318,679.5,0.0942
3159,2,1037.2,7785.1,0.441531,9.99069743916869e-05,1.873724,752.3,0.0851
3160,2,1037.4,7783.78,0.474664,9.990657992198543e-05,1.59056,767.6,0.0834
3161,2,1037.6,7782.52,0.476337,9.990618461847956e-05,2.030301,733.2,0.0873
3162,2,1037.8,7781.21,0.442249,9.990578848117595e-05,1.805783,729.5,0.0877
3163,2,1037.99,7779.86,0.52855,9.99053915100813e-05,1.801863,768.5,0.0833
3164,2,1038.19,7778.58,0.497539,9.99049937052023e-05,1.620125,745.6,0.0858
3165,2,1038.39,7777.26,0.4857,9.990459506654565e-05,1.485062,758.0,0.0844
3166,2,1038.59,7775.96,0.464716,9.990419559411812e-05,1.790136,739.4,0.0866
3167,2,1038.79,7774.67,0.493094,9.990379528792641e-05,1.575083,720.3,0.0889
3168,2,1038.98,7773.34,0.467001,9.990339414797729e-05,1.871489,751.2,0.0852
3169,2,1039.18,7772.02,0.404209,9.990299217427752e-05,1.543887,765.0,0.0837
3170,2,1039.37,7770.71,0.460586,9.99025893668339e-05,1.195145,764.1,0.0838
3171,2,1039.57,7769.4,0.582915,9.990218572565322e-05,1.61237,768.0,0.0833
3172,2,1039.77,7768.1,0.50614,9.99017812507423e-05,2.022822,762.1,0.084
3173,2,1039.96,7766.79,0.427245,9.990137594210796e-05,1.703911,749.9,0.0853
3174,2,1040.16,7765.48,0.510771,9.990096979975704e-05,1.857933,754.7,0.0848
3175,2,1040.36,7764.21,0.374069,9.99005628236964e-05,1.840016,728.8,0.0878
3176,2,1040.55,7762.87,0.432434,9.99001550139329e-05,1.780809,759.0,0.0843
3177,2,1040.75,7761.59,0.423555,9.989974637047343e-05,1.157933,736.5,0.0869
3178,2,1040.95,7760.28,0.623613,9.989933689332488e-05,1.655873,745.7,0.0858
3179,2,1041.14,7758.96,0.510581,9.989892658249415e-05,1.560743,767.9,0.0833
3180,2,1041.34,7757.68,0.380876,9.989851543798819e-05,1.76705,749.0,0.0854
3181,2,1041.54,7756.37,0.482533,9.989810345981392e-05,1.369843,779.7,0.0821
3182,2,1041.74,7755.11,0.469794,9.98976906479783e-05,1.601748,739.5,0.0865
3183,2,1041.94,7753.82,0.507393,9.989727700248828e-05,1.708461,730.3,0.0876
3184,2,1042.13,7752.48,0.410024,9.989686252335087e-05,1.228659,779.9,0.0821
3185,2,1042.33,7751.19,0.521597,9.989644721057304e-05,1.797324,765.4,0.0836
3186,2,1042.52,7749.89,0.480459,9.98960310641618e-05,1.651006,773.5,0.0827
3187,2,1042.72,7748.6,0.397039,9.98956140841242e-05,1.569059,784.4,0.0816
3188,2,1042.93,7747.37,0.39096,9.989519627046725e-05,1.349205,715.4,0.0895
3189,2,1043.12,7746.03,0.513824,9.989477762319803e-05,1.552006,763.5,0.0838
3190,2,1043.32,7744.76,0.43456,9.989435814232357e-05,1.53479,738.4,0.0867
3191,2,1043.51,7743.45,0.472659,9.989393782785097e-05,1.182038,768.9,0.0832
3192,2,1043.71,7742.17,0.504278,9.989351667978731e-05,1.304104,764.1,0.0838
3193,2,1043.91,7740.89,0.418713,9.989309469813971e-05,1.362407,756.1,0.0846
3194,2,1044.11,7739.63,0.496439,9.989267188291528e-05,1.422602,723.8,0.0884
3195,2,1044.31,7738.35,0.507078,9.989224823412118e-05,1.707433,715.4,0.0895
3196,2,1044.5,7737.04,0.516628,9.989182375176454e-05,1.892128,748.4,0.0855
3197,2,1044.71,7735.79,0.505892,9.989139843585253e-05,2.048492,715.2,0.0895
3198,2,1044.91,7734.52,0.58277,9.989097228639232e-05,2.061511,723.6,0.0884
3199,2,1045.1,7733.24,0.553582,9.989054530339111e-05,1.425555,734.7,0.0871
3200,2,1045.3,7731.95,0.421297,9.98901174868561e-05,1.268267,765.3,0.0836
3201,2,1045.54,7731.0,0.462032,9.988968883679451e-05,1.797092,717.6,0.0892
3202,2,1045.74,7729.72,0.466011,9.988925935321357e-05,1.106335,717.2,0.0892
3203,2,1045.93,7728.41,0.486302,9.988882903612053e-05,1.588929,755.0,0.0848
3204,2,1046.13,7727.14,0.536829,9.988839788552267e-05,1.35706,748.0,0.0856
3205,2,1046.33,7725.88,0.482385,9.988796590142724e-05,1.363669,730.9,0.0876
3206,2,1046.53,7724.58,0.479875,9.988753308384154e-05,1.145416,753.5,0.0849
3207,2,1046.72,7723.31,0.505515,9.988709943277289e-05,1.537782,751.4,0.0852
3208,2,1046.92,7722.02,0.491726,9.98866649482286e-05,1.370982,754.3,0.0848
3209,2,1047.12,7720.76,0.462492,9.988622963021599e-05,1.4191,738.7,0.0866
3210,2,1047.32,7719.48,0.530492,9.988579347874242e-05,1.474246,755.4,0.0847
3211,2,1047.51,7718.2,0.442419,9.988535649381523e-05,1.232979,758.7,0.0843
3212,2,1047.72,7716.95,0.589771,9.988491867544182e-05,1.711513,724.2,0.0884
3213,2,1047.91,7715.65,0.461375,9.988448002362959e-05,1.243812,760.6,0.0841
3214,2,1048.11,7714.38,0.527544,9.98840405383859e-05,1.269009,764.8,0.0837
3215,2,1048.31,7713.12,0.43017,9.98836002197182e-05,1.931835,743.9,0.086
3216,2,1048.5,7711.85,0.441444,9.988315906763391e-05,1.199525,751.2,0.0852
3217,2,1048.7,7710.57,0.547672,9.988271708214046e-05,1.400289,758.3,0.0844
3218,2,1048.9,7709.3,0.354841,9.988227426324534e-05,1.485256,765.2,0.0836
3219,2,1049.1,7708.08,0.467383,9.988183061095599e-05,1.484067,705.1,0.0908
3220,2,1049.29,7706.76,0.527148,9.988138612527993e-05,1.475432,757.5,0.0845
3221,2,1049.5,7705.53,0.523558,9.988094080622465e-05,1.47688,744.8,0.0859
3222,2,1049.69,7704.26,0.414583,9.988049465379764e-05,1.546159,748.6,0.0855
3223,2,1049.89,7702.99,0.404761,9.988004766800646e-05,1.297861,758.2,0.0844
3224,2,1050.09,7701.75,0.471599,9.987959984885866e-05,2.273613,742.5,0.0862
3225,2,1050.29,7700.48,0.549661,9.987915119636177e-05,1.529648,748.6,0.0855
3226,2,1050.48,7699.21,0.402577,9.987870171052338e-05,1.118791,760.9,0.0841
3227,2,1050.68,7697.93,0.459045,9.987825139135106e-05,1.484078,780.0,0.0821
3228,2,1050.88,7696.67,0.486117,9.987780023885243e-05,1.452973,772.8,0.0828
3229,2,1051.08,7695.42,0.508874,9.987734825303509e-05,2.000286,756.4,0.0846
3230,2,1051.28,7694.17,0.486137,9.987689543390666e-05,1.970112,734.3,0.0872
3231,2,1051.47,7692.89,0.446871,9.98764417814748e-05,1.293409,754.6,0.0848
3232,2,1051.68,7691.69,0.539017,9.987598729574715e-05,1.8737,686.8,0.0932
3233,2,1051.87,7690.4,0.461907,9.987553197673141e-05,1.421995,726.3,0.0881
3234,2,1052.07,7689.14,0.455397,9.987507582443522e-05,2.128531,736.4,0.0869
3235,2,1052.26,7687.86,0.577397,9.987461883886631e-05,2.08134,752.2,0.0851
3236,2,1052.46,7686.6,0.467948,9.987416102003239e-05,1.544114,750.2,0.0853
3237,2,1052.66,7685.35,0.523782,9.987370236794118e-05,2.178975,743.4,0.0861
3238,2,1052.86,7684.09,0.401742,9.987324288260041e-05,1.247705,749.6,0.0854
3239,2,1053.05,7682.83,0.495295,9.987278256401785e-05,2.008152,758.4,0.0844
3240,2,1053.25,7681.58,0.488051,9.987232141220125e-05,1.996135,758.1,0.0844
3241,2,1053.45,7680.36,0.491795,9.987185942715842e-05,1.103058,752.0,0.0851
3242,2,1053.65,7679.12,0.421491,9.987139660889714e-05,1.663079,737.8,0.0867
3243,2,1053.86,7677.92,0.450281,9.987093295742523e-05,2.039255,687.7,0.0931
3244,2,1054.05,7676.62,0.413891,9.987046847275049e-05,1.691871,746.9,0.0857
3245,2,1054.25,7675.37,0.438464,9.98700031548808e-05,1.973938,752.9,0.085
3246,2,1054.44,7674.11,0.505266,9.986953700382397e-05,1.375796,762.0,0.084
3247,2,1054.65,7672.9,0.521579,9.986907001958791e-05,2.590099,715.8,0.0894
3248,2,1054.85,7671.66,0.416373,9.986860220218046e-05,1.570535,727.8,0.0879
3249,2,1055.04,7670.41,0.366609,9.986813355160954e-05,1.637749,758.2,0.0844
3250,2,1055.24,7669.14,0.514764,9.986766406788302e-05,1.278811,780.7,0.082
3251,2,1055.44,7667.92,0.42364,9.986719375100889e-05,1.260687,739.8,0.0865
3252,2,1055.64,7666.7,0.505987,9.986672260099504e-05,1.935607,719.6,0.0889
3253,2,1055.84,7665.44,0.422746,9.986625061784944e-05,1.746776,746.1,0.0858
3254,2,1056.03,7664.18,0.581864,9.986577780158003e-05,2.213695,768.2,0.0833
3255,2,1056.23,7662.93,0.558218,9.986530415219484e-05,2.177944,772.8,0.0828
3256,2,1056.43,7661.72,0.443384,9.98648296697018e-05,1.926269,739.9,0.0865
3257,2,1056.64,7660.55,0.400481,9.986435435410897e-05,1.833142,658.7,0.0972
3258,2,1056.83,7659.26,0.512559,9.986387820542433e-05,1.865045,734.8,0.0871
3259,2,1057.03,7658.02,0.48857,9.986340122365596e-05,1.711192,753.7,0.0849
3260,2,1057.23,7656.79,0.418975,9.986292340881189e-05,2.08837,740.0,0.0865
3261,2,1057.43,7655.6,0.4851,9.986244476090016e-05,2.695461,714.8,0.0895
3262,2,1057.63,7654.4,0.489937,9.986196527992888e-05,1.457322,704.1,0.0909
3263,2,1057.83,7653.13,0.386621,9.986148496590611e-05,1.411843,739.9,0.0865
3264,2,1058.03,7651.89,0.506126,9.986100381883999e-05,1.279657,746.6,0.0857
3265,2,1058.23,7650.67,0.479165,9.986052183873861e-05,1.333681,734.8,0.0871
3266,2,1058.43,7649.49,0.529524,9.986003902561013e-05,2.258426,681.7,0.0939
3267,2,1058.63,7648.23,0.445728,9.98595553794627e-05,1.803013,717.1,0.0892
3268,2,1058.83,7647.0,0.476865,9.985907090030446e-05,1.639499,732.8,0.0873
3269,2,1059.03,7645.79,0.431673,9.98585855881436e-05,1.908138,710.3,0.0901
3270,2,1059.23,7644.57,0.368962,9.98580994429883e-05,1.332448,721.0,0.0888
3271,2,1059.43,7643.38,0.534719,9.985761246484679e-05,1.410443,679.7,0.0942
3272,2,1059.63,7642.15,0.436481,9.985712465372726e-05,1.84182,710.5,0.0901
3273,2,1059.82,7640.9,0.377502,9.985663600963794e-05,1.441683,744.7,0.0859
3274,2,1060.03,7639.72,0.460787,9.98561465325871e-05,1.466972,704.0,0.0909
3275,2,1060.23,7638.5,0.416742,9.985565622258299e-05,1.34542,692.5,0.0924
3276,2,1060.42,7637.26,0.517277,9.985516507963388e-05,1.946467,723.3,0.0885
3277,2,1060.62,7636.04,0.360801,9.985467310374806e-05,1.351558,722.6,0.0886
3278,2,1060.82,7634.8,0.464061,9.985418029493383e-05,1.262643,752.4,0.0851
3279,2,1061.02,7633.56,0.485006,9.985368665319952e-05,2.529781,762.1,0.084
3280,2,1061.22,7632.35,0.571223,9.985319217855345e-05,1.495412,742.7,0.0862
3281,2,1061.42,7631.14,0.448307,9.985269687100397e-05,1.616416,757.3,0.0845
3282,2,1061.62,7629.94,0.455897,9.985220073055943e-05,1.438946,718.8,0.089
3283,2,1061.82,7628.73,0.512078,9.985170375722821e-05,1.440923,713.9,0.0896
3284,2,1062.01,7627.46,0.419364,9.985120595101872e-05,1.993947,773.2,0.0828
3285,2,1062.21,7626.27,0.453523,9.985070731193933e-05,1.662122,726.8,0.0881
3286,2,1062.41,7625.03,0.393797,9.985020783999844e-05,1.219947,758.8,0.0843
3287,2,1062.61,7623.85,0.517204,9.984970753520451e-05,1.431358,714.7,0.0896
3288,2,1062.81,7622.63,0.536645,9.984920639756599e-05,1.484784,738.9,0.0866
3289,2,1063.01,7621.39,0.463116,9.984870442709132e-05,1.519193,746.7,0.0857
3290,2,1063.21,7620.18,0.558739,9.984820162378898e-05,1.732265,728.0,0.0879
3291,2,1063.4,7618.96,0.499526,9.984769798766744e-05,1.261582,724.5,0.0883
3292,2,1063.61,7617.77,0.497784,9.984719351873521e-05,1.063565,705.5,0.0907
3293,2,1063.8,7616.54,0.58156,9.984668821700081e-05,1.675207,737.1,0.0868
3294,2,1064.01,7615.37,0.46156,9.984618208247276e-05,1.214568,714.2,0.0896
3295,2,1064.21,7614.16,0.497918,9.98456751151596e-05,1.342663,718.0,0.0891
3296,2,1064.41,7612.96,0.404876,9.984516731506988e-05,1.236149,722.8,0.0885
3297,2,1064.6,7611.75,0.475846,9.98446586822122e-05,1.466728,736.8,0.0869
3298,2,1064.81,7610.55,0.466014,9.98441492165951e-05,1.167364,716.4,0.0893
3299,2,1065.0,7609.33,0.420766,9.984363891822722e-05,1.680439,735.4,0.087
3300,2,1065.2,7608.13,0.429687,9.984312778711714e-05,1.257393,727.2,0.088
3301,2,1075.18,7676.77,0.511006,9.98426158232735e-05,1.444579,684.0,0.0936
3302,2,1075.39,7675.61,0.42618,9.984210302670494e-05,1.371938,761.3,0.0841
3303,2,1075.59,7674.35,0.410077,9.98415893974201e-05,1.170816,773.7,0.0827
3304,2,1075.78,7673.1,0.489501,9.984107493542768e-05,2.155537,769.7,0.0832
3305,2,1075.98,7671.84,0.431907,9.984055964073635e-05,1.76083,788.8,0.0811
3306,2,1076.18,7670.61,0.486941,9.984004351335479e-05,1.695827,760.4,0.0842
3307,2,1076.37,7669.36,0.35759,9.983952655329171e-05,1.450861,765.6,0.0836
3308,2,1076.58,7668.16,0.530528,9.983900876055586e-05,1.786066,715.7,0.0894
3309,2,1076.77,7666.88,0.468668,9.983849013515596e-05,2.128227,764.3,0.0837
3310,2,1076.97,7665.66,0.60926,9.983797067710075e-05,2.322953,746.6,0.0857
3311,2,1077.16,7664.42,0.467162,9.983745038639902e-05,1.405619,744.8,0.0859
3312,2,1077.36,7663.19,0.414046,9.983692926305955e-05,1.385559,736.1,0.0869
3313,2,1077.56,7661.97,0.526836,9.983640730709113e-05,1.377051,728.9,0.0878
3314,2,1077.76,7660.76,0.558914,9.983588451850256e-05,1.432498,707.4,0.0905
3315,2,1077.96,7659.53,0.385756,9.983536089730265e-05,1.268445,702.9,0.0911
3316,2,1078.15,7658.25,0.510653,9.983483644350027e-05,1.399063,762.5,0.0839
3317,2,1078.35,7657.01,0.463038,9.983431115710425e-05,1.157495,760.5,0.0842
3318,2,1078.55,7655.8,0.585076,9.983378503812346e-05,1.763253,741.5,0.0863
3319,2,1078.74,7654.56,0.429597,9.98332580865668e-05,1.322411,752.7,0.085
3320,2,1078.94,7653.35,0.429773,9.983273030244313e-05,1.167951,739.8,0.0865
3321,2,1079.14,7652.13,0.516138,9.983220168576137e-05,2.374241,744.5,0.086
3322,2,1079.34,7650.9,0.435575,9.983167223653044e-05,1.108271,747.7,0.0856
3323,2,1079.54,7649.67,0.414097,9.983114195475928e-05,1.451533,744.7,0.0859
3324,2,1079.73,7648.44,0.475236,9.983061084045683e-05,1.287903,752.3,0.0851
3325,2,1079.94,7647.26,0.508842,9.983007889363208e-05,2.025934,702.6,0.0911
3326,2,1080.13,7646.01,0.396574,9.982954611429396e-05,1.268253,719.6,0.0889
3327,2,1080.33,7644.76,0.4774,9.98290125024515e-05,1.659686,747.9,0.0856
3328,2,1080.53,7643.55,0.383758,9.982847805811369e-05,1.751088,742.1,0.0862
3329,2,1080.72,7642.32,0.539701,9.982794278128955e-05,1.276593,751.0,0.0852
3330,2,1080.92,7641.13,0.50397,9.982740667198812e-05,1.628149,708.5,0.0903
3331,2,1081.12,7639.87,0.323788,9.982686973021846e-05,1.206853,752.9,0.085
3332,2,1081.31,7638.65,0.494321,9.98263319559896e-05,1.554794,753.9,0.0849
3333,2,1081.51,7637.41,0.380587,9.982579334931063e-05,1.888334,766.8,0.0835
3334,2,1081.71,7636.18,0.34083,9.982525391019064e-05,1.434652,760.3,0.0842
3335,2,1081.9,7634.96,0.45715,9.982471363863874e-05,1.72412,763.4,0.0838
3336,2,1082.1,7633.74,0.392212,9.982417253466404e-05,1.440487,762.6,0.0839
3337,2,1082.3,7632.52,0.582286,9.982363059827567e-05,2.351948,752.9,0.085
3338,2,1082.49,7631.29,0.534433,9.982308782948279e-05,1.811694,760.5,0.0842
3339,2,1082.69,7630.09,0.470642,9.982254422829454e-05,1.703815,744.9,0.0859
3340,2,1082.9,7628.93,0.462118,9.982199979472011e-05,1.483638,677.9,0.0944
3341,2,1083.09,7627.68,0.511919,9.982145452876869e-05,1.941646,752.9,0.085
3342,2,1083.29,7626.47,0.375187,9.982090843044947e-05,1.849777,754.1,0.0849
3343,2,1083.49,7625.25,0.43984,9.982036149977166e-05,2.145126,759.1,0.0843
3344,2,1083.68,7624.02,0.451258,9.981981373674452e-05,1.520838,767.1,0.0834
3345,2,1083.88,7622.81,0.398676,9.981926514137725e-05,1.113446,751.7,0.0851
3346,2,1084.08,7621.6,0.489745,9.981871571367916e-05,1.481393,758.8,0.0843
3347,2,1084.28,7620.38,0.481905,9.981816545365948e-05,1.317326,761.1,0.0841
3348,2,1084.48,7619.19,0.483222,9.981761436132753e-05,1.389359,739.9,0.0865
3349,2,1084.68,7618.01,0.522416,9.981706243669257e-05,2.030129,707.5,0.0905
3350,2,1084.88,7616.81,0.490799,9.981650967976396e-05,1.460933,700.6,0.0914
3351,2,1085.07,7615.56,0.578223,9.981595609055099e-05,1.968699,757.8,0.0845
3352,2,1085.27,7614.36,0.417937,9.9815401669063e-05,1.43026,748.8,0.0855
3353,2,1085.47,7613.16,0.481634,9.981484641530939e-05,1.237356,741.6,0.0863
3354,2,1085.66,7611.96,0.49489,9.98142903292995e-05,1.133049,739.9,0.0865
3355,2,1085.86,7610.71,0.410664,9.981373341104273e-05,1.064343,779.3,0.0821
3356,2,1086.06,7609.52,0.64071,9.981317566054846e-05,1.68206,755.3,0.0847
3357,2,1086.25,7608.31,0.383662,9.981261707782612e-05,1.244537,745.5,0.0858
3358,2,1086.45,7607.12,0.43556,9.981205766288511e-05,1.87125,739.7,0.0865
3359,2,1086.65,7605.93,0.475015,9.981149741573491e-05,1.521681,717.7,0.0892
3360,2,1086.85,7604.71,0.397518,9.981093633638494e-05,1.184294,744.6,0.0859
3361,2,1087.05,7603.52,0.58782,9.98103744248447e-05,1.602696,755.2,0.0847
3362,2,1087.25,7602.33,0.447573,9.980981168112363e-05,1.119291,729.0,0.0878
3363,2,1087.44,7601.11,0.461358,9.980924810523127e-05,1.568656,758.7,0.0844
3364,2,1087.64,7599.92,0.389167,9.980868369717712e-05,1.712314,742.7,0.0862
3365,2,1087.84,7598.71,0.473128,9.98081184569707e-05,2.066725,752.8,0.085
3366,2,1088.04,7597.51,0.48561,9.980755238462155e-05,1.013244,745.3,0.0859
3367,2,1088.24,7596.31,0.436092,9.980698548013922e-05,1.333168,746.2,0.0858
3368,2,1088.43,7595.1,0.462488,9.980641774353329e-05,1.382141,760.2,0.0842
3369,2,1088.63,7593.92,0.596881,9.980584917481331e-05,2.445962,742.4,0.0862
3370,2,1088.83,7592.7,0.441243,9.98052797739889e-05,1.832369,758.5,0.0844
3371,2,1089.02,7591.49,0.595837,9.980470954106968e-05,1.898332,772.3,0.0829
3372,2,1089.22,7590.3,0.572105,9.980413847606526e-05,2.497548,750.7,0.0852
3373,2,1089.41,7589.08,0.402819,9.980356657898526e-05,1.498824,764.1,0.0838
3374,2,1089.61,7587.91,0.458831,9.980299384983937e-05,1.788824,738.5,0.0867
3375,2,1089.81,7586.7,0.382906,9.980242028863722e-05,1.376487,751.8,0.0851
3376,2,1090.01,7585.55,0.359962,9.980184589538851e-05,1.522048,706.4,0.0906
3377,2,1090.21,7584.32,0.522013,9.980127067010291e-05,2.291565,744.3,0.086
3378,2,1090.41,7583.14,0.484417,9.980069461279016e-05,2.296189,731.6,0.0875
3379,2,1090.6,7581.94,0.516112,9.980011772345997e-05,2.987766,754.3,0.0848
3380,2,1090.8,7580.77,0.495558,9.979954000212206e-05,1.724619,732.1,0.0874
3381,2,1091.01,7579.6,0.4222,9.979896144878621e-05,1.639356,739.5,0.0865
3382,2,1091.2,7578.41,0.543194,9.979838206346213e-05,1.999283,756.0,0.0847
3383,2,1091.4,7577.21,0.489895,9.979780184615967e-05,1.784612,758.6,0.0844
3384,2,1091.6,7576.02,0.545448,9.979722079688858e-05,1.817916,755.5,0.0847
3385,2,1091.8,7574.85,0.491797,9.979663891565867e-05,2.360193,736.3,0.0869
3386,2,1091.99,7573.64,0.440774,9.979605620247975e-05,1.959975,765.1,0.0837
3387,2,1092.19,7572.45,0.472283,9.979547265736168e-05,2.348109,757.0,0.0845
3388,2,1092.39,7571.28,0.379859,9.97948882803143e-05,1.192012,738.9,0.0866
3389,2,1092.59,7570.08,0.503353,9.979430307134745e-05,1.43134,754.9,0.0848
3390,2,1092.78,7568.88,0.462376,9.979371703047103e-05,1.849205,761.6,0.084
3391,2,1092.98,7567.72,0.409681,9.979313015769492e-05,0.916146,725.9,0.0882
3392,2,1093.18,7566.51,0.406168,9.979254245302904e-05,1.519261,761.1,0.0841
3393,2,1093.38,7565.35,0.556351,9.979195391648329e-05,1.728098,727.0,0.088
3394,2,1093.57,7564.13,0.401954,9.979136454806759e-05,1.216228,776.2,0.0825
3395,2,1093.77,7562.95,0.446418,9.979077434779192e-05,1.253804,758.0,0.0844
3396,2,1093.97,7561.81,0.602284,9.979018331566623e-05,2.03625,707.9,0.0904
3397,2,1094.17,7560.6,0.484954,9.978959145170048e-05,1.122419,741.9,0.0863
3398,2,1094.37,7559.46,0.463091,9.978899875590468e-05,1.326188,702.1,0.0912
3399,2,1094.56,7558.24,0.372601,9.978840522828882e-05,0.899067,750.3,0.0853
3400,2,1094.76,7557.08,0.524042,9.978781086886291e-05,1.608868,725.3,0.0882
3401,2,1094.96,7555.89,0.449367,9.978721567763699e-05,0.960145,744.0,0.086
3402,2,1095.16,7554.71,0.404359,9.978661965462111e-05,1.038477,747.2,0.0857
3403,2,1095.35,7553.53,0.420006,9.978602279982531e-05,0.974356,747.9,0.0856
3404,2,1095.55,7552.35,0.488042,9.978542511325968e-05,1.309258,747.6,0.0856
3405,2,1095.75,7551.18,0.420069,9.978482659493431e-05,0.901905,745.3,0.0859
3406,2,1095.95,7550.02,0.458532,9.978422724485929e-05,1.679662,734.1,0.0872
3407,2,1096.15,7548.89,0.468138,9.978362706304474e-05,1.596651,688.2,0.093
3408,2,1096.35,7547.67,0.448358,9.978302604950076e-05,1.280172,753.5,0.0849
3409,2,1096.54,7546.5,0.46474,9.978242420423753e-05,1.404842,745.9,0.0858
3410,2,1096.74,7545.33,0.369033,9.97818215272652e-05,0.900679,745.1,0.0859
3411,2,1096.94,7544.16,0.480714,9.978121801859393e-05,1.283121,756.0,0.0847
3412,2,1097.14,7542.99,0.564494,9.978061367823392e-05,2.668764,744.4,0.086
3413,2,1097.34,7541.83,0.353298,9.978000850619537e-05,1.380318,733.7,0.0872
3414,2,1097.54,7540.65,0.457532,9.977940250248846e-05,1.245698,742.0,0.0863
3415,2,1097.73,7539.48,0.458841,9.977879566712346e-05,1.522006,742.5,0.0862
3416,2,1097.93,7538.33,0.390877,9.977818800011058e-05,1.977941,727.5,0.088
3417,2,1098.13,7537.15,0.559294,9.977757950146009e-05,2.105977,740.8,0.0864
3418,2,1098.33,7535.98,0.348807,9.977697017118226e-05,1.001372,739.0,0.0866
3419,2,1098.53,7534.81,0.435931,9.977636000928736e-05,1.185046,738.3,0.0867
3420,2,1098.73,7533.68,0.449049,9.977574901578571e-05,1.877199,699.8,0.0915
3421,2,1098.93,7532.54,0.371687,9.97751371906876e-05,1.910682,694.3,0.0922
3422,2,1099.12,7531.34,0.563882,9.977452453400337e-05,2.641848,741.2,0.0864
3423,2,1099.32,7530.16,0.404617,9.977391104574336e-05,1.56753,741.7,0.0863
3424,2,1099.52,7528.99,0.335491,9.977329672591789e-05,1.013114,753.7,0.0849
3425,2,1099.72,7527.87,0.519918,9.977268157453736e-05,2.187586,701.6,0.0912
3426,2,1099.91,7526.67,0.460974,9.977206559161217e-05,2.286162,750.5,0.0853
3427,2,1100.11,7525.51,0.527493,9.977144877715268e-05,2.020574,739.2,0.0866
3428,2,1100.31,7524.32,0.492288,9.97708311311693e-05,1.605958,771.4,0.083
3429,2,1100.5,7523.16,0.429912,9.977021265367248e-05,1.86564,755.7,0.0847
3430,2,1100.7,7521.99,0.434033,9.976959334467262e-05,1.20942,757.3,0.0845
3431,2,1100.9,7520.84,0.372739,9.97689732041802e-05,1.360708,747.0,0.0857
3432,2,1101.1,7519.67,0.494523,9.976835223220568e-05,1.594107,747.3,0.0856
3433,2,1101.3,7518.51,0.405391,9.976773042875955e-05,1.973506,745.5,0.0858
3434,2,1101.5,7517.41,0.500784,9.976710779385229e-05,2.495511,681.6,0.0939
3435,2,1101.69,7516.21,0.376535,9.97664843274944e-05,1.535315,744.8,0.0859
3436,2,1101.89,7515.07,0.516041,9.976586002969643e-05,3.199822,728.1,0.0879
3437,2,1102.09,7513.91,0.426324,9.97652349004689e-05,2.127122,738.4,0.0867
3438,2,1102.29,7512.74,0.526139,9.976460893982236e-05,1.952113,763.1,0.0839
3439,2,1102.49,7511.63,0.487948,9.976398214776737e-05,2.145101,706.7,0.0906
3440,2,1102.69,7510.45,0.39807,9.97633545243145e-05,2.133429,736.4,0.0869
3441,2,1102.89,7509.32,0.492582,9.976272606947436e-05,2.552801,746.4,0.0857
3442,2,1103.09,7508.17,0.515324,9.976209678325753e-05,2.070191,736.6,0.0869
3443,2,1103.28,7507.01,0.481211,9.976146666567466e-05,1.478286,744.1,0.086
3444,2,1103.48,7505.85,0.489509,9.976083571673638e-05,1.879885,746.9,0.0857
3445,2,1103.68,7504.73,0.518498,9.976020393645333e-05,1.656649,709.2,0.0902
3446,2,1103.88,7503.54,0.369195,9.975957132483617e-05,1.467474,755.7,0.0847
3447,2,1104.07,7502.39,0.504277,9.975893788189559e-05,1.572657,741.7,0.0863
3448,2,1104.28,7501.28,0.566417,9.975830360764226e-05,2.689,687.3,0.0931
3449,2,1104.47,7500.09,0.46312,9.97576685020869e-05,1.931702,741.0,0.0864
3450,2,1104.67,7498.93,0.432114,9.97570325652402e-05,2.504785,751.8,0.0851
3451,2,1104.87,7497.81,0.552681,9.975639579711294e-05,1.560568,728.9,0.0878
3452,2,1105.07,7496.69,0.519,9.975575819771584e-05,1.581995,702.4,0.0911
3453,2,1105.27,7495.53,0.445834,9.975511976705966e-05,1.577383,734.3,0.0872
3454,2,1105.46,7494.37,0.391114,9.975448050515516e-05,1.321803,746.9,0.0857
3455,2,1105.66,7493.23,0.383527,9.975384041201315e-05,1.824901,722.0,0.0886
3456,2,1105.86,7492.06,0.42246,9.975319948764444e-05,1.422502,750.7,0.0853
3457,2,1106.06,7490.92,0.515121,9.975255773205983e-05,2.081151,746.0,0.0858
3458,2,1106.25,7489.74,0.532245,9.975191514527014e-05,1.186328,771.6,0.0829
3459,2,1106.45,7488.6,0.458123,9.975127172728623e-05,1.201014,762.9,0.0839
3460,2,1106.65,7487.49,0.477567,9.975062747811897e-05,1.593959,715.1,0.0895
3461,2,1106.85,7486.36,0.483735,9.97499823977792e-05,1.701918,727.3,0.088
3462,2,1107.05,7485.21,0.436431,9.974933648627784e-05,1.463105,739.2,0.0866
3463,2,1107.25,7484.06,0.55163,9.974868974362578e-05,1.868769,741.1,0.0864
3464,2,1107.44,7482.92,0.39037,9.97480421698339e-05,1.657885,749.9,0.0853
3465,2,1107.64,7481.77,0.383925,9.974739376491319e-05,1.612664,758.0,0.0844
3466,2,1107.84,7480.62,0.51374,9.974674452887455e-05,2.504882,750.7,0.0853
3467,2,1108.04,7479.48,0.562439,9.974609446172896e-05,2.79067,753.4,0.0849
3468,2,1108.24,7478.39,0.50379,9.974544356348737e-05,1.784636,682.3,0.0938
3469,2,1108.43,7477.22,0.458723,9.974479183416078e-05,2.004792,746.6,0.0857
3470,2,1108.64,7476.15,0.470443,9.974413927376018e-05,1.747756,675.7,0.0947
3471,2,1108.84,7474.98,0.478726,9.974348588229659e-05,1.289178,737.6,0.0868
3472,2,1109.04,7473.88,0.495468,9.974283165978104e-05,1.549554,716.0,0.0894
3473,2,1109.23,7472.72,0.457591,9.974217660622455e-05,1.520034,751.4,0.0852
3474,2,1109.44,7471.64,0.427058,9.974152072163819e-05,1.448616,703.0,0.091
3475,2,1109.64,7470.53,0.481045,9.974086400603305e-05,1.287583,690.1,0.0927
3476,2,1109.84,7469.38,0.505472,9.974020645942016e-05,1.468439,751.9,0.0851
3477,2,1110.04,7468.28,0.409345,9.973954808181068e-05,1.357782,710.0,0.0901
3478,2,1110.24,7467.15,0.424867,9.973888887321567e-05,1.436171,704.9,0.0908
3479,2,1110.44,7465.99,0.362394,9.973822883364629e-05,1.62155,730.9,0.0876
3480,2,1110.64,7464.88,0.479572,9.973756796311364e-05,1.673078,714.0,0.0896
3481,2,1110.83,7463.75,0.492548,9.973690626162891e-05,1.654973,749.6,0.0854
3482,2,1111.03,7462.61,0.480069,9.973624372920326e-05,2.177392,762.1,0.084
3483,2,1111.23,7461.5,0.391075,9.973558036584786e-05,1.361106,736.1,0.0869
3484,2,1111.43,7460.38,0.457424,9.973491617157391e-05,1.636352,723.0,0.0885
3485,2,1111.63,7459.24,0.460306,9.973425114639261e-05,1.456825,745.8,0.0858
3486,2,1111.83,7458.1,0.530272,9.97335852903152e-05,1.589967,752.8,0.085
3487,2,1112.03,7457.0,0.495103,9.973291860335292e-05,1.650163,715.4,0.0895
3488,2,1112.22,7455.84,0.412521,9.9732251085517e-05,1.786571,755.5,0.0847
3489,2,1112.42,7454.71,0.379033,9.973158273681872e-05,1.340886,755.3,0.0847
3490,2,1112.62,7453.61,0.438664,9.973091355726935e-05,1.459819,723.2,0.0885
3491,2,1112.82,7452.49,0.521174,9.973024354688018e-05,2.285517,743.2,0.0861
3492,2,1113.02,7451.37,0.397867,9.972957270566254e-05,1.756449,748.2,0.0855
3493,2,1113.22,7450.24,0.367352,9.972890103362773e-05,1.134963,754.5,0.0848
3494,2,1113.42,7449.15,0.499356,9.972822853078709e-05,1.688872,725.4,0.0882
3495,2,1113.62,7448.05,0.411315,9.972755519715198e-05,1.604904,712.2,0.0899
3496,2,1113.82,7446.9,0.52645,9.972688103273375e-05,1.607481,740.9,0.0864
3497,2,1114.01,7445.76,0.403114,9.972620603754378e-05,1.928995,765.9,0.0836
3498,2,1114.21,7444.64,0.441756,9.972553021159347e-05,1.158496,757.4,0.0845
3499,2,1114.41,7443.52,0.380018,9.972485355489421e-05,1.493282,739.5,0.0865
3500,2,1114.61,7442.42,0.53369,9.972417606745743e-05,2.022297,719.4,0.089
3501,2,1114.81,7441.31,0.450669,9.972349774929457e-05,1.38267,756.0,0.0847
3502,2,1115.01,7440.19,0.450702,9.972281860041707e-05,1.600152,736.9,0.0869
3503,2,1115.21,7439.07,0.495809,9.97221386208364e-05,1.660228,734.1,0.0872
3504,2,1115.41,7437.95,0.592933,9.972145781056404e-05,1.817318,742.4,0.0862
3505,2,1115.61,7436.86,0.465404,9.972077616961144e-05,1.442353,720.4,0.0888
3506,2,1115.8,7435.72,0.541127,9.972009369799015e-05,1.717422,749.1,0.0854
3507,2,1116.0,7434.61,0.457129,9.971941039571166e-05,2.27917,745.7,0.0858
3508,2,1116.2,7433.48,0.403058,9.971872626278754e-05,1.407152,749.8,0.0854
3509,2,1116.4,7432.38,0.446465,9.971804129922929e-05,1.568049,733.7,0.0872
3510,2,1116.6,7431.3,0.456297,9.971735550504848e-05,1.44284,704.5,0.0908
3511,2,1116.8,7430.18,0.550944,9.971666888025669e-05,1.828736,719.1,0.089
3512,2,1117.0,7429.05,0.521242,9.971598142486549e-05,1.993769,750.2,0.0853
3513,2,1117.2,7427.93,0.466129,9.971529313888651e-05,1.760264,749.4,0.0854
3514,2,1117.39,7426.81,0.422445,9.971460402233137e-05,1.619894,757.5,0.0845
3515,2,1117.6,7425.75,0.365936,9.971391407521167e-05,1.431276,700.7,0.0913
3516,2,1117.8,7424.66,0.451443,9.971322329753908e-05,1.528995,690.3,0.0927
3517,2,1117.99,7423.51,0.432453,9.971253168932524e-05,1.289944,742.1,0.0862
3518,2,1118.19,7422.4,0.418905,9.971183925058181e-05,1.22542,748.8,0.0855
3519,2,1118.4,7421.33,0.468839,9.971114598132052e-05,1.565576,695.7,0.092
3520,2,1118.6,7420.28,0.365088,9.971045188155302e-05,1.392871,646.5,0.099
3521,2,1118.8,7419.18,0.389934,9.970975695129107e-05,1.292147,705.6,0.0907
3522,2,1119.0,7418.04,0.473216,9.970906119054635e-05,2.456795,752.2,0.0851
3523,2,1119.2,7416.93,0.304281,9.970836459933065e-05,1.217146,745.7,0.0858
3524,2,1119.39,7415.81,0.451168,9.97076671776557e-05,1.892684,768.8,0.0833
3525,2,1119.59,7414.73,0.619039,9.970696892553327e-05,1.895811,731.0,0.0875
3526,2,1119.79,7413.62,0.517485,9.970626984297515e-05,1.840191,761.4,0.0841
3527,2,1119.99,7412.53,0.447698,9.970556992999314e-05,1.709501,741.2,0.0863
3528,2,1120.19,7411.42,0.429907,9.970486918659906e-05,1.905687,750.5,0.0853
3529,2,1120.39,7410.31,0.584831,9.97041676128047e-05,2.897864,746.2,0.0858
3530,2,1120.59,7409.23,0.608858,9.970346520862195e-05,1.465145,725.8,0.0882
3531,2,1120.79,7408.12,0.456632,9.970276197406262e-05,1.568811,740.7,0.0864
3532,2,1120.98,7407.0,0.493431,9.97020579091386e-05,1.294041,762.3,0.084
3533,2,1121.18,7405.88,0.544417,9.970135301386177e-05,1.81691,777.3,0.0823
3534,2,1121.38,7404.8,0.554829,9.970064728824401e-05,1.132221,746.5,0.0857
3535,2,1121.58,7403.72,0.499936,9.969994073229725e-05,1.28104,727.4,0.088
3536,2,1121.78,7402.61,0.483186,9.969923334603341e-05,1.009792,747.9,0.0856
3537,2,1121.98,7401.49,0.481716,9.969852512946443e-05,1.447855,755.7,0.0847
3538,2,1122.18,7400.41,0.42427,9.969781608260224e-05,1.11034,734.9,0.0871
3539,2,1122.37,7399.29,0.575029,9.969710620545885e-05,1.25988,750.2,0.0853
3540,2,1122.58,7398.24,0.446256,9.969639549804621e-05,1.370313,688.7,0.0929
3541,2,1122.78,7397.13,0.494009,9.96956839603763e-05,1.161235,775.3,0.0826
3542,2,1122.98,7396.05,0.55653,9.969497159246116e-05,1.325033,746.0,0.0858
3543,2,1123.17,7394.93,0.560227,9.969425839431281e-05,1.649372,762.6,0.0839
3544,2,1123.37,7393.84,0.426435,9.969354436594326e-05,1.455041,752.1,0.0851
3545,2,1123.58,7392.82,0.528224,9.969282950736456e-05,1.107253,653.1,0.098
3546,2,1123.77,7391.64,0.469115,9.969211381858882e-05,1.10158,767.1,0.0834
3547,2,1123.97,7390.57,0.458634,9.969139729962808e-05,1.465599,753.7,0.0849
3548,2,1124.17,7389.47,0.483157,9.969067995049443e-05,1.214973,758.5,0.0844
3549,2,1124.37,7388.39,0.455468,9.96899617712e-05,1.862154,738.1,0.0867
3550,2,1124.57,7387.34,0.343071,9.968924276175688e-05,1.289258,688.9,0.0929
3551,2,1124.77,7386.24,0.478596,9.968852292217724e-05,1.365826,748.7,0.0855
3552,2,1124.97,7385.15,0.433111,9.968780225247319e-05,1.857593,748.6,0.0855
3553,2,1125.17,7384.06,0.481623,9.968708075265693e-05,2.400712,742.6,0.0862
3554,2,1125.37,7382.97,0.504644,9.968635842274062e-05,2.796452,742.0,0.0863
3555,2,1125.57,7381.9,0.585993,9.968563526273644e-05,1.810166,717.3,0.0892
3556,2,1125.76,7380.79,0.380916,9.96849112726566e-05,1.299168,766.9,0.0835
3557,2,1125.96,7379.69,0.534795,9.968418645251332e-05,2.435716,768.1,0.0833
3558,2,1126.16,7378.59,0.521383,9.968346080231883e-05,2.052243,776.1,0.0825
3559,2,1126.36,7377.5,0.420077,9.96827343220854e-05,1.358952,769.6,0.0832
3560,2,1126.56,7376.46,0.569835,9.968200701182524e-05,1.692222,716.1,0.0894
3561,2,1126.76,7375.39,0.415758,9.968127887155067e-05,1.608316,754.5,0.0848
3562,2,1126.96,7374.29,0.547317,9.968054990127397e-05,1.516802,760.4,0.0842
3563,2,1127.16,7373.21,0.439326,9.967982010100743e-05,1.577383,757.1,0.0845
3564,2,1127.36,7372.13,0.530381,9.967908947076336e-05,2.113836,735.0,0.0871
3565,2,1127.57,7371.09,0.489833,9.967835801055412e-05,1.420205,701.3,0.0913
3566,2,1127.76,7369.99,0.573631,9.967762572039202e-05,1.840247,747.1,0.0857
3567,2,1127.96,7368.88,0.475574,9.967689260028944e-05,1.571878,776.4,0.0824
3568,2,1128.16,7367.81,0.420061,9.967615865025876e-05,1.556134,758.1,0.0844
3569,2,1128.36,7366.73,0.487772,9.967542387031233e-05,1.138116,750.0,0.0853
3570,2,1128.57,7365.73,0.421525,9.967468826046259e-05,1.362321,649.4,0.0986
3571,2,1128.76,7364.59,0.423227,9.967395182072194e-05,1.213394,731.9,0.0874
3572,2,1128.96,7363.5,0.486299,9.96732145511028e-05,1.642666,746.6,0.0857
3573,2,1129.15,7362.41,0.557793,9.967247645161762e-05,1.933992,734.8,0.0871
3574,2,1129.35,7361.33,0.35044,9.967173752227887e-05,1.086026,732.4,0.0874
3575,2,1129.56,7360.28,0.364099,9.967099776309899e-05,1.196989,688.9,0.0929
3576,2,1129.75,7359.17,0.347173,9.967025717409048e-05,1.126039,735.5,0.087
3577,2,1129.95,7358.07,0.527653,9.966951575526584e-05,1.599532,764.4,0.0837
3578,2,1130.14,7356.99,0.536443,9.966877350663759e-05,1.90313,751.8,0.0851
3579,2,1130.35,7355.93,0.454166,9.966803042821824e-05,2.507017,724.9,0.0883
3580,2,1130.55,7354.89,0.46992,9.966728652002035e-05,1.76364,691.1,0.0926
3581,2,1130.75,7353.85,0.50913,9.966654178205645e-05,2.064562,721.5,0.0887
3582,2,1130.95,7352.77,0.455637,9.966579621433915e-05,2.124631,763.5,0.0838
3583,2,1131.15,7351.67,0.550896,9.966504981688097e-05,1.663157,778.2,0.0822
3584,2,1131.35,7350.62,0.364049,9.966430258969455e-05,1.081696,732.3,0.0874
3585,2,1131.55,7349.55,0.348309,9.966355453279249e-05,1.234505,725.1,0.0883
3586,2,1131.75,7348.46,0.55201,9.966280564618743e-05,1.971412,755.6,0.0847
3587,2,1131.94,7347.37,0.381224,9.966205592989198e-05,1.462005,757.0,0.0845
3588,2,1132.14,7346.29,0.47927,9.966130538391882e-05,1.547164,757.0,0.0845
3589,2,1132.34,7345.21,0.481923,9.966055400828061e-05,2.677411,756.4,0.0846
3590,2,1132.54,7344.17,0.426045,9.965980180299e-05,1.998064,714.9,0.0895
3591,2,1132.74,7343.07,0.41776,9.965904876805972e-05,1.401383,758.1,0.0844
3592,2,1132.93,7342.0,0.512294,9.965829490350247e-05,1.763819,764.8,0.0837
3593,2,1133.13,7340.91,0.650458,9.965754020933096e-05,2.394134,777.1,0.0824
3594,2,1133.33,7339.83,0.541487,9.965678468555793e-05,1.611305,778.1,0.0823
3595,2,1133.54,7338.83,0.522669,9.965602833219614e-05,1.303769,704.3,0.0909
3596,2,1133.73,7337.73,0.497257,9.965527114925835e-05,2.039222,764.1,0.0838
3597,2,1133.93,7336.66,0.474348,9.965451313675735e-05,1.522962,756.4,0.0846
3598,2,1134.13,7335.59,0.446345,9.965375429470591e-05,1.236448,750.2,0.0853
3599,2,1134.32,7334.5,0.496543,9.965299462311686e-05,1.610724,771.0,0.083
3600,2,1134.53,7333.45,0.533475,9.9652234122003e-05,1.590837,731.6,0.0875
3601,2,1176.27,7600.83,0.439029,9.965147279137716e-05,1.349013,630.5,0.1015
3602,2,1176.5,7599.87,0.500094,9.965071063125223e-05,1.372677,703.9,0.0909
3603,2,1176.69,7598.66,0.569435,9.964994764164103e-05,1.93095,758.1,0.0844
3604,2,1176.89,7597.51,0.404677,9.964918382255644e-05,1.019753,730.2,0.0877
3605,2,1177.08,7596.35,0.576428,9.964841917401137e-05,1.40778,733.7,0.0872
3606,2,1177.28,7595.19,0.454953,9.964765369601872e-05,1.149855,748.9,0.0855
3607,2,1177.48,7594.03,0.545383,9.96468873885914e-05,1.904585,748.2,0.0855
3608,2,1177.67,7592.83,0.403694,9.964612025174235e-05,1.090974,781.2,0.0819
3609,2,1177.87,7591.69,0.449252,9.964535228548451e-05,1.133458,741.2,0.0863
3610,2,1178.06,7590.51,0.473558,9.964458348983084e-05,1.60854,776.9,0.0824
3611,2,1178.26,7589.34,0.422717,9.964381386479433e-05,1.138534,774.2,0.0827
3612,2,1178.46,7588.2,0.387386,9.964304341038795e-05,1.160738,751.7,0.0851
3613,2,1178.65,7587.04,0.436401,9.964227212662472e-05,1.275638,748.9,0.0855
3614,2,1178.85,7585.88,0.428102,9.964150001351764e-05,1.893207,755.6,0.0847
3615,2,1179.05,7584.71,0.431428,9.964072707107974e-05,1.831852,777.5,0.0823
3616,2,1179.24,7583.55,0.51241,9.963995329932406e-05,1.543603,773.5,0.0827
3617,2,1179.44,7582.41,0.364823,9.963917869826368e-05,1.52083,748.9,0.0855
3618,2,1179.64,7581.26,0.579362,9.963840326791166e-05,2.187706,745.4,0.0859
3619,2,1179.84,7580.1,0.421722,9.963762700828109e-05,2.512038,761.6,0.084
3620,2,1180.03,7578.95,0.395666,9.963684991938505e-05,2.33083,751.0,0.0852
3621,2,1180.24,7577.84,0.605833,9.96360720012367e-05,2.653468,732.8,0.0873
3622,2,1180.44,7576.69,0.549248,9.963529325384913e-05,1.960939,743.2,0.0861
3623,2,1180.63,7575.53,0.509976,9.963451367723549e-05,1.603643,770.0,0.0831
3624,2,1180.83,7574.38,0.444235,9.963373327140894e-05,2.145604,753.3,0.085
3625,2,1181.02,7573.21,0.462662,9.963295203638267e-05,1.690029,776.2,0.0824
3626,2,1181.22,7572.08,0.511756,9.963216997216984e-05,1.52008,740.8,0.0864
3627,2,1181.42,7570.93,0.530873,9.963138707878363e-05,1.322614,745.6,0.0858
3628,2,1181.62,7569.77,0.557077,9.963060335623729e-05,1.454521,761.1,0.0841
3629,2,1181.81,7568.61,0.389056,9.962981880454404e-05,1.666795,764.7,0.0837
3630,2,1182.01,7567.5,0.459129,9.962903342371713e-05,1.684938,718.7,0.089
3631,2,1182.21,7566.32,0.38504,9.962824721376978e-05,1.022374,762.9,0.0839
3632,2,1182.4,7565.16,0.517932,9.962746017471527e-05,1.416969,768.1,0.0833
3633,2,1182.6,7564.03,0.505951,9.962667230656689e-05,1.727441,731.1,0.0875
3634,2,1182.8,7562.86,0.388285,9.962588360933794e-05,1.428475,764.9,0.0837
3635,2,1182.99,7561.71,0.42017,9.962509408304171e-05,1.233528,765.5,0.0836
3636,2,1183.19,7560.56,0.489522,9.962430372769155e-05,1.840599,759.3,0.0843
3637,2,1183.39,7559.41,0.447508,9.962351254330077e-05,1.172083,766.7,0.0835
3638,2,1183.58,7558.28,0.353176,9.962272052988276e-05,1.670092,750.0,0.0853
3639,2,1183.78,7557.13,0.433848,9.962192768745087e-05,1.624647,757.8,0.0845
3640,2,1183.98,7555.99,0.536848,9.962113401601846e-05,1.848383,744.8,0.0859
3641,2,1184.18,7554.87,0.46574,9.962033951559894e-05,1.770079,747.0,0.0857
3642,2,1184.38,7553.74,0.505866,9.961954418620574e-05,1.756474,754.5,0.0848
3643,2,1184.58,7552.62,0.436014,9.961874802785225e-05,1.755656,738.1,0.0867
3644,2,1184.78,7551.48,0.471187,9.96179510405519e-05,1.326016,757.5,0.0845
3645,2,1184.97,7550.34,0.49499,9.961715322431817e-05,1.772877,759.0,0.0843
3646,2,1185.17,7549.19,0.512193,9.961635457916451e-05,1.958614,767.7,0.0834
3647,2,1185.37,7548.06,0.52042,9.961555510510441e-05,2.027642,753.9,0.0849
3648,2,1185.56,7546.93,0.438296,9.961475480215134e-05,1.55593,751.8,0.0851
3649,2,1185.76,7545.78,0.50235,9.961395367031882e-05,1.55109,759.2,0.0843
3650,2,1185.96,7544.63,0.457258,9.961315170962038e-05,1.745569,780.7,0.082
3651,2,1186.15,7543.49,0.56356,9.961234892006954e-05,2.247059,770.2,0.0831
3652,2,1186.35,7542.37,0.426133,9.961154530167985e-05,1.414703,760.6,0.0841
3653,2,1186.55,7541.25,0.416969,9.961074085446487e-05,1.36279,732.4,0.0874
3654,2,1186.75,7540.1,0.381707,9.960993557843817e-05,1.377308,753.6,0.0849
3655,2,1186.95,7538.99,0.488788,9.960912947361336e-05,1.66332,725.5,0.0882
3656,2,1187.14,7537.83,0.534774,9.960832254000404e-05,1.491515,754.9,0.0848
3657,2,1187.34,7536.7,0.504135,9.960751477762382e-05,1.2074,754.7,0.0848
3658,2,1187.54,7535.57,0.563124,9.960670618648632e-05,1.446054,750.7,0.0853
3659,2,1187.73,7534.43,0.450437,9.960589676660521e-05,1.387837,760.2,0.0842
3660,2,1187.93,7533.32,0.345872,9.960508651799414e-05,1.048046,739.6,0.0865
3661,2,1188.13,7532.2,0.418062,9.960427544066679e-05,1.26879,763.1,0.0839
3662,2,1188.33,7531.06,0.533773,9.960346353463684e-05,1.453235,764.2,0.0837
3663,2,1188.53,7529.95,0.503556,9.9602650799918e-05,1.294459,728.5,0.0879
3664,2,1188.72,7528.81,0.395694,9.960183723652396e-05,1.189954,742.5,0.0862
3665,2,1188.92,7527.68,0.536182,9.960102284446849e-05,2.092646,747.1,0.0857
3666,2,1189.12,7526.56,0.486555,9.960020762376529e-05,1.946873,730.9,0.0876
3667,2,1189.32,7525.43,0.507338,9.959939157442816e-05,1.261476,742.0,0.0863
3668,2,1189.51,7524.3,0.483176,9.959857469647085e-05,1.080132,748.6,0.0855
3669,2,1189.71,7523.16,0.561965,9.959775698990715e-05,1.747371,760.4,0.0842
3670,2,1189.91,7522.04,0.390514,9.959693845475087e-05,1.213971,745.3,0.0859
3671,2,1190.11,7520.91,0.43443,9.95961190910158e-05,1.005826,766.5,0.0835
3672,2,1190.31,7519.81,0.444203,9.959529889871578e-05,1.546427,736.3,0.0869
3673,2,1190.5,7518.68,0.522698,9.959447787786465e-05,2.775672,752.2,0.0851
3674,2,1190.7,7517.57,0.408785,9.959365602847629e-05,1.564887,736.6,0.0869
3675,2,1190.9,7516.45,0.387399,9.959283335056454e-05,1.478601,739.2,0.0866
3676,2,1191.1,7515.32,0.397678,9.95920098441433e-05,1.187978,757.6,0.0845
3677,2,1191.3,7514.22,0.442935,9.959118550922646e-05,1.531226,722.9,0.0885
3678,2,1191.49,7513.08,0.5157,9.959036034582792e-05,2.285145,746.2,0.0858
3679,2,1191.69,7511.96,0.571027,9.958953435396163e-05,2.050645,750.7,0.0852
3680,2,1191.89,7510.83,0.489117,9.958870753364152e-05,1.449226,757.1,0.0845
3681,2,1192.09,7509.77,0.52943,9.958787988488154e-05,1.843429,704.3,0.0909
3682,2,1192.28,7508.61,0.393471,9.958705140769567e-05,1.925928,759.2,0.0843
3683,2,1192.48,7507.5,0.454386,9.958622210209785e-05,1.108499,746.7,0.0857
3684,2,1192.68,7506.37,0.399198,9.958539196810213e-05,2.249414,758.2,0.0844
3685,2,1192.88,7505.3,0.498061,9.95845610057225e-05,1.833607,701.7,0.0912
3686,2,1193.08,7504.17,0.447412,9.958372921497296e-05,1.256398,720.2,0.0889
3687,2,1193.27,7503.02,0.476035,9.958289659586759e-05,1.683178,757.3,0.0845
3688,2,1193.47,7501.91,0.5061,9.958206314842041e-05,1.557585,749.0,0.0854
3689,2,1193.67,7500.79,0.537571,9.958122887264551e-05,1.017542,740.3,0.0864
3690,2,1193.86,7499.66,0.411582,9.958039376855694e-05,1.227199,764.0,0.0838
3691,2,1194.07,7498.58,0.454191,9.957955783616881e-05,1.389247,736.1,0.087
3692,2,1194.26,7497.47,0.568243,9.957872107549523e-05,2.633919,743.4,0.0861
3693,2,1194.46,7496.36,0.512932,9.957788348655032e-05,1.300704,749.4,0.0854
3694,2,1194.66,7495.25,0.436382,9.95770450693482e-05,1.320982,747.1,0.0857
3695,2,1194.86,7494.16,0.400999,9.957620582390303e-05,1.224939,721.2,0.0887
3696,2,1195.06,7493.06,0.591788,9.9575365750229e-05,1.908564,735.1,0.0871
3697,2,1195.26,7491.94,0.306562,9.957452484834024e-05,0.901322,755.4,0.0847
3698,2,1195.47,7490.9,0.48541,9.957368311825098e-05,1.79856,684.1,0.0935
3699,2,1195.66,7489.75,0.451887,9.957284055997541e-05,1.083058,740.4,0.0864
3700,2,1195.85,7488.63,0.44256,9.957199717352774e-05,1.559225,748.5,0.0855
3701,2,1196.06,7487.57,0.429474,9.95711529589222e-05,2.055093,724.8,0.0883
3702,2,1196.25,7486.43,0.516818,9.957030791617308e-05,1.62161,761.4,0.0841
3703,2,1196.45,7485.32,0.575783,9.95694620452946e-05,1.470257,762.2,0.084
3704,2,1196.65,7484.21,0.471,9.956861534630103e-05,1.036965,755.2,0.0848
3705,2,1196.84,7483.1,0.555387,9.95677678192067e-05,2.079779,763.7,0.0838
3706,2,1197.04,7481.99,0.42973,9.956691946402586e-05,1.265904,768.4,0.0833
3707,2,1197.24,7480.89,0.49309,9.956607028077288e-05,1.638878,757.7,0.0845
3708,2,1197.44,7479.77,0.541935,9.956522026946205e-05,1.501436,758.5,0.0844
3709,2,1197.63,7478.67,0.457066,9.956436943010776e-05,2.09979,756.2,0.0846
3710,2,1197.83,7477.55,0.453338,9.956351776272432e-05,1.176918,769.0,0.0832
3711,2,1198.03,7476.46,0.447765,9.956266526732614e-05,1.729673,751.8,0.0851
3712,2,1198.23,7475.39,0.454934,9.956181194392758e-05,2.075239,718.4,0.0891
3713,2,1198.43,7474.31,0.506024,9.956095779254306e-05,1.00823,695.0,0.0921
3714,2,1198.62,7473.16,0.452833,9.956010281318698e-05,1.476079,763.6,0.0838
3715,2,1198.82,7472.07,0.623546,9.955924700587378e-05,1.563258,741.9,0.0863
3716,2,1199.02,7470.98,0.476996,9.95583903706179e-05,1.089087,733.3,0.0873
3717,2,1199.22,7469.86,0.41066,9.95575329074338e-05,1.887086,754.4,0.0848
3718,2,1199.42,7468.77,0.520872,9.955667461633592e-05,2.143652,745.9,0.0858
3719,2,1199.61,7467.66,0.597338,9.955581549733878e-05,1.470533,757.8,0.0845
3720,2,1199.81,7466.56,0.453434,9.95549555504569e-05,1.584339,755.8,0.0847
3721,2,1200.01,7465.47,0.516584,9.955409477570476e-05,1.904174,764.7,0.0837
3722,2,1200.21,7464.41,0.425476,9.955323317309687e-05,1.55402,713.3,0.0897
3723,2,1200.41,7463.28,0.457064,9.95523707426478e-05,1.346487,745.9,0.0858
3724,2,1200.6,7462.18,0.415793,9.955150748437211e-05,1.158581,754.2,0.0849
3725,2,1200.8,7461.08,0.449225,9.955064339828434e-05,1.256616,755.2,0.0847
3726,2,1201.0,7459.98,0.498242,9.954977848439909e-05,1.701078,763.4,0.0838
3727,2,1201.2,7458.93,0.464818,9.954891274273094e-05,1.177017,709.1,0.0903
3728,2,1201.39,7457.79,0.510752,9.954804617329452e-05,2.125285,764.4,0.0837
3729,2,1201.59,7456.7,0.412957,9.954717877610446e-05,1.188836,759.4,0.0843
3730,2,1201.79,7455.62,0.391431,9.954631055117538e-05,1.475297,741.4,0.0863
3731,2,1201.99,7454.53,0.462335,9.954544149852196e-05,2.098799,740.3,0.0864
3732,2,1202.19,7453.42,0.443628,9.954457161815883e-05,1.678949,766.3,0.0835
3733,2,1202.39,7452.34,0.427036,9.954370091010068e-05,1.744643,734.9,0.0871
3734,2,1202.58,7451.25,0.566528,9.954282937436223e-05,1.766333,736.0,0.087
3735,2,1202.78,7450.14,0.566487,9.954195701095814e-05,1.983131,761.1,0.0841
3736,2,1202.98,7449.07,0.435198,9.95410838199032e-05,1.331429,727.8,0.0879
3737,2,1203.18,7448.0,0.425637,9.954020980121207e-05,1.152747,697.6,0.0917
3738,2,1203.37,7446.87,0.318729,9.953933495489956e-05,1.609663,754.9,0.0848
3739,2,1203.57,7445.78,0.481518,9.953845928098042e-05,1.958645,745.5,0.0858
3740,2,1203.77,7444.7,0.372454,9.95375827794694e-05,1.793703,758.9,0.0843
3741,2,1203.97,7443.62,0.524968,9.953670545038132e-05,2.151956,759.6,0.0843
3742,2,1204.17,7442.53,0.42958,9.953582729373097e-05,1.294008,750.3,0.0853
3743,2,1204.36,7441.43,0.396321,9.95349483095332e-05,1.358208,771.9,0.0829
3744,2,1204.56,7440.35,0.383076,9.953406849780282e-05,1.386283,760.5,0.0842
3745,2,1204.76,7439.26,0.485274,9.953318785855468e-05,2.044088,760.0,0.0842
3746,2,1204.95,7438.17,0.401608,9.953230639180365e-05,1.673056,759.0,0.0843
3747,2,1205.16,7437.1,0.498953,9.95314240975646e-05,2.369343,723.4,0.0885
3748,2,1205.35,7435.99,0.419222,9.95305409758524e-05,1.206982,756.8,0.0846
3749,2,1205.55,7434.93,0.462116,9.952965702668199e-05,1.572664,735.0,0.0871
3750,2,1205.75,7433.82,0.408258,9.952877225006825e-05,1.786447,768.7,0.0833
3751,2,1205.95,7432.76,0.373629,9.952788664602617e-05,1.650352,740.8,0.0864
3752,2,1206.14,7431.67,0.420271,9.952700021457063e-05,1.176813,749.9,0.0853
3753,2,1206.34,7430.59,0.483673,9.952611295571662e-05,1.900497,754.6,0.0848
3754,2,1206.55,7429.57,0.488268,9.952522486947914e-05,1.618579,682.5,0.0938
3755,2,1206.74,7428.44,0.50076,9.952433595587312e-05,1.611519,741.5,0.0863
3756,2,1206.94,7427.36,0.330246,9.952344621491361e-05,1.980878,741.8,0.0863
3757,2,1207.14,7426.28,0.314577,9.952255564661559e-05,1.677926,745.6,0.0858
3758,2,1207.34,7425.21,0.518502,9.952166425099412e-05,1.86114,737.2,0.0868
3759,2,1207.53,7424.12,0.369511,9.952077202806424e-05,1.685395,759.6,0.0843
3760,2,1207.73,7423.05,0.418263,9.951987897784097e-05,1.806075,749.0,0.0855
3761,2,1207.94,7422.02,0.487459,9.951898510033943e-05,1.712256,714.1,0.0896
3762,2,1208.13,7420.91,0.287909,9.951809039557467e-05,1.030533,756.8,0.0846
3763,2,1208.33,7419.85,0.377948,9.951719486356181e-05,1.233285,738.0,0.0867
3764,2,1208.53,7418.76,0.579785,9.951629850431597e-05,2.063142,755.7,0.0847
3765,2,1208.73,7417.7,0.45878,9.951540131785225e-05,2.413023,733.5,0.0873
3766,2,1208.92,7416.61,0.471092,9.951450330418581e-05,1.405578,756.1,0.0846
3767,2,1209.12,7415.52,0.46744,9.95136044633318e-05,1.743393,769.3,0.0832
3768,2,1209.32,7414.44,0.439545,9.951270479530539e-05,1.381601,765.6,0.0836
3769,2,1209.52,7413.38,0.440518,9.951180430012177e-05,1.34638,747.1,0.0857
3770,2,1209.71,7412.29,0.595185,9.951090297779613e-05,1.97507,759.1,0.0843
3771,2,1209.91,7411.21,0.48273,9.951000082834367e-05,1.333717,761.9,0.084
3772,2,1210.1,7410.12,0.383242,9.950909785177963e-05,1.227581,775.5,0.0825
3773,2,1210.3,7409.04,0.531502,9.950819404811927e-05,1.746144,764.8,0.0837
3774,2,1210.5,7407.96,0.418987,9.95072894173778e-05,1.740937,775.2,0.0826
3775,2,1210.69,7406.89,0.391884,9.95063839595705e-05,1.358418,765.9,0.0836
3776,2,1210.89,7405.82,0.523512,9.950547767471267e-05,1.588217,754.5,0.0848
3777,2,1211.09,7404.76,0.382481,9.950457056281958e-05,1.087945,723.4,0.0885
3778,2,1211.29,7403.66,0.438123,9.950366262390655e-05,1.198139,758.4,0.0844
3779,2,1211.49,7402.59,0.538629,9.95027538579889e-05,1.603393,746.0,0.0858
3780,2,1211.68,7401.51,0.543952,9.950184426508198e-05,1.712847,768.7,0.0833
3781,2,1211.88,7400.46,0.525518,9.950093384520114e-05,1.235639,759.9,0.0842
3782,2,1212.08,7399.41,0.51024,9.950002259836172e-05,1.525773,741.0,0.0864
3783,2,1212.28,7398.33,0.438691,9.94991105245791e-05,1.434077,755.7,0.0847
3784,2,1212.48,7397.26,0.446091,9.949819762386869e-05,1.453893,755.2,0.0847
3785,2,1212.68,7396.2,0.571856,9.94972838962459e-05,1.843067,738.8,0.0866
3786,2,1212.87,7395.14,0.488525,9.949636934172613e-05,1.463558,748.2,0.0855
3787,2,1213.07,7394.07,0.507082,9.949545396032485e-05,1.249065,751.7,0.0851
3788,2,1213.27,7393.01,0.537088,9.949453775205748e-05,1.261792,756.8,0.0846
3789,2,1213.47,7391.94,0.371698,9.949362071693947e-05,1.513488,760.8,0.0841
3790,2,1213.67,7390.87,0.27529,9.949270285498633e-05,1.328287,762.7,0.0839
3791,2,1213.86,7389.8,0.342083,9.949178416621353e-05,1.092625,762.2,0.084
3792,2,1214.06,7388.75,0.349769,9.949086465063658e-05,1.262936,742.6,0.0862
3793,2,1214.26,7387.68,0.485837,9.948994430827099e-05,1.401094,753.4,0.0849
3794,2,1214.46,7386.62,0.506414,9.94890231391323e-05,1.79409,743.7,0.0861
3795,2,1214.65,7385.54,0.411484,9.948810114323606e-05,1.226511,758.2,0.0844
3796,2,1214.85,7384.47,0.491152,9.948717832059784e-05,1.59391,766.8,0.0835
3797,2,1215.05,7383.42,0.526335,9.948625467123316e-05,2.631359,750.8,0.0852
3798,2,1215.25,7382.35,0.436809,9.948533019515766e-05,1.382394,761.7,0.084
3799,2,1215.45,7381.3,0.417685,9.948440489238694e-05,2.052298,747.3,0.0856
3800,2,1215.65,7380.25,0.409346,9.94834787629366e-05,1.124217,724.8,0.0883
3801,2,1215.84,7379.18,0.448466,9.948255180682226e-05,2.011261,769.0,0.0832
3802,2,1216.04,7378.13,0.349757,9.948162402405959e-05,1.641931,764.4,0.0837
3803,2,1216.24,7377.08,0.45082,9.948069541466424e-05,1.584461,757.0,0.0845
3804,2,1216.44,7376.03,0.464487,9.947976597865186e-05,1.635756,731.3,0.0875
3805,2,1216.64,7374.96,0.442794,9.947883571603816e-05,1.929658,753.8,0.0849
3806,2,1216.84,7373.91,0.366869,9.947790462683883e-05,1.155458,742.9,0.0861
3807,2,1217.03,7372.84,0.341831,9.947697271106959e-05,1.393681,759.0,0.0843
3808,2,1217.23,7371.8,0.517328,9.947603996874616e-05,2.002323,747.6,0.0856
3809,2,1217.43,7370.72,0.431015,9.947510639988427e-05,1.861955,777.0,0.0824
3810,2,1217.62,7369.67,0.592936,9.94741720044997e-05,2.567157,760.9,0.0841
3811,2,1217.82,7368.61,0.391701,9.94732367826082e-05,2.320499,759.5,0.0843
3812,2,1218.02,7367.55,0.652898,9.947230073422557e-05,2.258858,764.2,0.0837
3813,2,1218.22,7366.49,0.534495,9.947136385936759e-05,1.653074,769.2,0.0832
3814,2,1218.41,7365.43,0.525136,9.947042615805009e-05,1.786418,761.5,0.084
3815,2,1218.61,7364.38,0.55669,9.946948763028887e-05,2.057086,757.4,0.0845
3816,2,1218.81,7363.33,0.528752,9.946854827609979e-05,1.610772,759.9,0.0842
3817,2,1219.01,7362.27,0.584205,9.946760809549871e-05,1.985755,758.0,0.0844
3818,2,1219.2,7361.2,0.533808,9.946666708850148e-05,1.136213,774.8,0.0826
3819,2,1219.4,7360.15,0.445123,9.946572525512398e-05,1.699923,764.9,0.0837
3820,2,1219.6,7359.11,0.464893,9.946478259538209e-05,1.331958,744.4,0.086
3821,2,1219.8,7358.07,0.505892,9.946383910929175e-05,1.270181,762.7,0.0839
3822,2,1220.0,7357.01,0.429419,9.946289479686887e-05,1.553575,762.5,0.0839
3823,2,1220.2,7355.96,0.473831,9.94619496581294e-05,1.243868,760.1,0.0842
3824,2,1220.39,7354.91,0.43632,9.946100369308927e-05,1.314268,760.0,0.0842
3825,2,1220.59,7353.87,0.471453,9.946005690176444e-05,1.558388,742.5,0.0862
3826,2,1220.79,7352.81,0.456957,9.945910928417092e-05,1.09262,762.8,0.0839
3827,2,1220.99,7351.77,0.461023,9.945816084032466e-05,1.172598,744.1,0.086
3828,2,1221.19,7350.73,0.428543,9.945721157024169e-05,1.167459,734.7,0.0871
3829,2,1221.38,7349.67,0.428672,9.945626147393803e-05,1.28819,751.5,0.0852
3830,2,1221.58,7348.65,0.542641,9.945531055142972e-05,1.850885,725.9,0.0882
3831,2,1221.78,7347.58,0.455818,9.94543588027328e-05,1.225165,755.2,0.0847
3832,2,1221.98,7346.54,0.546011,9.945340622786334e-05,2.025866,742.7,0.0862
3833,2,1222.18,7345.5,0.454719,9.94524528268374e-05,2.022187,738.0,0.0867
3834,2,1222.37,7344.44,0.538592,9.945149859967109e-05,1.445595,757.1,0.0845
3835,2,1222.57,7343.41,0.437299,9.945054354638049e-05,1.816854,735.1,0.0871
3836,2,1222.77,7342.37,0.505456,9.944958766698173e-05,1.578394,731.4,0.0875
3837,2,1222.97,7341.32,0.387352,9.944863096149095e-05,1.164767,752.4,0.0851
3838,2,1223.17,7340.31,0.522184,9.944767342992428e-05,1.587385,717.1,0.0892
3839,2,1223.37,7339.26,0.515141,9.944671507229789e-05,1.14359,722.7,0.0886
3840,2,1223.56,7338.19,0.534573,9.944575588862796e-05,1.530166,756.1,0.0847
3841,2,1223.76,7337.17,0.4265,9.944479587893065e-05,1.080491,749.5,0.0854
3842,2,1223.97,7336.16,0.591979,9.94438350432222e-05,2.583072,713.0,0.0898
3843,2,1224.16,7335.1,0.536669,9.944287338151879e-05,1.361264,742.4,0.0862
3844,2,1224.36,7334.05,0.478187,9.944191089383666e-05,2.168004,753.4,0.085
3845,2,1224.56,7333.01,0.454184,9.944094758019207e-05,1.230375,750.0,0.0853
3846,2,1224.76,7331.99,0.478434,9.943998344060127e-05,0.985715,727.0,0.088
3847,2,1224.95,7330.93,0.433844,9.943901847508052e-05,1.513002,747.6,0.0856
3848,2,1225.15,7329.87,0.46189,9.943805268364613e-05,1.321732,771.3,0.083
3849,2,1225.35,7328.85,0.554506,9.943708606631437e-05,1.618808,755.5,0.0847
3850,2,1225.55,7327.82,0.492319,9.943611862310156e-05,1.705402,741.8,0.0863
3851,2,1225.74,7326.78,0.481647,9.943515035402404e-05,1.918634,762.6,0.0839
3852,2,1225.94,7325.74,0.44074,9.943418125909814e-05,1.196547,774.0,0.0827
3853,2,1226.14,7324.71,0.490453,9.943321133834023e-05,1.315777,751.2,0.0852
3854,2,1226.34,7323.7,0.544671,9.943224059176666e-05,1.813191,715.6,0.0894
3855,2,1226.54,7322.65,0.468263,9.94312690193938e-05,1.333934,744.6,0.086
3856,2,1226.74,7321.63,0.475689,9.943029662123807e-05,1.708515,734.1,0.0872
3857,2,1226.93,7320.55,0.54166,9.942932339731588e-05,1.994658,788.1,0.0812
3858,2,1227.13,7319.53,0.522844,9.942834934764365e-05,1.659273,762.1,0.084
3859,2,1227.33,7318.51,0.558188,9.942737447223783e-05,1.482069,745.5,0.0859
3860,2,1227.53,7317.46,0.42729,9.942639877111484e-05,1.160431,759.3,0.0843
3861,2,1227.73,7316.44,0.423023,9.942542224429117e-05,1.799098,772.2,0.0829
3862,2,1227.93,7315.41,0.521232,9.94244448917833e-05,1.652718,763.4,0.0838
3863,2,1228.13,7314.39,0.379401,9.942346671360772e-05,1.0561,747.2,0.0857
3864,2,1228.32,7313.35,0.455664,9.942248770978095e-05,2.088921,763.6,0.0838
3865,2,1228.52,7312.32,0.532112,9.942150788031949e-05,1.486903,755.3,0.0847
3866,2,1228.72,7311.29,0.531629,9.94205272252399e-05,1.128947,758.7,0.0844
3867,2,1228.92,7310.26,0.548856,9.941954574455871e-05,1.353387,754.0,0.0849
3868,2,1229.11,7309.22,0.525813,9.941856343829247e-05,1.271838,758.4,0.0844
3869,2,1229.31,7308.2,0.484722,9.941758030645782e-05,1.311933,757.4,0.0845
3870,2,1229.51,7307.16,0.41341,9.94165963490713e-05,0.976385,770.1,0.0831
3871,2,1229.71,7306.16,0.485065,9.941561156614952e-05,1.33737,721.2,0.0887
3872,2,1229.9,7305.09,0.327607,9.941462595770912e-05,1.107867,770.8,0.083
3873,2,1230.1,7304.05,0.40797,9.94136395237667e-05,1.167613,773.8,0.0827
3874,2,1230.3,7303.02,0.466567,9.941265226433895e-05,1.112988,783.1,0.0817
3875,2,1230.5,7302.0,0.384707,9.94116641794425e-05,1.186551,773.5,0.0827
3876,2,1230.69,7300.96,0.404072,9.941067526909403e-05,0.945352,769.0,0.0832
3877,2,1230.89,7299.94,0.467242,9.940968553331022e-05,1.181352,762.7,0.0839
3878,2,1231.09,7298.9,0.36393,9.94086949721078e-05,1.302627,767.9,0.0833
3879,2,1231.28,7297.87,0.317832,9.940770358550348e-05,1.018333,763.9,0.0838
3880,2,1231.48,7296.82,0.51797,9.940671137351396e-05,1.5111,786.2,0.0814
3881,2,1231.68,7295.84,0.520254,9.940571833615602e-05,1.964334,764.0,0.0838
3882,2,1231.88,7294.8,0.433431,9.940472447344642e-05,1.030178,775.3,0.0826
3883,2,1232.07,7293.76,0.543794,9.94037297854019e-05,1.61441,787.5,0.0813
3884,2,1232.27,7292.75,0.398009,9.940273427203928e-05,1.336359,758.7,0.0844
3885,2,1232.47,7291.72,0.362383,9.940173793337537e-05,1.621942,767.6,0.0834
3886,2,1232.67,7290.69,0.494938,9.940074076942694e-05,1.432973,758.7,0.0844
3887,2,1232.87,7289.67,0.482531,9.939974278021083e-05,1.319551,761.0,0.0841
3888,2,1233.06,7288.64,0.558408,9.939874396574391e-05,1.775844,774.9,0.0826
3889,2,1233.26,7287.63,0.539953,9.9397744326043e-05,1.548171,745.0,0.0859
3890,2,1233.46,7286.59,0.589259,9.939674386112502e-05,2.219108,774.4,0.0826
3891,2,1233.66,7285.58,0.539142,9.939574257100682e-05,1.689011,753.6,0.0849
3892,2,1233.85,7284.55,0.484719,9.939474045570527e-05,1.050744,761.1,0.0841
3893,2,1234.06,7283.56,0.43075,9.939373751523735e-05,1.095073,728.6,0.0878
3894,2,1234.25,7282.53,0.455399,9.939273374961994e-05,1.640669,751.6,0.0852
3895,2,1234.45,7281.51,0.452407,9.939172915887e-05,1.558011,755.6,0.0847
3896,2,1234.65,7280.49,0.447207,9.939072374300447e-05,1.157074,757.5,0.0845
3897,2,1234.85,7279.47,0.431203,9.938971750204033e-05,1.207841,750.4,0.0853
3898,2,1235.05,7278.48,0.41034,9.938871043599454e-05,1.659711,712.3,0.0899
3899,2,1235.24,7277.44,0.514536,9.938770254488413e-05,1.470784,744.8,0.0859
3900,2,1235.44,7276.44,0.465358,9.938669382872607e-05,1.389673,727.9,0.0879
3901,2,1243.33,7320.71,0.383171,9.938568428753741e-05,0.990443,679.9,0.0941
3902,2,1243.56,7319.88,0.567389,9.938467392133518e-05,1.490531,667.1,0.0959
3903,2,1243.75,7318.8,0.452669,9.938366273013644e-05,1.570071,759.1,0.0843
3904,2,1243.95,7317.76,0.408117,9.938265071395824e-05,1.122986,762.2,0.084
3905,2,1244.14,7316.72,0.452567,9.938163787281767e-05,1.078383,771.5,0.083
3906,2,1244.34,7315.68,0.486607,9.938062420673181e-05,1.232957,781.5,0.0819
3907,2,1244.54,7314.66,0.444823,9.937960971571777e-05,1.429262,755.6,0.0847
3908,2,1244.74,7313.62,0.558406,9.937859439979269e-05,2.416639,761.0,0.0841
3909,2,1244.93,7312.59,0.417978,9.93775782589737e-05,1.871834,760.6,0.0841
3910,2,1245.13,7311.56,0.506373,9.937656129327793e-05,1.841992,753.1,0.085
3911,2,1245.33,7310.54,0.436753,9.937554350272257e-05,1.812093,746.8,0.0857
3912,2,1245.53,7309.51,0.527398,9.937452488732477e-05,1.5612,745.1,0.0859
3913,2,1245.73,7308.49,0.463938,9.937350544710172e-05,1.783801,724.4,0.0883
3914,2,1245.92,7307.44,0.447031,9.937248518207062e-05,1.269437,767.7,0.0834
3915,2,1246.12,7306.46,0.345702,9.937146409224873e-05,1.554604,701.9,0.0912
3916,2,1246.32,7305.4,0.532478,9.937044217765325e-05,1.324407,747.9,0.0856
3917,2,1246.51,7304.37,0.386632,9.936941943830142e-05,1.99074,736.4,0.0869
3918,2,1246.71,7303.35,0.522604,9.936839587421053e-05,2.48266,745.1,0.0859
3919,2,1246.91,7302.31,0.410713,9.936737148539784e-05,1.884538,760.0,0.0842
3920,2,1247.11,7301.3,0.440575,9.936634627188062e-05,1.341861,739.1,0.0866
3921,2,1247.31,7300.33,0.456966,9.936532023367619e-05,1.265256,695.0,0.0921
3922,2,1247.51,7299.28,0.495212,9.936429337080187e-05,1.339155,739.5,0.0865
3923,2,1247.7,7298.25,0.542183,9.936326568327497e-05,1.917627,746.3,0.0858
3924,2,1247.9,7297.23,0.59077,9.936223717111284e-05,2.277624,749.4,0.0854
3925,2,1248.1,7296.22,0.495298,9.936120783433286e-05,1.673854,741.8,0.0863
3926,2,1248.3,7295.2,0.332971,9.936017767295237e-05,1.024823,733.1,0.0873
3927,2,1248.5,7294.19,0.413689,9.935914668698878e-05,1.270674,726.2,0.0881
3928,2,1248.69,7293.16,0.474491,9.935811487645947e-05,0.944658,738.8,0.0866
3929,2,1248.89,7292.13,0.375388,9.935708224138188e-05,1.13447,763.0,0.0839
3930,2,1249.09,7291.1,0.469588,9.93560487817734e-05,1.448771,772.1,0.0829
3931,2,1249.28,7290.08,0.561706,9.935501449765149e-05,1.893191,760.2,0.0842
3932,2,1249.48,7289.08,0.456659,9.935397938903361e-05,1.538034,728.4,0.0879
3933,2,1249.68,7288.05,0.493846,9.935294345593724e-05,1.207325,753.4,0.085
3934,2,1249.88,7287.03,0.503134,9.935190669837983e-05,1.607284,750.9,0.0852
3935,2,1250.08,7286.03,0.650222,9.93508691163789e-05,2.37413,730.1,0.0877
3936,2,1250.27,7284.99,0.440085,9.934983070995196e-05,1.329956,763.5,0.0838
3937,2,1250.47,7283.97,0.400399,9.934879147911652e-05,1.265173,759.4,0.0843
3938,2,1250.67,7282.96,0.455121,9.934775142389013e-05,1.189691,743.3,0.0861
3939,2,1250.87,7281.96,0.489177,9.934671054429035e-05,1.037037,712.9,0.0898
3940,2,1251.06,7280.93,0.488766,9.934566884033472e-05,1.259932,730.8,0.0876
3941,2,1251.27,7279.95,0.504537,9.934462631204085e-05,1.266117,701.4,0.0912
3942,2,1251.46,7278.9,0.462751,9.934358295942631e-05,1.303727,749.8,0.0854
3943,2,1251.65,7277.87,0.483333,9.934253878250875e-05,1.053901,769.3,0.0832
3944,2,1251.85,7276.85,0.461864,9.934149378130573e-05,1.529312,763.9,0.0838
3945,2,1252.05,7275.84,0.455144,9.934044795583492e-05,1.850889,756.1,0.0846
3946,2,1252.25,7274.83,0.440996,9.933940130611396e-05,1.254829,761.8,0.084
3947,2,1252.44,7273.81,0.509169,9.933835383216053e-05,1.730258,768.8,0.0832
3948,2,1252.64,7272.82,0.479191,9.93373055339923e-05,0.942559,733.2,0.0873
3949,2,1252.84,7271.79,0.386051,9.933625641162694e-05,1.035154,754.6,0.0848
3950,2,1253.04,7270.79,0.521901,9.933520646508221e-05,1.354501,741.7,0.0863
3951,2,1253.23,7269.77,0.550674,9.933415569437578e-05,1.781874,758.8,0.0843
3952,2,1253.43,7268.76,0.518479,9.933310409952537e-05,1.541969,761.6,0.084
3953,2,1253.63,7267.73,0.422443,9.933205168054877e-05,0.972948,772.1,0.0829
3954,2,1253.82,7266.73,0.398562,9.933099843746374e-05,1.197412,760.3,0.0842
3955,2,1254.02,7265.71,0.638474,9.932994437028802e-05,1.684961,763.4,0.0838
3956,2,1254.22,7264.69,0.509973,9.932888947903944e-05,1.456107,779.1,0.0822
3957,2,1254.41,7263.68,0.466514,9.932783376373577e-05,1.304521,765.5,0.0836
3958,2,1254.61,7262.68,0.468235,9.932677722439483e-05,1.424787,762.7,0.0839
3959,2,1254.81,7261.66,0.450212,9.932571986103446e-05,1.150559,770.0,0.0831
3960,2,1255.0,7260.65,0.469797,9.93246616736725e-05,1.55969,764.8,0.0837
3961,2,1255.2,7259.65,0.499286,9.932360266232682e-05,1.100076,770.3,0.0831
3962,2,1255.4,7258.64,0.52966,9.932254282701528e-05,1.420475,771.8,0.0829
3963,2,1255.6,7257.63,0.547477,9.932148216775577e-05,1.846756,769.0,0.0832
3964,2,1255.8,7256.62,0.426792,9.932042068456621e-05,1.425394,763.0,0.0839
3965,2,1255.99,7255.6,0.515756,9.931935837746448e-05,1.534084,782.2,0.0818
3966,2,1256.19,7254.59,0.493693,9.931829524646852e-05,1.552505,773.8,0.0827
3967,2,1256.39,7253.61,0.513187,9.931723129159628e-05,2.057868,739.6,0.0865
3968,2,1256.58,7252.59,0.442699,9.931616651286569e-05,1.332096,757.7,0.0845
3969,2,1256.78,7251.58,0.454497,9.931510091029475e-05,1.208531,761.3,0.0841
3970,2,1256.98,7250.57,0.486914,9.931403448390144e-05,1.515968,762.5,0.0839
3971,2,1257.17,7249.56,0.578959,9.931296723370375e-05,1.574629,771.5,0.083
3972,2,1257.37,7248.57,0.405164,9.931189915971969e-05,1.400426,752.6,0.085
3973,2,1257.57,7247.58,0.509513,9.931083026196727e-05,1.792031,739.8,0.0865
3974,2,1257.77,7246.57,0.464074,9.930976054046456e-05,1.17184,752.0,0.0851
3975,2,1257.97,7245.58,0.385103,9.93086899952296e-05,0.84174,744.1,0.086
3976,2,1258.16,7244.57,0.564095,9.930761862628045e-05,1.658738,759.2,0.0843
3977,2,1258.36,7243.58,0.460179,9.93065464336352e-05,1.032404,738.6,0.0867
3978,2,1258.56,7242.6,0.450318,9.930547341731194e-05,1.588759,710.2,0.0901
3979,2,1258.76,7241.59,0.509701,9.930439957732878e-05,1.513335,721.6,0.0887
3980,2,1258.96,7240.57,0.510086,9.930332491370382e-05,1.192862,747.9,0.0856
3981,2,1259.16,7239.59,0.500969,9.930224942645526e-05,1.343718,756.0,0.0847
3982,2,1259.35,7238.6,0.568482,9.930117311560119e-05,2.234366,744.3,0.086
3983,2,1259.55,7237.58,0.482252,9.93000959811598e-05,1.627838,760.6,0.0841
3984,2,1259.75,7236.59,0.605784,9.929901802314927e-05,2.772396,763.8,0.0838
3985,2,1259.94,7235.59,0.386047,9.929793924158777e-05,1.576321,759.6,0.0843
3986,2,1260.14,7234.61,0.414238,9.929685963649352e-05,0.984632,725.9,0.0882
3987,2,1260.34,7233.58,0.445364,9.929577920788473e-05,1.437407,775.8,0.0825
3988,2,1260.54,7232.59,0.383505,9.929469795577965e-05,1.100535,749.9,0.0853
3989,2,1260.73,7231.6,0.441283,9.929361588019652e-05,0.971226,742.6,0.0862
3990,2,1260.93,7230.59,0.408449,9.92925329811536e-05,1.628267,756.2,0.0846
3991,2,1261.13,7229.6,0.502806,9.929144925866917e-05,1.662457,747.1,0.0857
3992,2,1261.32,7228.58,0.472649,9.929036471276153e-05,1.093734,766.8,0.0835
3993,2,1261.52,7227.58,0.422706,9.928927934344896e-05,1.269313,768.6,0.0833
3994,2,1261.72,7226.59,0.528034,9.928819315074979e-05,1.641642,750.8,0.0852
3995,2,1261.91,7225.58,0.445426,9.928710613468234e-05,1.680654,770.1,0.0831
3996,2,1262.11,7224.58,0.472877,9.928601829526496e-05,0.877359,764.7,0.0837
3997,2,1262.3,7223.59,0.466975,9.928492963251602e-05,1.081938,765.2,0.0836
3998,2,1262.5,7222.59,0.524505,9.928384014645389e-05,1.335994,764.5,0.0837
3999,2,1262.7,7221.6,0.467492,9.928274983709696e-05,1.152636,765.1,0.0837
4000,2,1262.89,7220.6,0.4935,9.92816587044636e-05,1.14019,767.5,0.0834
4001,2,1263.13,7219.81,0.544591,9.928056674857224e-05,1.644031,763.6,0.0838
4002,2,1263.32,7218.82,0.456687,9.927947396944134e-05,1.142733,757.4,0.0845
4003,2,1263.53,7217.85,0.525012,9.92783803670893e-05,1.335481,724.4,0.0883
4004,2,1263.72,7216.83,0.434946,9.927728594153459e-05,1.356687,775.8,0.0825
4005,2,1263.92,7215.84,0.440932,9.92761906927957e-05,1.002406,761.2,0.0841
4006,2,1264.11,7214.85,0.386196,9.927509462089108e-05,1.23274,771.7,0.0829
4007,2,1264.31,7213.85,0.489223,9.927399772583924e-05,1.253426,769.3,0.0832
4008,2,1264.51,7212.88,0.498903,9.927290000765871e-05,1.934187,737.1,0.0868
4009,2,1264.7,7211.87,0.356607,9.9271801466368e-05,1.562379,774.7,0.0826
4010,2,1264.9,7210.87,0.504362,9.927070210198564e-05,2.042023,777.4,0.0823
4011,2,1265.1,7209.89,0.488729,9.926960191453021e-05,1.558365,765.6,0.0836
4012,2,1265.29,7208.9,0.50974,9.926850090402023e-05,1.510553,768.0,0.0833
4013,2,1265.49,7207.91,0.484493,9.926739907047435e-05,1.655179,763.1,0.0839
4014,2,1265.69,7206.92,0.468577,9.926629641391111e-05,1.76312,762.9,0.0839
4015,2,1265.89,7205.96,0.501346,9.926519293434915e-05,1.997661,717.7,0.0892
4016,2,1266.08,7204.95,0.449058,9.926408863180706e-05,1.660369,749.7,0.0854
4017,2,1266.28,7203.97,0.44575,9.926298350630351e-05,1.5637,748.7,0.0855
4018,2,1266.48,7203.0,0.474165,9.926187755785712e-05,1.360718,730.1,0.0877
4019,2,1266.68,7201.99,0.436798,9.926077078648658e-05,0.952836,764.9,0.0837
4020,2,1266.87,7201.01,0.448914,9.925966319221056e-05,1.422323,766.3,0.0835
4021,2,1267.07,7200.04,0.445093,9.925855477504776e-05,1.820177,770.7,0.083
4022,2,1267.27,7199.06,0.391953,9.925744553501687e-05,1.618498,754.8,0.0848
4023,2,1267.47,7198.08,0.454641,9.925633547213661e-05,1.35652,749.6,0.0854
4024,2,1267.67,7197.11,0.336365,9.925522458642573e-05,1.03456,740.1,0.0865
4025,2,1267.87,7196.14,0.530776,9.925411287790296e-05,1.598266,735.9,0.087
4026,2,1268.07,7195.16,0.453026,9.925300034658706e-05,1.476874,749.1,0.0854
4027,2,1268.26,7194.18,0.4859,9.925188699249684e-05,1.644723,754.3,0.0848
4028,2,1268.46,7193.2,0.423159,9.925077281565106e-05,1.531784,756.5,0.0846
4029,2,1268.66,7192.22,0.498117,9.924965781606851e-05,1.52405,746.0,0.0858
4030,2,1268.86,7191.23,0.499798,9.924854199376803e-05,1.181272,766.4,0.0835
4031,2,1269.05,7190.25,0.466242,9.924742534876846e-05,2.081873,767.6,0.0834
4032,2,1269.25,7189.27,0.523967,9.924630788108862e-05,2.199155,761.0,0.0841
4033,2,1269.45,7188.28,0.447943,9.924518959074737e-05,1.499483,770.1,0.0831
4034,2,1269.64,7187.3,0.480703,9.924407047776363e-05,1.154006,767.4,0.0834
4035,2,1269.84,7186.32,0.37054,9.924295054215623e-05,1.391469,765.2,0.0836
4036,2,1270.04,7185.34,0.317118,9.924182978394409e-05,1.460055,770.4,0.0831
4037,2,1270.24,7184.37,0.411307,9.924070820314613e-05,1.373399,753.1,0.085
4038,2,1270.43,7183.39,0.512336,9.923958579978126e-05,2.039745,753.5,0.0849
4039,2,1270.63,7182.43,0.451726,9.923846257386842e-05,1.254151,754.8,0.0848
4040,2,1270.83,7181.45,0.428804,9.92373385254266e-05,1.535568,763.6,0.0838
4041,2,1271.03,7180.48,0.418356,9.923621365447475e-05,1.276539,773.8,0.0827
4042,2,1271.23,7179.52,0.382694,9.923508796103186e-05,1.034949,756.3,0.0846
4043,2,1271.43,7178.57,0.480701,9.923396144511692e-05,1.336985,725.1,0.0883
4044,2,1271.63,7177.58,0.404664,9.923283410674894e-05,1.979583,750.4,0.0853
4045,2,1271.82,7176.61,0.513892,9.923170594594694e-05,2.193046,738.2,0.0867
4046,2,1272.02,7175.65,0.405393,9.923057696272998e-05,1.808259,724.9,0.0883
4047,2,1272.22,7174.66,0.444347,9.92294471571171e-05,1.37179,759.1,0.0843
4048,2,1272.42,7173.68,0.541395,9.922831652912736e-05,1.664841,766.8,0.0835
4049,2,1272.62,7172.72,0.553314,9.922718507877987e-05,1.590083,738.6,0.0866
4050,2,1272.81,7171.75,0.560527,9.922605280609369e-05,2.752735,742.0,0.0863
4051,2,1273.01,7170.79,0.500444,9.922491971108794e-05,1.479885,740.8,0.0864
4052,2,1273.21,7169.82,0.39316,9.922378579378175e-05,1.300267,741.9,0.0863
4053,2,1273.41,7168.86,0.495628,9.922265105419425e-05,1.312502,742.0,0.0863
4054,2,1273.61,7167.89,0.379915,9.922151549234459e-05,1.108589,738.5,0.0867
4055,2,1273.81,7166.95,0.452645,9.922037910825194e-05,0.940408,702.3,0.0911
4056,2,1274.0,7165.95,0.470966,9.921924190193548e-05,1.017398,761.1,0.0841
4057,2,1274.2,7164.99,0.441919,9.921810387341438e-05,1.647906,748.4,0.0855
4058,2,1274.4,7164.02,0.501618,9.921696502270787e-05,1.217832,749.2,0.0854
4059,2,1274.6,7163.05,0.453849,9.921582534983515e-05,1.291351,748.9,0.0855
4060,2,1274.8,7162.09,0.435356,9.921468485481548e-05,1.590952,748.2,0.0855
4061,2,1275.0,7161.14,0.550594,9.921354353766808e-05,1.171628,755.8,0.0847
4062,2,1275.19,7160.17,0.510045,9.921240139841223e-05,1.340778,756.7,0.0846
4063,2,1275.39,7159.21,0.495166,9.921125843706721e-05,1.545711,748.8,0.0855
4064,2,1275.59,7158.26,0.536625,9.921011465365229e-05,1.158577,730.7,0.0876
4065,2,1275.79,7157.28,0.436028,9.920897004818677e-05,1.574387,748.7,0.0855
4066,2,1275.99,7156.33,0.453953,9.920782462068998e-05,1.429366,727.7,0.0879
4067,2,1276.19,7155.37,0.466138,9.920667837118126e-05,1.25157,736.7,0.0869
4068,2,1276.38,7154.4,0.500648,9.920553129967995e-05,2.071502,746.8,0.0857
4069,2,1276.58,7153.45,0.532425,9.920438340620538e-05,1.26656,733.6,0.0872
4070,2,1276.79,7152.52,0.392619,9.920323469077695e-05,1.343494,686.9,0.0932
4071,2,1276.98,7151.53,0.473544,9.920208515341404e-05,1.875824,728.4,0.0879
4072,2,1277.18,7150.58,0.437207,9.920093479413605e-05,1.732766,721.5,0.0887
4073,2,1277.38,7149.64,0.412355,9.91997836129624e-05,1.520048,710.1,0.0901
4074,2,1277.57,7148.65,0.635304,9.91986316099125e-05,2.430623,747.9,0.0856
4075,2,1277.77,7147.7,0.403736,9.919747878500583e-05,1.161563,740.3,0.0864
4076,2,1277.97,7146.74,0.462536,9.91963251382618e-05,1.593728,744.8,0.0859
4077,2,1278.17,7145.79,0.443009,9.91951706696999e-05,1.471309,736.5,0.0869
4078,2,1278.37,7144.84,0.475277,9.919401537933962e-05,1.332662,719.9,0.0889
4079,2,1278.56,7143.85,0.337169,9.919285926720044e-05,1.348984,760.4,0.0842
4080,2,1278.76,7142.9,0.381991,9.919170233330187e-05,1.051082,750.9,0.0852
4081,2,1278.97,7141.97,0.387281,9.919054457766346e-05,1.293682,743.1,0.0861
4082,2,1279.17,7141.04,0.457954,9.918938600030473e-05,1.740287,700.4,0.0914
4083,2,1279.37,7140.07,0.29252,9.918822660124523e-05,1.159802,727.5,0.088
4084,2,1279.56,7139.1,0.50413,9.918706638050454e-05,1.330211,749.4,0.0854
4085,2,1279.76,7138.17,0.634876,9.918590533810222e-05,1.854551,713.3,0.0897
4086,2,1279.96,7137.18,0.405624,9.918474347405789e-05,1.188985,757.3,0.0845
4087,2,1280.16,7136.24,0.512302,9.918358078839112e-05,2.30714,735.5,0.087
4088,2,1280.35,7135.28,0.361679,9.918241728112158e-05,1.173554,747.2,0.0857
4089,2,1280.55,7134.32,0.546285,9.918125295226888e-05,1.717052,743.3,0.0861
4090,2,1280.75,7133.35,0.4396,9.918008780185266e-05,1.24895,756.4,0.0846
4091,2,1280.94,7132.38,0.418557,9.91789218298926e-05,1.533849,770.0,0.0831
4092,2,1281.14,7131.44,0.548766,9.917775503640838e-05,1.501006,747.0,0.0857
4093,2,1281.34,7130.48,0.47448,9.91765874214197e-05,1.419746,753.0,0.085
4094,2,1281.54,7129.52,0.396281,9.917541898494621e-05,1.007417,762.6,0.0839
4095,2,1281.73,7128.57,0.576596,9.917424972700769e-05,1.824781,745.2,0.0859
4096,2,1281.93,7127.61,0.46179,9.917307964762386e-05,1.061004,761.5,0.084
4097,2,1282.13,7126.67,0.515503,9.917190874681446e-05,1.383009,739.1,0.0866
4098,2,1282.33,7125.72,0.552448,9.917073702459923e-05,1.301593,743.5,0.0861
4099,2,1282.53,7124.77,0.476239,9.916956448099797e-05,1.317162,744.3,0.086
4100,2,1282.73,7123.85,0.430544,9.916839111603046e-05,1.083195,709.5,0.0902
4101,2,1282.93,7122.9,0.434836,9.916721692971651e-05,0.88931,746.0,0.0858
4102,2,1283.13,7121.95,0.391441,9.916604192207592e-05,0.992697,750.1,0.0853
4103,2,1283.32,7120.98,0.497716,9.916486609312853e-05,1.456817,772.9,0.0828
4104,2,1283.52,7120.03,0.408052,9.916368944289419e-05,0.857813,761.0,0.0841
4105,2,1283.72,7119.09,0.511224,9.916251197139274e-05,1.083071,752.0,0.0851
4106,2,1283.92,7118.16,0.517289,9.916133367864406e-05,1.621784,722.1,0.0886
4107,2,1284.12,7117.2,0.453461,9.916015456466805e-05,1.011084,743.8,0.086
4108,2,1284.32,7116.27,0.425491,9.91589746294846e-05,1.23639,719.9,0.0889
4109,2,1284.51,7115.29,0.529137,9.915779387311362e-05,1.295399,763.7,0.0838
4110,2,1284.71,7114.35,0.371711,9.915661229557504e-05,1.127515,748.8,0.0855
4111,2,1284.91,7113.41,0.446345,9.915542989688878e-05,1.610532,743.8,0.086
4112,2,1285.1,7112.45,0.408256,9.915424667707482e-05,0.964493,769.4,0.0832
4113,2,1285.3,7111.51,0.412517,9.915306263615312e-05,1.21645,756.6,0.0846
4114,2,1285.5,7110.56,0.449118,9.915187777414367e-05,1.061783,760.3,0.0842
4115,2,1285.7,7109.62,0.4051,9.915069209106645e-05,1.193169,758.7,0.0844
4116,2,1285.9,7108.69,0.53292,9.914950558694148e-05,1.686642,728.4,0.0879
4117,2,1286.1,7107.74,0.495744,9.914831826178878e-05,1.294616,737.0,0.0868
4118,2,1286.29,7106.78,0.495518,9.91471301156284e-05,1.489008,749.0,0.0854
4119,2,1286.49,7105.86,0.398099,9.914594114848037e-05,1.202633,732.9,0.0873
4120,2,1286.69,7104.91,0.502056,9.914475136036478e-05,1.434256,747.8,0.0856
4121,2,1286.89,7103.99,0.488709,9.914356075130168e-05,1.234273,738.7,0.0866
4122,2,1287.09,7103.05,0.50584,9.91423693213112e-05,1.292447,740.4,0.0864
4123,2,1287.29,7102.1,0.357924,9.914117707041342e-05,1.38508,752.8,0.085
4124,2,1287.49,7101.16,0.504854,9.913998399862847e-05,1.151236,742.1,0.0862
4125,2,1287.68,7100.2,0.393189,9.913879010597648e-05,1.36566,767.2,0.0834
4126,2,1287.88,7099.28,0.399551,9.91375953924776e-05,1.178966,744.1,0.086
4127,2,1288.08,7098.34,0.425517,9.9136399858152e-05,1.2958,737.9,0.0867
4128,2,1288.28,7097.39,0.539097,9.913520350301983e-05,1.447676,755.8,0.0847
4129,2,1288.48,7096.47,0.534886,9.913400632710134e-05,2.695171,729.7,0.0877
4130,2,1288.68,7095.52,0.444663,9.913280833041667e-05,1.183193,753.7,0.0849
4131,2,1288.87,7094.57,0.363312,9.913160951298605e-05,1.179739,764.8,0.0837
4132,2,1289.07,7093.64,0.384163,9.913040987482975e-05,1.453487,757.2,0.0845
4133,2,1289.27,7092.71,0.615525,9.912920941596797e-05,1.789211,754.8,0.0848
4134,2,1289.47,7091.77,0.509611,9.912800813642098e-05,1.426704,752.2,0.0851
4135,2,1289.66,7090.82,0.411651,9.912680603620908e-05,1.019736,758.1,0.0844
4136,2,1289.86,7089.87,0.505684,9.912560311535252e-05,1.255219,771.2,0.083
4137,2,1290.06,7088.96,0.589191,9.912439937387164e-05,1.627755,718.2,0.0891
4138,2,1290.26,7088.02,0.417002,9.912319481178673e-05,1.304677,739.6,0.0865
4139,2,1290.46,7087.07,0.430542,9.912198942911813e-05,1.461659,763.6,0.0838
4140,2,1290.66,7086.14,0.352002,9.912078322588618e-05,1.152755,746.3,0.0858
4141,2,1290.86,7085.22,0.495307,9.911957620211122e-05,1.644929,762.5,0.0839
4142,2,1291.05,7084.27,0.435684,9.911836835781363e-05,1.261345,776.3,0.0824
4143,2,1291.25,7083.34,0.53001,9.911715969301381e-05,1.558875,763.4,0.0838
4144,2,1291.45,7082.4,0.350093,9.911595020773213e-05,1.19014,759.5,0.0843
4145,2,1291.65,7081.47,0.475498,9.911473990198903e-05,1.072971,748.9,0.0855
4146,2,1291.84,7080.52,0.491,9.911352877580492e-05,1.350337,761.7,0.084
4147,2,1292.04,7079.59,0.47443,9.911231682920024e-05,1.352231,752.6,0.085
4148,2,1292.24,7078.68,0.415405,9.911110406219545e-05,0.947123,706.9,0.0905
4149,2,1292.44,7077.72,0.343536,9.9109890474811e-05,1.102901,751.7,0.0851
4150,2,1292.64,7076.79,0.434369,9.910867606706739e-05,0.993606,750.5,0.0853
4151,2,1292.83,7075.87,0.367477,9.91074608389851e-05,1.366128,740.0,0.0865
4152,2,1293.03,7074.92,0.430224,9.910624479058464e-05,1.040777,762.3,0.084
4153,2,1293.23,7073.99,0.500045,9.910502792188656e-05,1.915546,751.1,0.0852
4154,2,1293.43,7073.06,0.478655,9.910381023291135e-05,1.291077,755.4,0.0847
4155,2,1293.63,7072.13,0.508417,9.91025917236796e-05,1.659357,741.3,0.0863
4156,2,1293.83,7071.21,0.422412,9.910137239421186e-05,1.545283,737.7,0.0868
4157,2,1294.03,7070.31,0.489355,9.91001522445287e-05,1.474937,718.7,0.089
4158,2,1294.22,7069.37,0.423739,9.909893127465073e-05,1.366263,764.5,0.0837
4159,2,1294.42,7068.44,0.446017,9.909770948459854e-05,2.011897,750.9,0.0852
4160,2,1294.62,7067.52,0.428795,9.909648687439276e-05,1.158642,746.0,0.0858
4161,2,1294.82,7066.58,0.4699,9.909526344405402e-05,1.241196,765.0,0.0837
4162,2,1295.02,7065.65,0.42874,9.909403919360295e-05,1.285669,761.9,0.084
4163,2,1295.21,7064.72,0.427824,9.909281412306022e-05,1.073655,755.9,0.0847
4164,2,1295.42,7063.81,0.554439,9.909158823244652e-05,1.570546,724.8,0.0883
4165,2,1295.61,7062.88,0.444469,9.909036152178254e-05,1.459135,741.2,0.0863
4166,2,1295.81,7061.92,0.444529,9.908913399108895e-05,1.214553,778.6,0.0822
4167,2,1296.0,7061.0,0.50135,9.908790564038649e-05,1.518852,766.7,0.0835
4168,2,1296.2,7060.07,0.496425,9.90866764696959e-05,2.272981,775.8,0.0825
4169,2,1296.4,7059.16,0.389965,9.908544647903791e-05,1.251145,731.9,0.0874
4170,2,1296.59,7058.2,0.47938,9.908421566843327e-05,1.207794,784.0,0.0816
4171,2,1296.79,7057.28,0.51082,9.908298403790276e-05,1.342716,768.2,0.0833
4172,2,1296.99,7056.36,0.524329,9.908175158746716e-05,1.490666,750.0,0.0853
4173,2,1297.19,7055.43,0.386612,9.908051831714728e-05,1.081205,759.8,0.0842
4174,2,1297.39,7054.52,0.471664,9.907928422696394e-05,1.091001,736.8,0.0869
4175,2,1297.58,7053.58,0.351228,9.907804931693793e-05,1.117922,763.8,0.0838
4176,2,1297.79,7052.68,0.395028,9.907681358709013e-05,0.964273,721.1,0.0887
4177,2,1297.99,7051.77,0.432713,9.907557703744138e-05,1.47179,726.4,0.0881
4178,2,1298.19,7050.84,0.524501,9.907433966801257e-05,1.071703,750.9,0.0852
4179,2,1298.38,7049.92,0.580798,9.907310147882455e-05,1.451068,753.1,0.085
4180,2,1298.59,7049.03,0.448289,9.907186246989822e-05,1.06421,706.0,0.0906
4181,2,1298.79,7048.11,0.540504,9.907062264125451e-05,1.517694,743.6,0.0861
4182,2,1298.98,7047.18,0.564189,9.906938199291432e-05,1.592606,755.0,0.0848
4183,2,1299.18,7046.27,0.440133,9.90681405248986e-05,1.129066,734.7,0.0871
4184,2,1299.38,7045.34,0.444286,9.906689823722831e-05,0.982222,756.9,0.0846
4185,2,1299.58,7044.43,0.408048,9.906565512992439e-05,1.043618,753.1,0.085
4186,2,1299.78,7043.54,0.423172,9.906441120300785e-05,1.149068,707.8,0.0904
4187,2,1299.98,7042.61,0.449412,9.906316645649966e-05,0.965503,755.9,0.0847
4188,2,1300.18,7041.7,0.591761,9.906192089042084e-05,1.298229,746.8,0.0857
4189,2,1300.38,7040.79,0.379089,9.906067450479241e-05,1.381575,732.7,0.0873
4190,2,1300.58,7039.9,0.521544,9.90594272996354e-05,1.593813,687.9,0.093
4191,2,1300.77,7038.95,0.429066,9.905817927497084e-05,1.27073,743.7,0.0861
4192,2,1300.98,7038.06,0.496986,9.905693043081983e-05,1.276163,714.5,0.0896
4193,2,1301.17,7037.11,0.432918,9.905568076720344e-05,0.927044,771.4,0.083
4194,2,1301.37,7036.2,0.480652,9.905443028414273e-05,1.106683,751.5,0.0852
4195,2,1301.57,7035.29,0.390247,9.905317898165881e-05,1.032023,735.0,0.0871
4196,2,1301.76,7034.37,0.430757,9.905192685977281e-05,1.294612,767.8,0.0834
4197,2,1301.96,7033.46,0.400956,9.905067391850586e-05,1.131116,749.9,0.0853
4198,2,1302.16,7032.55,0.45709,9.904942015787912e-05,1.314268,737.2,0.0868
4199,2,1302.36,7031.6,0.415927,9.904816557791372e-05,1.147088,779.4,0.0821
4200,2,1302.55,7030.69,0.488915,9.904691017863083e-05,1.624408,761.6,0.084
4201,2,1311.46,7076.74,0.443895,9.904565396005168e-05,1.496559,686.8,0.0932
4202,2,1311.69,7075.99,0.392521,9.904439692219743e-05,1.057426,682.2,0.0938
4203,2,1311.88,7075.02,0.417154,9.90431390650893e-05,1.326937,773.4,0.0828
4204,2,1312.07,7074.09,0.465727,9.904188038874852e-05,1.723606,754.6,0.0848
4205,2,1312.27,7073.15,0.4388,9.904062089319637e-05,1.461402,770.5,0.0831
4206,2,1312.46,7072.2,0.61173,9.903936057845404e-05,1.896542,781.0,0.0819
4207,2,1312.67,7071.31,0.431571,9.903809944454283e-05,1.203354,714.9,0.0895
4208,2,1312.86,7070.34,0.500347,9.903683749148406e-05,1.782003,757.4,0.0845
4209,2,1313.06,7069.42,0.445634,9.903557471929898e-05,1.625074,750.8,0.0852
4210,2,1313.25,7068.48,0.411385,9.903431112800891e-05,1.654187,765.1,0.0837
4211,2,1313.45,7067.56,0.468047,9.903304671763517e-05,1.262923,748.3,0.0855
4212,2,1313.65,7066.63,0.417052,9.903178148819913e-05,1.483935,751.6,0.0852
4213,2,1313.85,7065.7,0.604077,9.903051543972209e-05,1.817158,737.5,0.0868
4214,2,1314.04,7064.77,0.517935,9.902924857222547e-05,1.450242,749.8,0.0854
4215,2,1314.24,7063.86,0.545384,9.902798088573062e-05,1.688607,708.4,0.0903
4216,2,1314.43,7062.9,0.443125,9.902671238025893e-05,1.43156,759.4,0.0843
4217,2,1314.63,7061.98,0.380442,9.902544305583183e-05,1.570861,767.4,0.0834
4218,2,1314.83,7061.08,0.388147,9.902417291247072e-05,1.161636,728.7,0.0878
4219,2,1315.03,7060.14,0.44295,9.902290195019705e-05,1.362432,748.6,0.0855
4220,2,1315.23,7059.22,0.503861,9.902163016903226e-05,1.417538,751.5,0.0852
4221,2,1315.43,7058.32,0.47674,9.90203575689978e-05,1.473829,733.9,0.0872
4222,2,1315.63,7057.39,0.433888,9.90190841501152e-05,1.02391,752.2,0.0851
4223,2,1315.82,7056.47,0.450837,9.90178099124059e-05,1.945961,751.9,0.0851
4224,2,1316.02,7055.54,0.41298,9.901653485589143e-05,1.34268,755.9,0.0847
4225,2,1316.22,7054.63,0.43514,9.90152589805933e-05,0.985162,749.1,0.0854
4226,2,1316.42,7053.74,0.516355,9.901398228653305e-05,1.952811,687.5,0.0931
4227,2,1316.62,7052.78,0.356039,9.901270477373218e-05,1.239795,751.2,0.0852
4228,2,1316.81,7051.86,0.547196,9.90114264422123e-05,1.596867,755.8,0.0847
4229,2,1317.01,7050.95,0.508059,9.901014729199498e-05,1.411053,745.4,0.0859
4230,2,1317.21,7050.03,0.499232,9.900886732310179e-05,1.407951,751.5,0.0852
4231,2,1317.41,7049.12,0.562519,9.900758653555435e-05,2.338851,730.0,0.0877
4232,2,1317.6,7048.17,0.369487,9.900630492937422e-05,1.117759,772.1,0.0829
4233,2,1317.81,7047.28,0.490125,9.900502250458312e-05,1.718116,716.5,0.0893
4234,2,1318.0,7046.36,0.464669,9.900373926120261e-05,1.504695,733.9,0.0872
4235,2,1318.2,7045.44,0.507207,9.90024551992544e-05,1.413093,735.0,0.0871
4236,2,1318.4,7044.54,0.4393,9.900117031876014e-05,1.182946,716.5,0.0893
4237,2,1318.6,7043.61,0.50448,9.899988461974152e-05,1.433168,752.7,0.085
4238,2,1318.8,7042.71,0.440221,9.899859810222023e-05,1.512528,721.7,0.0887
4239,2,1318.99,7041.78,0.385971,9.899731076621798e-05,1.344022,741.0,0.0864
4240,2,1319.19,7040.87,0.385757,9.89960226117565e-05,1.277205,728.5,0.0879
4241,2,1319.4,7039.99,0.50594,9.899473363885754e-05,1.392704,708.3,0.0904
4242,2,1319.59,7039.06,0.454708,9.899344384754285e-05,1.503962,739.3,0.0866
4243,2,1319.79,7038.13,0.644648,9.899215323783418e-05,1.86755,755.8,0.0847
4244,2,1319.98,7037.22,0.403205,9.899086180975332e-05,1.432487,750.6,0.0853
4245,2,1320.18,7036.31,0.483029,9.898956956332207e-05,1.252304,748.1,0.0856
4246,2,1320.38,7035.39,0.419617,9.898827649856223e-05,1.758602,759.6,0.0843
4247,2,1320.58,7034.47,0.516253,9.898698261549562e-05,1.948841,755.3,0.0847
4248,2,1320.77,7033.55,0.438815,9.89856879141441e-05,1.262866,768.2,0.0833
4249,2,1320.97,7032.64,0.378701,9.89843923945295e-05,1.33504,761.8,0.084
4250,2,1321.17,7031.72,0.525829,9.898309605667368e-05,1.415407,767.7,0.0834
4251,2,1321.36,7030.8,0.430865,9.898179890059851e-05,1.286727,762.7,0.0839
4252,2,1321.56,7029.9,0.458398,9.898050092632591e-05,1.357489,752.8,0.085
4253,2,1321.76,7028.99,0.531753,9.897920213387775e-05,1.350421,747.4,0.0856
4254,2,1321.96,7028.09,0.42959,9.897790252327601e-05,1.211072,742.0,0.0863
4255,2,1322.16,7027.17,0.408482,9.897660209454257e-05,1.263544,756.4,0.0846
4256,2,1322.36,7026.27,0.600683,9.89753008476994e-05,1.501968,735.3,0.087
4257,2,1322.55,7025.35,0.487052,9.897399878276842e-05,1.192012,750.3,0.0853
4258,2,1322.76,7024.46,0.607589,9.897269589977165e-05,1.379383,739.0,0.0866
4259,2,1322.95,7023.54,0.504319,9.897139219873105e-05,1.175579,753.9,0.0849
4260,2,1323.15,7022.63,0.538835,9.897008767966863e-05,1.531937,754.8,0.0848
4261,2,1323.35,7021.73,0.633048,9.896878234260642e-05,1.610653,767.4,0.0834
4262,2,1323.55,7020.86,0.483298,9.896747618756645e-05,1.480797,706.4,0.0906
4263,2,1323.75,7019.95,0.448757,9.896616921457073e-05,1.77888,713.5,0.0897
4264,2,1323.95,7019.02,0.46106,9.896486142364134e-05,0.937542,750.0,0.0853
4265,2,1324.14,7018.12,0.431308,9.896355281480035e-05,1.300557,742.5,0.0862
4266,2,1324.34,7017.22,0.452576,9.896224338806984e-05,1.053878,733.9,0.0872
4267,2,1324.54,7016.3,0.480391,9.896093314347192e-05,1.040226,757.5,0.0845
4268,2,1324.74,7015.41,0.487819,9.895962208102868e-05,1.739125,735.9,0.087
4269,2,1324.94,7014.5,0.491764,9.895831020076229e-05,1.365813,757.0,0.0845
4270,2,1325.14,7013.6,0.441632,9.895699750269483e-05,1.262975,747.0,0.0857
4271,2,1325.33,7012.69,0.406906,9.895568398684849e-05,0.95656,756.2,0.0846
4272,2,1325.53,7011.78,0.523118,9.895436965324543e-05,1.517257,767.8,0.0834
4273,2,1325.73,7010.87,0.566423,9.895305450190784e-05,1.323887,771.6,0.0829
4274,2,1325.92,7009.96,0.496255,9.89517385328579e-05,1.161254,772.4,0.0829
4275,2,1326.12,7009.07,0.401087,9.895042174611784e-05,0.957746,750.3,0.0853
4276,2,1326.32,7008.15,0.487848,9.894910414170985e-05,1.959856,761.1,0.0841
4277,2,1326.52,7007.25,0.528925,9.89477857196562e-05,1.131723,757.6,0.0845
4278,2,1326.72,7006.35,0.49714,9.89464664799791e-05,1.28353,761.4,0.0841
4279,2,1326.91,7005.44,0.465778,9.894514642270085e-05,1.274497,758.6,0.0844
4280,2,1327.11,7004.55,0.465504,9.894382554784373e-05,1.032752,743.1,0.0861
4281,2,1327.32,7003.68,0.525972,9.894250385543e-05,1.156687,721.4,0.0887
4282,2,1327.51,7002.74,0.471948,9.894118134548198e-05,1.557733,769.8,0.0831
4283,2,1327.71,7001.86,0.349244,9.8939858018022e-05,1.227979,741.1,0.0864
4284,2,1327.91,7000.98,0.428977,9.89385338730724e-05,1.025914,707.4,0.0905
4285,2,1328.11,7000.06,0.361877,9.893720891065549e-05,0.83962,746.6,0.0857
4286,2,1328.31,6999.17,0.460784,9.893588313079366e-05,0.971548,729.3,0.0878
4287,2,1328.5,6998.27,0.440859,9.893455653350928e-05,1.796621,726.2,0.0881
4288,2,1328.7,6997.36,0.397435,9.893322911882475e-05,1.29778,745.6,0.0858
4289,2,1328.89,6996.45,0.451981,9.893190088676245e-05,1.381592,746.6,0.0857
4290,2,1329.1,6995.57,0.464832,9.89305718373448e-05,1.316401,725.6,0.0882
4291,2,1329.29,6994.65,0.517281,9.892924197059422e-05,1.639185,759.4,0.0843
4292,2,1329.49,6993.75,0.529948,9.892791128653318e-05,1.627307,768.0,0.0833
4293,2,1329.69,6992.85,0.551357,9.892657978518413e-05,1.511618,759.4,0.0843
4294,2,1329.88,6991.95,0.464857,9.892524746656953e-05,1.299528,772.7,0.0828
4295,2,1330.08,6991.07,0.490683,9.892391433071187e-05,1.417133,739.0,0.0866
4296,2,1330.28,6990.15,0.340754,9.892258037763365e-05,1.227069,777.4,0.0823
4297,2,1330.48,6989.26,0.63238,9.892124560735738e-05,1.370649,755.1,0.0848
4298,2,1330.68,6988.4,0.449942,9.891991001990557e-05,1.177581,696.7,0.0919
4299,2,1330.87,6987.47,0.443827,9.891857361530078e-05,1.108352,752.1,0.0851
4300,2,1331.07,6986.56,0.410712,9.891723639356557e-05,1.201761,765.7,0.0836
4301,2,1331.27,6985.69,0.484616,9.891589835472249e-05,1.531725,752.0,0.0851
4302,2,1331.47,6984.79,0.41545,9.891455949879412e-05,1.482691,765.0,0.0837
4303,2,1331.66,6983.89,0.512339,9.891321982580307e-05,1.174096,764.6,0.0837
4304,2,1331.86,6983.0,0.466232,9.891187933577195e-05,0.922475,750.5,0.0853
4305,2,1332.07,6982.13,0.370088,9.891053802872337e-05,0.932899,717.6,0.0892
4306,2,1332.26,6981.22,0.50612,9.890919590467997e-05,1.831323,750.6,0.0853
4307,2,1332.46,6980.34,0.447587,9.89078529636644e-05,1.547879,732.8,0.0873
4308,2,1332.66,6979.45,0.42588,9.890650920569933e-05,0.979488,737.1,0.0868
4309,2,1332.86,6978.59,0.447078,9.890516463080743e-05,1.622664,686.1,0.0933
4310,2,1333.06,6977.69,0.388998,9.89038192390114e-05,1.734467,719.9,0.0889
4311,2,1333.25,6976.78,0.408056,9.890247303033392e-05,1.183377,748.8,0.0855
4312,2,1333.45,6975.89,0.497952,9.890112600479775e-05,1.870617,744.0,0.086
4313,2,1333.65,6975.0,0.466941,9.889977816242559e-05,1.440992,741.4,0.0863
4314,2,1333.85,6974.11,0.50672,9.88984295032402e-05,1.919837,740.7,0.0864
4315,2,1334.04,6973.21,0.426941,9.889708002726434e-05,1.494737,776.5,0.0824
4316,2,1334.24,6972.32,0.496375,9.889572973452078e-05,1.534844,754.2,0.0849
4317,2,1334.44,6971.43,0.528503,9.889437862503233e-05,1.294442,755.2,0.0847
4318,2,1334.65,6970.57,0.549339,9.889302669882176e-05,1.902486,701.7,0.0912
4319,2,1334.84,6969.66,0.347702,9.88916739559119e-05,1.384181,745.8,0.0858
4320,2,1335.04,6968.77,0.423066,9.889032039632558e-05,1.617014,737.3,0.0868
4321,2,1335.24,6967.9,0.39675,9.888896602008564e-05,1.382758,754.6,0.0848
4322,2,1335.44,6967.02,0.510343,9.888761082721494e-05,1.816427,734.6,0.0871
4323,2,1335.64,6966.14,0.559912,9.888625481773634e-05,1.409644,736.5,0.0869
4324,2,1335.83,6965.25,0.577197,9.888489799167274e-05,1.531933,744.7,0.0859
4325,2,1336.03,6964.36,0.426228,9.888354034904705e-05,1.338504,747.6,0.0856
4326,2,1336.23,6963.47,0.519454,9.888218188988214e-05,2.041172,743.3,0.0861
4327,2,1336.43,6962.57,0.545553,9.888082261420098e-05,1.154557,757.9,0.0844
4328,2,1336.62,6961.69,0.519011,9.887946252202647e-05,1.628221,752.8,0.085
4329,2,1336.82,6960.81,0.402082,9.887810161338158e-05,1.441466,741.2,0.0864
4330,2,1337.02,6959.92,0.367321,9.88767398882893e-05,1.160892,745.3,0.0859
4331,2,1337.22,6959.02,0.45643,9.88753773467726e-05,1.06657,760.4,0.0842
4332,2,1337.42,6958.14,0.501816,9.887401398885444e-05,1.939255,746.2,0.0858
4333,2,1337.61,6957.26,0.534922,9.887264981455787e-05,1.318619,757.5,0.0845
4334,2,1337.82,6956.42,0.534704,9.88712848239059e-05,1.174424,700.3,0.0914
4335,2,1338.01,6955.5,0.479934,9.886991901692156e-05,1.571383,748.5,0.0855
4336,2,1338.21,6954.62,0.507906,9.886855239362791e-05,1.312671,745.2,0.0859
4337,2,1338.41,6953.75,0.44712,9.8867184954048e-05,1.512506,739.4,0.0866
4338,2,1338.61,6952.87,0.391657,9.88658166982049e-05,1.19876,728.0,0.0879
4339,2,1338.81,6952.0,0.387649,9.886444762612172e-05,1.24727,732.9,0.0873
4340,2,1339.01,6951.12,0.404322,9.886307773782157e-05,1.376581,734.9,0.0871
4341,2,1339.22,6950.28,0.447702,9.886170703332756e-05,1.477396,721.0,0.0888
4342,2,1339.41,6949.4,0.449966,9.886033551266282e-05,1.15892,735.0,0.0871
4343,2,1339.61,6948.52,0.438363,9.885896317585049e-05,1.612933,745.7,0.0858
4344,2,1339.81,6947.64,0.520152,9.885759002291374e-05,1.500126,746.7,0.0857
4345,2,1340.01,6946.76,0.39679,9.885621605387573e-05,1.285582,737.7,0.0868
4346,2,1340.21,6945.89,0.511158,9.885484126875968e-05,2.14831,722.4,0.0886
4347,2,1340.4,6945.0,0.494601,9.885346566758877e-05,1.891469,748.3,0.0855
4348,2,1340.6,6944.1,0.50988,9.885208925038621e-05,1.835072,771.5,0.083
4349,2,1340.8,6943.23,0.535538,9.885071201717523e-05,1.312929,748.3,0.0855
4350,2,1340.99,6942.35,0.512216,9.884933396797909e-05,1.977263,761.5,0.084
4351,2,1341.2,6941.48,0.543087,9.884795510282102e-05,1.639064,739.8,0.0865
4352,2,1341.4,6940.62,0.522695,9.884657542172432e-05,1.762613,716.3,0.0893
4353,2,1341.59,6939.72,0.441532,9.884519492471226e-05,1.183714,757.6,0.0845
4354,2,1341.79,6938.83,0.437824,9.884381361180812e-05,1.150509,760.7,0.0841
4355,2,1341.99,6937.97,0.484173,9.884243148303524e-05,1.323067,740.6,0.0864
4356,2,1342.18,6937.08,0.48511,9.884104853841694e-05,1.335984,754.4,0.0848
4357,2,1342.38,6936.21,0.465472,9.883966477797654e-05,1.17907,743.0,0.0861
4358,2,1342.58,6935.33,0.476097,9.88382802017374e-05,1.157781,754.8,0.0848
4359,2,1342.78,6934.45,0.506838,9.883689480972291e-05,1.050098,758.9,0.0843
4360,2,1342.97,6933.57,0.489346,9.883550860195642e-05,1.444008,759.1,0.0843
4361,2,1343.18,6932.72,0.468645,9.883412157846134e-05,1.636371,740.9,0.0864
4362,2,1343.37,6931.83,0.497314,9.883273373926109e-05,1.719299,753.8,0.0849
4363,2,1343.57,6930.97,0.521676,9.883134508437904e-05,1.39345,732.7,0.0874
4364,2,1343.77,6930.1,0.415118,9.882995561383867e-05,1.123027,742.0,0.0863
4365,2,1343.97,6929.22,0.454592,9.882856532766344e-05,1.14114,747.3,0.0856
4366,2,1344.17,6928.36,0.51114,9.882717422587678e-05,1.093368,729.8,0.0877
4367,2,1344.37,6927.48,0.425817,9.882578230850219e-05,1.232392,741.8,0.0863
4368,2,1344.57,6926.6,0.442642,9.882438957556316e-05,1.671551,749.3,0.0854
4369,2,1344.76,6925.74,0.422119,9.882299602708317e-05,1.271833,741.5,0.0863
4370,2,1344.96,6924.87,0.445126,9.882160166308576e-05,1.230368,737.3,0.0868
4371,2,1345.16,6923.99,0.410459,9.882020648359444e-05,1.007098,752.5,0.0851
4372,2,1345.36,6923.12,0.429627,9.881881048863279e-05,1.217523,744.2,0.086
4373,2,1345.56,6922.24,0.478723,9.881741367822435e-05,1.868063,747.2,0.0857
4374,2,1345.75,6921.36,0.366841,9.881601605239269e-05,1.143313,758.4,0.0844
4375,2,1345.95,6920.5,0.431388,9.881461761116138e-05,1.201934,752.1,0.0851
4376,2,1346.15,6919.62,0.573566,9.881321835455407e-05,1.8834,763.2,0.0839
4377,2,1346.35,6918.77,0.405364,9.881181828259434e-05,1.457676,729.0,0.0878
4378,2,1346.55,6917.89,0.39423,9.881041739530582e-05,1.638078,743.2,0.0861
4379,2,1346.74,6917.01,0.514575,9.880901569271215e-05,1.793911,753.9,0.0849
4380,2,1346.94,6916.13,0.414106,9.8807613174837e-05,1.301456,768.4,0.0833
4381,2,1347.14,6915.29,0.528035,9.8806209841704e-05,1.163555,747.5,0.0856
4382,2,1347.34,6914.41,0.488235,9.88048056933369e-05,1.369275,752.3,0.0851
4383,2,1347.53,6913.53,0.451492,9.880340072975935e-05,1.92385,771.4,0.083
4384,2,1347.73,6912.65,0.415736,9.880199495099508e-05,1.347378,778.1,0.0822
4385,2,1347.93,6911.78,0.454696,9.880058835706778e-05,1.517466,764.0,0.0838
4386,2,1348.13,6910.91,0.389397,9.879918094800123e-05,0.94337,761.1,0.0841
4387,2,1348.32,6910.04,0.435692,9.879777272381917e-05,1.841085,765.0,0.0837
4388,2,1348.52,6909.17,0.446187,9.879636368454535e-05,1.082665,756.1,0.0846
4389,2,1348.72,6908.3,0.503652,9.879495383020356e-05,1.022212,758.2,0.0844
4390,2,1348.92,6907.44,0.507331,9.87935431608176e-05,1.143024,739.5,0.0865
4391,2,1349.11,6906.57,0.356594,9.879213167641128e-05,1.238443,741.1,0.0864
4392,2,1349.31,6905.69,0.396445,9.87907193770084e-05,1.052571,756.9,0.0846
4393,2,1349.51,6904.81,0.374889,9.878930626263281e-05,1.453753,768.3,0.0833
4394,2,1349.7,6903.95,0.62789,9.878789233330836e-05,2.133777,769.1,0.0832
4395,2,1349.9,6903.08,0.488049,9.878647758905892e-05,1.283294,765.1,0.0837
4396,2,1350.1,6902.21,0.570227,9.878506202990833e-05,2.505527,769.4,0.0832
4397,2,1350.3,6901.35,0.433636,9.87836456558805e-05,1.058224,759.8,0.0842
4398,2,1350.5,6900.5,0.428296,9.878222846699935e-05,1.200761,747.0,0.0857
4399,2,1350.7,6899.63,0.428566,9.878081046328878e-05,2.120857,744.4,0.086
4400,2,1350.89,6898.75,0.524334,9.877939164477272e-05,1.652395,767.8,0.0834
4401,2,1351.13,6898.11,0.530245,9.877797201147511e-05,1.775988,702.0,0.0912
4402,2,1351.33,6897.23,0.404158,9.877655156341993e-05,1.149963,739.0,0.0866
4403,2,1351.52,6896.36,0.403032,9.877513030063113e-05,1.102273,746.6,0.0857
4404,2,1351.72,6895.5,0.461949,9.877370822313271e-05,1.069612,738.5,0.0867
4405,2,1351.92,6894.63,0.453529,9.877228533094864e-05,1.112038,754.6,0.0848
4406,2,1352.12,6893.78,0.491966,9.877086162410299e-05,1.069327,724.6,0.0883
4407,2,1352.31,6892.91,0.467326,9.876943710261974e-05,0.889712,749.7,0.0854
4408,2,1352.52,6892.07,0.504078,9.876801176652295e-05,1.378852,710.7,0.0901
4409,2,1352.71,6891.19,0.385462,9.876658561583666e-05,0.76582,749.2,0.0854
4410,2,1352.91,6890.32,0.424762,9.876515865058495e-05,0.957269,776.7,0.0824
4411,2,1353.1,6889.45,0.465489,9.876373087079191e-05,0.978888,774.6,0.0826
4412,2,1353.3,6888.59,0.478154,9.876230227648161e-05,1.440832,770.7,0.083
4413,2,1353.5,6887.75,0.414852,9.876087286767818e-05,0.992852,722.8,0.0885
4414,2,1353.7,6886.87,0.46111,9.875944264440574e-05,1.485049,759.8,0.0842
4415,2,1353.89,6886.0,0.471012,9.875801160668842e-05,0.963926,772.4,0.0829
4416,2,1354.09,6885.14,0.442423,9.875657975455037e-05,1.199525,753.2,0.085
4417,2,1354.29,6884.28,0.35614,9.875514708801577e-05,1.032869,758.5,0.0844
4418,2,1354.49,6883.43,0.498168,9.87537136071088e-05,1.260811,748.9,0.0855
4419,2,1354.69,6882.57,0.547671,9.875227931185363e-05,1.600306,762.9,0.0839
4420,2,1354.88,6881.71,0.463344,9.875084420227447e-05,1.26596,762.7,0.0839
4421,2,1355.09,6880.88,0.448548,9.874940827839553e-05,1.646803,745.9,0.0858
4422,2,1355.29,6880.03,0.456542,9.874797154024107e-05,1.436315,742.7,0.0862
4423,2,1355.48,6879.17,0.535754,9.874653398783533e-05,1.664497,746.6,0.0857
4424,2,1355.68,6878.31,0.348102,9.874509562120258e-05,1.208872,747.2,0.0857
4425,2,1355.88,6877.46,0.475584,9.874365644036706e-05,1.357755,740.1,0.0865
4426,2,1356.08,6876.6,0.46458,9.874221644535308e-05,1.544699,750.0,0.0853
4427,2,1356.28,6875.75,0.411462,9.874077563618494e-05,1.175725,743.2,0.0861
4428,2,1356.48,6874.92,0.455494,9.873933401288697e-05,1.185939,707.7,0.0904
4429,2,1356.68,6874.06,0.509814,9.873789157548349e-05,1.194805,714.8,0.0895
4430,2,1356.87,6873.19,0.505278,9.873644832399883e-05,1.911845,726.9,0.088
4431,2,1357.07,6872.32,0.515428,9.873500425845735e-05,1.391222,751.6,0.0851
4432,2,1357.26,6871.46,0.444899,9.873355937888343e-05,1.194497,760.3,0.0842
4433,2,1357.46,6870.6,0.38927,9.873211368530145e-05,0.963593,758.8,0.0843
4434,2,1357.66,6869.75,0.484513,9.873066717773581e-05,1.16311,759.7,0.0842
4435,2,1357.86,6868.9,0.565248,9.872921985621092e-05,1.449859,751.8,0.0851
4436,2,1358.06,6868.05,0.518848,9.872777172075122e-05,1.769483,740.0,0.0865
4437,2,1358.26,6867.2,0.410115,9.872632277138112e-05,0.991261,754.3,0.0848
4438,2,1358.46,6866.35,0.461038,9.872487300812509e-05,1.170282,730.9,0.0876
4439,2,1358.65,6865.49,0.498376,9.872342243100758e-05,1.325883,760.2,0.0842
4440,2,1358.85,6864.64,0.563398,9.872197104005311e-05,1.921573,761.8,0.084
4441,2,1359.05,6863.81,0.465917,9.872051883528615e-05,1.202041,748.1,0.0855
4442,2,1359.25,6862.97,0.38696,9.871906581673119e-05,1.21842,727.5,0.088
4443,2,1359.44,6862.09,0.50307,9.871761198441278e-05,1.300928,774.0,0.0827
4444,2,1359.64,6861.24,0.438095,9.871615733835545e-05,1.404943,771.5,0.083
4445,2,1359.84,6860.39,0.576894,9.871470187858374e-05,1.299385,763.4,0.0838
4446,2,1360.04,6859.55,0.45649,9.871324560512222e-05,1.069233,734.7,0.0871
4447,2,1360.24,6858.71,0.413338,9.871178851799547e-05,1.076237,719.2,0.089
4448,2,1360.44,6857.85,0.539415,9.871033061722806e-05,1.363523,739.1,0.0866
4449,2,1360.63,6856.99,0.486304,9.870887190284462e-05,1.498949,762.6,0.0839
4450,2,1360.83,6856.14,0.467567,9.870741237486974e-05,0.882933,748.0,0.0856
4451,2,1361.03,6855.29,0.509986,9.870595203332808e-05,1.540365,751.4,0.0852
4452,2,1361.23,6854.44,0.475146,9.870449087824426e-05,1.369749,758.3,0.0844
4453,2,1361.42,6853.59,0.504621,9.870302890964296e-05,1.432885,747.9,0.0856
4454,2,1361.63,6852.76,0.448627,9.870156612754884e-05,1.553958,718.4,0.0891
4455,2,1361.83,6851.92,0.39709,9.870010253198659e-05,1.337481,713.1,0.0897
4456,2,1362.02,6851.05,0.462755,9.869863812298092e-05,1.343245,749.4,0.0854
4457,2,1362.22,6850.22,0.48103,9.869717290055654e-05,1.339017,726.2,0.0881
4458,2,1362.41,6849.36,0.482797,9.869570686473816e-05,1.580656,752.8,0.085
4459,2,1362.61,6848.51,0.334379,9.869424001555054e-05,2.181961,745.7,0.0858
4460,2,1362.81,6847.67,0.488204,9.869277235301844e-05,0.997809,747.0,0.0857
4461,2,1363.01,6846.84,0.433343,9.869130387716662e-05,1.548955,755.7,0.0847
4462,2,1363.21,6845.99,0.429969,9.868983458801984e-05,1.484497,765.1,0.0836
4463,2,1363.41,6845.14,0.426204,9.868836448560293e-05,1.865363,760.3,0.0842
4464,2,1363.6,6844.29,0.544409,9.868689356994067e-05,1.557662,763.9,0.0838
4465,2,1363.81,6843.46,0.457865,9.86854218410579e-05,1.260987,736.6,0.0869
4466,2,1364.0,6842.61,0.49608,9.868394929897948e-05,1.230748,757.9,0.0844
4467,2,1364.2,6841.74,0.401036,9.868247594373023e-05,1.640385,782.6,0.0818
4468,2,1364.4,6840.91,0.482773,9.868100177533502e-05,1.433024,758.1,0.0844
4469,2,1364.59,6840.07,0.415172,9.867952679381874e-05,1.862491,759.8,0.0842
4470,2,1364.79,6839.23,0.465987,9.867805099920626e-05,1.343749,750.2,0.0853
4471,2,1365.0,6838.41,0.526545,9.867657439152252e-05,1.242188,714.2,0.0896
4472,2,1365.18,6837.53,0.463581,9.867509697079243e-05,1.184956,777.4,0.0823
4473,2,1365.38,6836.69,0.469631,9.867361873704089e-05,1.765606,765.7,0.0836
4474,2,1365.58,6835.84,0.419649,9.867213969029287e-05,1.40553,759.7,0.0842
4475,2,1365.78,6834.99,0.522599,9.867065983057335e-05,2.185021,769.0,0.0832
4476,2,1365.97,6834.14,0.476308,9.866917915790727e-05,1.817596,772.1,0.0829
4477,2,1366.17,6833.31,0.522174,9.866769767231966e-05,1.487777,749.8,0.0854
4478,2,1366.37,6832.47,0.573274,9.866621537383549e-05,1.432699,749.5,0.0854
4479,2,1366.57,6831.62,0.545144,9.866473226247977e-05,1.598805,762.7,0.0839
4480,2,1366.76,6830.76,0.429779,9.866324833827755e-05,1.317921,789.8,0.081
4481,2,1366.97,6829.95,0.369185,9.866176360125387e-05,1.806654,734.8,0.0871
4482,2,1367.16,6829.09,0.555433,9.866027805143377e-05,1.042617,762.4,0.084
4483,2,1367.36,6828.25,0.380771,9.865879168884235e-05,1.12463,766.4,0.0835
4484,2,1367.56,6827.41,0.527023,9.865730451350469e-05,1.177236,763.4,0.0838
4485,2,1367.75,6826.56,0.489445,9.865581652544586e-05,1.1215,794.6,0.0805
4486,2,1367.95,6825.73,0.480103,9.865432772469101e-05,1.026391,763.0,0.0839
4487,2,1368.15,6824.89,0.489552,9.865283811126523e-05,1.425691,762.2,0.084
4488,2,1368.35,6824.06,0.593109,9.865134768519368e-05,1.16937,750.1,0.0853
4489,2,1368.54,6823.2,0.563711,9.86498564465015e-05,1.743612,777.8,0.0823
4490,2,1368.74,6822.37,0.447405,9.864836439521385e-05,0.977874,748.3,0.0855
4491,2,1368.94,6821.56,0.536038,9.864687153135594e-05,1.645084,716.5,0.0893
4492,2,1369.14,6820.69,0.500025,9.864537785495295e-05,1.51186,772.0,0.0829
4493,2,1369.33,6819.85,0.373774,9.864388336603009e-05,0.81902,768.2,0.0833
4494,2,1369.53,6819.01,0.38796,9.864238806461257e-05,0.960873,781.6,0.0819
4495,2,1369.73,6818.17,0.460845,9.864089195072563e-05,1.18829,765.6,0.0836
4496,2,1369.92,6817.32,0.486933,9.863939502439452e-05,0.950485,777.1,0.0824
4497,2,1370.13,6816.52,0.412528,9.86378972856445e-05,1.053187,711.5,0.09
4498,2,1370.32,6815.65,0.447099,9.863639873450087e-05,1.41806,760.6,0.0841
4499,2,1370.52,6814.84,0.436083,9.863489937098887e-05,1.325131,720.1,0.0889
4500,2,1370.72,6814.0,0.53621,9.863339919513387e-05,1.375183,727.0,0.088
4501,2,1379.78,6857.22,0.589812,9.863189820696114e-05,1.474174,688.4,0.093
4502,2,1380.0,6856.48,0.37008,9.863039640649603e-05,0.959335,754.7,0.0848
4503,2,1380.2,6855.63,0.361103,9.862889379376386e-05,0.992282,761.1,0.0841
4504,2,1380.39,6854.77,0.376842,9.862739036879e-05,1.280923,769.7,0.0831
4505,2,1380.59,6853.92,0.492615,9.862588613159986e-05,1.998686,751.8,0.0851
4506,2,1380.79,6853.08,0.392681,9.862438108221878e-05,0.97679,746.8,0.0857
4507,2,1380.98,6852.22,0.518384,9.862287522067217e-05,1.250367,760.6,0.0841
4508,2,1381.18,6851.38,0.520176,9.862136854698545e-05,1.370881,751.4,0.0852
4509,2,1381.38,6850.53,0.415268,9.861986106118406e-05,1.114631,751.7,0.0851
4510,2,1381.58,6849.67,0.427662,9.861835276329343e-05,0.99806,754.5,0.0848
4511,2,1381.77,6848.82,0.489043,9.8616843653339e-05,1.212159,760.1,0.0842
4512,2,1381.97,6847.97,0.413555,9.861533373134625e-05,1.004343,756.7,0.0846
4513,2,1382.17,6847.13,0.400737,9.861382299734066e-05,1.140179,741.1,0.0864
4514,2,1382.36,6846.29,0.489345,9.861231145134771e-05,1.21666,736.3,0.0869
4515,2,1382.57,6845.46,0.544717,9.861079909339296e-05,1.758952,711.7,0.0899
4516,2,1382.76,6844.59,0.51166,9.860928592350188e-05,1.34221,753.7,0.0849
4517,2,1382.96,6843.75,0.443769,9.860777194170004e-05,1.274739,748.1,0.0856
4518,2,1383.15,6842.89,0.373901,9.860625714801298e-05,1.175824,763.8,0.0838
4519,2,1383.35,6842.05,0.507709,9.860474154246626e-05,2.035765,770.0,0.0831
4520,2,1383.55,6841.22,0.497376,9.860322512508545e-05,1.647677,750.3,0.0853
4521,2,1383.75,6840.38,0.392653,9.860170789589616e-05,1.127905,756.1,0.0846
4522,2,1383.94,6839.53,0.400679,9.860018985492399e-05,1.929746,770.1,0.0831
4523,2,1384.14,6838.68,0.526867,9.859867100219456e-05,1.452881,765.3,0.0836
4524,2,1384.34,6837.84,0.555674,9.859715133773349e-05,2.305556,748.7,0.0855
4525,2,1384.53,6837.0,0.459201,9.859563086156644e-05,1.308204,741.8,0.0863
4526,2,1384.73,6836.16,0.330357,9.859410957371906e-05,1.386701,740.3,0.0864
4527,2,1384.93,6835.31,0.4814,9.859258747421703e-05,1.317038,750.4,0.0853
4528,2,1385.13,6834.47,0.489597,9.859106456308603e-05,1.317155,757.2,0.0845
4529,2,1385.32,6833.62,0.533151,9.858954084035178e-05,1.539556,771.9,0.0829
4530,2,1385.52,6832.79,0.541296,9.858801630603997e-05,2.094791,755.5,0.0847
4531,2,1385.72,6831.95,0.37383,9.858649096017636e-05,1.267559,748.5,0.0855
4532,2,1385.92,6831.12,0.426376,9.858496480278666e-05,1.129168,738.2,0.0867
4533,2,1386.12,6830.29,0.510976,9.858343783389664e-05,1.612585,728.2,0.0879
4534,2,1386.31,6829.45,0.468574,9.858191005353207e-05,1.236001,750.9,0.0852
4535,2,1386.51,6828.61,0.564317,9.858038146171873e-05,1.32934,758.8,0.0843
4536,2,1386.71,6827.78,0.454567,9.857885205848244e-05,1.518485,756.5,0.0846
4537,2,1386.91,6826.95,0.408092,9.857732184384896e-05,1.304651,742.2,0.0862
4538,2,1387.11,6826.12,0.463709,9.857579081784416e-05,1.751305,730.0,0.0877
4539,2,1387.3,6825.26,0.428704,9.857425898049386e-05,1.785061,761.9,0.084
4540,2,1387.5,6824.42,0.536622,9.857272633182391e-05,1.946917,759.8,0.0842
4541,2,1387.7,6823.6,0.491497,9.85711928718602e-05,1.140617,755.1,0.0848
4542,2,1387.9,6822.78,0.462377,9.856965860062858e-05,1.502979,727.2,0.088
4543,2,1388.1,6821.92,0.404214,9.856812351815496e-05,1.229547,757.3,0.0845
4544,2,1388.29,6821.1,0.479482,9.856658762446523e-05,0.992777,743.2,0.0861
4545,2,1388.49,6820.27,0.453096,9.856505091958534e-05,0.755479,741.2,0.0863
4546,2,1388.69,6819.43,0.430647,9.856351340354118e-05,1.184376,750.0,0.0853
4547,2,1388.89,6818.61,0.498201,9.856197507635873e-05,1.191231,722.2,0.0886
4548,2,1389.09,6817.78,0.457385,9.856043593806393e-05,1.131249,726.4,0.0881
4549,2,1389.29,6816.96,0.429674,9.855889598868278e-05,0.949556,721.6,0.0887
4550,2,1389.49,6816.13,0.461811,9.855735522824127e-05,1.372421,730.9,0.0876
4551,2,1389.68,6815.28,0.412612,9.855581365676538e-05,1.25485,746.1,0.0858
4552,2,1389.88,6814.45,0.47222,9.855427127428113e-05,1.24345,757.6,0.0845
4553,2,1390.09,6813.65,0.558065,9.855272808081455e-05,1.324816,702.7,0.0911
4554,2,1390.28,6812.78,0.500497,9.85511840763917e-05,1.989462,768.4,0.0833
4555,2,1390.47,6811.94,0.470453,9.854963926103862e-05,1.392526,766.1,0.0835
4556,2,1390.67,6811.11,0.465951,9.854809363478139e-05,1.249399,751.8,0.0851
4557,2,1390.87,6810.29,0.343323,9.854654719764608e-05,0.901354,749.2,0.0854
4558,2,1391.07,6809.45,0.453746,9.854499994965883e-05,1.157941,758.3,0.0844
4559,2,1391.26,6808.62,0.488637,9.854345189084571e-05,1.283062,753.2,0.085
4560,2,1391.46,6807.78,0.484018,9.854190302123285e-05,1.182278,755.9,0.0847
4561,2,1391.66,6806.96,0.499186,9.854035334084641e-05,1.113573,767.1,0.0834
4562,2,1391.86,6806.12,0.461554,9.853880284971253e-05,1.370732,766.2,0.0835
4563,2,1392.05,6805.3,0.503773,9.853725154785738e-05,1.917586,750.6,0.0853
4564,2,1392.25,6804.48,0.442635,9.853569943530711e-05,1.265649,730.3,0.0876
4565,2,1392.45,6803.63,0.344102,9.853414651208795e-05,1.234615,762.1,0.084
4566,2,1392.65,6802.81,0.586381,9.853259277822611e-05,1.257559,744.0,0.086
4567,2,1392.85,6801.99,0.415815,9.853103823374779e-05,1.143745,739.4,0.0866
4568,2,1393.04,6801.15,0.468315,9.852948287867924e-05,1.000304,749.3,0.0854
4569,2,1393.24,6800.32,0.542172,9.85279267130467e-05,1.350993,753.0,0.085
4570,2,1393.44,6799.48,0.415012,9.852636973687644e-05,1.543948,774.2,0.0827
4571,2,1393.63,6798.65,0.444321,9.852481195019472e-05,1.430727,767.1,0.0834
4572,2,1393.83,6797.81,0.47022,9.852325335302787e-05,1.483606,781.0,0.0819
4573,2,1394.02,6796.96,0.526555,9.852169394540213e-05,1.297168,802.9,0.0797
4574,2,1394.22,6796.14,0.486558,9.85201337273439e-05,1.275815,767.1,0.0834
4575,2,1394.42,6795.32,0.485958,9.851857269887942e-05,1.067868,743.7,0.0861
4576,2,1394.62,6794.49,0.442218,9.851701086003509e-05,0.950917,760.0,0.0842
4577,2,1394.81,6793.66,0.371488,9.851544821083726e-05,1.469231,763.8,0.0838
4578,2,1395.01,6792.84,0.402908,9.85138847513123e-05,1.049266,747.2,0.0856
4579,2,1395.22,6792.05,0.494171,9.85123204814866e-05,1.253907,700.6,0.0914
4580,2,1395.41,6791.19,0.430421,9.851075540138655e-05,1.050591,746.3,0.0858
4581,2,1395.61,6790.38,0.609036,9.850918951103856e-05,1.327035,747.0,0.0857
4582,2,1395.81,6789.56,0.493085,9.850762281046906e-05,1.771888,748.7,0.0855
4583,2,1396.01,6788.74,0.471965,9.850605529970451e-05,1.076169,749.5,0.0854
4584,2,1396.21,6787.93,0.495215,9.850448697877134e-05,1.421391,714.2,0.0896
4585,2,1396.4,6787.09,0.546461,9.850291784769603e-05,1.057824,742.1,0.0862
4586,2,1396.6,6786.26,0.491891,9.850134790650505e-05,1.532212,747.8,0.0856
4587,2,1396.8,6785.45,0.464893,9.849977715522489e-05,1.243818,731.3,0.0875
4588,2,1396.99,6784.62,0.497648,9.849820559388209e-05,0.96812,759.5,0.0843
4589,2,1397.19,6783.78,0.491656,9.849663322250313e-05,1.637234,784.1,0.0816
4590,2,1397.39,6782.99,0.420747,9.849506004111457e-05,1.33165,724.8,0.0883
4591,2,1397.58,6782.14,0.420965,9.849348604974297e-05,1.298753,763.1,0.0839
4592,2,1397.78,6781.31,0.468042,9.849191124841488e-05,1.123785,759.2,0.0843
4593,2,1397.98,6780.5,0.520299,9.849033563715688e-05,1.024211,732.4,0.0874
4594,2,1398.17,6779.66,0.503521,9.848875921599554e-05,1.532866,757.9,0.0844
4595,2,1398.37,6778.83,0.4405,9.84871819849575e-05,1.745285,762.9,0.0839
4596,2,1398.57,6778.01,0.386153,9.848560394406935e-05,1.287544,752.9,0.085
4597,2,1398.77,6777.2,0.701931,9.848402509335772e-05,1.57254,747.2,0.0856
4598,2,1398.96,6776.35,0.479887,9.848244543284928e-05,1.202527,782.7,0.0818
4599,2,1399.16,6775.55,0.444722,9.848086496257068e-05,1.514323,748.6,0.0855
4600,2,1399.36,6774.74,0.428066,9.847928368254858e-05,0.933252,732.4,0.0874
4601,2,1399.56,6773.94,0.397972,9.847770159280967e-05,1.544823,739.8,0.0865
4602,2,1399.76,6773.12,0.48279,9.847611869338067e-05,1.339844,744.8,0.0859
4603,2,1399.96,6772.3,0.406284,9.847453498428827e-05,1.241011,762.6,0.0839
4604,2,1400.16,6771.48,0.481833,9.84729504655592e-05,1.269652,762.8,0.0839
4605,2,1400.36,6770.67,0.535453,9.847136513722022e-05,1.246307,743.5,0.0861
4606,2,1400.55,6769.84,0.487443,9.846977899929806e-05,1.584285,769.4,0.0832
4607,2,1400.75,6769.03,0.498612,9.846819205181952e-05,1.114354,755.1,0.0848
4608,2,1400.95,6768.21,0.440623,9.846660429481135e-05,1.080388,762.5,0.0839
4609,2,1401.15,6767.4,0.463635,9.846501572830035e-05,0.83523,734.8,0.0871
4610,2,1401.35,6766.59,0.346335,9.846342635231334e-05,1.105508,746.1,0.0858
4611,2,1401.54,6765.77,0.484355,9.846183616687714e-05,1.303669,754.8,0.0848
4612,2,1401.75,6764.97,0.499907,9.84602451720186e-05,1.535402,722.5,0.0886
4613,2,1401.94,6764.14,0.557607,9.845865336776455e-05,1.499725,754.2,0.0849
4614,2,1402.14,6763.33,0.397944,9.845706075414184e-05,1.564204,750.1,0.0853
4615,2,1402.34,6762.51,0.428758,9.845546733117738e-05,1.655204,761.6,0.084
4616,2,1402.53,6761.7,0.503064,9.845387309889806e-05,1.09523,752.3,0.0851
4617,2,1402.74,6760.9,0.573898,9.845227805733077e-05,1.641335,713.0,0.0898
4618,2,1402.93,6760.08,0.469916,9.845068220650242e-05,1.31997,741.6,0.0863
4619,2,1403.13,6759.26,0.382896,9.844908554643997e-05,1.387978,753.2,0.085
4620,2,1403.33,6758.46,0.566544,9.844748807717034e-05,1.745154,725.7,0.0882
4621,2,1403.53,6757.65,0.402927,9.844588979872051e-05,1.396092,758.2,0.0844
4622,2,1403.73,6756.84,0.462913,9.844429071111743e-05,1.647967,742.6,0.0862
4623,2,1403.92,6756.02,0.441566,9.844269081438812e-05,1.524946,760.6,0.0841
4624,2,1404.12,6755.21,0.438149,9.844109010855955e-05,1.154963,760.5,0.0842
4625,2,1404.32,6754.42,0.393564,9.843948859365872e-05,1.30062,716.3,0.0893
4626,2,1404.51,6753.57,0.515608,9.843788626971271e-05,1.814438,773.9,0.0827
4627,2,1404.71,6752.76,0.560341,9.843628313674851e-05,2.637082,774.0,0.0827
4628,2,1404.91,6751.94,0.457926,9.843467919479322e-05,1.333147,766.6,0.0835
4629,2,1405.11,6751.14,0.36566,9.843307444387389e-05,1.106132,754.5,0.0848
4630,2,1405.31,6750.34,0.435156,9.843146888401758e-05,1.221658,724.1,0.0884
4631,2,1405.5,6749.51,0.425201,9.842986251525143e-05,0.816217,761.9,0.084
4632,2,1405.7,6748.69,0.498819,9.842825533760252e-05,1.576544,772.5,0.0829
4633,2,1405.9,6747.89,0.475626,9.842664735109796e-05,1.34574,760.3,0.0842
4634,2,1406.1,6747.08,0.365193,9.842503855576491e-05,0.89582,758.8,0.0843
4635,2,1406.29,6746.27,0.426482,9.842342895163053e-05,1.218413,752.8,0.085
4636,2,1406.49,6745.46,0.47552,9.842181853872196e-05,1.50151,754.4,0.0848
4637,2,1406.69,6744.65,0.447414,9.842020731706641e-05,1.848084,739.9,0.0865
4638,2,1406.88,6743.83,0.377492,9.841859528669104e-05,1.279324,767.0,0.0834
4639,2,1407.08,6743.01,0.385148,9.841698244762305e-05,1.433452,758.5,0.0844
4640,2,1407.28,6742.2,0.468711,9.841536879988969e-05,1.659294,753.9,0.0849
4641,2,1407.48,6741.4,0.374735,9.841375434351817e-05,1.19977,757.3,0.0845
4642,2,1407.68,6740.6,0.457884,9.841213907853575e-05,1.542157,749.9,0.0853
4643,2,1407.87,6739.78,0.424951,9.841052300496968e-05,1.419699,772.8,0.0828
4644,2,1408.07,6738.98,0.441442,9.840890612284724e-05,1.852338,758.4,0.0844
4645,2,1408.27,6738.17,0.269524,9.84072884321957e-05,0.71008,763.6,0.0838
4646,2,1408.47,6737.36,0.52357,9.840566993304238e-05,1.606319,763.4,0.0838
4647,2,1408.66,6736.55,0.430727,9.84040506254146e-05,1.168128,770.3,0.0831
4648,2,1408.86,6735.74,0.361922,9.840243050933967e-05,1.484107,773.4,0.0827
4649,2,1409.06,6734.92,0.446718,9.840080958484493e-05,2.041161,774.0,0.0827
4650,2,1409.25,6734.11,0.563589,9.839918785195775e-05,1.807681,770.0,0.0831
4651,2,1409.45,6733.3,0.472962,9.839756531070549e-05,1.544515,768.0,0.0833
4652,2,1409.65,6732.5,0.40303,9.839594196111554e-05,1.414653,765.0,0.0837
4653,2,1409.85,6731.69,0.418821,9.83943178032153e-05,1.054855,762.1,0.084
4654,2,1410.04,6730.88,0.470104,9.839269283703215e-05,1.454776,760.8,0.0841
4655,2,1410.24,6730.08,0.462063,9.839106706259356e-05,1.321797,754.8,0.0848
4656,2,1410.44,6729.28,0.483484,9.838944047992692e-05,1.650977,758.0,0.0844
4657,2,1410.64,6728.47,0.551076,9.838781308905971e-05,2.212856,762.8,0.0839
4658,2,1410.83,6727.66,0.472597,9.83861848900194e-05,1.377432,768.0,0.0833
4659,2,1411.04,6726.88,0.487825,9.838455588283343e-05,1.553546,730.7,0.0876
4660,2,1411.23,6726.05,0.447834,9.838292606752934e-05,1.44773,770.8,0.083
4661,2,1411.43,6725.27,0.447209,9.838129544413462e-05,1.242036,747.7,0.0856
4662,2,1411.63,6724.46,0.426782,9.837966401267675e-05,1.598207,753.7,0.0849
4663,2,1411.83,6723.66,0.424451,9.837803177318331e-05,1.50228,757.2,0.0845
4664,2,1412.03,6722.87,0.392389,9.837639872568183e-05,0.834009,750.8,0.0852
4665,2,1412.22,6722.06,0.387403,9.837476487019988e-05,1.05475,762.0,0.084
4666,2,1412.42,6721.26,0.569102,9.837313020676504e-05,1.763723,763.7,0.0838
4667,2,1412.62,6720.46,0.441778,9.837149473540485e-05,1.953581,752.4,0.0851
4668,2,1412.82,6719.66,0.490503,9.836985845614697e-05,1.115388,739.4,0.0866
4669,2,1413.01,6718.86,0.544612,9.836822136901897e-05,1.250045,744.1,0.086
4670,2,1413.21,6718.06,0.563564,9.83665834740485e-05,1.055659,750.7,0.0853
4671,2,1413.41,6717.24,0.360876,9.836494477126318e-05,1.433773,768.8,0.0833
4672,2,1413.61,6716.44,0.393229,9.836330526069071e-05,1.393611,763.6,0.0838
4673,2,1413.8,6715.65,0.440697,9.836166494235872e-05,1.023824,747.0,0.0857
4674,2,1414.0,6714.85,0.47692,9.83600238162949e-05,1.881846,754.0,0.0849
4675,2,1414.21,6714.08,0.473764,9.835838188252695e-05,1.744133,700.9,0.0913
4676,2,1414.4,6713.24,0.46497,9.835673914108259e-05,1.345969,765.9,0.0836
4677,2,1414.59,6712.43,0.396746,9.835509559198953e-05,1.207309,779.2,0.0821
4678,2,1414.79,6711.64,0.395315,9.835345123527549e-05,0.943739,761.0,0.0841
4679,2,1414.99,6710.85,0.516817,9.835180607096827e-05,1.259768,743.8,0.0861
4680,2,1415.19,6710.03,0.373315,9.835016009909558e-05,1.493111,769.8,0.0831
4681,2,1415.39,6709.25,0.59114,9.834851331968523e-05,1.447187,768.3,0.0833
4682,2,1415.58,6708.45,0.519757,9.834686573276501e-05,1.181628,750.7,0.0853
4683,2,1415.78,6707.64,0.4457,9.834521733836273e-05,1.192767,762.7,0.0839
4684,2,1415.98,6706.85,0.41449,9.83435681365062e-05,1.435934,758.8,0.0843
4685,2,1416.18,6706.05,0.471789,9.834191812722324e-05,2.130968,752.0,0.0851
4686,2,1416.37,6705.26,0.458573,9.834026731054173e-05,1.380183,753.0,0.085
4687,2,1416.57,6704.46,0.389351,9.83386156864895e-05,1.356433,749.4,0.0854
4688,2,1416.77,6703.66,0.417313,9.833696325509441e-05,1.406826,766.7,0.0835
4689,2,1416.97,6702.87,0.442253,9.833531001638439e-05,2.297651,749.7,0.0854
4690,2,1417.16,6702.07,0.605623,9.833365597038731e-05,2.07204,769.3,0.0832
4691,2,1417.36,6701.28,0.470079,9.83320011171311e-05,1.071681,743.6,0.0861
4692,2,1417.56,6700.48,0.470928,9.833034545664368e-05,1.327863,745.4,0.0859
4693,2,1417.76,6699.69,0.441147,9.832868898895299e-05,1.063864,741.5,0.0863
4694,2,1417.96,6698.9,0.465812,9.832703171408699e-05,1.267137,732.9,0.0873
4695,2,1418.15,6698.1,0.41958,9.832537363207365e-05,1.021505,751.7,0.0851
4696,2,1418.35,6697.3,0.412885,9.832371474294095e-05,1.171866,760.9,0.0841
4697,2,1418.56,6696.54,0.537961,9.832205504671688e-05,1.81539,711.7,0.0899
4698,2,1418.75,6695.73,0.469992,9.832039454342947e-05,1.284232,753.2,0.085
4699,2,1418.95,6694.93,0.572335,9.831873323310671e-05,1.413646,752.6,0.085
4700,2,1419.14,6694.14,0.409318,9.831707111577667e-05,1.49955,754.8,0.0848
4701,2,1419.35,6693.36,0.515464,9.831540819146739e-05,1.089445,747.0,0.0857
4702,2,1419.54,6692.57,0.428753,9.83137444602069e-05,1.233926,745.4,0.0859
4703,2,1419.74,6691.77,0.388492,9.831207992202335e-05,1.523629,764.5,0.0837
4704,2,1419.94,6690.98,0.515143,9.831041457694477e-05,1.572096,761.3,0.0841
4705,2,1420.14,6690.2,0.460115,9.830874842499928e-05,1.121384,742.5,0.0862
4706,2,1420.34,6689.4,0.450471,9.830708146621502e-05,1.482462,751.6,0.0851
4707,2,1420.54,6688.64,0.443336,9.830541370062011e-05,1.450299,704.1,0.0909
4708,2,1420.73,6687.81,0.550243,9.830374512824267e-05,2.237733,759.6,0.0843
4709,2,1420.93,6687.02,0.58976,9.830207574911088e-05,1.672493,761.7,0.084
4710,2,1421.13,6686.24,0.405626,9.830040556325292e-05,1.04825,735.4,0.087
4711,2,1421.33,6685.45,0.4887,9.829873457069698e-05,1.510387,738.6,0.0867
4712,2,1421.52,6684.65,0.453487,9.829706277147123e-05,1.778718,758.5,0.0844
4713,2,1421.72,6683.88,0.459744,9.829539016560392e-05,0.931994,733.8,0.0872
4714,2,1421.92,6683.07,0.361071,9.829371675312327e-05,0.8143,754.5,0.0848
4715,2,1422.12,6682.3,0.455456,9.829204253405751e-05,1.459844,728.8,0.0878
4716,2,1422.32,6681.51,0.353099,9.82903675084349e-05,0.922799,739.2,0.0866
4717,2,1422.51,6680.71,0.566038,9.828869167628369e-05,1.785474,754.0,0.0849
4718,2,1422.71,6679.92,0.528906,9.82870150376322e-05,1.35283,771.5,0.083
4719,2,1422.91,6679.14,0.581072,9.82853375925087e-05,1.376062,757.8,0.0845
4720,2,1423.11,6678.35,0.438875,9.82836593409415e-05,1.080989,755.0,0.0848
4721,2,1423.31,6677.57,0.454469,9.828198028295892e-05,1.283868,764.8,0.0837
4722,2,1423.51,6676.79,0.545524,9.828030041858931e-05,1.042283,751.2,0.0852
4723,2,1423.7,6676.0,0.465749,9.8278619747861e-05,0.990474,752.9,0.085
4724,2,1423.91,6675.23,0.415546,9.827693827080238e-05,0.890453,721.0,0.0888
4725,2,1424.1,6674.45,0.416126,9.82752559874418e-05,1.08183,722.2,0.0886
4726,2,1424.3,6673.66,0.465293,9.827357289780768e-05,1.057348,747.6,0.0856
4727,2,1424.5,6672.87,0.38533,9.827188900192841e-05,1.139168,754.2,0.0849
4728,2,1424.7,6672.09,0.393257,9.82702042998324e-05,1.228764,753.8,0.0849
4729,2,1424.9,6671.31,0.42231,9.826851879154811e-05,1.134154,746.1,0.0858
4730,2,1425.09,6670.52,0.478002,9.826683247710395e-05,1.2937,752.7,0.085
4731,2,1425.29,6669.73,0.418932,9.826514535652838e-05,0.959713,754.1,0.0849
4732,2,1425.49,6668.96,0.479286,9.826345742984989e-05,1.369476,742.2,0.0862
4733,2,1425.69,6668.17,0.484848,9.826176869709697e-05,1.698913,761.7,0.084
4734,2,1425.89,6667.38,0.383397,9.826007915829812e-05,1.198611,760.3,0.0842
4735,2,1426.09,6666.61,0.502195,9.825838881348182e-05,1.473322,738.9,0.0866
4736,2,1426.28,6665.82,0.399694,9.825669766267664e-05,1.04046,749.7,0.0854
4737,2,1426.48,6665.04,0.412708,9.825500570591109e-05,1.347855,751.7,0.0851
4738,2,1426.68,6664.27,0.53113,9.825331294321374e-05,1.864548,742.1,0.0862
4739,2,1426.88,6663.48,0.466666,9.825161937461315e-05,2.099751,752.4,0.0851
4740,2,1427.08,6662.7,0.573766,9.824992500013791e-05,1.691029,751.4,0.0852
4741,2,1427.28,6661.94,0.483338,9.824822981981662e-05,1.217228,756.4,0.0846
4742,2,1427.48,6661.16,0.486788,9.824653383367787e-05,0.962253,746.9,0.0857
4743,2,1427.67,6660.37,0.380028,9.824483704175029e-05,1.050122,759.1,0.0843
4744,2,1427.87,6659.57,0.435121,9.824313944406253e-05,1.522194,780.1,0.082
4745,2,1428.07,6658.82,0.514322,9.82414410406432e-05,1.545586,724.4,0.0883
4746,2,1428.27,6658.02,0.415608,9.8239741831521e-05,2.196314,760.5,0.0842
4747,2,1428.46,6657.24,0.447711,9.823804181672459e-05,1.267729,756.4,0.0846
4748,2,1428.66,6656.47,0.470012,9.823634099628267e-05,1.03192,735.0,0.0871
4749,2,1428.86,6655.68,0.368773,9.823463937022394e-05,0.829481,750.5,0.0853
4750,2,1429.06,6654.9,0.474786,9.823293693857711e-05,0.933647,754.2,0.0849
4751,2,1429.25,6654.11,0.369279,9.823123370137092e-05,0.803292,763.2,0.0839
4752,2,1429.45,6653.33,0.439295,9.822952965863412e-05,1.053341,760.1,0.0842
4753,2,1429.65,6652.56,0.588222,9.822782481039545e-05,1.917684,736.3,0.0869
4754,2,1429.85,6651.78,0.470801,9.822611915668368e-05,1.077528,732.4,0.0874
4755,2,1430.05,6650.99,0.430644,9.822441269752763e-05,0.988632,745.7,0.0858
4756,2,1430.24,6650.22,0.381751,9.822270543295606e-05,1.004184,736.8,0.0869
4757,2,1430.44,6649.42,0.512574,9.82209973629978e-05,1.400395,762.2,0.084
4758,2,1430.64,6648.64,0.406078,9.821928848768169e-05,1.337519,762.1,0.084
4759,2,1430.83,6647.86,0.444726,9.821757880703655e-05,2.13587,753.3,0.085
4760,2,1431.03,6647.08,0.537227,9.821586832109124e-05,1.644503,765.7,0.0836
4761,2,1431.24,6646.33,0.3633,9.82141570298746e-05,1.214805,732.2,0.0874
4762,2,1431.43,6645.55,0.373694,9.821244493341555e-05,1.391252,743.8,0.086
4763,2,1431.63,6644.77,0.410062,9.821073203174297e-05,1.316516,742.6,0.0862
4764,2,1431.83,6643.99,0.557091,9.820901832488577e-05,1.403454,770.5,0.0831
4765,2,1432.03,6643.21,0.49918,9.820730381287285e-05,1.54426,758.6,0.0844
4766,2,1432.22,6642.43,0.469315,9.820558849573317e-05,0.911387,760.3,0.0842
4767,2,1432.42,6641.66,0.462115,9.820387237349566e-05,1.333148,756.7,0.0846
4768,2,1432.62,6640.89,0.450514,9.82021554461893e-05,1.158523,735.0,0.0871
4769,2,1432.82,6640.11,0.516692,9.820043771384306e-05,1.527395,756.3,0.0846
4770,2,1433.02,6639.34,0.378931,9.819871917648594e-05,0.989488,742.4,0.0862
4771,2,1433.21,6638.56,0.334021,9.819699983414692e-05,1.049154,751.8,0.0851
4772,2,1433.41,6637.79,0.670595,9.819527968685502e-05,1.427706,742.2,0.0862
4773,2,1433.61,6637.0,0.435755,9.819355873463927e-05,0.91912,764.0,0.0838
4774,2,1433.81,6636.24,0.538141,9.819183697752873e-05,1.192992,724.5,0.0883
4775,2,1434.0,6635.45,0.467364,9.819011441555244e-05,1.272043,758.5,0.0844
4776,2,1434.2,6634.68,0.51904,9.818839104873947e-05,1.507374,748.6,0.0855
4777,2,1434.4,6633.9,0.425802,9.818666687711891e-05,1.360147,748.8,0.0855
4778,2,1434.6,6633.15,0.378269,9.818494190071988e-05,1.146836,710.0,0.0901
4779,2,1434.8,6632.39,0.520861,9.818321611957145e-05,1.553549,705.1,0.0908
4780,2,1434.99,6631.58,0.384987,9.818148953370277e-05,1.095999,764.9,0.0837
4781,2,1435.19,6630.83,0.541718,9.817976214314299e-05,1.272763,749.7,0.0854
4782,2,1435.39,6630.07,0.439253,9.817803394792122e-05,1.197626,735.6,0.087
4783,2,1435.59,6629.29,0.491133,9.817630494806667e-05,1.11771,744.6,0.086
4784,2,1435.79,6628.51,0.544666,9.817457514360849e-05,1.270086,753.6,0.0849
4785,2,1435.99,6627.75,0.523387,9.817284453457589e-05,1.515191,723.2,0.0885
4786,2,1436.18,6626.96,0.446317,9.817111312099806e-05,1.398785,753.2,0.085
4787,2,1436.38,6626.2,0.403679,9.816938090290423e-05,1.339226,736.8,0.0869
4788,2,1436.58,6625.41,0.426714,9.816764788032365e-05,1.218664,761.6,0.084
4789,2,1436.78,6624.66,0.41361,9.816591405328553e-05,1.252364,738.1,0.0867
4790,2,1436.97,6623.88,0.413684,9.816417942181916e-05,1.994172,743.1,0.0861
4791,2,1437.17,6623.1,0.422163,9.816244398595381e-05,1.305408,764.9,0.0837
4792,2,1437.37,6622.33,0.382832,9.816070774571877e-05,1.203827,750.9,0.0852
4793,2,1437.57,6621.56,0.338519,9.815897070114332e-05,0.935189,750.9,0.0852
4794,2,1437.76,6620.79,0.552273,9.815723285225678e-05,1.056236,761.5,0.084
4795,2,1437.96,6620.02,0.37924,9.815549419908851e-05,1.487957,750.6,0.0853
4796,2,1438.16,6619.25,0.404932,9.815375474166781e-05,1.057502,763.5,0.0838
4797,2,1438.36,6618.48,0.473645,9.815201448002406e-05,1.456492,756.2,0.0846
4798,2,1438.56,6617.71,0.607027,9.815027341418665e-05,2.610693,750.0,0.0853
4799,2,1438.75,6616.94,0.482753,9.814853154418491e-05,1.045856,752.3,0.0851
4800,2,1438.95,6616.18,0.441432,9.814678887004828e-05,1.430434,754.1,0.0849
4801,2,1476.81,6788.54,0.59629,9.814504539180616e-05,1.89326,681.9,0.0939
4802,2,1477.03,6787.81,0.475881,9.814330110948796e-05,1.924016,741.6,0.0863
4803,2,1477.23,6787.0,0.522414,9.814155602312313e-05,1.804867,730.5,0.0876
4804,2,1477.42,6786.18,0.404661,9.81398101327411e-05,0.872861,735.3,0.087
4805,2,1477.62,6785.35,0.5041,9.813806343837137e-05,1.316149,758.9,0.0843
4806,2,1477.82,6784.54,0.431475,9.81363159400434e-05,1.196027,744.9,0.0859
4807,2,1478.01,6783.71,0.45882,9.813456763778668e-05,0.886545,775.0,0.0826
4808,2,1478.21,6782.9,0.495111,9.813281853163071e-05,1.202703,751.9,0.0851
4809,2,1478.4,6782.08,0.41528,9.813106862160502e-05,1.15168,758.8,0.0843
4810,2,1478.6,6781.27,0.420847,9.812931790773912e-05,1.010943,754.7,0.0848
4811,2,1478.8,6780.46,0.392295,9.812756639006258e-05,1.023027,748.8,0.0855
4812,2,1479.0,6779.66,0.409953,9.812581406860494e-05,1.30432,756.2,0.0846
4813,2,1479.2,6778.85,0.497218,9.81240609433958e-05,1.376097,742.2,0.0862
4814,2,1479.39,6778.02,0.411725,9.812230701446472e-05,1.032154,781.5,0.0819
4815,2,1479.59,6777.22,0.538354,9.81205522818413e-05,1.096338,755.5,0.0847
4816,2,1479.78,6776.4,0.428426,9.811879674555518e-05,1.002827,766.2,0.0835
4817,2,1479.98,6775.58,0.464328,9.811704040563597e-05,1.206647,797.3,0.0803
4818,2,1480.18,6774.77,0.46892,9.811528326211331e-05,1.06498,778.4,0.0822
4819,2,1480.37,6773.95,0.454728,9.811352531501687e-05,1.191442,776.2,0.0825
4820,2,1480.57,6773.15,0.42487,9.811176656437628e-05,1.070643,736.4,0.0869
4821,2,1480.77,6772.34,0.473573,9.811000701022124e-05,1.514514,784.3,0.0816
4822,2,1480.96,6771.52,0.642132,9.810824665258147e-05,1.834811,780.8,0.082
4823,2,1481.16,6770.73,0.512388,9.810648549148667e-05,1.325174,750.3,0.0853
4824,2,1481.36,6769.91,0.411555,9.810472352696654e-05,1.676366,766.5,0.0835
4825,2,1481.56,6769.11,0.468251,9.810296075905081e-05,1.846794,749.6,0.0854
4826,2,1481.75,6768.3,0.471737,9.810119718776926e-05,1.576724,747.1,0.0857
4827,2,1481.95,6767.49,0.442013,9.809943281315163e-05,1.529013,750.5,0.0853
4828,2,1482.15,6766.67,0.460287,9.80976676352277e-05,1.541728,765.1,0.0837
4829,2,1482.35,6765.87,0.40708,9.809590165402727e-05,1.170874,747.2,0.0857
4830,2,1482.54,6765.05,0.463749,9.809413486958014e-05,2.064655,764.1,0.0838
4831,2,1482.74,6764.25,0.605615,9.809236728191613e-05,2.190117,753.8,0.0849
4832,2,1482.94,6763.45,0.453457,9.809059889106505e-05,1.375878,749.0,0.0854
4833,2,1483.13,6762.64,0.48687,9.808882969705677e-05,1.407946,752.1,0.0851
4834,2,1483.33,6761.83,0.547373,9.808705969992114e-05,1.280605,759.1,0.0843
4835,2,1483.53,6761.02,0.474718,9.808528889968802e-05,1.53786,753.1,0.085
4836,2,1483.73,6760.22,0.465368,9.80835172963873e-05,2.232723,749.9,0.0853
4837,2,1483.92,6759.42,0.440438,9.808174489004888e-05,1.390856,744.8,0.0859
4838,2,1484.12,6758.6,0.469085,9.807997168070266e-05,1.500037,758.2,0.0844
4839,2,1484.32,6757.8,0.480029,9.80781976683786e-05,0.996572,764.8,0.0837
4840,2,1484.52,6757.01,0.461593,9.80764228531066e-05,1.059043,743.1,0.0861
4841,2,1484.72,6756.23,0.405555,9.807464723491665e-05,1.954556,744.1,0.086
4842,2,1484.92,6755.42,0.442267,9.807287081383867e-05,1.181221,754.8,0.0848
4843,2,1485.12,6754.63,0.555754,9.807109358990268e-05,1.808415,733.3,0.0873
4844,2,1485.31,6753.81,0.521752,9.806931556313863e-05,1.571942,762.0,0.084
4845,2,1485.51,6753.02,0.458051,9.806753673357659e-05,1.038489,731.1,0.0875
4846,2,1485.71,6752.22,0.467736,9.806575710124654e-05,1.031606,733.6,0.0872
4847,2,1485.91,6751.43,0.491561,9.80639766661785e-05,1.239239,717.7,0.0892
4848,2,1486.11,6750.63,0.418555,9.806219542840256e-05,0.910118,731.4,0.0875
4849,2,1486.3,6749.82,0.510117,9.806041338794874e-05,1.409675,751.7,0.0851
4850,2,1486.5,6749.02,0.423556,9.805863054484713e-05,1.207344,737.9,0.0867
4851,2,1486.7,6748.21,0.487749,9.805684689912782e-05,1.347542,755.8,0.0847
4852,2,1486.89,6747.41,0.39916,9.805506245082092e-05,1.100127,753.5,0.0849
4853,2,1487.09,6746.61,0.41102,9.805327719995653e-05,1.216265,740.4,0.0864
4854,2,1487.29,6745.8,0.462369,9.805149114656477e-05,1.441132,761.6,0.084
4855,2,1487.48,6744.99,0.475432,9.804970429067581e-05,1.050917,769.8,0.0831
4856,2,1487.68,6744.18,0.418278,9.804791663231979e-05,1.166478,788.4,0.0812
4857,2,1487.88,6743.38,0.420492,9.804612817152688e-05,1.447335,778.9,0.0822
4858,2,1488.07,6742.57,0.516876,9.804433890832726e-05,1.898724,783.9,0.0816
4859,2,1488.27,6741.76,0.515407,9.804254884275112e-05,2.056215,792.4,0.0808
4860,2,1488.47,6740.97,0.42811,9.80407579748287e-05,0.869119,763.7,0.0838
4861,2,1488.67,6740.19,0.621933,9.803896630459019e-05,1.269275,761.3,0.0841
4862,2,1488.86,6739.4,0.346807,9.803717383206583e-05,1.498551,746.8,0.0857
4863,2,1489.06,6738.59,0.437135,9.803538055728589e-05,1.182154,757.4,0.0845
4864,2,1489.26,6737.8,0.50481,9.803358648028064e-05,2.004317,740.8,0.0864
4865,2,1489.46,6737.0,0.387158,9.803179160108032e-05,1.060085,752.8,0.085
4866,2,1489.65,6736.19,0.384549,9.802999591971526e-05,1.29687,763.1,0.0839
4867,2,1489.85,6735.38,0.560495,9.802819943621574e-05,1.567541,766.6,0.0835
4868,2,1490.04,6734.58,0.53318,9.802640215061209e-05,1.714602,772.6,0.0828
4869,2,1490.24,6733.79,0.349061,9.802460406293464e-05,1.030903,753.1,0.085
4870,2,1490.45,6733.02,0.555223,9.802280517321372e-05,1.519724,722.4,0.0886
4871,2,1490.64,6732.21,0.426899,9.80210054814797e-05,1.119305,750.2,0.0853
4872,2,1490.84,6731.41,0.471616,9.801920498776298e-05,1.218149,759.1,0.0843
4873,2,1491.03,6730.61,0.559806,9.801740369209392e-05,1.551269,764.0,0.0838
4874,2,1491.23,6729.81,0.518917,9.801560159450291e-05,1.175628,766.8,0.0835
4875,2,1491.43,6729.01,0.609302,9.801379869502034e-05,1.465193,767.2,0.0834
4876,2,1491.62,6728.22,0.499098,9.801199499367669e-05,1.672016,770.7,0.083
4877,2,1491.82,6727.43,0.535034,9.801019049050239e-05,1.244452,751.4,0.0852
4878,2,1492.02,6726.65,0.529194,9.800838518552786e-05,1.297346,735.0,0.0871
4879,2,1492.22,6725.85,0.486607,9.800657907878362e-05,0.941103,748.9,0.0855
4880,2,1492.42,6725.06,0.496926,9.800477217030009e-05,1.143909,742.9,0.0861
4881,2,1492.62,6724.3,0.498143,9.800296446010781e-05,1.320912,712.7,0.0898
4882,2,1492.81,6723.47,0.485194,9.800115594823726e-05,1.079267,764.0,0.0838
4883,2,1493.01,6722.69,0.459808,9.799934663471898e-05,1.378156,749.4,0.0854
4884,2,1493.21,6721.89,0.430169,9.79975365195835e-05,0.815211,757.7,0.0845
4885,2,1493.41,6721.11,0.501264,9.799572560286135e-05,1.217799,745.4,0.0859
4886,2,1493.61,6720.32,0.553665,9.799391388458312e-05,0.990404,726.4,0.0881
4887,2,1493.8,6719.51,0.523663,9.799210136477937e-05,1.105697,767.7,0.0834
4888,2,1494.01,6718.75,0.424663,9.79902880434807e-05,1.294096,711.4,0.09
4889,2,1494.2,6717.94,0.392509,9.798847392071768e-05,1.51268,737.9,0.0867
4890,2,1494.39,6717.13,0.484053,9.798665899652096e-05,1.075181,762.7,0.0839
4891,2,1494.59,6716.33,0.462562,9.798484327092115e-05,1.379898,774.8,0.0826
4892,2,1494.79,6715.55,0.432251,9.798302674394891e-05,1.3962,751.9,0.0851
4893,2,1494.98,6714.75,0.316383,9.79812094156349e-05,1.269148,767.6,0.0834
4894,2,1495.18,6713.95,0.50195,9.797939128600974e-05,1.574086,775.8,0.0825
4895,2,1495.38,6713.17,0.430915,9.797757235510418e-05,1.560128,759.7,0.0842
4896,2,1495.58,6712.38,0.45522,9.797575262294889e-05,1.575092,749.5,0.0854
4897,2,1495.78,6711.59,0.519945,9.797393208957457e-05,1.506696,738.9,0.0866
4898,2,1495.97,6710.78,0.437246,9.797211075501196e-05,1.567591,782.0,0.0818
4899,2,1496.16,6709.98,0.477165,9.797028861929177e-05,1.822573,807.0,0.0793
4900,2,1496.36,6709.19,0.554921,9.796846568244479e-05,2.146725,774.0,0.0827
4901,2,1496.56,6708.41,0.497916,9.796664194450175e-05,1.681467,790.2,0.081
4902,2,1496.76,6707.62,0.516352,9.796481740549347e-05,1.445796,776.5,0.0824
4903,2,1496.96,6706.84,0.421399,9.79629920654507e-05,1.140565,760.2,0.0842
4904,2,1497.15,6706.04,0.480565,9.796116592440427e-05,1.577273,784.1,0.0816
4905,2,1497.35,6705.26,0.358218,9.795933898238497e-05,1.063168,755.7,0.0847
4906,2,1497.55,6704.47,0.4852,9.795751123942366e-05,1.523296,760.7,0.0841
4907,2,1497.75,6703.7,0.558102,9.795568269555118e-05,1.956874,728.8,0.0878
4908,2,1497.94,6702.9,0.418974,9.795385335079838e-05,1.468995,767.8,0.0834
4909,2,1498.14,6702.12,0.517237,9.795202320519613e-05,1.524306,762.9,0.0839
4910,2,1498.34,6701.35,0.481101,9.795019225877534e-05,1.122487,719.7,0.0889
4911,2,1498.53,6700.53,0.427135,9.79483605115669e-05,1.110873,778.9,0.0822
4912,2,1498.73,6699.74,0.539003,9.794652796360171e-05,1.3439,784.4,0.0816
4913,2,1498.93,6698.95,0.420834,9.79446946149107e-05,1.237876,779.0,0.0822
4914,2,1499.13,6698.17,0.540241,9.794286046552483e-05,1.689715,779.1,0.0821
4915,2,1499.32,6697.38,0.4387,9.794102551547503e-05,1.146882,784.9,0.0815
4916,2,1499.52,6696.61,0.460275,9.793918976479226e-05,1.160107,752.0,0.0851
4917,2,1499.72,6695.82,0.469768,9.793735321350752e-05,1.104407,766.6,0.0835
4918,2,1499.92,6695.04,0.381348,9.793551586165182e-05,1.212416,738.3,0.0867
4919,2,1500.11,6694.25,0.427834,9.793367770925614e-05,0.988584,753.1,0.085
4920,2,1500.31,6693.45,0.57365,9.793183875635152e-05,1.424689,768.4,0.0833
4921,2,1500.51,6692.68,0.507213,9.792999900296898e-05,1.091001,766.9,0.0834
4922,2,1500.71,6691.89,0.542344,9.792815844913957e-05,1.306071,781.6,0.0819
4923,2,1500.91,6691.13,0.368764,9.792631709489437e-05,1.026661,728.8,0.0878
4924,2,1501.11,6690.35,0.506162,9.792447494026444e-05,1.424019,740.5,0.0864
4925,2,1501.31,6689.57,0.496013,9.792263198528086e-05,1.500645,741.3,0.0863
4926,2,1501.5,6688.78,0.414414,9.792078822997474e-05,1.013216,750.0,0.0853
4927,2,1501.7,6687.99,0.49674,9.79189436743772e-05,1.084901,766.3,0.0835
4928,2,1501.89,6687.21,0.556082,9.791709831851937e-05,1.274419,762.1,0.084
4929,2,1502.09,6686.42,0.646821,9.79152521624324e-05,1.668804,763.5,0.0838
4930,2,1502.29,6685.64,0.38532,9.791340520614743e-05,0.852419,773.5,0.0827
4931,2,1502.49,6684.86,0.540898,9.791155744969563e-05,1.322826,767.8,0.0834
4932,2,1502.68,6684.07,0.469611,9.79097088931082e-05,0.943757,782.0,0.0818
4933,2,1502.88,6683.29,0.460133,9.790785953641634e-05,1.265375,765.4,0.0836
4934,2,1503.08,6682.52,0.49545,9.790600937965122e-05,1.498275,743.4,0.0861
4935,2,1503.27,6681.72,0.456467,9.79041584228441e-05,1.449225,765.1,0.0837
4936,2,1503.47,6680.93,0.512244,9.790230666602622e-05,1.048375,785.8,0.0814
4937,2,1503.67,6680.16,0.472673,9.790045410922883e-05,0.98929,767.2,0.0834
4938,2,1503.86,6679.37,0.456811,9.789860075248316e-05,1.257956,780.6,0.082
4939,2,1504.06,6678.6,0.44736,9.789674659582051e-05,1.009092,761.0,0.0841
4940,2,1504.26,6677.82,0.40052,9.78948916392722e-05,1.147694,753.4,0.085
4941,2,1504.46,6677.06,0.4757,9.789303588286949e-05,0.898697,762.0,0.084
4942,2,1504.66,6676.29,0.377719,9.789117932664372e-05,1.023209,753.7,0.0849
4943,2,1504.86,6675.52,0.456833,9.788932197062624e-05,1.494112,732.7,0.0873
4944,2,1505.06,6674.73,0.460566,9.788746381484834e-05,1.403281,753.9,0.0849
4945,2,1505.25,6673.94,0.441863,9.788560485934143e-05,1.052899,773.3,0.0828
4946,2,1505.45,6673.17,0.579408,9.788374510413688e-05,1.572885,747.1,0.0857
4947,2,1505.65,6672.38,0.529264,9.788188454926605e-05,1.370663,782.9,0.0817
4948,2,1505.84,6671.61,0.421322,9.788002319476035e-05,1.117229,783.6,0.0817
4949,2,1506.04,6670.84,0.449772,9.78781610406512e-05,1.487085,758.5,0.0844
4950,2,1506.24,6670.05,0.477324,9.787629808697003e-05,1.516672,780.9,0.082
4951,2,1506.44,6669.29,0.506984,9.787443433374827e-05,1.843808,763.6,0.0838
4952,2,1506.64,6668.51,0.505816,9.787256978101736e-05,1.321901,761.2,0.0841
4953,2,1506.84,6667.75,0.528452,9.787070442880879e-05,1.594224,746.6,0.0857
4954,2,1507.03,6666.97,0.483716,9.786883827715404e-05,1.28927,748.7,0.0855
4955,2,1507.23,6666.17,0.383391,9.786697132608457e-05,0.889144,798.5,0.0801
4956,2,1507.43,6665.4,0.547754,9.786510357563194e-05,1.382776,775.0,0.0826
4957,2,1507.62,6664.62,0.471468,9.786323502582764e-05,2.046018,779.1,0.0821
4958,2,1507.82,6663.85,0.487355,9.78613656767032e-05,1.400308,779.2,0.0821
4959,2,1508.02,6663.06,0.417319,9.785949552829018e-05,0.859536,795.5,0.0804
4960,2,1508.21,6662.3,0.424748,9.785762458062014e-05,1.193886,766.9,0.0835
4961,2,1508.42,6661.54,0.49809,9.785575283372464e-05,1.3596,773.0,0.0828
4962,2,1508.61,6660.74,0.369882,9.785388028763529e-05,1.000746,805.9,0.0794
4963,2,1508.81,6659.98,0.534633,9.785200694238368e-05,1.588652,766.5,0.0835
4964,2,1509.0,6659.2,0.410926,9.785013279800143e-05,0.939189,773.0,0.0828
4965,2,1509.2,6658.43,0.460689,9.784825785452018e-05,1.031154,768.2,0.0833
4966,2,1509.4,6657.65,0.439112,9.784638211197154e-05,1.018422,781.9,0.0819
4967,2,1509.6,6656.88,0.438057,9.784450557038718e-05,1.278041,769.7,0.0832
4968,2,1509.8,6656.11,0.475918,9.784262822979879e-05,0.833751,763.5,0.0838
4969,2,1509.99,6655.34,0.486786,9.784075009023805e-05,1.415815,767.1,0.0834
4970,2,1510.19,6654.56,0.453576,9.783887115173661e-05,1.042158,768.3,0.0833
4971,2,1510.39,6653.78,0.5744,9.783699141432623e-05,1.155493,767.3,0.0834
4972,2,1510.58,6653.01,0.465424,9.783511087803862e-05,1.821358,769.1,0.0832
4973,2,1510.78,6652.25,0.554154,9.78332295429055e-05,1.712455,736.9,0.0869
4974,2,1510.98,6651.49,0.313635,9.783134740895865e-05,1.062558,747.8,0.0856
4975,2,1511.18,6650.73,0.419073,9.78294644762298e-05,1.234692,734.8,0.0871
4976,2,1511.38,6649.95,0.580731,9.782758074475075e-05,1.392859,749.7,0.0854
4977,2,1511.58,6649.18,0.416811,9.782569621455327e-05,1.102823,746.6,0.0857
4978,2,1511.77,6648.41,0.566259,9.782381088566919e-05,1.846721,766.8,0.0835
4979,2,1511.97,6647.64,0.504682,9.78219247581303e-05,1.795897,764.1,0.0838
4980,2,1512.17,6646.86,0.465717,9.782003783196846e-05,1.155195,766.5,0.0835
4981,2,1512.37,6646.11,0.480176,9.78181501072155e-05,1.072777,763.0,0.0839
4982,2,1512.57,6645.37,0.505567,9.781626158390327e-05,0.908844,713.3,0.0897
4983,2,1512.77,6644.58,0.377487,9.781437226206366e-05,0.990542,754.5,0.0848
4984,2,1512.97,6643.82,0.496101,9.781248214172855e-05,1.443533,743.3,0.0861
4985,2,1513.16,6643.03,0.472296,9.781059122292983e-05,1.334836,779.7,0.0821
4986,2,1513.36,6642.28,0.534636,9.780869950569941e-05,1.628129,741.8,0.0863
4987,2,1513.56,6641.5,0.426584,9.780680699006924e-05,1.004665,763.6,0.0838
4988,2,1513.75,6640.73,0.453293,9.780491367607123e-05,0.863592,751.2,0.0852
4989,2,1513.95,6639.97,0.549818,9.780301956373733e-05,1.151787,746.0,0.0858
4990,2,1514.16,6639.22,0.469663,9.780112465309954e-05,1.253331,715.1,0.0895
4991,2,1514.35,6638.43,0.448208,9.77992289441898e-05,1.004845,770.1,0.0831
4992,2,1514.55,6637.67,0.404567,9.779733243704012e-05,1.21704,763.5,0.0838
4993,2,1514.75,6636.91,0.443221,9.779543513168252e-05,1.079073,757.6,0.0845
4994,2,1514.95,6636.16,0.529356,9.7793537028149e-05,1.31928,728.2,0.0879
4995,2,1515.14,6635.38,0.461913,9.779163812647159e-05,1.272723,759.5,0.0843
4996,2,1515.34,6634.62,0.541978,9.778973842668234e-05,2.255053,762.0,0.084
4997,2,1515.54,6633.85,0.41521,9.778783792881335e-05,0.973412,760.2,0.0842
4998,2,1515.74,6633.09,0.500264,9.778593663289662e-05,1.17108,746.8,0.0857
4999,2,1515.93,6632.33,0.376657,9.778403453896428e-05,0.833283,750.7,0.0853
5000,2,1516.13,6631.57,0.545075,9.778213164704845e-05,1.568484,750.8,0.0852
5001,2,1516.33,6630.81,0.368521,9.77802279571812e-05,1.283585,757.6,0.0845
5002,2,1516.53,6630.04,0.361392,9.777832346939467e-05,1.033983,764.1,0.0838
5003,2,1516.72,6629.27,0.440483,9.777641818372102e-05,1.39921,777.6,0.0823
5004,2,1516.92,6628.51,0.495884,9.777451210019239e-05,1.1663,759.1,0.0843
5005,2,1517.12,6627.75,0.476069,9.777260521884094e-05,1.461152,741.5,0.0863
5006,2,1517.32,6626.99,0.471522,9.777069753969889e-05,1.291985,743.8,0.086
5007,2,1517.52,6626.25,0.410319,9.776878906279838e-05,1.087981,718.4,0.0891
5008,2,1517.72,6625.47,0.450019,9.776687978817166e-05,1.012981,745.4,0.0859
5009,2,1517.92,6624.72,0.450181,9.776496971585093e-05,1.53413,728.1,0.0879
5010,2,1518.12,6623.95,0.440015,9.776305884586844e-05,1.503461,740.1,0.0865
5011,2,1518.31,6623.19,0.478547,9.776114717825643e-05,1.166173,741.6,0.0863
5012,2,1518.51,6622.43,0.525994,9.775923471304714e-05,1.39078,740.8,0.0864
5013,2,1518.71,6621.68,0.514418,9.775732145027289e-05,1.070506,738.4,0.0867
5014,2,1518.91,6620.91,0.41111,9.775540738996595e-05,1.779691,752.0,0.0851
5015,2,1519.11,6620.16,0.501757,9.775349253215861e-05,1.562934,744.7,0.0859
5016,2,1519.31,6619.4,0.466441,9.77515768768832e-05,1.077764,748.3,0.0855
5017,2,1519.5,6618.64,0.519788,9.774966042417203e-05,1.276001,743.8,0.086
5018,2,1519.71,6617.9,0.389266,9.774774317405747e-05,1.470949,718.7,0.0891
5019,2,1519.9,6617.14,0.453857,9.774582512657185e-05,0.906421,745.0,0.0859
5020,2,1520.1,6616.38,0.506572,9.774390628174758e-05,1.087028,739.5,0.0865
5021,2,1520.31,6615.66,0.445792,9.774198663961701e-05,1.158543,711.8,0.0899
5022,2,1520.5,6614.87,0.586338,9.774006620021253e-05,1.054014,766.8,0.0835
5023,2,1520.7,6614.11,0.483663,9.773814496356656e-05,1.055591,757.4,0.0845
5024,2,1520.89,6613.35,0.472656,9.773622292971154e-05,1.464003,770.0,0.0831
5025,2,1521.09,6612.6,0.515519,9.773430009867988e-05,1.586507,749.5,0.0854
5026,2,1521.29,6611.85,0.514028,9.773237647050405e-05,1.104428,743.4,0.0861
5027,2,1521.49,6611.09,0.482037,9.773045204521651e-05,0.982749,745.7,0.0858
5028,2,1521.69,6610.33,0.541283,9.772852682284973e-05,1.454682,759.4,0.0843
5029,2,1521.89,6609.57,0.47472,9.772660080343621e-05,1.167955,747.7,0.0856
5030,2,1522.09,6608.85,0.560062,9.772467398700844e-05,1.128635,691.1,0.0926
5031,2,1522.29,6608.08,0.41588,9.772274637359895e-05,0.83096,730.5,0.0876
5032,2,1522.49,6607.33,0.421821,9.772081796324028e-05,0.908685,717.2,0.0892
5033,2,1522.69,6606.59,0.455829,9.771888875596497e-05,1.035984,691.0,0.0926
5034,2,1522.88,6605.81,0.481656,9.771695875180556e-05,1.121958,738.3,0.0867
5035,2,1523.08,6605.06,0.464088,9.771502795079464e-05,1.192018,722.4,0.0886
5036,2,1523.28,6604.32,0.524318,9.771309635296478e-05,1.340403,709.7,0.0902
5037,2,1523.48,6603.56,0.418522,9.77111639583486e-05,1.079461,724.8,0.0883
5038,2,1523.68,6602.79,0.382927,9.770923076697868e-05,1.29892,746.6,0.0857
5039,2,1523.87,6602.04,0.411803,9.770729677888767e-05,1.321608,739.8,0.0865
5040,2,1524.08,6601.31,0.416272,9.77053619941082e-05,0.859667,694.4,0.0922
5041,2,1524.27,6600.55,0.409676,9.770342641267294e-05,1.366243,741.0,0.0864
5042,2,1524.48,6599.82,0.460688,9.770149003461452e-05,1.285234,701.9,0.0912
5043,2,1524.67,6599.05,0.536937,9.769955285996564e-05,1.673006,745.2,0.0859
5044,2,1524.87,6598.3,0.510932,9.769761488875899e-05,1.624771,745.4,0.0859
5045,2,1525.07,6597.56,0.427583,9.769567612102728e-05,1.130736,735.8,0.087
5046,2,1525.27,6596.79,0.517517,9.769373655680323e-05,1.9193,756.2,0.0846
5047,2,1525.47,6596.05,0.39959,9.769179619611957e-05,1.206501,735.5,0.087
5048,2,1525.67,6595.3,0.518243,9.768985503900906e-05,1.131618,734.0,0.0872
5049,2,1525.86,6594.54,0.357743,9.768791308550442e-05,1.082042,756.1,0.0846
5050,2,1526.06,6593.78,0.514662,9.768597033563847e-05,1.611078,763.1,0.0839
5051,2,1526.26,6593.03,0.40937,9.768402678944396e-05,1.095035,744.8,0.0859
5052,2,1526.46,6592.3,0.459811,9.768208244695371e-05,1.182757,714.8,0.0895
5053,2,1526.65,6591.54,0.460369,9.768013730820052e-05,1.131883,738.7,0.0866
5054,2,1526.85,6590.77,0.491975,9.767819137321724e-05,1.313873,752.6,0.085
5055,2,1527.04,6590.0,0.494309,9.76762446420367e-05,1.286394,766.3,0.0835
5056,2,1527.24,6589.25,0.461429,9.767429711469174e-05,1.44185,750.3,0.0853
5057,2,1527.44,6588.52,0.519364,9.767234879121524e-05,1.080462,712.0,0.0899
5058,2,1527.64,6587.75,0.491644,9.767039967164008e-05,1.16187,756.3,0.0846
5059,2,1527.84,6587.02,0.394549,9.766844975599914e-05,1.2121,713.6,0.0897
5060,2,1528.03,6586.25,0.379986,9.766649904432536e-05,1.076781,763.7,0.0838
5061,2,1528.23,6585.5,0.565085,9.766454753665162e-05,2.019754,761.6,0.084
5062,2,1528.43,6584.76,0.40178,9.766259523301089e-05,1.217097,724.9,0.0883
5063,2,1528.63,6583.99,0.388482,9.766064213343609e-05,1.139395,769.8,0.0831
5064,2,1528.83,6583.25,0.472916,9.76586882379602e-05,1.127742,754.5,0.0848
5065,2,1529.02,6582.49,0.459504,9.765673354661619e-05,1.178683,760.0,0.0842
5066,2,1529.22,6581.76,0.392525,9.765477805943704e-05,0.74344,724.9,0.0883
5067,2,1529.41,6580.98,0.469329,9.765282177645576e-05,1.255532,783.8,0.0817
5068,2,1529.61,6580.23,0.481584,9.765086469770538e-05,1.323968,765.8,0.0836
5069,2,1529.81,6579.48,0.399316,9.764890682321889e-05,0.839113,770.3,0.0831
5070,2,1530.01,6578.73,0.498798,9.764694815302938e-05,1.76227,756.2,0.0846
5071,2,1530.21,6577.99,0.491807,9.764498868716986e-05,1.469024,749.6,0.0854
5072,2,1530.41,6577.26,0.49655,9.764302842567341e-05,1.191597,732.8,0.0873
5073,2,1530.6,6576.5,0.304758,9.764106736857315e-05,0.887757,749.4,0.0854
5074,2,1530.8,6575.76,0.471941,9.76391055159021e-05,1.060025,742.9,0.0861
5075,2,1531.0,6575.0,0.447097,9.763714286769344e-05,1.265695,766.6,0.0835
5076,2,1531.2,6574.27,0.518137,9.763517942398027e-05,1.460072,732.4,0.0874
5077,2,1531.4,6573.51,0.466851,9.763321518479571e-05,1.181828,753.0,0.085
5078,2,1531.59,6572.76,0.446189,9.763125015017293e-05,1.523378,773.9,0.0827
5079,2,1531.79,6572.01,0.451278,9.762928432014509e-05,0.936151,761.4,0.0841
5080,2,1531.99,6571.28,0.558286,9.762731769474535e-05,1.147606,743.5,0.0861
5081,2,1532.19,6570.52,0.527279,9.762535027400692e-05,1.493477,795.4,0.0805
5082,2,1532.39,6569.8,0.419209,9.762338205796298e-05,1.022206,722.6,0.0886
5083,2,1532.59,6569.04,0.441588,9.762141304664678e-05,0.948329,763.9,0.0838
5084,2,1532.78,6568.29,0.540574,9.761944324009151e-05,1.202776,774.3,0.0827
5085,2,1532.98,6567.55,0.430965,9.761747263833043e-05,1.190287,756.2,0.0846
5086,2,1533.18,6566.8,0.408913,9.761550124139681e-05,1.09057,768.9,0.0832
5087,2,1533.37,6566.05,0.53906,9.76135290493239e-05,1.447955,768.5,0.0833
5088,2,1533.57,6565.31,0.467096,9.7611556062145e-05,1.375419,755.5,0.0847
5089,2,1533.77,6564.57,0.507351,9.76095822798934e-05,0.92792,723.8,0.0884
5090,2,1533.97,6563.83,0.513455,9.760760770260241e-05,1.040993,723.8,0.0884
5091,2,1534.17,6563.07,0.445692,9.760563233030533e-05,0.924024,751.5,0.0852
5092,2,1534.36,6562.33,0.41505,9.760365616303555e-05,1.12673,746.5,0.0857
5093,2,1534.56,6561.58,0.428053,9.760167920082639e-05,1.153147,759.0,0.0843
5094,2,1534.76,6560.84,0.422786,9.759970144371119e-05,1.11075,754.7,0.0848
5095,2,1534.96,6560.09,0.476336,9.759772289172338e-05,1.123766,770.3,0.0831
5096,2,1535.16,6559.36,0.454587,9.75957435448963e-05,1.137278,752.0,0.0851
5097,2,1535.35,6558.61,0.525883,9.759376340326339e-05,1.329606,756.3,0.0846
5098,2,1535.55,6557.87,0.568393,9.759178246685805e-05,0.908419,754.5,0.0848
5099,2,1535.75,6557.13,0.433335,9.758980073571371e-05,1.026642,739.5,0.0866
5100,2,1535.94,6556.37,0.399294,9.758781820986383e-05,0.915762,757.7,0.0845
5101,2,1545.11,6593.92,0.474413,9.758583488934186e-05,1.307734,690.4,0.0927
5102,2,1545.33,6593.24,0.40543,9.758385077418127e-05,1.944868,757.9,0.0844
5103,2,1545.53,6592.49,0.493208,9.758186586441554e-05,1.295074,761.3,0.0841
5104,2,1545.72,6591.73,0.477564,9.757988016007817e-05,1.135766,757.9,0.0844
5105,2,1545.92,6590.97,0.493809,9.757789366120269e-05,1.19047,767.9,0.0833
5106,2,1546.11,6590.21,0.517723,9.75759063678226e-05,1.248486,771.7,0.0829
5107,2,1546.31,6589.45,0.445424,9.757391827997144e-05,1.098532,773.3,0.0828
5108,2,1546.51,6588.7,0.340367,9.757192939768279e-05,1.228638,766.5,0.0835
5109,2,1546.71,6587.95,0.53366,9.756993972099018e-05,1.012622,749.0,0.0854
5110,2,1546.9,6587.2,0.500952,9.756794924992721e-05,1.165657,751.4,0.0852
5111,2,1547.1,6586.45,0.430326,9.756595798452746e-05,1.199187,747.8,0.0856
5112,2,1547.3,6585.7,0.499586,9.756396592482454e-05,1.241616,759.5,0.0843
5113,2,1547.49,6584.95,0.552528,9.756197307085207e-05,1.350916,748.9,0.0855
5114,2,1547.69,6584.21,0.473992,9.755997942264366e-05,1.018825,722.7,0.0886
5115,2,1547.89,6583.43,0.480029,9.755798498023298e-05,1.377336,778.5,0.0822
5116,2,1548.08,6582.68,0.371132,9.75559897436537e-05,1.092658,779.7,0.0821
5117,2,1548.28,6581.94,0.464988,9.755399371293948e-05,1.36012,752.9,0.085
5118,2,1548.48,6581.18,0.40431,9.755199688812399e-05,1.226733,759.6,0.0843
5119,2,1548.68,6580.43,0.522265,9.754999926924096e-05,1.084492,757.3,0.0845
5120,2,1548.88,6579.7,0.453976,9.754800085632407e-05,0.928997,733.1,0.0873
5121,2,1549.07,6578.95,0.525606,9.754600164940707e-05,1.424483,761.7,0.084
5122,2,1549.27,6578.2,0.355529,9.754400164852368e-05,1.191061,756.2,0.0846
5123,2,1549.47,6577.45,0.490458,9.754200085370767e-05,1.282058,752.6,0.085
5124,2,1549.66,6576.7,0.400357,9.753999926499282e-05,0.980539,755.2,0.0847
5125,2,1549.86,6575.94,0.432417,9.753799688241287e-05,1.109322,771.2,0.083
5126,2,1550.06,6575.22,0.465548,9.753599370600163e-05,1.349552,714.1,0.0896
5127,2,1550.25,6574.44,0.429257,9.753398973579292e-05,1.670063,773.4,0.0828
5128,2,1550.45,6573.69,0.425404,9.753198497182052e-05,1.062248,757.8,0.0845
5129,2,1550.65,6572.94,0.519129,9.752997941411831e-05,1.197308,769.5,0.0832
5130,2,1550.85,6572.21,0.484384,9.752797306272012e-05,1.084477,734.6,0.0871
5131,2,1551.05,6571.46,0.417774,9.75259659176598e-05,1.192841,740.2,0.0865
5132,2,1551.24,6570.7,0.414048,9.752395797897125e-05,1.133269,778.8,0.0822
5133,2,1551.44,6569.96,0.435477,9.752194924668832e-05,0.93451,755.1,0.0848
5134,2,1551.63,6569.21,0.412517,9.751993972084495e-05,1.284199,770.8,0.083
5135,2,1551.83,6568.46,0.494424,9.7517929401475e-05,2.194752,767.1,0.0834
5136,2,1552.03,6567.71,0.476666,9.751591828861246e-05,1.249279,758.8,0.0843
5137,2,1552.22,6566.97,0.433001,9.751390638229123e-05,1.592945,758.0,0.0844
5138,2,1552.42,6566.23,0.452374,9.751189368254528e-05,1.200266,745.3,0.0859
5139,2,1552.62,6565.49,0.489433,9.750988018940856e-05,1.359721,734.1,0.0872
5140,2,1552.82,6564.74,0.500774,9.750786590291506e-05,1.139155,756.8,0.0846
5141,2,1553.02,6564.01,0.496259,9.750585082309878e-05,1.211908,756.9,0.0846
5142,2,1553.22,6563.27,0.372642,9.750383494999372e-05,1.462259,745.9,0.0858
5143,2,1553.42,6562.54,0.451368,9.75018182836339e-05,1.213719,733.4,0.0873
5144,2,1553.61,6561.78,0.354218,9.749980082405336e-05,1.16027,760.2,0.0842
5145,2,1553.81,6561.03,0.40666,9.749778257128615e-05,1.461138,768.4,0.0833
5146,2,1554.01,6560.28,0.519446,9.74957635253663e-05,1.285281,774.8,0.0826
5147,2,1554.2,6559.53,0.603665,9.749374368632793e-05,1.676932,780.2,0.082
5148,2,1554.4,6558.81,0.333576,9.74917230542051e-05,0.961942,746.9,0.0857
5149,2,1554.6,6558.06,0.507048,9.748970162903191e-05,1.361459,763.5,0.0838
5150,2,1554.8,6557.35,0.422815,9.748767941084248e-05,1.076964,705.7,0.0907
5151,2,1555.0,6556.58,0.502255,9.748565639967094e-05,1.459419,748.0,0.0856
5152,2,1555.19,6555.84,0.612889,9.748363259555142e-05,1.465006,749.7,0.0854
5153,2,1555.39,6555.1,0.504355,9.74816079985181e-05,1.124771,754.1,0.0849
5154,2,1555.59,6554.35,0.42374,9.747958260860514e-05,1.306259,768.8,0.0832
5155,2,1555.79,6553.62,0.453993,9.747755642584671e-05,0.969069,765.0,0.0837
5156,2,1555.99,6552.89,0.471077,9.747552945027701e-05,1.287966,746.2,0.0858
5157,2,1556.18,6552.15,0.557329,9.747350168193024e-05,1.291273,744.4,0.086
5158,2,1556.38,6551.41,0.412957,9.747147312084063e-05,1.171822,753.1,0.085
5159,2,1556.58,6550.66,0.455617,9.746944376704241e-05,1.005874,763.5,0.0838
5160,2,1556.78,6549.92,0.446404,9.746741362056984e-05,1.102395,756.9,0.0846
5161,2,1556.98,6549.2,0.487189,9.746538268145716e-05,0.921671,751.8,0.0851
5162,2,1557.18,6548.49,0.420202,9.746335094973866e-05,0.998872,709.6,0.0902
5163,2,1557.37,6547.72,0.447033,9.746131842544861e-05,1.034242,754.6,0.0848
5164,2,1557.57,6546.99,0.453073,9.745928510862137e-05,1.469044,747.9,0.0856
5165,2,1557.77,6546.25,0.41529,9.745725099929119e-05,1.071241,744.6,0.086
5166,2,1557.96,6545.5,0.483919,9.745521609749242e-05,1.410207,761.7,0.084
5167,2,1558.16,6544.76,0.483022,9.745318040325939e-05,1.178982,767.0,0.0834
5168,2,1558.36,6544.02,0.390055,9.745114391662649e-05,0.854682,763.0,0.0839
5169,2,1558.56,6543.28,0.622317,9.744910663762804e-05,1.550966,755.9,0.0847
5170,2,1558.75,6542.55,0.542801,9.744706856629846e-05,1.350825,758.8,0.0843
5171,2,1558.95,6541.82,0.41638,9.744502970267214e-05,1.093582,745.6,0.0858
5172,2,1559.15,6541.08,0.567756,9.744299004678347e-05,1.293789,729.4,0.0877
5173,2,1560.44,6544.91,0.462089,9.744094959866689e-05,1.702068,54.5,1.1748
5174,2,1560.53,6543.72,0.409453,9.743890835835683e-05,1.075935,737.4,0.0868
5175,2,1560.72,6542.96,0.508044,9.743686632588774e-05,1.231207,760.9,0.0841
5176,2,1560.92,6542.22,0.418631,9.743482350129408e-05,1.159068,762.7,0.0839
5177,2,1561.12,6541.49,0.584391,9.743277988461033e-05,1.20887,748.6,0.0855
5178,2,1561.31,6540.75,0.626017,9.743073547587097e-05,1.50934,761.0,0.0841
5179,2,1561.51,6540.01,0.472413,9.74286902751105e-05,1.099199,766.8,0.0835
5180,2,1561.71,6539.27,0.516097,9.742664428236346e-05,0.990222,770.4,0.0831
5181,2,1561.91,6538.56,0.392727,9.742459749766436e-05,1.08214,737.7,0.0868
5182,2,1562.1,6537.81,0.406126,9.742254992104773e-05,0.95365,755.2,0.0848
5183,2,1562.3,6537.07,0.492598,9.742050155254816e-05,0.935388,770.0,0.0831
5184,2,1562.5,6536.34,0.462993,9.741845239220018e-05,1.143739,746.9,0.0857
5185,2,1562.7,6535.6,0.481088,9.74164024400384e-05,1.333169,764.4,0.0837
5186,2,1562.89,6534.86,0.513428,9.74143516960974e-05,1.183916,769.4,0.0832
5187,2,1563.09,6534.12,0.413164,9.741230016041179e-05,1.281963,766.9,0.0835
5188,2,1563.29,6533.4,0.593885,9.74102478330162e-05,2.041158,745.7,0.0858
5189,2,1563.49,6532.66,0.439619,9.740819471394527e-05,1.201637,762.4,0.0839
5190,2,1563.69,6531.94,0.42395,9.740614080323364e-05,0.991526,737.0,0.0868
5191,2,1563.88,6531.19,0.346692,9.740408610091597e-05,0.858239,757.9,0.0844
5192,2,1564.08,6530.46,0.289852,9.740203060702696e-05,0.95719,742.9,0.0861
5193,2,1564.28,6529.72,0.433537,9.739997432160127e-05,1.484018,755.2,0.0847
5194,2,1564.48,6529.01,0.504313,9.739791724467361e-05,1.531808,711.1,0.09
5195,2,1564.68,6528.27,0.539872,9.739585937627871e-05,1.605633,731.4,0.0875
5196,2,1564.88,6527.56,0.47028,9.739380071645128e-05,1.668145,688.0,0.093
5197,2,1565.07,6526.8,0.552099,9.739174126522608e-05,1.680871,744.6,0.086
5198,2,1565.27,6526.09,0.524146,9.738968102263786e-05,1.792142,696.2,0.0919
5199,2,1565.47,6525.35,0.441454,9.738761998872138e-05,1.406478,720.7,0.0888
5200,2,1565.66,6524.6,0.392002,9.738555816351143e-05,1.307349,744.4,0.086
5201,2,1565.9,6524.03,0.499446,9.738349554704281e-05,1.534203,733.3,0.0873
5202,2,1566.09,6523.28,0.367664,9.738143213935033e-05,1.733529,760.7,0.0841
5203,2,1566.29,6522.55,0.408892,9.737936794046879e-05,1.164404,744.8,0.0859
5204,2,1566.49,6521.83,0.397985,9.737730295043308e-05,1.422628,740.9,0.0864
5205,2,1566.69,6521.09,0.463514,9.7375237169278e-05,1.623193,740.3,0.0865
5206,2,1566.88,6520.36,0.426735,9.737317059703843e-05,1.219537,755.0,0.0848
5207,2,1567.09,6519.65,0.533158,9.737110323374923e-05,1.137781,707.7,0.0904
5208,2,1567.28,6518.91,0.387376,9.73690350794453e-05,1.494009,723.7,0.0884
5209,2,1567.48,6518.19,0.422729,9.736696613416157e-05,1.559044,712.1,0.0899
5210,2,1567.68,6517.44,0.454564,9.736489639793292e-05,1.296994,751.0,0.0852
5211,2,1567.87,6516.71,0.654451,9.736282587079429e-05,2.485024,754.6,0.0848
5212,2,1568.08,6516.0,0.533509,9.736075455278064e-05,1.50968,719.5,0.0889
5213,2,1568.27,6515.26,0.514771,9.735868244392689e-05,1.324208,734.3,0.0872
5214,2,1568.48,6514.56,0.461756,9.735660954426804e-05,1.600966,694.0,0.0922
5215,2,1568.66,6513.79,0.403259,9.735453585383906e-05,1.7383,781.1,0.0819
5216,2,1568.86,6513.07,0.631126,9.735246137267495e-05,1.415586,732.9,0.0873
5217,2,1569.06,6512.35,0.517571,9.735038610081074e-05,1.148241,731.9,0.0874
5218,2,1569.26,6511.6,0.378643,9.734831003828143e-05,1.108907,763.0,0.0839
5219,2,1569.45,6510.87,0.359544,9.734623318512205e-05,1.108475,751.6,0.0852
5220,2,1569.65,6510.14,0.494439,9.734415554136766e-05,1.049652,754.3,0.0848
5221,2,1569.85,6509.43,0.468791,9.734207710705332e-05,1.363987,756.8,0.0846
5222,2,1570.05,6508.72,0.482092,9.73399978822141e-05,1.325146,726.4,0.0881
5223,2,1570.25,6507.98,0.417473,9.733791786688511e-05,1.136959,740.3,0.0864
5224,2,1570.45,6507.25,0.548483,9.733583706110145e-05,1.463804,754.5,0.0848
5225,2,1570.64,6506.53,0.546187,9.733375546489822e-05,1.426229,749.1,0.0854
5226,2,1570.84,6505.81,0.414435,9.733167307831057e-05,1.059044,738.1,0.0867
5227,2,1571.05,6505.1,0.413359,9.732958990137363e-05,0.9624,707.1,0.0905
5228,2,1571.24,6504.36,0.45729,9.732750593412256e-05,1.72888,723.0,0.0885
5229,2,1571.43,6503.62,0.46131,9.732542117659251e-05,1.281388,765.7,0.0836
5230,2,1571.63,6502.9,0.476079,9.73233356288187e-05,1.399741,753.0,0.085
5231,2,1571.83,6502.17,0.500442,9.732124929083629e-05,1.303567,745.0,0.0859
5232,2,1572.03,6501.44,0.513893,9.731916216268054e-05,1.471655,749.2,0.0854
5233,2,1572.22,6500.7,0.5127,9.73170742443866e-05,1.318119,776.0,0.0825
5234,2,1572.42,6499.99,0.513061,9.731498553598977e-05,1.69152,736.6,0.0869
5235,2,1572.62,6499.28,0.443848,9.731289603752528e-05,1.369864,718.5,0.0891
5236,2,1572.82,6498.55,0.366892,9.731080574902839e-05,1.042095,736.4,0.0869
5237,2,1573.02,6497.82,0.480944,9.730871467053438e-05,1.256106,745.9,0.0858
5238,2,1573.22,6497.1,0.465217,9.730662280207852e-05,1.269708,747.1,0.0857
5239,2,1573.41,6496.37,0.484223,9.730453014369613e-05,1.233901,751.2,0.0852
5240,2,1573.61,6495.65,0.479914,9.730243669542254e-05,1.202762,742.9,0.0862
5241,2,1573.81,6494.94,0.464345,9.730034245729307e-05,1.25208,761.0,0.0841
5242,2,1574.01,6494.22,0.470955,9.729824742934305e-05,1.320836,748.9,0.0855
5243,2,1574.21,6493.49,0.526769,9.729615161160786e-05,1.183744,762.4,0.0839
5244,2,1574.41,6492.77,0.417326,9.729405500412283e-05,1.371988,762.4,0.0839
5245,2,1574.61,6492.07,0.474923,9.729195760692339e-05,1.196066,726.3,0.0881
5246,2,1574.81,6491.35,0.499749,9.728985942004492e-05,1.493763,713.6,0.0897
5247,2,1575.0,6490.61,0.490373,9.72877604435228e-05,1.747626,771.8,0.0829
5248,2,1575.2,6489.9,0.400054,9.728566067739249e-05,1.097767,735.7,0.087
5249,2,1575.4,6489.18,0.496813,9.728356012168944e-05,0.957868,734.6,0.0871
5250,2,1575.6,6488.46,0.562294,9.728145877644905e-05,1.204114,752.5,0.0851
5251,2,1575.8,6487.74,0.462243,9.72793566417068e-05,2.417143,750.9,0.0852
5252,2,1575.99,6487.02,0.521398,9.727725371749818e-05,1.121083,745.1,0.0859
5253,2,1576.19,6486.3,0.531515,9.727515000385868e-05,1.144569,765.1,0.0837
5254,2,1576.39,6485.58,0.432886,9.727304550082379e-05,0.87658,748.2,0.0855
5255,2,1576.59,6484.85,0.410129,9.727094020842904e-05,0.924487,754.8,0.0848
5256,2,1576.78,6484.14,0.42594,9.726883412670995e-05,1.012901,743.8,0.086
5257,2,1576.98,6483.42,0.460208,9.726672725570206e-05,1.085217,743.4,0.0861
5258,2,1577.18,6482.69,0.471023,9.726461959544095e-05,1.424741,750.2,0.0853
5259,2,1577.38,6481.98,0.366212,9.726251114596216e-05,0.84615,748.6,0.0855
5260,2,1577.58,6481.25,0.475521,9.726040190730128e-05,1.745716,756.3,0.0846
5261,2,1577.78,6480.55,0.447757,9.725829187949392e-05,1.271362,753.9,0.0849
5262,2,1577.98,6479.84,0.386164,9.725618106257568e-05,1.165639,729.9,0.0877
5263,2,1578.18,6479.12,0.512491,9.725406945658218e-05,1.223768,719.6,0.0889
5264,2,1578.37,6478.38,0.401389,9.725195706154907e-05,1.282312,764.5,0.0837
5265,2,1578.57,6477.69,0.448907,9.7249843877512e-05,1.465946,716.6,0.0893
5266,2,1578.77,6476.97,0.402307,9.72477299045066e-05,1.153588,718.9,0.089
5267,2,1578.96,6476.22,0.37588,9.724561514256858e-05,1.109491,767.0,0.0834
5268,2,1579.16,6475.5,0.440554,9.724349959173361e-05,1.618547,764.0,0.0838
5269,2,1579.35,6474.79,0.451269,9.724138325203742e-05,1.754317,758.4,0.0844
5270,2,1579.55,6474.07,0.488563,9.723926612351569e-05,1.625993,756.7,0.0846
5271,2,1579.75,6473.35,0.744238,9.723714820620416e-05,2.046916,753.0,0.085
5272,2,1579.95,6472.64,0.514887,9.72350295001386e-05,1.605298,748.8,0.0855
5273,2,1580.14,6471.91,0.526642,9.723291000535474e-05,2.258799,781.4,0.0819
5274,2,1580.34,6471.2,0.388477,9.723078972188835e-05,1.457619,751.5,0.0852
5275,2,1580.54,6470.48,0.463519,9.722866864977522e-05,1.465237,773.5,0.0827
5276,2,1580.74,6469.76,0.419827,9.722654678905114e-05,1.145522,755.2,0.0847
5277,2,1580.94,6469.04,0.380067,9.722442413975194e-05,1.145594,764.5,0.0837
5278,2,1581.13,6468.32,0.465241,9.722230070191341e-05,1.410307,769.1,0.0832
5279,2,1581.33,6467.6,0.52691,9.722017647557141e-05,1.65043,772.8,0.0828
5280,2,1581.53,6466.89,0.495892,9.721805146076178e-05,1.295293,770.4,0.0831
5281,2,1581.73,6466.18,0.43683,9.721592565752038e-05,0.930459,766.8,0.0835
5282,2,1581.92,6465.46,0.491332,9.72137990658831e-05,1.175617,781.7,0.0819
5283,2,1582.12,6464.74,0.436323,9.721167168588581e-05,1.356757,766.9,0.0835
5284,2,1582.32,6464.03,0.474385,9.720954351756442e-05,1.904727,759.6,0.0843
5285,2,1582.51,6463.31,0.47861,9.720741456095485e-05,1.123102,775.6,0.0825
5286,2,1582.71,6462.59,0.495446,9.720528481609302e-05,1.064887,770.2,0.0831
5287,2,1582.91,6461.88,0.580834,9.720315428301488e-05,1.725597,765.8,0.0836
5288,2,1583.11,6461.16,0.512692,9.720102296175639e-05,1.177086,771.1,0.083
5289,2,1583.3,6460.44,0.451917,9.719889085235351e-05,1.168774,779.9,0.0821
5290,2,1583.5,6459.73,0.404595,9.719675795484224e-05,0.963341,760.7,0.0841
5291,2,1583.7,6459.01,0.349524,9.719462426925854e-05,0.899094,768.9,0.0832
5292,2,1583.9,6458.3,0.501987,9.719248979563846e-05,1.343017,772.9,0.0828
5293,2,1584.09,6457.58,0.527496,9.719035453401798e-05,1.265865,773.3,0.0828
5294,2,1584.29,6456.86,0.530698,9.718821848443319e-05,1.425542,774.4,0.0826
5295,2,1584.49,6456.16,0.498092,9.718608164692009e-05,1.142687,751.2,0.0852
5296,2,1584.69,6455.45,0.438708,9.718394402151476e-05,1.025206,738.8,0.0866
5297,2,1584.88,6454.72,0.458657,9.718180560825326e-05,0.92096,776.7,0.0824
5298,2,1585.08,6454.0,0.551274,9.717966640717171e-05,2.053074,780.7,0.082
5299,2,1585.27,6453.29,0.585409,9.717752641830618e-05,1.352845,786.9,0.0813
5300,2,1585.47,6452.58,0.435128,9.717538564169282e-05,1.295729,767.6,0.0834
5301,2,1585.67,6451.88,0.448543,9.717324407736772e-05,0.972586,759.6,0.0843
5302,2,1585.88,6451.19,0.422935,9.717110172536704e-05,1.111527,714.6,0.0896
5303,2,1586.07,6450.45,0.512708,9.716895858572694e-05,1.367369,780.7,0.082
5304,2,1586.27,6449.75,0.465014,9.716681465848359e-05,1.058008,754.5,0.0848
5305,2,1586.46,6449.02,0.547474,9.716466994367318e-05,1.099122,778.9,0.0822
5306,2,1586.66,6448.31,0.488525,9.716252444133186e-05,1.29563,765.1,0.0837
5307,2,1586.86,6447.61,0.513691,9.716037815149589e-05,1.276986,761.1,0.0841
5308,2,1587.06,6446.9,0.328954,9.715823107420146e-05,0.854014,755.3,0.0847
5309,2,1587.26,6446.19,0.458128,9.715608320948482e-05,1.438457,750.1,0.0853
5310,2,1587.45,6445.47,0.450705,9.715393455738222e-05,1.150044,768.5,0.0833
5311,2,1587.65,6444.78,0.537292,9.71517851179299e-05,1.055866,731.5,0.0875
5312,2,1587.85,6444.06,0.440752,9.714963489116418e-05,1.516955,748.1,0.0855
5313,2,1588.05,6443.35,0.341031,9.714748387712128e-05,1.185384,750.6,0.0853
5314,2,1588.24,6442.64,0.473483,9.714533207583756e-05,1.18527,763.4,0.0838
5315,2,1588.44,6441.92,0.553941,9.714317948734931e-05,2.101523,769.4,0.0832
5316,2,1588.64,6441.2,0.476835,9.714102611169287e-05,1.118426,770.1,0.0831
5317,2,1588.83,6440.48,0.439261,9.713887194890458e-05,1.392304,787.8,0.0812
5318,2,1589.03,6439.77,0.466159,9.713671699902076e-05,1.782667,782.0,0.0818
5319,2,1589.22,6439.06,0.442975,9.713456126207782e-05,1.257677,763.0,0.0839
5320,2,1589.42,6438.35,0.422174,9.713240473811213e-05,1.32523,764.6,0.0837
5321,2,1589.62,6437.65,0.494069,9.713024742716009e-05,1.230139,767.4,0.0834
5322,2,1589.82,6436.95,0.48227,9.712808932925807e-05,1.303092,740.5,0.0864
5323,2,1590.02,6436.24,0.432964,9.712593044444254e-05,1.51121,756.0,0.0847
5324,2,1590.21,6435.53,0.475373,9.712377077274992e-05,1.273708,762.7,0.0839
5325,2,1590.41,6434.82,0.421254,9.712161031421663e-05,0.876866,754.7,0.0848
5326,2,1590.61,6434.11,0.590297,9.711944906887916e-05,1.785528,768.3,0.0833
5327,2,1590.8,6433.4,0.488765,9.711728703677397e-05,1.221556,774.5,0.0826
5328,2,1591.0,6432.69,0.437438,9.711512421793757e-05,0.939078,758.8,0.0843
5329,2,1591.2,6431.97,0.431829,9.711296061240643e-05,1.057254,779.1,0.0821
5330,2,1591.39,6431.26,0.535549,9.711079622021709e-05,0.962543,777.9,0.0823
5331,2,1591.59,6430.54,0.476058,9.710863104140607e-05,0.831455,784.7,0.0816
5332,2,1591.79,6429.84,0.455606,9.710646507600989e-05,0.984665,776.5,0.0824
5333,2,1591.98,6429.13,0.396904,9.710429832406511e-05,0.878765,775.0,0.0826
5334,2,1592.18,6428.4,0.50072,9.710213078560834e-05,1.589497,803.2,0.0797
5335,2,1592.37,6427.69,0.446716,9.70999624606761e-05,1.074921,800.4,0.08
5336,2,1592.57,6426.98,0.456108,9.7097793349305e-05,1.009476,785.1,0.0815
5337,2,1592.77,6426.28,0.366273,9.709562345153168e-05,0.943671,771.2,0.083
5338,2,1592.96,6425.56,0.451266,9.709345276739272e-05,1.014884,798.4,0.0802
5339,2,1593.16,6424.84,0.493726,9.709128129692478e-05,1.232172,796.7,0.0803
5340,2,1593.36,6424.15,0.583892,9.708910904016449e-05,2.133783,762.2,0.084
5341,2,1593.55,6423.45,0.428087,9.708693599714852e-05,1.487321,769.7,0.0831
5342,2,1593.75,6422.74,0.523655,9.708476216791355e-05,1.21491,766.7,0.0835
5343,2,1593.95,6422.03,0.41963,9.708258755249623e-05,1.364029,766.6,0.0835
5344,2,1594.14,6421.3,0.513767,9.70804121509333e-05,1.411315,797.7,0.0802
5345,2,1594.34,6420.59,0.490851,9.707823596326146e-05,1.325267,786.3,0.0814
5346,2,1594.53,6419.88,0.481137,9.707605898951742e-05,1.380636,787.4,0.0813
5347,2,1594.73,6419.18,0.520602,9.707388122973793e-05,1.211834,773.8,0.0827
5348,2,1594.92,6418.46,0.465077,9.707170268395976e-05,1.23749,795.0,0.0805
5349,2,1595.12,6417.75,0.47293,9.706952335221965e-05,1.178615,792.5,0.0808
5350,2,1595.31,6417.04,0.45601,9.706734323455438e-05,1.397683,788.5,0.0812
5351,2,1595.51,6416.33,0.407786,9.706516233100078e-05,0.884555,796.6,0.0803
5352,2,1595.71,6415.62,0.510866,9.706298064159562e-05,1.133984,801.8,0.0798
5353,2,1595.9,6414.92,0.530539,9.706079816637573e-05,1.128265,774.4,0.0826
5354,2,1596.1,6414.2,0.462503,9.705861490537795e-05,1.062169,788.4,0.0812
5355,2,1596.29,6413.5,0.451036,9.70564308586391e-05,1.168859,789.3,0.0811
5356,2,1596.49,6412.8,0.487503,9.705424602619606e-05,1.30249,770.0,0.0831
5357,2,1596.69,6412.08,0.482057,9.70520604080857e-05,1.496645,798.7,0.0801
5358,2,1596.89,6411.39,0.37431,9.70498740043449e-05,1.282279,767.8,0.0834
5359,2,1597.08,6410.68,0.390905,9.704768681501055e-05,1.05577,775.2,0.0826
5360,2,1597.28,6409.98,0.560262,9.70454988401196e-05,1.437353,787.4,0.0813
5361,2,1597.48,6409.28,0.591983,9.704331007970894e-05,1.324603,790.5,0.081
5362,2,1597.67,6408.57,0.386556,9.704112053381551e-05,1.034397,795.6,0.0804
5363,2,1597.87,6407.88,0.460955,9.703893020247627e-05,1.127449,781.1,0.0819
5364,2,1598.07,6407.18,0.575456,9.703673908572818e-05,1.484101,770.9,0.083
5365,2,1598.26,6406.46,0.375846,9.703454718360822e-05,1.123287,795.3,0.0805
5366,2,1598.46,6405.76,0.55576,9.70323544961534e-05,1.084664,787.6,0.0813
5367,2,1598.66,6405.07,0.421437,9.703016102340068e-05,1.069698,768.7,0.0833
5368,2,1598.86,6404.36,0.462264,9.702796676538712e-05,1.313849,793.6,0.0806
5369,2,1599.05,6403.66,0.4554,9.702577172214974e-05,1.196209,774.7,0.0826
5370,2,1599.25,6402.96,0.4502,9.702357589372557e-05,1.038988,778.2,0.0822
5371,2,1599.45,6402.27,0.449838,9.702137928015168e-05,2.022411,770.4,0.0831
5372,2,1599.65,6401.58,0.549058,9.701918188146516e-05,1.625428,756.5,0.0846
5373,2,1599.84,6400.85,0.439183,9.701698369770305e-05,1.009309,803.2,0.0797
5374,2,1600.01,6400.03,0.437917,9.701478472890247e-05,3.076732,452.4,0.0508
5375,3,1601.04,6402.66,0.516973,9.701258497510054e-05,1.384403,471.3,0.1358
5376,3,1601.4,6402.62,0.444665,9.701038443633438e-05,1.100189,517.9,0.1236
5377,3,1601.62,6402.0,0.424149,9.700818311264112e-05,1.32774,483.4,0.1324
5378,3,1601.8,6401.25,0.310095,9.70059810040579e-05,0.842357,614.2,0.1042
5379,3,1602.0,6400.54,0.463561,9.700377811062191e-05,1.034247,633.5,0.101
5380,3,1602.2,6399.85,0.500446,9.700157443237031e-05,1.126025,633.7,0.101
5381,3,1602.38,6399.12,0.542152,9.69993699693403e-05,2.110177,745.0,0.0859
5382,3,1602.59,6398.43,0.377842,9.699716472156906e-05,1.455546,711.6,0.0899
5383,3,1602.78,6397.72,0.42773,9.699495868909384e-05,1.052664,750.4,0.0853
5384,3,1602.97,6397.01,0.524971,9.699275187195183e-05,1.197159,762.6,0.0839
5385,3,1603.17,6396.31,0.476748,9.699054427018031e-05,1.314343,755.1,0.0848
5386,3,1603.37,6395.62,0.426528,9.698833588381653e-05,0.896471,738.8,0.0866
5387,3,1603.57,6394.94,0.413408,9.698612671289775e-05,0.937133,700.4,0.0914
5388,3,1603.76,6394.21,0.46366,9.698391675746126e-05,1.532676,781.9,0.0819
5389,3,1603.96,6393.52,0.440725,9.698170601754435e-05,1.099798,756.8,0.0846
5390,3,1604.16,6392.81,0.436497,9.697949449318434e-05,1.237846,764.5,0.0837
5391,3,1604.35,6392.11,0.378841,9.697728218441852e-05,0.971332,762.6,0.0839
5392,3,1604.55,6391.42,0.434687,9.697506909128426e-05,1.493347,753.3,0.085
5393,3,1604.75,6390.72,0.462991,9.697285521381889e-05,1.298094,771.3,0.083
5394,3,1604.95,6390.03,0.450129,9.697064055205977e-05,1.404387,733.7,0.0872
5395,3,1605.14,6389.31,0.509108,9.69684251060443e-05,1.322163,774.7,0.0826
5396,3,1605.34,6388.63,0.50155,9.696620887580986e-05,1.379043,746.9,0.0857
5397,3,1605.53,6387.93,0.455597,9.696399186139384e-05,1.07833,765.5,0.0836
5398,3,1605.73,6387.24,0.432701,9.696177406283366e-05,1.485107,772.3,0.0829
5399,3,1605.93,6386.56,0.354501,9.695955548016675e-05,1.141979,732.7,0.0873
5400,3,1606.14,6385.88,0.471425,9.695733611343055e-05,1.342108,711.4,0.09
5401,3,1641.79,6526.13,0.448101,9.695511596266251e-05,1.132904,682.7,0.0937
5402,3,1642.02,6525.52,0.48509,9.69528950279001e-05,1.937601,707.4,0.0905
5403,3,1642.21,6524.77,0.446855,9.695067330918083e-05,1.875334,751.8,0.0851
5404,3,1642.4,6524.02,0.348909,9.694845080654217e-05,1.177843,777.1,0.0824
5405,3,1642.6,6523.3,0.52824,9.694622752002161e-05,1.943809,755.4,0.0847
5406,3,1642.8,6522.57,0.499973,9.69440034496567e-05,1.689212,740.9,0.0864
5407,3,1642.99,6521.84,0.392392,9.694177859548495e-05,1.333491,758.2,0.0844
5408,3,1643.19,6521.12,0.431557,9.693955295754393e-05,1.741171,730.7,0.0876
5409,3,1643.38,6520.37,0.439571,9.69373265358712e-05,1.735759,768.3,0.0833
5410,3,1643.58,6519.63,0.374092,9.69350993305043e-05,1.3169,770.9,0.083
5411,3,1643.78,6518.91,0.390341,9.693287134148086e-05,1.406833,750.0,0.0853
5412,3,1643.97,6518.17,0.372434,9.693064256883847e-05,1.29774,777.0,0.0824
5413,3,1644.17,6517.46,0.449279,9.692841301261473e-05,1.544929,720.3,0.0888
5414,3,1644.36,6516.71,0.409684,9.692618267284727e-05,1.303863,763.9,0.0838
5415,3,1644.56,6515.98,0.525296,9.692395154957372e-05,1.50763,768.9,0.0832
5416,3,1644.76,6515.25,0.520132,9.692171964283176e-05,1.684809,762.8,0.0839
5417,3,1644.95,6514.51,0.450398,9.691948695265905e-05,1.457616,785.6,0.0815
5418,3,1645.15,6513.81,0.565303,9.691725347909327e-05,1.927707,715.0,0.0895
5419,3,1645.34,6513.05,0.526109,9.691501922217209e-05,1.456107,783.8,0.0817
5420,3,1645.54,6512.33,0.438339,9.691278418193324e-05,1.40765,770.3,0.0831
5421,3,1645.74,6511.61,0.521417,9.691054835841443e-05,1.668653,769.3,0.0832
5422,3,1645.93,6510.88,0.583068,9.690831175165338e-05,1.936189,773.7,0.0827
5423,3,1646.13,6510.16,0.458663,9.690607436168788e-05,1.818403,761.1,0.0841
5424,3,1646.33,6509.43,0.417541,9.690383618855564e-05,1.293534,756.8,0.0846
5425,3,1646.53,6508.72,0.58281,9.690159723229445e-05,1.289377,722.8,0.0885
5426,3,1646.72,6507.97,0.404736,9.689935749294209e-05,1.728393,760.1,0.0842
5427,3,1646.91,6507.24,0.508005,9.689711697053638e-05,2.006431,766.3,0.0835
5428,3,1647.11,6506.52,0.442135,9.689487566511512e-05,1.648099,740.3,0.0864
5429,3,1647.31,6505.78,0.536361,9.689263357671612e-05,1.738816,772.5,0.0828
5430,3,1647.51,6505.08,0.49895,9.689039070537725e-05,1.345487,720.7,0.0888
5431,3,1647.71,6504.36,0.438564,9.688814705113632e-05,0.916696,724.7,0.0883
5432,3,1647.9,6503.62,0.499738,9.688590261403124e-05,1.57178,765.1,0.0836
5433,3,1648.09,6502.89,0.449813,9.688365739409985e-05,1.712634,769.8,0.0831
5434,3,1648.3,6502.18,0.403271,9.688141139138006e-05,1.005451,732.5,0.0874
5435,3,1648.49,6501.45,0.36167,9.687916460590977e-05,0.833262,758.4,0.0844
5436,3,1648.69,6500.72,0.512157,9.687691703772691e-05,1.198441,768.6,0.0833
5437,3,1648.89,6500.01,0.358069,9.687466868686938e-05,1.147199,733.9,0.0872
5438,3,1649.08,6499.29,0.408646,9.687241955337516e-05,1.062548,732.5,0.0874
5439,3,1649.27,6498.53,0.456724,9.687016963728218e-05,1.303162,797.1,0.0803
5440,3,1649.47,6497.81,0.485626,9.686791893862843e-05,1.546901,791.6,0.0808
5441,3,1649.67,6497.1,0.45198,9.686566745745189e-05,1.237793,760.8,0.0841
5442,3,1649.87,6496.38,0.383561,9.686341519379053e-05,1.343333,745.1,0.0859
5443,3,1650.06,6495.65,0.378004,9.686116214768241e-05,1.319791,761.5,0.084
5444,3,1650.26,6494.93,0.366543,9.68589083191655e-05,1.264184,741.1,0.0864
5445,3,1650.45,6494.21,0.493841,9.685665370827788e-05,1.352298,742.8,0.0862
5446,3,1650.64,6493.47,0.419926,9.685439831505758e-05,1.571945,788.9,0.0811
5447,3,1650.84,6492.74,0.37632,9.685214213954265e-05,1.25254,783.3,0.0817
5448,3,1651.04,6492.01,0.478427,9.684988518177119e-05,1.696635,784.2,0.0816
5449,3,1651.23,6491.29,0.34234,9.684762744178127e-05,1.25897,775.3,0.0825
5450,3,1651.43,6490.56,0.465153,9.684536891961102e-05,2.523611,775.3,0.0825
5451,3,1651.63,6489.85,0.444356,9.684310961529851e-05,1.364106,750.7,0.0853
5452,3,1651.82,6489.13,0.405221,9.684084952888191e-05,1.05438,756.9,0.0846
5453,3,1652.02,6488.41,0.33911,9.683858866039935e-05,1.917223,765.0,0.0837
5454,3,1652.22,6487.69,0.462968,9.683632700988898e-05,1.856779,767.7,0.0834
5455,3,1652.42,6486.98,0.42779,9.683406457738898e-05,1.08877,732.9,0.0873
5456,3,1652.61,6486.27,0.530324,9.683180136293752e-05,1.854253,729.9,0.0877
5457,3,1652.81,6485.54,0.468836,9.682953736657279e-05,1.708404,745.1,0.0859
5458,3,1653.01,6484.82,0.419263,9.682727258833301e-05,1.149717,748.7,0.0855
5459,3,1653.2,6484.1,0.457906,9.68250070282564e-05,1.672452,762.6,0.0839
5460,3,1653.4,6483.39,0.415623,9.682274068638121e-05,1.357571,746.4,0.0857
5461,3,1653.6,6482.7,0.372141,9.682047356274566e-05,1.4968,714.2,0.0896
5462,3,1653.79,6481.95,0.451362,9.681820565738802e-05,2.373493,778.2,0.0822
5463,3,1653.99,6481.22,0.379948,9.681593697034655e-05,1.546679,797.6,0.0802
5464,3,1654.19,6480.53,0.535022,9.681366750165957e-05,1.528497,731.2,0.0875
5465,3,1654.39,6479.81,0.329427,9.681139725136535e-05,1.289261,730.3,0.0876
5466,3,1654.58,6479.09,0.553387,9.680912621950223e-05,1.705127,741.6,0.0863
5467,3,1654.78,6478.36,0.434181,9.680685440610852e-05,2.215078,778.9,0.0822
5468,3,1654.98,6477.66,0.461794,9.680458181122256e-05,1.988429,738.2,0.0867
5469,3,1655.18,6476.96,0.384301,9.680230843488271e-05,1.588854,713.3,0.0897
5470,3,1655.37,6476.24,0.397887,9.680003427712733e-05,1.256615,730.1,0.0877
5471,3,1655.57,6475.52,0.474796,9.679775933799481e-05,1.224471,737.1,0.0868
5472,3,1655.77,6474.8,0.346911,9.679548361752352e-05,1.198026,736.1,0.0869
5473,3,1655.96,6474.09,0.413983,9.67932071157519e-05,1.373573,735.2,0.087
5474,3,1656.16,6473.35,0.473496,9.679092983271834e-05,2.158134,786.9,0.0813
5475,3,1656.36,6472.66,0.481638,9.678865176846127e-05,1.493854,736.9,0.0868
5476,3,1656.56,6471.94,0.53445,9.678637292301916e-05,2.037742,748.0,0.0856
5477,3,1656.75,6471.22,0.50297,9.678409329643045e-05,1.567256,758.4,0.0844
5478,3,1656.95,6470.5,0.476231,9.678181288873361e-05,1.642419,764.0,0.0838
5479,3,1657.15,6469.8,0.399546,9.677953169996715e-05,1.323248,756.8,0.0846
5480,3,1657.35,6469.1,0.478422,9.677724973016957e-05,1.386038,736.4,0.0869
5481,3,1657.55,6468.41,0.482756,9.677496697937933e-05,1.419973,715.1,0.0895
5482,3,1657.74,6467.68,0.402155,9.677268344763501e-05,1.230197,750.9,0.0852
5483,3,1657.94,6466.97,0.559093,9.677039913497511e-05,1.717519,739.6,0.0865
5484,3,1658.14,6466.26,0.319968,9.67681140414382e-05,1.192235,743.5,0.0861
5485,3,1658.34,6465.54,0.38321,9.676582816706285e-05,1.615029,748.4,0.0855
5486,3,1658.54,6464.85,0.494751,9.676354151188763e-05,1.238523,707.4,0.0905
5487,3,1658.73,6464.13,0.407861,9.676125407595112e-05,1.338259,752.3,0.0851
5488,3,1658.93,6463.43,0.501822,9.675896585929192e-05,2.247164,718.5,0.0891
5489,3,1659.13,6462.71,0.436126,9.675667686194866e-05,1.760176,743.8,0.086
5490,3,1659.32,6461.99,0.442577,9.675438708395998e-05,1.305379,742.0,0.0863
5491,3,1659.52,6461.3,0.380226,9.675209652536451e-05,2.283326,713.8,0.0897
5492,3,1659.72,6460.58,0.465379,9.674980518620092e-05,1.466201,721.3,0.0887
5493,3,1659.92,6459.88,0.524558,9.674751306650785e-05,2.016784,710.7,0.09
5494,3,1660.11,6459.15,0.3455,9.6745220166324e-05,1.452413,738.7,0.0866
5495,3,1660.31,6458.44,0.461503,9.674292648568808e-05,1.309681,752.3,0.0851
5496,3,1660.51,6457.74,0.490571,9.674063202463877e-05,2.366467,732.3,0.0874
5497,3,1660.7,6457.02,0.459423,9.673833678321482e-05,1.887346,749.8,0.0854
5498,3,1660.9,6456.31,0.425748,9.673604076145495e-05,1.344442,761.4,0.0841
5499,3,1661.1,6455.62,0.437928,9.673374395939791e-05,1.237003,703.1,0.091
5500,3,1661.3,6454.91,0.521616,9.673144637708247e-05,1.964785,713.5,0.0897
5501,3,1661.5,6454.22,0.501838,9.672914801454738e-05,1.436965,720.3,0.0889
5502,3,1661.7,6453.51,0.530849,9.672684887183146e-05,1.187057,724.3,0.0884
5503,3,1661.9,6452.79,0.510751,9.672454894897351e-05,1.256463,752.2,0.0851
5504,3,1662.1,6452.09,0.457432,9.672224824601232e-05,1.068703,736.0,0.087
5505,3,1662.3,6451.4,0.378054,9.671994676298673e-05,1.198,718.5,0.0891
5506,3,1662.49,6450.7,0.395288,9.671764449993557e-05,1.590423,708.5,0.0903
5507,3,1662.69,6449.98,0.508467,9.671534145689772e-05,2.347817,730.6,0.0876
5508,3,1662.88,6449.25,0.445328,9.671303763391201e-05,1.878959,780.3,0.082
5509,3,1663.08,6448.55,0.426621,9.671073303101736e-05,1.585618,759.0,0.0843
5510,3,1663.28,6447.85,0.445933,9.670842764825264e-05,1.581138,743.5,0.0861
5511,3,1663.48,6447.14,0.502403,9.670612148565674e-05,1.966547,748.3,0.0855
5512,3,1663.67,6446.43,0.440662,9.670381454326862e-05,1.382136,757.4,0.0845
5513,3,1663.87,6445.73,0.378698,9.670150682112719e-05,1.574715,749.5,0.0854
5514,3,1664.07,6445.03,0.423176,9.66991983192714e-05,1.02385,746.8,0.0857
5515,3,1664.27,6444.34,0.469445,9.66968890377402e-05,1.275207,711.4,0.09
5516,3,1664.47,6443.62,0.529282,9.669457897657258e-05,1.297186,728.8,0.0878
5517,3,1664.66,6442.9,0.514987,9.669226813580752e-05,1.207784,755.3,0.0847
5518,3,1664.86,6442.2,0.332898,9.668995651548401e-05,0.964916,748.7,0.0855
5519,3,1665.06,6441.49,0.425983,9.668764411564108e-05,1.145364,760.1,0.0842
5520,3,1665.25,6440.79,0.415632,9.668533093631774e-05,1.157849,755.5,0.0847
5521,3,1665.45,6440.1,0.453153,9.668301697755303e-05,1.199186,749.5,0.0854
5522,3,1665.65,6439.38,0.372309,9.6680702239386e-05,1.281761,778.3,0.0822
5523,3,1665.85,6438.69,0.375391,9.667838672185571e-05,1.414332,745.4,0.0859
5524,3,1666.04,6437.97,0.369447,9.667607042500123e-05,1.389002,773.0,0.0828
5525,3,1666.24,6437.27,0.444119,9.667375334886169e-05,1.147065,754.2,0.0849
5526,3,1666.44,6436.56,0.422882,9.667143549347614e-05,1.527473,759.3,0.0843
5527,3,1666.64,6435.87,0.344901,9.666911685888374e-05,1.528552,728.0,0.0879
5528,3,1666.84,6435.17,0.388114,9.66667974451236e-05,1.33392,723.0,0.0885
5529,3,1667.04,6434.47,0.389216,9.666447725223488e-05,1.70734,707.7,0.0904
5530,3,1667.23,6433.74,0.476429,9.666215628025671e-05,1.623766,769.1,0.0832
5531,3,1667.43,6433.06,0.40924,9.665983452922828e-05,1.404002,752.6,0.085
5532,3,1667.63,6432.36,0.426551,9.665751199918875e-05,1.345109,753.9,0.0849
5533,3,1667.83,6431.67,0.546779,9.665518869017736e-05,2.637794,717.5,0.0892
5534,3,1668.03,6430.97,0.385226,9.665286460223328e-05,1.454821,716.2,0.0894
5535,3,1668.22,6430.26,0.424608,9.665053973539575e-05,1.701524,737.9,0.0867
5536,3,1668.41,6429.54,0.478293,9.664821408970397e-05,1.468279,773.6,0.0827
5537,3,1668.61,6428.84,0.412469,9.664588766519725e-05,1.846289,754.6,0.0848
5538,3,1668.81,6428.16,0.562108,9.664356046191482e-05,1.998003,719.7,0.0889
5539,3,1669.01,6427.45,0.415913,9.664123247989593e-05,1.563561,750.6,0.0853
5540,3,1669.21,6426.77,0.417254,9.663890371917991e-05,1.978898,719.1,0.089
5541,3,1669.42,6426.1,0.39697,9.663657417980605e-05,1.425462,732.8,0.0873
5542,3,1669.62,6425.42,0.429188,9.663424386181365e-05,1.854427,706.4,0.0906
5543,3,1669.81,6424.7,0.409457,9.663191276524204e-05,2.087814,767.5,0.0834
5544,3,1670.01,6424.01,0.530507,9.662958089013057e-05,1.550265,737.4,0.0868
5545,3,1670.21,6423.31,0.46715,9.662724823651859e-05,1.623669,738.3,0.0867
5546,3,1670.41,6422.62,0.405625,9.662491480444547e-05,1.319652,718.8,0.089
5547,3,1670.61,6421.92,0.42783,9.662258059395059e-05,1.784903,716.0,0.0894
5548,3,1670.8,6421.2,0.498358,9.662024560507333e-05,1.27146,763.1,0.0839
5549,3,1671.01,6420.53,0.483648,9.66179098378531e-05,1.292956,706.3,0.0906
5550,3,1671.2,6419.82,0.52262,9.661557329232934e-05,1.532193,736.0,0.087
5551,3,1671.4,6419.12,0.379811,9.661323596854145e-05,1.319549,752.3,0.0851
5552,3,1671.6,6418.42,0.536737,9.661089786652891e-05,2.084358,745.1,0.0859
5553,3,1671.8,6417.75,0.487238,9.660855898633116e-05,1.823403,690.9,0.0926
5554,3,1671.99,6417.03,0.398196,9.660621932798766e-05,1.48791,724.8,0.0883
5555,3,1672.19,6416.35,0.42246,9.660387889153793e-05,1.454194,703.9,0.0909
5556,3,1672.39,6415.63,0.38303,9.660153767702141e-05,1.428713,749.4,0.0854
5557,3,1672.59,6414.95,0.549288,9.659919568447768e-05,2.006815,707.1,0.0905
5558,3,1672.79,6414.25,0.504045,9.659685291394621e-05,1.268079,721.7,0.0887
5559,3,1672.98,6413.56,0.449859,9.659450936546658e-05,1.264258,713.5,0.0897
5560,3,1673.18,6412.86,0.50835,9.65921650390783e-05,1.569349,717.5,0.0892
5561,3,1673.38,6412.18,0.393334,9.658981993482097e-05,1.607064,703.8,0.0909
5562,3,1673.57,6411.46,0.469814,9.658747405273414e-05,1.210139,752.8,0.085
5563,3,1673.77,6410.77,0.458326,9.65851273928574e-05,1.471872,759.9,0.0842
5564,3,1673.98,6410.11,0.5063,9.658277995523038e-05,1.900613,676.5,0.0946
5565,3,1674.18,6409.4,0.496012,9.658043173989268e-05,1.672449,701.0,0.0913
5566,3,1674.37,6408.7,0.425632,9.657808274688394e-05,1.7608,724.5,0.0883
5567,3,1674.57,6407.99,0.42091,9.657573297624378e-05,0.964492,757.7,0.0845
5568,3,1674.76,6407.29,0.324881,9.657338242801185e-05,0.956802,759.5,0.0843
5569,3,1674.96,6406.61,0.458273,9.657103110222784e-05,1.562207,731.1,0.0875
5570,3,1675.16,6405.9,0.490005,9.656867899893144e-05,1.718118,756.5,0.0846
5571,3,1675.36,6405.21,0.529829,9.656632611816234e-05,1.733387,748.1,0.0856
5572,3,1675.56,6404.52,0.531736,9.656397245996023e-05,1.939968,720.4,0.0888
5573,3,1675.75,6403.81,0.513858,9.656161802436484e-05,1.441693,744.5,0.086
5574,3,1675.96,6403.15,0.549344,9.655926281141592e-05,1.363301,682.3,0.0938
5575,3,1676.15,6402.44,0.461461,9.655690682115319e-05,1.206824,710.5,0.0901
5576,3,1676.34,6401.73,0.459717,9.655455005361642e-05,1.092324,763.3,0.0838
5577,3,1676.54,6401.05,0.408292,9.65521925088454e-05,1.546059,751.1,0.0852
5578,3,1676.74,6400.36,0.422343,9.654983418687992e-05,1.527951,738.6,0.0867
5579,3,1676.94,6399.67,0.505816,9.654747508775975e-05,1.406007,736.3,0.0869
5580,3,1677.14,6398.99,0.42376,9.65451152115247e-05,1.351743,692.2,0.0925
5581,3,1677.34,6398.29,0.380488,9.654275455821463e-05,1.236288,745.7,0.0858
5582,3,1677.54,6397.62,0.376483,9.654039312786936e-05,1.098604,716.7,0.0893
5583,3,1677.74,6396.93,0.497425,9.653803092052877e-05,1.207616,721.1,0.0887
5584,3,1677.94,6396.23,0.457827,9.653566793623266e-05,2.058277,736.3,0.0869
5585,3,1678.13,6395.54,0.408907,9.653330417502099e-05,1.353897,739.2,0.0866
5586,3,1678.33,6394.85,0.488563,9.65309396369336e-05,1.472166,736.0,0.087
5587,3,1678.53,6394.16,0.442538,9.65285743220104e-05,2.052678,740.7,0.0864
5588,3,1678.73,6393.47,0.403611,9.652620823029132e-05,1.512699,737.4,0.0868
5589,3,1678.93,6392.8,0.587561,9.652384136181629e-05,1.820205,696.4,0.0919
5590,3,1679.12,6392.09,0.497141,9.652147371662523e-05,1.51349,758.3,0.0844
5591,3,1679.32,6391.4,0.467584,9.651910529475812e-05,1.694016,742.3,0.0862
5592,3,1679.52,6390.71,0.383583,9.651673609625494e-05,1.357481,739.5,0.0865
5593,3,1679.72,6390.02,0.489546,9.651436612115564e-05,2.210721,758.8,0.0843
5594,3,1679.92,6389.33,0.385331,9.651199536950025e-05,1.315681,749.4,0.0854
5595,3,1680.12,6388.65,0.498906,9.650962384132878e-05,1.822138,737.3,0.0868
5596,3,1680.32,6387.99,0.344069,9.650725153668124e-05,1.296849,685.2,0.0934
5597,3,1680.52,6387.3,0.481726,9.650487845559765e-05,2.118947,686.2,0.0933
5598,3,1680.72,6386.61,0.486007,9.65025045981181e-05,1.917759,712.7,0.0898
5599,3,1680.91,6385.9,0.471231,9.65001299642826e-05,1.446873,754.3,0.0849
5600,3,1681.11,6385.23,0.464574,9.649775455413126e-05,2.169805,713.4,0.0897
5601,3,1681.34,6384.66,0.464528,9.649537836770417e-05,1.292202,730.6,0.0876
5602,3,1681.54,6383.98,0.417047,9.649300140504142e-05,1.64567,727.0,0.088
5603,3,1681.74,6383.29,0.331791,9.649062366618313e-05,1.120414,739.2,0.0866
5604,3,1681.94,6382.61,0.44973,9.648824515116941e-05,1.278265,706.1,0.0906
5605,3,1682.13,6381.9,0.376567,9.648586586004043e-05,1.106536,752.1,0.0851
5606,3,1682.33,6381.21,0.59324,9.648348579283631e-05,2.279961,755.1,0.0848
5607,3,1682.53,6380.55,0.44478,9.648110494959726e-05,1.247925,697.6,0.0917
5608,3,1682.73,6379.86,0.348863,9.647872333036341e-05,1.255941,708.0,0.0904
5609,3,1682.93,6379.16,0.384999,9.6476340935175e-05,1.236592,712.8,0.0898
5610,3,1683.12,6378.46,0.537905,9.647395776407222e-05,1.414658,751.9,0.0851
5611,3,1683.32,6377.77,0.457374,9.647157381709526e-05,1.838117,752.4,0.0851
5612,3,1683.52,6377.09,0.446718,9.64691890942844e-05,1.316399,742.2,0.0862
5613,3,1683.72,6376.42,0.386574,9.646680359567985e-05,1.504112,706.7,0.0906
5614,3,1683.91,6375.72,0.485835,9.646441732132187e-05,1.299519,736.4,0.0869
5615,3,1684.11,6375.03,0.582292,9.646203027125077e-05,1.936814,752.7,0.085
5616,3,1684.31,6374.34,0.417974,9.645964244550679e-05,1.157135,747.3,0.0856
5617,3,1684.51,6373.68,0.507844,9.645725384413025e-05,1.808319,707.0,0.0905
5618,3,1684.71,6372.98,0.390047,9.645486446716146e-05,1.435868,750.2,0.0853
5619,3,1684.91,6372.3,0.441214,9.645247431464074e-05,1.132942,735.6,0.087
5620,3,1685.1,6371.59,0.37109,9.645008338660842e-05,1.578823,780.4,0.082
5621,3,1685.3,6370.93,0.403776,9.644769168310486e-05,1.757117,756.2,0.0846
5622,3,1685.51,6370.27,0.406479,9.644529920417043e-05,1.307509,701.3,0.0913
5623,3,1685.7,6369.56,0.597538,9.644290594984549e-05,1.990639,745.2,0.0859
5624,3,1685.9,6368.87,0.382768,9.644051192017044e-05,1.500579,752.2,0.0851
5625,3,1686.1,6368.2,0.433466,9.643811711518567e-05,1.256143,718.1,0.0891
5626,3,1686.29,6367.5,0.427861,9.643572153493164e-05,1.16649,762.6,0.0839
5627,3,1686.49,6366.84,0.454153,9.643332517944872e-05,1.918803,710.5,0.0901
5628,3,1686.69,6366.14,0.403608,9.643092804877738e-05,1.142809,758.6,0.0844
5629,3,1686.89,6365.47,0.389763,9.642853014295806e-05,1.15471,729.6,0.0877
5630,3,1687.09,6364.79,0.351741,9.642613146203124e-05,1.197942,717.8,0.0892
5631,3,1687.29,6364.12,0.419099,9.642373200603742e-05,1.612192,697.9,0.0917
5632,3,1687.49,6363.45,0.408138,9.642133177501705e-05,1.145126,691.9,0.0925
5633,3,1687.69,6362.75,0.45841,9.641893076901068e-05,1.71521,731.5,0.0875
5634,3,1687.88,6362.07,0.451962,9.64165289880588e-05,1.690997,724.7,0.0883
5635,3,1688.08,6361.39,0.364125,9.641412643220195e-05,1.295607,730.7,0.0876
5636,3,1688.28,6360.72,0.368328,9.64117231014807e-05,1.278934,703.1,0.091
5637,3,1688.48,6360.05,0.577525,9.640931899593556e-05,1.856182,691.9,0.0925
5638,3,1688.68,6359.34,0.397406,9.640691411560714e-05,1.905301,749.4,0.0854
5639,3,1688.88,6358.68,0.477381,9.640450846053604e-05,1.367079,718.8,0.089
5640,3,1689.07,6357.99,0.441457,9.640210203076284e-05,1.905827,727.0,0.088
5641,3,1689.28,6357.32,0.517741,9.639969482632814e-05,2.211431,731.5,0.0875
5642,3,1689.47,6356.64,0.34124,9.639728684727258e-05,1.439635,739.2,0.0866
5643,3,1689.67,6355.96,0.389037,9.63948780936368e-05,1.614297,736.2,0.0869
5644,3,1689.87,6355.29,0.469672,9.639246856546142e-05,1.795964,708.0,0.0904
5645,3,1690.07,6354.59,0.33485,9.639005826278714e-05,1.373188,757.3,0.0845
5646,3,1690.27,6353.93,0.40041,9.638764718565462e-05,2.304284,708.6,0.0903
5647,3,1690.47,6353.24,0.421909,9.638523533410455e-05,1.676397,727.9,0.0879
5648,3,1690.66,6352.54,0.421976,9.638282270817764e-05,1.545133,758.6,0.0844
5649,3,1690.86,6351.87,0.357763,9.638040930791461e-05,1.669714,721.2,0.0887
5650,3,1691.05,6351.18,0.42574,9.637799513335619e-05,1.533891,747.7,0.0856
5651,3,1691.26,6350.52,0.549233,9.637558018454311e-05,3.166819,712.1,0.0899
5652,3,1691.46,6349.84,0.361506,9.637316446151614e-05,1.657512,704.3,0.0909
5653,3,1691.65,6349.16,0.471003,9.637074796431603e-05,1.511303,700.3,0.0914
5654,3,1691.85,6348.49,0.508523,9.636833069298359e-05,2.873119,700.4,0.0914
5655,3,1692.04,6347.78,0.491484,9.636591264755958e-05,1.507286,756.9,0.0846
5656,3,1692.24,6347.11,0.320901,9.636349382808483e-05,1.71918,718.3,0.0891
5657,3,1692.44,6346.43,0.499118,9.636107423460015e-05,1.703036,720.5,0.0888
5658,3,1692.64,6345.75,0.477174,9.63586538671464e-05,1.728864,723.7,0.0884
5659,3,1692.84,6345.07,0.393472,9.635623272576438e-05,1.513313,732.7,0.0873
5660,3,1693.03,6344.38,0.4343,9.635381081049499e-05,1.682532,750.9,0.0852
5661,3,1693.29,6343.92,0.545544,9.63513881213791e-05,1.60581,738.8,0.0866
5662,3,1693.49,6343.26,0.335519,9.634896465845757e-05,1.345436,698.5,0.0916
5663,3,1693.69,6342.58,0.318225,9.634654042177133e-05,1.140708,701.4,0.0912
5664,3,1693.88,6341.89,0.495431,9.634411541136128e-05,1.866848,746.9,0.0857
5665,3,1694.08,6341.21,0.420511,9.634168962726834e-05,1.876626,740.7,0.0864
5666,3,1694.28,6340.53,0.497,9.633926306953346e-05,1.42739,737.6,0.0868
5667,3,1694.48,6339.88,0.376082,9.633683573819757e-05,1.031646,683.5,0.0936
5668,3,1694.67,6339.18,0.472187,9.633440763330166e-05,1.300705,727.1,0.088
5669,3,1694.88,6338.52,0.43452,9.633197875488669e-05,1.65947,704.7,0.0908
5670,3,1695.07,6337.83,0.375387,9.632954910299367e-05,1.457575,734.6,0.0871
5671,3,1695.27,6337.15,0.466695,9.632711867766358e-05,2.111049,732.4,0.0874
5672,3,1695.47,6336.48,0.475995,9.632468747893745e-05,2.069685,721.6,0.0887
5673,3,1695.67,6335.81,0.519407,9.63222555068563e-05,1.81298,709.5,0.0902
5674,3,1695.86,6335.13,0.446266,9.631982276146119e-05,1.795366,725.6,0.0882
5675,3,1696.06,6334.43,0.391614,9.631738924279317e-05,1.397491,759.5,0.0843
5676,3,1696.26,6333.77,0.390423,9.631495495089329e-05,1.375008,736.2,0.0869
5677,3,1696.45,6333.08,0.490128,9.631251988580266e-05,1.700257,742.9,0.0861
5678,3,1696.65,6332.41,0.392235,9.631008404756234e-05,1.592661,753.4,0.0849
5679,3,1696.85,6331.75,0.427891,9.630764743621349e-05,1.522245,710.2,0.0901
5680,3,1697.05,6331.07,0.520765,9.630521005179718e-05,1.690807,717.1,0.0893
5681,3,1697.25,6330.39,0.389126,9.630277189435459e-05,1.306075,757.8,0.0845
5682,3,1697.44,6329.72,0.531349,9.630033296392681e-05,2.475048,757.2,0.0845
5683,3,1697.64,6329.04,0.381574,9.629789326055507e-05,1.490674,756.3,0.0846
5684,3,1697.84,6328.37,0.366378,9.629545278428049e-05,1.324072,748.8,0.0855
5685,3,1698.04,6327.7,0.427401,9.629301153514428e-05,1.31339,742.5,0.0862
5686,3,1698.24,6327.03,0.488609,9.629056951318761e-05,1.753522,744.9,0.0859
5687,3,1698.44,6326.36,0.45788,9.628812671845174e-05,1.35163,743.1,0.0861
5688,3,1698.64,6325.7,0.399227,9.628568315097788e-05,1.360577,699.5,0.0915
5689,3,1698.83,6325.01,0.390345,9.628323881080723e-05,1.48767,744.7,0.0859
5690,3,1699.03,6324.34,0.425148,9.628079369798108e-05,1.203526,739.2,0.0866
5691,3,1699.23,6323.66,0.4082,9.627834781254069e-05,1.699168,762.6,0.0839
5692,3,1699.42,6322.98,0.403626,9.627590115452734e-05,1.586664,763.4,0.0838
5693,3,1699.62,6322.31,0.615418,9.62734537239823e-05,2.212376,749.6,0.0854
5694,3,1699.82,6321.64,0.404589,9.62710055209469e-05,1.548147,746.0,0.0858
5695,3,1700.02,6320.98,0.395981,9.626855654546243e-05,1.453069,715.9,0.0894
5696,3,1700.21,6320.28,0.506153,9.626610679757025e-05,1.338219,781.7,0.0819
5697,3,1700.41,6319.62,0.486304,9.626365627731168e-05,1.360194,737.9,0.0867
5698,3,1700.61,6318.94,0.432337,9.626120498472809e-05,1.178911,771.1,0.083
5699,3,1700.81,6318.28,0.441523,9.625875291986083e-05,2.06516,728.4,0.0879
5700,3,1701.01,6317.63,0.373285,9.625630008275131e-05,1.554564,698.6,0.0916
5701,3,1710.55,6351.63,0.481863,9.62538464734409e-05,2.67891,698.4,0.0916
5702,3,1710.77,6351.02,0.371095,9.625139209197103e-05,1.404927,765.5,0.0836
5703,3,1710.97,6350.35,0.468391,9.62489369383831e-05,1.632773,728.1,0.0879
5704,3,1711.16,6349.67,0.43646,9.624648101271855e-05,1.539619,727.1,0.088
5705,3,1711.36,6348.97,0.380143,9.624402431501883e-05,1.586752,744.4,0.086
5706,3,1711.56,6348.3,0.610482,9.624156684532539e-05,1.848,713.4,0.0897
5707,3,1711.75,6347.61,0.48257,9.623910860367972e-05,1.313699,731.4,0.0875
5708,3,1711.95,6346.92,0.525578,9.623664959012331e-05,1.327226,749.6,0.0854
5709,3,1712.14,6346.24,0.545118,9.623418980469763e-05,1.78489,758.1,0.0844
5710,3,1712.34,6345.55,0.429051,9.623172924744422e-05,1.418589,778.0,0.0823
5711,3,1712.54,6344.87,0.458664,9.62292679184046e-05,1.271539,750.9,0.0852
5712,3,1712.74,6344.2,0.42048,9.622680581762031e-05,1.065315,747.6,0.0856
5713,3,1712.94,6343.54,0.451543,9.622434294513288e-05,1.145766,709.3,0.0902
5714,3,1713.13,6342.84,0.388277,9.622187930098388e-05,1.118606,748.9,0.0855
5715,3,1713.33,6342.16,0.462356,9.621941488521492e-05,1.379138,740.6,0.0864
5716,3,1713.53,6341.49,0.4382,9.621694969786756e-05,1.452471,718.6,0.0891
5717,3,1713.73,6340.82,0.486218,9.621448373898341e-05,1.425033,696.6,0.0919
5718,3,1713.92,6340.11,0.416017,9.621201700860409e-05,1.522284,756.3,0.0846
5719,3,1714.12,6339.44,0.417333,9.620954950677122e-05,1.187936,749.8,0.0854
5720,3,1714.32,6338.77,0.509616,9.620708123352647e-05,1.688145,728.4,0.0879
5721,3,1714.52,6338.12,0.306113,9.620461218891144e-05,1.015358,710.1,0.0901
5722,3,1714.71,6337.41,0.362851,9.620214237296786e-05,1.448918,761.5,0.084
5723,3,1714.91,6336.74,0.552351,9.619967178573738e-05,1.411098,750.4,0.0853
5724,3,1715.11,6336.07,0.503052,9.61972004272617e-05,1.800773,734.8,0.0871
5725,3,1715.3,6335.39,0.285414,9.619472829758253e-05,1.365217,729.5,0.0877
5726,3,1715.5,6334.7,0.476812,9.61922553967416e-05,1.773248,762.0,0.084
5727,3,1715.69,6334.02,0.469611,9.618978172478062e-05,1.1331,745.4,0.0859
5728,3,1715.9,6333.36,0.481356,9.618730728174134e-05,1.707201,711.6,0.0899
5729,3,1716.09,6332.66,0.460839,9.618483206766554e-05,1.628942,754.8,0.0848
5730,3,1716.28,6331.98,0.503723,9.618235608259499e-05,1.48358,762.7,0.0839
5731,3,1716.48,6331.31,0.388943,9.617987932657147e-05,1.527686,748.2,0.0855
5732,3,1716.68,6330.63,0.394434,9.617740179963676e-05,1.140071,762.0,0.084
5733,3,1716.88,6329.96,0.473758,9.61749235018327e-05,1.603742,742.2,0.0862
5734,3,1717.07,6329.28,0.377473,9.617244443320107e-05,1.363204,752.5,0.0851
5735,3,1717.27,6328.6,0.496757,9.616996459378376e-05,1.389833,758.4,0.0844
5736,3,1717.47,6327.93,0.409937,9.616748398362262e-05,1.137976,739.3,0.0866
5737,3,1717.67,6327.27,0.457867,9.616500260275946e-05,1.367368,711.6,0.0899
5738,3,1717.86,6326.56,0.388275,9.61625204512362e-05,1.121107,773.0,0.0828
5739,3,1718.06,6325.91,0.431384,9.616003752909473e-05,1.091113,710.0,0.0901
5740,3,1718.26,6325.24,0.487629,9.615755383637694e-05,1.214111,721.2,0.0887
5741,3,1718.46,6324.56,0.437406,9.615506937312475e-05,1.299873,751.0,0.0852
5742,3,1718.66,6323.9,0.4275,9.615258413938008e-05,1.337883,719.9,0.0889
5743,3,1718.86,6323.23,0.358307,9.61500981351849e-05,1.622138,703.0,0.091
5744,3,1719.05,6322.55,0.382631,9.614761136058112e-05,1.750619,717.2,0.0892
5745,3,1719.24,6321.85,0.469398,9.614512381561074e-05,1.876478,772.9,0.0828
5746,3,1719.44,6321.19,0.491539,9.614263550031574e-05,1.507769,738.1,0.0867
5747,3,1719.64,6320.51,0.325095,9.614014641473809e-05,1.313009,748.2,0.0855
5748,3,1719.84,6319.84,0.467223,9.613765655891983e-05,1.766718,747.3,0.0856
5749,3,1720.04,6319.17,0.524879,9.613516593290294e-05,1.617655,748.7,0.0855
5750,3,1720.23,6318.49,0.448648,9.61326745367295e-05,1.674709,743.9,0.086
5751,3,1720.43,6317.83,0.352826,9.61301823704415e-05,1.291837,720.2,0.0889
5752,3,1720.63,6317.17,0.421432,9.612768943408107e-05,1.460536,698.1,0.0917
5753,3,1720.83,6316.49,0.46134,9.612519572769022e-05,1.76787,729.0,0.0878
5754,3,1721.02,6315.81,0.46537,9.612270125131105e-05,1.702916,751.9,0.0851
5755,3,1721.23,6315.16,0.290461,9.612020600498567e-05,1.068889,693.4,0.0923
5756,3,1721.42,6314.48,0.456092,9.611770998875618e-05,1.336708,718.3,0.0891
5757,3,1721.62,6313.8,0.40167,9.611521320266472e-05,1.351271,728.6,0.0878
5758,3,1721.82,6313.13,0.48739,9.611271564675341e-05,1.219475,723.5,0.0885
5759,3,1722.01,6312.45,0.523197,9.61102173210644e-05,1.404205,741.0,0.0864
5760,3,1722.21,6311.77,0.425716,9.610771822563986e-05,1.901238,762.4,0.0839
5761,3,1722.41,6311.13,0.427041,9.610521836052197e-05,0.98838,725.8,0.0882
5762,3,1722.61,6310.44,0.493877,9.610271772575292e-05,1.309333,757.3,0.0845
5763,3,1722.8,6309.77,0.395497,9.61002163213749e-05,1.019553,735.3,0.087
5764,3,1723.0,6309.09,0.491309,9.609771414743011e-05,1.301963,771.2,0.083
5765,3,1723.2,6308.43,0.491709,9.609521120396081e-05,1.848895,724.5,0.0883
5766,3,1723.4,6307.76,0.437912,9.609270749100923e-05,1.164972,740.3,0.0864
5767,3,1723.6,6307.1,0.477982,9.609020300861762e-05,1.395173,707.5,0.0905
5768,3,1723.79,6306.4,0.441494,9.608769775682826e-05,1.355398,771.4,0.083
5769,3,1723.99,6305.76,0.393563,9.60851917356834e-05,1.181006,717.4,0.0892
5770,3,1724.19,6305.1,0.316565,9.608268494522534e-05,1.065433,686.7,0.0932
5771,3,1724.39,6304.42,0.455953,9.608017738549642e-05,1.523364,716.9,0.0893
5772,3,1724.58,6303.74,0.411414,9.607766905653891e-05,1.809862,758.5,0.0844
5773,3,1724.78,6303.1,0.493265,9.607515995839518e-05,2.081838,694.2,0.0922
5774,3,1724.98,6302.42,0.512774,9.607265009110757e-05,1.549868,728.8,0.0878
5775,3,1725.18,6301.75,0.381132,9.607013945471841e-05,1.454356,736.8,0.0869
5776,3,1725.38,6301.1,0.472683,9.606762804927009e-05,1.308987,702.4,0.0911
5777,3,1725.57,6300.41,0.404579,9.6065115874805e-05,1.702185,744.4,0.086
5778,3,1725.77,6299.76,0.560333,9.606260293136551e-05,1.899747,702.9,0.091
5779,3,1725.97,6299.1,0.452279,9.606008921899406e-05,2.300002,711.3,0.09
5780,3,1726.17,6298.41,0.482668,9.605757473773306e-05,1.759404,744.2,0.086
5781,3,1726.37,6297.77,0.461077,9.605505948762495e-05,1.289371,710.8,0.09
5782,3,1726.57,6297.11,0.382557,9.605254346871217e-05,1.459381,707.4,0.0905
5783,3,1726.76,6296.44,0.420822,9.605002668103717e-05,1.647007,721.2,0.0887
5784,3,1726.96,6295.77,0.378226,9.604750912464247e-05,1.421205,714.7,0.0896
5785,3,1727.16,6295.11,0.41518,9.604499079957048e-05,1.99176,707.8,0.0904
5786,3,1727.35,6294.42,0.466991,9.60424717058638e-05,1.310026,754.7,0.0848
5787,3,1727.56,6293.77,0.527492,9.603995184356484e-05,1.879085,723.4,0.0885
5788,3,1727.75,6293.1,0.441481,9.60374312127162e-05,1.341398,740.8,0.0864
5789,3,1727.95,6292.44,0.433995,9.603490981336039e-05,1.229386,747.5,0.0856
5790,3,1728.15,6291.78,0.539316,9.603238764553995e-05,1.246093,714.5,0.0896
5791,3,1728.35,6291.11,0.565159,9.602986470929748e-05,1.841913,739.3,0.0866
5792,3,1728.55,6290.45,0.417644,9.602734100467553e-05,1.013057,705.1,0.0908
5793,3,1728.74,6289.78,0.381425,9.60248165317167e-05,1.255911,725.9,0.0882
5794,3,1728.93,6289.09,0.346551,9.602229129046362e-05,1.211578,763.4,0.0838
5795,3,1729.14,6288.45,0.518546,9.601976528095886e-05,1.334538,723.1,0.0885
5796,3,1729.33,6287.78,0.422738,9.601723850324508e-05,1.251142,738.0,0.0867
5797,3,1729.53,6287.1,0.425395,9.60147109573649e-05,1.330797,754.0,0.0849
5798,3,1729.73,6286.45,0.462552,9.601218264336101e-05,1.358504,729.5,0.0877
5799,3,1729.92,6285.78,0.456957,9.600965356127603e-05,1.18078,736.2,0.0869
5800,3,1730.12,6285.11,0.433312,9.60071237111527e-05,1.496912,763.2,0.0839
5801,3,1730.32,6284.47,0.446666,9.600459309303367e-05,1.392302,744.6,0.0859
5802,3,1730.52,6283.8,0.377842,9.600206170696165e-05,1.061323,755.7,0.0847
5803,3,1730.72,6283.15,0.353055,9.599952955297939e-05,1.055827,721.7,0.0887
5804,3,1730.92,6282.48,0.517073,9.599699663112961e-05,1.669659,725.1,0.0883
5805,3,1731.12,6281.82,0.38958,9.599446294145506e-05,1.304619,723.5,0.0885
5806,3,1731.31,6281.15,0.508853,9.599192848399848e-05,1.684693,730.7,0.0876
5807,3,1731.51,6280.47,0.375187,9.598939325880266e-05,1.158019,751.6,0.0851
5808,3,1731.7,6279.81,0.393693,9.598685726591037e-05,1.173446,760.3,0.0842
5809,3,1731.9,6279.16,0.509165,9.598432050536443e-05,1.337319,725.6,0.0882
5810,3,1732.1,6278.49,0.347687,9.598178297720763e-05,1.105689,744.9,0.0859
5811,3,1732.3,6277.84,0.540965,9.597924468148282e-05,1.342265,721.5,0.0887
5812,3,1732.49,6277.16,0.482999,9.597670561823282e-05,1.611375,755.4,0.0847
5813,3,1732.69,6276.5,0.483457,9.597416578750048e-05,1.049965,748.1,0.0855
5814,3,1732.89,6275.84,0.509907,9.597162518932867e-05,1.533521,747.9,0.0856
5815,3,1733.08,6275.16,0.374313,9.596908382376026e-05,1.372927,766.8,0.0835
5816,3,1733.29,6274.52,0.455326,9.596654169083815e-05,1.669656,723.7,0.0884
5817,3,1733.48,6273.84,0.411644,9.596399879060524e-05,1.551283,763.9,0.0838
5818,3,1733.68,6273.19,0.401751,9.596145512310442e-05,1.126657,736.8,0.0869
5819,3,1733.87,6272.51,0.470078,9.595891068837864e-05,1.30446,767.9,0.0833
5820,3,1734.07,6271.84,0.416349,9.595636548647084e-05,1.175766,767.8,0.0834
5821,3,1734.27,6271.19,0.541091,9.595381951742396e-05,1.977187,766.2,0.0835
5822,3,1734.47,6270.54,0.390403,9.595127278128098e-05,1.230096,746.8,0.0857
5823,3,1734.67,6269.89,0.381734,9.594872527808487e-05,1.490223,712.9,0.0898
5824,3,1734.86,6269.22,0.441166,9.594617700787864e-05,1.46283,744.5,0.086
5825,3,1735.06,6268.57,0.460694,9.594362797070529e-05,1.31119,733.7,0.0872
5826,3,1735.26,6267.89,0.428451,9.594107816660784e-05,1.674939,770.9,0.083
5827,3,1735.45,6267.23,0.525328,9.59385275956293e-05,2.239332,758.5,0.0844
5828,3,1735.65,6266.57,0.391294,9.593597625781274e-05,1.067677,764.4,0.0837
5829,3,1735.85,6265.93,0.427815,9.593342415320121e-05,1.381931,728.4,0.0879
5830,3,1736.05,6265.27,0.432031,9.593087128183779e-05,1.610766,715.2,0.0895
5831,3,1736.24,6264.59,0.511284,9.592831764376553e-05,1.401661,766.9,0.0835
5832,3,1736.44,6263.94,0.393758,9.592576323902754e-05,1.855102,747.7,0.0856
5833,3,1736.64,6263.27,0.498937,9.592320806766695e-05,1.836674,769.2,0.0832
5834,3,1736.84,6262.62,0.357329,9.592065212972686e-05,1.204614,738.7,0.0866
5835,3,1737.03,6261.95,0.512908,9.591809542525042e-05,1.970008,761.2,0.0841
5836,3,1737.23,6261.3,0.435704,9.591553795428078e-05,1.731186,755.6,0.0847
5837,3,1737.43,6260.63,0.424672,9.591297971686106e-05,1.491767,761.8,0.084
5838,3,1737.63,6260.0,0.447455,9.591042071303449e-05,1.349055,704.3,0.0909
5839,3,1737.82,6259.32,0.544756,9.590786094284423e-05,1.807038,751.7,0.0851
5840,3,1738.03,6258.68,0.338426,9.590530040633347e-05,1.407352,715.5,0.0895
5841,3,1738.23,6258.04,0.448193,9.590273910354545e-05,1.602248,701.8,0.0912
5842,3,1738.42,6257.37,0.375084,9.590017703452338e-05,1.929808,740.0,0.0865
5843,3,1738.62,6256.72,0.472452,9.589761419931049e-05,1.57653,719.9,0.0889
5844,3,1738.82,6256.06,0.482188,9.589505059795003e-05,2.051948,745.7,0.0858
5845,3,1739.02,6255.4,0.505001,9.589248623048529e-05,1.177858,737.7,0.0868
5846,3,1739.22,6254.75,0.460728,9.588992109695953e-05,1.259823,726.4,0.0881
5847,3,1739.42,6254.1,0.433922,9.588735519741603e-05,1.522853,724.7,0.0883
5848,3,1739.61,6253.44,0.414938,9.588478853189812e-05,1.593027,731.4,0.0875
5849,3,1739.81,6252.79,0.498597,9.588222110044911e-05,1.745412,716.8,0.0893
5850,3,1740.01,6252.12,0.458048,9.58796529031123e-05,1.211536,737.2,0.0868
5851,3,1740.2,6251.47,0.482194,9.587708393993106e-05,1.477768,735.5,0.087
5852,3,1740.4,6250.82,0.484123,9.587451421094872e-05,1.135167,734.4,0.0871
5853,3,1740.6,6250.15,0.494316,9.587194371620869e-05,1.315906,759.0,0.0843
5854,3,1740.8,6249.5,0.375597,9.58693724557543e-05,1.737412,749.0,0.0854
5855,3,1741.0,6248.85,0.501138,9.586680042962898e-05,1.612918,731.6,0.0875
5856,3,1741.19,6248.19,0.447514,9.586422763787613e-05,1.26557,750.3,0.0853
5857,3,1741.39,6247.54,0.370788,9.586165408053916e-05,1.179805,734.4,0.0871
5858,3,1741.59,6246.88,0.429467,9.585907975766151e-05,1.37483,755.1,0.0848
5859,3,1741.79,6246.23,0.504663,9.585650466928661e-05,2.326481,730.8,0.0876
5860,3,1741.98,6245.57,0.393716,9.585392881545794e-05,1.586766,747.4,0.0856
5861,3,1742.18,6244.92,0.49214,9.585135219621895e-05,2.522806,755.7,0.0847
5862,3,1742.38,6244.28,0.395107,9.584877481161315e-05,1.367035,719.2,0.089
5863,3,1742.57,6243.61,0.471655,9.584619666168401e-05,1.602338,769.2,0.0832
5864,3,1742.78,6242.98,0.452848,9.584361774647505e-05,2.162787,719.0,0.089
5865,3,1742.98,6242.33,0.308603,9.58410380660298e-05,1.213161,706.7,0.0906
5866,3,1743.18,6241.68,0.418304,9.583845762039179e-05,1.405177,697.5,0.0918
5867,3,1743.37,6241.01,0.415659,9.583587640960456e-05,1.876857,747.7,0.0856
5868,3,1743.57,6240.36,0.56385,9.583329443371171e-05,2.080468,749.6,0.0854
5869,3,1743.77,6239.71,0.562791,9.583071169275677e-05,3.083426,734.1,0.0872
5870,3,1743.96,6239.05,0.382437,9.582812818678334e-05,1.660878,743.5,0.0861
5871,3,1744.16,6238.4,0.438177,9.582554391583503e-05,2.007736,738.7,0.0866
5872,3,1744.36,6237.76,0.485514,9.582295887995545e-05,1.662798,722.9,0.0885
5873,3,1744.56,6237.1,0.340112,9.58203730791882e-05,1.613072,739.2,0.0866
5874,3,1744.76,6236.45,0.427198,9.581778651357694e-05,1.588678,734.3,0.0872
5875,3,1744.96,6235.81,0.436177,9.581519918316535e-05,1.442401,699.9,0.0914
5876,3,1745.15,6235.15,0.372212,9.581261108799704e-05,1.08069,720.6,0.0888
5877,3,1745.35,6234.49,0.423862,9.581002222811574e-05,1.339662,753.7,0.0849
5878,3,1745.55,6233.84,0.406165,9.58074326035651e-05,1.511966,739.4,0.0866
5879,3,1745.74,6233.19,0.482059,9.580484221438885e-05,1.347669,736.1,0.0869
5880,3,1745.94,6232.54,0.414898,9.58022510606307e-05,1.21422,723.4,0.0885
5881,3,1746.15,6231.91,0.398604,9.579965914233436e-05,1.202264,707.7,0.0904
5882,3,1746.35,6231.26,0.367537,9.579706645954359e-05,0.929246,711.5,0.09
5883,3,1746.54,6230.59,0.443242,9.579447301230215e-05,1.361311,765.9,0.0836
5884,3,1746.74,6229.95,0.494593,9.57918788006538e-05,1.528728,727.4,0.088
5885,3,1746.93,6229.29,0.465965,9.57892838246423e-05,1.13922,757.9,0.0844
5886,3,1747.14,6228.66,0.40612,9.578668808431146e-05,1.061474,711.8,0.0899
5887,3,1747.33,6228.0,0.490119,9.578409157970511e-05,1.291191,719.3,0.089
5888,3,1747.53,6227.37,0.410061,9.578149431086706e-05,1.413423,690.6,0.0927
5889,3,1747.73,6226.7,0.375891,9.577889627784112e-05,1.036978,742.2,0.0862
5890,3,1747.93,6226.07,0.474982,9.577629748067116e-05,1.394764,696.0,0.092
5891,3,1748.12,6225.41,0.440222,9.577369791940102e-05,1.451521,738.1,0.0867
5892,3,1748.32,6224.76,0.413074,9.577109759407459e-05,1.390309,749.4,0.0854
5893,3,1748.52,6224.13,0.399764,9.576849650473573e-05,1.120024,709.0,0.0903
5894,3,1748.72,6223.47,0.424571,9.576589465142834e-05,1.542139,731.2,0.0875
5895,3,1748.92,6222.82,0.317061,9.576329203419636e-05,1.498603,729.6,0.0877
5896,3,1749.11,6222.17,0.491793,9.576068865308369e-05,1.982688,742.2,0.0862
5897,3,1749.31,6221.52,0.480954,9.575808450813424e-05,1.532636,734.9,0.0871
5898,3,1749.51,6220.87,0.44141,9.5755479599392e-05,1.713444,759.8,0.0842
5899,3,1749.71,6220.25,0.503937,9.575287392690094e-05,1.708207,698.9,0.0916
5900,3,1749.91,6219.6,0.387011,9.5750267490705e-05,1.33738,714.4,0.0896
5901,3,1750.11,6218.96,0.378756,9.574766029084816e-05,1.592026,707.9,0.0904
5902,3,1750.31,6218.31,0.321549,9.574505232737447e-05,1.097955,712.9,0.0898
5903,3,1750.51,6217.66,0.428844,9.57424436003279e-05,1.968178,726.3,0.0881
5904,3,1750.7,6217.0,0.356323,9.57398341097525e-05,1.272917,755.0,0.0848
5905,3,1750.9,6216.38,0.464031,9.573722385569228e-05,1.546029,706.8,0.0905
5906,3,1751.09,6215.7,0.532935,9.573461283819132e-05,1.889043,757.6,0.0845
5907,3,1751.3,6215.08,0.386777,9.573200105729365e-05,1.208728,705.1,0.0908
5908,3,1751.5,6214.44,0.431157,9.57293885130434e-05,1.323401,696.4,0.0919
5909,3,1751.69,6213.78,0.377559,9.572677520548461e-05,1.488929,711.6,0.0899
5910,3,1751.89,6213.13,0.500864,9.572416113466141e-05,2.040582,708.7,0.0903
5911,3,1752.09,6212.49,0.424399,9.572154630061793e-05,1.268166,720.1,0.0889
5912,3,1752.28,6211.84,0.389528,9.571893070339827e-05,1.86307,730.2,0.0876
5913,3,1752.48,6211.18,0.487437,9.571631434304658e-05,1.472618,744.7,0.0859
5914,3,1752.68,6210.54,0.553518,9.5713697219607e-05,2.070358,727.1,0.088
5915,3,1752.87,6209.89,0.400725,9.571107933312373e-05,1.145995,763.1,0.0839
5916,3,1753.08,6209.26,0.442575,9.570846068364093e-05,1.296478,707.7,0.0904
5917,3,1753.27,6208.6,0.328791,9.57058412712028e-05,1.254195,754.6,0.0848
5918,3,1753.47,6207.95,0.432246,9.570322109585354e-05,1.162623,749.5,0.0854
5919,3,1753.67,6207.31,0.450974,9.570060015763737e-05,1.46822,742.0,0.0863
5920,3,1753.86,6206.66,0.492553,9.569797845659854e-05,1.453706,770.4,0.0831
5921,3,1754.07,6206.04,0.435921,9.569535599278127e-05,1.419615,717.7,0.0892
5922,3,1754.26,6205.39,0.418396,9.569273276622983e-05,1.362665,746.3,0.0858
5923,3,1754.46,6204.74,0.469028,9.569010877698847e-05,1.238588,734.8,0.0871
5924,3,1754.66,6204.1,0.457774,9.568748402510151e-05,1.572728,742.6,0.0862
5925,3,1754.86,6203.45,0.388436,9.568485851061323e-05,1.274806,737.6,0.0868
5926,3,1755.05,6202.81,0.451898,9.568223223356792e-05,1.268067,735.8,0.087
5927,3,1755.25,6202.17,0.453288,9.567960519400993e-05,1.515983,715.1,0.0895
5928,3,1755.45,6201.52,0.535433,9.567697739198359e-05,1.923818,726.6,0.0881
5929,3,1755.64,6200.86,0.379399,9.567434882753323e-05,1.363301,781.8,0.0819
5930,3,1755.84,6200.22,0.397826,9.567171950070324e-05,1.33677,747.2,0.0857
5931,3,1756.04,6199.59,0.506726,9.566908941153796e-05,1.545673,735.4,0.087
5932,3,1756.24,6198.94,0.456871,9.566645856008178e-05,1.46585,736.7,0.0869
5933,3,1756.43,6198.29,0.318907,9.566382694637913e-05,1.308405,736.7,0.0869
5934,3,1756.63,6197.64,0.467371,9.566119457047439e-05,1.752415,761.9,0.084
5935,3,1756.83,6196.99,0.407203,9.565856143241199e-05,1.332061,771.6,0.0829
5936,3,1757.03,6196.39,0.484652,9.565592753223639e-05,1.383208,691.2,0.0926
5937,3,1757.23,6195.73,0.497175,9.565329286999204e-05,1.69028,734.9,0.0871
5938,3,1757.42,6195.08,0.421035,9.565065744572337e-05,1.153348,756.1,0.0846
5939,3,1757.62,6194.45,0.459053,9.564802125947488e-05,1.538416,726.0,0.0881
5940,3,1757.82,6193.78,0.481705,9.564538431129105e-05,1.548959,776.7,0.0824
5941,3,1758.02,6193.17,0.523519,9.56427466012164e-05,1.878929,734.3,0.0872
5942,3,1758.21,6192.51,0.494572,9.564010812929543e-05,1.965384,775.6,0.0825
5943,3,1758.41,6191.88,0.386115,9.563746889557268e-05,1.414741,735.9,0.087
5944,3,1758.61,6191.24,0.419515,9.563482890009267e-05,1.09396,740.7,0.0864
5945,3,1758.81,6190.58,0.453032,9.563218814289998e-05,1.485138,769.8,0.0831
5946,3,1759.01,6189.95,0.449077,9.562954662403914e-05,1.376056,729.4,0.0877
5947,3,1759.2,6189.29,0.32462,9.562690434355476e-05,1.228407,757.5,0.0845
5948,3,1759.4,6188.65,0.427656,9.562426130149144e-05,1.569455,757.9,0.0844
5949,3,1759.6,6188.01,0.437293,9.562161749789374e-05,1.410467,757.7,0.0845
5950,3,1759.8,6187.38,0.509401,9.561897293280633e-05,1.927516,747.0,0.0857
5951,3,1759.99,6186.74,0.434391,9.561632760627382e-05,1.52684,735.4,0.087
5952,3,1760.19,6186.1,0.432392,9.561368151834083e-05,1.52911,751.8,0.0851
5953,3,1760.39,6185.46,0.322548,9.561103466905204e-05,0.910995,727.9,0.0879
5954,3,1760.58,6184.82,0.412197,9.560838705845211e-05,1.070391,743.5,0.0861
5955,3,1760.78,6184.18,0.449258,9.560573868658575e-05,1.679459,721.1,0.0888
5956,3,1760.98,6183.52,0.374998,9.560308955349762e-05,1.373279,782.1,0.0818
5957,3,1761.17,6182.88,0.495199,9.560043965923243e-05,2.211426,767.9,0.0833
5958,3,1761.37,6182.25,0.424392,9.559778900383492e-05,1.538011,747.2,0.0857
5959,3,1761.57,6181.6,0.584889,9.559513758734983e-05,1.572942,755.6,0.0847
5960,3,1761.76,6180.95,0.335429,9.559248540982189e-05,1.198959,779.4,0.0821
5961,3,1761.97,6180.33,0.463971,9.558983247129586e-05,1.603563,751.2,0.0852
5962,3,1762.16,6179.69,0.45764,9.558717877181649e-05,1.320006,747.1,0.0857
5963,3,1762.36,6179.05,0.512157,9.55845243114286e-05,1.932428,736.4,0.0869
5964,3,1762.56,6178.41,0.41076,9.558186909017697e-05,1.375923,755.0,0.0848
5965,3,1762.76,6177.78,0.45121,9.557921310810643e-05,1.35807,732.0,0.0874
5966,3,1762.96,6177.15,0.539808,9.557655636526178e-05,2.417551,716.8,0.0893
5967,3,1763.15,6176.51,0.42763,9.557389886168787e-05,1.470339,737.3,0.0868
5968,3,1763.35,6175.87,0.421752,9.557124059742954e-05,1.06741,744.1,0.086
5969,3,1763.55,6175.22,0.507837,9.556858157253165e-05,1.246505,760.3,0.0842
5970,3,1763.75,6174.59,0.4227,9.556592178703908e-05,1.263191,742.3,0.0862
5971,3,1763.95,6173.97,0.392251,9.556326124099672e-05,1.345078,695.2,0.0921
5972,3,1764.14,6173.32,0.40707,9.556059993444949e-05,1.023682,741.0,0.0864
5973,3,1764.35,6172.71,0.385733,9.555793786744227e-05,1.400663,689.5,0.0928
5974,3,1764.54,6172.07,0.33829,9.555527504001999e-05,0.976585,707.4,0.0905
5975,3,1764.74,6171.41,0.4394,9.55526114522276e-05,1.116494,741.8,0.0863
5976,3,1764.94,6170.78,0.388877,9.554994710411007e-05,1.6542,742.2,0.0862
5977,3,1765.14,6170.16,0.423671,9.554728199571232e-05,1.813209,706.1,0.0906
5978,3,1765.33,6169.51,0.360683,9.554461612707936e-05,1.73795,726.8,0.0881
5979,3,1765.53,6168.89,0.341705,9.554194949825617e-05,1.196647,701.3,0.0913
5980,3,1765.73,6168.25,0.43388,9.553928210928775e-05,1.677841,707.1,0.0905
5981,3,1765.93,6167.62,0.538016,9.553661396021912e-05,2.129395,721.9,0.0887
5982,3,1766.13,6166.97,0.435424,9.553394505109529e-05,1.322048,765.2,0.0836
5983,3,1766.32,6166.33,0.390531,9.553127538196134e-05,1.351775,760.1,0.0842
5984,3,1766.52,6165.71,0.445294,9.55286049528623e-05,1.42934,729.7,0.0877
5985,3,1766.72,6165.06,0.526567,9.552593376384323e-05,2.32214,751.4,0.0852
5986,3,1766.92,6164.43,0.583736,9.552326181494924e-05,1.8037,739.9,0.0865
5987,3,1767.12,6163.8,0.436201,9.55205891062254e-05,1.564575,717.4,0.0892
5988,3,1767.32,6163.17,0.426299,9.551791563771683e-05,1.430688,708.8,0.0903
5989,3,1767.51,6162.52,0.52509,9.551524140946861e-05,1.786307,743.2,0.0861
5990,3,1767.7,6161.88,0.385665,9.551256642152592e-05,1.189035,764.0,0.0838
5991,3,1767.91,6161.27,0.439812,9.550989067393388e-05,1.380134,714.2,0.0896
5992,3,1768.11,6160.63,0.440653,9.550721416673767e-05,1.487114,713.8,0.0897
5993,3,1768.3,6159.98,0.482154,9.550453689998243e-05,1.188526,759.2,0.0843
5994,3,1768.5,6159.35,0.493792,9.550185887371334e-05,1.074848,753.4,0.0849
5995,3,1768.7,6158.73,0.475962,9.549918008797562e-05,1.246613,718.2,0.0891
5996,3,1768.89,6158.09,0.549719,9.549650054281445e-05,1.405692,734.5,0.0871
5997,3,1769.09,6157.45,0.49017,9.549382023827509e-05,1.359836,755.6,0.0847
5998,3,1769.29,6156.83,0.418093,9.549113917440275e-05,1.165999,723.2,0.0885
5999,3,1769.49,6156.18,0.450473,9.548845735124267e-05,1.51354,759.4,0.0843
6000,3,1769.68,6155.55,0.378114,9.548577476884013e-05,1.170447,737.3,0.0868
6001,3,1799.36,6257.44,0.405779,9.548309142724038e-05,1.157415,765.7,0.0836
6002,3,1799.56,6256.79,0.474016,9.548040732648871e-05,1.295114,756.7,0.0846
6003,3,1799.77,6256.15,0.350136,9.547772246663045e-05,1.096507,707.9,0.0904
6004,3,1799.95,6255.47,0.436585,9.547503684771085e-05,1.215783,769.2,0.0832
6005,3,1800.15,6254.83,0.322509,9.547235046977528e-05,1.100273,737.0,0.0868
6006,3,1800.35,6254.17,0.468847,9.546966333286906e-05,1.544409,733.0,0.0873
6007,3,1800.55,6253.53,0.528187,9.546697543703755e-05,1.564743,725.8,0.0882
6008,3,1800.75,6252.86,0.492849,9.54642867823261e-05,2.015058,749.7,0.0854
6009,3,1800.95,6252.21,0.537783,9.546159736878008e-05,1.590192,749.6,0.0854
6010,3,1801.14,6251.56,0.35937,9.54589071964449e-05,1.458005,740.9,0.0864
6011,3,1801.34,6250.9,0.430155,9.545621626536594e-05,1.492446,755.3,0.0847
6012,3,1801.54,6250.24,0.435957,9.545352457558862e-05,1.387667,754.0,0.0849
6013,3,1801.74,6249.6,0.451644,9.545083212715839e-05,1.688334,741.8,0.0863
6014,3,1801.94,6248.95,0.567538,9.544813892012066e-05,1.792786,714.3,0.0896
6015,3,1802.13,6248.29,0.431017,9.544544495452088e-05,1.587853,732.2,0.0874
6016,3,1802.33,6247.64,0.297513,9.54427502304045e-05,1.206895,746.0,0.0858
6017,3,1802.53,6246.99,0.489466,9.544005474781705e-05,2.458404,749.1,0.0854
6018,3,1802.73,6246.36,0.392551,9.543735850680398e-05,1.08702,699.0,0.0916
6019,3,1802.93,6245.69,0.500268,9.54346615074108e-05,1.484824,733.9,0.0872
6020,3,1803.12,6245.04,0.475928,9.543196374968302e-05,1.477704,734.6,0.0871
6021,3,1803.33,6244.43,0.383089,9.542926523366618e-05,1.231119,689.7,0.0928
6022,3,1803.53,6243.78,0.508473,9.542656595940582e-05,1.497307,674.9,0.0948
6023,3,1803.73,6243.12,0.466794,9.54238659269475e-05,1.74003,709.7,0.0902
6024,3,1803.93,6242.47,0.457005,9.542116513633675e-05,1.727811,715.3,0.0895
6025,3,1804.12,6241.81,0.377176,9.541846358761921e-05,1.944548,739.8,0.0865
6026,3,1804.32,6241.16,0.468681,9.541576128084042e-05,1.28289,730.0,0.0877
6027,3,1804.52,6240.51,0.350726,9.5413058216046e-05,2.146025,722.9,0.0885
6028,3,1804.71,6239.85,0.348381,9.541035439328159e-05,1.58006,747.1,0.0857
6029,3,1804.91,6239.2,0.380835,9.54076498125928e-05,1.53701,739.2,0.0866
6030,3,1805.11,6238.54,0.396632,9.540494447402527e-05,1.526986,750.3,0.0853
6031,3,1805.31,6237.9,0.427457,9.540223837762465e-05,1.662933,735.1,0.0871
6032,3,1805.5,6237.24,0.462261,9.539953152343665e-05,1.926087,751.7,0.0851
6033,3,1805.7,6236.58,0.571894,9.539682391150692e-05,2.243094,759.0,0.0843
6034,3,1805.89,6235.93,0.45248,9.539411554188116e-05,2.823905,756.7,0.0846
6035,3,1806.1,6235.3,0.498268,9.539140641460506e-05,2.226321,717.3,0.0892
6036,3,1806.29,6234.63,0.463926,9.538869652972436e-05,1.693256,749.1,0.0854
6037,3,1806.49,6233.98,0.50926,9.53859858872848e-05,2.045982,763.2,0.0839
6038,3,1806.68,6233.33,0.505187,9.53832744873321e-05,2.385373,757.4,0.0845
6039,3,1806.89,6232.69,0.437169,9.538056232991206e-05,1.688615,720.4,0.0888
6040,3,1807.08,6232.05,0.37724,9.537784941507042e-05,1.274318,707.1,0.0905
6041,3,1807.28,6231.4,0.446961,9.537513574285295e-05,1.305963,755.3,0.0847
6042,3,1807.48,6230.75,0.392718,9.537242131330549e-05,1.858896,760.8,0.0841
6043,3,1807.68,6230.12,0.491647,9.536970612647381e-05,1.553025,726.9,0.0881
6044,3,1807.88,6229.46,0.434472,9.536699018240376e-05,1.268352,739.4,0.0866
6045,3,1808.08,6228.84,0.619865,9.536427348114114e-05,1.973605,691.3,0.0926
6046,3,1808.28,6228.18,0.465585,9.536155602273184e-05,1.117398,717.9,0.0892
6047,3,1808.47,6227.53,0.602492,9.53588378072217e-05,1.570706,723.8,0.0884
6048,3,1808.67,6226.89,0.442194,9.535611883465659e-05,1.226516,707.9,0.0904
6049,3,1808.87,6226.23,0.416893,9.535339910508242e-05,1.700826,733.5,0.0872
6050,3,1809.07,6225.59,0.38497,9.535067861854505e-05,0.977937,709.0,0.0903
6051,3,1809.27,6224.95,0.454191,9.534795737509044e-05,1.210439,708.7,0.0903
6052,3,1809.46,6224.29,0.466666,9.534523537476448e-05,1.404463,743.3,0.0861
6053,3,1809.66,6223.64,0.428958,9.534251261761311e-05,1.152267,746.1,0.0858
6054,3,1809.86,6223.01,0.406054,9.53397891036823e-05,1.122166,716.9,0.0893
6055,3,1810.06,6222.35,0.598198,9.5337064833018e-05,1.57309,759.2,0.0843
6056,3,1810.26,6221.72,0.406499,9.533433980566618e-05,1.429723,715.2,0.0895
6057,3,1810.45,6221.07,0.393003,9.533161402167283e-05,1.347196,744.8,0.0859
6058,3,1810.65,6220.43,0.53469,9.532888748108398e-05,1.497083,726.3,0.0881
6059,3,1810.85,6219.77,0.445452,9.532616018394559e-05,1.53916,749.6,0.0854
6060,3,1811.05,6219.12,0.341398,9.532343213030373e-05,0.81428,757.9,0.0844
6061,3,1811.25,6218.49,0.350542,9.532070332020443e-05,1.157182,760.1,0.0842
6062,3,1811.45,6217.84,0.402371,9.531797375369372e-05,1.162136,753.7,0.0849
6063,3,1811.65,6217.21,0.33076,9.53152434308177e-05,1.239281,736.9,0.0869
6064,3,1811.84,6216.56,0.573669,9.531251235162244e-05,1.894479,736.4,0.0869
6065,3,1812.04,6215.91,0.487801,9.530978051615402e-05,1.39922,760.1,0.0842
6066,3,1812.24,6215.29,0.48033,9.530704792445855e-05,1.463753,703.8,0.0909
6067,3,1812.44,6214.62,0.444068,9.530431457658213e-05,1.290135,757.6,0.0845
6068,3,1812.64,6214.0,0.54886,9.530158047257092e-05,2.06666,691.3,0.0926
6069,3,1812.84,6213.36,0.410675,9.529884561247103e-05,1.267119,686.7,0.0932
6070,3,1813.04,6212.71,0.475758,9.529610999632863e-05,1.726164,707.1,0.0905
6071,3,1813.24,6212.07,0.486353,9.529337362418989e-05,1.404503,696.7,0.0919
6072,3,1813.43,6211.41,0.578265,9.5290636496101e-05,1.552312,737.4,0.0868
6073,3,1813.63,6210.78,0.330185,9.528789861210812e-05,1.34341,718.2,0.0891
6074,3,1813.82,6210.12,0.584996,9.528515997225747e-05,2.453862,739.4,0.0866
6075,3,1814.02,6209.47,0.406109,9.528242057659528e-05,1.55672,757.1,0.0845
6076,3,1814.22,6208.84,0.402811,9.527968042516777e-05,1.490736,722.8,0.0885
6077,3,1814.42,6208.19,0.487301,9.527693951802119e-05,1.158801,724.7,0.0883
6078,3,1814.61,6207.55,0.434655,9.527419785520178e-05,1.176632,730.3,0.0876
6079,3,1814.81,6206.9,0.409929,9.527145543675584e-05,1.108113,722.3,0.0886
6080,3,1815.01,6206.26,0.503177,9.526871226272963e-05,1.219751,716.6,0.0893
6081,3,1815.21,6205.63,0.430342,9.526596833316944e-05,1.750226,724.9,0.0883
6082,3,1815.41,6204.99,0.460168,9.526322364812161e-05,1.229294,717.8,0.0892
6083,3,1815.6,6204.33,0.464589,9.526047820763242e-05,1.192229,757.8,0.0845
6084,3,1815.8,6203.69,0.487756,9.525773201174823e-05,1.161114,752.3,0.0851
6085,3,1816.0,6203.07,0.405963,9.525498506051538e-05,1.240189,707.3,0.0905
6086,3,1816.2,6202.41,0.448434,9.525223735398021e-05,1.211278,724.0,0.0884
6087,3,1816.4,6201.78,0.522455,9.524948889218912e-05,1.435211,710.7,0.09
6088,3,1816.59,6201.13,0.373634,9.524673967518849e-05,1.298824,728.3,0.0879
6089,3,1816.79,6200.48,0.339384,9.52439897030247e-05,1.052978,749.7,0.0854
6090,3,1816.99,6199.85,0.519518,9.524123897574417e-05,1.909047,713.8,0.0897
6091,3,1817.19,6199.22,0.416637,9.523848749339332e-05,1.304821,707.8,0.0904
6092,3,1817.39,6198.57,0.404583,9.523573525601858e-05,1.183326,728.7,0.0878
6093,3,1817.58,6197.91,0.403218,9.523298226366641e-05,1.67397,761.7,0.084
6094,3,1817.78,6197.27,0.416854,9.523022851638326e-05,1.232747,763.1,0.0839
6095,3,1817.98,6196.64,0.37362,9.52274740142156e-05,1.313033,726.5,0.0881
6096,3,1818.18,6196.0,0.446603,9.522471875720993e-05,1.409972,708.2,0.0904
6097,3,1818.37,6195.35,0.392704,9.522196274541274e-05,1.378469,726.0,0.0882
6098,3,1818.57,6194.7,0.381207,9.521920597887055e-05,1.22935,750.3,0.0853
6099,3,1818.77,6194.09,0.503759,9.521644845762987e-05,2.520973,699.1,0.0915
6100,3,1818.96,6193.42,0.366948,9.521369018173724e-05,1.220113,763.1,0.0839
6101,3,1819.17,6192.8,0.453823,9.521093115123922e-05,1.295038,754.8,0.0848
6102,3,1819.37,6192.16,0.458456,9.520817136618235e-05,1.235974,738.0,0.0867
6103,3,1819.57,6191.54,0.439488,9.520541082661326e-05,1.536693,705.6,0.0907
6104,3,1819.76,6190.88,0.354254,9.520264953257848e-05,1.411821,748.9,0.0855
6105,3,1819.96,6190.25,0.398182,9.519988748412464e-05,1.48386,713.2,0.0897
6106,3,1820.16,6189.62,0.527161,9.519712468129832e-05,1.849037,709.5,0.0902
6107,3,1820.36,6188.98,0.339195,9.519436112414618e-05,1.075077,693.9,0.0922
6108,3,1820.55,6188.31,0.478743,9.519159681271487e-05,1.362158,766.7,0.0835
6109,3,1820.75,6187.7,0.337289,9.518883174705099e-05,1.505842,691.5,0.0926
6110,3,1820.95,6187.05,0.388061,9.518606592720125e-05,0.934392,714.9,0.0895
6111,3,1821.14,6186.4,0.484623,9.51832993532123e-05,1.069136,747.1,0.0857
6112,3,1821.34,6185.77,0.560321,9.518053202513085e-05,1.59682,713.7,0.0897
6113,3,1821.54,6185.12,0.517354,9.517776394300358e-05,1.330164,755.8,0.0847
6114,3,1821.74,6184.48,0.471837,9.517499510687725e-05,1.492931,741.4,0.0863
6115,3,1821.93,6183.85,0.439337,9.517222551679854e-05,1.237851,733.6,0.0872
6116,3,1822.13,6183.2,0.603548,9.516945517281419e-05,1.390171,754.0,0.0849
6117,3,1822.33,6182.59,0.475404,9.5166684074971e-05,1.060151,702.4,0.0911
6118,3,1822.53,6181.93,0.415937,9.51639122233157e-05,1.177623,746.6,0.0857
6119,3,1822.72,6181.29,0.404125,9.516113961789508e-05,1.11276,758.0,0.0844
6120,3,1822.92,6180.65,0.517338,9.515836625875591e-05,1.271567,761.5,0.084
6121,3,1823.12,6180.03,0.527827,9.515559214594501e-05,2.024459,750.7,0.0853
6122,3,1823.32,6179.39,0.404643,9.51528172795092e-05,1.026239,750.7,0.0852
6123,3,1823.52,6178.75,0.469959,9.515004165949533e-05,1.154904,768.0,0.0833
6124,3,1823.72,6178.13,0.518548,9.51472652859502e-05,1.218322,730.1,0.0877
6125,3,1823.91,6177.49,0.36956,9.51444881589207e-05,0.947241,743.2,0.0861
6126,3,1824.12,6176.86,0.505934,9.514171027845368e-05,1.185749,713.6,0.0897
6127,3,1824.31,6176.22,0.445521,9.513893164459602e-05,1.425152,725.1,0.0883
6128,3,1824.51,6175.57,0.526546,9.513615225739462e-05,1.4598,747.4,0.0856
6129,3,1824.7,6174.93,0.432005,9.513337211689638e-05,1.289681,751.6,0.0851
6130,3,1824.9,6174.3,0.389333,9.513059122314823e-05,1.447105,740.8,0.0864
6131,3,1825.1,6173.67,0.469873,9.51278095761971e-05,1.415728,726.8,0.0881
6132,3,1825.29,6173.01,0.439697,9.512502717608992e-05,1.53879,771.6,0.0829
6133,3,1825.49,6172.38,0.482869,9.512224402287366e-05,1.415718,754.9,0.0848
6134,3,1825.69,6171.75,0.464559,9.511946011659528e-05,1.412239,734.6,0.0871
6135,3,1825.89,6171.13,0.503237,9.511667545730176e-05,1.726459,715.2,0.0895
6136,3,1826.09,6170.5,0.520238,9.51138900450401e-05,1.825229,706.2,0.0906
6137,3,1826.29,6169.85,0.370114,9.511110387985733e-05,1.219805,752.6,0.085
6138,3,1826.49,6169.23,0.404199,9.510831696180045e-05,1.217704,722.7,0.0886
6139,3,1826.69,6168.6,0.487688,9.510552929091648e-05,1.674706,721.9,0.0887
6140,3,1826.89,6167.97,0.446374,9.510274086725246e-05,1.348486,706.5,0.0906
6141,3,1827.09,6167.35,0.532437,9.50999516908555e-05,1.343019,718.8,0.089
6142,3,1827.29,6166.72,0.383449,9.509716176177261e-05,1.485272,708.6,0.0903
6143,3,1827.48,6166.09,0.417629,9.509437108005092e-05,1.30514,708.6,0.0903
6144,3,1827.68,6165.45,0.41573,9.509157964573751e-05,1.323962,706.7,0.0906
6145,3,1827.87,6164.8,0.408074,9.508878745887948e-05,1.170523,752.5,0.085
6146,3,1828.07,6164.17,0.4745,9.508599451952397e-05,1.002247,747.1,0.0857
6147,3,1828.27,6163.53,0.507171,9.50832008277181e-05,1.524266,738.7,0.0866
6148,3,1828.47,6162.89,0.410911,9.508040638350903e-05,1.105598,756.1,0.0846
6149,3,1828.66,6162.26,0.385501,9.50776111869439e-05,1.366498,756.9,0.0846
6150,3,1828.87,6161.64,0.404808,9.50748152380699e-05,1.083078,721.5,0.0887
6151,3,1829.06,6160.99,0.348399,9.507201853693422e-05,1.162103,754.7,0.0848
6152,3,1829.26,6160.36,0.371428,9.506922108358404e-05,1.542759,754.7,0.0848
6153,3,1829.45,6159.73,0.512605,9.506642287806658e-05,1.289959,747.1,0.0857
6154,3,1829.65,6159.09,0.415006,9.506362392042906e-05,1.889572,765.5,0.0836
6155,3,1829.85,6158.46,0.47147,9.506082421071873e-05,1.310604,744.8,0.0859
6156,3,1830.05,6157.84,0.404456,9.505802374898283e-05,1.359189,710.4,0.0901
6157,3,1830.25,6157.23,0.450795,9.50552225352686e-05,1.709545,686.3,0.0933
6158,3,1830.44,6156.57,0.358325,9.505242056962334e-05,1.228687,754.2,0.0849
6159,3,1830.64,6155.93,0.494477,9.504961785209436e-05,1.309257,758.6,0.0844
6160,3,1830.85,6155.33,0.422693,9.504681438272891e-05,2.315136,699.3,0.0915
6161,3,1831.05,6154.71,0.399268,9.504401016157432e-05,1.97785,700.6,0.0913
6162,3,1831.24,6154.08,0.378221,9.504120518867794e-05,1.081293,707.7,0.0904
6163,3,1831.44,6153.43,0.443018,9.503839946408706e-05,1.916628,742.0,0.0863
6164,3,1831.64,6152.8,0.475267,9.503559298784908e-05,1.503197,738.4,0.0867
6165,3,1831.84,6152.17,0.375556,9.503278576001133e-05,1.211789,743.8,0.086
6166,3,1832.04,6151.56,0.382303,9.50299777806212e-05,1.268463,708.5,0.0903
6167,3,1832.23,6150.91,0.577013,9.502716904972608e-05,2.660784,754.0,0.0849
6168,3,1832.43,6150.28,0.480663,9.502435956737337e-05,1.740768,755.8,0.0847
6169,3,1832.63,6149.65,0.517633,9.502154933361047e-05,1.734089,737.1,0.0868
6170,3,1832.82,6149.01,0.452364,9.501873834848483e-05,1.237243,763.3,0.0838
6171,3,1833.02,6148.39,0.348777,9.501592661204386e-05,1.206651,751.1,0.0852
6172,3,1833.22,6147.76,0.449714,9.501311412433503e-05,1.591397,750.1,0.0853
6173,3,1833.42,6147.13,0.42946,9.501030088540582e-05,1.045458,752.4,0.0851
6174,3,1833.62,6146.5,0.543729,9.500748689530368e-05,1.603438,739.1,0.0866
6175,3,1833.81,6145.88,0.383321,9.50046721540761e-05,1.694795,726.1,0.0881
6176,3,1834.01,6145.26,0.484909,9.500185666177061e-05,1.332664,706.9,0.0905
6177,3,1834.21,6144.63,0.369119,9.49990404184347e-05,1.16214,699.2,0.0915
6178,3,1834.41,6144.0,0.461192,9.49962234241159e-05,1.173306,710.3,0.0901
6179,3,1834.61,6143.36,0.418745,9.499340567886176e-05,1.447183,738.7,0.0866
6180,3,1834.81,6142.74,0.425696,9.499058718271983e-05,1.084756,720.4,0.0888
6181,3,1835.0,6142.11,0.415151,9.498776793573768e-05,1.141371,760.9,0.0841
6182,3,1835.21,6141.51,0.362373,9.498494793796289e-05,1.090985,696.2,0.0919
6183,3,1835.4,6140.87,0.419176,9.498212718944303e-05,1.675894,734.7,0.0871
6184,3,1835.6,6140.25,0.532204,9.497930569022571e-05,1.426979,704.5,0.0908
6185,3,1835.8,6139.61,0.375813,9.497648344035858e-05,1.172703,742.4,0.0862
6186,3,1835.99,6138.98,0.384713,9.497366043988925e-05,1.986525,752.1,0.0851
6187,3,1836.2,6138.37,0.375858,9.497083668886533e-05,1.54417,704.2,0.0909
6188,3,1836.39,6137.73,0.367954,9.496801218733452e-05,1.277436,730.8,0.0876
6189,3,1836.59,6137.12,0.502781,9.496518693534447e-05,1.300146,696.8,0.0918
6190,3,1836.79,6136.47,0.477422,9.496236093294287e-05,1.642037,727.1,0.088
6191,3,1836.98,6135.84,0.474441,9.495953418017738e-05,2.082578,731.7,0.0875
6192,3,1837.18,6135.21,0.574347,9.495670667709574e-05,1.788741,738.7,0.0866
6193,3,1837.38,6134.58,0.463149,9.495387842374565e-05,1.401931,734.1,0.0872
6194,3,1837.57,6133.94,0.420549,9.495104942017485e-05,1.374271,774.0,0.0827
6195,3,1837.77,6133.31,0.385577,9.494821966643108e-05,1.57713,746.1,0.0858
6196,3,1837.97,6132.68,0.394752,9.494538916256211e-05,1.752023,756.5,0.0846
6197,3,1838.16,6132.06,0.436536,9.49425579086157e-05,1.386769,744.0,0.086
6198,3,1838.36,6131.43,0.473563,9.49397259046396e-05,1.37386,754.9,0.0848
6199,3,1838.56,6130.8,0.42339,9.493689315068164e-05,1.269534,766.0,0.0835
6200,3,1838.76,6130.19,0.46487,9.493405964678963e-05,1.291688,722.8,0.0885
6201,3,1838.96,6129.58,0.492563,9.493122539301136e-05,1.82889,710.6,0.0901
6202,3,1839.15,6128.93,0.500156,9.492839038939469e-05,1.502719,759.9,0.0842
6203,3,1839.36,6128.32,0.455456,9.492555463598744e-05,1.60182,723.2,0.0885
6204,3,1839.55,6127.69,0.374511,9.492271813283748e-05,1.71566,740.0,0.0865
6205,3,1839.75,6127.06,0.413616,9.491988087999269e-05,1.479958,748.5,0.0855
6206,3,1839.95,6126.46,0.528436,9.491704287750095e-05,1.555621,693.6,0.0923
6207,3,1840.14,6125.81,0.557169,9.491420412541014e-05,1.486729,758.1,0.0844
6208,3,1840.34,6125.19,0.362198,9.491136462376818e-05,1.543628,743.8,0.086
6209,3,1840.54,6124.57,0.437405,9.490852437262298e-05,1.669026,734.2,0.0872
6210,3,1840.74,6123.96,0.452227,9.490568337202248e-05,1.524911,712.1,0.0899
6211,3,1840.94,6123.33,0.452444,9.490284162201463e-05,1.218429,724.0,0.0884
6212,3,1841.13,6122.69,0.499711,9.489999912264738e-05,1.753867,753.2,0.085
6213,3,1841.34,6122.08,0.420934,9.489715587396872e-05,1.376976,716.4,0.0893
6214,3,1841.53,6121.44,0.381988,9.48943118760266e-05,1.137356,755.1,0.0848
6215,3,1841.73,6120.81,0.374057,9.489146712886903e-05,0.951794,759.1,0.0843
6216,3,1841.93,6120.2,0.422199,9.488862163254404e-05,1.110702,733.6,0.0872
6217,3,1842.13,6119.58,0.410595,9.488577538709963e-05,1.448579,713.2,0.0897
6218,3,1842.32,6118.93,0.4167,9.488292839258383e-05,1.008815,764.7,0.0837
6219,3,1842.52,6118.32,0.406377,9.488008064904472e-05,1.247113,756.3,0.0846
6220,3,1842.72,6117.71,0.569559,9.487723215653031e-05,1.730407,719.3,0.089
6221,3,1842.92,6117.09,0.30788,9.48743829150887e-05,1.063106,760.9,0.0841
6222,3,1843.12,6116.47,0.460025,9.4871532924768e-05,1.37882,743.9,0.086
6223,3,1843.32,6115.85,0.479504,9.486868218561627e-05,1.567037,748.1,0.0855
6224,3,1843.51,6115.23,0.42925,9.486583069768162e-05,1.159148,743.2,0.0861
6225,3,1843.72,6114.62,0.31393,9.48629784610122e-05,1.178271,708.2,0.0904
6226,3,1843.91,6113.98,0.390107,9.486012547565612e-05,1.482901,754.0,0.0849
6227,3,1844.11,6113.37,0.404967,9.485727174166154e-05,1.727086,730.8,0.0876
6228,3,1844.31,6112.76,0.411077,9.485441725907663e-05,1.50764,707.3,0.0905
6229,3,1844.51,6112.13,0.570428,9.485156202794955e-05,1.969793,733.4,0.0873
6230,3,1844.7,6111.5,0.437492,9.484870604832848e-05,1.689605,748.2,0.0855
6231,3,1844.9,6110.88,0.416187,9.484584932026164e-05,1.622589,747.6,0.0856
6232,3,1845.1,6110.27,0.398962,9.484299184379722e-05,1.268488,737.4,0.0868
6233,3,1845.3,6109.65,0.545021,9.484013361898344e-05,1.719868,733.2,0.0873
6234,3,1845.5,6109.04,0.442743,9.483727464586856e-05,1.398449,695.3,0.092
6235,3,1845.7,6108.42,0.556463,9.483441492450081e-05,1.678882,696.0,0.092
6236,3,1845.89,6107.79,0.450152,9.483155445492846e-05,2.200988,737.3,0.0868
6237,3,1846.1,6107.19,0.436862,9.482869323719979e-05,2.145783,708.3,0.0904
6238,3,1846.29,6106.55,0.427594,9.482583127136307e-05,2.024483,755.0,0.0848
6239,3,1846.49,6105.94,0.488919,9.48229685574666e-05,1.362916,736.9,0.0868
6240,3,1846.69,6105.31,0.461814,9.482010509555871e-05,1.522163,760.1,0.0842
6241,3,1846.89,6104.71,0.408739,9.481724088568772e-05,1.182885,746.3,0.0858
6242,3,1847.09,6104.09,0.504313,9.481437592790198e-05,1.764101,736.1,0.087
6243,3,1847.29,6103.47,0.492763,9.481151022224981e-05,1.663462,743.2,0.0861
6244,3,1847.48,6102.85,0.516593,9.48086437687796e-05,1.643865,757.5,0.0845
6245,3,1847.68,6102.23,0.613419,9.480577656753968e-05,1.837225,752.7,0.085
6246,3,1847.89,6101.63,0.365763,9.48029086185785e-05,1.181118,700.2,0.0914
6247,3,1848.08,6101.0,0.552539,9.480003992194443e-05,1.648389,747.8,0.0856
6248,3,1848.28,6100.39,0.422535,9.479717047768586e-05,1.570534,725.8,0.0882
6249,3,1848.48,6099.76,0.434871,9.479430028585127e-05,1.347956,754.6,0.0848
6250,3,1848.68,6099.15,0.439713,9.479142934648905e-05,1.546696,753.0,0.085
6251,3,1848.87,6098.53,0.385313,9.478855765964768e-05,0.991685,755.0,0.0848
6252,3,1849.08,6097.93,0.548794,9.478568522537562e-05,1.675874,713.5,0.0897
6253,3,1849.27,6097.31,0.515515,9.478281204372133e-05,1.717002,716.6,0.0893
6254,3,1849.47,6096.7,0.475213,9.477993811473331e-05,1.924479,705.1,0.0908
6255,3,1849.66,6096.06,0.390297,9.477706343846007e-05,1.125517,756.6,0.0846
6256,3,1849.86,6095.44,0.437364,9.47741880149501e-05,1.486789,748.4,0.0855
6257,3,1850.06,6094.83,0.456445,9.477131184425195e-05,1.257889,728.2,0.0879
6258,3,1850.26,6094.21,0.489445,9.476843492641415e-05,1.417743,738.6,0.0866
6259,3,1850.45,6093.58,0.573465,9.476555726148524e-05,1.292576,766.0,0.0836
6260,3,1850.65,6092.97,0.478358,9.476267884951382e-05,1.901206,758.3,0.0844
6261,3,1850.86,6092.36,0.427429,9.475979969054842e-05,1.419069,751.6,0.0851
6262,3,1851.05,6091.74,0.469915,9.475691978463767e-05,1.62524,744.9,0.0859
6263,3,1851.25,6091.13,0.506228,9.475403913183016e-05,1.642555,738.8,0.0866
6264,3,1851.45,6090.53,0.441487,9.47511577321745e-05,1.467431,713.7,0.0897
6265,3,1851.65,6089.9,0.455212,9.474827558571932e-05,1.061586,731.0,0.0875
6266,3,1851.85,6089.28,0.423987,9.474539269251325e-05,1.186693,743.8,0.086
6267,3,1852.05,6088.69,0.543874,9.474250905260496e-05,1.491639,693.3,0.0923
6268,3,1852.24,6088.06,0.395235,9.473962466604311e-05,1.191215,740.8,0.0864
6269,3,1852.44,6087.44,0.31954,9.473673953287637e-05,0.960772,743.9,0.086
6270,3,1852.64,6086.82,0.467416,9.473385365315343e-05,1.042949,748.1,0.0856
6271,3,1852.84,6086.21,0.461179,9.4730967026923e-05,1.186293,752.7,0.085
6272,3,1853.04,6085.59,0.492316,9.47280796542338e-05,1.200935,747.2,0.0857
6273,3,1853.23,6084.98,0.404698,9.472519153513457e-05,1.115449,737.1,0.0868
6274,3,1853.43,6084.36,0.561436,9.472230266967401e-05,1.379293,752.8,0.085
6275,3,1853.63,6083.74,0.37669,9.47194130579009e-05,1.200908,770.0,0.0831
6276,3,1853.83,6083.13,0.460806,9.4716522699864e-05,1.192376,745.9,0.0858
6277,3,1854.02,6082.51,0.514506,9.471363159561211e-05,1.891597,770.3,0.0831
6278,3,1854.22,6081.89,0.478489,9.471073974519401e-05,1.582774,768.2,0.0833
6279,3,1854.42,6081.27,0.474587,9.470784714865849e-05,1.148038,758.9,0.0843
6280,3,1854.62,6080.66,0.403752,9.470495380605437e-05,1.350632,735.9,0.087
6281,3,1854.81,6080.04,0.462696,9.470205971743048e-05,1.559259,775.4,0.0825
6282,3,1855.02,6079.44,0.482221,9.469916488283568e-05,1.49441,724.7,0.0883
6283,3,1855.21,6078.81,0.418597,9.46962693023188e-05,1.32905,764.7,0.0837
6284,3,1855.41,6078.2,0.337181,9.469337297592872e-05,0.966388,748.2,0.0855
6285,3,1855.61,6077.59,0.415412,9.469047590371432e-05,1.489337,747.6,0.0856
6286,3,1855.8,6076.97,0.337306,9.46875780857245e-05,1.263521,765.1,0.0836
6287,3,1856.01,6076.37,0.489591,9.468467952200814e-05,1.912904,704.4,0.0909
6288,3,1856.2,6075.75,0.398572,9.468178021261417e-05,1.321055,730.1,0.0877
6289,3,1856.4,6075.13,0.493824,9.467888015759152e-05,1.300379,739.7,0.0865
6290,3,1856.59,6074.52,0.393728,9.467597935698914e-05,1.038185,744.4,0.086
6291,3,1856.79,6073.91,0.456392,9.467307781085598e-05,1.456898,731.9,0.0874
6292,3,1856.99,6073.28,0.346159,9.4670175519241e-05,1.326846,754.5,0.0848
6293,3,1857.19,6072.68,0.430959,9.466727248219319e-05,1.957552,737.9,0.0867
6294,3,1857.39,6072.08,0.433067,9.466436869976154e-05,1.45647,708.6,0.0903
6295,3,1857.58,6071.44,0.498552,9.466146417199505e-05,2.18339,775.1,0.0826
6296,3,1857.78,6070.84,0.534984,9.465855889894275e-05,1.669998,722.3,0.0886
6297,3,1857.98,6070.22,0.371406,9.465565288065365e-05,1.347079,720.4,0.0888
6298,3,1858.17,6069.59,0.52251,9.465274611717682e-05,1.695931,769.3,0.0832
6299,3,1858.37,6068.99,0.409824,9.464983860856129e-05,1.261738,727.1,0.088
6300,3,1858.57,6068.38,0.497405,9.464693035485614e-05,1.722378,742.1,0.0862
6301,3,1866.49,6092.97,0.457159,9.464402135611045e-05,1.424763,669.5,0.0956
6302,3,1866.71,6092.44,0.363443,9.464111161237333e-05,1.366993,699.3,0.0915
6303,3,1866.91,6091.81,0.371803,9.463820112369386e-05,1.344789,736.9,0.0868
6304,3,1867.11,6091.2,0.392195,9.463528989012116e-05,1.114683,716.8,0.0893
6305,3,1867.3,6090.56,0.355143,9.463237791170437e-05,1.481669,771.6,0.0829
6306,3,1867.5,6089.96,0.436747,9.462946518849264e-05,1.375349,725.1,0.0883
6307,3,1867.7,6089.33,0.587662,9.462655172053513e-05,1.969892,734.4,0.0872
6308,3,1867.89,6088.71,0.484971,9.462363750788098e-05,1.470833,725.3,0.0882
6309,3,1868.09,6088.09,0.392783,9.462072255057939e-05,1.494025,712.4,0.0898
6310,3,1868.28,6087.45,0.488242,9.461780684867956e-05,1.529889,757.3,0.0845
6311,3,1868.48,6086.85,0.457099,9.461489040223069e-05,1.544258,719.9,0.0889
6312,3,1868.68,6086.22,0.485485,9.461197321128201e-05,1.587557,760.7,0.0841
6313,3,1868.88,6085.62,0.444316,9.460905527588274e-05,1.524056,709.5,0.0902
6314,3,1869.07,6084.99,0.40594,9.460613659608211e-05,1.39759,748.0,0.0856
6315,3,1869.27,6084.37,0.408692,9.460321717192938e-05,1.064794,759.7,0.0842
6316,3,1869.47,6083.76,0.460448,9.460029700347385e-05,1.218255,741.3,0.0863
6317,3,1869.67,6083.15,0.497113,9.459737609076478e-05,1.740801,747.9,0.0856
6318,3,1869.87,6082.54,0.511612,9.459445443385147e-05,1.539195,724.6,0.0883
6319,3,1870.06,6081.93,0.400433,9.459153203278322e-05,1.186422,724.7,0.0883
6320,3,1870.26,6081.3,0.450118,9.458860888760934e-05,1.262524,743.5,0.0861
6321,3,1870.46,6080.71,0.375382,9.458568499837919e-05,0.980139,739.5,0.0865
6322,3,1870.66,6080.09,0.462038,9.458276036514212e-05,1.408509,748.2,0.0855
6323,3,1870.86,6079.48,0.429771,9.457983498794743e-05,1.35031,745.0,0.0859
6324,3,1871.06,6078.88,0.33613,9.457690886684456e-05,1.272569,714.4,0.0896
6325,3,1871.26,6078.27,0.411978,9.457398200188285e-05,2.004338,702.0,0.0912
6326,3,1871.45,6077.64,0.479588,9.45710543931117e-05,1.614684,749.6,0.0854
6327,3,1871.65,6077.02,0.444108,9.456812604058053e-05,1.393285,763.6,0.0838
6328,3,1871.85,6076.42,0.386683,9.456519694433874e-05,2.002991,738.1,0.0867
6329,3,1872.05,6075.82,0.459227,9.456226710443579e-05,1.394488,715.7,0.0894
6330,3,1872.25,6075.19,0.459001,9.45593365209211e-05,1.601799,747.5,0.0856
6331,3,1872.45,6074.58,0.418608,9.455640519384414e-05,1.734638,738.5,0.0867
6332,3,1872.65,6073.98,0.471516,9.455347312325439e-05,2.325519,717.8,0.0892
6333,3,1872.85,6073.37,0.4531,9.455054030920129e-05,1.811922,700.0,0.0914
6334,3,1873.04,6072.75,0.431416,9.454760675173439e-05,1.757519,722.9,0.0885
6335,3,1873.24,6072.14,0.381593,9.454467245090317e-05,1.535002,712.0,0.0899
6336,3,1873.44,6071.52,0.426184,9.454173740675716e-05,1.90984,751.2,0.0852
6337,3,1873.64,6070.92,0.429616,9.453880161934588e-05,1.654408,702.7,0.0911
6338,3,1873.84,6070.31,0.4524,9.453586508871887e-05,1.52315,695.7,0.092
6339,3,1874.04,6069.7,0.474609,9.453292781492571e-05,1.796932,690.7,0.0927
6340,3,1874.23,6069.07,0.488923,9.452998979801597e-05,1.474243,741.9,0.0863
6341,3,1874.43,6068.48,0.456159,9.452705103803922e-05,2.777461,745.9,0.0858
6342,3,1874.63,6067.87,0.367724,9.452411153504505e-05,1.27486,727.5,0.088
6343,3,1874.83,6067.26,0.454036,9.452117128908308e-05,1.434281,743.5,0.0861
6344,3,1875.04,6066.67,0.339275,9.451823030020295e-05,1.668012,685.4,0.0934
6345,3,1875.23,6066.05,0.456666,9.451528856845425e-05,1.906365,722.0,0.0886
6346,3,1875.43,6065.43,0.363168,9.451234609388666e-05,1.546506,727.8,0.0879
6347,3,1875.62,6064.82,0.388118,9.450940287654981e-05,1.819976,733.7,0.0872
6348,3,1875.82,6064.22,0.424906,9.450645891649341e-05,1.555872,717.5,0.0892
6349,3,1876.02,6063.61,0.440681,9.45035142137671e-05,1.59965,720.9,0.0888
6350,3,1876.22,6062.98,0.404754,9.450056876842062e-05,1.74053,753.0,0.085
6351,3,1876.42,6062.39,0.399371,9.449762258050363e-05,1.971491,708.0,0.0904
6352,3,1876.61,6061.77,0.449534,9.44946756500659e-05,2.365884,727.5,0.088
6353,3,1876.81,6061.15,0.512132,9.449172797715713e-05,2.048226,744.6,0.0859
6354,3,1877.01,6060.54,0.360943,9.448877956182706e-05,1.830147,743.8,0.086
6355,3,1877.21,6059.95,0.495586,9.448583040412548e-05,2.17204,694.2,0.0922
6356,3,1877.41,6059.33,0.432051,9.448288050410215e-05,1.854375,710.6,0.0901
6357,3,1877.6,6058.71,0.470894,9.447992986180684e-05,2.293488,749.8,0.0854
6358,3,1877.8,6058.09,0.382036,9.447697847728935e-05,1.672041,762.0,0.084
6359,3,1878.0,6057.51,0.464768,9.44740263505995e-05,2.005736,703.0,0.091
6360,3,1878.2,6056.9,0.39087,9.44710734817871e-05,1.886113,692.9,0.0924
6361,3,1878.4,6056.3,0.444317,9.446811987090199e-05,1.458267,696.4,0.0919
6362,3,1878.6,6055.69,0.423108,9.4465165517994e-05,1.439492,704.0,0.0909
6363,3,1878.79,6055.06,0.410224,9.446221042311302e-05,1.432341,745.5,0.0858
6364,3,1878.99,6054.44,0.459653,9.44592545863089e-05,1.324576,762.5,0.0839
6365,3,1879.19,6053.84,0.356592,9.445629800763153e-05,1.379629,733.7,0.0872
6366,3,1879.38,6053.23,0.422868,9.445334068713081e-05,1.346139,754.1,0.0849
6367,3,1879.58,6052.63,0.452768,9.445038262485665e-05,1.666505,756.7,0.0846
6368,3,1879.78,6052.03,0.430628,9.444742382085895e-05,1.490277,734.9,0.0871
6369,3,1879.99,6051.44,0.424561,9.444446427518766e-05,1.491858,697.8,0.0917
6370,3,1880.18,6050.82,0.445422,9.444150398789273e-05,1.533077,711.4,0.09
6371,3,1880.38,6050.21,0.350035,9.443854295902413e-05,1.391734,724.7,0.0883
6372,3,1880.57,6049.59,0.53838,9.44355811886318e-05,1.783695,744.6,0.086
6373,3,1880.77,6048.97,0.509809,9.443261867676574e-05,1.877506,753.3,0.085
6374,3,1880.96,6048.36,0.394252,9.442965542347595e-05,1.146605,772.1,0.0829
6375,3,1881.16,6047.75,0.435265,9.442669142881245e-05,1.846924,761.9,0.084
6376,3,1881.36,6047.16,0.443688,9.442372669282522e-05,1.584504,718.8,0.089
6377,3,1881.56,6046.54,0.431001,9.442076121556433e-05,1.525498,734.4,0.0871
6378,3,1881.75,6045.92,0.441171,9.441779499707983e-05,1.546382,758.6,0.0844
6379,3,1881.96,6045.33,0.454978,9.441482803742175e-05,2.021149,720.7,0.0888
6380,3,1882.15,6044.71,0.47469,9.441186033664019e-05,1.403165,737.8,0.0867
6381,3,1882.35,6044.13,0.543599,9.440889189478521e-05,1.893984,706.8,0.0905
6382,3,1882.55,6043.51,0.481214,9.440592271190694e-05,2.106895,727.1,0.088
6383,3,1882.75,6042.9,0.428723,9.440295278805544e-05,1.518563,741.4,0.0863
6384,3,1882.95,6042.31,0.481532,9.439998212328088e-05,1.873608,720.8,0.0888
6385,3,1883.14,6041.68,0.488713,9.439701071763338e-05,1.415239,758.8,0.0843
6386,3,1883.34,6041.09,0.430987,9.439403857116306e-05,1.540225,739.2,0.0866
6387,3,1883.55,6040.5,0.438871,9.43910656839201e-05,1.322259,692.8,0.0924
6388,3,1883.74,6039.88,0.432732,9.438809205595469e-05,1.401833,738.8,0.0866
6389,3,1883.94,6039.27,0.322818,9.438511768731699e-05,1.026333,759.0,0.0843
6390,3,1884.14,6038.69,0.456005,9.438214257805718e-05,1.131036,707.8,0.0904
6391,3,1884.33,6038.06,0.351376,9.43791667282255e-05,1.095683,763.4,0.0838
6392,3,1884.53,6037.45,0.448037,9.437619013787218e-05,1.205278,759.5,0.0843
6393,3,1884.73,6036.85,0.459588,9.437321280704743e-05,1.496774,743.4,0.0861
6394,3,1884.93,6036.26,0.40142,9.437023473580151e-05,1.141591,711.3,0.09
6395,3,1885.12,6035.64,0.422023,9.436725592418466e-05,1.342796,751.4,0.0852
6396,3,1885.33,6035.04,0.396748,9.436427637224716e-05,1.175128,724.7,0.0883
6397,3,1885.52,6034.43,0.561833,9.43612960800393e-05,1.516544,736.9,0.0868
6398,3,1885.72,6033.83,0.37922,9.435831504761136e-05,1.481557,734.1,0.0872
6399,3,1885.91,6033.21,0.524018,9.435533327501369e-05,1.452626,757.7,0.0845
6400,3,1886.12,6032.62,0.354827,9.435235076229658e-05,1.436321,722.6,0.0886
6401,3,1886.34,6032.11,0.412433,9.434936750951036e-05,1.568541,755.2,0.0847
6402,3,1886.54,6031.52,0.390943,9.434638351670538e-05,1.42909,737.2,0.0868
6403,3,1886.74,6030.92,0.35459,9.434339878393201e-05,1.686413,729.5,0.0877
6404,3,1886.94,6030.32,0.52301,9.434041331124061e-05,1.302147,704.2,0.0909
6405,3,1887.14,6029.71,0.409623,9.433742709868159e-05,1.458079,738.9,0.0866
6406,3,1887.34,6029.1,0.343925,9.433444014630532e-05,1.45094,753.7,0.0849
6407,3,1887.54,6028.51,0.456128,9.43314524541622e-05,1.729413,718.7,0.089
6408,3,1887.73,6027.89,0.371763,9.432846402230267e-05,1.241765,769.8,0.0831
6409,3,1887.93,6027.3,0.588397,9.432547485077716e-05,2.147559,731.5,0.0875
6410,3,1888.12,6026.68,0.395223,9.432248493963612e-05,1.395772,758.8,0.0843
6411,3,1888.32,6026.07,0.31757,9.431949428893e-05,1.477524,757.5,0.0845
6412,3,1888.52,6025.48,0.585731,9.431650289870929e-05,2.07002,735.2,0.0871
6413,3,1888.72,6024.86,0.417825,9.431351076902445e-05,1.648044,759.2,0.0843
6414,3,1888.92,6024.27,0.391031,9.431051789992598e-05,1.548981,731.2,0.0875
6415,3,1889.11,6023.66,0.445565,9.430752429146443e-05,2.025213,734.2,0.0872
6416,3,1889.31,6023.06,0.518413,9.430452994369025e-05,1.430369,720.5,0.0888
6417,3,1889.5,6022.45,0.40744,9.430153485665402e-05,2.260699,757.9,0.0844
6418,3,1889.7,6021.84,0.365629,9.429853903040629e-05,1.416971,746.5,0.0857
6419,3,1889.9,6021.25,0.37198,9.42955424649976e-05,1.414758,733.3,0.0873
6420,3,1890.1,6020.65,0.450377,9.429254516047853e-05,1.354377,726.5,0.0881
6421,3,1890.3,6020.06,0.524389,9.428954711689966e-05,2.637761,721.4,0.0887
6422,3,1890.5,6019.44,0.390197,9.428654833431159e-05,1.531138,753.0,0.085
6423,3,1890.69,6018.84,0.609384,9.428354881276493e-05,2.599204,742.4,0.0862
6424,3,1890.89,6018.24,0.529146,9.428054855231029e-05,2.349793,733.3,0.0873
6425,3,1891.09,6017.63,0.454847,9.427754755299832e-05,1.580243,757.2,0.0845
6426,3,1891.28,6017.03,0.40968,9.427454581487965e-05,1.763742,762.6,0.0839
6427,3,1891.49,6016.45,0.37023,9.427154333800494e-05,1.153,714.0,0.0896
6428,3,1891.68,6015.83,0.547406,9.426854012242487e-05,1.817004,747.2,0.0857
6429,3,1891.88,6015.24,0.46913,9.426553616819012e-05,1.981484,717.5,0.0892
6430,3,1892.08,6014.63,0.394156,9.426253147535137e-05,1.677899,752.5,0.085
6431,3,1892.28,6014.04,0.433649,9.425952604395935e-05,1.50692,695.4,0.092
6432,3,1892.48,6013.44,0.403987,9.425651987406479e-05,1.092553,694.6,0.0921
6433,3,1892.67,6012.83,0.50748,9.42535129657184e-05,1.760778,722.8,0.0885
6434,3,1892.87,6012.23,0.43132,9.425050531897093e-05,1.111092,741.8,0.0863
6435,3,1893.07,6011.63,0.448865,9.424749693387314e-05,1.296569,750.3,0.0853
6436,3,1893.26,6011.02,0.445855,9.42444878104758e-05,1.226034,758.4,0.0844
6437,3,1893.46,6010.42,0.502377,9.42414779488297e-05,1.232471,750.5,0.0853
6438,3,1893.66,6009.83,0.44245,9.423846734898563e-05,1.295611,737.5,0.0868
6439,3,1893.86,6009.23,0.465338,9.423545601099441e-05,1.352999,740.9,0.0864
6440,3,1894.05,6008.61,0.448485,9.423244393490682e-05,1.076113,768.0,0.0833
6441,3,1894.25,6008.03,0.417154,9.422943112077376e-05,0.902215,758.2,0.0844
6442,3,1894.46,6007.44,0.364793,9.422641756864602e-05,1.245429,714.9,0.0895
6443,3,1894.65,6006.84,0.482745,9.422340327857447e-05,1.130316,744.0,0.086
6444,3,1894.85,6006.24,0.333862,9.422038825061e-05,0.977102,758.2,0.0844
6445,3,1895.05,6005.66,0.420314,9.421737248480345e-05,1.004632,704.6,0.0908
6446,3,1895.24,6005.04,0.410125,9.421435598120578e-05,1.083248,764.7,0.0837
6447,3,1895.44,6004.44,0.519495,9.421133873986784e-05,1.305739,755.8,0.0847
6448,3,1895.64,6003.85,0.439183,9.420832076084058e-05,1.295246,739.3,0.0866
6449,3,1895.84,6003.25,0.49571,9.420530204417493e-05,1.445326,746.7,0.0857
6450,3,1896.04,6002.64,0.469235,9.420228258992182e-05,1.836371,760.5,0.0842
6451,3,1896.23,6002.04,0.359433,9.419926239813222e-05,1.089363,768.4,0.0833
6452,3,1896.44,6001.47,0.503395,9.41962414688571e-05,1.357764,697.2,0.0918
6453,3,1896.63,6000.86,0.507666,9.419321980214743e-05,1.596436,741.2,0.0863
6454,3,1896.83,6000.26,0.385788,9.419019739805422e-05,1.190858,720.5,0.0888
6455,3,1897.03,5999.66,0.4127,9.418717425662847e-05,1.072508,734.4,0.0871
6456,3,1897.22,5999.05,0.446786,9.41841503779212e-05,1.125862,758.6,0.0844
6457,3,1897.42,5998.46,0.449586,9.418112576198343e-05,1.268743,730.6,0.0876
6458,3,1897.62,5997.85,0.358327,9.417810040886622e-05,1.137411,760.4,0.0842
6459,3,1897.81,5997.25,0.432343,9.417507431862063e-05,1.390945,760.6,0.0841
6460,3,1898.01,5996.66,0.520412,9.417204749129772e-05,1.322779,739.6,0.0865
6461,3,1898.22,5996.08,0.42752,9.41690199269486e-05,1.485311,748.2,0.0855
6462,3,1898.41,5995.48,0.501448,9.416599162562432e-05,1.854811,750.6,0.0853
6463,3,1898.62,5994.9,0.431433,9.416296258737603e-05,1.328183,714.1,0.0896
6464,3,1898.81,5994.31,0.363628,9.41599328122548e-05,1.250308,718.4,0.0891
6465,3,1899.01,5993.72,0.469763,9.41569023003118e-05,1.525222,704.8,0.0908
6466,3,1899.21,5993.11,0.488993,9.415387105159816e-05,1.690643,736.7,0.0869
6467,3,1899.41,5992.51,0.554814,9.415083906616504e-05,1.809628,745.4,0.0859
6468,3,1899.6,5991.92,0.429904,9.414780634406361e-05,1.255175,743.1,0.0861
6469,3,1899.8,5991.33,0.551796,9.414477288534504e-05,2.119536,732.7,0.0873
6470,3,1900.0,5990.73,0.404444,9.414173869006053e-05,1.481384,739.5,0.0865
6471,3,1900.2,5990.15,0.487883,9.41387037582613e-05,1.296027,701.6,0.0912
6472,3,1900.4,5989.56,0.487168,9.413566808999856e-05,1.622463,705.8,0.0907
6473,3,1900.6,5988.95,0.451181,9.413263168532351e-05,1.18456,730.7,0.0876
6474,3,1900.8,5988.36,0.38204,9.412959454428744e-05,1.419109,743.5,0.0861
6475,3,1901.0,5987.77,0.395514,9.412655666694159e-05,1.000703,717.4,0.0892
6476,3,1901.2,5987.18,0.555588,9.412351805333723e-05,1.435964,722.7,0.0886
6477,3,1901.39,5986.59,0.372626,9.412047870352563e-05,1.522322,724.3,0.0884
6478,3,1901.59,5985.99,0.468892,9.411743861755809e-05,1.317448,756.6,0.0846
6479,3,1901.79,5985.4,0.408513,9.411439779548592e-05,1.308438,749.8,0.0854
6480,3,1901.99,5984.81,0.537179,9.411135623736045e-05,1.505276,752.8,0.085
6481,3,1902.2,5984.25,0.494397,9.410831394323298e-05,1.731927,686.3,0.0933
6482,3,1902.39,5983.64,0.483209,9.410527091315487e-05,1.385252,730.9,0.0876
6483,3,1902.59,5983.05,0.501927,9.410222714717747e-05,1.515212,713.5,0.0897
6484,3,1902.79,5982.45,0.421235,9.409918264535215e-05,1.318477,733.5,0.0873
6485,3,1902.98,5981.84,0.383637,9.40961374077303e-05,1.25095,760.4,0.0842
6486,3,1903.18,5981.25,0.492153,9.409309143436329e-05,1.896018,752.4,0.0851
6487,3,1903.37,5980.65,0.445701,9.409004472530255e-05,1.301778,759.6,0.0843
6488,3,1903.58,5980.08,0.51702,9.40869972805995e-05,1.641686,699.9,0.0914
6489,3,1903.78,5979.48,0.421066,9.408394910030555e-05,1.373183,714.5,0.0896
6490,3,1903.98,5978.89,0.459229,9.408090018447214e-05,1.462416,712.3,0.0899
6491,3,1904.18,5978.31,0.368859,9.407785053315072e-05,1.484992,703.0,0.091
6492,3,1904.37,5977.69,0.435328,9.407480014639278e-05,1.632866,755.2,0.0847
6493,3,1904.57,5977.1,0.448488,9.40717490242498e-05,1.44594,749.2,0.0854
6494,3,1904.76,5976.51,0.406446,9.406869716677325e-05,1.124685,749.3,0.0854
6495,3,1904.96,5975.92,0.546854,9.406564457401465e-05,1.826204,750.9,0.0852
6496,3,1905.16,5975.33,0.463761,9.406259124602551e-05,1.699627,752.4,0.0851
6497,3,1905.36,5974.74,0.530503,9.405953718285735e-05,1.56147,741.5,0.0863
6498,3,1905.56,5974.17,0.369089,9.405648238456173e-05,1.16901,707.5,0.0905
6499,3,1905.76,5973.57,0.504419,9.40534268511902e-05,1.748427,722.7,0.0886
6500,3,1905.95,5972.97,0.35766,9.405037058279433e-05,1.454437,743.7,0.0861
6501,3,1906.15,5972.37,0.484142,9.40473135794257e-05,2.044701,780.1,0.082
6502,3,1906.35,5971.79,0.40734,9.404425584113587e-05,1.325693,750.0,0.0853
6503,3,1906.55,5971.21,0.348324,9.404119736797647e-05,1.641939,697.0,0.0918
6504,3,1906.75,5970.6,0.402706,9.403813815999912e-05,1.82939,735.7,0.087
6505,3,1906.94,5970.01,0.372949,9.403507821725544e-05,1.584871,736.7,0.0869
6506,3,1907.14,5969.41,0.467702,9.403201753979707e-05,2.059275,750.3,0.0853
6507,3,1907.34,5968.82,0.345537,9.402895612767566e-05,1.256768,757.2,0.0845
6508,3,1907.54,5968.23,0.509965,9.40258939809429e-05,1.89659,726.1,0.0881
6509,3,1907.73,5967.64,0.335817,9.402283109965043e-05,1.795178,737.3,0.0868
6510,3,1907.94,5967.06,0.49452,9.401976748384997e-05,1.555802,701.4,0.0912
6511,3,1908.13,5966.46,0.360655,9.401670313359321e-05,1.290886,744.3,0.086
6512,3,1908.33,5965.86,0.440878,9.401363804893187e-05,1.537498,746.3,0.0858
6513,3,1908.53,5965.28,0.427312,9.401057222991767e-05,1.720476,731.1,0.0875
6514,3,1908.72,5964.69,0.441036,9.400750567660235e-05,1.838066,749.0,0.0854
6515,3,1908.92,5964.09,0.512265,9.400443838903768e-05,1.642844,750.4,0.0853
6516,3,1909.12,5963.51,0.464754,9.400137036727542e-05,1.724076,747.7,0.0856
6517,3,1909.32,5962.93,0.403185,9.399830161136733e-05,1.044143,694.6,0.0921
6518,3,1909.51,5962.33,0.375251,9.39952321213652e-05,1.119141,745.8,0.0858
6519,3,1909.72,5961.74,0.422251,9.399216189732084e-05,1.204332,725.0,0.0883
6520,3,1909.92,5961.16,0.374449,9.398909093928606e-05,0.983191,709.6,0.0902
6521,3,1910.11,5960.58,0.420054,9.398601924731269e-05,1.39795,737.3,0.0868
6522,3,1910.31,5959.99,0.500619,9.398294682145258e-05,1.462144,749.7,0.0854
6523,3,1910.52,5959.41,0.333406,9.397987366175757e-05,1.144355,710.5,0.0901
6524,3,1910.71,5958.82,0.354123,9.397679976827951e-05,1.093601,721.6,0.0887
6525,3,1910.91,5958.22,0.360439,9.39737251410703e-05,1.283944,746.0,0.0858
6526,3,1911.1,5957.63,0.445639,9.397064978018182e-05,1.07946,762.3,0.084
6527,3,1911.3,5957.04,0.448106,9.396757368566598e-05,1.146935,758.1,0.0844
6528,3,1911.5,5956.45,0.388635,9.396449685757467e-05,1.28414,752.1,0.0851
6529,3,1911.7,5955.87,0.352672,9.396141929595984e-05,1.466963,731.1,0.0875
6530,3,1911.9,5955.29,0.428628,9.395834100087341e-05,1.40092,701.8,0.0912
6531,3,1912.09,5954.69,0.537278,9.395526197236733e-05,1.302224,749.4,0.0854
6532,3,1912.29,5954.1,0.447061,9.395218221049358e-05,2.017922,754.9,0.0848
6533,3,1912.49,5953.51,0.581379,9.394910171530414e-05,1.532119,754.5,0.0848
6534,3,1912.69,5952.92,0.501745,9.394602048685097e-05,1.401653,763.0,0.0839
6535,3,1912.88,5952.33,0.537835,9.394293852518609e-05,1.675372,758.3,0.0844
6536,3,1913.08,5951.75,0.426333,9.39398558303615e-05,1.23439,721.8,0.0887
6537,3,1913.28,5951.17,0.410521,9.393677240242924e-05,1.090538,722.4,0.0886
6538,3,1913.48,5950.57,0.588009,9.393368824144133e-05,2.159914,744.1,0.086
6539,3,1913.68,5949.99,0.489513,9.393060334744986e-05,1.15921,714.9,0.0895
6540,3,1913.88,5949.41,0.467004,9.392751772050683e-05,1.32068,700.4,0.0914
6541,3,1914.08,5948.83,0.339717,9.392443136066436e-05,1.11371,720.4,0.0888
6542,3,1914.28,5948.26,0.477031,9.39213442679745e-05,1.320373,702.1,0.0912
6543,3,1914.48,5947.68,0.425548,9.391825644248939e-05,1.192091,693.6,0.0923
6544,3,1914.68,5947.08,0.375679,9.39151678842611e-05,0.937817,713.9,0.0897
6545,3,1914.87,5946.49,0.440279,9.391207859334179e-05,1.181375,737.3,0.0868
6546,3,1915.07,5945.91,0.474566,9.390898856978358e-05,1.07941,730.1,0.0877
6547,3,1915.27,5945.32,0.403995,9.390589781363862e-05,0.98371,741.1,0.0864
6548,3,1915.46,5944.73,0.451219,9.390280632495907e-05,1.296631,760.5,0.0842
6549,3,1915.66,5944.15,0.359724,9.389971410379711e-05,1.363026,744.2,0.086
6550,3,1915.86,5943.57,0.453173,9.389662115020489e-05,1.174618,722.5,0.0886
6551,3,1916.06,5942.97,0.469282,9.389352746423466e-05,1.800038,758.4,0.0844
6552,3,1916.26,5942.41,0.36652,9.38904330459386e-05,1.278657,697.6,0.0917
6553,3,1916.46,5941.8,0.555022,9.388733789536894e-05,1.668351,747.3,0.0856
6554,3,1916.65,5941.22,0.409819,9.388424201257792e-05,1.530223,734.7,0.0871
6555,3,1916.85,5940.62,0.432702,9.388114539761778e-05,1.21051,760.9,0.0841
6556,3,1917.05,5940.06,0.399358,9.38780480505408e-05,1.584397,712.7,0.0898
6557,3,1917.25,5939.46,0.398197,9.387494997139921e-05,1.35963,752.4,0.0851
6558,3,1917.45,5938.89,0.445158,9.387185116024532e-05,1.34977,717.5,0.0892
6559,3,1917.64,5938.3,0.38781,9.386875161713142e-05,1.738421,721.8,0.0887
6560,3,1917.84,5937.7,0.579043,9.386565134210983e-05,2.223769,740.1,0.0865
6561,3,1918.04,5937.11,0.454406,9.386255033523286e-05,1.369321,783.2,0.0817
6562,3,1918.24,5936.53,0.356239,9.385944859655286e-05,1.426705,754.9,0.0848
6563,3,1918.43,5935.95,0.437274,9.385634612612215e-05,1.140479,753.1,0.085
6564,3,1918.64,5935.38,0.420341,9.385324292399312e-05,1.762341,717.5,0.0892
6565,3,1918.83,5934.79,0.34494,9.385013899021812e-05,1.496433,730.2,0.0877
6566,3,1919.02,5934.19,0.419508,9.384703432484953e-05,1.28111,756.9,0.0846
6567,3,1919.22,5933.61,0.400378,9.384392892793975e-05,1.428186,735.2,0.0871
6568,3,1919.42,5933.03,0.357057,9.384082279954121e-05,1.604035,717.8,0.0892
6569,3,1919.62,5932.45,0.345456,9.383771593970629e-05,1.303208,712.6,0.0898
6570,3,1919.81,5931.85,0.459736,9.383460834848745e-05,1.439336,764.2,0.0837
6571,3,1920.01,5931.26,0.470966,9.383150002593715e-05,1.592344,777.1,0.0824
6572,3,1920.21,5930.68,0.511043,9.382839097210781e-05,1.574387,751.5,0.0852
6573,3,1920.41,5930.1,0.489038,9.38252811870519e-05,1.699086,762.3,0.084
6574,3,1920.61,5929.52,0.501036,9.382217067082193e-05,1.505465,758.4,0.0844
6575,3,1920.8,5928.93,0.445409,9.381905942347038e-05,1.337674,762.7,0.0839
6576,3,1921.01,5928.36,0.428384,9.381594744504975e-05,1.494716,725.6,0.0882
6577,3,1921.2,5927.77,0.489739,9.381283473561258e-05,1.759412,730.8,0.0876
6578,3,1921.4,5927.18,0.428927,9.380972129521138e-05,1.234485,764.4,0.0837
6579,3,1921.59,5926.59,0.452068,9.380660712389871e-05,1.743767,774.2,0.0827
6580,3,1921.79,5926.01,0.44178,9.380349222172712e-05,1.452063,762.6,0.0839
6581,3,1921.99,5925.44,0.406642,9.380037658874916e-05,1.46048,755.2,0.0848
6582,3,1922.19,5924.85,0.499879,9.379726022501745e-05,1.509899,750.5,0.0853
6583,3,1922.39,5924.28,0.418671,9.379414313058454e-05,1.629392,735.6,0.087
6584,3,1922.59,5923.69,0.449115,9.379102530550306e-05,1.289871,755.6,0.0847
6585,3,1922.78,5923.1,0.454259,9.378790674982563e-05,1.446746,760.7,0.0841
6586,3,1922.99,5922.54,0.453067,9.378478746360486e-05,1.149681,710.1,0.0901
6587,3,1923.18,5921.94,0.400448,9.378166744689341e-05,1.562767,752.7,0.085
6588,3,1923.38,5921.36,0.444683,9.377854669974393e-05,1.867017,758.0,0.0844
6589,3,1923.58,5920.78,0.423133,9.377542522220908e-05,1.319328,756.4,0.0846
6590,3,1923.77,5920.2,0.448726,9.377230301434156e-05,2.080726,750.9,0.0852
6591,3,1923.98,5919.63,0.367627,9.376918007619404e-05,1.211318,715.6,0.0894
6592,3,1924.17,5919.04,0.525175,9.376605640781922e-05,1.949065,732.4,0.0874
6593,3,1924.37,5918.46,0.469902,9.376293200926984e-05,1.729697,729.5,0.0877
6594,3,1924.57,5917.89,0.447488,9.375980688059861e-05,1.554298,709.0,0.0903
6595,3,1924.76,5917.29,0.506141,9.375668102185829e-05,1.636211,732.2,0.0874
6596,3,1924.96,5916.71,0.378579,9.375355443310161e-05,1.748037,732.1,0.0874
6597,3,1925.16,5916.13,0.393089,9.375042711438134e-05,1.189359,757.3,0.0845
6598,3,1925.35,5915.54,0.537012,9.374729906575025e-05,3.017274,763.6,0.0838
6599,3,1925.55,5914.96,0.50294,9.374417028726117e-05,2.131892,769.6,0.0832
6600,3,1925.74,5914.37,0.449921,9.374104077896686e-05,1.706558,791.6,0.0808
6601,3,1963.4,6028.8,0.509727,9.373791054092017e-05,1.657165,671.1,0.0954
6602,3,1963.63,6028.29,0.510587,9.373477957317389e-05,1.326073,686.2,0.0933
6603,3,1963.83,6027.69,0.402414,9.373164787578088e-05,1.231501,727.1,0.088
6604,3,1964.02,6027.09,0.495689,9.3728515448794e-05,1.461002,714.8,0.0895
6605,3,1964.21,6026.46,0.485896,9.37253822922661e-05,1.864267,770.5,0.0831
6606,3,1964.41,6025.86,0.44795,9.372224840625005e-05,1.197956,742.1,0.0862
6607,3,1964.6,6025.24,0.635049,9.371911379079874e-05,1.566992,779.3,0.0821
6608,3,1964.8,6024.64,0.423667,9.371597844596508e-05,1.136881,729.6,0.0877
6609,3,1964.99,6024.02,0.477095,9.371284237180199e-05,1.502392,770.1,0.0831
6610,3,1965.19,6023.42,0.338713,9.37097055683624e-05,1.230343,763.8,0.0838
6611,3,1965.39,6022.8,0.382064,9.370656803569922e-05,1.178633,779.1,0.0822
6612,3,1965.59,6022.21,0.50695,9.370342977386543e-05,2.181985,747.3,0.0856
6613,3,1965.78,6021.59,0.436895,9.370029078291397e-05,1.222157,776.1,0.0825
6614,3,1965.97,6020.98,0.419019,9.369715106289782e-05,1.152737,773.5,0.0827
6615,3,1966.17,6020.38,0.406277,9.369401061386997e-05,1.068611,745.5,0.0858
6616,3,1966.37,6019.79,0.445066,9.369086943588343e-05,1.526324,722.9,0.0885
6617,3,1966.56,6019.16,0.383658,9.368772752899119e-05,0.946538,788.5,0.0812
6618,3,1966.76,6018.56,0.556859,9.36845848932463e-05,1.28314,759.6,0.0843
6619,3,1966.96,6017.98,0.575462,9.368144152870176e-05,1.97727,708.1,0.0904
6620,3,1967.15,6017.35,0.295777,9.367829743541066e-05,0.918608,767.1,0.0834
6621,3,1967.36,6016.76,0.453799,9.367515261342603e-05,1.534584,745.3,0.0859
6622,3,1967.55,6016.16,0.492412,9.367200706280097e-05,1.38437,747.0,0.0857
6623,3,1967.75,6015.54,0.396151,9.366886078358853e-05,1.147641,769.8,0.0831
6624,3,1967.94,6014.94,0.394124,9.366571377584184e-05,1.214676,744.9,0.0859
6625,3,1968.14,6014.32,0.444404,9.366256603961398e-05,1.834757,776.8,0.0824
6626,3,1968.33,6013.72,0.337835,9.365941757495811e-05,1.379557,758.6,0.0844
6627,3,1968.52,6013.1,0.351258,9.365626838192734e-05,1.299544,790.3,0.081
6628,3,1968.73,6012.51,0.404872,9.365311846057482e-05,1.680964,738.4,0.0867
6629,3,1968.92,6011.9,0.495048,9.364996781095372e-05,1.37323,771.2,0.083
6630,3,1969.12,6011.31,0.393948,9.364681643311719e-05,1.380034,720.3,0.0889
6631,3,1969.31,6010.7,0.514536,9.364366432711843e-05,2.050582,741.8,0.0863
6632,3,1969.51,6010.09,0.465982,9.364051149301064e-05,1.827724,742.2,0.0862
6633,3,1969.7,6009.47,0.426057,9.363735793084703e-05,2.444952,783.3,0.0817
6634,3,1969.9,6008.88,0.413131,9.36342036406808e-05,1.82551,756.1,0.0846
6635,3,1970.09,6008.27,0.500036,9.363104862256519e-05,1.71665,774.7,0.0826
6636,3,1970.29,6007.67,0.337967,9.362789287655347e-05,1.283186,749.2,0.0854
6637,3,1970.49,6007.08,0.363719,9.362473640269887e-05,1.487153,731.3,0.0875
6638,3,1970.68,6006.46,0.472568,9.362157920105466e-05,1.920076,777.2,0.0824
6639,3,1970.88,6005.86,0.458051,9.361842127167413e-05,2.018026,760.6,0.0841
6640,3,1971.08,6005.26,0.488446,9.361526261461059e-05,1.799212,743.9,0.086
6641,3,1971.28,6004.67,0.399615,9.36121032299173e-05,1.317645,773.7,0.0827
6642,3,1971.48,6004.09,0.343365,9.360894311764763e-05,1.529348,717.4,0.0892
6643,3,1971.67,6003.47,0.349569,9.360578227785489e-05,1.526603,781.0,0.0819
6644,3,1971.87,6002.87,0.443585,9.360262071059242e-05,1.650858,752.5,0.085
6645,3,1972.07,6002.27,0.455207,9.35994584159136e-05,1.474025,768.9,0.0832
6646,3,1972.26,6001.66,0.446274,9.359629539387176e-05,1.756144,782.7,0.0818
6647,3,1972.46,6001.06,0.462778,9.35931316445203e-05,2.068554,766.1,0.0835
6648,3,1972.67,6000.49,0.401442,9.358996716791261e-05,1.821735,696.6,0.0919
6649,3,1972.86,5999.87,0.420225,9.358680196410211e-05,1.461353,755.3,0.0847
6650,3,1973.06,5999.29,0.494397,9.35836360331422e-05,1.647832,709.3,0.0902
6651,3,1973.26,5998.69,0.455986,9.358046937508632e-05,1.392926,731.5,0.0875
6652,3,1973.45,5998.08,0.281565,9.357730198998788e-05,1.346983,759.8,0.0842
6653,3,1973.65,5997.49,0.37685,9.357413387790038e-05,1.532723,739.0,0.0866
6654,3,1973.85,5996.91,0.492926,9.357096503887726e-05,1.71162,687.7,0.0931
6655,3,1974.04,5996.29,0.311985,9.3567795472972e-05,1.392743,739.8,0.0865
6656,3,1974.24,5995.69,0.590695,9.356462518023809e-05,1.730861,741.5,0.0863
6657,3,1974.44,5995.11,0.510857,9.356145416072905e-05,1.436203,697.6,0.0917
6658,3,1974.64,5994.5,0.362286,9.355828241449839e-05,1.603235,742.4,0.0862
6659,3,1974.84,5993.92,0.346856,9.355510994159963e-05,1.503603,686.8,0.0932
6660,3,1975.04,5993.32,0.360898,9.355193674208628e-05,1.464619,709.0,0.0903
6661,3,1975.24,5992.73,0.427973,9.354876281601196e-05,1.382906,718.6,0.0891
6662,3,1975.43,5992.12,0.454871,9.354558816343018e-05,1.298608,752.9,0.085
6663,3,1975.63,5991.53,0.377239,9.354241278439454e-05,1.40944,742.5,0.0862
6664,3,1975.83,5990.95,0.37838,9.353923667895862e-05,1.279343,695.8,0.092
6665,3,1976.03,5990.34,0.41056,9.353605984717601e-05,1.793096,744.4,0.086
6666,3,1976.22,5989.74,0.385574,9.353288228910034e-05,1.426482,751.8,0.0851
6667,3,1976.42,5989.14,0.513453,9.352970400478525e-05,1.743642,754.1,0.0849
6668,3,1976.62,5988.55,0.439915,9.352652499428435e-05,1.979531,748.3,0.0855
6669,3,1976.82,5987.95,0.480887,9.35233452576513e-05,2.014926,759.7,0.0842
6670,3,1977.02,5987.36,0.507308,9.352016479493978e-05,1.660126,733.1,0.0873
6671,3,1977.21,5986.77,0.408348,9.351698360620345e-05,1.301463,728.6,0.0878
6672,3,1977.41,5986.17,0.380361,9.351380169149598e-05,1.93591,744.5,0.086
6673,3,1977.61,5985.59,0.504971,9.35106190508711e-05,1.469355,695.9,0.092
6674,3,1977.81,5984.98,0.474553,9.350743568438249e-05,1.461294,734.3,0.0872
6675,3,1978.01,5984.4,0.52542,9.350425159208391e-05,1.901534,704.6,0.0908
6676,3,1978.21,5983.81,0.446715,9.350106677402905e-05,1.889079,701.4,0.0912
6677,3,1978.4,5983.21,0.442894,9.349788123027171e-05,1.230469,714.0,0.0896
6678,3,1978.6,5982.61,0.476303,9.349469496086561e-05,1.881368,732.6,0.0874
6679,3,1978.79,5982.01,0.566118,9.349150796586452e-05,1.70759,744.4,0.086
6680,3,1979.0,5981.43,0.465913,9.348832024532225e-05,1.458592,703.7,0.0909
6681,3,1979.2,5980.84,0.42475,9.348513179929261e-05,1.728801,727.9,0.0879
6682,3,1979.39,5980.25,0.472,9.348194262782938e-05,1.428647,727.5,0.088
6683,3,1979.59,5979.66,0.435153,9.347875273098639e-05,1.469961,724.9,0.0883
6684,3,1979.79,5979.06,0.468664,9.347556210881747e-05,1.2018,731.6,0.0875
6685,3,1979.99,5978.47,0.438702,9.347237076137648e-05,1.093865,708.0,0.0904
6686,3,1980.18,5977.86,0.394123,9.346917868871725e-05,1.156269,755.3,0.0847
6687,3,1980.38,5977.27,0.518163,9.346598589089368e-05,1.433334,759.4,0.0843
6688,3,1980.59,5976.7,0.501918,9.346279236795965e-05,1.4735,702.9,0.091
6689,3,1980.78,5976.1,0.472668,9.345959811996905e-05,1.490949,720.7,0.0888
6690,3,1980.98,5975.51,0.374705,9.345640314697578e-05,1.356689,711.7,0.0899
6691,3,1981.18,5974.93,0.460592,9.345320744903377e-05,1.371557,693.6,0.0923
6692,3,1981.37,5974.31,0.425456,9.345001102619693e-05,1.05399,760.2,0.0842
6693,3,1981.57,5973.72,0.464347,9.344681387851923e-05,1.433679,759.8,0.0842
6694,3,1981.77,5973.15,0.393383,9.34436160060546e-05,1.078818,705.0,0.0908
6695,3,1981.97,5972.55,0.503188,9.344041740885706e-05,1.272836,707.1,0.0905
6696,3,1982.16,5971.94,0.483623,9.343721808698053e-05,1.160771,760.6,0.0841
6697,3,1982.36,5971.35,0.373831,9.343401804047902e-05,1.312065,749.3,0.0854
6698,3,1982.56,5970.77,0.560164,9.343081726940657e-05,1.601614,738.4,0.0867
6699,3,1982.76,5970.19,0.431005,9.342761577381715e-05,1.408313,704.0,0.0909
6700,3,1982.96,5969.59,0.480222,9.342441355376483e-05,1.649953,721.4,0.0887
6701,3,1983.16,5969.0,0.371035,9.342121060930362e-05,1.017562,747.4,0.0856
6702,3,1983.36,5968.42,0.361457,9.34180069404876e-05,1.351388,719.6,0.0889
6703,3,1983.56,5967.83,0.508697,9.341480254737083e-05,1.469721,717.2,0.0892
6704,3,1983.75,5967.24,0.375092,9.341159743000737e-05,1.301801,699.8,0.0915
6705,3,1983.95,5966.63,0.339094,9.34083915884513e-05,1.272254,737.8,0.0867
6706,3,1984.14,5966.03,0.393356,9.340518502275679e-05,1.542716,758.4,0.0844
6707,3,1984.34,5965.45,0.364563,9.340197773297788e-05,1.191753,736.7,0.0869
6708,3,1984.55,5964.88,0.494224,9.339876971916874e-05,1.218676,686.1,0.0933
6709,3,1984.73,5964.26,0.55385,9.339556098138351e-05,1.925793,750.7,0.0853
6710,3,1984.94,5963.69,0.392918,9.33923515196763e-05,1.207696,709.2,0.0902
6711,3,1985.14,5963.1,0.547128,9.338914133410133e-05,1.778126,733.7,0.0872
6712,3,1985.34,5962.53,0.418984,9.338593042471274e-05,1.373738,678.3,0.0944
6713,3,1985.54,5961.93,0.479614,9.338271879156473e-05,1.58071,713.4,0.0897
6714,3,1985.73,5961.34,0.431112,9.337950643471151e-05,1.21304,711.5,0.09
6715,3,1985.93,5960.74,0.46295,9.337629335420728e-05,2.041543,744.3,0.086
6716,3,1986.13,5960.16,0.370441,9.337307955010626e-05,1.255121,733.9,0.0872
6717,3,1986.32,5959.56,0.440754,9.33698650224627e-05,1.646156,761.0,0.0841
6718,3,1986.52,5958.98,0.440558,9.336664977133084e-05,1.292048,738.9,0.0866
6719,3,1986.72,5958.38,0.354426,9.336343379676496e-05,1.570696,747.4,0.0856
6720,3,1986.92,5957.8,0.485649,9.336021709881931e-05,1.461871,741.3,0.0863
6721,3,1987.13,5957.25,0.400505,9.335699967754818e-05,1.402034,698.9,0.0916
6722,3,1987.32,5956.64,0.497811,9.335378153300589e-05,1.49621,765.9,0.0836
6723,3,1987.52,5956.07,0.451708,9.335056266524673e-05,1.305888,703.7,0.0909
6724,3,1987.72,5955.46,0.4804,9.334734307432502e-05,1.488107,756.3,0.0846
6725,3,1987.91,5954.87,0.410457,9.33441227602951e-05,1.424281,766.2,0.0835
6726,3,1988.11,5954.29,0.443893,9.334090172321134e-05,1.646385,717.0,0.0893
6727,3,1988.31,5953.69,0.403528,9.333767996312808e-05,1.157899,768.5,0.0833
6728,3,1988.51,5953.11,0.533699,9.33344574800997e-05,1.764165,748.0,0.0856
6729,3,1988.71,5952.54,0.356406,9.333123427418056e-05,1.225796,703.2,0.091
6730,3,1988.91,5951.97,0.442419,9.332801034542509e-05,1.269555,676.5,0.0946
6731,3,1989.11,5951.36,0.423019,9.332478569388767e-05,1.68883,735.6,0.087
6732,3,1989.31,5950.79,0.462212,9.332156031962273e-05,1.95401,697.5,0.0918
6733,3,1989.51,5950.2,0.488557,9.331833422268471e-05,1.280786,713.9,0.0896
6734,3,1989.71,5949.62,0.366798,9.331510740312804e-05,1.402156,704.6,0.0908
6735,3,1989.9,5949.02,0.433769,9.33118798610072e-05,1.39012,747.3,0.0856
6736,3,1990.1,5948.44,0.397862,9.330865159637662e-05,1.442636,730.1,0.0877
6737,3,1990.3,5947.85,0.521402,9.330542260929083e-05,2.156067,745.9,0.0858
6738,3,1990.5,5947.27,0.428409,9.330219289980428e-05,1.459982,728.6,0.0878
6739,3,1990.7,5946.7,0.544978,9.32989624679715e-05,1.970972,699.2,0.0915
6740,3,1990.89,5946.09,0.495924,9.329573131384703e-05,1.298396,754.3,0.0848
6741,3,1991.1,5945.53,0.460467,9.329249943748536e-05,1.295733,721.8,0.0887
6742,3,1991.3,5944.95,0.473715,9.328926683894103e-05,1.252512,708.8,0.0903
6743,3,1991.5,5944.36,0.470224,9.328603351826863e-05,1.631119,708.6,0.0903
6744,3,1991.69,5943.78,0.429375,9.32827994755227e-05,1.604622,702.3,0.0911
6745,3,1991.89,5943.19,0.368095,9.327956471075782e-05,1.436505,707.6,0.0904
6746,3,1992.08,5942.58,0.345733,9.327632922402859e-05,1.417097,759.1,0.0843
6747,3,1992.29,5942.01,0.462059,9.327309301538962e-05,1.342936,708.9,0.0903
6748,3,1992.48,5941.41,0.452783,9.326985608489551e-05,1.353787,748.7,0.0855
6749,3,1992.68,5940.83,0.343575,9.326661843260089e-05,1.102479,744.5,0.086
6750,3,1992.87,5940.23,0.430093,9.32633800585604e-05,1.250252,765.7,0.0836
6751,3,1993.07,5939.65,0.492076,9.326014096282873e-05,1.984739,753.4,0.085
6752,3,1993.27,5939.08,0.463007,9.325690114546049e-05,0.99494,717.8,0.0892
6753,3,1993.47,5938.48,0.415384,9.325366060651038e-05,1.318312,754.5,0.0848
6754,3,1993.66,5937.89,0.438773,9.325041934603308e-05,1.247432,756.3,0.0846
6755,3,1993.86,5937.31,0.419506,9.32471773640833e-05,1.285661,743.8,0.086
6756,3,1994.06,5936.73,0.524919,9.324393466071574e-05,1.548961,744.6,0.0859
6757,3,1994.26,5936.16,0.476076,9.324069123598514e-05,1.778547,710.7,0.0901
6758,3,1994.45,5935.55,0.538389,9.323744708994623e-05,1.438761,764.8,0.0837
6759,3,1994.65,5934.97,0.415778,9.323420222265377e-05,1.527886,750.3,0.0853
6760,3,1994.85,5934.39,0.350644,9.323095663416251e-05,1.554566,746.8,0.0857
6761,3,1995.05,5933.81,0.453051,9.322771032452722e-05,1.973599,751.5,0.0852
6762,3,1995.25,5933.24,0.435179,9.322446329380268e-05,1.554478,723.6,0.0884
6763,3,1995.45,5932.65,0.52863,9.322121554204372e-05,1.522711,727.5,0.088
6764,3,1995.65,5932.07,0.423552,9.321796706930513e-05,1.214736,726.4,0.0881
6765,3,1995.85,5931.49,0.424858,9.321471787564174e-05,1.124776,710.6,0.0901
6766,3,1996.04,5930.9,0.344697,9.321146796110837e-05,1.124668,718.1,0.0891
6767,3,1996.24,5930.31,0.447363,9.320821732575987e-05,1.388118,751.1,0.0852
6768,3,1996.44,5929.72,0.48696,9.32049659696511e-05,1.113475,752.1,0.0851
6769,3,1996.64,5929.15,0.486073,9.320171389283693e-05,1.412952,712.2,0.0899
6770,3,1996.83,5928.55,0.426624,9.319846109537225e-05,1.435029,762.3,0.084
6771,3,1997.03,5927.97,0.491811,9.319520757731195e-05,1.376457,770.3,0.0831
6772,3,1997.23,5927.39,0.411713,9.319195333871096e-05,1.631986,748.0,0.0856
6773,3,1997.43,5926.81,0.482319,9.318869837962418e-05,1.300064,745.1,0.0859
6774,3,1997.63,5926.23,0.444143,9.318544270010654e-05,1.159104,725.0,0.0883
6775,3,1997.82,5925.64,0.382447,9.318218630021297e-05,0.891114,753.9,0.0849
6776,3,1998.02,5925.07,0.393034,9.317892917999845e-05,1.144967,732.4,0.0874
6777,3,1998.22,5924.47,0.537065,9.317567133951797e-05,1.13224,756.8,0.0846
6778,3,1998.41,5923.89,0.637629,9.317241277882647e-05,1.369397,756.7,0.0846
6779,3,1998.62,5923.33,0.457776,9.316915349797894e-05,1.332963,690.0,0.0928
6780,3,1998.82,5922.74,0.531307,9.31658934970304e-05,1.768048,718.9,0.089
6781,3,1999.02,5922.18,0.490472,9.316263277603589e-05,1.190932,707.2,0.0905
6782,3,1999.22,5921.59,0.45137,9.315937133505039e-05,1.141951,719.1,0.089
6783,3,1999.41,5921.0,0.489696,9.315610917412898e-05,1.383272,735.8,0.087
6784,3,1999.61,5920.42,0.385447,9.31528462933267e-05,0.948354,742.7,0.0862
6785,3,1999.81,5919.84,0.442509,9.31495826926986e-05,1.387946,739.7,0.0865
6786,3,2000.01,5919.27,0.414715,9.31463183722998e-05,0.87518,701.2,0.0913
6787,3,2000.2,5918.68,0.42865,9.314305333218535e-05,1.160478,737.8,0.0867
6788,3,2000.4,5918.1,0.383901,9.313978757241037e-05,0.994619,729.7,0.0877
6789,3,2000.6,5917.52,0.431453,9.313652109302996e-05,1.239406,738.7,0.0866
6790,3,2000.8,5916.94,0.391991,9.313325389409927e-05,1.205469,724.8,0.0883
6791,3,2001.0,5916.37,0.330176,9.312998597567343e-05,1.050344,703.6,0.091
6792,3,2001.19,5915.77,0.431187,9.312671733780758e-05,1.383227,764.1,0.0838
6793,3,2001.4,5915.21,0.486536,9.312344798055689e-05,1.76761,711.7,0.0899
6794,3,2001.6,5914.63,0.385085,9.312017790397652e-05,1.023844,708.1,0.0904
6795,3,2001.79,5914.05,0.576363,9.311690710812168e-05,1.573042,706.4,0.0906
6796,3,2001.99,5913.47,0.427569,9.311363559304757e-05,1.920477,711.0,0.09
6797,3,2002.19,5912.89,0.29118,9.311036335880937e-05,1.467301,725.2,0.0883
6798,3,2002.39,5912.31,0.495145,9.310709040546233e-05,1.772891,707.3,0.0905
6799,3,2002.58,5911.72,0.512933,9.31038167330617e-05,2.294811,741.1,0.0864
6800,3,2002.78,5911.14,0.50301,9.310054234166268e-05,1.709392,747.8,0.0856
6801,3,2003.01,5910.67,0.442817,9.309726723132057e-05,2.264441,737.6,0.0868
6802,3,2003.21,5910.09,0.436373,9.309399140209064e-05,1.541356,756.4,0.0846
6803,3,2003.41,5909.5,0.334698,9.309071485402816e-05,1.997734,755.1,0.0848
6804,3,2003.6,5908.92,0.452038,9.308743758718843e-05,1.623507,768.9,0.0832
6805,3,2003.81,5908.36,0.495442,9.308415960162676e-05,2.090181,723.8,0.0884
6806,3,2004.0,5907.78,0.449408,9.308088089739848e-05,1.991949,719.5,0.089
6807,3,2004.2,5907.18,0.483285,9.30776014745589e-05,1.477326,766.0,0.0835
6808,3,2004.4,5906.62,0.465143,9.307432133316336e-05,1.688315,710.9,0.09
6809,3,2004.59,5906.02,0.497204,9.307104047326725e-05,1.477122,767.5,0.0834
6810,3,2004.79,5905.46,0.484395,9.306775889492591e-05,1.449344,719.8,0.0889
6811,3,2004.99,5904.89,0.442635,9.306447659819476e-05,1.376354,699.6,0.0915
6812,3,2005.19,5904.29,0.415252,9.306119358312915e-05,1.512621,740.9,0.0864
6813,3,2005.39,5903.72,0.455369,9.305790984978452e-05,1.392869,728.8,0.0878
6814,3,2005.59,5903.14,0.397629,9.305462539821625e-05,1.333344,742.3,0.0862
6815,3,2005.78,5902.55,0.440869,9.30513402284798e-05,1.223128,768.2,0.0833
6816,3,2005.98,5901.99,0.462936,9.304805434063061e-05,1.338946,730.5,0.0876
6817,3,2006.18,5901.41,0.420219,9.304476773472411e-05,1.184314,721.7,0.0887
6818,3,2006.37,5900.82,0.478483,9.304148041081579e-05,1.753502,745.1,0.0859
6819,3,2006.57,5900.24,0.483842,9.303819236896112e-05,2.291222,757.3,0.0845
6820,3,2006.77,5899.68,0.533179,9.303490360921559e-05,1.258643,710.7,0.0901
6821,3,2006.97,5899.09,0.376059,9.30316141316347e-05,1.280351,759.6,0.0843
6822,3,2007.17,5898.53,0.434479,9.302832393627395e-05,1.287251,714.8,0.0895
6823,3,2007.37,5897.94,0.465296,9.30250330231889e-05,1.409436,755.6,0.0847
6824,3,2007.57,5897.37,0.487168,9.302174139243506e-05,1.478994,719.5,0.089
6825,3,2007.76,5896.78,0.535844,9.301844904406801e-05,1.141647,766.5,0.0835
6826,3,2007.96,5896.21,0.538028,9.301515597814329e-05,1.655004,746.0,0.0858
6827,3,2008.16,5895.63,0.478348,9.30118621947165e-05,1.719415,759.3,0.0843
6828,3,2008.36,5895.08,0.379705,9.300856769384318e-05,0.900147,691.7,0.0925
6829,3,2008.56,5894.5,0.381275,9.300527247557897e-05,1.416493,700.2,0.0914
6830,3,2008.75,5893.9,0.495106,9.300197653997947e-05,1.673983,745.9,0.0858
6831,3,2008.95,5893.33,0.411823,9.29986798871003e-05,1.217742,748.1,0.0856
6832,3,2009.15,5892.77,0.451293,9.29953825169971e-05,1.489824,708.2,0.0904
6833,3,2009.34,5892.17,0.581579,9.29920844297255e-05,1.703915,751.6,0.0852
6834,3,2009.54,5891.6,0.453793,9.298878562534119e-05,1.179576,741.7,0.0863
6835,3,2009.75,5891.04,0.518487,9.298548610389984e-05,1.558535,711.9,0.0899
6836,3,2009.94,5890.47,0.406285,9.29821858654571e-05,1.311236,705.7,0.0907
6837,3,2010.14,5889.87,0.466063,9.297888491006869e-05,1.434345,762.3,0.084
6838,3,2010.34,5889.3,0.493175,9.297558323779034e-05,1.493964,744.9,0.0859
6839,3,2010.53,5888.73,0.441294,9.297228084867772e-05,1.37994,742.8,0.0862
6840,3,2010.74,5888.17,0.484185,9.29689777427866e-05,1.414019,707.1,0.0905
6841,3,2010.94,5887.6,0.467091,9.296567392017271e-05,1.298352,722.6,0.0886
6842,3,2011.13,5887.01,0.401022,9.29623693808918e-05,1.400387,747.8,0.0856
6843,3,2011.33,5886.44,0.405871,9.295906412499965e-05,1.207832,724.6,0.0883
6844,3,2011.53,5885.88,0.490614,9.295575815255206e-05,1.457836,703.8,0.0909
6845,3,2011.72,5885.28,0.445756,9.295245146360477e-05,1.326257,762.0,0.084
6846,3,2011.92,5884.71,0.444683,9.294914405821363e-05,1.38087,752.2,0.0851
6847,3,2012.12,5884.14,0.506134,9.294583593643445e-05,1.311296,751.7,0.0851
6848,3,2012.32,5883.58,0.461803,9.294252709832304e-05,1.147135,712.3,0.0898
6849,3,2012.52,5883.0,0.540144,9.293921754393527e-05,1.409433,726.2,0.0881
6850,3,2012.72,5882.42,0.43791,9.293590727332696e-05,1.526829,745.4,0.0859
6851,3,2012.91,5881.84,0.472849,9.2932596286554e-05,1.649348,747.8,0.0856
6852,3,2013.11,5881.26,0.379969,9.292928458367226e-05,1.313936,760.1,0.0842
6853,3,2013.31,5880.71,0.402152,9.292597216473764e-05,1.439027,703.4,0.091
6854,3,2013.5,5880.11,0.435553,9.292265902980602e-05,2.036296,755.6,0.0847
6855,3,2013.7,5879.54,0.414328,9.291934517893332e-05,1.555126,739.9,0.0865
6856,3,2013.9,5878.97,0.436631,9.291603061217548e-05,2.553002,734.2,0.0872
6857,3,2014.1,5878.4,0.420766,9.291271532958843e-05,1.311735,749.7,0.0854
6858,3,2014.3,5877.84,0.393085,9.290939933122813e-05,2.000672,719.4,0.089
6859,3,2014.5,5877.25,0.523603,9.29060826171505e-05,2.662033,753.2,0.085
6860,3,2014.69,5876.68,0.327377,9.290276518741157e-05,1.292958,747.8,0.0856
6861,3,2014.89,5876.11,0.418665,9.28994470420673e-05,1.33546,758.7,0.0844
6862,3,2015.09,5875.53,0.431001,9.289612818117368e-05,1.908917,757.8,0.0845
6863,3,2015.29,5874.97,0.426204,9.289280860478674e-05,1.292046,740.6,0.0864
6864,3,2015.49,5874.41,0.405516,9.288948831296249e-05,1.67205,705.4,0.0907
6865,3,2015.69,5873.83,0.368636,9.288616730575697e-05,1.462381,705.5,0.0907
6866,3,2015.88,5873.24,0.399188,9.288284558322621e-05,1.786013,771.2,0.083
6867,3,2016.08,5872.67,0.556113,9.287952314542629e-05,1.674189,745.7,0.0858
6868,3,2016.28,5872.11,0.43961,9.287619999241328e-05,1.414552,710.8,0.09
6869,3,2016.47,5871.52,0.341221,9.287287612424325e-05,2.714391,759.2,0.0843
6870,3,2016.68,5870.96,0.508346,9.28695515409723e-05,2.359887,705.3,0.0907
6871,3,2016.87,5870.38,0.537219,9.286622624265654e-05,1.755913,730.4,0.0876
6872,3,2017.07,5869.81,0.404043,9.286290022935206e-05,1.213763,737.7,0.0868
6873,3,2017.26,5869.22,0.474012,9.285957350111506e-05,1.701473,773.1,0.0828
6874,3,2017.46,5868.66,0.377856,9.285624605800162e-05,1.718041,745.0,0.0859
6875,3,2017.66,5868.09,0.476737,9.285291790006792e-05,1.559517,747.3,0.0856
6876,3,2017.86,5867.52,0.394513,9.284958902737012e-05,1.831927,743.0,0.0861
6877,3,2018.06,5866.95,0.53905,9.284625943996441e-05,1.807992,742.0,0.0863
6878,3,2018.26,5866.4,0.352699,9.284292913790698e-05,1.669381,704.3,0.0909
6879,3,2018.45,5865.81,0.438957,9.2839598121254e-05,1.684169,749.0,0.0855
6880,3,2018.65,5865.24,0.402532,9.283626639006173e-05,1.184446,741.2,0.0863
6881,3,2018.86,5864.69,0.492897,9.283293394438638e-05,1.510538,711.0,0.09
6882,3,2019.06,5864.12,0.395586,9.28296007842842e-05,1.418561,697.3,0.0918
6883,3,2019.25,5863.53,0.44399,9.282626690981141e-05,1.128014,760.2,0.0842
6884,3,2019.45,5862.96,0.417643,9.28229323210243e-05,1.22145,757.7,0.0845
6885,3,2019.65,5862.41,0.444667,9.281959701797916e-05,1.208688,713.2,0.0897
6886,3,2019.84,5861.83,0.448502,9.281626100073224e-05,1.313879,726.4,0.0881
6887,3,2020.04,5861.26,0.444772,9.281292426933987e-05,1.417796,751.6,0.0852
6888,3,2020.24,5860.68,0.422008,9.280958682385834e-05,1.192931,773.7,0.0827
6889,3,2020.44,5860.12,0.439428,9.280624866434399e-05,1.043563,722.2,0.0886
6890,3,2020.63,5859.54,0.401205,9.280290979085315e-05,1.241471,767.4,0.0834
6891,3,2020.83,5858.98,0.331243,9.279957020344217e-05,1.074181,746.5,0.0857
6892,3,2021.03,5858.42,0.520279,9.279622990216741e-05,1.704076,719.8,0.0889
6893,3,2021.23,5857.85,0.406478,9.279288888708524e-05,1.531443,730.8,0.0876
6894,3,2021.43,5857.27,0.504184,9.278954715825205e-05,1.174042,759.0,0.0843
6895,3,2021.62,5856.7,0.510406,9.278620471572423e-05,1.871594,741.7,0.0863
6896,3,2021.83,5856.14,0.446949,9.278286155955819e-05,1.536715,713.1,0.0897
6897,3,2022.03,5855.58,0.430039,9.277951768981035e-05,1.383016,705.3,0.0907
6898,3,2022.22,5854.99,0.430686,9.277617310653714e-05,1.594803,746.8,0.0857
6899,3,2022.42,5854.43,0.474876,9.277282780979501e-05,1.605902,728.8,0.0878
6900,3,2022.61,5853.85,0.485234,9.27694817996404e-05,1.407782,762.4,0.084
6901,3,2031.47,5878.35,0.597478,9.276613507612982e-05,1.919918,691.0,0.0926
6902,3,2031.68,5877.81,0.509202,9.276278763931971e-05,1.455044,710.5,0.0901
6903,3,2031.88,5877.23,0.498121,9.275943948926658e-05,1.280729,738.0,0.0867
6904,3,2032.07,5876.64,0.468226,9.275609062602694e-05,1.419866,763.7,0.0838
6905,3,2032.27,5876.06,0.394597,9.275274104965728e-05,1.204491,762.9,0.0839
6906,3,2032.47,5875.49,0.312945,9.274939076021416e-05,1.165814,743.2,0.0861
6907,3,2032.66,5874.92,0.463676,9.274603975775409e-05,1.59865,740.0,0.0865
6908,3,2032.86,5874.34,0.433303,9.274268804233364e-05,1.464241,720.0,0.0889
6909,3,2033.05,5873.76,0.498492,9.27393356140094e-05,1.828169,734.6,0.0871
6910,3,2033.25,5873.17,0.540437,9.27359824728379e-05,1.495248,761.8,0.084
6911,3,2033.45,5872.6,0.602982,9.273262861887576e-05,1.675087,754.9,0.0848
6912,3,2033.64,5872.01,0.480156,9.272927405217958e-05,1.759268,784.5,0.0816
6913,3,2033.84,5871.45,0.542763,9.272591877280595e-05,1.827332,729.9,0.0877
6914,3,2034.03,5870.86,0.518495,9.27225627808115e-05,1.824358,777.8,0.0823
6915,3,2034.24,5870.31,0.511121,9.27192060762529e-05,1.547949,716.9,0.0893
6916,3,2034.43,5869.74,0.499604,9.271584865918676e-05,1.749845,717.4,0.0892
6917,3,2034.63,5869.15,0.365293,9.271249052966977e-05,1.036058,759.9,0.0842
6918,3,2034.83,5868.58,0.391474,9.270913168775857e-05,1.132501,736.4,0.0869
6919,3,2035.02,5868.01,0.425852,9.270577213350987e-05,1.118428,737.3,0.0868
6920,3,2035.22,5867.44,0.444609,9.270241186698036e-05,1.251903,721.3,0.0887
6921,3,2035.42,5866.86,0.408859,9.269905088822675e-05,1.19365,764.7,0.0837
6922,3,2035.61,5866.28,0.468286,9.269568919730576e-05,1.149158,763.5,0.0838
6923,3,2035.81,5865.72,0.382891,9.269232679427414e-05,1.098089,716.9,0.0893
6924,3,2036.01,5865.14,0.442807,9.26889636791886e-05,1.884044,749.9,0.0853
6925,3,2036.2,5864.56,0.409955,9.268559985210593e-05,1.657856,762.2,0.084
6926,3,2036.4,5863.99,0.402384,9.26822353130829e-05,1.323094,731.2,0.0875
6927,3,2036.6,5863.42,0.524268,9.267887006217626e-05,1.427792,718.9,0.089
6928,3,2036.79,5862.84,0.358486,9.267550409944283e-05,1.75274,739.0,0.0866
6929,3,2036.99,5862.26,0.521561,9.26721374249394e-05,1.773593,756.2,0.0846
6930,3,2037.19,5861.68,0.465488,9.26687700387228e-05,1.624039,767.5,0.0834
6931,3,2037.39,5861.13,0.407171,9.266540194084986e-05,1.338611,712.4,0.0898
6932,3,2037.58,5860.54,0.385861,9.266203313137739e-05,1.111268,767.5,0.0834
6933,3,2037.78,5859.98,0.394654,9.265866361036228e-05,1.434351,733.6,0.0872
6934,3,2037.98,5859.41,0.402686,9.265529337786138e-05,1.527713,717.1,0.0893
6935,3,2038.17,5858.83,0.424664,9.265192243393158e-05,1.389736,735.9,0.087
6936,3,2038.37,5858.26,0.624917,9.264855077862975e-05,2.168821,731.5,0.0875
6937,3,2038.57,5857.7,0.574344,9.264517841201282e-05,1.54925,713.3,0.0897
6938,3,2038.76,5857.11,0.350897,9.264180533413767e-05,1.025809,752.6,0.085
6939,3,2038.96,5856.53,0.407322,9.263843154506124e-05,1.662296,777.1,0.0824
6940,3,2039.15,5855.96,0.396564,9.263505704484047e-05,1.790155,757.5,0.0845
6941,3,2039.36,5855.4,0.470528,9.263168183353232e-05,1.41589,729.2,0.0878
6942,3,2039.55,5854.82,0.34181,9.262830591119371e-05,1.066486,764.7,0.0837
6943,3,2039.75,5854.26,0.427627,9.262492927788167e-05,1.462519,733.7,0.0872
6944,3,2039.94,5853.68,0.399519,9.262155193365314e-05,1.526098,748.3,0.0855
6945,3,2040.14,5853.12,0.441378,9.261817387856514e-05,1.469391,732.6,0.0874
6946,3,2040.34,5852.54,0.463328,9.261479511267468e-05,1.519277,747.6,0.0856
6947,3,2040.54,5851.98,0.516289,9.261141563603875e-05,1.585226,727.8,0.0879
6948,3,2040.74,5851.4,0.442134,9.260803544871443e-05,1.476225,748.2,0.0855
6949,3,2040.94,5850.84,0.511319,9.260465455075874e-05,1.202429,723.0,0.0885
6950,3,2041.13,5850.26,0.511847,9.260127294222873e-05,1.490915,755.5,0.0847
6951,3,2041.33,5849.71,0.471001,9.259789062318148e-05,1.539878,703.4,0.091
6952,3,2041.53,5849.14,0.453658,9.25945075936741e-05,1.331711,710.2,0.0901
6953,3,2041.73,5848.57,0.425839,9.259112385376363e-05,1.543456,711.6,0.0899
6954,3,2041.92,5847.99,0.394636,9.258773940350718e-05,1.215696,742.9,0.0861
6955,3,2042.12,5847.43,0.410094,9.258435424296193e-05,1.386825,727.6,0.088
6956,3,2042.32,5846.86,0.487132,9.258096837218495e-05,2.001607,719.0,0.089
6957,3,2042.52,5846.29,0.435521,9.257758179123339e-05,1.811064,748.0,0.0856
6958,3,2042.72,5845.73,0.444844,9.257419450016441e-05,1.838536,734.7,0.0871
6959,3,2042.91,5845.15,0.38732,9.257080649903517e-05,1.498864,748.5,0.0855
6960,3,2043.11,5844.59,0.510086,9.256741778790288e-05,2.219975,738.0,0.0867
6961,3,2043.32,5844.04,0.35914,9.256402836682468e-05,1.786974,703.3,0.091
6962,3,2043.51,5843.47,0.563191,9.25606382358578e-05,2.0777,713.5,0.0897
6963,3,2043.71,5842.89,0.426418,9.255724739505944e-05,1.825859,758.8,0.0843
6964,3,2043.91,5842.35,0.469971,9.255385584448685e-05,1.439983,686.5,0.0932
6965,3,2044.1,5841.76,0.349968,9.255046358419723e-05,1.423199,750.5,0.0853
6966,3,2044.3,5841.2,0.395289,9.254707061424785e-05,1.601261,741.9,0.0863
6967,3,2044.5,5840.63,0.396757,9.254367693469599e-05,2.251955,747.1,0.0857
6968,3,2044.7,5840.07,0.555296,9.254028254559889e-05,2.073553,725.0,0.0883
6969,3,2044.9,5839.5,0.474411,9.253688744701385e-05,1.693464,727.2,0.088
6970,3,2045.1,5838.94,0.389379,9.253349163899815e-05,1.479705,719.0,0.089
6971,3,2045.29,5838.37,0.485541,9.253009512160913e-05,1.627332,744.3,0.086
6972,3,2045.49,5837.8,0.490139,9.252669789490409e-05,1.728444,744.3,0.086
6973,3,2045.69,5837.24,0.533185,9.252329995894037e-05,1.937288,743.5,0.0861
6974,3,2045.88,5836.67,0.368554,9.251990131377531e-05,1.274631,761.2,0.0841
6975,3,2046.08,5836.1,0.453102,9.251650195946625e-05,1.938194,757.5,0.0845
6976,3,2046.28,5835.55,0.457531,9.251310189607061e-05,1.340688,706.2,0.0906
6977,3,2046.48,5834.97,0.41751,9.250970112364572e-05,1.408886,760.2,0.0842
6978,3,2046.68,5834.4,0.55278,9.2506299642249e-05,1.535242,751.5,0.0852
6979,3,2046.88,5833.85,0.482698,9.250289745193784e-05,1.611131,721.5,0.0887
6980,3,2047.07,5833.26,0.472103,9.249949455276966e-05,1.310447,764.1,0.0838
6981,3,2047.28,5832.73,0.498499,9.24960909448019e-05,1.29673,704.9,0.0908
6982,3,2047.47,5832.14,0.525467,9.249268662809198e-05,1.703323,757.9,0.0844
6983,3,2047.67,5831.59,0.395365,9.248928160269738e-05,1.366796,732.2,0.0874
6984,3,2047.87,5831.04,0.447631,9.248587586867553e-05,1.45315,700.7,0.0913
6985,3,2048.07,5830.46,0.390307,9.248246942608393e-05,1.476559,728.0,0.0879
6986,3,2048.26,5829.89,0.368822,9.247906227498006e-05,1.254193,757.2,0.0845
6987,3,2048.46,5829.33,0.418234,9.247565441542144e-05,1.278352,728.7,0.0878
6988,3,2048.65,5828.76,0.559644,9.247224584746555e-05,1.545016,756.4,0.0846
6989,3,2048.86,5828.2,0.396389,9.246883657116995e-05,1.278304,725.6,0.0882
6990,3,2049.05,5827.63,0.365308,9.246542658659214e-05,1.419659,737.8,0.0867
6991,3,2049.25,5827.07,0.466409,9.246201589378969e-05,1.338494,757.6,0.0845
6992,3,2049.45,5826.51,0.447441,9.245860449282017e-05,1.493858,715.6,0.0894
6993,3,2049.64,5825.94,0.434839,9.245519238374112e-05,1.806579,750.3,0.0853
6994,3,2049.85,5825.38,0.513092,9.245177956661014e-05,1.991776,715.3,0.0895
6995,3,2050.04,5824.82,0.471384,9.244836604148484e-05,1.571093,717.5,0.0892
6996,3,2050.24,5824.24,0.423631,9.24449518084228e-05,1.481271,743.5,0.0861
6997,3,2050.43,5823.68,0.452398,9.244153686748167e-05,1.518336,746.5,0.0857
6998,3,2050.63,5823.11,0.444711,9.243812121871907e-05,2.223848,753.1,0.085
6999,3,2050.83,5822.56,0.422969,9.243470486219262e-05,1.737393,718.3,0.0891
7000,3,2051.03,5822.0,0.486905,9.243128779796002e-05,2.430426,711.0,0.09
7001,3,2051.23,5821.43,0.392635,9.242787002607892e-05,1.636424,759.4,0.0843
7002,3,2051.43,5820.89,0.531465,9.242445154660697e-05,1.496024,686.2,0.0933
7003,3,2051.63,5820.31,0.369198,9.242103235960191e-05,1.664814,734.3,0.0872
7004,3,2051.82,5819.75,0.456797,9.24176124651214e-05,1.645808,742.6,0.0862
7005,3,2052.02,5819.19,0.500302,9.241419186322317e-05,1.689069,726.5,0.0881
7006,3,2052.22,5818.62,0.434393,9.241077055396497e-05,1.658538,752.2,0.0851
7007,3,2052.42,5818.06,0.521076,9.240734853740452e-05,1.78474,740.1,0.0865
7008,3,2052.61,5817.49,0.496805,9.240392581359955e-05,1.593168,763.8,0.0838
7009,3,2052.81,5816.92,0.416364,9.240050238260787e-05,1.296206,781.2,0.0819
7010,3,2053.01,5816.36,0.39012,9.239707824448721e-05,1.656838,742.7,0.0862
7011,3,2053.21,5815.81,0.507445,9.23936533992954e-05,1.559517,720.6,0.0888
7012,3,2053.4,5815.23,0.481837,9.239022784709021e-05,1.343643,752.7,0.085
7013,3,2053.6,5814.67,0.422616,9.238680158792945e-05,1.312704,740.7,0.0864
7014,3,2053.79,5814.1,0.367391,9.238337462187096e-05,1.278665,761.9,0.084
7015,3,2053.99,5813.54,0.371858,9.237994694897257e-05,1.323221,745.8,0.0858
7016,3,2054.19,5812.98,0.471497,9.23765185692921e-05,1.308427,758.9,0.0843
7017,3,2054.39,5812.41,0.447299,9.237308948288745e-05,1.55396,753.8,0.0849
7018,3,2054.58,5811.85,0.401229,9.236965968981648e-05,1.484561,753.8,0.0849
7019,3,2054.78,5811.29,0.503671,9.236622919013706e-05,1.948454,757.7,0.0845
7020,3,2054.98,5810.73,0.47844,9.236279798390708e-05,1.687378,741.7,0.0863
7021,3,2055.18,5810.19,0.360068,9.235936607118446e-05,1.270631,716.2,0.0894
7022,3,2055.38,5809.63,0.46992,9.23559334520271e-05,1.48123,705.2,0.0908
7023,3,2055.58,5809.06,0.398965,9.235250012649295e-05,1.326899,736.5,0.0869
7024,3,2055.78,5808.5,0.464709,9.234906609463995e-05,2.498363,724.2,0.0884
7025,3,2055.97,5807.92,0.613521,9.234563135652604e-05,1.856623,772.5,0.0829
7026,3,2056.17,5807.37,0.467567,9.23421959122092e-05,1.562166,731.0,0.0875
7027,3,2056.37,5806.81,0.488737,9.233875976174742e-05,1.742378,723.5,0.0885
7028,3,2056.56,5806.25,0.356402,9.233532290519866e-05,1.095609,735.0,0.0871
7029,3,2056.75,5805.67,0.382649,9.233188534262093e-05,1.285494,777.7,0.0823
7030,3,2056.96,5805.13,0.41784,9.232844707407225e-05,1.615399,713.3,0.0897
7031,3,2057.15,5804.55,0.385335,9.232500809961066e-05,1.500437,759.6,0.0843
7032,3,2057.35,5803.98,0.456463,9.232156841929415e-05,1.657206,764.3,0.0837
7033,3,2057.54,5803.42,0.441614,9.231812803318082e-05,1.273572,758.1,0.0844
7034,3,2057.74,5802.86,0.50461,9.231468694132871e-05,1.614858,770.0,0.0831
7035,3,2057.94,5802.31,0.571771,9.23112451437959e-05,1.45685,739.0,0.0866
7036,3,2058.14,5801.75,0.487039,9.230780264064048e-05,1.024613,739.3,0.0866
7037,3,2058.34,5801.19,0.450148,9.230435943192054e-05,1.201438,744.7,0.0859
7038,3,2058.53,5800.63,0.451676,9.230091551769417e-05,1.345958,757.2,0.0845
7039,3,2058.73,5800.08,0.42712,9.229747089801951e-05,1.133692,720.7,0.0888
7040,3,2058.93,5799.51,0.456298,9.22940255729547e-05,1.236219,755.0,0.0848
7041,3,2059.13,5798.96,0.476439,9.229057954255786e-05,1.421272,747.2,0.0857
7042,3,2059.33,5798.41,0.435252,9.228713280688717e-05,1.156581,726.4,0.0881
7043,3,2059.53,5797.85,0.501488,9.228368536600079e-05,1.203812,726.2,0.0881
7044,3,2059.73,5797.3,0.502666,9.228023721995691e-05,1.518676,706.3,0.0906
7045,3,2059.92,5796.73,0.482967,9.22767883688137e-05,1.476623,744.0,0.086
7046,3,2060.12,5796.18,0.505229,9.227333881262938e-05,1.351563,722.9,0.0885
7047,3,2060.32,5795.63,0.494905,9.226988855146215e-05,1.407453,715.6,0.0894
7048,3,2060.52,5795.07,0.378789,9.226643758537026e-05,1.086679,725.8,0.0882
7049,3,2060.72,5794.52,0.460347,9.226298591441194e-05,1.337172,705.3,0.0907
7050,3,2060.92,5793.96,0.438658,9.225953353864542e-05,1.403187,713.2,0.0897
7051,3,2061.12,5793.41,0.37742,9.225608045812902e-05,1.580565,689.1,0.0929
7052,3,2061.32,5792.85,0.464347,9.225262667292096e-05,1.562265,696.1,0.0919
7053,3,2061.51,5792.27,0.527168,9.224917218307955e-05,1.7105,741.1,0.0864
7054,3,2061.7,5791.71,0.459618,9.224571698866311e-05,1.62499,747.6,0.0856
7055,3,2061.91,5791.17,0.44635,9.22422610897299e-05,1.455515,703.9,0.0909
7056,3,2062.1,5790.6,0.36401,9.223880448633828e-05,1.22555,746.7,0.0857
7057,3,2062.3,5790.05,0.462644,9.223534717854659e-05,1.461697,705.8,0.0907
7058,3,2062.49,5789.48,0.386844,9.223188916641315e-05,1.211957,754.1,0.0849
7059,3,2062.7,5788.94,0.465897,9.222843044999632e-05,1.819893,695.0,0.0921
7060,3,2062.89,5788.37,0.423165,9.22249710293545e-05,1.454435,731.0,0.0876
7061,3,2063.09,5787.82,0.423314,9.222151090454607e-05,1.359824,752.9,0.085
7062,3,2063.29,5787.26,0.347464,9.221805007562938e-05,1.173741,754.5,0.0848
7063,3,2063.49,5786.7,0.400582,9.221458854266288e-05,1.243299,741.9,0.0863
7064,3,2063.69,5786.15,0.449499,9.221112630570498e-05,1.569203,730.6,0.0876
7065,3,2063.88,5785.58,0.362575,9.22076633648141e-05,1.162287,760.7,0.0841
7066,3,2064.08,5785.03,0.35296,9.220419972004869e-05,1.393481,746.0,0.0858
7067,3,2064.28,5784.47,0.449023,9.220073537146719e-05,1.927152,764.8,0.0837
7068,3,2064.47,5783.91,0.5304,9.219727031912808e-05,1.841836,766.0,0.0835
7069,3,2064.67,5783.35,0.435306,9.219380456308983e-05,1.878365,771.0,0.083
7070,3,2064.87,5782.8,0.346008,9.219033810341093e-05,1.276389,729.4,0.0877
7071,3,2065.07,5782.25,0.59964,9.218687094014989e-05,1.735458,724.7,0.0883
7072,3,2065.27,5781.7,0.34796,9.218340307336522e-05,1.292638,714.8,0.0895
7073,3,2065.46,5781.12,0.448206,9.217993450311546e-05,1.424986,756.2,0.0846
7074,3,2065.66,5780.57,0.446207,9.217646522945909e-05,1.212909,756.9,0.0846
7075,3,2065.85,5780.01,0.499627,9.217299525245473e-05,1.740391,748.4,0.0855
7076,3,2066.05,5779.46,0.432976,9.21695245721609e-05,1.742233,751.1,0.0852
7077,3,2066.25,5778.9,0.371628,9.216605318863618e-05,1.350674,758.5,0.0844
7078,3,2066.45,5778.35,0.455225,9.216258110193917e-05,1.244627,737.9,0.0867
7079,3,2066.64,5777.78,0.436505,9.215910831212843e-05,1.410399,774.8,0.0826
7080,3,2066.85,5777.24,0.464944,9.21556348192626e-05,1.393288,719.1,0.089
7081,3,2067.05,5776.7,0.608355,9.215216062340028e-05,1.472387,699.7,0.0915
7082,3,2067.24,5776.14,0.47144,9.214868572460011e-05,1.421747,737.7,0.0868
7083,3,2067.44,5775.59,0.370124,9.214521012292074e-05,1.075138,714.6,0.0896
7084,3,2067.64,5775.03,0.319058,9.214173381842083e-05,1.115863,727.0,0.088
7085,3,2067.83,5774.46,0.424215,9.213825681115904e-05,1.491586,774.5,0.0826
7086,3,2068.04,5773.94,0.455866,9.213477910119404e-05,1.499837,701.6,0.0912
7087,3,2068.23,5773.36,0.491433,9.213130068858453e-05,1.407158,768.4,0.0833
7088,3,2068.43,5772.82,0.539606,9.212782157338922e-05,1.62064,711.3,0.09
7089,3,2068.63,5772.26,0.324537,9.212434175566682e-05,1.405257,728.0,0.0879
7090,3,2068.82,5771.7,0.334762,9.212086123547603e-05,1.07483,755.0,0.0848
7091,3,2069.02,5771.14,0.485081,9.211738001287563e-05,1.474325,768.9,0.0832
7092,3,2069.22,5770.59,0.562834,9.211389808792434e-05,2.202076,761.4,0.0841
7093,3,2069.42,5770.04,0.350623,9.211041546068095e-05,1.078158,731.0,0.0875
7094,3,2069.61,5769.48,0.473838,9.210693213120422e-05,1.351602,748.9,0.0855
7095,3,2069.81,5768.93,0.525461,9.210344809955293e-05,1.561584,741.5,0.0863
7096,3,2070.01,5768.38,0.495219,9.209996336578587e-05,1.363274,712.3,0.0899
7097,3,2070.21,5767.82,0.488372,9.209647792996189e-05,1.292042,761.7,0.084
7098,3,2070.4,5767.26,0.457794,9.209299179213977e-05,1.018063,754.7,0.0848
7099,3,2070.6,5766.71,0.435583,9.208950495237836e-05,1.231681,766.9,0.0835
7100,3,2070.8,5766.17,0.500952,9.208601741073651e-05,1.649698,719.6,0.0889
7101,3,2071.0,5765.61,0.449268,9.208252916727306e-05,1.028531,739.1,0.0866
7102,3,2071.2,5765.06,0.365095,9.207904022204691e-05,1.226286,752.7,0.085
7103,3,2071.4,5764.5,0.417972,9.20755505751169e-05,1.26114,753.9,0.0849
7104,3,2071.6,5763.96,0.416403,9.207206022654193e-05,1.074858,718.0,0.0891
7105,3,2071.79,5763.4,0.573855,9.206856917638094e-05,1.768584,767.3,0.0834
7106,3,2071.99,5762.84,0.41887,9.206507742469282e-05,1.501775,765.3,0.0836
7107,3,2072.19,5762.3,0.400847,9.206158497153647e-05,1.217477,734.8,0.0871
7108,3,2072.39,5761.75,0.375919,9.20580918169709e-05,1.241232,719.9,0.0889
7109,3,2072.58,5761.18,0.52796,9.2054597961055e-05,1.331409,763.0,0.0839
7110,3,2072.78,5760.62,0.336231,9.205110340384776e-05,1.190672,765.7,0.0836
7111,3,2072.98,5760.08,0.431933,9.204760814540816e-05,1.338287,735.0,0.0871
7112,3,2073.17,5759.53,0.41557,9.204411218579517e-05,1.695974,736.5,0.0869
7113,3,2073.37,5758.98,0.421275,9.204061552506781e-05,1.843677,716.9,0.0893
7114,3,2073.56,5758.41,0.47912,9.203711816328506e-05,1.626542,781.4,0.0819
7115,3,2073.76,5757.86,0.44044,9.203362010050598e-05,1.422818,764.3,0.0837
7116,3,2073.96,5757.31,0.428769,9.203012133678959e-05,1.99482,753.7,0.0849
7117,3,2074.16,5756.77,0.514673,9.202662187219494e-05,1.548335,733.0,0.0873
7118,3,2074.35,5756.2,0.38633,9.202312170678107e-05,1.604946,764.9,0.0837
7119,3,2074.55,5755.65,0.425129,9.201962084060707e-05,1.595474,769.1,0.0832
7120,3,2074.75,5755.1,0.494564,9.201611927373201e-05,1.411153,760.9,0.0841
7121,3,2074.95,5754.57,0.387541,9.201261700621499e-05,1.356792,734.4,0.0871
7122,3,2075.15,5754.02,0.414358,9.200911403811511e-05,1.438074,723.0,0.0885
7123,3,2075.34,5753.45,0.375555,9.200561036949149e-05,1.172698,763.4,0.0838
7124,3,2075.54,5752.9,0.420172,9.200210600040327e-05,1.559832,734.4,0.0871
7125,3,2075.75,5752.36,0.347261,9.199860093090956e-05,1.13953,704.6,0.0908
7126,3,2075.94,5751.8,0.455539,9.199509516106954e-05,1.262356,729.9,0.0877
7127,3,2076.13,5751.25,0.447257,9.199158869094238e-05,1.257574,761.9,0.084
7128,3,2076.33,5750.69,0.368151,9.198808152058724e-05,1.137496,761.1,0.0841
7129,3,2076.53,5750.15,0.407637,9.19845736500633e-05,1.257752,735.4,0.087
7130,3,2076.73,5749.6,0.393596,9.198106507942979e-05,1.090146,725.9,0.0882
7131,3,2076.93,5749.06,0.419175,9.197755580874591e-05,1.460281,715.2,0.0895
7132,3,2077.13,5748.51,0.471756,9.197404583807089e-05,2.097906,712.2,0.0899
7133,3,2077.33,5747.96,0.336749,9.197053516746395e-05,1.225467,703.5,0.091
7134,3,2077.52,5747.4,0.37359,9.196702379698432e-05,1.371142,730.0,0.0877
7135,3,2077.72,5746.85,0.509974,9.19635117266913e-05,2.298855,752.5,0.085
7136,3,2077.92,5746.31,0.378223,9.195999895664412e-05,1.126252,722.3,0.0886
7137,3,2078.11,5745.75,0.451106,9.195648548690212e-05,1.462551,753.8,0.0849
7138,3,2078.31,5745.2,0.560604,9.195297131752453e-05,1.918942,744.1,0.086
7139,3,2078.51,5744.66,0.364487,9.19494564485707e-05,1.761423,722.8,0.0885
7140,3,2078.71,5744.11,0.457767,9.194594088009993e-05,1.676372,726.8,0.0881
7141,3,2078.91,5743.57,0.443267,9.194242461217159e-05,1.584051,708.6,0.0903
7142,3,2079.11,5743.03,0.383275,9.193890764484496e-05,1.023744,700.7,0.0913
7143,3,2079.31,5742.47,0.440187,9.193538997817942e-05,1.502639,722.7,0.0886
7144,3,2079.51,5741.93,0.485526,9.193187161223434e-05,1.873862,708.5,0.0903
7145,3,2079.7,5741.37,0.488009,9.192835254706908e-05,1.78299,765.0,0.0837
7146,3,2079.9,5740.82,0.35667,9.192483278274306e-05,1.206886,754.9,0.0848
7147,3,2080.1,5740.28,0.399666,9.192131231931566e-05,1.510593,740.9,0.0864
7148,3,2080.3,5739.73,0.313742,9.19177911568463e-05,1.0952,740.3,0.0865
7149,3,2080.49,5739.18,0.441871,9.191426929539439e-05,1.326179,740.1,0.0865
7150,3,2080.7,5738.65,0.300198,9.191074673501938e-05,1.112895,700.1,0.0914
7151,3,2080.89,5738.08,0.510085,9.190722347578071e-05,1.419473,762.3,0.084
7152,3,2081.08,5737.52,0.516923,9.190369951773786e-05,1.676589,778.8,0.0822
7153,3,2081.29,5736.99,0.41205,9.190017486095027e-05,1.540767,718.3,0.0891
7154,3,2081.48,5736.44,0.537177,9.189664950547747e-05,1.708466,744.9,0.0859
7155,3,2081.69,5735.91,0.427758,9.189312345137889e-05,1.453947,698.4,0.0916
7156,3,2081.88,5735.36,0.320951,9.188959669871408e-05,1.277683,714.8,0.0895
7157,3,2082.08,5734.8,0.410761,9.188606924754256e-05,1.335988,752.2,0.0851
7158,3,2082.28,5734.27,0.399587,9.188254109792386e-05,1.548137,689.2,0.0929
7159,3,2082.48,5733.72,0.303584,9.187901224991752e-05,1.225563,711.9,0.0899
7160,3,2082.68,5733.18,0.440163,9.187548270358307e-05,1.494189,704.8,0.0908
7161,3,2082.87,5732.62,0.402564,9.187195245898011e-05,1.685785,751.6,0.0852
7162,3,2083.07,5732.08,0.481279,9.186842151616818e-05,2.019409,748.5,0.0855
7163,3,2083.27,5731.54,0.409746,9.186488987520692e-05,1.48766,738.5,0.0867
7164,3,2083.47,5731.0,0.428075,9.186135753615588e-05,1.439708,711.2,0.09
7165,3,2083.67,5730.45,0.443664,9.18578244990747e-05,1.695732,723.9,0.0884
7166,3,2083.86,5729.89,0.567935,9.185429076402301e-05,1.859533,760.6,0.0841
7167,3,2084.06,5729.36,0.527177,9.185075633106044e-05,1.830203,709.1,0.0903
7168,3,2084.26,5728.81,0.408288,9.184722120024663e-05,1.565018,717.8,0.0892
7169,3,2084.45,5728.25,0.573089,9.184368537164126e-05,1.646941,765.3,0.0836
7170,3,2084.65,5727.7,0.455501,9.184014884530396e-05,1.559136,749.3,0.0854
7171,3,2084.85,5727.17,0.379182,9.183661162129446e-05,1.3207,726.0,0.0882
7172,3,2085.05,5726.61,0.384939,9.183307369967244e-05,1.251293,743.6,0.0861
7173,3,2085.25,5726.07,0.416798,9.18295350804976e-05,1.366496,739.1,0.0866
7174,3,2085.44,5725.52,0.423589,9.182599576382966e-05,1.122796,748.6,0.0855
7175,3,2085.64,5724.98,0.620503,9.182245574972836e-05,1.415736,727.8,0.0879
7176,3,2085.84,5724.44,0.392186,9.181891503825344e-05,1.117715,713.2,0.0897
7177,3,2086.04,5723.88,0.476313,9.181537362946465e-05,1.341004,741.6,0.0863
7178,3,2086.23,5723.33,0.405697,9.181183152342177e-05,1.378745,753.8,0.0849
7179,3,2086.43,5722.78,0.478793,9.180828872018456e-05,2.199586,767.4,0.0834
7180,3,2086.63,5722.25,0.410111,9.180474521981281e-05,1.240459,730.1,0.0877
7181,3,2086.83,5721.7,0.48186,9.180120102236633e-05,1.324677,763.8,0.0838
7182,3,2087.03,5721.17,0.45583,9.179765612790493e-05,1.311033,723.3,0.0885
7183,3,2087.22,5720.61,0.409549,9.179411053648845e-05,1.410284,761.8,0.084
7184,3,2087.42,5720.07,0.478256,9.179056424817668e-05,1.271764,732.5,0.0874
7185,3,2087.62,5719.52,0.395647,9.178701726302953e-05,1.399498,735.3,0.087
7186,3,2087.81,5718.97,0.410258,9.178346958110683e-05,1.641376,761.1,0.0841
7187,3,2088.01,5718.42,0.346822,9.177992120246845e-05,1.282941,764.6,0.0837
7188,3,2088.21,5717.89,0.65391,9.177637212717426e-05,2.058698,742.5,0.0862
7189,3,2088.41,5717.35,0.492702,9.177282235528419e-05,1.58923,717.0,0.0893
7190,3,2088.61,5716.8,0.407723,9.176927188685813e-05,1.209855,738.0,0.0867
7191,3,2088.81,5716.26,0.500685,9.176572072195599e-05,1.740879,714.6,0.0896
7192,3,2089.0,5715.7,0.47059,9.176216886063772e-05,1.544229,762.4,0.0839
7193,3,2089.2,5715.16,0.434901,9.175861630296325e-05,1.772368,745.3,0.0859
7194,3,2089.4,5714.63,0.451292,9.175506304899253e-05,1.346572,722.3,0.0886
7195,3,2089.59,5714.07,0.53108,9.175150909878554e-05,2.023783,754.5,0.0848
7196,3,2089.79,5713.52,0.408289,9.174795445240226e-05,1.679854,763.5,0.0838
7197,3,2089.99,5712.99,0.557268,9.174439910990266e-05,1.925619,743.0,0.0861
7198,3,2090.18,5712.43,0.444603,9.174084307134676e-05,1.263971,764.9,0.0837
7199,3,2090.38,5711.89,0.41621,9.173728633679455e-05,1.607526,774.1,0.0827
7200,3,2090.58,5711.34,0.469861,9.173372890630608e-05,1.286865,780.5,0.082
7201,3,2120.66,5792.44,0.403275,9.173017077994137e-05,1.397889,763.5,0.0838
7202,3,2120.86,5791.88,0.419293,9.172661195776048e-05,1.265307,760.7,0.0841
7203,3,2121.06,5791.32,0.464803,9.172305243982346e-05,1.361638,759.8,0.0842
7204,3,2121.26,5790.76,0.399406,9.171949222619038e-05,1.245624,758.9,0.0843
7205,3,2121.46,5790.21,0.458583,9.171593131692135e-05,1.436784,757.8,0.0845
7206,3,2121.66,5789.66,0.37991,9.171236971207643e-05,1.405657,719.6,0.0889
7207,3,2121.85,5789.09,0.391756,9.170880741171574e-05,1.122654,770.6,0.0831
7208,3,2122.05,5788.54,0.462813,9.170524441589942e-05,1.505778,737.7,0.0868
7209,3,2122.25,5787.98,0.520204,9.170168072468756e-05,1.224368,739.3,0.0866
7210,3,2122.45,5787.42,0.503274,9.169811633814034e-05,1.94708,768.2,0.0833
7211,3,2122.64,5786.85,0.499967,9.169455125631789e-05,1.330622,771.5,0.083
7212,3,2122.84,5786.29,0.425619,9.169098547928037e-05,1.187406,774.4,0.0826
7213,3,2123.04,5785.76,0.439958,9.168741900708798e-05,1.403498,714.2,0.0896
7214,3,2123.24,5785.2,0.552519,9.168385183980091e-05,1.544176,710.4,0.0901
7215,3,2123.44,5784.64,0.412198,9.168028397747934e-05,1.553678,746.6,0.0857
7216,3,2123.64,5784.09,0.350202,9.16767154201835e-05,1.043624,735.6,0.087
7217,3,2123.83,5783.52,0.473012,9.16731461679736e-05,1.398941,762.4,0.0839
7218,3,2124.04,5782.98,0.464864,9.166957622090989e-05,1.549662,710.9,0.09
7219,3,2124.23,5782.41,0.4727,9.16660055790526e-05,1.299514,751.2,0.0852
7220,3,2124.43,5781.86,0.394603,9.166243424246201e-05,1.163916,735.4,0.087
7221,3,2124.64,5781.33,0.502189,9.165886221119839e-05,1.246148,712.0,0.0899
7222,3,2124.83,5780.76,0.367644,9.1655289485322e-05,1.18005,733.1,0.0873
7223,3,2125.03,5780.22,0.535376,9.165171606489315e-05,1.449515,718.1,0.0891
7224,3,2125.23,5779.65,0.509637,9.164814194997215e-05,1.639159,754.8,0.0848
7225,3,2125.42,5779.09,0.460442,9.164456714061933e-05,1.26982,745.9,0.0858
7226,3,2125.62,5778.54,0.430172,9.1640991636895e-05,1.1399,753.3,0.085
7227,3,2125.82,5777.98,0.453231,9.16374154388595e-05,1.440427,757.7,0.0845
7228,3,2126.02,5777.42,0.474006,9.16338385465732e-05,1.73085,745.4,0.0859
7229,3,2126.22,5776.88,0.415352,9.163026096009644e-05,1.169592,713.6,0.0897
7230,3,2126.41,5776.31,0.327131,9.162668267948962e-05,1.162892,744.7,0.0859
7231,3,2126.61,5775.76,0.483105,9.16231037048131e-05,2.282675,741.2,0.0863
7232,3,2126.81,5775.22,0.386429,9.161952403612731e-05,1.448409,707.1,0.0905
7233,3,2127.01,5774.66,0.402127,9.161594367349266e-05,1.317315,714.2,0.0896
7234,3,2127.21,5774.09,0.447342,9.161236261696955e-05,1.265285,739.1,0.0866
7235,3,2127.41,5773.56,0.475259,9.160878086661843e-05,1.3685,698.6,0.0916
7236,3,2127.6,5772.99,0.399198,9.160519842249977e-05,1.184072,746.9,0.0857
7237,3,2127.8,5772.44,0.38759,9.160161528467399e-05,1.100226,709.1,0.0903
7238,3,2128.0,5771.88,0.422338,9.159803145320157e-05,1.472823,733.8,0.0872
7239,3,2128.2,5771.33,0.370171,9.1594446928143e-05,1.238496,719.6,0.0889
7240,3,2128.39,5770.76,0.487428,9.159086170955879e-05,1.350581,743.4,0.0861
7241,3,2128.6,5770.23,0.35491,9.158727579750941e-05,1.34121,700.6,0.0913
7242,3,2128.79,5769.66,0.44126,9.15836891920554e-05,1.778008,747.1,0.0857
7243,3,2128.99,5769.11,0.546592,9.158010189325729e-05,2.468722,746.6,0.0857
7244,3,2129.19,5768.57,0.33462,9.15765139011756e-05,1.169125,690.8,0.0926
7245,3,2129.38,5768.0,0.580066,9.15729252158709e-05,1.815721,733.9,0.0872
7246,3,2129.58,5767.44,0.391974,9.156933583740378e-05,1.338553,754.3,0.0848
7247,3,2129.78,5766.89,0.378263,9.156574576583476e-05,1.541344,741.6,0.0863
7248,3,2129.98,5766.33,0.364233,9.156215500122446e-05,1.389105,729.8,0.0877
7249,3,2130.17,5765.78,0.45969,9.155856354363348e-05,2.164719,718.8,0.089
7250,3,2130.37,5765.22,0.319837,9.155497139312242e-05,1.128779,724.7,0.0883
7251,3,2130.56,5764.66,0.475662,9.15513785497519e-05,1.791357,757.7,0.0845
7252,3,2130.76,5764.11,0.362038,9.154778501358256e-05,1.612811,758.0,0.0844
7253,3,2130.96,5763.56,0.397702,9.154419078467506e-05,1.495013,746.2,0.0858
7254,3,2131.16,5763.01,0.365144,9.154059586309004e-05,1.328708,714.1,0.0896
7255,3,2131.36,5762.45,0.608195,9.153700024888816e-05,2.417879,751.4,0.0852
7256,3,2131.55,5761.89,0.45687,9.153340394213014e-05,1.772803,766.9,0.0834
7257,3,2131.75,5761.34,0.47894,9.152980694287662e-05,1.455109,756.9,0.0846
7258,3,2131.95,5760.79,0.449344,9.152620925118835e-05,1.565059,736.0,0.087
7259,3,2132.14,5760.22,0.451852,9.1522610867126e-05,1.496272,767.1,0.0834
7260,3,2132.34,5759.68,0.53612,9.151901179075036e-05,2.19981,727.5,0.088
7261,3,2132.55,5759.13,0.443891,9.151541202212212e-05,1.438837,719.3,0.089
7262,3,2132.74,5758.57,0.328034,9.151181156130205e-05,1.184047,741.3,0.0863
7263,3,2132.93,5758.01,0.393931,9.15082104083509e-05,1.573159,758.9,0.0843
7264,3,2133.13,5757.45,0.460741,9.150460856332946e-05,1.339871,764.4,0.0837
7265,3,2133.33,5756.9,0.483912,9.150100602629851e-05,1.410932,754.6,0.0848
7266,3,2133.52,5756.34,0.516801,9.149740279731885e-05,1.7829,756.8,0.0846
7267,3,2133.72,5755.79,0.406346,9.149379887645128e-05,1.908447,769.2,0.0832
7268,3,2133.92,5755.24,0.466777,9.149019426375662e-05,1.331149,758.3,0.0844
7269,3,2134.12,5754.69,0.458014,9.14865889592957e-05,1.306709,756.4,0.0846
7270,3,2134.31,5754.13,0.48712,9.14829829631294e-05,1.503999,765.5,0.0836
7271,3,2134.51,5753.58,0.398526,9.147937627531854e-05,1.299107,767.2,0.0834
7272,3,2134.71,5753.03,0.451222,9.1475768895924e-05,1.490039,762.5,0.0839
7273,3,2134.91,5752.49,0.413193,9.147216082500667e-05,1.173651,721.6,0.0887
7274,3,2135.11,5751.93,0.364949,9.14685520626274e-05,1.170536,721.8,0.0887
7275,3,2135.3,5751.37,0.59122,9.146494260884714e-05,1.633214,757.1,0.0845
7276,3,2135.5,5750.83,0.552565,9.14613324637268e-05,1.496771,728.4,0.0879
7277,3,2135.7,5750.28,0.526915,9.145772162732727e-05,1.825033,728.9,0.0878
7278,3,2135.9,5749.72,0.501434,9.145411009970951e-05,1.21932,742.8,0.0862
7279,3,2136.09,5749.16,0.444908,9.145049788093448e-05,1.22236,758.3,0.0844
7280,3,2136.29,5748.62,0.446577,9.144688497106314e-05,1.028561,720.6,0.0888
7281,3,2136.49,5748.08,0.557044,9.144327137015645e-05,1.67307,716.8,0.0893
7282,3,2136.68,5747.51,0.463272,9.143965707827539e-05,1.491476,760.6,0.0841
7283,3,2136.88,5746.96,0.447385,9.143604209548099e-05,1.374106,750.1,0.0853
7284,3,2137.08,5746.42,0.481357,9.14324264218342e-05,1.188805,728.8,0.0878
7285,3,2137.28,5745.88,0.463321,9.142881005739609e-05,1.099777,712.7,0.0898
7286,3,2137.48,5745.31,0.438592,9.142519300222767e-05,1.085075,754.6,0.0848
7287,3,2137.68,5744.78,0.450422,9.142157525639e-05,0.99511,709.7,0.0902
7288,3,2137.88,5744.23,0.435752,9.14179568199441e-05,0.849208,702.0,0.0912
7289,3,2138.07,5743.66,0.500956,9.141433769295108e-05,1.128412,744.0,0.086
7290,3,2138.27,5743.11,0.427838,9.141071787547198e-05,1.143195,759.2,0.0843
7291,3,2138.47,5742.57,0.500797,9.140709736756791e-05,1.581634,707.0,0.0905
7292,3,2138.66,5742.01,0.454171,9.140347616929996e-05,1.416531,741.3,0.0863
7293,3,2138.86,5741.46,0.353076,9.139985428072924e-05,1.497009,729.4,0.0877
7294,3,2139.06,5740.92,0.445834,9.13962317019169e-05,1.112897,712.1,0.0899
7295,3,2139.25,5740.35,0.44765,9.139260843292405e-05,1.081735,765.3,0.0836
7296,3,2139.46,5739.82,0.365986,9.138898447381184e-05,0.861808,704.3,0.0909
7297,3,2139.65,5739.26,0.435065,9.138535982464144e-05,1.427094,738.4,0.0867
7298,3,2139.84,5738.7,0.43833,9.138173448547401e-05,1.027539,782.1,0.0818
7299,3,2140.04,5738.15,0.521296,9.137810845637075e-05,1.492462,749.4,0.0854
7300,3,2140.25,5737.62,0.350318,9.137448173739284e-05,1.21163,717.4,0.0892
7301,3,2140.44,5737.07,0.456923,9.137085432860149e-05,1.157778,765.4,0.0836
7302,3,2140.65,5736.53,0.505499,9.136722623005792e-05,1.535237,714.9,0.0895
7303,3,2140.84,5735.98,0.469579,9.136359744182335e-05,1.32794,730.2,0.0876
7304,3,2141.04,5735.42,0.388234,9.135996796395903e-05,1.184576,748.5,0.0855
7305,3,2141.24,5734.88,0.35401,9.13563377965262e-05,1.08327,734.9,0.0871
7306,3,2141.43,5734.33,0.529751,9.135270693958615e-05,1.466145,729.9,0.0877
7307,3,2141.63,5733.76,0.358936,9.134907539320013e-05,1.588064,774.3,0.0827
7308,3,2141.82,5733.22,0.425146,9.134544315742944e-05,1.379565,766.5,0.0835
7309,3,2142.02,5732.67,0.418224,9.134181023233537e-05,1.271542,764.9,0.0837
7310,3,2142.22,5732.13,0.438291,9.133817661797923e-05,1.44461,737.7,0.0868
7311,3,2142.42,5731.59,0.410757,9.133454231442236e-05,1.328835,730.8,0.0876
7312,3,2142.62,5731.03,0.463513,9.133090732172607e-05,1.422549,756.7,0.0846
7313,3,2142.82,5730.49,0.441211,9.132727163995173e-05,1.558161,722.7,0.0886
7314,3,2143.01,5729.93,0.423519,9.13236352691607e-05,1.19674,759.0,0.0843
7315,3,2143.21,5729.39,0.416571,9.131999820941432e-05,1.224823,745.7,0.0858
7316,3,2143.41,5728.85,0.427179,9.131636046077399e-05,1.260718,717.9,0.0892
7317,3,2143.6,5728.29,0.3332,9.131272202330109e-05,1.201053,762.8,0.0839
7318,3,2143.8,5727.74,0.465535,9.130908289705705e-05,1.482378,746.0,0.0858
7319,3,2144.0,5727.2,0.452504,9.130544308210323e-05,1.42666,742.8,0.0862
7320,3,2144.2,5726.66,0.446634,9.13018025785011e-05,1.490258,710.1,0.0901
7321,3,2144.4,5726.12,0.489892,9.12981613863121e-05,1.494168,703.0,0.091
7322,3,2144.6,5725.58,0.445276,9.129451950559768e-05,1.328235,705.3,0.0907
7323,3,2144.79,5725.01,0.565336,9.129087693641926e-05,2.031903,761.8,0.084
7324,3,2144.99,5724.47,0.368169,9.128723367883837e-05,1.177269,742.3,0.0862
7325,3,2145.19,5723.93,0.432332,9.128358973291647e-05,1.299999,717.6,0.0892
7326,3,2145.39,5723.38,0.410535,9.127994509871506e-05,1.292515,733.2,0.0873
7327,3,2145.59,5722.84,0.494962,9.127629977629564e-05,1.423094,723.0,0.0885
7328,3,2145.78,5722.28,0.475554,9.127265376571973e-05,1.544626,758.1,0.0844
7329,3,2145.98,5721.74,0.40903,9.126900706704887e-05,1.727063,745.0,0.0859
7330,3,2146.18,5721.19,0.502423,9.12653596803446e-05,1.432323,742.0,0.0863
7331,3,2146.37,5720.64,0.435043,9.126171160566848e-05,1.875043,769.1,0.0832
7332,3,2146.57,5720.09,0.477548,9.125806284308207e-05,1.50851,754.2,0.0849
7333,3,2146.77,5719.54,0.386514,9.125441339264694e-05,1.419215,775.8,0.0825
7334,3,2146.97,5719.0,0.4834,9.12507632544247e-05,1.246988,759.1,0.0843
7335,3,2147.17,5718.46,0.449035,9.124711242847694e-05,1.636369,722.9,0.0885
7336,3,2147.37,5717.92,0.494647,9.124346091486527e-05,1.763898,711.7,0.0899
7337,3,2147.56,5717.36,0.382163,9.123980871365133e-05,1.223289,749.9,0.0853
7338,3,2147.76,5716.83,0.484153,9.123615582489673e-05,1.474463,711.0,0.09
7339,3,2147.96,5716.28,0.426854,9.123250224866313e-05,1.356232,723.4,0.0885
7340,3,2148.15,5715.73,0.524529,9.12288479850122e-05,1.197428,758.4,0.0844
7341,3,2148.35,5715.19,0.427495,9.122519303400559e-05,1.322061,746.4,0.0857
7342,3,2148.55,5714.65,0.387731,9.1221537395705e-05,1.451394,745.9,0.0858
7343,3,2148.76,5714.12,0.428196,9.12178810701721e-05,1.245249,700.8,0.0913
7344,3,2148.95,5713.57,0.450717,9.121422405746863e-05,1.681306,704.2,0.0909
7345,3,2149.15,5713.02,0.456486,9.121056635765628e-05,1.37208,729.9,0.0877
7346,3,2149.35,5712.48,0.462466,9.120690797079678e-05,1.562986,727.6,0.088
7347,3,2149.54,5711.93,0.534729,9.120324889695189e-05,1.960911,726.1,0.0881
7348,3,2149.74,5711.37,0.42096,9.119958913618335e-05,1.707957,765.8,0.0836
7349,3,2149.94,5710.84,0.428231,9.119592868855294e-05,1.188111,731.0,0.0875
7350,3,2150.14,5710.3,0.425425,9.119226755412239e-05,1.209641,711.5,0.0899
7351,3,2150.33,5709.74,0.443268,9.118860573295351e-05,1.750324,730.6,0.0876
7352,3,2150.53,5709.2,0.417949,9.118494322510813e-05,1.369802,732.2,0.0874
7353,3,2150.73,5708.66,0.516405,9.118128003064802e-05,2.088591,730.0,0.0877
7354,3,2150.92,5708.1,0.465198,9.117761614963501e-05,1.514459,763.1,0.0839
7355,3,2151.12,5707.56,0.450825,9.117395158213095e-05,1.713558,759.7,0.0842
7356,3,2151.32,5707.02,0.48553,9.117028632819768e-05,1.665655,757.6,0.0845
7357,3,2151.52,5706.48,0.395282,9.116662038789703e-05,1.191959,738.4,0.0867
7358,3,2151.71,5705.93,0.464051,9.116295376129091e-05,1.70319,742.8,0.0862
7359,3,2151.91,5705.39,0.422596,9.115928644844117e-05,1.2214,738.5,0.0867
7360,3,2152.11,5704.84,0.44578,9.11556184494097e-05,1.091271,756.3,0.0846
7361,3,2152.31,5704.31,0.396938,9.11519497642584e-05,1.095124,736.1,0.0869
7362,3,2152.51,5703.77,0.336627,9.114828039304921e-05,0.879332,748.9,0.0855
7363,3,2152.71,5703.23,0.359159,9.114461033584405e-05,1.086513,750.6,0.0853
7364,3,2152.9,5702.68,0.505348,9.114093959270483e-05,1.708593,750.4,0.0853
7365,3,2153.11,5702.15,0.4679,9.113726816369353e-05,1.399204,709.9,0.0902
7366,3,2153.31,5701.61,0.501594,9.113359604887208e-05,1.258938,704.8,0.0908
7367,3,2153.5,5701.07,0.365741,9.112992324830248e-05,1.508553,704.4,0.0909
7368,3,2153.7,5700.53,0.438393,9.112624976204669e-05,1.604651,709.5,0.0902
7369,3,2153.9,5699.99,0.361909,9.112257559016674e-05,1.159059,695.9,0.092
7370,3,2154.1,5699.44,0.477936,9.11189007327246e-05,1.864232,738.9,0.0866
7371,3,2154.3,5698.92,0.335967,9.11152251897823e-05,1.330538,691.1,0.0926
7372,3,2154.5,5698.37,0.458214,9.111154896140189e-05,1.572964,703.1,0.091
7373,3,2154.69,5697.83,0.423139,9.110787204764538e-05,1.571624,734.1,0.0872
7374,3,2154.9,5697.29,0.424331,9.110419444857482e-05,1.453449,712.5,0.0898
7375,3,2155.09,5696.75,0.438159,9.110051616425231e-05,1.596614,718.8,0.089
7376,3,2155.29,5696.21,0.35363,9.10968371947399e-05,1.347113,724.4,0.0883
7377,3,2155.49,5695.66,0.44288,9.109315754009968e-05,1.624694,739.0,0.0866
7378,3,2155.68,5695.12,0.498638,9.108947720039375e-05,1.768379,745.4,0.0859
7379,3,2155.88,5694.58,0.336985,9.108579617568423e-05,1.528343,734.9,0.0871
7380,3,2156.08,5694.04,0.439296,9.108211446603326e-05,1.445689,752.0,0.0851
7381,3,2156.29,5693.52,0.448797,9.107843207150294e-05,1.338464,717.6,0.0892
7382,3,2156.48,5692.97,0.365685,9.107474899215541e-05,1.200964,735.9,0.087
7383,3,2156.68,5692.43,0.379732,9.107106522805285e-05,1.529887,711.9,0.0899
7384,3,2156.88,5691.89,0.542782,9.106738077925742e-05,1.382755,722.2,0.0886
7385,3,2157.07,5691.35,0.39336,9.106369564583132e-05,1.526945,737.3,0.0868
7386,3,2157.27,5690.81,0.439553,9.106000982783672e-05,1.409559,737.7,0.0868
7387,3,2157.47,5690.28,0.491953,9.105632332533584e-05,1.830748,708.4,0.0903
7388,3,2157.68,5689.76,0.422858,9.105263613839087e-05,1.626101,667.7,0.0959
7389,3,2157.88,5689.22,0.437721,9.104894826706405e-05,1.352096,675.7,0.0947
7390,3,2158.07,5688.67,0.589773,9.104525971141762e-05,1.768098,698.7,0.0916
7391,3,2158.27,5688.12,0.476185,9.104157047151383e-05,1.663617,737.6,0.0868
7392,3,2158.46,5687.57,0.444735,9.103788054741492e-05,1.301508,767.8,0.0834
7393,3,2158.66,5687.04,0.425141,9.103418993918319e-05,1.441805,713.6,0.0897
7394,3,2158.86,5686.51,0.511316,9.103049864688092e-05,1.268746,700.9,0.0913
7395,3,2159.06,5685.97,0.398815,9.10268066705704e-05,1.215546,703.0,0.091
7396,3,2159.26,5685.42,0.379765,9.102311401031391e-05,1.386309,735.8,0.087
7397,3,2159.45,5684.87,0.387266,9.101942066617381e-05,1.28627,755.8,0.0847
7398,3,2159.65,5684.33,0.430373,9.101572663821243e-05,1.107651,751.6,0.0851
7399,3,2159.85,5683.79,0.397275,9.101203192649209e-05,1.480731,758.2,0.0844
7400,3,2160.05,5683.27,0.407558,9.100833653107516e-05,1.404866,691.8,0.0925
7401,3,2160.25,5682.72,0.382949,9.100464045202399e-05,1.138728,736.5,0.0869
7402,3,2160.44,5682.18,0.47826,9.100094368940096e-05,1.738194,753.3,0.085
7403,3,2160.64,5681.64,0.342963,9.099724624326846e-05,1.207837,756.4,0.0846
7404,3,2160.84,5681.11,0.407973,9.099354811368889e-05,1.382649,736.1,0.0869
7405,3,2161.04,5680.57,0.540456,9.098984930072466e-05,1.618022,728.1,0.0879
7406,3,2161.23,5680.02,0.375431,9.09861498044382e-05,1.158941,765.0,0.0837
7407,3,2161.43,5679.49,0.449766,9.098244962489193e-05,1.422449,731.4,0.0875
7408,3,2161.63,5678.94,0.36442,9.097874876214832e-05,0.967517,770.6,0.0831
7409,3,2161.82,5678.4,0.464271,9.097504721626981e-05,1.410025,766.5,0.0835
7410,3,2162.02,5677.86,0.471353,9.097134498731884e-05,1.566015,757.2,0.0845
7411,3,2162.22,5677.31,0.410248,9.096764207535795e-05,1.127867,778.1,0.0823
7412,3,2162.42,5676.78,0.47523,9.096393848044959e-05,1.671703,760.0,0.0842
7413,3,2162.62,5676.26,0.37846,9.096023420265629e-05,0.925679,690.9,0.0926
7414,3,2162.81,5675.7,0.440176,9.095652924204052e-05,1.690883,755.0,0.0848
7415,3,2163.01,5675.16,0.385024,9.095282359866485e-05,1.424119,758.2,0.0844
7416,3,2163.21,5674.62,0.334998,9.094911727259181e-05,1.324397,764.0,0.0838
7417,3,2163.41,5674.09,0.451924,9.094541026388393e-05,1.493801,743.5,0.0861
7418,3,2163.6,5673.55,0.399243,9.09417025726038e-05,1.27141,757.1,0.0845
7419,3,2163.8,5673.01,0.433295,9.093799419881397e-05,1.303418,740.2,0.0865
7420,3,2164.0,5672.48,0.486379,9.093428514257704e-05,1.657566,731.8,0.0875
7421,3,2164.2,5671.94,0.45484,9.093057540395556e-05,1.133141,765.2,0.0836
7422,3,2164.4,5671.41,0.539126,9.092686498301221e-05,1.383536,729.3,0.0878
7423,3,2164.59,5670.86,0.365549,9.092315387980955e-05,1.627828,756.4,0.0846
7424,3,2164.79,5670.33,0.46945,9.091944209441025e-05,1.569762,718.6,0.0891
7425,3,2164.98,5669.78,0.37317,9.091572962687692e-05,1.231806,752.6,0.085
7426,3,2165.18,5669.25,0.384395,9.091201647727224e-05,1.201365,743.5,0.0861
7427,3,2165.38,5668.71,0.360699,9.090830264565886e-05,1.472742,751.1,0.0852
7428,3,2165.58,5668.18,0.376191,9.090458813209944e-05,1.147888,732.1,0.0874
7429,3,2165.78,5667.64,0.375541,9.09008729366567e-05,1.221855,739.7,0.0865
7430,3,2165.97,5667.09,0.384486,9.089715705939333e-05,1.366361,783.9,0.0816
7431,3,2166.17,5666.56,0.283242,9.0893440500372e-05,1.093811,763.9,0.0838
7432,3,2166.37,5666.03,0.513525,9.08897232596555e-05,1.829826,724.0,0.0884
7433,3,2166.57,5665.49,0.52767,9.088600533730652e-05,1.95473,728.6,0.0878
7434,3,2166.76,5664.94,0.345159,9.088228673338781e-05,1.218551,766.1,0.0835
7435,3,2166.96,5664.41,0.371528,9.087856744796213e-05,1.574187,753.4,0.0849
7436,3,2167.16,5663.88,0.427546,9.087484748109225e-05,1.42006,727.1,0.088
7437,3,2167.36,5663.35,0.468513,9.087112683284095e-05,1.650352,720.6,0.0888
7438,3,2167.55,5662.8,0.390148,9.086740550327103e-05,1.391825,759.4,0.0843
7439,3,2167.75,5662.26,0.458059,9.086368349244526e-05,1.853134,758.4,0.0844
7440,3,2167.95,5661.73,0.398087,9.085996080042649e-05,1.271994,748.4,0.0855
7441,3,2168.15,5661.21,0.485318,9.085623742727752e-05,1.668309,726.3,0.0881
7442,3,2168.35,5660.68,0.41943,9.08525133730612e-05,1.339604,729.0,0.0878
7443,3,2168.56,5660.16,0.372544,9.084878863784038e-05,1.277754,692.7,0.0924
7444,3,2168.75,5659.6,0.449034,9.084506322167792e-05,1.265479,749.4,0.0854
7445,3,2168.94,5659.06,0.479687,9.08413371246367e-05,1.341164,766.5,0.0835
7446,3,2169.15,5658.54,0.502479,9.08376103467796e-05,2.049791,725.6,0.0882
7447,3,2169.34,5657.99,0.517346,9.083388288816948e-05,1.377723,760.0,0.0842
7448,3,2169.54,5657.47,0.412569,9.083015474886927e-05,2.190831,707.7,0.0904
7449,3,2169.74,5656.93,0.429881,9.082642592894191e-05,1.241936,729.7,0.0877
7450,3,2169.93,5656.39,0.362252,9.08226964284503e-05,1.670209,760.4,0.0842
7451,3,2170.13,5655.86,0.388643,9.08189662474574e-05,1.423398,750.6,0.0853
7452,3,2170.33,5655.33,0.352994,9.081523538602614e-05,1.095135,735.6,0.087
7453,3,2170.53,5654.79,0.466445,9.081150384421951e-05,1.165099,749.1,0.0854
7454,3,2170.73,5654.26,0.454579,9.080777162210046e-05,1.102206,728.3,0.0879
7455,3,2170.92,5653.71,0.453036,9.080403871973199e-05,1.096169,770.2,0.0831
7456,3,2171.12,5653.19,0.483907,9.080030513717711e-05,1.292508,717.0,0.0893
7457,3,2171.32,5652.64,0.403608,9.079657087449879e-05,1.080289,758.9,0.0843
7458,3,2171.52,5652.12,0.530069,9.079283593176007e-05,1.348903,730.3,0.0876
7459,3,2171.71,5651.58,0.532442,9.0789100309024e-05,1.881719,735.4,0.087
7460,3,2171.91,5651.04,0.518358,9.078536400635362e-05,1.413419,756.9,0.0846
7461,3,2172.11,5650.52,0.549489,9.078162702381195e-05,1.52901,722.6,0.0886
7462,3,2172.31,5649.98,0.509679,9.07778893614621e-05,1.618756,757.3,0.0845
7463,3,2172.5,5649.44,0.335919,9.077415101936713e-05,1.184673,784.1,0.0816
7464,3,2172.7,5648.9,0.489866,9.077041199759014e-05,1.481874,780.0,0.082
7465,3,2172.91,5648.39,0.44771,9.076667229619421e-05,1.366301,696.2,0.0919
7466,3,2173.09,5647.83,0.485845,9.076293191524247e-05,1.200767,777.2,0.0823
7467,3,2173.29,5647.3,0.413047,9.075919085479803e-05,1.331269,765.1,0.0836
7468,3,2173.49,5646.77,0.469985,9.075544911492404e-05,1.815545,742.7,0.0862
7469,3,2173.69,5646.23,0.554821,9.075170669568365e-05,1.213405,783.0,0.0817
7470,3,2173.88,5645.7,0.379826,9.074796359713999e-05,1.57046,757.7,0.0845
7471,3,2174.08,5645.17,0.496809,9.074421981935625e-05,1.373814,744.5,0.086
7472,3,2174.28,5644.63,0.403959,9.074047536239562e-05,0.91802,774.9,0.0826
7473,3,2174.48,5644.11,0.446661,9.073673022632128e-05,1.110975,732.1,0.0874
7474,3,2174.67,5643.56,0.35037,9.073298441119645e-05,1.17493,773.7,0.0827
7475,3,2174.88,5643.04,0.499397,9.072923791708431e-05,1.486843,716.6,0.0893
7476,3,2175.08,5642.51,0.39283,9.072549074404815e-05,1.382195,716.0,0.0894
7477,3,2175.27,5641.96,0.399722,9.072174289215116e-05,1.608245,781.8,0.0819
7478,3,2175.47,5641.43,0.404158,9.071799436145658e-05,1.204384,748.6,0.0855
7479,3,2175.67,5640.91,0.447969,9.07142451520277e-05,1.278511,708.8,0.0903
7480,3,2175.86,5640.37,0.46945,9.071049526392779e-05,1.463695,724.3,0.0884
7481,3,2176.06,5639.84,0.442624,9.070674469722013e-05,1.421003,758.4,0.0844
7482,3,2176.26,5639.32,0.4168,9.070299345196802e-05,1.204828,722.9,0.0885
7483,3,2176.46,5638.79,0.410566,9.069924152823474e-05,1.641003,707.1,0.0905
7484,3,2176.65,5638.24,0.454058,9.069548892608366e-05,2.001855,779.8,0.0821
7485,3,2176.85,5637.71,0.51175,9.069173564557808e-05,2.035693,744.0,0.086
7486,3,2177.05,5637.19,0.453058,9.068798168678134e-05,1.558714,711.6,0.0899
7487,3,2177.25,5636.66,0.409023,9.068422704975679e-05,1.270514,712.5,0.0898
7488,3,2177.45,5636.12,0.311238,9.068047173456781e-05,1.327558,751.6,0.0851
7489,3,2177.65,5635.61,0.409494,9.067671574127775e-05,2.159321,708.1,0.0904
7490,3,2177.84,5635.06,0.426521,9.067295906995005e-05,1.636718,759.4,0.0843
7491,3,2178.04,5634.53,0.352407,9.066920172064805e-05,1.354879,744.1,0.086
7492,3,2178.24,5634.0,0.401969,9.066544369343518e-05,1.731342,752.1,0.0851
7493,3,2178.44,5633.47,0.420567,9.066168498837489e-05,1.927475,751.8,0.0851
7494,3,2178.64,5632.95,0.409648,9.06579256055306e-05,1.241026,710.2,0.0901
7495,3,2178.84,5632.41,0.560329,9.065416554496572e-05,1.852614,728.5,0.0879
7496,3,2179.03,5631.87,0.508604,9.065040480674376e-05,1.922813,768.4,0.0833
7497,3,2179.23,5631.35,0.35989,9.064664339092814e-05,1.642206,732.8,0.0873
7498,3,2179.42,5630.8,0.357974,9.064288129758235e-05,1.437759,767.7,0.0834
7499,3,2179.62,5630.27,0.438506,9.063911852676988e-05,1.974614,765.5,0.0836
7500,3,2179.82,5629.74,0.465864,9.063535507855426e-05,1.77903,761.6,0.084
7501,3,2188.42,5650.92,0.428979,9.063159095299899e-05,1.745653,676.8,0.0946
7502,3,2188.64,5650.43,0.445808,9.062782615016759e-05,1.498226,727.3,0.088
7503,3,2188.83,5649.89,0.524449,9.062406067012357e-05,1.848051,748.4,0.0855
7504,3,2189.03,5649.36,0.384917,9.062029451293052e-05,1.1677,725.0,0.0883
7505,3,2189.22,5648.81,0.433065,9.061652767865197e-05,1.419033,764.2,0.0838
7506,3,2189.42,5648.27,0.437266,9.061276016735152e-05,1.815611,747.2,0.0856
7507,3,2189.62,5647.74,0.541207,9.060899197909272e-05,1.562135,759.5,0.0843
7508,3,2189.82,5647.21,0.519083,9.06052231139392e-05,1.639733,738.2,0.0867
7509,3,2190.02,5646.68,0.382605,9.060145357195453e-05,1.221919,720.4,0.0888
7510,3,2190.22,5646.15,0.470064,9.059768335320233e-05,1.270179,698.9,0.0916
7511,3,2190.41,5645.61,0.430598,9.059391245774623e-05,1.356626,737.1,0.0868
7512,3,2190.61,5645.08,0.525811,9.05901408856499e-05,1.685925,717.2,0.0892
7513,3,2190.81,5644.56,0.454609,9.058636863697697e-05,1.570719,705.6,0.0907
7514,3,2191.01,5644.04,0.504986,9.058259571179109e-05,1.742218,671.7,0.0953
7515,3,2191.2,5643.48,0.560918,9.057882211015594e-05,1.627427,743.6,0.0861
7516,3,2191.41,5642.97,0.376931,9.05750478321352e-05,1.154194,682.6,0.0938
7517,3,2191.6,5642.42,0.429442,9.057127287779258e-05,1.269516,732.2,0.0874
7518,3,2191.8,5641.89,0.45353,9.056749724719179e-05,1.714933,724.2,0.0884
7519,3,2192.0,5641.36,0.453966,9.056372094039653e-05,1.735411,722.4,0.0886
7520,3,2192.2,5640.83,0.470981,9.055994395747054e-05,1.527991,722.3,0.0886
7521,3,2192.4,5640.3,0.4498,9.055616629847756e-05,1.405473,740.0,0.0865
7522,3,2192.59,5639.76,0.410884,9.055238796348132e-05,1.31166,751.2,0.0852
7523,3,2192.79,5639.24,0.462147,9.054860895254563e-05,1.274294,716.3,0.0893
7524,3,2192.99,5638.7,0.41189,9.054482926573425e-05,1.186066,740.3,0.0864
7525,3,2193.18,5638.16,0.33084,9.054104890311097e-05,0.995233,755.6,0.0847
7526,3,2193.38,5637.62,0.496589,9.053726786473959e-05,1.342177,759.1,0.0843
7527,3,2193.58,5637.09,0.481651,9.053348615068387e-05,1.926888,755.8,0.0847
7528,3,2193.78,5636.57,0.387631,9.052970376100771e-05,1.391144,707.3,0.0905
7529,3,2193.98,5636.03,0.414789,9.052592069577489e-05,1.462041,741.4,0.0863
7530,3,2194.17,5635.5,0.421488,9.052213695504927e-05,1.477706,747.5,0.0856
7531,3,2194.37,5634.98,0.500523,9.051835253889471e-05,1.788462,722.7,0.0886
7532,3,2194.57,5634.45,0.542272,9.051456744737508e-05,1.325182,729.1,0.0878
7533,3,2194.77,5633.91,0.455237,9.051078168055425e-05,1.63831,736.9,0.0869
7534,3,2194.97,5633.38,0.510674,9.050699523849612e-05,1.609212,735.3,0.087
7535,3,2195.16,5632.85,0.500047,9.050320812126458e-05,1.760481,739.9,0.0865
7536,3,2195.36,5632.32,0.385564,9.049942032892354e-05,1.448887,715.7,0.0894
7537,3,2195.56,5631.79,0.400943,9.049563186153694e-05,1.767368,706.7,0.0906
7538,3,2195.76,5631.25,0.49185,9.04918427191687e-05,1.200832,741.1,0.0864
7539,3,2195.95,5630.71,0.368062,9.048805290188276e-05,1.308897,766.1,0.0835
7540,3,2196.16,5630.2,0.431264,9.048426240974311e-05,1.132897,706.4,0.0906
7541,3,2196.36,5629.69,0.515388,9.04804712428137e-05,1.771274,693.4,0.0923
7542,3,2196.56,5629.15,0.501291,9.047667940115852e-05,1.280133,722.5,0.0886
7543,3,2196.75,5628.61,0.455944,9.047288688484154e-05,1.70389,739.4,0.0866
7544,3,2196.95,5628.08,0.488132,9.046909369392678e-05,1.31161,739.2,0.0866
7545,3,2197.15,5627.55,0.400133,9.046529982847827e-05,0.937012,732.4,0.0874
7546,3,2197.34,5627.01,0.486158,9.046150528856002e-05,1.174301,769.8,0.0831
7547,3,2197.54,5626.49,0.397078,9.045771007423607e-05,1.546587,719.7,0.0889
7548,3,2197.74,5625.95,0.582116,9.045391418557046e-05,1.616485,739.8,0.0865
7549,3,2197.93,5625.42,0.530192,9.045011762262727e-05,1.421348,740.7,0.0864
7550,3,2198.13,5624.89,0.450015,9.044632038547056e-05,1.249105,742.6,0.0862
7551,3,2198.33,5624.35,0.445837,9.044252247416444e-05,1.52575,757.1,0.0845
7552,3,2198.52,5623.82,0.471351,9.043872388877294e-05,1.392521,763.2,0.0839
7553,3,2198.72,5623.29,0.445596,9.043492462936023e-05,1.226826,746.9,0.0857
7554,3,2198.92,5622.76,0.46942,9.04311246959904e-05,1.504797,754.8,0.0848
7555,3,2199.12,5622.25,0.379836,9.04273240887276e-05,1.115899,694.0,0.0922
7556,3,2199.32,5621.71,0.444094,9.042352280763594e-05,1.236155,707.8,0.0904
7557,3,2199.51,5621.16,0.456367,9.04197208527796e-05,1.390209,764.9,0.0837
7558,3,2199.71,5620.64,0.467571,9.041591822422271e-05,1.252917,738.6,0.0867
7559,3,2199.92,5620.13,0.532684,9.041211492202948e-05,1.336773,693.3,0.0923
7560,3,2200.1,5619.58,0.390703,9.040831094626408e-05,1.407271,761.4,0.0841
7561,3,2200.31,5619.06,0.542652,9.04045062969907e-05,1.787647,730.9,0.0876
7562,3,2200.5,5618.52,0.401781,9.040070097427356e-05,1.326922,760.9,0.0841
7563,3,2200.71,5618.01,0.399034,9.039689497817689e-05,1.120141,710.4,0.0901
7564,3,2200.9,5617.49,0.469221,9.03930883087649e-05,1.559874,710.7,0.09
7565,3,2201.1,5616.95,0.442339,9.038928096610186e-05,1.472996,723.4,0.0885
7566,3,2201.3,5616.43,0.361949,9.038547295025197e-05,1.334975,699.7,0.0915
7567,3,2201.49,5615.89,0.592966,9.038166426127954e-05,1.616981,745.8,0.0858
7568,3,2201.7,5615.39,0.382359,9.037785489924885e-05,1.458604,677.7,0.0944
7569,3,2201.9,5614.86,0.46129,9.037404486422416e-05,1.461106,698.0,0.0917
7570,3,2202.09,5614.31,0.39479,9.037023415626982e-05,1.206317,753.1,0.085
7571,3,2202.29,5613.79,0.45322,9.036642277545007e-05,1.470615,727.5,0.088
7572,3,2202.49,5613.26,0.387677,9.036261072182928e-05,1.292058,759.5,0.0843
7573,3,2202.69,5612.74,0.398148,9.035879799547179e-05,1.266011,701.0,0.0913
7574,3,2202.88,5612.2,0.536922,9.035498459644192e-05,1.550072,732.0,0.0874
7575,3,2203.08,5611.67,0.452825,9.035117052480402e-05,1.378263,754.2,0.0849
7576,3,2203.27,5611.14,0.623979,9.034735578062249e-05,1.723369,775.2,0.0826
7577,3,2203.48,5610.62,0.432935,9.034354036396168e-05,1.289733,739.7,0.0865
7578,3,2203.67,5610.09,0.510458,9.033972427488599e-05,1.278824,742.1,0.0862
7579,3,2203.87,5609.57,0.440281,9.033590751345983e-05,1.093196,719.6,0.0889
7580,3,2204.07,5609.03,0.438243,9.03320900797476e-05,1.03845,745.1,0.0859
7581,3,2204.27,5608.52,0.423292,9.032827197381373e-05,1.196769,708.1,0.0904
7582,3,2204.47,5608.0,0.428655,9.032445319572267e-05,0.900196,701.1,0.0913
7583,3,2204.66,5607.45,0.442002,9.032063374553884e-05,1.236253,769.0,0.0832
7584,3,2204.86,5606.93,0.381592,9.031681362332672e-05,0.897461,765.1,0.0836
7585,3,2205.06,5606.41,0.459056,9.031299282915077e-05,1.330476,712.2,0.0899
7586,3,2205.26,5605.89,0.440719,9.030917136307547e-05,1.383766,709.0,0.0903
7587,3,2205.45,5605.35,0.428245,9.030534922516533e-05,1.319877,744.4,0.086
7588,3,2205.65,5604.82,0.394881,9.030152641548483e-05,1.003344,738.2,0.0867
7589,3,2205.86,5604.31,0.425916,9.02977029340985e-05,0.982177,690.5,0.0927
7590,3,2206.04,5603.76,0.516633,9.029387878107085e-05,1.327792,779.2,0.0821
7591,3,2206.25,5603.25,0.374106,9.029005395646644e-05,1.18099,730.4,0.0876
7592,3,2206.45,5602.72,0.606117,9.02862284603498e-05,1.682323,736.8,0.0869
7593,3,2206.64,5602.2,0.473548,9.02824022927855e-05,1.459506,737.1,0.0868
7594,3,2206.84,5601.66,0.533284,9.027857545383811e-05,1.594453,759.9,0.0842
7595,3,2207.04,5601.15,0.40603,9.027474794357223e-05,1.445222,728.1,0.0879
7596,3,2207.24,5600.61,0.476971,9.027091976205242e-05,1.718107,748.1,0.0856
7597,3,2207.43,5600.08,0.407131,9.026709090934331e-05,1.066748,757.0,0.0845
7598,3,2207.63,5599.56,0.46722,9.02632613855095e-05,1.396599,751.7,0.0851
7599,3,2207.83,5599.03,0.447191,9.025943119061565e-05,1.091236,775.5,0.0825
7600,3,2208.03,5598.52,0.483973,9.025560032472635e-05,1.558155,721.5,0.0887
7601,3,2208.26,5598.07,0.41138,9.025176878790632e-05,1.302745,751.4,0.0852
7602,3,2208.45,5597.54,0.422733,9.024793658022016e-05,1.398968,766.2,0.0835
7603,3,2208.66,5597.02,0.485359,9.024410370173257e-05,1.47393,744.7,0.0859
7604,3,2208.85,5596.49,0.496349,9.024027015250825e-05,1.736104,759.5,0.0843
7605,3,2209.05,5595.98,0.541519,9.023643593261188e-05,1.869462,718.6,0.0891
7606,3,2209.25,5595.44,0.504597,9.023260104210816e-05,1.152639,759.2,0.0843
7607,3,2209.45,5594.93,0.442589,9.02287654810618e-05,1.220264,722.5,0.0886
7608,3,2209.64,5594.4,0.41598,9.022492924953756e-05,1.160447,742.1,0.0862
7609,3,2209.84,5593.86,0.507846,9.022109234760016e-05,1.317007,787.2,0.0813
7610,3,2210.04,5593.34,0.417339,9.021725477531436e-05,1.286772,764.8,0.0837
7611,3,2210.24,5592.82,0.397756,9.021341653274494e-05,1.217807,736.8,0.0869
7612,3,2210.44,5592.3,0.400643,9.020957761995664e-05,1.263889,714.9,0.0895
7613,3,2210.63,5591.76,0.469648,9.02057380370143e-05,1.274422,755.7,0.0847
7614,3,2210.83,5591.25,0.501016,9.020189778398265e-05,1.305908,716.9,0.0893
7615,3,2211.02,5590.71,0.320336,9.019805686092656e-05,1.270263,766.3,0.0835
7616,3,2211.22,5590.19,0.402548,9.019421526791083e-05,1.24127,739.7,0.0865
7617,3,2211.41,5589.65,0.358994,9.019037300500029e-05,1.163852,777.1,0.0824
7618,3,2211.61,5589.13,0.436428,9.018653007225977e-05,1.448457,747.8,0.0856
7619,3,2211.81,5588.6,0.558416,9.018268646975414e-05,1.759498,741.2,0.0864
7620,3,2212.0,5588.07,0.475159,9.017884219754828e-05,1.60041,767.7,0.0834
7621,3,2212.21,5587.55,0.444357,9.017499725570703e-05,1.177066,747.8,0.0856
7622,3,2212.4,5587.03,0.435805,9.017115164429531e-05,1.497878,755.4,0.0847
7623,3,2212.6,5586.5,0.372596,9.016730536337802e-05,1.416074,764.4,0.0837
7624,3,2212.8,5585.98,0.382995,9.016345841302004e-05,1.212676,752.1,0.0851
7625,3,2213.0,5585.46,0.477374,9.015961079328631e-05,1.395503,722.7,0.0886
7626,3,2213.19,5584.93,0.353115,9.015576250424179e-05,1.023711,747.7,0.0856
7627,3,2213.39,5584.4,0.400183,9.01519135459514e-05,1.335132,747.9,0.0856
7628,3,2213.58,5583.88,0.528052,9.014806391848007e-05,1.278718,770.8,0.083
7629,3,2213.79,5583.36,0.516728,9.014421362189282e-05,1.756188,738.5,0.0867
7630,3,2213.98,5582.84,0.562923,9.01403626562546e-05,1.492486,746.6,0.0857
7631,3,2214.18,5582.31,0.490139,9.013651102163041e-05,1.068491,756.9,0.0846
7632,3,2214.38,5581.78,0.373559,9.013265871808526e-05,0.920379,765.2,0.0836
7633,3,2214.58,5581.27,0.373741,9.012880574568415e-05,1.087727,716.1,0.0894
7634,3,2214.77,5580.74,0.574454,9.01249521044921e-05,2.087801,764.5,0.0837
7635,3,2214.97,5580.22,0.602005,9.012109779457413e-05,1.413238,730.9,0.0876
7636,3,2215.17,5579.7,0.375325,9.011724281599533e-05,1.182981,727.0,0.088
7637,3,2215.37,5579.17,0.582782,9.011338716882072e-05,1.552935,743.4,0.0861
7638,3,2215.56,5578.65,0.444723,9.010953085311539e-05,1.280983,736.5,0.0869
7639,3,2215.76,5578.12,0.422632,9.010567386894442e-05,0.963372,765.4,0.0836
7640,3,2215.95,5577.59,0.385705,9.01018162163729e-05,1.030809,774.7,0.0826
7641,3,2216.16,5577.09,0.445187,9.009795789546592e-05,1.082825,749.0,0.0854
7642,3,2216.36,5576.56,0.415726,9.00940989062886e-05,1.071436,747.4,0.0856
7643,3,2216.55,5576.04,0.469125,9.009023924890609e-05,1.188691,754.8,0.0848
7644,3,2216.75,5575.52,0.370041,9.00863789233835e-05,0.880104,747.6,0.0856
7645,3,2216.95,5575.0,0.488442,9.0082517929786e-05,1.283258,750.5,0.0853
7646,3,2217.15,5574.49,0.51262,9.007865626817873e-05,1.165586,701.7,0.0912
7647,3,2217.35,5573.96,0.472154,9.007479393862684e-05,1.201767,733.5,0.0873
7648,3,2217.54,5573.44,0.43559,9.007093094119557e-05,1.392584,752.7,0.085
7649,3,2217.74,5572.91,0.435158,9.006706727595007e-05,1.618848,754.4,0.0848
7650,3,2217.94,5572.4,0.480786,9.006320294295557e-05,1.458835,727.1,0.088
7651,3,2218.14,5571.88,0.41216,9.005933794227727e-05,1.118667,720.2,0.0889
7652,3,2218.34,5571.36,0.409117,9.005547227398038e-05,0.968648,722.2,0.0886
7653,3,2218.53,5570.83,0.536955,9.005160593813019e-05,1.434474,750.7,0.0853
7654,3,2218.73,5570.31,0.464568,9.004773893479191e-05,1.183833,754.8,0.0848
7655,3,2218.93,5569.79,0.460639,9.00438712640308e-05,1.39623,735.1,0.0871
7656,3,2219.14,5569.29,0.457734,9.004000292591216e-05,1.34104,690.3,0.0927
7657,3,2219.34,5568.78,0.4782,9.003613392050124e-05,1.058439,678.0,0.0944
7658,3,2219.53,5568.25,0.352296,9.003226424786336e-05,1.129525,695.1,0.0921
7659,3,2219.73,5567.73,0.473346,9.002839390806383e-05,1.290033,719.9,0.0889
7660,3,2219.93,5567.2,0.458466,9.002452290116793e-05,1.388928,736.6,0.0869
7661,3,2220.12,5566.68,0.28135,9.002065122724102e-05,1.014514,773.0,0.0828
7662,3,2220.32,5566.17,0.476025,9.001677888634843e-05,1.711277,720.8,0.0888
7663,3,2220.52,5565.64,0.317631,9.001290587855551e-05,0.961959,780.6,0.082
7664,3,2220.72,5565.13,0.410969,9.000903220392762e-05,1.447948,727.8,0.0879
7665,3,2220.92,5564.61,0.349503,9.000515786253015e-05,1.132689,729.7,0.0877
7666,3,2221.11,5564.08,0.483708,9.000128285442846e-05,1.420734,754.8,0.0848
7667,3,2221.31,5563.57,0.454302,8.9997407179688e-05,1.491244,723.0,0.0885
7668,3,2221.5,5563.03,0.472988,8.999353083837412e-05,1.613047,769.2,0.0832
7669,3,2221.71,5562.52,0.296938,8.998965383055224e-05,1.304681,727.5,0.088
7670,3,2221.9,5561.99,0.420277,8.998577615628781e-05,1.289428,758.2,0.0844
7671,3,2222.1,5561.48,0.513367,8.99818978156463e-05,1.737071,741.1,0.0864
7672,3,2222.3,5560.96,0.534256,8.99780188086931e-05,1.568232,754.2,0.0849
7673,3,2222.49,5560.43,0.417865,8.997413913549371e-05,1.359681,752.6,0.085
7674,3,2222.69,5559.91,0.406125,8.99702587961136e-05,1.337434,757.0,0.0845
7675,3,2222.89,5559.41,0.412258,8.996637779061826e-05,1.505258,702.2,0.0911
7676,3,2223.09,5558.88,0.472589,8.996249611907315e-05,1.563702,719.4,0.089
7677,3,2223.29,5558.36,0.369854,8.995861378154384e-05,0.997736,742.4,0.0862
7678,3,2223.48,5557.84,0.383542,8.995473077809583e-05,1.330814,756.6,0.0846
7679,3,2223.68,5557.33,0.547965,8.995084710879463e-05,1.41318,721.1,0.0887
7680,3,2223.89,5556.82,0.478788,8.994696277370578e-05,1.678279,690.6,0.0927
7681,3,2224.08,5556.3,0.431421,8.994307777289487e-05,1.275882,745.1,0.0859
7682,3,2224.28,5555.78,0.385363,8.993919210642743e-05,1.032211,738.4,0.0867
7683,3,2224.48,5555.27,0.567102,8.993530577436904e-05,1.693801,736.4,0.0869
7684,3,2224.69,5554.77,0.489997,8.99314187767853e-05,1.303603,690.3,0.0927
7685,3,2224.88,5554.23,0.376431,8.992753111374181e-05,0.994986,754.4,0.0848
7686,3,2225.08,5553.72,0.491221,8.992364278530416e-05,1.045232,704.6,0.0908
7687,3,2225.27,5553.19,0.530705,8.9919753791538e-05,1.574459,749.6,0.0854
7688,3,2225.48,5552.69,0.422588,8.991586413250894e-05,1.055834,710.7,0.0901
7689,3,2225.67,5552.15,0.378228,8.991197380828263e-05,1.315182,763.8,0.0838
7690,3,2225.87,5551.64,0.462301,8.990808281892471e-05,1.369362,757.3,0.0845
7691,3,2226.06,5551.12,0.345493,8.990419116450088e-05,1.156791,750.6,0.0853
7692,3,2226.27,5550.61,0.452123,8.990029884507678e-05,1.591964,731.4,0.0875
7693,3,2226.47,5550.1,0.317663,8.989640586071813e-05,1.136007,707.9,0.0904
7694,3,2226.66,5549.57,0.431991,8.989251221149063e-05,1.301347,757.4,0.0845
7695,3,2226.86,5549.06,0.472045,8.988861789745995e-05,1.387679,734.1,0.0872
7696,3,2227.06,5548.54,0.384389,8.988472291869185e-05,1.60997,714.1,0.0896
7697,3,2227.25,5548.01,0.400282,8.988082727525206e-05,1.53612,765.4,0.0836
7698,3,2227.45,5547.5,0.377347,8.98769309672063e-05,0.97491,734.8,0.0871
7699,3,2227.65,5546.99,0.410968,8.987303399462035e-05,1.443442,714.1,0.0896
7700,3,2227.85,5546.47,0.44998,8.986913635755996e-05,1.853269,719.3,0.089
7701,3,2228.05,5545.97,0.314908,8.986523805609089e-05,1.455643,713.6,0.0897
7702,3,2228.24,5545.44,0.427658,8.9861339090279e-05,1.954116,762.5,0.0839
7703,3,2228.44,5544.92,0.422911,8.985743946019003e-05,1.971773,761.5,0.084
7704,3,2228.64,5544.4,0.435314,8.98535391658898e-05,1.456024,761.2,0.0841
7705,3,2228.84,5543.89,0.386131,8.984963820744414e-05,1.90372,712.0,0.0899
7706,3,2229.03,5543.36,0.38074,8.984573658491889e-05,1.724302,761.9,0.084
7707,3,2229.23,5542.85,0.3749,8.984183429837988e-05,1.30585,755.4,0.0847
7708,3,2229.43,5542.33,0.479627,8.983793134789299e-05,2.35765,760.1,0.0842
7709,3,2229.62,5541.81,0.462165,8.983402773352405e-05,1.526487,778.4,0.0822
7710,3,2229.83,5541.31,0.596147,8.983012345533897e-05,2.146617,710.8,0.09
7711,3,2230.02,5540.78,0.542638,8.982621851340364e-05,2.211078,754.6,0.0848
7712,3,2230.22,5540.26,0.440557,8.982231290778396e-05,2.263578,765.9,0.0836
7713,3,2230.42,5539.75,0.477354,8.981840663854583e-05,1.401255,729.6,0.0877
7714,3,2230.61,5539.23,0.45068,8.981449970575517e-05,0.990327,750.1,0.0853
7715,3,2230.81,5538.71,0.568714,8.981059210947794e-05,1.925083,743.6,0.0861
7716,3,2231.01,5538.19,0.420988,8.980668384978005e-05,1.367975,762.5,0.0839
7717,3,2231.21,5537.68,0.376624,8.980277492672749e-05,1.101583,735.6,0.087
7718,3,2231.4,5537.16,0.498882,8.979886534038622e-05,1.296538,750.6,0.0853
7719,3,2231.6,5536.64,0.485257,8.979495509082221e-05,1.303269,750.7,0.0853
7720,3,2231.8,5536.13,0.449234,8.979104417810145e-05,0.991245,725.8,0.0882
7721,3,2231.99,5535.61,0.610241,8.978713260228995e-05,1.489352,772.4,0.0829
7722,3,2232.19,5535.1,0.480776,8.978322036345374e-05,1.007371,763.2,0.0839
7723,3,2232.39,5534.58,0.47406,8.977930746165882e-05,1.173439,775.8,0.0825
7724,3,2232.59,5534.08,0.35791,8.977539389697123e-05,0.926247,719.5,0.0889
7725,3,2232.79,5533.56,0.438343,8.977147966945703e-05,1.177328,725.5,0.0882
7726,3,2232.98,5533.03,0.437797,8.976756477918227e-05,1.016548,755.7,0.0847
7727,3,2233.18,5532.52,0.485242,8.9763649226213e-05,1.135188,744.8,0.0859
7728,3,2233.37,5532.0,0.471847,8.975973301061532e-05,1.084784,767.8,0.0834
7729,3,2233.57,5531.48,0.40539,8.975581613245533e-05,1.035415,762.9,0.0839
7730,3,2233.77,5530.97,0.499667,8.97518985917991e-05,1.147486,735.8,0.087
7731,3,2233.97,5530.45,0.430781,8.974798038871279e-05,1.147116,759.9,0.0842
7732,3,2234.16,5529.93,0.488365,8.974406152326248e-05,1.360533,756.3,0.0846
7733,3,2234.36,5529.42,0.441118,8.974014199551434e-05,1.329791,765.3,0.0836
7734,3,2234.56,5528.91,0.617619,8.973622180553449e-05,1.613376,737.2,0.0868
7735,3,2234.76,5528.39,0.385933,8.973230095338911e-05,1.338769,742.9,0.0862
7736,3,2234.96,5527.88,0.497138,8.972837943914436e-05,1.332367,734.5,0.0871
7737,3,2235.15,5527.36,0.419191,8.972445726286643e-05,1.017102,779.4,0.0821
7738,3,2235.35,5526.85,0.306212,8.97205344246215e-05,1.00824,754.0,0.0849
7739,3,2235.55,5526.33,0.401096,8.971661092447578e-05,1.081596,766.5,0.0835
7740,3,2235.75,5525.81,0.455092,8.971268676249548e-05,1.123177,767.5,0.0834
7741,3,2235.94,5525.31,0.404375,8.970876193874684e-05,1.893906,768.5,0.0833
7742,3,2236.14,5524.79,0.467059,8.970483645329608e-05,1.448079,761.5,0.084
7743,3,2236.34,5524.29,0.457857,8.970091030620944e-05,1.276481,746.7,0.0857
7744,3,2236.54,5523.77,0.416806,8.969698349755322e-05,1.950873,742.0,0.0863
7745,3,2236.74,5523.26,0.531253,8.969305602739365e-05,1.404444,750.5,0.0853
7746,3,2236.94,5522.75,0.527735,8.968912789579702e-05,1.598949,735.9,0.087
7747,3,2237.14,5522.25,0.399848,8.968519910282963e-05,1.727347,713.9,0.0896
7748,3,2237.34,5521.74,0.406531,8.968126964855779e-05,1.806859,701.3,0.0913
7749,3,2237.54,5521.22,0.406741,8.96773395330478e-05,1.31616,723.4,0.0885
7750,3,2237.74,5520.71,0.446635,8.9673408756366e-05,1.099721,709.1,0.0903
7751,3,2237.93,5520.19,0.450662,8.966947731857869e-05,1.365754,739.6,0.0865
7752,3,2238.13,5519.68,0.373527,8.966554521975227e-05,1.102942,723.0,0.0885
7753,3,2238.33,5519.16,0.343085,8.966161245995308e-05,1.0301,727.9,0.0879
7754,3,2238.52,5518.65,0.513358,8.965767903924748e-05,1.422315,733.9,0.0872
7755,3,2238.72,5518.13,0.358139,8.965374495770187e-05,1.318816,747.4,0.0856
7756,3,2238.92,5517.63,0.497359,8.964981021538264e-05,1.429472,716.1,0.0894
7757,3,2239.11,5517.11,0.354876,8.964587481235618e-05,1.485811,748.5,0.0855
7758,3,2239.31,5516.59,0.494826,8.964193874868891e-05,1.470647,755.2,0.0848
7759,3,2239.51,5516.08,0.398652,8.963800202444726e-05,1.133896,747.8,0.0856
7760,3,2239.71,5515.57,0.456581,8.963406463969766e-05,1.391526,740.5,0.0864
7761,3,2239.91,5515.07,0.642877,8.963012659450659e-05,1.946773,727.3,0.088
7762,3,2240.1,5514.55,0.38413,8.962618788894046e-05,1.171493,769.3,0.0832
7763,3,2240.3,5514.03,0.492904,8.962224852306579e-05,1.630489,754.7,0.0848
7764,3,2240.5,5513.52,0.41341,8.961830849694902e-05,1.402157,770.7,0.083
7765,3,2240.7,5513.01,0.355172,8.961436781065669e-05,1.07282,731.7,0.0875
7766,3,2240.89,5512.49,0.474558,8.961042646425526e-05,1.772334,771.6,0.0829
7767,3,2241.09,5511.98,0.388758,8.960648445781125e-05,1.206535,751.1,0.0852
7768,3,2241.29,5511.48,0.572604,8.960254179139121e-05,1.564003,720.8,0.0888
7769,3,2241.48,5510.95,0.370651,8.959859846506168e-05,1.365596,772.1,0.0829
7770,3,2241.68,5510.44,0.383458,8.959465447888917e-05,1.380338,764.4,0.0837
7771,3,2241.89,5509.94,0.433356,8.95907098329403e-05,1.326398,709.5,0.0902
7772,3,2242.08,5509.43,0.355232,8.95867645272816e-05,1.099463,726.6,0.0881
7773,3,2242.28,5508.91,0.401964,8.958281856197964e-05,1.455393,759.8,0.0842
7774,3,2242.47,5508.4,0.457505,8.957887193710106e-05,2.226382,759.5,0.0843
7775,3,2242.68,5507.9,0.509627,8.957492465271242e-05,1.766233,720.0,0.0889
7776,3,2242.87,5507.37,0.420553,8.957097670888037e-05,1.777058,774.6,0.0826
7777,3,2243.07,5506.88,0.439792,8.956702810567151e-05,1.40019,713.3,0.0897
7778,3,2243.27,5506.37,0.501234,8.956307884315249e-05,1.62734,685.0,0.0934
7779,3,2243.46,5505.85,0.590465,8.955912892138996e-05,1.603752,743.7,0.0861
7780,3,2243.66,5505.34,0.383889,8.95551783404506e-05,1.271738,743.7,0.0861
7781,3,2243.86,5504.84,0.405474,8.955122710040105e-05,1.459882,750.2,0.0853
7782,3,2244.06,5504.33,0.487125,8.9547275201308e-05,1.487116,744.3,0.086
7783,3,2244.26,5503.82,0.457825,8.954332264323816e-05,1.153657,733.9,0.0872
7784,3,2244.46,5503.31,0.570329,8.953936942625822e-05,1.403854,750.6,0.0853
7785,3,2244.66,5502.81,0.381276,8.953541555043489e-05,1.254317,737.4,0.0868
7786,3,2244.86,5502.3,0.536917,8.95314610158349e-05,1.374699,747.1,0.0857
7787,3,2245.06,5501.8,0.43205,8.952750582252499e-05,1.193894,711.2,0.09
7788,3,2245.26,5501.28,0.41215,8.952354997057194e-05,1.006331,754.6,0.0848
7789,3,2245.46,5500.79,0.445595,8.951959346004247e-05,1.417104,699.0,0.0916
7790,3,2245.65,5500.27,0.421115,8.951563629100337e-05,0.876896,746.7,0.0857
7791,3,2245.85,5499.76,0.445372,8.951167846352141e-05,1.440092,740.0,0.0865
7792,3,2246.05,5499.25,0.472031,8.950771997766338e-05,1.127629,732.6,0.0874
7793,3,2246.25,5498.74,0.476271,8.950376083349611e-05,1.672968,752.5,0.0851
7794,3,2246.45,5498.24,0.395213,8.94998010310864e-05,1.631763,715.9,0.0894
7795,3,2246.65,5497.74,0.379583,8.949584057050109e-05,1.39381,701.8,0.0912
7796,3,2246.86,5497.24,0.464609,8.9491879451807e-05,1.294796,672.4,0.0952
7797,3,2247.05,5496.72,0.427907,8.948791767507099e-05,1.447336,739.6,0.0865
7798,3,2247.24,5496.21,0.404926,8.948395524035991e-05,1.476419,762.0,0.084
7799,3,2247.44,5495.7,0.413985,8.947999214774066e-05,1.688927,744.5,0.086
7800,3,2247.64,5495.2,0.351647,8.94760283972801e-05,1.398729,726.6,0.0881
7801,3,2277.12,5566.27,0.42356,8.947206398904511e-05,1.703767,764.5,0.0837
7802,3,2277.32,5565.74,0.472635,8.946809892310262e-05,1.614365,761.2,0.0841
7803,3,2277.52,5565.22,0.366602,8.946413319951954e-05,1.669309,729.7,0.0877
7804,3,2277.71,5564.69,0.352911,8.94601668183628e-05,1.746173,745.9,0.0858
7805,3,2277.91,5564.16,0.485069,8.945619977969933e-05,1.820638,758.9,0.0843
7806,3,2278.1,5563.64,0.370501,8.945223208359606e-05,1.217066,742.3,0.0862
7807,3,2278.3,5563.11,0.309634,8.944826373011998e-05,1.358221,787.3,0.0813
7808,3,2278.5,5562.6,0.489535,8.944429471933805e-05,1.920682,724.9,0.0883
7809,3,2278.69,5562.06,0.452902,8.944032505131727e-05,2.073016,777.2,0.0823
7810,3,2278.89,5561.53,0.47178,8.943635472612463e-05,2.125887,777.7,0.0823
7811,3,2279.09,5561.02,0.389349,8.943238374382713e-05,2.112397,744.9,0.0859
7812,3,2279.28,5560.49,0.535565,8.942841210449175e-05,1.840678,777.5,0.0823
7813,3,2279.48,5559.97,0.606747,8.942443980818555e-05,1.77924,754.2,0.0849
7814,3,2279.68,5559.45,0.448545,8.942046685497558e-05,2.256745,755.4,0.0847
7815,3,2279.87,5558.93,0.434596,8.941649324492888e-05,1.539941,746.1,0.0858
7816,3,2280.07,5558.41,0.447965,8.941251897811248e-05,1.46604,722.4,0.0886
7817,3,2280.27,5557.89,0.422135,8.940854405459349e-05,1.418014,720.2,0.0889
7818,3,2280.46,5557.36,0.425365,8.940456847443898e-05,1.474091,765.4,0.0836
7819,3,2280.66,5556.83,0.435002,8.940059223771604e-05,1.282757,779.4,0.0821
7820,3,2280.86,5556.31,0.388615,8.939661534449176e-05,1.154307,751.8,0.0851
7821,3,2281.06,5555.81,0.388522,8.939263779483328e-05,0.94938,726.2,0.0881
7822,3,2281.25,5555.27,0.419513,8.938865958880773e-05,1.347341,777.0,0.0824
7823,3,2281.45,5554.75,0.398127,8.938468072648223e-05,1.127721,749.7,0.0854
7824,3,2281.65,5554.22,0.394011,8.938070120792393e-05,1.638741,766.2,0.0835
7825,3,2281.84,5553.7,0.599453,8.937672103320002e-05,1.392258,759.4,0.0843
7826,3,2282.04,5553.19,0.514338,8.937274020237763e-05,1.430721,742.9,0.0862
7827,3,2282.24,5552.66,0.406216,8.936875871552396e-05,1.261835,766.8,0.0835
7828,3,2282.44,5552.15,0.430913,8.93647765727062e-05,1.29604,736.3,0.0869
7829,3,2282.64,5551.63,0.461747,8.936079377399154e-05,1.46196,741.3,0.0863
7830,3,2282.84,5551.13,0.372682,8.93568103194472e-05,1.345661,683.8,0.0936
7831,3,2283.03,5550.59,0.406777,8.935282620914044e-05,1.615033,753.5,0.0849
7832,3,2283.23,5550.07,0.376831,8.934884144313847e-05,1.085631,768.6,0.0833
7833,3,2283.43,5549.56,0.426171,8.934485602150855e-05,1.303837,731.7,0.0875
7834,3,2283.63,5549.03,0.482977,8.934086994431793e-05,1.587406,745.8,0.0858
7835,3,2283.83,5548.52,0.524704,8.933688321163386e-05,1.658522,757.3,0.0845
7836,3,2284.03,5548.01,0.408413,8.933289582352367e-05,2.114758,719.9,0.0889
7837,3,2284.23,5547.49,0.424869,8.932890778005461e-05,1.314318,709.8,0.0902
7838,3,2284.42,5546.97,0.429502,8.932491908129402e-05,1.505186,730.6,0.0876
7839,3,2284.62,5546.44,0.452326,8.932092972730918e-05,1.900206,750.7,0.0853
7840,3,2284.82,5545.93,0.408448,8.931693971816744e-05,1.762829,715.1,0.0895
7841,3,2285.02,5545.42,0.410175,8.931294905393612e-05,1.413347,736.7,0.0869
7842,3,2285.22,5544.9,0.444233,8.930895773468258e-05,1.414557,734.4,0.0871
7843,3,2285.41,5544.38,0.409607,8.930496576047418e-05,1.571543,756.0,0.0847
7844,3,2285.61,5543.86,0.437678,8.930097313137827e-05,2.150615,744.0,0.086
7845,3,2285.81,5543.34,0.562374,8.929697984746225e-05,1.969689,754.2,0.0849
7846,3,2286.01,5542.82,0.491812,8.929298590879351e-05,1.872827,763.5,0.0838
7847,3,2286.21,5542.31,0.390097,8.928899131543946e-05,1.179746,724.1,0.0884
7848,3,2286.4,5541.79,0.419327,8.92849960674675e-05,1.350841,751.1,0.0852
7849,3,2286.6,5541.28,0.405658,8.928100016494507e-05,1.358386,728.0,0.0879
7850,3,2286.8,5540.75,0.464204,8.92770036079396e-05,1.360906,744.0,0.086
7851,3,2287.0,5540.24,0.413116,8.927300639651853e-05,2.219974,702.2,0.0911
7852,3,2287.19,5539.71,0.51177,8.926900853074932e-05,1.466483,749.8,0.0854
7853,3,2287.39,5539.19,0.411982,8.926501001069944e-05,1.313075,746.5,0.0857
7854,3,2287.59,5538.69,0.440748,8.926101083643637e-05,1.490543,706.3,0.0906
7855,3,2287.79,5538.16,0.397523,8.925701100802762e-05,1.378407,751.0,0.0852
7856,3,2287.99,5537.65,0.495349,8.925301052554068e-05,1.661522,717.7,0.0892
7857,3,2288.18,5537.13,0.441126,8.924900938904305e-05,1.489929,725.4,0.0882
7858,3,2288.38,5536.61,0.390295,8.924500759860227e-05,1.170116,747.0,0.0857
7859,3,2288.58,5536.1,0.445806,8.924100515428586e-05,2.126621,716.8,0.0893
7860,3,2288.78,5535.59,0.416056,8.923700205616139e-05,1.282008,707.4,0.0905
7861,3,2288.98,5535.06,0.469732,8.923299830429641e-05,1.53607,757.1,0.0845
7862,3,2289.17,5534.55,0.38651,8.922899389875847e-05,1.355181,750.0,0.0853
7863,3,2289.37,5534.03,0.351928,8.922498883961517e-05,1.018651,746.6,0.0857
7864,3,2289.57,5533.51,0.417401,8.92209831269341e-05,1.483537,768.7,0.0833
7865,3,2289.77,5533.01,0.496025,8.921697676078286e-05,1.259041,704.6,0.0908
7866,3,2289.96,5532.48,0.468338,8.921296974122906e-05,1.305017,767.3,0.0834
7867,3,2290.17,5531.98,0.42879,8.920896206834032e-05,1.417569,714.3,0.0896
7868,3,2290.36,5531.45,0.415229,8.920495374218429e-05,1.246141,745.9,0.0858
7869,3,2290.56,5530.94,0.521418,8.92009447628286e-05,1.714589,709.4,0.0902
7870,3,2290.76,5530.42,0.399553,8.919693513034092e-05,1.756305,739.7,0.0865
7871,3,2290.96,5529.91,0.433215,8.919292484478891e-05,1.14079,738.4,0.0867
7872,3,2291.16,5529.4,0.542822,8.918891390624025e-05,1.193853,704.6,0.0908
7873,3,2291.36,5528.88,0.486395,8.918490231476264e-05,1.180207,716.4,0.0893
7874,3,2291.56,5528.37,0.418162,8.918089007042376e-05,1.524839,691.6,0.0925
7875,3,2291.76,5527.86,0.408679,8.917687717329133e-05,1.211051,690.5,0.0927
7876,3,2291.95,5527.32,0.425924,8.917286362343307e-05,1.714889,756.8,0.0846
7877,3,2292.14,5526.81,0.422273,8.916884942091674e-05,1.194707,761.1,0.0841
7878,3,2292.34,5526.29,0.366248,8.916483456581006e-05,1.197645,761.6,0.084
7879,3,2292.54,5525.77,0.361684,8.91608190581808e-05,1.746988,765.2,0.0836
7880,3,2292.74,5525.27,0.429354,8.91568028980967e-05,1.149392,711.0,0.09
7881,3,2292.94,5524.75,0.449394,8.915278608562558e-05,1.494235,751.2,0.0852
7882,3,2293.14,5524.24,0.372352,8.91487686208352e-05,1.211733,743.8,0.086
7883,3,2293.34,5523.74,0.388047,8.914475050379336e-05,1.137719,712.2,0.0899
7884,3,2293.53,5523.21,0.500268,8.914073173456791e-05,1.231541,762.6,0.0839
7885,3,2293.73,5522.7,0.374469,8.913671231322663e-05,0.983714,719.1,0.089
7886,3,2293.93,5522.18,0.587303,8.913269223983735e-05,1.686792,752.3,0.0851
7887,3,2294.12,5521.66,0.443559,8.912867151446794e-05,1.651791,747.6,0.0856
7888,3,2294.33,5521.16,0.365178,8.912465013718623e-05,1.54522,701.8,0.0912
7889,3,2294.52,5520.63,0.423383,8.912062810806011e-05,1.894989,757.6,0.0845
7890,3,2294.72,5520.12,0.515995,8.911660542715746e-05,1.678157,728.0,0.0879
7891,3,2294.92,5519.61,0.518676,8.911258209454614e-05,1.308121,702.6,0.0911
7892,3,2295.11,5519.08,0.439907,8.910855811029407e-05,1.418044,749.5,0.0854
7893,3,2295.31,5518.58,0.407682,8.910453347446916e-05,1.589835,714.4,0.0896
7894,3,2295.51,5518.06,0.426217,8.910050818713933e-05,1.531196,726.8,0.0881
7895,3,2295.7,5517.54,0.305346,8.90964822483725e-05,0.916483,737.7,0.0868
7896,3,2295.9,5517.02,0.291601,8.909245565823664e-05,1.491493,757.7,0.0845
7897,3,2296.1,5516.51,0.484465,8.908842841679967e-05,1.576768,748.4,0.0855
7898,3,2296.3,5516.0,0.530689,8.90844005241296e-05,1.864016,736.0,0.087
7899,3,2296.49,5515.47,0.5328,8.908037198029435e-05,2.07828,761.9,0.084
7900,3,2296.69,5514.96,0.484561,8.907634278536194e-05,1.494986,742.5,0.0862
7901,3,2296.89,5514.46,0.508783,8.907231293940038e-05,1.458205,713.4,0.0897
7902,3,2297.09,5513.94,0.416746,8.906828244247763e-05,1.162093,726.7,0.0881
7903,3,2297.28,5513.43,0.435861,8.906425129466177e-05,1.21553,724.3,0.0884
7904,3,2297.48,5512.9,0.494935,8.90602194960208e-05,1.205935,768.2,0.0833
7905,3,2297.68,5512.39,0.500599,8.905618704662277e-05,1.317568,754.7,0.0848
7906,3,2297.87,5511.86,0.397216,8.905215394653572e-05,1.177974,781.9,0.0819
7907,3,2298.07,5511.35,0.424871,8.904812019582773e-05,1.235676,767.0,0.0834
7908,3,2298.27,5510.85,0.517125,8.904408579456687e-05,1.745935,716.2,0.0894
7909,3,2298.46,5510.32,0.392891,8.904005074282123e-05,1.756098,766.9,0.0835
7910,3,2298.66,5509.82,0.345339,8.90360150406589e-05,1.131828,736.6,0.0869
7911,3,2298.86,5509.3,0.446992,8.903197868814799e-05,1.474918,752.5,0.085
7912,3,2299.06,5508.79,0.480471,8.902794168535662e-05,1.219295,728.4,0.0879
7913,3,2299.26,5508.28,0.378015,8.90239040323529e-05,1.051914,732.7,0.0874
7914,3,2299.45,5507.76,0.379168,8.901986572920501e-05,1.296631,742.7,0.0862
7915,3,2299.65,5507.25,0.403941,8.901582677598108e-05,1.237565,734.0,0.0872
7916,3,2299.85,5506.74,0.462486,8.901178717274927e-05,1.914659,720.9,0.0888
7917,3,2300.05,5506.22,0.42172,8.900774691957777e-05,1.559039,725.7,0.0882
7918,3,2300.24,5505.7,0.466018,8.900370601653476e-05,1.704898,768.3,0.0833
7919,3,2300.44,5505.18,0.499011,8.899966446368842e-05,1.624448,763.4,0.0838
7920,3,2300.64,5504.69,0.395958,8.899562226110698e-05,1.653823,707.7,0.0904
7921,3,2300.83,5504.17,0.503103,8.899157940885862e-05,1.855963,752.9,0.085
7922,3,2301.03,5503.65,0.363241,8.89875359070116e-05,1.139854,739.3,0.0866
7923,3,2301.23,5503.14,0.364819,8.898349175563416e-05,2.124818,744.6,0.086
7924,3,2301.43,5502.65,0.540261,8.897944695479455e-05,1.68955,691.6,0.0925
7925,3,2301.63,5502.13,0.395696,8.897540150456101e-05,1.671523,717.9,0.0892
7926,3,2301.83,5501.61,0.366526,8.897135540500184e-05,1.227056,726.2,0.0881
7927,3,2302.02,5501.1,0.466821,8.89673086561853e-05,1.745786,732.4,0.0874
7928,3,2302.22,5500.59,0.4675,8.89632612581797e-05,2.395466,725.0,0.0883
7929,3,2302.42,5500.07,0.414888,8.895921321105336e-05,1.65334,731.9,0.0874
7930,3,2302.62,5499.56,0.438773,8.895516451487456e-05,1.800136,727.3,0.088
7931,3,2302.81,5499.04,0.451338,8.895111516971164e-05,1.373754,748.5,0.0855
7932,3,2303.01,5498.54,0.351197,8.894706517563296e-05,1.380684,707.9,0.0904
7933,3,2303.2,5498.02,0.631911,8.894301453270684e-05,2.003738,734.4,0.0871
7934,3,2303.4,5497.5,0.45556,8.893896324100166e-05,1.583553,774.2,0.0827
7935,3,2303.6,5496.99,0.544958,8.893491130058579e-05,1.895298,760.4,0.0842
7936,3,2303.79,5496.48,0.479925,8.893085871152759e-05,1.640326,744.4,0.086
7937,3,2303.99,5495.96,0.383118,8.892680547389548e-05,1.180666,758.0,0.0844
7938,3,2304.19,5495.46,0.354951,8.892275158775785e-05,1.459109,730.5,0.0876
7939,3,2304.38,5494.93,0.468687,8.891869705318312e-05,1.24806,768.6,0.0833
7940,3,2304.58,5494.42,0.586303,8.891464187023972e-05,1.611521,769.0,0.0832
7941,3,2304.79,5493.93,0.502571,8.891058603899607e-05,1.586556,717.5,0.0892
7942,3,2304.98,5493.4,0.434565,8.890652955952063e-05,1.422606,768.3,0.0833
7943,3,2305.18,5492.9,0.408133,8.890247243188185e-05,1.998461,735.5,0.087
7944,3,2305.38,5492.4,0.488213,8.889841465614822e-05,1.610485,705.4,0.0907
7945,3,2305.58,5491.89,0.458554,8.88943562323882e-05,1.323213,718.5,0.0891
7946,3,2305.77,5491.37,0.432781,8.889029716067028e-05,1.19975,729.2,0.0878
7947,3,2305.97,5490.85,0.443843,8.8886237441063e-05,1.506818,761.5,0.084
7948,3,2306.17,5490.35,0.368284,8.888217707363483e-05,1.656321,734.1,0.0872
7949,3,2306.36,5489.83,0.356875,8.887811605845432e-05,1.298581,747.3,0.0856
7950,3,2306.56,5489.33,0.368522,8.887405439558998e-05,1.273129,741.9,0.0863
7951,3,2306.76,5488.81,0.50341,8.886999208511037e-05,1.685585,771.5,0.083
7952,3,2306.96,5488.31,0.485604,8.886592912708405e-05,1.584427,722.7,0.0886
7953,3,2307.15,5487.79,0.40998,8.886186552157958e-05,1.149727,747.0,0.0857
7954,3,2307.35,5487.28,0.451785,8.885780126866556e-05,1.600951,733.9,0.0872
7955,3,2307.55,5486.78,0.473672,8.885373636841055e-05,1.481493,727.2,0.088
7956,3,2307.74,5486.25,0.459878,8.884967082088318e-05,1.346428,768.3,0.0833
7957,3,2307.94,5485.74,0.31972,8.884560462615205e-05,1.052187,770.3,0.0831
7958,3,2308.13,5485.23,0.430799,8.884153778428576e-05,1.35006,774.2,0.0827
7959,3,2308.33,5484.72,0.432637,8.883747029535297e-05,1.716999,743.6,0.0861
7960,3,2308.53,5484.21,0.420239,8.883340215942232e-05,1.436189,738.4,0.0867
7961,3,2308.73,5483.71,0.344434,8.882933337656247e-05,1.345982,736.3,0.0869
7962,3,2308.93,5483.2,0.45944,8.882526394684208e-05,1.327968,728.0,0.0879
7963,3,2309.12,5482.68,0.461171,8.882119387032982e-05,1.719222,736.4,0.0869
7964,3,2309.32,5482.16,0.357473,8.881712314709438e-05,1.629772,759.8,0.0842
7965,3,2309.52,5481.66,0.495076,8.881305177720446e-05,1.41897,738.3,0.0867
7966,3,2309.71,5481.14,0.401541,8.880897976072879e-05,1.387826,762.7,0.0839
7967,3,2309.91,5480.64,0.388322,8.880490709773606e-05,1.741883,723.7,0.0884
7968,3,2310.1,5480.12,0.304619,8.880083378829503e-05,1.48222,757.7,0.0845
7969,3,2310.3,5479.61,0.438733,8.879675983247444e-05,1.59927,740.7,0.0864
7970,3,2310.5,5479.1,0.463881,8.879268523034302e-05,2.073445,752.4,0.0851
7971,3,2310.69,5478.58,0.451794,8.878860998196955e-05,1.795595,775.1,0.0826
7972,3,2310.89,5478.08,0.341298,8.878453408742282e-05,1.257297,733.4,0.0873
7973,3,2311.09,5477.56,0.307805,8.878045754677158e-05,1.812609,766.6,0.0835
7974,3,2311.28,5477.05,0.496814,8.877638036008463e-05,1.660194,772.5,0.0828
7975,3,2311.48,5476.54,0.467792,8.877230252743081e-05,1.603098,779.5,0.0821
7976,3,2311.68,5476.03,0.481193,8.876822404887895e-05,1.450166,772.5,0.0828
7977,3,2311.87,5475.52,0.422968,8.876414492449782e-05,1.058778,773.1,0.0828
7978,3,2312.07,5475.01,0.506521,8.876006515435633e-05,1.946552,764.3,0.0837
7979,3,2312.27,5474.51,0.414227,8.875598473852327e-05,1.713894,723.0,0.0885
7980,3,2312.46,5473.99,0.364198,8.875190367706753e-05,1.439539,764.8,0.0837
7981,3,2312.67,5473.5,0.485881,8.874782197005799e-05,1.506142,733.4,0.0873
7982,3,2312.86,5472.99,0.556595,8.874373961756352e-05,1.553109,737.0,0.0868
7983,3,2313.05,5472.46,0.467043,8.873965661965304e-05,1.584557,785.3,0.0815
7984,3,2313.26,5471.96,0.447634,8.873557297639544e-05,1.467331,739.0,0.0866
7985,3,2313.45,5471.45,0.462432,8.873148868785962e-05,1.524742,763.7,0.0838
7986,3,2313.64,5470.93,0.452642,8.872740375411453e-05,1.476753,776.5,0.0824
7987,3,2313.84,5470.43,0.383294,8.87233181752291e-05,1.19025,766.4,0.0835
7988,3,2314.05,5469.93,0.470145,8.871923195127229e-05,1.209451,719.8,0.0889
7989,3,2314.24,5469.42,0.338674,8.871514508231305e-05,1.104918,744.9,0.0859
7990,3,2314.44,5468.9,0.361428,8.871105756842037e-05,1.25958,773.8,0.0827
7991,3,2314.63,5468.39,0.402391,8.87069694096632e-05,1.043161,781.3,0.0819
7992,3,2314.83,5467.88,0.44538,8.870288060611054e-05,1.351641,779.9,0.0821
7993,3,2315.02,5467.37,0.38594,8.869879115783142e-05,1.31534,780.4,0.082
7994,3,2315.22,5466.86,0.424673,8.869470106489483e-05,1.171475,790.9,0.0809
7995,3,2315.42,5466.35,0.412842,8.869061032736983e-05,1.904738,782.8,0.0818
7996,3,2315.61,5465.84,0.489275,8.868651894532543e-05,1.49928,790.8,0.0809
7997,3,2315.81,5465.33,0.464224,8.868242691883068e-05,1.365638,776.4,0.0824
7998,3,2316.0,5464.82,0.330575,8.867833424795463e-05,1.37128,784.9,0.0815
7999,3,2316.2,5464.31,0.432252,8.867424093276636e-05,1.067862,786.9,0.0813
8000,3,2316.4,5463.8,0.357968,8.867014697333494e-05,1.514987,776.2,0.0825
8001,3,2316.64,5463.4,0.474401,8.866605236972948e-05,1.407246,769.2,0.0832
8002,3,2316.83,5462.89,0.507438,8.866195712201906e-05,1.510209,766.4,0.0835
8003,3,2317.03,5462.38,0.480727,8.865786123027284e-05,1.137665,785.0,0.0815
8004,3,2317.23,5461.87,0.436477,8.865376469455988e-05,1.330608,781.5,0.0819
8005,3,2317.42,5461.36,0.367191,8.864966751494935e-05,1.207423,772.0,0.0829
8006,3,2317.62,5460.85,0.546413,8.864556969151039e-05,1.696929,781.5,0.0819
8007,3,2317.82,5460.34,0.486523,8.864147122431216e-05,1.91461,766.4,0.0835
8008,3,2318.01,5459.83,0.496374,8.863737211342381e-05,1.949035,767.0,0.0834
8009,3,2318.21,5459.33,0.606004,8.863327235891455e-05,1.566868,767.2,0.0834
8010,3,2318.4,5458.81,0.44045,8.862917196085354e-05,1.370633,776.1,0.0825
8011,3,2318.6,5458.31,0.529026,8.862507091930999e-05,1.289533,757.2,0.0845
8012,3,2318.8,5457.8,0.472056,8.862096923435312e-05,1.164801,771.1,0.083
8013,3,2319.0,5457.29,0.399362,8.861686690605213e-05,1.178755,774.5,0.0826
8014,3,2319.19,5456.78,0.352657,8.861276393447628e-05,0.964524,774.8,0.0826
8015,3,2319.39,5456.28,0.413683,8.860866031969479e-05,0.91466,764.4,0.0837
8016,3,2319.59,5455.77,0.511117,8.860455606177691e-05,1.474262,765.4,0.0836
8017,3,2319.79,5455.27,0.469693,8.860045116079194e-05,1.042984,753.9,0.0849
8018,3,2319.98,5454.76,0.496889,8.859634561680913e-05,1.446979,784.1,0.0816
8019,3,2320.18,5454.25,0.450684,8.859223942989775e-05,1.232871,777.8,0.0823
8020,3,2320.37,5453.75,0.545828,8.858813260012714e-05,1.41692,762.1,0.084
8021,3,2320.57,5453.25,0.359714,8.858402512756658e-05,1.234539,781.2,0.0819
8022,3,2320.77,5452.74,0.433055,8.85799170122854e-05,1.34383,773.8,0.0827
8023,3,2320.97,5452.23,0.492511,8.857580825435292e-05,2.005995,767.8,0.0834
8024,3,2321.16,5451.73,0.427792,8.857169885383849e-05,1.455477,769.0,0.0832
8025,3,2321.36,5451.22,0.348966,8.856758881081145e-05,1.00368,761.8,0.084
8026,3,2321.56,5450.72,0.471739,8.856347812534117e-05,1.487145,756.9,0.0846
8027,3,2321.76,5450.22,0.364687,8.855936679749704e-05,0.967738,739.7,0.0865
8028,3,2321.96,5449.72,0.382042,8.855525482734843e-05,1.090596,738.8,0.0866
8029,3,2322.16,5449.22,0.437143,8.855114221496473e-05,1.158929,736.2,0.0869
8030,3,2322.36,5448.72,0.439989,8.854702896041534e-05,1.478444,729.9,0.0877
8031,3,2322.55,5448.2,0.336942,8.85429150637697e-05,1.299513,757.0,0.0845
8032,3,2322.75,5447.7,0.418107,8.853880052509723e-05,1.245948,738.7,0.0866
8033,3,2322.95,5447.2,0.354609,8.853468534446736e-05,1.660951,750.6,0.0853
8034,3,2323.14,5446.69,0.599234,8.853056952194955e-05,2.140686,761.7,0.084
8035,3,2323.34,5446.19,0.399997,8.852645305761323e-05,1.487365,765.6,0.0836
8036,3,2323.54,5445.68,0.544651,8.852233595152791e-05,1.865738,768.3,0.0833
8037,3,2323.73,5445.16,0.492574,8.851821820376305e-05,1.472956,787.5,0.0813
8038,3,2323.93,5444.67,0.399618,8.851409981438816e-05,1.40818,759.1,0.0843
8039,3,2324.13,5444.16,0.470647,8.850998078347272e-05,1.532715,749.3,0.0854
8040,3,2324.32,5443.66,0.490977,8.850586111108628e-05,1.894602,759.8,0.0842
8041,3,2324.53,5443.17,0.313389,8.850174079729831e-05,1.560843,737.6,0.0868
8042,3,2324.73,5442.67,0.39939,8.84976198421784e-05,1.187109,753.2,0.085
8043,3,2324.92,5442.16,0.385498,8.849349824579606e-05,1.187104,755.0,0.0848
8044,3,2325.12,5441.65,0.392152,8.848937600822087e-05,1.160804,773.3,0.0828
8045,3,2325.31,5441.15,0.355167,8.848525312952238e-05,1.151224,778.7,0.0822
8046,3,2325.51,5440.64,0.407381,8.848112960977018e-05,1.307641,767.9,0.0833
8047,3,2325.71,5440.13,0.608461,8.847700544903387e-05,1.693263,790.7,0.0809
8048,3,2325.9,5439.63,0.391178,8.847288064738304e-05,1.150416,779.8,0.0821
8049,3,2326.1,5439.13,0.508373,8.84687552048873e-05,1.878247,768.8,0.0832
8050,3,2326.3,5438.62,0.450991,8.846462912161628e-05,1.173956,785.8,0.0814
8051,3,2326.49,5438.11,0.535194,8.846050239763961e-05,1.865353,782.6,0.0818
8052,3,2326.69,5437.61,0.465235,8.845637503302693e-05,1.495052,780.7,0.082
8053,3,2326.88,5437.1,0.549048,8.84522470278479e-05,1.615552,777.1,0.0824
8054,3,2327.08,5436.6,0.465261,8.844811838217218e-05,1.392061,766.5,0.0835
8055,3,2327.28,5436.09,0.321563,8.844398909606945e-05,1.093673,784.8,0.0815
8056,3,2327.47,5435.58,0.384859,8.843985916960941e-05,1.271807,784.0,0.0816
8057,3,2327.67,5435.07,0.551381,8.843572860286174e-05,1.883794,784.5,0.0816
8058,3,2327.86,5434.57,0.565741,8.843159739589615e-05,1.779124,772.1,0.0829
8059,3,2328.06,5434.06,0.427171,8.842746554878236e-05,1.425281,781.7,0.0819
8060,3,2328.26,5433.56,0.503289,8.842333306159011e-05,1.390935,783.3,0.0817
8061,3,2328.43,5432.99,0.585772,8.841919993438913e-05,2.402329,448.4,0.0513
8062,4,2329.27,5434.0,0.321152,8.841506616724921e-05,0.905028,478.8,0.1337
8063,4,2329.48,5433.53,0.446234,8.841093176024005e-05,1.099567,618.4,0.1035
8064,4,2329.72,5433.12,0.363411,8.840679671343147e-05,1.325201,512.3,0.1249
8065,4,2329.92,5432.63,0.40376,8.840266102689323e-05,1.009348,571.9,0.1119
8066,4,2330.11,5432.11,0.449574,8.839852470069514e-05,1.322293,632.5,0.1012
8067,4,2330.31,5431.61,0.350976,8.8394387734907e-05,1.007351,661.5,0.0967
8068,4,2330.51,5431.11,0.377524,8.839025012959865e-05,1.211189,671.4,0.0953
8069,4,2330.69,5430.58,0.463807,8.838611188483987e-05,1.747743,735.4,0.087
8070,4,2330.89,5430.08,0.434357,8.838197300070054e-05,1.542202,740.8,0.0864
8071,4,2331.09,5429.58,0.457557,8.83778334772505e-05,1.402088,719.0,0.089
8072,4,2331.28,5429.07,0.359261,8.83736933145596e-05,0.929422,761.5,0.084
8073,4,2331.48,5428.57,0.411907,8.836955251269772e-05,1.102059,755.5,0.0847
8074,4,2331.68,5428.07,0.396225,8.836541107173473e-05,1.059085,743.3,0.0861
8075,4,2331.87,5427.56,0.469976,8.836126899174053e-05,1.560147,781.3,0.0819
8076,4,2332.07,5427.06,0.380341,8.835712627278503e-05,1.098834,728.7,0.0878
8077,4,2332.27,5426.56,0.340915,8.835298291493815e-05,1.208071,728.3,0.0879
8078,4,2332.46,5426.05,0.544769,8.834883891826979e-05,1.648128,746.5,0.0857
8079,4,2332.66,5425.55,0.342157,8.83446942828499e-05,1.866254,747.8,0.0856
8080,4,2332.85,5425.04,0.377726,8.834054900874841e-05,1.281145,772.6,0.0828
8081,4,2333.05,5424.54,0.369254,8.833640309603533e-05,1.136572,778.8,0.0822
8082,4,2333.26,5424.06,0.322434,8.833225654478056e-05,1.195524,729.9,0.0877
8083,4,2333.45,5423.54,0.42035,8.83281093550541e-05,1.268031,776.2,0.0824
8084,4,2333.65,5423.05,0.405145,8.832396152692597e-05,2.28112,745.0,0.0859
8085,4,2333.85,5422.55,0.376478,8.831981306046613e-05,1.495109,744.4,0.086
8086,4,2334.04,5422.04,0.321982,8.831566395574464e-05,1.158837,746.6,0.0857
8087,4,2334.24,5421.53,0.465797,8.831151421283147e-05,1.52965,769.2,0.0832
8088,4,2334.44,5421.04,0.321143,8.830736383179667e-05,1.70349,740.3,0.0865
8089,4,2334.63,5420.53,0.398666,8.83032128127103e-05,2.040557,772.2,0.0829
8090,4,2334.83,5420.03,0.466706,8.829906115564239e-05,1.948101,773.7,0.0827
8091,4,2335.03,5419.54,0.461802,8.829490886066303e-05,1.989098,724.8,0.0883
8092,4,2335.22,5419.03,0.518889,8.829075592784229e-05,1.455983,781.2,0.0819
8093,4,2335.42,5418.52,0.439262,8.828660235725023e-05,1.570106,781.4,0.0819
8094,4,2335.61,5418.02,0.471404,8.828244814895697e-05,1.797505,772.5,0.0829
8095,4,2335.81,5417.52,0.454164,8.827829330303263e-05,2.423342,758.4,0.0844
8096,4,2336.01,5417.02,0.418402,8.827413781954731e-05,2.046569,761.7,0.084
8097,4,2336.2,5416.52,0.481453,8.826998169857113e-05,1.681734,763.5,0.0838
8098,4,2336.41,5416.03,0.375779,8.826582494017426e-05,1.355321,732.4,0.0874
8099,4,2336.6,5415.52,0.434963,8.826166754442683e-05,1.858603,784.0,0.0816
8100,4,2336.8,5415.02,0.335347,8.825750951139899e-05,1.367306,765.0,0.0837
8101,4,2346.63,5436.85,0.401086,8.825335084116096e-05,1.485012,684.8,0.0935
8102,4,2346.85,5436.39,0.407244,8.824919153378288e-05,1.595809,740.4,0.0864
8103,4,2347.04,5435.88,0.334583,8.824503158933494e-05,1.151546,768.2,0.0833
8104,4,2347.23,5435.37,0.455842,8.824087100788737e-05,1.889678,775.7,0.0825
8105,4,2347.43,5434.86,0.474214,8.823670978951037e-05,1.900784,774.5,0.0826
8106,4,2347.63,5434.35,0.430434,8.823254793427418e-05,1.954867,769.0,0.0832
8107,4,2347.82,5433.84,0.372744,8.822838544224904e-05,1.074939,782.3,0.0818
8108,4,2348.02,5433.35,0.406301,8.822422231350518e-05,1.51511,731.2,0.0875
8109,4,2348.22,5432.84,0.427628,8.822005854811286e-05,1.841702,737.3,0.0868
8110,4,2348.41,5432.34,0.419447,8.821589414614238e-05,1.415235,735.0,0.0871
8111,4,2348.6,5431.82,0.406104,8.821172910766397e-05,1.412569,767.8,0.0834
8112,4,2348.8,5431.32,0.362054,8.820756343274794e-05,1.531081,740.7,0.0864
8113,4,2349.0,5430.81,0.449615,8.820339712146461e-05,1.792842,741.6,0.0863
8114,4,2349.19,5430.3,0.35124,8.819923017388428e-05,1.094602,779.2,0.0821
8115,4,2349.39,5429.8,0.459644,8.819506259007728e-05,2.517389,764.3,0.0837
8116,4,2349.59,5429.3,0.348717,8.819089437011393e-05,1.645717,737.3,0.0868
8117,4,2349.79,5428.79,0.435656,8.818672551406457e-05,1.838017,729.8,0.0877
8118,4,2349.98,5428.28,0.390813,8.818255602199958e-05,1.449226,757.4,0.0845
8119,4,2350.17,5427.77,0.381239,8.817838589398931e-05,1.381126,768.3,0.0833
8120,4,2350.37,5427.28,0.296132,8.817421513010415e-05,1.675223,735.6,0.087
8121,4,2350.57,5426.78,0.399616,8.817004373041448e-05,1.800618,729.5,0.0877
8122,4,2350.77,5426.27,0.382798,8.816587169499068e-05,2.369425,758.3,0.0844
8123,4,2350.96,5425.76,0.355942,8.816169902390317e-05,1.860336,771.7,0.0829
8124,4,2351.16,5425.27,0.293653,8.815752571722239e-05,1.809127,737.1,0.0868
8125,4,2351.35,5424.75,0.431798,8.815335177501874e-05,1.521173,769.8,0.0831
8126,4,2351.55,5424.26,0.439258,8.814917719736266e-05,2.272572,746.4,0.0857
8127,4,2351.75,5423.75,0.342704,8.814500198432464e-05,1.453806,738.4,0.0867
8128,4,2351.94,5423.25,0.337049,8.81408261359751e-05,1.788698,766.6,0.0835
8129,4,2352.14,5422.74,0.45876,8.813664965238454e-05,1.625038,770.8,0.083
8130,4,2352.33,5422.23,0.250303,8.813247253362344e-05,1.383967,784.0,0.0816
8131,4,2352.53,5421.73,0.381648,8.81282947797623e-05,1.747157,783.8,0.0817
8132,4,2352.73,5421.23,0.422934,8.81241163908716e-05,1.953525,769.1,0.0832
8133,4,2352.93,5420.73,0.338089,8.811993736702188e-05,1.726118,754.2,0.0849
8134,4,2353.12,5420.22,0.2963,8.811575770828367e-05,1.354932,769.6,0.0832
8135,4,2353.32,5419.72,0.333766,8.811157741472748e-05,2.273478,779.0,0.0822
8136,4,2353.51,5419.22,0.406816,8.810739648642387e-05,1.766373,771.2,0.083
8137,4,2353.71,5418.71,0.430815,8.810321492344342e-05,1.902284,780.4,0.082
8138,4,2353.91,5418.21,0.376351,8.809903272585668e-05,1.778432,784.0,0.0816
8139,4,2354.11,5417.72,0.432032,8.809484989373423e-05,1.801558,749.3,0.0854
8140,4,2354.3,5417.21,0.282465,8.809066642714668e-05,1.474511,786.1,0.0814
8141,4,2354.51,5416.72,0.34468,8.80864823261646e-05,1.693855,747.8,0.0856
8142,4,2354.7,5416.21,0.414451,8.808229759085861e-05,2.048059,779.8,0.0821
8143,4,2354.89,5415.71,0.425641,8.807811222129937e-05,1.76295,789.5,0.0811
8144,4,2355.09,5415.21,0.51295,8.807392621755747e-05,2.419371,770.1,0.0831
8145,4,2355.29,5414.71,0.426461,8.806973957970356e-05,1.992185,744.8,0.0859
8146,4,2355.49,5414.21,0.353133,8.806555230780831e-05,2.0072,741.2,0.0863
8147,4,2355.69,5413.71,0.395271,8.80613644019424e-05,1.812502,738.6,0.0867
8148,4,2355.88,5413.2,0.329757,8.805717586217649e-05,1.571788,763.7,0.0838
8149,4,2356.07,5412.7,0.524814,8.805298668858125e-05,2.110508,771.3,0.083
8150,4,2356.27,5412.2,0.362125,8.804879688122741e-05,1.578019,736.1,0.0869
8151,4,2356.47,5411.69,0.35952,8.804460644018564e-05,1.786035,777.4,0.0823
8152,4,2356.67,5411.2,0.60586,8.80404153655267e-05,2.107305,735.1,0.0871
8153,4,2356.86,5410.7,0.451447,8.80362236573213e-05,1.728419,750.2,0.0853
8154,4,2357.06,5410.19,0.40619,8.80320313156402e-05,1.636307,769.3,0.0832
8155,4,2357.26,5409.69,0.430534,8.802783834055412e-05,1.55285,744.3,0.086
8156,4,2357.45,5409.18,0.458212,8.802364473213383e-05,1.863527,757.8,0.0845
8157,4,2357.65,5408.68,0.390904,8.801945049045012e-05,1.629766,760.5,0.0842
8158,4,2357.84,5408.18,0.394813,8.801525561557376e-05,1.648558,778.8,0.0822
8159,4,2358.04,5407.69,0.394317,8.801106010757555e-05,1.330187,765.9,0.0836
8160,4,2358.24,5407.19,0.354858,8.80068639665263e-05,1.578358,769.3,0.0832
8161,4,2358.44,5406.69,0.337237,8.800266719249681e-05,1.787277,784.0,0.0816
8162,4,2358.63,5406.19,0.366495,8.799846978555793e-05,1.496744,782.4,0.0818
8163,4,2358.83,5405.7,0.475452,8.799427174578046e-05,1.537928,751.3,0.0852
8164,4,2359.04,5405.21,0.348063,8.799007307323528e-05,1.51264,728.7,0.0878
8165,4,2359.23,5404.7,0.397123,8.798587376799323e-05,1.892804,754.8,0.0848
8166,4,2359.42,5404.2,0.388433,8.79816738301252e-05,1.986823,747.3,0.0856
8167,4,2359.62,5403.7,0.37468,8.797747325970206e-05,1.798096,727.4,0.088
8168,4,2359.82,5403.19,0.386754,8.79732720567947e-05,1.436232,767.1,0.0834
8169,4,2360.01,5402.69,0.431645,8.7969070221474e-05,2.025004,762.5,0.0839
8170,4,2360.21,5402.2,0.448864,8.796486775381089e-05,1.754617,740.8,0.0864
8171,4,2360.41,5401.7,0.340275,8.796066465387632e-05,1.407733,771.2,0.083
8172,4,2360.6,5401.2,0.31129,8.795646092174119e-05,1.749342,769.6,0.0832
8173,4,2360.8,5400.7,0.372289,8.795225655747645e-05,1.495714,765.3,0.0836
8174,4,2361.0,5400.2,0.446045,8.794805156115306e-05,1.708803,778.6,0.0822
8175,4,2361.19,5399.7,0.339106,8.794384593284196e-05,1.769324,769.8,0.0831
8176,4,2361.39,5399.2,0.41113,8.793963967261415e-05,1.735063,764.3,0.0837
8177,4,2361.59,5398.71,0.310626,8.793543278054063e-05,1.640381,739.2,0.0866
8178,4,2361.79,5398.2,0.291575,8.793122525669235e-05,1.626446,775.0,0.0826
8179,4,2361.98,5397.7,0.455952,8.792701710114038e-05,3.25675,769.9,0.0831
8180,4,2362.18,5397.21,0.337128,8.792280831395569e-05,1.681487,756.6,0.0846
8181,4,2362.38,5396.71,0.48918,8.791859889520933e-05,2.083887,764.9,0.0837
8182,4,2362.58,5396.22,0.421668,8.791438884497233e-05,1.994705,727.0,0.088
8183,4,2362.77,5395.72,0.426659,8.791017816331574e-05,1.50542,767.3,0.0834
8184,4,2362.97,5395.21,0.418181,8.790596685031063e-05,1.800171,784.4,0.0816
8185,4,2363.17,5394.72,0.379387,8.790175490602808e-05,2.161329,757.3,0.0845
8186,4,2363.36,5394.22,0.511509,8.789754233053915e-05,1.880067,761.6,0.084
8187,4,2363.56,5393.72,0.500608,8.789332912391495e-05,1.739664,763.7,0.0838
8188,4,2363.76,5393.23,0.43693,8.788911528622657e-05,2.753004,752.6,0.085
8189,4,2363.96,5392.73,0.400479,8.788490081754512e-05,1.575472,738.0,0.0867
8190,4,2364.15,5392.23,0.308623,8.788068571794174e-05,1.471212,762.5,0.0839
8191,4,2364.35,5391.73,0.420661,8.787646998748756e-05,1.784094,735.7,0.087
8192,4,2364.54,5391.23,0.456401,8.787225362625375e-05,2.40628,750.4,0.0853
8193,4,2364.74,5390.74,0.375974,8.786803663431142e-05,1.483937,750.7,0.0853
8194,4,2364.94,5390.24,0.36998,8.786381901173177e-05,2.384768,744.3,0.086
8195,4,2365.14,5389.74,0.427496,8.785960075858599e-05,1.389654,746.3,0.0858
8196,4,2365.33,5389.24,0.256809,8.785538187494523e-05,1.203204,767.2,0.0834
8197,4,2365.53,5388.74,0.396232,8.78511623608807e-05,1.859553,777.7,0.0823
8198,4,2365.73,5388.25,0.424927,8.784694221646364e-05,2.120891,744.9,0.0859
8199,4,2365.93,5387.76,0.341787,8.784272144176523e-05,1.690942,730.7,0.0876
8200,4,2366.12,5387.25,0.399791,8.783850003685674e-05,1.443508,769.6,0.0832
8201,4,2366.32,5386.76,0.517411,8.78342780018094e-05,1.957339,738.7,0.0866
8202,4,2366.52,5386.26,0.402225,8.783005533669443e-05,1.674743,743.2,0.0861
8203,4,2366.71,5385.76,0.274762,8.782583204158314e-05,1.332399,752.2,0.0851
8204,4,2366.91,5385.27,0.437469,8.782160811654677e-05,2.078639,732.2,0.0874
8205,4,2367.1,5384.77,0.396934,8.781738356165663e-05,2.417101,768.0,0.0833
8206,4,2367.3,5384.28,0.377721,8.7813158376984e-05,2.12608,738.6,0.0866
8207,4,2367.5,5383.77,0.304339,8.780893256260019e-05,1.690451,769.3,0.0832
8208,4,2367.7,5383.29,0.385697,8.780470611857651e-05,2.23667,727.9,0.0879
8209,4,2367.89,5382.78,0.357577,8.780047904498428e-05,1.773981,774.5,0.0826
8210,4,2368.09,5382.28,0.318435,8.779625134189487e-05,1.825507,783.1,0.0817
8211,4,2368.29,5381.79,0.370147,8.779202300937961e-05,1.58093,768.8,0.0832
8212,4,2368.49,5381.31,0.349184,8.778779404750985e-05,1.926532,719.0,0.089
8213,4,2368.68,5380.8,0.483835,8.778356445635698e-05,2.980121,753.2,0.085
8214,4,2368.88,5380.3,0.405797,8.777933423599233e-05,2.08171,750.7,0.0853
8215,4,2369.07,5379.8,0.449177,8.777510338648737e-05,inf,769.5,0.0832
8216,4,2369.27,5379.31,0.267491,8.777087190791343e-05,1.564227,733.8,0.0872
8217,4,2369.47,5378.81,0.323347,8.776663980034196e-05,1.578757,770.0,0.0831
8218,4,2369.67,5378.32,0.477201,8.776240706384439e-05,1.905888,739.4,0.0866
8219,4,2369.86,5377.81,0.351334,8.775817369849211e-05,2.046068,766.0,0.0836
8220,4,2370.06,5377.33,0.498455,8.77539397043566e-05,2.067833,740.9,0.0864
8221,4,2370.26,5376.83,0.294037,8.774970508150932e-05,1.276446,772.2,0.0829
8222,4,2370.46,5376.34,0.372827,8.774546983002171e-05,1.814523,742.8,0.0862
8223,4,2370.65,5375.84,0.419972,8.774123394996526e-05,1.507746,736.3,0.0869
8224,4,2370.85,5375.34,0.425785,8.773699744141146e-05,1.984527,768.4,0.0833
8225,4,2371.04,5374.85,0.344871,8.77327603044318e-05,1.409316,764.0,0.0838
8226,4,2371.24,5374.36,0.315469,8.772852253909778e-05,1.856073,741.2,0.0863
8227,4,2371.44,5373.86,0.379093,8.772428414548095e-05,1.649451,726.3,0.0881
8228,4,2371.64,5373.36,0.442777,8.772004512365279e-05,1.394452,748.0,0.0856
8229,4,2371.83,5372.86,0.298267,8.771580547368487e-05,1.106429,768.2,0.0833
8230,4,2372.03,5372.37,0.498647,8.771156519564873e-05,2.208889,771.2,0.083
8231,4,2372.23,5371.88,0.396128,8.770732428961595e-05,1.729708,731.2,0.0875
8232,4,2372.42,5371.38,0.387229,8.770308275565806e-05,1.94249,734.0,0.0872
8233,4,2372.62,5370.88,0.272865,8.769884059384669e-05,1.333086,776.0,0.0825
8234,4,2372.81,5370.38,0.424643,8.769459780425338e-05,1.999299,766.3,0.0835
8235,4,2373.01,5369.89,0.443037,8.769035438694978e-05,1.923229,770.4,0.0831
8236,4,2373.21,5369.39,0.367451,8.768611034200749e-05,1.348016,776.4,0.0824
8237,4,2373.4,5368.9,0.449643,8.768186566949814e-05,1.863993,769.7,0.0832
8238,4,2373.6,5368.42,0.369609,8.767762036949333e-05,2.2891,733.1,0.0873
8239,4,2373.8,5367.91,0.363716,8.767337444206474e-05,1.339821,771.7,0.0829
8240,4,2374.0,5367.42,0.330296,8.766912788728403e-05,1.651068,749.8,0.0854
8241,4,2374.19,5366.93,0.249216,8.766488070522284e-05,1.479489,777.3,0.0823
8242,4,2374.39,5366.44,0.347062,8.766063289595286e-05,1.786738,736.2,0.0869
8243,4,2374.59,5365.94,0.335859,8.765638445954579e-05,1.4572,770.4,0.0831
8244,4,2374.79,5365.45,0.402461,8.76521353960733e-05,2.299269,737.9,0.0867
8245,4,2374.98,5364.96,0.299402,8.764788570560712e-05,1.283879,747.1,0.0857
8246,4,2375.18,5364.45,0.437808,8.764363538821897e-05,2.678942,772.5,0.0828
8247,4,2375.37,5363.96,0.41735,8.763938444398058e-05,2.52497,762.7,0.0839
8248,4,2375.57,5363.47,0.471595,8.763513287296367e-05,2.471279,736.1,0.0869
8249,4,2375.77,5362.98,0.400847,8.763088067524001e-05,4.026266,714.8,0.0895
8250,4,2375.97,5362.48,0.328922,8.762662785088137e-05,1.875556,736.1,0.0869
8251,4,2376.16,5361.99,0.338856,8.76223743999595e-05,2.133612,732.7,0.0874
8252,4,2376.36,5361.5,0.380437,8.761812032254621e-05,1.80587,742.5,0.0862
8253,4,2376.56,5361.0,0.373153,8.761386561871325e-05,1.680372,749.6,0.0854
8254,4,2376.75,5360.5,0.467425,8.760961028853246e-05,2.021608,767.4,0.0834
8255,4,2376.95,5360.01,0.40554,8.760535433207566e-05,2.370486,779.9,0.0821
8256,4,2377.15,5359.52,0.316956,8.760109774941465e-05,1.529814,737.3,0.0868
8257,4,2377.34,5359.03,0.408147,8.759684054062126e-05,2.125553,750.0,0.0853
8258,4,2377.54,5358.53,0.346419,8.759258270576734e-05,1.740495,772.6,0.0828
8259,4,2377.74,5358.04,0.528441,8.758832424492479e-05,2.701408,729.7,0.0877
8260,4,2377.93,5357.53,0.496981,8.758406515816544e-05,2.075772,781.7,0.0819
8261,4,2378.13,5357.05,0.433804,8.757980544556115e-05,2.050997,784.9,0.0815
8262,4,2378.32,5356.55,0.376615,8.757554510718385e-05,1.706887,772.1,0.0829
8263,4,2378.52,5356.06,0.420949,8.757128414310544e-05,1.570561,755.5,0.0847
8264,4,2378.72,5355.58,0.380562,8.756702255339779e-05,1.451835,729.0,0.0878
8265,4,2378.91,5355.07,0.39336,8.756276033813284e-05,1.610351,771.6,0.0829
8266,4,2379.11,5354.58,0.476682,8.755849749738253e-05,2.403062,743.8,0.086
8267,4,2379.31,5354.09,0.432142,8.75542340312188e-05,1.715126,746.2,0.0858
8268,4,2379.51,5353.6,0.480512,8.754996993971357e-05,1.65331,716.5,0.0893
8269,4,2379.7,5353.11,0.380044,8.754570522293886e-05,1.558548,744.5,0.086
8270,4,2379.9,5352.62,0.411816,8.75414398809666e-05,3.692985,734.2,0.0872
8271,4,2380.1,5352.13,0.438171,8.753717391386877e-05,2.099896,736.3,0.0869
8272,4,2380.29,5351.62,0.450751,8.75329073217174e-05,2.078307,766.7,0.0835
8273,4,2380.49,5351.14,0.318316,8.752864010458446e-05,1.357279,733.1,0.0873
8274,4,2380.69,5350.65,0.311652,8.7524372262542e-05,1.734536,718.7,0.089
8275,4,2380.89,5350.16,0.392703,8.752010379566201e-05,1.874889,721.9,0.0887
8276,4,2381.08,5349.67,0.345374,8.751583470401654e-05,1.813598,715.0,0.0895
8277,4,2381.28,5349.17,0.414527,8.751156498767764e-05,1.645926,733.5,0.0873
8278,4,2381.47,5348.67,0.408078,8.750729464671736e-05,1.621746,768.3,0.0833
8279,4,2381.67,5348.18,0.487205,8.750302368120777e-05,2.008068,778.9,0.0822
8280,4,2381.87,5347.7,0.339709,8.749875209122096e-05,1.472623,731.9,0.0874
8281,4,2382.07,5347.21,0.370247,8.749447987682901e-05,1.643956,742.5,0.0862
8282,4,2382.26,5346.72,0.369924,8.749020703810403e-05,1.731821,775.2,0.0826
8283,4,2382.46,5346.23,0.308698,8.74859335751181e-05,1.416714,743.3,0.0861
8284,4,2382.66,5345.74,0.488959,8.748165948794338e-05,2.436076,749.4,0.0854
8285,4,2382.85,5345.24,0.384732,8.747738477665196e-05,1.696997,762.2,0.084
8286,4,2383.05,5344.76,0.35209,8.747310944131602e-05,1.749344,730.7,0.0876
8287,4,2383.25,5344.26,0.398125,8.746883348200768e-05,2.281919,772.0,0.0829
8288,4,2383.44,5343.77,0.433005,8.746455689879912e-05,2.291576,763.7,0.0838
8289,4,2383.64,5343.27,0.376653,8.746027969176251e-05,1.853481,772.9,0.0828
8290,4,2383.84,5342.78,0.341587,8.745600186097005e-05,1.51804,760.4,0.0842
8291,4,2384.04,5342.3,0.515877,8.74517234064939e-05,2.464813,738.3,0.0867
8292,4,2384.24,5341.82,0.339813,8.744744432840631e-05,1.83692,720.4,0.0888
8293,4,2384.44,5341.34,0.415456,8.744316462677945e-05,1.835781,698.4,0.0916
8294,4,2384.63,5340.83,0.376218,8.743888430168557e-05,1.888101,756.3,0.0846
8295,4,2384.83,5340.36,0.350767,8.74346033531969e-05,1.669131,709.9,0.0902
8296,4,2385.03,5339.86,0.384121,8.743032178138568e-05,1.869677,754.8,0.0848
8297,4,2385.74,5340.52,0.476753,8.74260395863242e-05,1.697572,107.4,0.5961
8298,4,2385.82,5339.78,0.398168,8.74217567680847e-05,1.694788,757.1,0.0845
8299,4,2386.02,5339.29,0.372113,8.741747332673946e-05,1.848763,760.6,0.0841
8300,4,2386.22,5338.8,0.498144,8.741318926236077e-05,2.343482,731.7,0.0875
8301,4,2386.42,5338.31,0.475898,8.740890457502094e-05,1.558255,750.3,0.0853
8302,4,2386.61,5337.83,0.35305,8.740461926479226e-05,1.751311,724.3,0.0884
8303,4,2386.81,5337.33,0.295124,8.740033333174705e-05,1.363682,778.2,0.0822
8304,4,2387.01,5336.86,0.394538,8.739604677595767e-05,1.316501,712.5,0.0898
8305,4,2387.21,5336.36,0.358477,8.739175959749644e-05,1.617831,738.0,0.0867
8306,4,2387.4,5335.87,0.389718,8.738747179643572e-05,1.86648,758.0,0.0844
8307,4,2387.6,5335.39,0.302151,8.738318337284784e-05,1.476681,736.7,0.0869
8308,4,2387.8,5334.9,0.556393,8.737889432680524e-05,1.83266,732.6,0.0874
8309,4,2388.0,5334.41,0.4222,8.737460465838026e-05,1.634399,740.7,0.0864
8310,4,2388.2,5333.92,0.532691,8.737031436764528e-05,1.921988,732.6,0.0874
8311,4,2388.39,5333.42,0.414427,8.736602345467274e-05,2.184792,777.5,0.0823
8312,4,2388.58,5332.94,0.521161,8.736173191953502e-05,2.164927,758.2,0.0844
8313,4,2388.78,5332.45,0.424732,8.73574397623046e-05,1.843892,764.0,0.0838
8314,4,2388.98,5331.95,0.339968,8.735314698305386e-05,1.673663,771.2,0.083
8315,4,2389.17,5331.46,0.382504,8.734885358185528e-05,2.166528,774.4,0.0826
8316,4,2389.37,5330.98,0.351071,8.734455955878129e-05,1.631412,741.0,0.0864
8317,4,2389.57,5330.49,0.344622,8.734026491390439e-05,1.451115,758.4,0.0844
8318,4,2389.77,5330.01,0.342237,8.733596964729703e-05,1.663209,714.2,0.0896
8319,4,2389.97,5329.52,0.369029,8.733167375903172e-05,1.691341,724.0,0.0884
8320,4,2390.16,5329.02,0.371745,8.732737724918095e-05,1.48963,767.7,0.0834
8321,4,2390.36,5328.54,0.346054,8.732308011781721e-05,1.834386,771.2,0.083
8322,4,2390.56,5328.06,0.514177,8.731878236501303e-05,2.422822,738.9,0.0866
8323,4,2390.76,5327.57,0.351445,8.731448399084096e-05,2.012423,748.8,0.0855
8324,4,2390.95,5327.07,0.389652,8.731018499537353e-05,1.809528,762.5,0.0839
8325,4,2391.15,5326.59,0.429778,8.730588537868328e-05,2.404827,757.8,0.0845
8326,4,2391.34,5326.09,0.415456,8.730158514084281e-05,2.3064,777.3,0.0823
8327,4,2391.55,5325.62,0.448542,8.729728428192463e-05,2.06406,722.8,0.0885
8328,4,2391.74,5325.12,0.364289,8.729298280200139e-05,1.589362,766.0,0.0835
8329,4,2391.94,5324.64,0.389995,8.728868070114565e-05,2.076847,739.7,0.0865
8330,4,2392.13,5324.14,0.325217,8.728437797943e-05,1.805416,765.3,0.0836
8331,4,2392.33,5323.66,0.381142,8.728007463692707e-05,1.843306,728.2,0.0879
8332,4,2392.52,5323.16,0.371,8.72757706737095e-05,2.088719,773.7,0.0827
8333,4,2392.72,5322.68,0.425604,8.72714660898499e-05,1.787975,752.3,0.0851
8334,4,2392.92,5322.19,0.43723,8.726716088542093e-05,2.02977,777.7,0.0823
8335,4,2393.11,5321.7,0.495789,8.726285506049525e-05,2.760964,778.0,0.0823
8336,4,2393.31,5321.21,0.372653,8.725854861514551e-05,1.861143,774.7,0.0826
8337,4,2393.51,5320.73,0.426517,8.72542415494444e-05,2.079059,760.9,0.0841
8338,4,2393.7,5320.23,0.303011,8.72499338634646e-05,1.659759,778.2,0.0822
8339,4,2393.9,5319.75,0.451208,8.724562555727881e-05,2.306026,771.2,0.083
8340,4,2394.1,5319.26,0.502915,8.724131663095975e-05,2.582675,769.7,0.0832
8341,4,2394.3,5318.78,0.351129,8.723700708458012e-05,2.02461,765.5,0.0836
8342,4,2394.5,5318.3,0.364788,8.723269691821267e-05,1.859308,743.0,0.0861
8343,4,2394.69,5317.81,0.370463,8.722838613193011e-05,1.760996,743.1,0.0861
8344,4,2394.89,5317.32,0.398182,8.722407472580523e-05,2.112088,748.9,0.0855
8345,4,2395.09,5316.83,0.247256,8.721976269991076e-05,1.407224,737.7,0.0868
8346,4,2395.28,5316.35,0.325939,8.721545005431948e-05,1.763345,737.6,0.0868
8347,4,2395.48,5315.86,0.467381,8.721113678910419e-05,2.160043,744.5,0.086
8348,4,2395.68,5315.37,0.279685,8.720682290433765e-05,1.605531,751.5,0.0852
8349,4,2395.87,5314.88,0.430364,8.720250840009268e-05,2.22157,769.2,0.0832
8350,4,2396.07,5314.41,0.355763,8.71981932764421e-05,1.949202,704.9,0.0908
8351,4,2396.27,5313.91,0.468153,8.719387753345873e-05,2.562961,741.1,0.0864
8352,4,2396.46,5313.42,0.473751,8.718956117121538e-05,2.086505,766.0,0.0835
8353,4,2396.66,5312.93,0.43469,8.718524418978493e-05,2.236042,767.9,0.0833
8354,4,2396.86,5312.45,0.307645,8.718092658924022e-05,1.810687,752.5,0.0851
8355,4,2397.06,5311.97,0.405687,8.717660836965411e-05,1.985282,736.7,0.0869
8356,4,2397.25,5311.47,0.326038,8.717228953109948e-05,2.205455,785.6,0.0815
8357,4,2397.44,5310.98,0.395756,8.716797007364923e-05,1.62879,768.4,0.0833
8358,4,2397.64,5310.5,0.353834,8.716364999737624e-05,1.767261,779.4,0.0821
8359,4,2397.84,5310.02,0.430734,8.715932930235341e-05,2.890679,741.7,0.0863
8360,4,2398.04,5309.53,0.387586,8.715500798865367e-05,1.947906,765.6,0.0836
8361,4,2398.24,5309.06,0.295462,8.715068605634996e-05,1.716077,733.9,0.0872
8362,4,2398.44,5308.57,0.38971,8.714636350551521e-05,2.014373,735.8,0.087
8363,4,2398.63,5308.08,0.278406,8.714204033622235e-05,1.615849,740.8,0.0864
8364,4,2398.83,5307.6,0.320635,8.713771654854437e-05,2.196298,732.3,0.0874
8365,4,2399.03,5307.12,0.400026,8.713339214255421e-05,2.329644,741.9,0.0863
8366,4,2399.23,5306.63,0.351997,8.712906711832485e-05,1.46699,747.2,0.0857
8367,4,2399.42,5306.14,0.320938,8.712474147592932e-05,2.599481,764.5,0.0837
8368,4,2399.62,5305.67,0.422401,8.712041521544058e-05,2.545395,712.2,0.0899
8369,4,2399.82,5305.18,0.474249,8.711608833693168e-05,2.54081,743.5,0.0861
8370,4,2400.02,5304.7,0.406127,8.711176084047561e-05,2.269885,733.0,0.0873
8371,4,2400.21,5304.21,0.341218,8.71074327261454e-05,1.904026,760.3,0.0842
8372,4,2400.41,5303.72,0.406502,8.710310399401412e-05,1.84076,763.9,0.0838
8373,4,2400.61,5303.24,0.39792,8.709877464415481e-05,2.236925,739.8,0.0865
8374,4,2400.8,5302.75,0.358407,8.709444467664052e-05,1.782332,754.5,0.0848
8375,4,2401.0,5302.27,0.307019,8.709011409154437e-05,2.02876,735.8,0.087
8376,4,2401.2,5301.78,0.38334,8.708578288893938e-05,1.769914,749.1,0.0854
8377,4,2401.39,5301.3,0.478826,8.70814510688987e-05,1.864649,749.4,0.0854
8378,4,2401.59,5300.81,0.367286,8.70771186314954e-05,2.129675,793.4,0.0807
8379,4,2401.79,5300.34,0.326463,8.707278557680262e-05,1.849825,728.8,0.0878
8380,4,2401.98,5299.84,0.345037,8.706845190489346e-05,1.610201,761.0,0.0841
8381,4,2402.18,5299.36,0.358718,8.706411761584108e-05,1.833221,756.8,0.0846
8382,4,2402.38,5298.88,0.380565,8.705978270971861e-05,1.642547,776.5,0.0824
8383,4,2402.58,5298.4,0.444482,8.705544718659922e-05,2.159755,734.4,0.0871
8384,4,2402.77,5297.91,0.426133,8.705111104655608e-05,1.967777,767.4,0.0834
8385,4,2402.97,5297.42,0.419114,8.704677428966237e-05,2.191986,771.0,0.083
8386,4,2403.17,5296.94,0.426168,8.704243691599126e-05,2.744998,783.1,0.0817
8387,4,2403.37,5296.46,0.363772,8.703809892561595e-05,1.367442,751.4,0.0852
8388,4,2403.56,5295.97,0.3727,8.703376031860967e-05,2.136477,786.8,0.0813
8389,4,2403.76,5295.5,0.487278,8.702942109504564e-05,2.901011,722.2,0.0886
8390,4,2403.96,5295.01,0.365258,8.702508125499706e-05,1.653349,768.7,0.0833
8391,4,2404.16,5294.53,0.346622,8.702074079853721e-05,1.77984,748.9,0.0855
8392,4,2404.35,5294.04,0.423382,8.70163997257393e-05,1.640988,748.2,0.0855
8393,4,2404.55,5293.57,0.437349,8.701205803667663e-05,2.444313,738.0,0.0867
8394,4,2404.75,5293.09,0.317806,8.700771573142246e-05,1.491502,724.8,0.0883
8395,4,2404.94,5292.59,0.519715,8.700337281005006e-05,2.520369,771.9,0.0829
8396,4,2405.14,5292.12,0.448639,8.699902927263274e-05,1.81043,738.8,0.0866
8397,4,2405.34,5291.63,0.414076,8.699468511924378e-05,1.909009,730.1,0.0877
8398,4,2405.53,5291.14,0.324625,8.69903403499565e-05,1.683812,762.4,0.0839
8399,4,2405.73,5290.67,0.397614,8.698599496484425e-05,1.968194,726.8,0.0881
8400,4,2405.93,5290.17,0.371669,8.698164896398033e-05,1.720126,770.5,0.0831
8401,4,2433.99,5350.96,0.40875,8.697730234743812e-05,1.892983,769.6,0.0832
8402,4,2434.19,5350.47,0.456067,8.697295511529094e-05,1.600754,761.3,0.0841
8403,4,2434.39,5349.98,0.301994,8.696860726761218e-05,1.602522,740.9,0.0864
8404,4,2434.58,5349.48,0.430076,8.696425880447521e-05,2.479011,760.4,0.0842
8405,4,2434.78,5348.99,0.436321,8.69599097259534e-05,2.390225,756.2,0.0846
8406,4,2434.98,5348.49,0.395109,8.695556003212019e-05,2.477631,770.5,0.0831
8407,4,2435.18,5348.01,0.348697,8.695120972304893e-05,2.242087,736.1,0.0869
8408,4,2435.38,5347.52,0.298854,8.694685879881307e-05,1.459435,698.3,0.0916
8409,4,2435.57,5347.01,0.478685,8.694250725948605e-05,2.264992,756.3,0.0846
8410,4,2435.77,5346.53,0.441424,8.693815510514128e-05,2.466844,720.2,0.0889
8411,4,2435.96,5346.03,0.294076,8.693380233585222e-05,1.429446,743.0,0.0861
8412,4,2436.16,5345.54,0.338683,8.692944895169232e-05,1.865181,748.7,0.0855
8413,4,2436.37,5345.06,0.479882,8.692509495273506e-05,1.955902,701.8,0.0912
8414,4,2436.56,5344.55,0.430373,8.692074033905392e-05,2.318861,754.3,0.0849
8415,4,2436.76,5344.07,0.456417,8.69163851107224e-05,2.227152,713.8,0.0897
8416,4,2436.95,5343.57,0.459949,8.6912029267814e-05,2.111303,763.3,0.0838
8417,4,2437.15,5343.09,0.350025,8.69076728104022e-05,2.132647,721.6,0.0887
8418,4,2437.35,5342.6,0.307709,8.690331573856056e-05,1.756802,699.4,0.0915
8419,4,2437.55,5342.11,0.458857,8.689895805236257e-05,2.349962,704.6,0.0908
8420,4,2437.75,5341.62,0.46384,8.68945997518818e-05,3.393296,719.0,0.089
8421,4,2437.95,5341.14,0.36955,8.68902408371918e-05,1.581549,709.1,0.0903
8422,4,2438.14,5340.64,0.327444,8.688588130836612e-05,1.751423,738.2,0.0867
8423,4,2438.34,5340.14,0.453417,8.688152116547835e-05,2.236116,763.3,0.0839
8424,4,2438.54,5339.67,0.417635,8.687716040860207e-05,2.304697,695.2,0.0921
8425,4,2438.74,5339.17,0.3947,8.687279903781087e-05,1.98596,724.9,0.0883
8426,4,2438.94,5338.68,0.400057,8.686843705317835e-05,2.296658,703.7,0.0909
8427,4,2439.13,5338.19,0.350822,8.686407445477813e-05,1.586997,712.6,0.0898
8428,4,2439.33,5337.7,0.419071,8.685971124268384e-05,1.710941,712.5,0.0898
8429,4,2439.52,5337.2,0.337791,8.68553474169691e-05,1.524437,727.8,0.0879
8430,4,2439.72,5336.72,0.331203,8.685098297770758e-05,1.272108,700.1,0.0914
8431,4,2439.92,5336.22,0.459038,8.684661792497291e-05,1.768476,731.6,0.0875
8432,4,2440.12,5335.73,0.534028,8.684225225883876e-05,2.272869,716.4,0.0893
8433,4,2440.31,5335.24,0.383888,8.683788597937882e-05,1.549658,754.5,0.0848
8434,4,2440.51,5334.75,0.342118,8.683351908666676e-05,1.250153,737.8,0.0867
8435,4,2440.71,5334.25,0.3538,8.68291515807763e-05,1.603151,771.5,0.083
8436,4,2440.9,5333.76,0.384468,8.682478346178114e-05,1.896991,758.0,0.0844
8437,4,2441.11,5333.28,0.428498,8.682041472975497e-05,1.847669,713.3,0.0897
8438,4,2441.31,5332.8,0.307524,8.681604538477156e-05,1.703256,688.9,0.0929
8439,4,2441.5,5332.3,0.43781,8.681167542690464e-05,2.043067,713.6,0.0897
8440,4,2441.69,5331.8,0.39232,8.680730485622793e-05,1.575273,765.1,0.0837
8441,4,2441.9,5331.32,0.351057,8.680293367281522e-05,1.741618,721.8,0.0887
8442,4,2442.09,5330.82,0.367646,8.679856187674026e-05,2.088472,760.2,0.0842
8443,4,2442.29,5330.34,0.448145,8.679418946807684e-05,1.97307,751.7,0.0851
8444,4,2442.48,5329.84,0.288898,8.678981644689875e-05,1.622381,759.2,0.0843
8445,4,2442.69,5329.37,0.362266,8.678544281327981e-05,1.45236,693.6,0.0923
8446,4,2442.88,5328.87,0.423277,8.67810685672938e-05,1.690929,747.7,0.0856
8447,4,2443.08,5328.38,0.471539,8.677669370901453e-05,2.052197,755.1,0.0848
8448,4,2443.29,5327.91,0.352888,8.677231823851589e-05,1.831368,679.7,0.0942
8449,4,2443.47,5327.41,0.441264,8.676794215587168e-05,1.963902,747.7,0.0856
8450,4,2443.67,5326.92,0.449555,8.676356546115573e-05,2.403193,743.8,0.086
8451,4,2443.87,5326.44,0.346096,8.675918815444195e-05,2.384992,717.0,0.0893
8452,4,2444.07,5325.94,0.401279,8.67548102358042e-05,1.954062,753.2,0.085
8453,4,2444.27,5325.46,0.423893,8.675043170531636e-05,1.996384,722.6,0.0886
8454,4,2444.47,5324.98,0.380422,8.674605256305231e-05,2.041706,697.5,0.0918
8455,4,2444.67,5324.48,0.331362,8.674167280908598e-05,1.403774,712.9,0.0898
8456,4,2444.86,5323.98,0.412521,8.673729244349126e-05,2.037876,757.6,0.0845
8457,4,2445.05,5323.49,0.365771,8.673291146634211e-05,2.260577,757.9,0.0844
8458,4,2445.25,5323.01,0.354595,8.672852987771241e-05,1.788797,742.4,0.0862
8459,4,2445.46,5322.53,0.438439,8.672414767767614e-05,2.04142,720.7,0.0888
8460,4,2445.65,5322.04,0.383611,8.671976486630725e-05,1.779169,725.5,0.0882
8461,4,2445.85,5321.55,0.379771,8.671538144367973e-05,2.353985,747.0,0.0857
8462,4,2446.05,5321.06,0.39725,8.671099740986752e-05,2.916748,754.9,0.0848
8463,4,2446.25,5320.58,0.393154,8.670661276494461e-05,1.839049,710.7,0.0901
8464,4,2446.44,5320.09,0.351521,8.670222750898504e-05,1.494272,753.9,0.0849
8465,4,2446.64,5319.6,0.44787,8.669784164206277e-05,2.043986,731.0,0.0875
8466,4,2446.83,5319.1,0.386124,8.669345516425181e-05,2.23279,760.8,0.0841
8467,4,2447.04,5318.63,0.366491,8.668906807562623e-05,1.512766,727.8,0.0879
8468,4,2447.24,5318.14,0.407617,8.668468037626004e-05,1.970305,711.8,0.0899
8469,4,2447.44,5317.66,0.429785,8.66802920662273e-05,2.270801,701.3,0.0913
8470,4,2447.63,5317.16,0.327842,8.667590314560207e-05,1.752628,752.6,0.085
8471,4,2447.83,5316.67,0.451391,8.667151361445842e-05,2.120187,753.4,0.0849
8472,4,2448.02,5316.19,0.353409,8.666712347287041e-05,1.858184,735.5,0.087
8473,4,2448.22,5315.7,0.389329,8.666273272091215e-05,1.795799,744.0,0.086
8474,4,2448.42,5315.21,0.389171,8.665834135865773e-05,2.263525,748.5,0.0855
8475,4,2448.62,5314.73,0.387865,8.665394938618127e-05,1.55487,719.5,0.0889
8476,4,2448.81,5314.23,0.336742,8.664955680355688e-05,1.362496,779.5,0.0821
8477,4,2449.02,5313.77,0.360621,8.664516361085869e-05,1.810924,688.7,0.0929
8478,4,2449.21,5313.27,0.3446,8.664076980816086e-05,1.351918,733.9,0.0872
8479,4,2449.41,5312.78,0.473782,8.663637539553752e-05,2.643618,739.1,0.0866
8480,4,2449.61,5312.3,0.399792,8.663198037306285e-05,2.405483,730.1,0.0877
8481,4,2449.81,5311.81,0.406428,8.6627584740811e-05,1.944455,750.6,0.0853
8482,4,2450.0,5311.32,0.383699,8.662318849885617e-05,2.277164,754.4,0.0848
8483,4,2450.2,5310.84,0.330825,8.661879164727255e-05,2.58498,758.0,0.0844
8484,4,2450.4,5310.35,0.389627,8.661439418613433e-05,2.604906,770.9,0.083
8485,4,2450.6,5309.87,0.31335,8.660999611551574e-05,1.652971,708.8,0.0903
8486,4,2450.79,5309.37,0.531991,8.660559743549099e-05,2.324936,751.1,0.0852
8487,4,2450.99,5308.9,0.347924,8.660119814613433e-05,1.782178,717.9,0.0892
8488,4,2451.19,5308.41,0.428493,8.659679824751999e-05,2.800667,722.3,0.0886
8489,4,2451.39,5307.92,0.46878,8.659239773972223e-05,2.345159,727.5,0.088
8490,4,2451.58,5307.43,0.410732,8.658799662281532e-05,1.705763,713.5,0.0897
8491,4,2451.78,5306.94,0.418519,8.658359489687352e-05,2.113148,739.2,0.0866
8492,4,2451.98,5306.46,0.362161,8.657919256197113e-05,1.729136,736.8,0.0869
8493,4,2452.17,5305.97,0.469324,8.657478961818245e-05,2.258632,739.0,0.0866
8494,4,2452.37,5305.48,0.517758,8.657038606558176e-05,2.517928,747.6,0.0856
8495,4,2452.57,5305.0,0.248578,8.65659819042434e-05,1.666568,738.3,0.0867
8496,4,2452.77,5304.52,0.385699,8.65615771342417e-05,2.296656,726.8,0.0881
8497,4,2452.97,5304.04,0.405074,8.655717175565097e-05,1.824,702.3,0.0911
8498,4,2453.17,5303.56,0.356605,8.655276576854557e-05,2.185286,696.6,0.0919
8499,4,2453.36,5303.06,0.379632,8.654835917299987e-05,2.060579,748.8,0.0855
8500,4,2453.57,5302.59,0.456743,8.654395196908821e-05,1.901585,692.9,0.0924
8501,4,2453.76,5302.11,0.428683,8.653954415688498e-05,2.076469,729.7,0.0877
8502,4,2453.97,5301.63,0.447598,8.653513573646459e-05,2.955687,698.7,0.0916
8503,4,2454.16,5301.14,0.504039,8.65307267079014e-05,2.006063,715.0,0.0895
8504,4,2454.36,5300.66,0.403185,8.652631707126985e-05,1.821191,714.3,0.0896
8505,4,2454.56,5300.17,0.398978,8.652190682664435e-05,2.240874,737.8,0.0867
8506,4,2454.76,5299.69,0.438845,8.651749597409933e-05,1.646786,728.6,0.0878
8507,4,2454.96,5299.21,0.347253,8.651308451370921e-05,1.503707,717.7,0.0892
8508,4,2455.16,5298.73,0.502831,8.650867244554846e-05,2.071101,711.4,0.09
8509,4,2455.35,5298.24,0.320327,8.650425976969153e-05,1.483746,746.4,0.0858
8510,4,2455.55,5297.76,0.425141,8.64998464862129e-05,1.781462,726.8,0.0881
8511,4,2455.75,5297.27,0.403646,8.649543259518704e-05,1.675908,752.7,0.085
8512,4,2455.95,5296.79,0.381548,8.649101809668846e-05,2.057148,743.8,0.086
8513,4,2456.15,5296.32,0.442624,8.648660299079164e-05,1.993086,720.2,0.0889
8514,4,2456.34,5295.82,0.442914,8.64821872775711e-05,1.909293,745.2,0.0859
8515,4,2456.54,5295.34,0.338606,8.647777095710135e-05,2.100885,770.8,0.083
8516,4,2456.74,5294.86,0.446284,8.647335402945692e-05,2.101039,727.8,0.0879
8517,4,2456.94,5294.38,0.406809,8.646893649471237e-05,1.919403,718.2,0.0891
8518,4,2457.14,5293.9,0.441214,8.646451835294225e-05,2.256945,713.0,0.0898
8519,4,2457.33,5293.41,0.486668,8.64600996042211e-05,1.912155,750.4,0.0853
8520,4,2457.54,5292.94,0.35142,8.645568024862353e-05,2.388448,694.0,0.0922
8521,4,2457.73,5292.44,0.324917,8.645126028622408e-05,1.649206,764.2,0.0837
8522,4,2457.93,5291.96,0.306651,8.644683971709738e-05,1.457708,748.6,0.0855
8523,4,2458.13,5291.48,0.440046,8.644241854131801e-05,1.865968,743.7,0.0861
8524,4,2458.32,5290.99,0.345173,8.64379967589606e-05,1.699461,758.7,0.0844
8525,4,2458.52,5290.51,0.380573,8.643357437009976e-05,1.42321,715.6,0.0894
8526,4,2458.72,5290.03,0.374362,8.642915137481012e-05,2.049762,730.2,0.0877
8527,4,2458.93,5289.56,0.391829,8.642472777316633e-05,2.544342,691.1,0.0926
8528,4,2459.12,5289.07,0.605116,8.642030356524304e-05,2.628728,705.6,0.0907
8529,4,2459.31,5288.58,0.39738,8.641587875111494e-05,1.54689,748.4,0.0855
8530,4,2459.51,5288.09,0.393813,8.64114533308567e-05,1.917008,758.0,0.0844
8531,4,2459.71,5287.62,0.457894,8.640702730454297e-05,2.057552,732.9,0.0873
8532,4,2459.91,5287.14,0.356346,8.640260067224848e-05,2.30194,720.9,0.0888
8533,4,2460.11,5286.66,0.463544,8.639817343404791e-05,1.701892,717.7,0.0892
8534,4,2460.31,5286.18,0.386601,8.6393745590016e-05,2.120956,719.9,0.0889
8535,4,2460.51,5285.7,0.341042,8.638931714022745e-05,1.692768,722.6,0.0886
8536,4,2460.71,5285.22,0.388262,8.638488808475701e-05,1.229405,738.7,0.0866
8537,4,2460.91,5284.74,0.382254,8.638045842367944e-05,1.866078,714.1,0.0896
8538,4,2461.11,5284.26,0.457403,8.637602815706946e-05,2.035021,704.8,0.0908
8539,4,2461.3,5283.78,0.319152,8.637159728500188e-05,1.528292,719.5,0.089
8540,4,2461.5,5283.29,0.395472,8.636716580755145e-05,2.031877,746.2,0.0858
8541,4,2461.7,5282.81,0.353229,8.636273372479296e-05,1.468021,745.2,0.0859
8542,4,2461.9,5282.32,0.469923,8.635830103680123e-05,1.748267,754.7,0.0848
8543,4,2462.09,5281.84,0.38572,8.635386774365104e-05,1.947781,761.0,0.0841
8544,4,2462.3,5281.38,0.393593,8.63494338454172e-05,1.899109,699.4,0.0915
8545,4,2462.49,5280.89,0.367533,8.634499934217459e-05,1.662294,725.8,0.0882
8546,4,2462.69,5280.41,0.347419,8.6340564233998e-05,1.540806,715.7,0.0894
8547,4,2462.89,5279.92,0.351119,8.633612852096227e-05,1.666334,758.7,0.0844
8548,4,2463.09,5279.45,0.360104,8.633169220314231e-05,2.495676,715.0,0.0895
8549,4,2463.28,5278.96,0.387952,8.632725528061295e-05,2.210912,731.0,0.0875
8550,4,2463.48,5278.48,0.32826,8.632281775344908e-05,2.018886,701.7,0.0912
8551,4,2463.67,5277.98,0.43728,8.631837962172558e-05,1.961112,775.4,0.0825
8552,4,2463.87,5277.5,0.498673,8.631394088551738e-05,2.011502,770.4,0.0831
8553,4,2464.07,5277.02,0.476777,8.630950154489936e-05,2.000036,750.9,0.0852
8554,4,2464.27,5276.54,0.426777,8.630506159994645e-05,2.354984,771.5,0.083
8555,4,2464.46,5276.05,0.430157,8.630062105073357e-05,1.971946,759.1,0.0843
8556,4,2464.66,5275.58,0.323954,8.629617989733568e-05,1.771538,729.9,0.0877
8557,4,2464.86,5275.1,0.475753,8.629173813982772e-05,1.966094,721.2,0.0887
8558,4,2465.06,5274.61,0.275118,8.628729577828465e-05,1.49561,752.6,0.085
8559,4,2465.26,5274.13,0.427292,8.628285281278142e-05,1.76515,748.5,0.0855
8560,4,2465.45,5273.65,0.354914,8.627840924339306e-05,1.740116,756.8,0.0846
8561,4,2465.66,5273.19,0.391243,8.627396507019453e-05,1.680711,708.4,0.0903
8562,4,2465.85,5272.7,0.406901,8.626952029326084e-05,2.04117,742.1,0.0862
8563,4,2466.05,5272.22,0.494756,8.626507491266697e-05,2.209323,710.3,0.0901
8564,4,2466.25,5271.73,0.363485,8.626062892848799e-05,1.810079,746.7,0.0857
8565,4,2466.44,5271.25,0.393923,8.625618234079892e-05,1.470396,757.4,0.0845
8566,4,2466.64,5270.78,0.318991,8.625173514967478e-05,1.369609,742.4,0.0862
8567,4,2466.84,5270.3,0.436638,8.624728735519066e-05,1.895855,740.2,0.0865
8568,4,2467.05,5269.83,0.539302,8.624283895742158e-05,1.845456,704.1,0.0909
8569,4,2467.24,5269.34,0.283449,8.623838995644262e-05,1.36558,743.5,0.0861
8570,4,2467.45,5268.87,0.312164,8.62339403523289e-05,1.26437,693.2,0.0923
8571,4,2467.64,5268.38,0.298417,8.622949014515546e-05,1.412361,741.7,0.0863
8572,4,2467.84,5267.91,0.326748,8.622503933499747e-05,1.505024,729.0,0.0878
8573,4,2468.04,5267.43,0.421498,8.622058792192998e-05,2.064667,717.4,0.0892
8574,4,2468.24,5266.96,0.322438,8.621613590602815e-05,1.449975,698.3,0.0917
8575,4,2468.43,5266.46,0.370712,8.621168328736711e-05,2.142895,750.0,0.0853
8576,4,2468.63,5266.0,0.393245,8.620723006602198e-05,1.884143,694.0,0.0922
8577,4,2468.83,5265.51,0.341844,8.620277624206794e-05,1.863746,710.1,0.0901
8578,4,2469.02,5265.02,0.420623,8.619832181558016e-05,1.823573,768.4,0.0833
8579,4,2469.22,5264.54,0.39312,8.619386678663377e-05,2.264252,750.3,0.0853
8580,4,2469.42,5264.06,0.482292,8.6189411155304e-05,2.262482,749.9,0.0853
8581,4,2469.62,5263.6,0.437109,8.618495492166603e-05,2.270779,717.1,0.0892
8582,4,2469.82,5263.13,0.401563,8.618049808579507e-05,1.608776,687.1,0.0931
8583,4,2470.01,5262.63,0.416362,8.617604064776632e-05,1.861216,778.0,0.0823
8584,4,2470.22,5262.16,0.364521,8.617158260765503e-05,1.865804,715.2,0.0895
8585,4,2470.41,5261.68,0.459691,8.616712396553641e-05,1.823067,727.5,0.088
8586,4,2470.61,5261.21,0.366545,8.616266472148572e-05,1.989954,697.1,0.0918
8587,4,2470.81,5260.72,0.345091,8.615820487557822e-05,1.754738,726.6,0.0881
8588,4,2471.0,5260.23,0.366003,8.615374442788916e-05,1.591325,757.7,0.0845
8589,4,2471.2,5259.76,0.377668,8.614928337849383e-05,2.00827,746.8,0.0857
8590,4,2471.4,5259.28,0.422403,8.61448217274675e-05,1.600158,732.3,0.0874
8591,4,2471.6,5258.79,0.435545,8.61403594748855e-05,1.800663,765.6,0.0836
8592,4,2471.8,5258.33,0.449743,8.613589662082311e-05,1.517575,706.0,0.0907
8593,4,2471.99,5257.84,0.441993,8.613143316535564e-05,1.745307,746.3,0.0858
8594,4,2472.19,5257.37,0.382269,8.612696910855844e-05,1.25227,748.0,0.0856
8595,4,2472.39,5256.89,0.402217,8.612250445050684e-05,1.890792,755.0,0.0848
8596,4,2472.6,5256.42,0.460131,8.611803919127618e-05,2.137239,703.0,0.091
8597,4,2472.79,5255.93,0.454917,8.611357333094181e-05,1.310546,753.6,0.0849
8598,4,2472.99,5255.45,0.347861,8.610910686957912e-05,1.553973,755.8,0.0847
8599,4,2473.18,5254.98,0.341716,8.610463980726347e-05,1.765674,748.7,0.0855
8600,4,2473.38,5254.5,0.326878,8.610017214407026e-05,1.558626,752.4,0.0851
8601,4,2473.58,5254.02,0.451904,8.609570388007487e-05,1.748001,760.1,0.0842
8602,4,2473.79,5253.56,0.384363,8.609123501535273e-05,1.213382,700.3,0.0914
8603,4,2473.98,5253.08,0.310705,8.608676554997925e-05,1.471882,703.1,0.091
8604,4,2474.18,5252.6,0.546725,8.608229548402986e-05,2.44958,723.2,0.0885
8605,4,2474.38,5252.13,0.474159,8.607782481758e-05,2.562305,707.0,0.0905
8606,4,2474.58,5251.65,0.384306,8.60733535507051e-05,2.146586,701.2,0.0913
8607,4,2474.78,5251.17,0.366906,8.606888168348065e-05,2.031975,713.5,0.0897
8608,4,2474.97,5250.69,0.525857,8.606440921598209e-05,1.927332,735.4,0.087
8609,4,2475.17,5250.22,0.333913,8.60599361482849e-05,1.768927,729.1,0.0878
8610,4,2475.37,5249.75,0.428658,8.60554624804646e-05,2.104228,705.8,0.0907
8611,4,2475.57,5249.27,0.446475,8.605098821259665e-05,1.797676,712.2,0.0899
8612,4,2475.76,5248.78,0.424193,8.60465133447566e-05,2.32975,748.2,0.0855
8613,4,2475.97,5248.32,0.415238,8.604203787701993e-05,1.775787,707.2,0.0905
8614,4,2476.16,5247.82,0.413627,8.603756180946221e-05,1.899669,787.6,0.0813
8615,4,2476.35,5247.34,0.391342,8.603308514215894e-05,1.795473,768.5,0.0833
8616,4,2476.56,5246.87,0.406492,8.602860787518569e-05,1.622586,743.0,0.0861
8617,4,2476.76,5246.4,0.320055,8.602413000861802e-05,1.714256,716.1,0.0894
8618,4,2476.96,5245.93,0.441395,8.60196515425315e-05,1.896831,705.6,0.0907
8619,4,2477.15,5245.44,0.443805,8.601517247700172e-05,1.69207,757.4,0.0845
8620,4,2477.35,5244.97,0.422458,8.601069281210425e-05,1.876814,746.9,0.0857
8621,4,2477.55,5244.49,0.324456,8.60062125479147e-05,1.816866,763.9,0.0838
8622,4,2477.75,5244.02,0.4095,8.600173168450867e-05,2.104667,723.5,0.0885
8623,4,2477.95,5243.55,0.341297,8.59972502219618e-05,1.54181,715.9,0.0894
8624,4,2478.14,5243.06,0.389253,8.599276816034971e-05,2.104199,764.3,0.0837
8625,4,2478.34,5242.59,0.363776,8.598828549974805e-05,1.968519,741.1,0.0864
8626,4,2478.54,5242.12,0.367298,8.598380224023246e-05,2.111351,738.6,0.0867
8627,4,2478.74,5241.64,0.334774,8.597931838187861e-05,2.232268,721.4,0.0887
8628,4,2478.94,5241.17,0.347961,8.597483392476217e-05,1.887466,699.9,0.0914
8629,4,2479.13,5240.68,0.364084,8.59703488689588e-05,1.683969,758.1,0.0844
8630,4,2479.33,5240.22,0.387115,8.596586321454423e-05,2.460728,719.0,0.089
8631,4,2479.53,5239.74,0.409788,8.596137696159413e-05,2.044521,700.2,0.0914
8632,4,2479.72,5239.25,0.427417,8.595689011018421e-05,2.167983,762.7,0.0839
8633,4,2479.92,5238.77,0.450106,8.595240266039021e-05,2.006518,757.3,0.0845
8634,4,2480.12,5238.3,0.473845,8.594791461228787e-05,2.13671,749.0,0.0854
8635,4,2480.32,5237.82,0.324129,8.59434259659529e-05,1.731785,743.0,0.0861
8636,4,2480.52,5237.35,0.412666,8.593893672146109e-05,1.662378,714.2,0.0896
8637,4,2480.72,5236.88,0.429485,8.593444687888818e-05,2.368744,693.3,0.0923
8638,4,2480.92,5236.41,0.329599,8.592995643830994e-05,1.483304,694.6,0.0921
8639,4,2481.11,5235.92,0.444451,8.592546539980217e-05,2.788402,723.9,0.0884
8640,4,2481.31,5235.45,0.401118,8.592097376344063e-05,1.822339,731.4,0.0875
8641,4,2481.51,5234.98,0.334368,8.591648152930117e-05,1.878839,737.5,0.0868
8642,4,2481.71,5234.5,0.299285,8.591198869745955e-05,2.480969,756.5,0.0846
8643,4,2481.9,5234.03,0.376017,8.590749526799163e-05,1.90395,752.8,0.085
8644,4,2482.11,5233.56,0.437977,8.590300124097323e-05,2.168203,727.4,0.088
8645,4,2482.31,5233.09,0.365745,8.58985066164802e-05,1.796664,707.9,0.0904
8646,4,2482.5,5232.6,0.503394,8.589401139458839e-05,2.295373,776.5,0.0824
8647,4,2482.71,5232.14,0.312094,8.588951557537364e-05,2.133735,693.4,0.0923
8648,4,2482.9,5231.66,0.4658,8.588501915891187e-05,2.007072,721.3,0.0887
8649,4,2483.09,5231.17,0.446759,8.58805221452789e-05,2.229404,781.8,0.0819
8650,4,2483.3,5230.72,0.391216,8.587602453455069e-05,1.72386,701.4,0.0912
8651,4,2483.49,5230.22,0.328403,8.587152632680311e-05,1.792303,775.9,0.0825
8652,4,2483.69,5229.76,0.422632,8.586702752211205e-05,2.472629,722.9,0.0885
8653,4,2483.89,5229.29,0.441093,8.586252812055349e-05,2.462194,722.3,0.0886
8654,4,2484.09,5228.81,0.475362,8.585802812220331e-05,2.029531,736.5,0.0869
8655,4,2484.29,5228.34,0.358772,8.585352752713748e-05,1.763584,734.1,0.0872
8656,4,2484.49,5227.87,0.335429,8.584902633543197e-05,2.042679,731.4,0.0875
8657,4,2484.69,5227.4,0.453348,8.584452454716272e-05,2.786763,700.0,0.0914
8658,4,2484.89,5226.93,0.506732,8.58400221624057e-05,2.624309,685.3,0.0934
8659,4,2485.09,5226.46,0.413906,8.583551918123692e-05,2.058395,696.0,0.092
8660,4,2485.29,5225.99,0.410336,8.583101560373235e-05,2.456183,682.4,0.0938
8661,4,2485.5,5225.54,0.307562,8.5826511429968e-05,2.088032,741.9,0.0863
8662,4,2485.7,5225.08,0.476865,8.582200666001989e-05,1.755949,697.4,0.0918
8663,4,2485.9,5224.6,0.348281,8.581750129396403e-05,1.895843,707.0,0.0905
8664,4,2486.09,5224.12,0.323749,8.581299533187647e-05,1.584375,740.5,0.0864
8665,4,2486.29,5223.65,0.329224,8.580848877383324e-05,1.687512,730.9,0.0876
8666,4,2486.49,5223.17,0.366063,8.580398161991042e-05,1.958947,759.6,0.0843
8667,4,2486.69,5222.71,0.391942,8.579947387018404e-05,2.060414,703.9,0.0909
8668,4,2486.88,5222.23,0.285314,8.579496552473021e-05,1.322685,746.7,0.0857
8669,4,2487.08,5221.75,0.374009,8.579045658362497e-05,1.599451,748.7,0.0855
8670,4,2487.28,5221.29,0.494723,8.578594704694445e-05,2.04686,717.2,0.0892
8671,4,2487.48,5220.8,0.351597,8.578143691476474e-05,1.824954,746.1,0.0858
8672,4,2487.68,5220.34,0.375165,8.577692618716197e-05,1.581027,700.3,0.0914
8673,4,2487.87,5219.86,0.375471,8.577241486421226e-05,2.100577,742.8,0.0862
8674,4,2488.07,5219.38,0.462395,8.576790294599173e-05,2.343376,757.2,0.0845
8675,4,2488.26,5218.9,0.332599,8.576339043257654e-05,1.690679,764.7,0.0837
8676,4,2488.47,5218.44,0.311318,8.575887732404284e-05,2.595386,737.0,0.0868
8677,4,2488.66,5217.96,0.507521,8.575436362046679e-05,2.545768,751.9,0.0851
8678,4,2488.86,5217.48,0.470167,8.574984932192457e-05,2.408426,776.0,0.0825
8679,4,2489.06,5217.02,0.428074,8.574533442849236e-05,2.279019,715.6,0.0894
8680,4,2489.25,5216.53,0.340935,8.574081894024638e-05,1.78695,761.9,0.084
8681,4,2489.46,5216.07,0.301856,8.57363028572628e-05,2.066409,727.3,0.088
8682,4,2489.65,5215.59,0.476697,8.573178617961784e-05,2.049932,759.6,0.0843
8683,4,2489.85,5215.13,0.391349,8.572726890738775e-05,2.342197,710.2,0.0901
8684,4,2490.05,5214.66,0.444258,8.572275104064874e-05,1.976702,715.5,0.0894
8685,4,2490.25,5214.18,0.334401,8.571823257947708e-05,2.023523,730.6,0.0876
8686,4,2490.44,5213.7,0.331432,8.5713713523949e-05,1.830558,753.6,0.0849
8687,4,2490.64,5213.22,0.472629,8.570919387414078e-05,1.995986,767.5,0.0834
8688,4,2490.84,5212.76,0.349859,8.570467363012869e-05,1.664653,729.4,0.0877
8689,4,2491.04,5212.28,0.409293,8.570015279198903e-05,2.51139,738.3,0.0867
8690,4,2491.23,5211.81,0.448674,8.569563135979806e-05,2.917386,726.4,0.0881
8691,4,2491.43,5211.33,0.352769,8.569110933363212e-05,1.6154,762.3,0.084
8692,4,2491.63,5210.86,0.413199,8.56865867135675e-05,2.467628,742.7,0.0862
8693,4,2491.82,5210.39,0.503265,8.568206349968054e-05,2.216789,755.4,0.0847
8694,4,2492.03,5209.92,0.330713,8.567753969204759e-05,1.986905,712.1,0.0899
8695,4,2492.22,5209.45,0.391341,8.567301529074498e-05,1.731696,729.3,0.0878
8696,4,2492.42,5208.98,0.515337,8.566849029584904e-05,1.732652,719.9,0.0889
8697,4,2492.61,5208.49,0.390944,8.566396470743619e-05,2.24804,764.6,0.0837
8698,4,2492.81,5208.03,0.439408,8.565943852558276e-05,2.09361,734.1,0.0872
8699,4,2493.01,5207.56,0.506265,8.565491175036517e-05,2.54451,727.4,0.088
8700,4,2493.21,5207.08,0.358672,8.565038438185978e-05,2.086445,731.7,0.0875
8701,4,2501.25,5223.0,0.361354,8.564585642014301e-05,1.784253,693.8,0.0922
8702,4,2501.47,5222.55,0.399652,8.56413278652913e-05,1.993418,756.2,0.0846
8703,4,2501.67,5222.09,0.493266,8.563679871738104e-05,1.837537,709.5,0.0902
8704,4,2501.86,5221.6,0.333162,8.563226897648869e-05,2.008686,766.4,0.0835
8705,4,2502.06,5221.12,0.353706,8.562773864269067e-05,1.531987,747.3,0.0856
8706,4,2502.25,5220.65,0.461042,8.562320771606346e-05,1.489013,745.1,0.0859
8707,4,2502.45,5220.18,0.451797,8.56186761966835e-05,2.265994,717.5,0.0892
8708,4,2502.65,5219.7,0.394158,8.561414408462731e-05,2.262154,712.1,0.0899
8709,4,2502.85,5219.22,0.304087,8.560961137997132e-05,1.595242,720.9,0.0888
8710,4,2503.04,5218.74,0.414223,8.560507808279208e-05,1.814407,744.5,0.086
8711,4,2503.24,5218.26,0.321716,8.560054419316607e-05,1.675398,770.3,0.0831
8712,4,2503.44,5217.8,0.351678,8.559600971116979e-05,1.883638,717.1,0.0893
8713,4,2503.64,5217.32,0.335546,8.55914746368798e-05,1.828281,717.7,0.0892
8714,4,2503.83,5216.84,0.301067,8.558693897037258e-05,1.663935,728.9,0.0878
8715,4,2504.03,5216.36,0.598141,8.558240271172473e-05,3.216161,760.4,0.0842
8716,4,2504.22,5215.89,0.385084,8.557786586101281e-05,2.521987,752.9,0.085
8717,4,2504.42,5215.41,0.419771,8.557332841831334e-05,1.993918,762.0,0.084
8718,4,2504.62,5214.95,0.400773,8.556879038370291e-05,2.994485,695.0,0.0921
8719,4,2504.82,5214.47,0.426593,8.556425175725813e-05,2.307767,713.0,0.0898
8720,4,2505.02,5214.0,0.496093,8.555971253905558e-05,2.578267,719.2,0.089
8721,4,2505.21,5213.52,0.427337,8.555517272917186e-05,2.148678,757.9,0.0844
8722,4,2505.42,5213.07,0.41981,8.555063232768359e-05,2.745463,683.9,0.0936
8723,4,2505.62,5212.59,0.456307,8.554609133466739e-05,2.556571,691.6,0.0925
8724,4,2505.81,5212.12,0.491203,8.554154975019993e-05,2.710023,707.5,0.0905
8725,4,2506.01,5211.63,0.456612,8.553700757435781e-05,2.129373,747.3,0.0856
8726,4,2506.21,5211.17,0.545011,8.55324648072177e-05,1.771114,702.7,0.0911
8727,4,2506.41,5210.69,0.439185,8.552792144885629e-05,1.943727,718.3,0.0891
8728,4,2506.6,5210.21,0.371288,8.552337749935021e-05,1.384323,761.6,0.084
8729,4,2506.8,5209.74,0.360466,8.551883295877618e-05,1.655579,745.7,0.0858
8730,4,2506.99,5209.27,0.393798,8.551428782721089e-05,1.38632,745.6,0.0858
8731,4,2507.19,5208.79,0.407068,8.550974210473103e-05,1.473182,753.2,0.085
8732,4,2507.39,5208.32,0.426859,8.550519579141334e-05,1.927872,734.8,0.0871
8733,4,2507.59,5207.84,0.428122,8.550064888733451e-05,2.163288,756.0,0.0847
8734,4,2507.78,5207.37,0.56135,8.549610139257132e-05,3.318357,755.4,0.0847
8735,4,2507.98,5206.89,0.43907,8.549155330720048e-05,2.115903,772.7,0.0828
8736,4,2508.18,5206.42,0.435788,8.548700463129877e-05,1.447508,751.1,0.0852
8737,4,2508.38,5205.95,0.546096,8.548245536494293e-05,1.892057,736.6,0.0869
8738,4,2508.57,5205.47,0.386469,8.547790550820976e-05,1.619206,755.2,0.0847
8739,4,2508.77,5205.0,0.424698,8.547335506117603e-05,1.689198,727.5,0.088
8740,4,2508.96,5204.52,0.448433,8.546880402391852e-05,1.729908,757.7,0.0845
8741,4,2509.17,5204.06,0.4422,8.546425239651406e-05,2.070953,760.6,0.0841
8742,4,2509.37,5203.6,0.443279,8.545970017903946e-05,2.404437,703.6,0.091
8743,4,2509.57,5203.12,0.29564,8.545514737157154e-05,1.193664,727.2,0.088
8744,4,2509.76,5202.65,0.343692,8.545059397418715e-05,1.516223,746.5,0.0857
8745,4,2509.96,5202.18,0.44769,8.544603998696312e-05,1.648468,722.9,0.0885
8746,4,2510.16,5201.71,0.486291,8.544148540997629e-05,1.879965,697.1,0.0918
8747,4,2510.35,5201.22,0.467827,8.543693024330356e-05,1.997376,777.7,0.0823
8748,4,2510.56,5200.77,0.465895,8.543237448702179e-05,1.618329,706.4,0.0906
8749,4,2510.75,5200.29,0.291886,8.542781814120786e-05,1.376517,747.4,0.0856
8750,4,2510.95,5199.82,0.525432,8.542326120593866e-05,2.301877,710.5,0.0901
8751,4,2511.15,5199.34,0.406613,8.541870368129111e-05,2.312743,734.4,0.0872
8752,4,2511.34,5198.87,0.323634,8.54141455673421e-05,1.304049,732.2,0.0874
8753,4,2511.54,5198.4,0.369471,8.540958686416856e-05,1.655538,732.1,0.0874
8754,4,2511.74,5197.93,0.394549,8.540502757184746e-05,1.982286,717.9,0.0891
8755,4,2511.93,5197.45,0.477773,8.540046769045569e-05,1.565738,743.7,0.0861
8756,4,2512.13,5196.97,0.485977,8.539590722007026e-05,2.423285,756.2,0.0846
8757,4,2512.32,5196.5,0.367055,8.53913461607681e-05,1.782122,759.7,0.0842
8758,4,2512.53,5196.04,0.413433,8.538678451262618e-05,1.568992,734.9,0.0871
8759,4,2512.72,5195.56,0.406361,8.53822222757215e-05,1.446954,758.9,0.0843
8760,4,2512.92,5195.08,0.340935,8.537765945013106e-05,1.696093,767.7,0.0834
8761,4,2513.12,5194.62,0.329227,8.537309603593185e-05,1.468714,763.3,0.0838
8762,4,2513.32,5194.15,0.413218,8.536853203320089e-05,2.330097,734.5,0.0871
8763,4,2513.52,5193.69,0.344093,8.53639674420152e-05,1.632193,722.6,0.0886
8764,4,2513.71,5193.2,0.410592,8.53594022624518e-05,2.038427,779.7,0.0821
8765,4,2513.91,5192.73,0.442449,8.535483649458777e-05,1.676862,752.2,0.0851
8766,4,2514.1,5192.26,0.383239,8.535027013850015e-05,1.701444,774.3,0.0827
8767,4,2514.3,5191.78,0.432193,8.534570319426598e-05,2.289059,783.4,0.0817
8768,4,2514.5,5191.32,0.374599,8.534113566196234e-05,1.69546,751.0,0.0852
8769,4,2514.7,5190.86,0.392728,8.533656754166634e-05,2.009719,715.5,0.0895
8770,4,2514.89,5190.37,0.415794,8.533199883345505e-05,2.385769,766.8,0.0835
8771,4,2515.09,5189.9,0.378235,8.532742953740558e-05,1.906119,769.2,0.0832
8772,4,2515.29,5189.44,0.356147,8.532285965359503e-05,2.161747,728.3,0.0879
8773,4,2515.49,5188.98,0.409851,8.531828918210056e-05,2.031357,694.3,0.0922
8774,4,2515.69,5188.51,0.482553,8.531371812299927e-05,2.42471,701.7,0.0912
8775,4,2515.89,5188.03,0.325085,8.530914647636831e-05,2.040703,733.3,0.0873
8776,4,2516.08,5187.56,0.320604,8.530457424228485e-05,2.001262,726.7,0.0881
8777,4,2516.28,5187.09,0.330509,8.530000142082602e-05,2.068517,743.8,0.086
8778,4,2516.48,5186.63,0.33441,8.529542801206901e-05,1.645328,701.8,0.0912
8779,4,2516.67,5186.14,0.273909,8.529085401609102e-05,1.408548,755.0,0.0848
8780,4,2516.88,5185.68,0.289499,8.52862794329692e-05,1.977594,719.5,0.089
8781,4,2517.08,5185.22,0.416448,8.52817042627808e-05,2.04519,729.5,0.0877
8782,4,2517.27,5184.74,0.388418,8.5277128505603e-05,2.441519,759.6,0.0843
8783,4,2517.47,5184.27,0.435825,8.527255216151304e-05,2.958824,752.0,0.0851
8784,4,2517.66,5183.8,0.363836,8.526797523058813e-05,2.252,766.5,0.0835
8785,4,2517.87,5183.34,0.447925,8.526339771290554e-05,2.636347,714.6,0.0896
8786,4,2518.06,5182.87,0.436792,8.525881960854251e-05,2.344231,750.1,0.0853
8787,4,2518.26,5182.4,0.354337,8.525424091757629e-05,2.431145,729.1,0.0878
8788,4,2518.46,5181.93,0.373704,8.524966164008418e-05,2.006127,747.7,0.0856
8789,4,2518.66,5181.47,0.386569,8.524508177614343e-05,2.454965,706.7,0.0906
8790,4,2518.86,5180.99,0.475041,8.524050132583136e-05,1.833705,737.1,0.0868
8791,4,2519.06,5180.53,0.368592,8.523592028922523e-05,2.27687,717.0,0.0893
8792,4,2519.26,5180.06,0.328932,8.52313386664024e-05,1.549708,707.4,0.0905
8793,4,2519.44,5179.57,0.350153,8.522675645744016e-05,2.464983,776.8,0.0824
8794,4,2519.65,5179.12,0.372261,8.522217366241585e-05,2.050129,725.9,0.0882
8795,4,2519.85,5178.65,0.501511,8.521759028140682e-05,2.186009,726.2,0.0881
8796,4,2520.04,5178.17,0.508042,8.52130063144904e-05,2.661529,760.8,0.0841
8797,4,2520.24,5177.71,0.341501,8.520842176174397e-05,1.686269,740.5,0.0864
8798,4,2520.44,5177.23,0.443262,8.520383662324489e-05,1.737431,750.1,0.0853
8799,4,2520.64,5176.77,0.33546,8.519925089907054e-05,1.627176,745.1,0.0859
8800,4,2520.83,5176.3,0.48615,8.519466458929833e-05,1.852481,770.6,0.0831
8801,4,2521.08,5175.92,0.421769,8.519007769400564e-05,1.847166,709.1,0.0903
8802,4,2521.27,5175.44,0.480466,8.518549021326988e-05,1.816711,749.3,0.0854
8803,4,2521.46,5174.97,0.387282,8.518090214716847e-05,1.525876,768.5,0.0833
8804,4,2521.67,5174.52,0.445205,8.517631349577886e-05,1.934404,711.1,0.09
8805,4,2521.86,5174.04,0.396247,8.517172425917846e-05,1.630451,742.2,0.0862
8806,4,2522.06,5173.58,0.385472,8.516713443744473e-05,1.488785,715.6,0.0894
8807,4,2522.25,5173.09,0.353449,8.516254403065516e-05,1.806903,772.9,0.0828
8808,4,2522.45,5172.63,0.39261,8.515795303888717e-05,1.804098,761.8,0.084
8809,4,2522.65,5172.16,0.424802,8.515336146221827e-05,1.573974,777.7,0.0823
8810,4,2522.84,5171.69,0.411989,8.514876930072595e-05,1.564444,775.8,0.0825
8811,4,2523.05,5171.23,0.40637,8.51441765544877e-05,2.093237,703.6,0.091
8812,4,2523.24,5170.75,0.386876,8.513958322358103e-05,1.795659,754.2,0.0849
8813,4,2523.44,5170.29,0.342934,8.513498930808345e-05,1.757512,732.1,0.0874
8814,4,2523.64,5169.82,0.447166,8.513039480807251e-05,2.053987,736.9,0.0868
8815,4,2523.83,5169.34,0.404243,8.512579972362575e-05,1.591195,774.2,0.0827
8816,4,2524.03,5168.88,0.515824,8.512120405482068e-05,2.250813,736.2,0.0869
8817,4,2524.23,5168.41,0.573762,8.51166078017349e-05,1.982292,761.3,0.0841
8818,4,2524.42,5167.94,0.448053,8.511201096444595e-05,1.730795,770.5,0.0831
8819,4,2524.62,5167.46,0.314948,8.510741354303143e-05,1.515586,785.7,0.0815
8820,4,2524.82,5167.01,0.471297,8.51028155375689e-05,2.276299,730.7,0.0876
8821,4,2525.02,5166.54,0.434465,8.509821694813599e-05,2.190855,739.1,0.0866
8822,4,2525.21,5166.07,0.313751,8.509361777481028e-05,1.585666,753.7,0.0849
8823,4,2525.41,5165.6,0.445427,8.508901801766939e-05,2.225603,736.3,0.0869
8824,4,2525.6,5165.12,0.432846,8.5084417676791e-05,2.022679,791.3,0.0809
8825,4,2525.8,5164.66,0.46423,8.507981675225265e-05,2.308016,748.0,0.0856
8826,4,2526.0,5164.2,0.390951,8.507521524413208e-05,1.659497,728.0,0.0879
8827,4,2526.2,5163.73,0.421179,8.507061315250691e-05,2.003625,730.2,0.0877
8828,4,2526.39,5163.25,0.337138,8.50660104774548e-05,1.618943,770.8,0.083
8829,4,2526.59,5162.78,0.406818,8.506140721905342e-05,1.935096,773.7,0.0827
8830,4,2526.79,5162.32,0.330389,8.505680337738048e-05,1.834208,732.2,0.0874
8831,4,2526.99,5161.85,0.429271,8.505219895251366e-05,1.961953,738.5,0.0867
8832,4,2527.18,5161.38,0.440902,8.504759394453067e-05,2.234847,747.9,0.0856
8833,4,2527.38,5160.91,0.398569,8.504298835350921e-05,2.079154,761.8,0.084
8834,4,2527.58,5160.44,0.392487,8.503838217952705e-05,1.625346,767.5,0.0834
8835,4,2527.78,5159.98,0.392901,8.503377542266187e-05,2.096544,724.8,0.0883
8836,4,2527.97,5159.52,0.426275,8.502916808299146e-05,1.772521,729.3,0.0878
8837,4,2528.17,5159.04,0.338163,8.502456016059353e-05,1.382362,763.1,0.0839
8838,4,2528.37,5158.59,0.363154,8.501995165554589e-05,1.393199,697.0,0.0918
8839,4,2528.57,5158.13,0.312811,8.501534256792631e-05,1.719765,701.1,0.0913
8840,4,2528.76,5157.65,0.473764,8.501073289781255e-05,2.421808,754.1,0.0849
8841,4,2528.96,5157.19,0.342839,8.500612264528242e-05,1.563175,761.1,0.0841
8842,4,2529.16,5156.73,0.356135,8.500151181041372e-05,1.664245,735.7,0.087
8843,4,2529.36,5156.26,0.294063,8.499690039328427e-05,1.757322,741.0,0.0864
8844,4,2529.56,5155.8,0.415658,8.49922883939719e-05,1.800826,726.0,0.0881
8845,4,2529.76,5155.33,0.47959,8.498767581255443e-05,2.268726,736.4,0.0869
8846,4,2529.96,5154.86,0.504445,8.498306264910968e-05,2.412163,753.8,0.0849
8847,4,2530.15,5154.4,0.414289,8.497844890371555e-05,2.18446,744.3,0.086
8848,4,2530.35,5153.94,0.389859,8.497383457644989e-05,2.366496,715.2,0.0895
8849,4,2530.55,5153.48,0.393411,8.496921966739057e-05,1.812981,706.2,0.0906
8850,4,2530.75,5153.01,0.480816,8.496460417661544e-05,2.374455,694.5,0.0922
8851,4,2530.95,5152.55,0.29177,8.495998810420245e-05,2.240882,699.4,0.0915
8852,4,2531.15,5152.08,0.258216,8.495537145022948e-05,1.488699,690.1,0.0927
8853,4,2531.35,5151.62,0.29116,8.495075421477443e-05,2.02333,682.6,0.0938
8854,4,2531.54,5151.14,0.375588,8.494613639791523e-05,2.11545,725.1,0.0883
8855,4,2531.74,5150.68,0.323565,8.49415179997298e-05,1.954873,725.5,0.0882
8856,4,2531.93,5150.21,0.407879,8.493689902029613e-05,2.401219,757.6,0.0845
8857,4,2532.13,5149.75,0.416947,8.49322794596921e-05,2.65539,745.2,0.0859
8858,4,2532.33,5149.28,0.473127,8.492765931799573e-05,2.436861,727.2,0.088
8859,4,2532.53,5148.82,0.368231,8.492303859528495e-05,1.889031,740.2,0.0865
8860,4,2532.73,5148.35,0.273022,8.491841729163776e-05,1.847965,741.1,0.0864
8861,4,2532.93,5147.89,0.38299,8.491379540713216e-05,2.573572,734.7,0.0871
8862,4,2533.13,5147.43,0.48862,8.490917294184613e-05,2.270729,728.8,0.0878
8863,4,2533.33,5146.97,0.373471,8.49045498958577e-05,1.783529,714.2,0.0896
8864,4,2533.53,5146.51,0.429611,8.489992626924489e-05,2.472403,691.0,0.0926
8865,4,2533.72,5146.04,0.336095,8.489530206208572e-05,1.93712,727.7,0.0879
8866,4,2533.92,5145.58,0.482195,8.489067727445822e-05,1.956991,701.4,0.0912
8867,4,2534.12,5145.12,0.395396,8.488605190644045e-05,2.040082,722.8,0.0885
8868,4,2534.32,5144.65,0.425414,8.488142595811047e-05,1.989065,722.1,0.0886
8869,4,2534.52,5144.19,0.330539,8.487679942954636e-05,1.528404,713.0,0.0898
8870,4,2534.71,5143.73,0.315121,8.487217232082618e-05,1.767135,728.7,0.0878
8871,4,2534.91,5143.27,0.361085,8.486754463202803e-05,2.275683,720.8,0.0888
8872,4,2535.11,5142.8,0.344559,8.486291636323002e-05,1.891266,751.0,0.0852
8873,4,2535.31,5142.34,0.526375,8.485828751451024e-05,2.620365,746.9,0.0857
8874,4,2535.51,5141.88,0.435419,8.48536580859468e-05,2.383175,717.2,0.0892
8875,4,2535.71,5141.41,0.436093,8.484902807761787e-05,1.760957,724.4,0.0884
8876,4,2535.9,5140.95,0.36211,8.484439748960155e-05,2.225905,743.3,0.0861
8877,4,2536.11,5140.5,0.490642,8.4839766321976e-05,2.234779,687.1,0.0931
8878,4,2536.3,5140.02,0.401056,8.483513457481937e-05,1.525398,734.3,0.0872
8879,4,2536.5,5139.57,0.389282,8.483050224820982e-05,2.299684,702.7,0.0911
8880,4,2536.7,5139.09,0.412494,8.482586934222554e-05,1.634062,741.1,0.0864
8881,4,2536.9,5138.64,0.488408,8.482123585694474e-05,2.437443,724.0,0.0884
8882,4,2537.1,5138.18,0.353747,8.481660179244557e-05,1.936187,739.9,0.0865
8883,4,2537.3,5137.72,0.398063,8.481196714880627e-05,2.294704,695.5,0.092
8884,4,2537.49,5137.25,0.367622,8.480733192610504e-05,2.284624,744.3,0.086
8885,4,2537.7,5136.8,0.518541,8.48026961244201e-05,2.005055,703.5,0.091
8886,4,2537.89,5136.32,0.380912,8.47980597438297e-05,1.905416,752.4,0.0851
8887,4,2538.09,5135.86,0.496506,8.479342278441208e-05,2.346383,757.0,0.0845
8888,4,2538.29,5135.41,0.42485,8.47887852462455e-05,1.808149,704.8,0.0908
8889,4,2538.49,5134.95,0.48242,8.478414712940822e-05,1.973501,709.7,0.0902
8890,4,2538.69,5134.49,0.481853,8.477950843397851e-05,2.619375,703.0,0.091
8891,4,2538.88,5134.02,0.421701,8.477486916003466e-05,1.74214,724.4,0.0883
8892,4,2539.08,5133.55,0.450022,8.477022930765497e-05,1.489678,749.0,0.0854
8893,4,2539.28,5133.1,0.357219,8.476558887691773e-05,1.889049,712.2,0.0899
8894,4,2539.48,5132.63,0.456846,8.476094786790127e-05,1.445897,754.8,0.0848
8895,4,2539.67,5132.17,0.30494,8.47563062806839e-05,1.287564,754.6,0.0848
8896,4,2539.87,5131.71,0.384235,8.475166411534395e-05,1.44663,733.6,0.0872
8897,4,2540.07,5131.25,0.444307,8.47470213719598e-05,1.980275,719.3,0.089
8898,4,2540.27,5130.79,0.433997,8.474237805060975e-05,1.69367,712.9,0.0898
8899,4,2540.47,5130.33,0.377128,8.473773415137218e-05,1.527269,731.6,0.0875
8900,4,2540.66,5129.86,0.393949,8.473308967432549e-05,1.398514,776.3,0.0824
8901,4,2540.87,5129.42,0.358861,8.472844461954804e-05,1.728242,704.0,0.0909
8902,4,2541.07,5128.95,0.490448,8.47237989871182e-05,2.296204,752.0,0.0851
8903,4,2541.27,5128.5,0.398936,8.471915277711442e-05,1.844964,717.6,0.0892
8904,4,2541.46,5128.03,0.453497,8.471450598961506e-05,1.73227,751.1,0.0852
8905,4,2541.66,5127.57,0.439416,8.470985862469858e-05,2.857355,732.3,0.0874
8906,4,2541.87,5127.11,0.517607,8.470521068244338e-05,2.329205,701.0,0.0913
8907,4,2542.07,5126.66,0.351079,8.470056216292793e-05,1.55185,701.8,0.0912
8908,4,2542.26,5126.2,0.322429,8.469591306623067e-05,1.342516,716.8,0.0893
8909,4,2542.46,5125.73,0.498516,8.469126339243007e-05,2.046419,742.6,0.0862
8910,4,2542.66,5125.26,0.386098,8.468661314160458e-05,1.884904,753.0,0.085
8911,4,2542.85,5124.8,0.451416,8.468196231383268e-05,2.573744,740.9,0.0864
8912,4,2543.05,5124.35,0.512641,8.467731090919286e-05,2.715883,732.9,0.0873
8913,4,2543.25,5123.88,0.385718,8.467265892776364e-05,1.889405,768.4,0.0833
8914,4,2543.45,5123.42,0.480275,8.466800636962351e-05,2.966871,736.3,0.0869
8915,4,2543.65,5122.96,0.35284,8.466335323485098e-05,1.689589,744.6,0.086
8916,4,2543.85,5122.51,0.372374,8.46586995235246e-05,1.60713,726.6,0.0881
8917,4,2544.05,5122.05,0.535901,8.465404523572289e-05,2.304674,713.8,0.0897
8918,4,2544.24,5121.57,0.330914,8.46493903715244e-05,2.392514,766.6,0.0835
8919,4,2544.44,5121.12,0.408557,8.46447349310077e-05,2.228187,723.3,0.0885
8920,4,2544.64,5120.66,0.416956,8.464007891425136e-05,1.647753,713.7,0.0897
8921,4,2544.84,5120.2,0.350584,8.463542232133393e-05,1.475549,754.8,0.0848
8922,4,2545.03,5119.73,0.302147,8.463076515233401e-05,1.142618,747.5,0.0856
8923,4,2545.23,5119.27,0.414001,8.462610740733021e-05,3.366673,770.0,0.0831
8924,4,2545.43,5118.82,0.445734,8.462144908640111e-05,1.628662,706.7,0.0906
8925,4,2545.63,5118.35,0.410894,8.461679018962537e-05,2.182574,743.7,0.0861
8926,4,2545.83,5117.9,0.388578,8.461213071708155e-05,1.677289,717.1,0.0892
8927,4,2546.03,5117.44,0.301717,8.460747066884832e-05,1.719985,709.5,0.0902
8928,4,2546.23,5116.98,0.382466,8.460281004500434e-05,1.903584,700.7,0.0913
8929,4,2546.42,5116.51,0.478138,8.459814884562825e-05,2.184652,758.7,0.0844
8930,4,2546.62,5116.06,0.378639,8.459348707079871e-05,2.535064,699.5,0.0915
8931,4,2546.82,5115.6,0.380944,8.458882472059441e-05,1.622186,726.3,0.0881
8932,4,2547.01,5115.13,0.348712,8.458416179509402e-05,1.947647,772.0,0.0829
8933,4,2547.21,5114.67,0.351682,8.457949829437622e-05,1.916117,733.8,0.0872
8934,4,2547.42,5114.22,0.406129,8.457483421851975e-05,1.893703,697.2,0.0918
8935,4,2547.61,5113.75,0.364796,8.457016956760327e-05,1.47729,748.1,0.0856
8936,4,2547.81,5113.29,0.304112,8.456550434170555e-05,1.941399,720.7,0.0888
8937,4,2548.01,5112.83,0.454067,8.456083854090531e-05,1.973594,738.0,0.0867
8938,4,2548.2,5112.37,0.441221,8.455617216528127e-05,2.50365,749.5,0.0854
8939,4,2548.4,5111.91,0.401743,8.455150521491221e-05,2.056998,749.6,0.0854
8940,4,2548.6,5111.46,0.468604,8.454683768987687e-05,2.780183,709.5,0.0902
8941,4,2548.8,5111.0,0.423017,8.454216959025404e-05,2.301118,722.6,0.0886
8942,4,2549.0,5110.54,0.466731,8.45375009161225e-05,1.74846,712.6,0.0898
8943,4,2549.2,5110.08,0.523497,8.453283166756101e-05,2.685475,724.3,0.0884
8944,4,2549.39,5109.62,0.496115,8.452816184464842e-05,2.195147,722.8,0.0885
8945,4,2549.59,5109.16,0.364441,8.452349144746348e-05,1.208774,721.8,0.0887
8946,4,2549.79,5108.69,0.423803,8.451882047608506e-05,1.666514,748.1,0.0855
8947,4,2549.99,5108.24,0.333732,8.451414893059196e-05,1.729651,703.7,0.091
8948,4,2550.18,5107.78,0.397088,8.450947681106303e-05,1.395344,719.8,0.0889
8949,4,2550.38,5107.31,0.426786,8.450480411757713e-05,1.422776,744.5,0.086
8950,4,2550.58,5106.85,0.477193,8.450013085021309e-05,2.074288,756.2,0.0846
8951,4,2550.78,5106.4,0.420868,8.44954570090498e-05,1.598895,734.6,0.0871
8952,4,2550.98,5105.95,0.438127,8.449078259416613e-05,1.426796,701.6,0.0912
8953,4,2551.18,5105.49,0.509746,8.448610760564097e-05,1.596906,698.8,0.0916
8954,4,2551.37,5105.02,0.420553,8.448143204355322e-05,1.386285,747.5,0.0856
8955,4,2551.57,5104.57,0.426752,8.447675590798177e-05,1.473288,719.5,0.089
8956,4,2551.77,5104.1,0.394054,8.447207919900556e-05,1.429211,751.5,0.0852
8957,4,2551.97,5103.65,0.404946,8.44674019167035e-05,1.354687,697.2,0.0918
8958,4,2552.16,5103.19,0.410509,8.446272406115452e-05,1.288889,721.4,0.0887
8959,4,2552.36,5102.72,0.536988,8.445804563243759e-05,1.987026,758.2,0.0844
8960,4,2552.56,5102.26,0.406359,8.445336663063163e-05,1.633176,749.5,0.0854
8961,4,2552.76,5101.81,0.325964,8.444868705581563e-05,1.307259,754.0,0.0849
8962,4,2552.96,5101.36,0.437211,8.444400690806857e-05,1.8586,711.5,0.0899
8963,4,2553.15,5100.89,0.411946,8.44393261874694e-05,1.828609,768.8,0.0832
8964,4,2553.35,5100.43,0.414458,8.443464489409716e-05,1.854848,768.0,0.0833
8965,4,2553.55,5099.97,0.455349,8.442996302803082e-05,1.569916,761.8,0.084
8966,4,2553.74,5099.51,0.363499,8.442528058934938e-05,1.579546,759.6,0.0843
8967,4,2553.94,5099.05,0.356701,8.442059757813191e-05,1.336226,746.6,0.0857
8968,4,2554.14,5098.6,0.329847,8.44159139944574e-05,1.580369,755.1,0.0848
8969,4,2554.34,5098.15,0.448128,8.441122983840493e-05,2.219382,702.2,0.0911
8970,4,2554.54,5097.7,0.295388,8.440654511005352e-05,1.504888,701.1,0.0913
8971,4,2554.74,5097.24,0.542034,8.440185980948225e-05,2.311912,714.4,0.0896
8972,4,2554.94,5096.79,0.411356,8.439717393677018e-05,2.430622,687.7,0.0931
8973,4,2555.14,5096.32,0.418239,8.439248749199638e-05,1.626592,733.1,0.0873
8974,4,2555.34,5095.86,0.407977,8.438780047523997e-05,1.861589,727.1,0.088
8975,4,2555.54,5095.42,0.376636,8.438311288658003e-05,2.069507,690.8,0.0926
8976,4,2555.74,5094.96,0.479312,8.437842472609567e-05,2.745355,713.0,0.0898
8977,4,2555.94,5094.51,0.411653,8.437373599386602e-05,2.503488,681.4,0.0939
8978,4,2556.13,5094.04,0.379655,8.43690466899702e-05,2.565584,726.8,0.0881
8979,4,2556.33,5093.59,0.348609,8.436435681448732e-05,1.517559,694.1,0.0922
8980,4,2556.53,5093.13,0.475083,8.435966636749659e-05,2.482453,698.3,0.0916
8981,4,2556.73,5092.67,0.282975,8.435497534907712e-05,1.81049,756.1,0.0846
8982,4,2556.92,5092.21,0.497348,8.43502837593081e-05,2.72031,759.2,0.0843
8983,4,2557.13,5091.77,0.407648,8.434559159826871e-05,2.129028,681.4,0.0939
8984,4,2557.33,5091.31,0.41127,8.43408988660381e-05,2.70422,697.9,0.0917
8985,4,2557.53,5090.86,0.303853,8.433620556269551e-05,1.60925,685.4,0.0934
8986,4,2557.73,5090.4,0.36485,8.433151168832014e-05,2.063797,684.9,0.0934
8987,4,2557.92,5089.93,0.331603,8.432681724299117e-05,1.682818,754.3,0.0849
8988,4,2558.12,5089.48,0.443385,8.432212222678786e-05,2.422794,742.3,0.0862
8989,4,2558.32,5089.03,0.413684,8.431742663978944e-05,3.267352,698.9,0.0916
8990,4,2558.52,5088.57,0.286245,8.431273048207515e-05,1.511242,717.5,0.0892
8991,4,2558.72,5088.12,0.41166,8.430803375372424e-05,1.828186,716.4,0.0893
8992,4,2558.91,5087.66,0.418879,8.430333645481598e-05,2.142686,734.9,0.0871
8993,4,2559.11,5087.2,0.448275,8.429863858542964e-05,2.10693,751.8,0.0851
8994,4,2559.31,5086.74,0.481246,8.42939401456445e-05,2.5429,769.1,0.0832
8995,4,2559.51,5086.29,0.436044,8.428924113553986e-05,2.027029,733.5,0.0873
8996,4,2559.7,5085.83,0.52128,8.428454155519501e-05,2.784009,731.9,0.0874
8997,4,2559.9,5085.38,0.342143,8.427984140468929e-05,1.74667,705.8,0.0907
8998,4,2560.1,5084.92,0.410259,8.427514068410198e-05,2.158052,721.6,0.0887
8999,4,2560.3,5084.46,0.331973,8.427043939351245e-05,1.520345,715.8,0.0894
9000,4,2560.49,5084.0,0.382598,8.426573753300003e-05,1.665473,730.8,0.0876
