step,epoch,elapsed_sec,eta_sec,train_loss,lr,grad_norm,imgs_per_s,sec_per_step
1,1,97.73,1575559.0,0.113081,0.0008190697674418605,0.883308,0.7,90.5358
2,1,160.09,1290307.7,0.069275,0.0008881395348837208,0.549367,1.0,62.349
3,1,160.75,863719.65,0.113599,0.0009572093023255813,0.895874,96.5,0.6631
4,1,161.4,650376.22,0.07161,0.0010262790697674418,0.56973,98.3,0.6509
5,1,162.05,522366.93,0.079045,0.0010953488372093022,0.626999,98.5,0.65
6,1,162.71,437026.86,0.056084,0.0011644186046511629,0.440749,98.5,0.65
7,1,163.36,376071.29,0.072986,0.0012334883720930235,0.556919,98.3,0.6508
8,1,164.01,330352.74,0.055351,0.001302558139534884,0.439637,98.5,0.6501
9,1,164.66,294795.69,0.064225,0.0013716279069767446,0.483528,98.3,0.6509
10,1,165.31,266349.23,0.093923,0.001440697674418605,0.719797,98.4,0.6505
11,1,165.98,243100.23,0.111393,0.0015097674418604657,0.842371,95.8,0.6679
12,1,166.63,223703.2,0.122452,0.0015788372093023262,0.928918,98.3,0.651
13,1,167.29,207296.22,0.138961,0.0016479069767441868,1.038846,97.6,0.656
14,1,168.11,193417.17,0.063988,0.0017169767441860473,0.512146,78.4,0.816
15,1,169.01,181485.66,0.094235,0.001786046511627908,0.712761,70.6,0.9064
16,1,169.66,170787.7,0.071222,0.0018551162790697683,0.539323,98.4,0.6502
17,1,170.32,161350.95,0.077739,0.0019241860465116288,0.584538,98.0,0.6531
18,1,170.98,152974.08,0.102386,0.0019932558139534894,0.745542,96.1,0.6657
19,1,171.64,145467.29,0.080375,0.00206232558139535,0.585293,98.1,0.6523
20,1,172.29,138710.08,0.108523,0.0021313953488372103,0.763616,98.4,0.6507
21,1,172.94,132598.56,0.101264,0.0022004651162790705,0.733536,98.4,0.6502
22,1,173.6,127040.57,0.07805,0.002269534883720931,0.561365,98.3,0.651
23,1,174.25,121970.29,0.105308,0.0023386046511627914,0.747229,97.4,0.6573
24,1,174.91,117317.91,0.096031,0.002407674418604652,0.688724,98.4,0.6507
25,1,175.56,113038.32,0.094737,0.0024767441860465127,0.671985,98.3,0.6512
26,1,176.21,109087.47,0.080604,0.002545813953488373,0.555808,98.3,0.6509
27,1,176.87,105432.56,0.077023,0.002614883720930233,0.540267,97.5,0.6565
28,1,177.53,102039.3,0.082104,0.002683953488372094,0.565177,97.3,0.6578
29,1,178.18,98876.37,0.087474,0.002753023255813954,0.604199,98.3,0.6511
30,1,178.83,95924.26,0.056501,0.0028220930232558147,0.377049,98.3,0.6512
31,1,179.48,93162.83,0.115242,0.0028911627906976754,0.769906,98.2,0.6518
32,1,180.14,90574.68,0.0975,0.002960232558139536,0.65872,98.0,0.6532
33,1,180.79,88142.55,0.08935,0.0030293023255813967,0.593035,98.2,0.6514
34,1,181.44,85854.35,0.114698,0.0030983720930232573,0.732465,97.9,0.6534
35,1,182.09,83696.06,0.109211,0.0031674418604651176,0.703298,98.2,0.6516
36,1,182.76,81663.3,0.095454,0.0032365116279069782,0.594645,96.3,0.6644
37,1,183.41,79734.67,0.11746,0.003305581395348839,0.726672,98.3,0.6511
38,1,184.07,77908.01,0.108642,0.0033746511627906995,0.662329,98.1,0.6525
39,1,184.72,76176.36,0.108996,0.0034437209302325598,0.673818,97.6,0.6556
40,1,185.37,74528.92,0.101859,0.00351279069767442,0.614706,98.5,0.6498
41,1,186.03,72964.53,0.089966,0.00358186046511628,0.540738,98.0,0.6529
42,1,186.69,71474.2,0.057252,0.003650930232558141,0.33663,97.6,0.6558
43,1,187.35,70054.86,0.050243,0.003720000000000001,0.289091,96.9,0.6602
44,1,188.01,68698.96,0.08289,0.0037890697674418613,0.48784,97.4,0.6574
45,1,188.66,67402.25,0.111222,0.003858139534883722,0.620393,97.8,0.6545
46,1,189.32,66164.63,0.145454,0.003927209302325582,0.811689,96.6,0.6623
47,1,189.98,64976.16,0.083812,0.003996279069767442,0.451209,98.1,0.6522
48,1,190.63,63837.31,0.135259,0.004065348837209303,0.701089,98.1,0.6526
49,1,191.28,62744.42,0.090893,0.004134418604651163,0.465075,98.3,0.6509
50,1,191.93,61695.36,0.113777,0.004203488372093024,0.583042,98.3,0.6512
51,1,192.59,60689.59,0.090621,0.004272558139534885,0.4477,97.2,0.6583
52,1,193.25,59720.46,0.120829,0.004341627906976745,0.596836,98.2,0.6518
53,1,193.9,58789.04,0.108563,0.004410697674418605,0.515283,97.6,0.6556
54,1,194.55,57890.85,0.100439,0.004479767441860466,0.488461,98.2,0.6517
55,1,195.21,57026.49,0.07658,0.004548837209302326,0.348687,97.6,0.6558
56,1,195.87,56193.02,0.086313,0.004617906976744187,0.379412,97.7,0.6553
57,1,196.53,55389.74,0.109042,0.004686976744186047,0.49021,97.1,0.6591
58,1,197.18,54613.12,0.127758,0.0047560465116279075,0.549359,97.7,0.6553
59,1,197.84,53863.96,0.102308,0.004825116279069768,0.425486,97.0,0.6598
60,1,198.5,53138.55,0.112313,0.004894186046511629,0.475839,97.7,0.6552
61,1,199.16,52437.61,0.110988,0.0049632558139534886,0.463755,97.9,0.6536
62,1,199.81,51758.43,0.105111,0.005032325581395349,0.456079,97.8,0.6546
63,1,200.47,51100.51,0.117661,0.00510139534883721,0.454413,97.9,0.6537
64,1,201.13,50464.0,0.072081,0.0051704651162790705,0.283859,97.5,0.6567
65,1,201.78,49846.57,0.089934,0.005239534883720931,0.360766,97.7,0.6549
66,1,202.44,49247.85,0.107365,0.005308604651162792,0.388204,97.7,0.6551
67,1,203.1,48667.18,0.140553,0.005377674418604652,0.508057,97.6,0.6558
68,1,203.75,48103.25,0.098989,0.005446744186046511,0.348768,97.8,0.6545
69,1,204.41,47557.43,0.114779,0.005515813953488372,0.389096,96.6,0.6622
70,1,205.08,47026.87,0.107399,0.005584883720930233,0.359101,96.8,0.6612
71,1,205.73,46509.37,0.055566,0.0056539534883720925,0.183437,98.0,0.6528
72,1,206.4,46009.2,0.11135,0.005723023255813952,0.366582,96.1,0.666
73,1,207.05,45519.93,0.084501,0.005792093023255813,0.266902,98.0,0.6534
74,1,207.71,45045.21,0.11695,0.005861162790697673,0.343348,97.0,0.6595
75,1,208.37,44583.51,0.102944,0.005930232558139533,0.316653,96.8,0.6611
76,1,209.03,44133.71,0.085414,0.005999302325581393,0.245932,97.0,0.6599
77,1,209.69,43694.68,0.057502,0.006068372093023254,0.156713,97.6,0.6557
78,1,210.35,43266.98,0.121279,0.006137441860465114,0.342519,97.6,0.656
79,1,211.01,42851.28,0.10624,0.006206511627906974,0.285058,96.6,0.6622
80,1,211.67,42444.72,0.122348,0.006275581395348834,0.309002,97.5,0.6561
81,1,212.33,42048.8,0.126016,0.006344651162790694,0.314028,97.6,0.6557
82,1,212.98,41661.31,0.132843,0.0064137209302325545,0.327052,98.0,0.6529
83,1,213.63,41283.0,0.131415,0.006482790697674415,0.314139,98.1,0.6524
84,1,214.29,40913.87,0.160523,0.006551860465116276,0.42379,98.0,0.6531
85,1,214.94,40553.55,0.132606,0.0066209302325581365,0.313091,97.9,0.6538
86,1,215.6,40202.03,0.117614,0.006689999999999997,0.26565,97.6,0.656
87,1,216.26,39858.39,0.048157,0.006759069767441858,0.114677,97.7,0.6551
88,1,216.91,39522.53,0.135861,0.0068281395348837185,0.299504,97.7,0.6549
89,1,217.57,39195.02,0.144397,0.006897209302325579,0.311148,97.0,0.6596
90,1,218.23,38874.62,0.158176,0.00696627906976744,0.316097,97.2,0.6587
91,1,218.89,38560.35,0.137432,0.0070353488372093004,0.268913,97.9,0.6539
92,1,219.54,38252.99,0.084773,0.007104418604651161,0.160395,97.8,0.6543
93,1,220.2,37953.34,0.17271,0.007173488372093022,0.36143,96.9,0.6608
94,1,220.86,37658.81,0.155365,0.0072425581395348815,0.298322,98.0,0.6534
95,1,221.53,37372.69,0.114408,0.007311627906976742,0.202374,96.0,0.6664
96,1,222.19,37092.45,0.07209,0.007380697674418603,0.156296,96.1,0.6662
97,1,222.85,36816.11,0.132602,0.007449767441860464,0.240568,97.7,0.6549
98,1,223.51,36545.62,0.162881,0.007518837209302325,0.281156,97.5,0.6564
99,1,224.17,36281.69,0.125559,0.007587906976744186,0.221198,96.5,0.6631
100,1,224.83,36021.51,0.169492,0.0076569767441860455,0.297674,97.9,0.6536
101,1,225.49,35768.19,0.126143,0.007726046511627906,0.193803,97.0,0.6601
102,1,226.14,35517.96,0.11632,0.007795116279069766,0.183232,98.0,0.6528
103,1,226.8,35272.59,0.10891,0.007864186046511627,0.172453,98.0,0.653
104,1,227.45,35032.0,0.125436,0.007933255813953488,0.199016,98.0,0.6528
105,1,228.11,34796.2,0.09726,0.008002325581395348,0.153945,97.7,0.6549
106,1,228.76,34565.07,0.137112,0.008071395348837208,0.189494,97.5,0.6563
107,1,229.43,34339.26,0.151479,0.00814046511627907,0.227457,96.5,0.6629
108,1,230.09,34116.54,0.098284,0.00820953488372093,0.15444,97.6,0.6555
109,1,230.75,33898.81,0.096822,0.008278604651162792,0.153485,96.7,0.662
110,1,231.4,33683.98,0.153825,0.008347674418604652,0.239965,97.7,0.6549
111,1,232.06,33473.02,0.101649,0.008416744186046514,0.135184,97.7,0.6549
112,1,232.71,33265.69,0.160492,0.008485813953488375,0.270294,97.9,0.6538
113,1,233.39,33065.21,0.113986,0.008554883720930235,0.14032,94.6,0.6764
114,1,234.05,32865.49,0.12244,0.008623953488372096,0.160905,97.4,0.6571
115,1,234.71,32669.01,0.132069,0.008693023255813956,0.161273,97.7,0.6553
116,1,235.38,32478.1,0.123579,0.008762093023255818,0.13792,95.3,0.6714
117,1,236.03,32287.95,0.149849,0.008831162790697678,0.197709,98.0,0.6531
118,1,236.69,32101.17,0.172548,0.008900232558139537,0.221681,97.8,0.6543
119,1,237.35,31918.43,0.12955,0.008969302325581397,0.167677,96.8,0.6609
120,1,238.01,31738.76,0.124164,0.009038372093023259,0.134681,96.8,0.6614
121,1,238.67,31561.73,0.175044,0.00910744186046512,0.199769,97.9,0.6536
122,1,239.33,31387.03,0.131008,0.009176511627906982,0.15418,97.7,0.6549
123,1,239.98,31215.35,0.143253,0.009245581395348843,0.176708,97.5,0.6562
124,1,240.64,31046.42,0.123771,0.009314651162790705,0.138988,97.6,0.6557
125,1,241.3,30880.16,0.102849,0.009383720930232566,0.103593,97.6,0.6557
126,1,241.95,30716.54,0.101586,0.009452790697674428,0.138566,97.6,0.656
127,1,242.61,30555.17,0.101266,0.00952186046511629,0.103016,98.0,0.6532
128,1,243.26,30396.48,0.092866,0.00959093023255815,0.100325,97.8,0.6542
129,1,243.92,30240.21,0.15472,0.009660000000000012,0.155474,97.9,0.6535
130,1,244.57,30086.39,0.12204,0.009729069767441874,0.178676,97.7,0.6548
131,1,245.23,29935.44,0.147841,0.009798139534883735,0.153031,97.1,0.6592
132,1,245.9,29787.03,0.093135,0.009867209302325595,0.095124,96.8,0.6614
133,1,246.56,29640.56,0.123304,0.009936279069767457,0.132648,97.1,0.6588
134,1,247.21,29495.68,0.15637,0.010005348837209318,0.149385,97.8,0.6542
135,1,247.87,29352.93,0.117003,0.010074418604651178,0.119292,97.9,0.654
136,1,248.54,29214.02,0.124395,0.010143488372093038,0.127401,95.6,0.6692
137,1,249.19,29075.62,0.146821,0.0102125581395349,0.143472,97.6,0.656
138,1,249.85,28939.22,0.133687,0.01028162790697676,0.145085,97.6,0.6559
139,1,250.51,28804.72,0.1924,0.010350697674418622,0.169894,97.7,0.6553
140,1,251.16,28672.04,0.068002,0.010419767441860482,0.075036,97.7,0.6549
141,1,251.82,28541.44,0.138288,0.010488837209302342,0.121048,97.9,0.6538
142,1,252.48,28412.65,0.170221,0.010557906976744203,0.165117,97.5,0.6564
143,1,253.13,28285.61,0.124109,0.010626976744186065,0.125858,97.6,0.6559
144,1,253.79,28160.64,0.145719,0.010696046511627925,0.145321,97.1,0.6588
145,1,254.45,28037.25,0.167598,0.010765116279069785,0.195969,97.3,0.6577
146,1,255.11,27915.18,0.092919,0.010834186046511646,0.080695,97.9,0.6539
147,1,255.76,27794.76,0.173231,0.010903255813953506,0.179267,97.8,0.6545
148,1,256.42,27676.55,0.116044,0.010972325581395367,0.106501,97.0,0.66
149,1,257.08,27559.43,0.152301,0.011041395348837227,0.150279,97.7,0.6554
150,1,257.74,27443.73,0.134498,0.011110465116279087,0.17513,97.8,0.6541
151,1,258.4,27330.2,0.12416,0.011179534883720947,0.119617,97.0,0.6601
152,1,259.06,27218.18,0.120132,0.011248604651162808,0.105173,96.9,0.6602
153,1,259.73,27108.27,0.117305,0.011317674418604668,0.104438,96.0,0.6665
154,1,260.38,26998.54,0.153649,0.011386744186046528,0.121142,97.8,0.6545
155,1,261.04,26890.3,0.127612,0.01145581395348839,0.109594,97.7,0.6554
156,1,261.69,26783.41,0.115508,0.011524883720930251,0.099366,97.7,0.6554
157,1,262.35,26677.86,0.108681,0.011593953488372112,0.117292,97.7,0.6552
158,1,263.01,26574.34,0.129027,0.011663023255813972,0.1072,96.7,0.662
159,1,263.67,26471.58,0.105483,0.011732093023255834,0.097203,97.4,0.6568
160,1,264.33,26370.03,0.128329,0.011801162790697694,0.107396,97.5,0.6562
161,1,264.99,26270.17,0.135211,0.011870232558139555,0.129624,97.6,0.6559
162,1,265.66,26172.37,0.17178,0.011939302325581415,0.134395,95.8,0.6682
163,1,266.32,26074.52,0.090967,0.012008372093023275,0.096719,97.5,0.6563
164,1,266.97,25977.61,0.137156,0.012077441860465136,0.102635,97.9,0.6537
165,1,267.63,25882.01,0.04191,0.012146511627906998,0.056227,97.7,0.6551
166,1,268.29,25787.7,0.135861,0.012215581395348857,0.133225,97.4,0.6568
167,1,268.94,25694.46,0.126488,0.012284651162790717,0.122887,97.6,0.6559
168,1,269.6,25602.24,0.104533,0.012353720930232579,0.100211,97.7,0.6553
169,1,270.26,25511.66,0.138558,0.01242279069767444,0.108983,96.8,0.6612
170,1,270.92,25421.47,0.102068,0.012491860465116302,0.130146,97.9,0.6539
171,1,271.57,25332.35,0.126544,0.012560930232558163,0.114489,97.9,0.6541
172,1,272.24,25245.13,0.151768,0.012630000000000023,0.124608,96.5,0.6635
173,1,272.9,25158.48,0.176147,0.012699069767441883,0.155512,97.1,0.6592
174,1,273.55,25072.36,0.160721,0.012768139534883744,0.152511,97.8,0.6541
175,1,274.21,24987.89,0.1233,0.012837209302325604,0.169211,96.8,0.6614
176,1,274.87,24903.9,0.140121,0.012906279069767466,0.102869,97.5,0.6566
177,1,275.53,24820.92,0.157084,0.012975348837209326,0.150534,97.4,0.6572
178,1,276.19,24738.74,0.10956,0.013044418604651187,0.085388,97.6,0.6558
179,1,276.84,24657.32,0.154395,0.013113488372093049,0.132194,97.8,0.6541
180,1,277.5,24577.12,0.105394,0.013182558139534908,0.121268,97.3,0.6578
181,1,278.16,24497.87,0.098956,0.013251627906976768,0.091902,98.0,0.653
182,1,278.81,24419.07,0.113394,0.01332069767441863,0.12081,97.9,0.6538
183,1,279.47,24341.44,0.123618,0.013389767441860491,0.133611,97.3,0.6576
184,1,280.13,24264.94,0.166336,0.013458837209302353,0.132567,96.9,0.6606
185,1,280.79,24188.82,0.163298,0.013527906976744213,0.098646,97.6,0.6558
186,1,281.44,24113.48,0.110362,0.013596976744186074,0.124385,97.7,0.6553
187,1,282.1,24038.82,0.13219,0.013666046511627934,0.139321,97.9,0.6536
188,1,282.76,23965.38,0.119352,0.013735116279069795,0.081144,97.2,0.6587
189,1,283.41,23892.28,0.114968,0.013804186046511657,0.102699,97.9,0.6539
190,1,284.07,23820.25,0.105543,0.013873255813953518,0.099585,97.3,0.6576
191,1,284.73,23748.63,0.139184,0.01394232558139538,0.165048,98.0,0.6532
192,1,285.39,23678.23,0.139044,0.01401139534883724,0.110968,97.1,0.6594
193,1,286.04,23608.11,0.096883,0.0140804651162791,0.079166,97.9,0.6538
194,1,286.71,23539.52,0.11087,0.014149534883720961,0.126215,96.4,0.6639
195,1,287.36,23470.83,0.052734,0.014218604651162823,0.085372,97.8,0.6543
196,1,288.02,23402.86,0.106195,0.014287674418604684,0.088502,97.8,0.6545
197,1,288.67,23335.65,0.193864,0.014356744186046546,0.181746,97.6,0.6556
198,1,289.33,23269.5,0.123387,0.014425813953488407,0.138141,96.9,0.6602
199,1,290.01,23204.83,0.147213,0.014494883720930269,0.176344,95.5,0.6698
200,1,290.66,23139.62,0.07829,0.014563953488372128,0.085422,97.6,0.6557
201,1,291.32,23075.41,0.127375,0.01463302325581399,0.115528,97.5,0.6565
202,1,291.99,23011.95,0.126038,0.01470209302325585,0.125616,96.7,0.662
203,1,292.64,22948.43,0.111202,0.014771162790697711,0.122455,98.0,0.6531
204,1,293.3,22886.04,0.129181,0.014840232558139573,0.160882,97.1,0.6594
205,1,293.96,22823.95,0.166369,0.014909302325581433,0.13833,97.6,0.6554
206,1,294.62,22762.6,0.158474,0.014978372093023292,0.134215,97.3,0.6579
207,1,295.27,22701.86,0.151763,0.015047441860465152,0.158072,97.3,0.6576
208,1,295.93,22641.75,0.092527,0.015116511627907014,0.085543,97.2,0.6586
209,1,296.59,22581.98,0.143435,0.015185581395348874,0.103834,97.6,0.6555
210,1,297.25,22523.09,0.102253,0.015254651162790735,0.103711,97.0,0.6596
211,1,297.91,22464.37,0.108193,0.015323720930232595,0.134224,97.7,0.6548
212,1,298.56,22406.39,0.13888,0.015392790697674455,0.164659,97.4,0.6571
213,1,299.23,22349.28,0.092025,0.015461860465116316,0.105957,96.7,0.6618
214,1,299.88,22292.36,0.127974,0.015530930232558178,0.135614,97.4,0.6571
215,1,300.54,22235.78,0.129201,0.01560000000000004,0.124314,97.7,0.6548
216,1,301.2,22179.73,0.069867,0.0156690697674419,0.092003,97.8,0.6547
217,1,301.86,22124.6,0.146769,0.01573813953488376,0.091682,96.9,0.6605
218,1,302.51,22069.63,0.107082,0.015807209302325622,0.149917,97.6,0.6555
219,1,303.18,22015.71,0.133649,0.01587627906976748,0.136325,96.4,0.6636
220,1,303.84,21961.85,0.166542,0.015945348837209338,0.167224,97.4,0.6572
221,1,304.5,21908.98,0.163593,0.0160144186046512,0.177604,96.7,0.6618
222,1,305.16,21855.79,0.105936,0.01608348837209306,0.119442,97.9,0.6534
223,1,305.81,21803.17,0.148787,0.01615255813953492,0.102633,97.7,0.6551
224,1,306.47,21751.28,0.131179,0.016221627906976777,0.154861,97.2,0.6584
225,1,307.13,21699.9,0.146145,0.01629069767441864,0.176127,97.1,0.6594
226,1,307.79,21648.71,0.146533,0.0163597674418605,0.131911,97.6,0.6558
227,1,308.44,21597.87,0.097497,0.016428837209302362,0.14164,97.8,0.6545
228,1,309.11,21547.92,0.145774,0.01649790697674422,0.114039,96.8,0.6611
229,1,309.76,21498.06,0.131165,0.01656697674418608,0.127582,97.6,0.6559
230,1,310.42,21448.64,0.11435,0.016636046511627943,0.154053,97.5,0.6564
231,1,311.08,21399.98,0.145464,0.016705116279069804,0.180557,96.8,0.6612
232,1,311.74,21351.79,0.112777,0.016774186046511663,0.111896,96.7,0.6621
233,1,312.41,21303.92,0.100466,0.016843255813953524,0.13938,96.9,0.6607
234,1,313.06,21256.02,0.119079,0.016912325581395386,0.146932,97.9,0.6539
235,1,313.72,21208.98,0.143531,0.016981395348837247,0.154864,96.8,0.661
236,1,314.38,21161.82,0.192606,0.01705046511627911,0.148825,97.9,0.6534
237,1,315.04,21115.44,0.127369,0.01711953488372097,0.111516,97.1,0.6592
238,1,315.69,21069.23,0.124374,0.01718860465116283,0.115142,97.6,0.6559
239,1,316.35,21023.23,0.11014,0.017257674418604693,0.156374,98.0,0.6534
240,1,317.01,20977.82,0.134626,0.017326744186046555,0.123443,97.5,0.6566
241,1,317.67,20933.34,0.127848,0.017395813953488416,0.171409,97.0,0.6601
242,1,318.34,20889.1,0.159682,0.017464883720930278,0.141196,96.5,0.6631
243,1,319.0,20845.15,0.156388,0.01753395348837214,0.163827,96.7,0.6618
244,1,319.66,20801.36,0.108728,0.017603023255814,0.13683,97.1,0.6588
245,1,320.32,20758.0,0.114719,0.017672093023255862,0.10515,96.9,0.6604
246,1,320.98,20714.97,0.108214,0.01774116279069772,0.138058,97.0,0.6599
247,1,321.64,20671.93,0.190857,0.01781023255813958,0.188069,97.8,0.6542
248,1,322.3,20630.11,0.11641,0.01787930232558144,0.149015,95.8,0.6682
249,1,322.97,20588.24,0.101584,0.017948372093023298,0.134643,96.6,0.6624
250,1,323.63,20546.43,0.127576,0.01801744186046516,0.123927,97.3,0.6581
251,1,324.29,20505.0,0.125906,0.01808651162790702,0.14614,97.1,0.6589
252,1,324.95,20463.99,0.064316,0.018155581395348883,0.092831,96.9,0.6603
253,1,325.61,20423.16,0.089428,0.018224651162790744,0.111666,97.2,0.6583
254,1,326.26,20382.44,0.128111,0.018293720930232602,0.150992,97.8,0.6547
255,1,326.93,20342.43,0.171199,0.018362790697674464,0.142434,96.8,0.6614
256,1,327.58,20302.38,0.092518,0.018431860465116325,0.148379,97.7,0.6553
257,1,328.24,20262.6,0.127782,0.018500930232558187,0.149787,97.7,0.6553
258,1,328.9,20223.43,0.146909,0.01857000000000005,0.163346,97.0,0.6597
259,1,329.55,20184.15,0.107259,0.018639069767441906,0.123109,98.0,0.6533
260,1,330.22,20145.81,0.169552,0.018708139534883768,0.220428,96.4,0.6641
261,1,330.88,20107.63,0.15099,0.01877720930232563,0.151066,97.5,0.6562
262,1,331.54,20069.64,0.123968,0.018846279069767487,0.153063,97.0,0.6598
263,1,332.2,20031.54,0.153442,0.01891534883720935,0.169349,97.8,0.6541
264,1,332.85,19993.77,0.185398,0.01898441860465121,0.153562,97.8,0.6543
265,1,333.51,19956.44,0.129105,0.019053488372093072,0.152887,97.4,0.6572
266,1,334.17,19919.6,0.123737,0.019122558139534934,0.16835,96.9,0.6607
267,1,334.83,19882.71,0.143311,0.019191627906976795,0.174086,97.7,0.6554
268,1,335.48,19846.14,0.177945,0.019260697674418653,0.210897,97.6,0.6555
269,1,336.14,19809.81,0.079731,0.019329767441860515,0.129072,97.6,0.656
270,1,336.8,19773.74,0.147999,0.019398837209302376,0.151374,97.6,0.6554
271,1,337.46,19738.24,0.125195,0.019467906976744238,0.155058,96.9,0.6607
272,1,338.11,19702.56,0.151615,0.0195369767441861,0.145788,97.9,0.6534
273,1,338.77,19667.28,0.135723,0.019606046511627957,0.178905,97.6,0.6555
274,1,339.44,19632.8,0.08446,0.019675116279069815,0.139081,96.2,0.6656
275,1,340.09,19597.9,0.090667,0.019744186046511677,0.138187,97.9,0.654
276,1,340.75,19563.23,0.093517,0.01981325581395354,0.151267,97.9,0.6535
277,1,341.41,19529.34,0.146318,0.0198823255813954,0.163037,96.6,0.6626
278,1,342.07,19495.32,0.118323,0.019951395348837258,0.139257,97.5,0.6564
279,1,342.73,19461.72,0.159738,0.02002046511627912,0.179989,97.0,0.6597
280,1,343.4,19428.8,0.074876,0.02008953488372098,0.10633,95.9,0.6675
281,1,344.06,19396.02,0.168815,0.020158604651162843,0.177894,96.7,0.6617
282,1,344.73,19363.52,0.119648,0.020227674418604704,0.138415,96.0,0.6666
283,1,345.38,19330.53,0.130769,0.020296744186046566,0.256811,97.9,0.6539
284,1,346.05,19298.47,0.130972,0.020365813953488427,0.189274,96.0,0.6666
285,1,346.71,19266.25,0.14983,0.02043488372093029,0.174,97.0,0.6599
286,1,347.37,19234.0,0.136354,0.020503953488372147,0.194198,97.7,0.6551
287,1,348.03,19202.06,0.077078,0.020573023255814008,0.135612,97.4,0.6569
288,1,348.68,19170.35,0.134565,0.02064209302325587,0.162412,97.5,0.6567
289,1,349.34,19138.67,0.101521,0.02071116279069773,0.133477,97.9,0.6537
290,1,350.0,19107.46,0.099735,0.020780232558139593,0.129162,97.3,0.658
291,1,350.66,19076.5,0.132986,0.020849302325581454,0.144536,97.1,0.6591
292,1,351.31,19045.46,0.146362,0.020918372093023312,0.274435,98.0,0.6533
293,1,351.98,19015.22,0.110077,0.020987441860465174,0.165898,96.3,0.6645
294,1,352.65,18985.37,0.155266,0.021056511627907035,0.211283,95.8,0.6678
295,1,353.31,18955.35,0.121952,0.021125581395348893,0.19162,96.8,0.6613
296,1,353.97,18925.42,0.123306,0.021194651162790755,0.225069,97.0,0.6596
297,1,354.62,18895.41,0.064116,0.021263720930232613,0.112478,97.8,0.6542
298,1,355.29,18865.87,0.136711,0.02133279069767447,0.173215,97.0,0.6595
299,1,355.94,18836.49,0.089523,0.02140186046511633,0.149961,97.1,0.6588
300,1,356.6,18807.14,0.089881,0.02147093023255819,0.150502,97.6,0.6557
301,1,369.63,19428.38,0.148114,0.021540000000000052,0.18425,95.9,0.6672
302,1,370.28,19396.99,0.161107,0.021609069767441914,0.233336,98.3,0.6512
303,1,370.95,19366.49,0.119612,0.021678139534883772,0.162347,96.3,0.6645
304,1,371.6,19335.56,0.131991,0.021747209302325633,0.203766,98.2,0.652
305,1,372.26,19304.86,0.122246,0.021816279069767495,0.149074,98.0,0.6531
306,1,372.91,19274.36,0.166648,0.021885348837209356,0.182542,98.0,0.6532
307,1,373.57,19244.38,0.13962,0.021954418604651218,0.19579,97.0,0.6595
308,1,374.23,19214.35,0.135033,0.02202348837209308,0.171887,97.7,0.6548
309,1,374.89,19184.77,0.110051,0.022092558139534937,0.175238,97.0,0.6601
310,1,375.54,19155.13,0.136623,0.022161627906976795,0.201632,97.7,0.6551
311,1,376.21,19126.01,0.124848,0.022230697674418657,0.170039,96.8,0.6613
312,1,376.86,19096.65,0.156649,0.02229976744186052,0.162408,98.0,0.6529
313,1,377.52,19067.54,0.11499,0.02236883720930238,0.215363,97.8,0.6545
314,1,378.17,19038.54,0.081832,0.02243790697674424,0.150497,98.0,0.6531
315,1,378.83,19009.96,0.139297,0.022506976744186103,0.240383,97.3,0.6578
316,1,379.49,18981.61,0.095475,0.02257604651162796,0.132999,97.1,0.6591
317,1,380.14,18953.15,0.094636,0.022645116279069823,0.165434,98.0,0.653
318,1,380.8,18925.01,0.161129,0.022714186046511684,0.27141,97.6,0.6559
319,1,381.46,18896.97,0.065445,0.022783255813953542,0.163874,97.8,0.6545
320,1,382.12,18869.6,0.096074,0.0228523255813954,0.156456,96.3,0.6649
321,1,382.79,18842.37,0.066864,0.022921395348837262,0.110306,96.8,0.6615
322,1,383.45,18815.39,0.091354,0.022990465116279123,0.146057,96.1,0.6662
323,1,384.11,18788.06,0.109082,0.02305953488372098,0.133834,97.6,0.6559
324,1,384.76,18760.74,0.155414,0.023128604651162843,0.207069,98.1,0.6525
325,1,385.42,18733.77,0.094249,0.0231976744186047,0.178161,97.5,0.6561
326,1,386.07,18706.83,0.157957,0.023266744186046562,0.200488,97.9,0.6536
327,1,386.73,18680.04,0.127818,0.023335813953488424,0.160325,98.0,0.6531
328,1,387.38,18653.45,0.118058,0.023404883720930286,0.178639,97.9,0.6538
329,1,388.05,18627.62,0.063431,0.023473953488372147,0.134831,96.0,0.6665
330,1,388.71,18601.32,0.104094,0.023543023255814005,0.193472,97.9,0.6537
331,1,389.36,18575.39,0.144948,0.023612093023255863,0.223478,97.2,0.6582
332,1,390.02,18549.36,0.074845,0.02368116279069772,0.117267,98.0,0.653
333,1,390.67,18523.53,0.162201,0.02375023255813958,0.209186,97.9,0.6536
334,1,391.33,18497.85,0.103219,0.02381930232558144,0.174739,97.9,0.6539
335,1,391.98,18472.31,0.08777,0.023888372093023302,0.183851,97.9,0.6539
336,1,392.64,18446.98,0.12039,0.023957441860465164,0.200287,97.8,0.6543
337,1,393.29,18421.77,0.131961,0.024026511627907025,0.19771,97.8,0.6543
338,1,393.95,18396.96,0.132227,0.024095581395348883,0.177628,97.0,0.6598
339,1,394.61,18372.08,0.120676,0.024164651162790745,0.213799,97.7,0.655
340,1,395.27,18347.55,0.093498,0.024233720930232606,0.208004,97.0,0.6597
341,1,395.93,18323.13,0.128665,0.024302790697674465,0.199636,97.8,0.6542
342,1,396.6,18299.04,0.10861,0.024371860465116326,0.158913,96.5,0.663
343,1,397.25,18274.73,0.088998,0.024440930232558188,0.115927,97.7,0.6552
344,1,397.91,18250.73,0.123037,0.024510000000000046,0.21808,97.2,0.6586
345,1,398.57,18226.61,0.110255,0.024579069767441907,0.23112,97.9,0.6536
346,1,399.23,18202.86,0.096058,0.02464813953488377,0.245798,97.2,0.6584
347,1,399.88,18178.99,0.109961,0.02471720930232563,0.170389,98.0,0.6533
348,1,400.53,18155.24,0.048197,0.02478627906976749,0.170492,98.0,0.6531
349,1,401.19,18131.61,0.106925,0.024855348837209353,0.15822,98.1,0.6523
350,1,401.85,18108.33,0.094733,0.024924418604651215,0.182044,97.4,0.6569
351,1,402.5,18085.03,0.102106,0.024993488372093076,0.201568,97.9,0.6537
352,1,403.16,18061.86,0.120477,0.025062558139534938,0.185718,97.9,0.6536
353,1,403.82,18039.1,0.103083,0.0251316279069768,0.229867,96.9,0.6607
354,1,404.48,18016.33,0.072139,0.02520069767441866,0.138976,97.4,0.6573
355,1,405.14,17993.72,0.135783,0.025269767441860522,0.192073,97.2,0.6583
356,1,405.79,17971.0,0.068529,0.025338837209302384,0.199563,98.0,0.6528
357,1,406.44,17948.4,0.110462,0.025407906976744242,0.252421,98.1,0.6527
358,1,407.1,17925.93,0.097952,0.025476976744186104,0.207187,98.1,0.6527
359,1,407.75,17903.67,0.117053,0.02554604651162796,0.211028,97.7,0.6549
360,1,408.41,17881.6,0.125948,0.025615116279069823,0.248429,97.5,0.6565
361,1,409.07,17859.65,0.080269,0.02568418604651168,0.167308,98.1,0.6523
362,1,409.73,17837.84,0.11479,0.025753255813953543,0.214295,97.4,0.6571
363,1,410.38,17816.06,0.169878,0.0258223255813954,0.224555,97.7,0.6554
364,1,411.04,17794.36,0.062507,0.025891395348837262,0.133801,97.8,0.6543
365,1,411.7,17772.86,0.103993,0.025960465116279124,0.162788,97.5,0.6565
366,1,412.36,17751.91,0.077398,0.026029534883720985,0.132451,96.0,0.6667
367,1,413.02,17730.45,0.15785,0.026098604651162843,0.205261,98.1,0.6522
368,1,413.67,17709.15,0.146633,0.026167674418604705,0.215966,97.9,0.6535
369,1,414.33,17688.0,0.155266,0.026236744186046566,0.245191,97.8,0.6541
370,1,414.99,17667.26,0.105014,0.02630581395348843,0.238623,96.8,0.6611
371,1,415.65,17646.66,0.170684,0.026374883720930293,0.233301,96.7,0.6619
372,1,416.31,17625.87,0.098203,0.02644395348837215,0.212584,97.8,0.6545
373,1,416.96,17605.16,0.14043,0.02651302325581401,0.227194,97.9,0.6538
374,1,417.62,17584.68,0.070971,0.02658209302325587,0.185631,97.4,0.6572
375,1,418.28,17564.24,0.129408,0.026651162790697732,0.237249,97.7,0.6553
376,1,418.93,17543.89,0.137643,0.02672023255813959,0.24238,97.7,0.6552
377,1,419.59,17523.61,0.143151,0.02678930232558145,0.212452,97.8,0.6544
378,1,420.25,17503.83,0.156465,0.026858372093023313,0.289848,96.5,0.6633
379,1,420.91,17483.98,0.135877,0.02692744186046517,0.25048,97.0,0.6598
380,1,421.57,17464.03,0.139017,0.02699651162790703,0.240473,97.7,0.6551
381,1,422.23,17444.32,0.137802,0.027065581395348887,0.41297,97.8,0.6544
382,1,422.89,17424.75,0.117668,0.02713465116279075,0.238666,97.2,0.6587
383,1,423.55,17405.36,0.089213,0.02720372093023261,0.187021,96.8,0.6613
384,1,424.2,17385.74,0.129884,0.027272790697674472,0.231602,98.0,0.6533
385,1,424.86,17366.24,0.070397,0.027341860465116333,0.215508,97.9,0.6536
386,1,425.52,17346.95,0.127081,0.027410930232558195,0.210884,97.5,0.6565
387,1,426.17,17327.68,0.1138,0.027480000000000056,0.251505,97.7,0.6547
388,1,426.84,17308.89,0.140784,0.027549069767441918,0.342191,96.4,0.6639
389,1,427.5,17290.19,0.077084,0.02761813953488378,0.231491,96.4,0.6639
390,1,428.16,17271.22,0.118059,0.027687209302325638,0.238684,97.7,0.6553
391,1,428.81,17252.39,0.131667,0.0277562790697675,0.230073,97.6,0.6559
392,1,429.47,17233.71,0.188955,0.02782534883720936,0.294609,97.4,0.6573
393,1,430.13,17215.05,0.065231,0.027894418604651222,0.171251,97.7,0.6551
394,1,430.79,17196.53,0.139484,0.027963488372093084,0.18517,97.4,0.6569
395,1,431.45,17178.09,0.091942,0.02803255813953494,0.194773,97.5,0.6566
396,1,432.1,17159.78,0.084666,0.028101627906976803,0.165857,97.3,0.658
397,1,432.77,17141.65,0.138612,0.028170697674418665,0.287969,97.0,0.6599
398,1,433.43,17123.71,0.147099,0.028239767441860526,0.325627,96.6,0.6627
399,1,434.09,17105.57,0.126427,0.028308837209302388,0.257231,97.6,0.6554
400,1,434.74,17087.43,0.177338,0.028377906976744246,0.303441,97.9,0.6536
401,1,435.44,17071.06,0.093495,0.028446976744186104,0.223841,97.6,0.6554
402,1,436.09,17053.22,0.035993,0.028516046511627962,0.158976,97.4,0.6568
403,1,436.75,17035.4,0.125622,0.028585116279069823,0.247274,97.7,0.6549
404,1,437.41,17017.83,0.108171,0.028654186046511685,0.419988,97.1,0.6591
405,1,438.07,17000.2,0.107511,0.028723255813953547,0.227105,97.7,0.6552
406,1,438.73,16982.79,0.149431,0.02879232558139541,0.249018,97.2,0.6588
407,1,439.39,16965.58,0.063799,0.028861395348837273,0.175215,96.7,0.662
408,1,440.05,16948.25,0.103506,0.02893046511627913,0.208945,97.5,0.6567
409,1,440.7,16930.92,0.137638,0.028999534883720993,0.229946,97.8,0.6543
410,1,441.36,16913.94,0.120397,0.02906860465116285,0.316841,96.7,0.6617
411,1,442.03,16897.0,0.107863,0.02913767441860471,0.196326,96.9,0.6603
412,1,442.68,16879.97,0.081918,0.02920674418604657,0.246206,97.5,0.6563
413,1,443.34,16862.9,0.139813,0.02927581395348843,0.282911,98.0,0.6531
414,1,444.0,16846.3,0.138839,0.02934488372093029,0.237533,96.5,0.6634
415,1,444.66,16829.44,0.070757,0.02941395348837215,0.200134,97.8,0.6542
416,1,445.31,16812.74,0.133473,0.029483023255814013,0.322276,97.5,0.6563
417,1,445.97,16796.19,0.127593,0.02955209302325587,0.229079,97.2,0.6586
418,1,446.63,16779.57,0.125907,0.02962116279069773,0.266694,97.8,0.6544
419,1,447.3,16763.48,0.092644,0.029690232558139587,0.334153,96.0,0.6669
420,1,447.95,16747.02,0.11379,0.02975930232558145,0.214732,97.7,0.6551
421,1,448.61,16730.81,0.080297,0.02982837209302331,0.236347,97.6,0.6559
422,1,449.28,16714.76,0.162672,0.02989744186046517,0.282363,96.8,0.6614
423,1,449.93,16698.53,0.128158,0.02996651162790703,0.247355,97.7,0.6552
424,1,450.59,16682.31,0.121704,0.03003558139534889,0.3135,98.0,0.6531
425,1,451.24,16666.21,0.097352,0.03010465116279075,0.272658,97.8,0.6544
426,1,451.9,16650.15,0.137769,0.030173720930232607,0.235603,97.9,0.6538
427,1,452.57,16634.68,0.068772,0.03024279069767447,0.207962,95.8,0.6682
428,1,453.22,16618.95,0.102972,0.03031186046511633,0.193833,97.1,0.6589
429,1,453.88,16603.26,0.10551,0.030380930232558192,0.274524,97.3,0.6578
430,1,454.54,16587.54,0.079052,0.03045000000000005,0.233317,97.6,0.6555
431,1,455.2,16571.95,0.075982,0.030519069767441908,0.162728,97.5,0.6567
432,1,455.86,16556.46,0.10827,0.030588139534883766,0.2138,97.3,0.6576
433,1,456.51,16540.85,0.138822,0.030657209302325628,0.216733,98.1,0.6526
434,1,457.17,16525.4,0.136122,0.030726279069767486,0.235017,97.6,0.6555
435,1,457.83,16510.13,0.100011,0.030795348837209347,0.235001,97.2,0.6582
436,1,458.48,16494.75,0.092392,0.03086441860465121,0.274295,98.0,0.6531
437,1,459.14,16479.52,0.083437,0.03093348837209307,0.307735,97.6,0.6556
438,1,459.79,16464.27,0.08529,0.03100255813953493,0.226261,97.9,0.6534
439,1,460.45,16449.16,0.060571,0.03107162790697679,0.158896,97.7,0.6551
440,1,461.11,16434.21,0.13333,0.031140697674418648,0.321381,97.3,0.658
441,1,461.76,16419.29,0.13344,0.031209767441860506,0.339322,97.9,0.6535
442,1,462.43,16404.62,0.137364,0.03127883720930237,0.258143,96.7,0.6616
443,1,463.09,16389.9,0.120637,0.031347906976744236,0.446513,97.1,0.6588
444,1,463.74,16375.05,0.0833,0.031416976744186094,0.219917,97.9,0.6536
445,1,464.4,16360.59,0.050812,0.03148604651162795,0.184885,96.6,0.6626
446,1,465.06,16345.94,0.116178,0.03155511627906981,0.20992,97.6,0.6556
447,1,465.72,16331.34,0.092572,0.031624186046511675,0.254969,97.7,0.6552
448,1,466.37,16316.87,0.146243,0.03169325581395354,0.355765,97.4,0.6574
449,1,467.04,16302.58,0.140547,0.0317623255813954,0.356644,97.0,0.6598
450,1,467.69,16288.14,0.077472,0.031831395348837256,0.193618,97.8,0.6543
451,1,468.35,16274.03,0.097358,0.031900465116279114,0.315072,96.7,0.662
452,1,469.01,16259.78,0.108428,0.03196953488372098,0.309897,97.5,0.6563
453,1,469.67,16245.51,0.092113,0.03203860465116284,0.183519,97.8,0.6542
454,1,470.33,16231.46,0.096615,0.032107674418604695,0.229513,97.2,0.6587
455,1,470.98,16217.34,0.159341,0.03217674418604655,0.369601,97.7,0.655
456,1,471.64,16203.41,0.15697,0.03224581395348841,0.304705,97.2,0.6587
457,1,472.3,16189.36,0.058785,0.03231488372093027,0.231212,97.9,0.6536
458,1,472.96,16175.59,0.127325,0.032383953488372134,0.2332,96.9,0.6602
459,1,473.61,16161.66,0.134772,0.03245302325581399,0.246559,97.9,0.6538
460,1,474.27,16147.79,0.146917,0.03252209302325585,0.288921,98.0,0.6534
461,1,474.93,16134.12,0.095852,0.03259116279069771,0.252846,97.8,0.6547
462,1,475.58,16120.42,0.081872,0.03266023255813957,0.228572,97.8,0.6547
463,1,476.24,16106.72,0.079869,0.03272930232558143,0.266606,97.9,0.6536
464,1,476.89,16093.01,0.150985,0.0327983720930233,0.297018,98.2,0.6519
465,1,477.55,16079.57,0.108646,0.032867441860465155,0.228663,97.3,0.6576
466,1,478.21,16066.31,0.124972,0.03293651162790701,0.341783,96.8,0.6613
467,1,478.87,16052.87,0.111553,0.03300558139534887,0.265587,97.7,0.6549
468,1,479.53,16039.77,0.085135,0.033074651162790736,0.282266,96.5,0.6634
469,1,480.19,16026.48,0.155782,0.033143720930232594,0.331826,97.5,0.6563
470,1,480.85,16013.35,0.100914,0.03321279069767445,0.243853,97.1,0.659
471,1,481.5,16000.06,0.083127,0.03328186046511632,0.203217,98.0,0.6532
472,1,482.16,15986.9,0.09945,0.03335093023255818,0.241157,97.7,0.6553
473,1,482.82,15973.76,0.112495,0.03342000000000005,0.342072,97.9,0.6538
474,1,483.47,15960.67,0.092968,0.033489069767441905,0.239258,97.9,0.6539
475,1,484.13,15947.78,0.111644,0.03355813953488377,0.244179,97.1,0.659
476,1,484.79,15934.77,0.145132,0.03362720930232563,0.318494,98.0,0.653
477,1,485.44,15921.88,0.082413,0.03369627906976749,0.245888,97.7,0.6554
478,1,486.1,15909.02,0.082003,0.03376534883720936,0.193239,97.8,0.6546
479,1,486.76,15896.37,0.122669,0.03383441860465122,0.250308,97.0,0.66
480,1,487.42,15883.95,0.13889,0.03390348837209308,0.285064,96.2,0.6651
481,1,488.08,15871.36,0.103669,0.033972558139534946,0.309511,97.7,0.6548
482,1,488.75,15859.13,0.121936,0.034041627906976804,0.361988,95.8,0.6682
483,1,489.42,15846.74,0.086714,0.03411069767441867,0.233421,96.8,0.6608
484,1,490.08,15834.42,0.11465,0.034179767441860534,0.346975,96.6,0.6625
485,1,490.74,15822.1,0.133985,0.0342488372093024,0.366784,96.8,0.6612
486,1,491.4,15809.6,0.09675,0.03431790697674426,0.246269,98.0,0.6533
487,1,492.06,15797.48,0.114607,0.034386976744186115,0.240833,96.4,0.6642
488,1,492.72,15785.11,0.063732,0.03445604651162797,0.183271,97.8,0.6543
489,1,493.37,15772.8,0.121429,0.03452511627906983,0.329499,97.7,0.6551
490,1,494.03,15760.64,0.074405,0.034594186046511696,0.212689,97.2,0.6583
491,1,494.69,15748.39,0.097145,0.03466325581395356,0.314066,97.8,0.6542
492,1,495.35,15736.38,0.150403,0.03473232558139542,0.320041,97.0,0.6601
493,1,496.01,15724.44,0.077951,0.03480139534883728,0.24483,96.8,0.6613
494,1,496.67,15712.33,0.061094,0.03487046511627914,0.20802,97.9,0.6535
495,1,497.32,15700.29,0.137882,0.03493953488372101,0.369179,97.7,0.655
496,1,497.98,15688.32,0.100219,0.03500860465116287,0.312189,97.5,0.6561
497,1,498.63,15676.34,0.119555,0.03507767441860473,0.304862,97.8,0.6541
498,1,499.29,15664.58,0.152121,0.03514674418604659,0.316035,97.0,0.6596
499,1,499.95,15652.75,0.128067,0.035215813953488447,0.256437,97.6,0.6557
500,1,500.61,15641.0,0.097211,0.03528488372093031,0.27289,97.5,0.6563
501,1,501.27,15629.37,0.116651,0.035353953488372176,0.255245,97.7,0.6548
502,1,501.93,15617.68,0.085856,0.03542302325581404,0.202265,97.5,0.6561
503,1,502.58,15606.09,0.072358,0.0354920930232559,0.136767,97.3,0.6578
504,1,503.25,15594.71,0.091093,0.03556116279069776,0.202204,96.5,0.6632
505,1,503.91,15583.15,0.081808,0.035630232558139616,0.295125,97.6,0.6557
506,1,504.58,15572.32,0.085558,0.03569930232558148,0.231639,94.3,0.6784
507,1,505.24,15560.73,0.109955,0.035768372093023346,0.295731,98.1,0.6524
508,1,505.89,15549.3,0.106186,0.035837441860465204,0.286431,97.6,0.6559
509,1,506.56,15538.26,0.140533,0.03590651162790706,0.312776,95.8,0.6679
510,1,507.22,15526.93,0.065951,0.03597558139534892,0.205943,97.4,0.6568
511,1,507.88,15515.6,0.142392,0.036044651162790785,0.316699,97.7,0.6553
512,1,508.54,15504.37,0.143247,0.03611372093023264,0.302869,97.4,0.6572
513,1,509.19,15493.15,0.129358,0.03618279069767451,0.263832,97.6,0.656
514,1,509.85,15481.98,0.100636,0.036251860465116366,0.282156,97.4,0.6568
515,1,510.51,15470.92,0.091476,0.036320930232558224,0.340331,97.2,0.6587
516,1,511.17,15459.79,0.121337,0.03639000000000009,0.266351,97.7,0.6552
517,1,511.83,15448.91,0.151651,0.03645906976744195,0.288674,96.8,0.6615
518,1,512.5,15438.18,0.092827,0.036528139534883805,0.283521,96.1,0.6661
519,1,513.15,15427.17,0.102619,0.03659720930232567,0.276805,97.7,0.6549
520,1,513.81,15416.23,0.081448,0.03666627906976753,0.199552,97.5,0.6561
521,1,514.47,15405.44,0.123897,0.036735348837209386,0.271885,97.6,0.6559
522,1,515.13,15394.78,0.087178,0.03680441860465125,0.230156,96.6,0.6626
523,1,515.79,15384.08,0.149631,0.03687348837209311,0.27217,96.9,0.6605
524,1,516.45,15373.4,0.132754,0.036942558139534974,0.321787,97.1,0.6591
525,1,517.11,15362.59,0.068418,0.03701162790697684,0.206222,97.8,0.6541
526,1,517.77,15351.89,0.124688,0.037080697674418704,0.337817,97.6,0.6559
527,1,518.43,15341.3,0.116462,0.03714976744186057,0.268211,97.1,0.6589
528,1,519.08,15330.67,0.084979,0.037218837209302434,0.242743,97.6,0.6556
529,1,519.74,15320.01,0.10735,0.03728790697674429,0.257254,97.9,0.654
530,1,520.4,15309.46,0.102582,0.03735697674418615,0.27551,97.6,0.656
531,1,521.06,15299.04,0.111763,0.03742604651162801,0.255005,97.0,0.6598
532,1,521.72,15288.72,0.111021,0.037495116279069866,0.267106,96.8,0.6614
533,1,522.38,15278.31,0.094418,0.03756418604651173,0.272473,97.4,0.6573
534,1,523.04,15268.11,0.125086,0.03763325581395359,0.305476,96.5,0.6629
535,1,523.7,15257.71,0.1162,0.037702325581395454,0.310758,97.7,0.655
536,1,524.36,15247.42,0.089381,0.03777139534883732,0.274585,97.3,0.6574
537,1,525.01,15237.12,0.10384,0.03784046511627918,0.22162,97.5,0.6561
538,1,525.67,15226.8,0.087379,0.037909534883721036,0.285167,97.8,0.6542
539,1,526.33,15216.6,0.091372,0.0379786046511629,0.250646,97.4,0.6573
540,1,526.99,15206.59,0.085484,0.03804767441860476,0.218447,96.7,0.6618
541,1,527.65,15196.54,0.074357,0.038116744186046624,0.173788,97.8,0.6541
542,1,528.31,15186.38,0.094874,0.03818581395348848,0.242841,97.7,0.655
543,1,528.97,15176.37,0.149524,0.03825488372093034,0.299877,97.1,0.6588
544,1,529.63,15166.52,0.0696,0.0383239534883722,0.279646,96.4,0.6636
545,1,530.3,15156.83,0.052234,0.03839302325581406,0.243291,95.9,0.6675
546,1,530.96,15146.93,0.102621,0.03846209302325592,0.240269,97.1,0.6591
547,1,531.61,15136.88,0.063168,0.03853116279069778,0.268751,98.0,0.653
548,1,532.27,15126.97,0.072904,0.038600232558139644,0.193028,97.5,0.6564
549,1,532.93,15117.12,0.073056,0.03866930232558151,0.192807,97.4,0.6573
550,1,533.59,15107.28,0.09263,0.038738372093023374,0.258433,97.5,0.6564
551,1,534.24,15097.5,0.067182,0.03880744186046524,0.17096,97.3,0.6576
552,1,534.9,15087.73,0.116127,0.0388765116279071,0.28182,97.5,0.6564
553,1,535.56,15078.01,0.097456,0.03894558139534896,0.31699,97.5,0.6564
554,1,536.22,15068.26,0.123917,0.03901465116279082,0.300087,97.8,0.6546
555,1,536.87,15058.52,0.099611,0.039083720930232685,0.31275,97.8,0.6542
556,1,537.54,15049.19,0.08812,0.03915279069767454,0.369362,95.9,0.6673
557,1,538.2,15039.55,0.088969,0.03922186046511641,0.270455,97.6,0.6557
558,1,538.85,15029.89,0.159903,0.039290930232558266,0.367393,97.9,0.6537
559,1,539.51,15020.28,0.11887,0.03936000000000013,0.266789,97.9,0.6538
560,1,540.17,15010.95,0.080816,0.039429069767441996,0.289889,96.6,0.6627
561,1,540.83,15001.55,0.128924,0.03949813953488386,0.297161,97.7,0.6548
562,1,541.49,14992.05,0.127634,0.039567209302325726,0.358267,97.7,0.6549
563,1,542.14,14982.56,0.087423,0.03963627906976759,0.307864,97.9,0.6538
564,1,542.8,14973.17,0.073392,0.03970534883720945,0.299927,97.5,0.6562
565,1,543.46,14963.82,0.149533,0.03977441860465131,0.321922,97.4,0.6569
566,1,544.13,14954.94,0.113055,0.039843488372093165,0.305471,95.1,0.6729
567,1,544.79,14945.75,0.106932,0.03991255813953503,0.272652,96.9,0.6602
568,1,545.45,14936.53,0.075963,0.03998162790697689,0.245502,97.2,0.6583
569,1,546.11,14927.45,0.089049,0.04005069767441875,0.329358,96.6,0.6626
570,1,546.77,14918.19,0.151006,0.04011976744186062,0.395784,97.8,0.6546
571,1,547.43,14908.98,0.063833,0.04018883720930248,0.167011,97.7,0.6553
572,1,548.09,14899.93,0.141223,0.04025790697674435,0.282443,96.9,0.6602
573,1,548.74,14890.71,0.060391,0.04032697674418621,0.211881,98.0,0.6528
574,1,549.4,14881.59,0.08987,0.04039604651162807,0.255318,97.7,0.655
575,1,550.06,14872.56,0.091017,0.040465116279069936,0.378346,97.3,0.6577
576,1,550.71,14863.5,0.144365,0.0405341860465118,0.267837,97.6,0.6556
577,1,551.37,14854.63,0.059806,0.040603255813953666,0.259801,96.8,0.6613
578,1,552.04,14845.8,0.100283,0.040672325581395524,0.254336,96.7,0.662
579,1,552.69,14836.85,0.09845,0.04074139534883738,0.399024,97.6,0.6559
580,1,553.35,14827.95,0.045185,0.04081046511627924,0.131599,97.4,0.6574
581,1,554.02,14819.23,0.08301,0.0408795348837211,0.269168,97.0,0.6596
582,1,554.67,14810.36,0.112227,0.040948604651162956,0.291799,97.6,0.656
583,1,555.33,14801.52,0.132754,0.041017674418604815,0.363054,97.5,0.6561
584,1,556.0,14792.91,0.125543,0.04108674418604668,0.415071,96.3,0.6643
585,1,556.65,14784.1,0.052321,0.041155813953488544,0.269978,97.7,0.6553
586,1,557.31,14775.29,0.105957,0.0412248837209304,0.256324,97.8,0.6543
587,1,557.96,14766.56,0.163815,0.04129395348837226,0.32103,97.5,0.6565
588,1,558.63,14758.04,0.076111,0.04136302325581412,0.252817,96.5,0.6633
589,1,559.29,14749.59,0.13891,0.04143209302325598,0.27615,96.3,0.6649
590,1,559.95,14740.95,0.12512,0.041501162790697835,0.262488,97.5,0.6565
591,1,560.61,14732.44,0.103276,0.04157023255813969,0.296383,96.9,0.6605
592,1,561.27,14723.85,0.069979,0.04163930232558155,0.326249,97.5,0.6562
593,1,561.94,14715.56,0.104958,0.041708372093023416,0.367845,96.0,0.6668
594,1,562.59,14706.96,0.115007,0.041777441860465274,0.327897,97.8,0.6545
595,1,563.25,14698.48,0.085886,0.04184651162790714,0.205461,97.4,0.6573
596,1,563.91,14690.0,0.120533,0.041915581395349004,0.301457,97.6,0.6556
597,1,564.56,14681.52,0.088933,0.04198465116279086,0.252188,97.6,0.6557
598,1,565.23,14673.23,0.071421,0.04205372093023273,0.230021,96.7,0.6618
599,1,565.88,14664.8,0.071126,0.04212279069767459,0.348314,97.7,0.6553
600,1,566.54,14656.46,0.092759,0.04219186046511646,0.349963,97.3,0.6578
601,1,588.48,15197.62,0.099623,0.042260930232558315,0.222101,96.1,0.6663
602,1,589.13,15188.29,0.062694,0.04233000000000017,0.329534,97.9,0.654
603,1,589.79,15178.94,0.109458,0.04239906976744204,0.299821,98.1,0.6523
604,1,590.44,15169.61,0.069945,0.042468139534883896,0.192033,98.2,0.6516
605,1,591.09,15160.33,0.074389,0.042537209302325754,0.268114,98.1,0.6527
606,1,591.75,15151.13,0.072528,0.04260627906976761,0.227941,97.7,0.6548
607,1,592.41,15142.17,0.103562,0.04267534883720947,0.288734,96.6,0.6625
608,1,593.07,15133.06,0.112148,0.042744418604651335,0.305253,97.5,0.6565
609,1,593.73,15123.93,0.087759,0.04281348837209319,0.362692,97.9,0.654
610,1,594.38,15114.84,0.0822,0.04288255813953505,0.277178,97.8,0.6545
611,1,595.04,15105.74,0.132574,0.04295162790697691,0.345708,98.0,0.6532
612,1,595.72,15097.33,0.089402,0.043020697674418774,0.24748,94.2,0.6797
613,1,596.37,15088.24,0.095389,0.04308976744186064,0.216137,98.2,0.6518
614,1,597.02,15079.21,0.055974,0.043158837209302504,0.24761,98.0,0.6531
615,1,597.68,15070.24,0.074075,0.04322790697674436,0.311063,97.8,0.6541
616,1,598.33,15061.27,0.142366,0.04329697674418622,0.365832,97.9,0.6534
617,1,599.0,15052.55,0.097045,0.04336604651162808,0.306538,96.7,0.662
618,1,599.66,15043.86,0.116377,0.04343511627906994,0.371212,96.6,0.6624
619,1,600.31,15035.02,0.113654,0.0435041860465118,0.380737,97.7,0.655
620,1,600.97,15026.09,0.121871,0.04357325581395366,0.307749,98.3,0.6508
621,1,601.62,15017.32,0.07547,0.04364232558139552,0.21685,98.1,0.6524
622,1,602.28,15008.66,0.035587,0.043711395348837376,0.108787,97.1,0.659
623,1,602.94,14999.88,0.056213,0.043780465116279234,0.251612,97.9,0.6536
624,1,603.59,14991.1,0.070444,0.04384953488372109,0.272347,98.1,0.6524
625,1,604.24,14982.32,0.080952,0.04391860465116295,0.265984,98.3,0.6513
626,1,604.9,14973.63,0.058771,0.04398767441860481,0.333806,97.9,0.654
627,1,605.55,14964.97,0.104133,0.04405674418604667,0.312907,97.8,0.6545
628,1,606.21,14956.34,0.098491,0.04412581395348854,0.33638,97.8,0.6543
629,1,606.87,14947.82,0.12771,0.044194883720930396,0.346837,97.3,0.6576
630,1,607.53,14939.35,0.109987,0.04426395348837226,0.374537,97.2,0.6587
631,1,608.18,14930.76,0.111377,0.04433302325581412,0.279696,98.0,0.6527
632,1,608.84,14922.27,0.08132,0.044402093023255984,0.24236,97.6,0.656
633,1,609.5,14913.9,0.151138,0.04447116279069784,0.402934,97.0,0.6596
634,1,610.16,14905.52,0.097914,0.0445402325581397,0.402259,97.3,0.6581
635,1,610.81,14897.0,0.069034,0.04460930232558156,0.324804,98.2,0.6519
636,1,611.46,14888.58,0.088208,0.04467837209302342,0.382267,97.7,0.6552
637,1,612.12,14880.14,0.129945,0.04474744186046528,0.285003,98.1,0.6527
638,1,612.77,14871.76,0.110245,0.04481651162790714,0.341974,97.8,0.6545
639,1,613.43,14863.48,0.104225,0.044885581395349,0.333192,97.3,0.6576
640,1,614.09,14855.14,0.071717,0.04495465116279086,0.239753,97.9,0.6538
641,1,614.74,14846.9,0.038977,0.04502372093023272,0.26256,97.9,0.6537
642,1,615.4,14838.57,0.05619,0.04509279069767458,0.233522,98.1,0.6523
643,1,616.06,14830.39,0.118293,0.04516186046511644,0.361701,97.3,0.6577
644,1,616.71,14822.1,0.094983,0.0452309302325583,0.279391,98.1,0.6524
645,1,617.38,14814.17,0.14871,0.045300000000000167,0.510214,96.1,0.666
646,1,618.03,14805.92,0.14228,0.04536906976744203,0.318227,98.2,0.6521
647,1,618.68,14797.76,0.1155,0.045438139534883897,0.36087,97.7,0.6549
648,1,619.34,14789.64,0.101094,0.04550720930232576,0.419259,97.7,0.6552
649,1,620.0,14781.56,0.09697,0.045576279069767626,0.290385,97.6,0.656
650,1,620.65,14773.43,0.054188,0.045645348837209485,0.229037,98.1,0.6526
651,1,621.31,14765.35,0.074095,0.04571441860465135,0.225651,97.8,0.6542
652,1,621.97,14757.41,0.104936,0.045783488372093215,0.352549,97.1,0.6589
653,1,622.64,14749.75,0.098241,0.04585255813953507,0.364961,96.2,0.6655
654,1,623.37,14743.66,0.149258,0.04592162790697693,0.34967,87.1,0.7346
655,1,624.07,14736.51,0.097186,0.04599069767441879,0.328006,92.8,0.6893
656,1,624.8,14730.48,0.153108,0.04605976744186065,0.356741,87.0,0.7356
657,1,625.46,14722.52,0.062137,0.046128837209302505,0.229876,97.9,0.6541
658,1,626.12,14714.79,0.075551,0.04619790697674436,0.255286,96.6,0.6627
659,1,626.77,14706.84,0.105132,0.04626697674418623,0.344485,98.1,0.6525
660,1,627.43,14698.93,0.112476,0.046336046511628086,0.310557,98.0,0.6531
661,1,628.09,14691.11,0.093482,0.046405116279069944,0.397162,98.1,0.6525
662,1,628.74,14683.27,0.103334,0.04647418604651181,0.277733,97.9,0.654
663,1,629.39,14675.41,0.079478,0.04654325581395367,0.282165,98.1,0.6526
664,1,630.06,14667.9,0.065523,0.04661232558139553,0.242846,96.0,0.6666
665,1,630.71,14660.07,0.082405,0.04668139534883739,0.32116,98.2,0.6518
666,1,631.38,14652.62,0.12743,0.046750465116279255,0.281768,95.9,0.6672
667,1,632.04,14644.89,0.152585,0.04681953488372111,0.347099,97.8,0.6546
668,1,632.69,14637.16,0.090586,0.04688860465116297,0.262533,97.9,0.6535
669,1,633.35,14629.62,0.104975,0.04695767441860483,0.240468,96.9,0.6608
670,1,634.01,14621.9,0.152294,0.047026744186046694,0.484339,98.1,0.6521
671,1,634.67,14614.34,0.06682,0.04709581395348855,0.318913,97.2,0.6581
672,1,635.32,14606.77,0.110865,0.04716488372093041,0.462385,97.5,0.6565
673,1,635.98,14599.12,0.091738,0.04723395348837227,0.352895,98.1,0.6525
674,1,636.63,14591.49,0.117583,0.047303023255814126,0.249596,98.1,0.6521
675,1,637.29,14584.01,0.06017,0.047372093023255984,0.328097,97.3,0.6578
676,1,637.94,14576.45,0.090386,0.04744116279069785,0.299696,98.0,0.6534
677,1,638.6,14568.86,0.117449,0.04751023255813971,0.301185,98.2,0.6518
678,1,639.26,14561.5,0.134731,0.047579302325581566,0.594237,96.9,0.6607
679,1,639.92,14554.08,0.077616,0.04764837209302343,0.430175,97.4,0.6573
680,1,640.58,14546.75,0.076098,0.04771744186046529,0.216657,96.9,0.6605
681,1,641.24,14539.44,0.098711,0.04778651162790715,0.54453,97.6,0.6559
682,1,641.9,14532.19,0.146896,0.047855581395349005,0.328993,96.7,0.6616
683,1,642.56,14524.76,0.120975,0.04792465116279087,0.342813,98.0,0.6534
684,1,643.21,14517.37,0.119627,0.04799372093023273,0.379703,97.9,0.6539
685,1,643.87,14510.09,0.074684,0.048062790697674586,0.191414,97.2,0.6583
686,1,644.52,14502.7,0.088092,0.048131860465116444,0.293186,98.1,0.6525
687,1,645.18,14495.35,0.112565,0.04820093023255831,0.367377,98.0,0.6533
688,1,645.84,14488.19,0.143558,0.04827000000000017,0.347245,96.8,0.6608
689,1,646.5,14481.02,0.069855,0.048339069767442025,0.456054,97.0,0.6599
690,1,647.16,14473.81,0.11378,0.04840813953488388,0.378208,97.4,0.6569
691,1,647.82,14466.65,0.088612,0.04847720930232574,0.338867,97.2,0.6582
692,1,648.48,14459.7,0.108331,0.048546279069767606,0.329151,96.0,0.6669
693,1,649.14,14452.47,0.084154,0.04861534883720947,0.341827,97.9,0.6539
694,1,649.79,14445.28,0.115468,0.04868441860465133,0.436828,97.8,0.6544
695,1,650.45,14438.11,0.083066,0.04875348837209319,0.325115,97.8,0.6546
696,1,651.11,14431.0,0.101039,0.048822558139535045,0.435149,97.5,0.6567
697,1,651.76,14423.87,0.099271,0.0488916279069769,0.322021,97.7,0.6552
698,1,652.42,14416.82,0.134433,0.04896069767441876,0.474823,97.4,0.6572
699,1,653.08,14409.78,0.112578,0.04902976744186062,0.370323,97.4,0.6569
700,1,653.74,14402.73,0.090158,0.04909883720930248,0.46272,97.6,0.6556
701,1,654.4,14395.79,0.149581,0.049167906976744336,0.375507,97.5,0.6567
702,1,655.05,14388.75,0.101878,0.049236976744186194,0.475289,97.8,0.6542
703,1,655.72,14381.94,0.082777,0.04930604651162805,0.345967,96.3,0.6646
704,1,656.41,14375.81,0.117734,0.04937511627906991,0.327307,92.4,0.6926
705,1,657.07,14368.93,0.116585,0.04944418604651177,0.372769,97.1,0.6593
706,1,657.78,14363.14,0.072628,0.049513255813953626,0.304181,90.3,0.7084
707,1,658.61,14359.93,0.114202,0.049582325581395484,0.312694,77.4,0.8264
708,1,659.34,14354.62,0.110932,0.04965139534883735,0.406775,87.7,0.7295
709,1,660.03,14348.48,0.108413,0.04972046511627921,0.334412,93.1,0.6878
710,1,660.72,14342.2,0.126747,0.049789534883721065,0.342782,93.7,0.6833
711,1,661.37,14335.33,0.112377,0.04985860465116293,0.314804,97.6,0.6554
712,1,662.03,14328.5,0.110586,0.04992767441860479,0.375103,97.4,0.6569
713,1,662.69,14321.63,0.099412,0.04999674418604665,0.329597,97.9,0.6539
714,1,663.34,14314.76,0.100038,0.05006581395348851,0.435506,97.9,0.6535
715,1,664.0,14308.03,0.087856,0.05013488372093037,0.313331,97.1,0.659
716,1,664.65,14301.19,0.101007,0.05020395348837223,0.225149,98.0,0.6528
717,1,665.31,14294.47,0.106541,0.05027302325581409,0.435872,97.2,0.6583
718,1,665.97,14287.77,0.090964,0.05034209302325596,0.377746,97.3,0.6578
719,1,666.63,14281.1,0.089807,0.050411162790697815,0.394344,97.1,0.6589
720,1,667.29,14274.36,0.085364,0.05048023255813967,0.300652,97.8,0.6546
721,1,667.95,14267.8,0.060333,0.05054930232558153,0.329256,97.3,0.658
722,1,668.61,14261.19,0.081248,0.050618372093023396,0.365758,97.1,0.6594
723,1,669.27,14254.53,0.078131,0.050687441860465254,0.3521,97.6,0.6557
724,1,669.92,14247.82,0.09351,0.05075651162790711,0.324531,98.0,0.6531
725,1,670.58,14241.29,0.110837,0.05082558139534898,0.327477,96.9,0.6606
726,1,671.24,14234.65,0.075307,0.05089465116279084,0.301997,97.7,0.6548
727,1,671.89,14228.01,0.137507,0.0509637209302327,0.449217,97.9,0.6537
728,1,672.54,14221.37,0.071684,0.05103279069767456,0.286194,98.0,0.653
729,1,673.2,14214.75,0.090546,0.05110186046511642,0.33599,98.0,0.6531
730,1,673.85,14208.12,0.05957,0.051170930232558275,0.231315,98.1,0.6523
731,1,674.51,14201.53,0.094478,0.05124000000000014,0.425216,98.0,0.6531
732,1,675.17,14195.09,0.085256,0.051309069767442,0.448848,97.0,0.6595
733,1,675.84,14188.96,0.087352,0.051378139534883856,0.304106,95.0,0.6735
734,1,676.52,14182.95,0.111272,0.05144720930232572,0.336129,94.5,0.6773
735,1,677.18,14176.59,0.075137,0.051516279069767586,0.329939,96.8,0.6611
736,1,677.84,14170.08,0.125465,0.051585348837209444,0.30697,98.0,0.6531
737,1,678.5,14163.76,0.102993,0.0516544186046513,0.40381,96.8,0.6615
738,1,679.16,14157.53,0.1194,0.05172348837209316,0.419457,96.2,0.665
739,1,679.82,14151.1,0.096141,0.05179255813953502,0.345416,97.7,0.655
740,1,680.47,14144.65,0.122112,0.051861627906976876,0.523215,98.0,0.6532
741,1,681.14,14138.48,0.075101,0.05193069767441874,0.44344,96.8,0.6611
742,1,681.79,14132.07,0.086965,0.0519997674418606,0.376999,97.9,0.6538
743,1,682.46,14125.96,0.157157,0.052068837209302464,0.381178,96.0,0.667
744,1,683.12,14119.61,0.09065,0.05213790697674432,0.259134,97.8,0.6546
745,1,683.81,14114.04,0.115754,0.05220697674418618,0.357018,92.5,0.6917
746,1,684.49,14108.23,0.150411,0.05227604651162804,0.395402,94.2,0.6793
747,1,685.15,14102.04,0.076195,0.0523451162790699,0.52493,96.9,0.6604
748,1,685.81,14095.77,0.06535,0.05241418604651177,0.279631,97.6,0.6561
749,1,686.46,14089.48,0.104604,0.05248325581395363,0.421808,97.8,0.6542
750,1,687.14,14083.58,0.099572,0.0525523255813955,0.315454,95.1,0.6727
751,1,687.81,14077.61,0.069978,0.05262139534883736,0.319864,95.9,0.6676
752,1,688.5,14072.04,0.049233,0.05269046511627922,0.236787,93.2,0.6865
753,1,689.15,14065.86,0.061614,0.05275953488372108,0.417572,97.5,0.6564
754,1,689.83,14060.03,0.053906,0.05282860465116294,0.364027,95.1,0.673
755,1,690.49,14053.94,0.116757,0.052897674418604795,0.767275,97.1,0.6594
756,1,691.14,14047.77,0.150721,0.05296674418604666,0.43062,97.7,0.6552
757,1,691.81,14041.83,0.103359,0.053035813953488525,0.360966,96.3,0.6645
758,1,692.47,14035.71,0.090636,0.05310488372093038,0.374987,97.6,0.6555
759,1,693.14,14029.88,0.081368,0.05317395348837225,0.294295,95.5,0.67
760,1,693.8,14023.84,0.056958,0.05324302325581411,0.301982,97.2,0.6584
761,1,694.46,14017.81,0.149519,0.05331209302325598,0.378861,97.7,0.655
762,1,695.11,14011.74,0.056635,0.05338116279069784,0.242011,97.5,0.6563
763,1,695.78,14005.9,0.11531,0.05345023255813971,0.395469,96.4,0.664
764,1,696.44,13999.81,0.060724,0.053519302325581566,0.334602,97.9,0.6537
765,1,697.1,13993.93,0.06003,0.053588372093023424,0.396763,96.6,0.6629
766,1,697.76,13988.02,0.077866,0.05365744186046529,0.400365,96.8,0.6612
767,1,698.42,13982.14,0.079881,0.053726511627907154,0.437819,96.7,0.6616
768,1,699.08,13976.13,0.114819,0.05379558139534901,0.352918,97.8,0.6543
769,1,699.73,13970.11,0.04902,0.05386465116279088,0.295944,97.9,0.6538
770,1,700.41,13964.51,0.051125,0.053933720930232736,0.284487,95.0,0.6739
771,1,701.06,13958.51,0.148339,0.0540027906976746,0.498455,98.1,0.6527
772,1,701.72,13952.54,0.123765,0.054071860465116466,0.568832,97.8,0.6541
773,1,702.38,13946.69,0.120835,0.054140930232558324,0.299252,97.1,0.6591
774,1,703.04,13940.9,0.117906,0.05421000000000019,0.436643,96.7,0.6616
775,1,703.7,13935.15,0.07347,0.054279069767442054,0.330332,96.6,0.6625
776,1,704.36,13929.22,0.076958,0.05434813953488392,0.393984,97.9,0.6536
777,1,705.01,13923.31,0.11172,0.054417209302325784,0.375611,97.9,0.6537
778,1,705.67,13917.57,0.06659,0.05448627906976765,0.347732,96.8,0.6615
779,1,706.33,13911.67,0.111804,0.05455534883720951,0.392501,98.1,0.6526
780,1,707.0,13906.06,0.119375,0.054624418604651365,0.309952,96.0,0.6666
781,1,707.66,13900.33,0.039505,0.05469348837209322,0.274158,97.6,0.6555
782,1,708.31,13894.47,0.096427,0.05476255813953509,0.274462,98.0,0.6529
783,1,708.97,13888.66,0.119888,0.05483162790697695,0.451814,97.8,0.6544
784,1,709.62,13882.83,0.090605,0.05490069767441881,0.370011,98.0,0.6531
785,1,710.27,13877.03,0.129005,0.05496976744186067,0.460722,97.9,0.6539
786,1,710.93,13871.29,0.116434,0.055038837209302534,0.560979,97.5,0.6562
787,1,711.58,13865.51,0.105717,0.05510790697674439,0.322417,98.0,0.6529
788,1,712.24,13859.81,0.068397,0.05517697674418626,0.300069,97.4,0.6571
789,1,712.9,13854.06,0.14361,0.05524604651162812,0.385188,97.9,0.6538
790,1,713.55,13848.33,0.103686,0.05531511627906998,0.332035,97.8,0.6541
791,1,714.21,13842.62,0.118739,0.055384186046511845,0.454668,97.8,0.6544
792,1,714.86,13836.9,0.069168,0.05545325581395371,0.351338,98.0,0.653
793,1,715.52,13831.19,0.070741,0.05552232558139557,0.397989,98.0,0.653
794,1,716.17,13825.58,0.122845,0.055591395348837426,0.406813,97.4,0.6574
795,1,716.83,13819.92,0.107197,0.055660465116279284,0.373598,97.8,0.6543
796,1,717.48,13814.24,0.08998,0.05572953488372114,0.32514,98.0,0.6528
797,1,718.14,13808.57,0.12376,0.055798604651163,0.427663,98.1,0.6524
798,1,718.79,13802.98,0.085605,0.055867674418604865,0.336535,97.6,0.6561
799,1,719.45,13797.35,0.140183,0.05593674418604672,0.476461,98.0,0.6532
800,1,720.11,13791.9,0.079084,0.05600581395348858,0.344945,96.7,0.6619
801,1,720.8,13787.05,0.103262,0.056074883720930446,0.362414,97.7,0.6548
802,1,721.46,13781.47,0.066798,0.05614395348837231,0.330747,97.8,0.6545
803,1,722.11,13775.93,0.102626,0.05621302325581417,0.500237,97.7,0.6554
804,1,722.77,13770.33,0.036416,0.056282093023256034,0.230671,98.3,0.6514
805,1,723.42,13764.75,0.121676,0.0563511627906979,0.357306,98.1,0.6522
806,1,724.07,13759.19,0.06333,0.056420232558139764,0.403403,98.0,0.653
807,1,724.73,13753.7,0.127005,0.05648930232558163,0.499588,97.7,0.6553
808,1,725.38,13748.18,0.122135,0.056558372093023494,0.476103,97.9,0.6537
809,1,726.05,13742.95,0.094355,0.05662744186046536,0.556107,95.8,0.6681
810,1,726.71,13737.56,0.063683,0.05669651162790722,0.366138,97.2,0.6587
811,1,727.37,13732.13,0.095629,0.056765581395349075,0.331062,97.5,0.6564
812,1,728.02,13726.64,0.135019,0.05683465116279094,0.406789,98.1,0.6525
813,1,728.68,13721.23,0.133419,0.056903720930232805,0.400338,97.6,0.6556
814,1,729.33,13715.77,0.061901,0.05697279069767466,0.266338,98.0,0.653
815,1,729.99,13710.32,0.088636,0.05704186046511652,0.394549,98.1,0.6527
816,1,730.65,13705.01,0.080959,0.05711093023255838,0.331218,97.0,0.6596
817,1,731.3,13699.6,0.06319,0.057180000000000245,0.365147,97.9,0.6535
818,1,731.96,13694.24,0.087518,0.0572490697674421,0.369494,97.6,0.6558
819,1,732.62,13688.96,0.093445,0.05731813953488396,0.338319,97.1,0.6594
820,1,733.27,13683.57,0.110969,0.05738720930232582,0.425054,98.0,0.6527
821,1,733.93,13678.24,0.030747,0.05745627906976768,0.315561,98.0,0.6527
822,1,734.58,13672.91,0.112407,0.057525348837209535,0.435064,97.7,0.6551
823,1,735.24,13667.61,0.091599,0.0575944186046514,0.348438,97.7,0.6553
824,1,735.89,13662.28,0.056903,0.057663488372093265,0.296119,97.9,0.654
825,1,736.55,13657.07,0.058203,0.05773255813953512,0.318649,97.1,0.6592
826,1,737.21,13651.75,0.077911,0.05780162790697698,0.421726,98.0,0.6531
827,1,737.86,13646.44,0.066981,0.05787069767441884,0.320124,98.0,0.653
828,1,738.52,13641.13,0.073104,0.057939767441860704,0.38573,98.1,0.6524
829,1,739.17,13635.86,0.09492,0.05800883720930256,0.347499,98.0,0.6533
830,1,739.83,13630.79,0.081813,0.05807790697674443,0.357777,96.4,0.6642
831,1,740.49,13625.51,0.073552,0.058146976744186285,0.412329,98.1,0.6523
832,1,741.14,13620.26,0.163245,0.05821604651162814,0.465185,98.0,0.6531
833,1,741.79,13615.01,0.051502,0.05828511627907,0.256786,98.1,0.6523
834,1,742.45,13609.79,0.136601,0.058354186046511866,0.456673,97.9,0.6536
835,1,743.1,13604.6,0.07266,0.058423255813953724,0.472432,97.7,0.6547
836,1,743.76,13599.41,0.083061,0.05849232558139559,0.42086,97.9,0.6537
837,1,744.42,13594.26,0.097441,0.058561395348837454,0.315982,97.6,0.6556
838,1,745.07,13589.08,0.128763,0.05863046511627932,0.389373,98.0,0.6531
839,1,745.73,13583.97,0.086179,0.058699534883721184,0.224352,97.5,0.6566
840,1,746.38,13578.79,0.110411,0.05876860465116304,0.412139,98.1,0.6526
841,1,747.04,13573.67,0.09829,0.0588376744186049,0.374725,98.2,0.652
842,1,747.69,13568.53,0.06305,0.058906744186046765,0.27884,98.0,0.6532
843,1,748.35,13563.43,0.066312,0.05897581395348862,0.440594,97.9,0.6539
844,1,749.0,13558.34,0.133007,0.05904488372093048,0.374598,97.7,0.6548
845,1,749.66,13553.26,0.035398,0.059113953488372346,0.239684,97.8,0.6545
846,1,750.31,13548.15,0.058886,0.059183023255814204,0.323444,98.1,0.6526
847,1,750.96,13543.04,0.080264,0.05925209302325606,0.302,98.1,0.6526
848,1,751.62,13537.95,0.085354,0.05932116279069793,0.420582,98.1,0.6526
849,1,752.27,13532.89,0.102128,0.05939023255813979,0.421298,97.9,0.6536
850,1,752.92,13527.83,0.114946,0.05945930232558166,0.378871,98.1,0.6526
851,1,753.58,13522.74,0.070637,0.05952837209302352,0.30014,98.4,0.6506
852,1,754.23,13517.7,0.139377,0.05959744186046539,0.444754,98.0,0.653
853,1,754.88,13512.67,0.0831,0.05966651162790725,0.291618,98.1,0.6525
854,1,755.54,13507.66,0.090326,0.05973558139534911,0.390547,98.0,0.6533
855,1,756.2,13502.74,0.092458,0.059804651162790975,0.310968,97.2,0.6584
856,1,756.85,13497.8,0.09067,0.05987372093023284,0.373699,97.6,0.6558
857,1,757.51,13492.83,0.111911,0.0599427906976747,0.460218,97.8,0.6542
858,1,758.16,13487.89,0.023602,0.060011860465116564,0.211779,97.7,0.6551
859,1,758.83,13483.09,0.101464,0.06008093023255842,0.509452,96.7,0.6621
860,1,759.48,13478.15,0.139627,0.06015000000000029,0.733671,97.8,0.6542
861,1,760.14,13473.29,0.08469,0.06021906976744215,0.419305,97.8,0.6547
862,1,760.8,13468.41,0.047459,0.06028813953488402,0.327014,97.5,0.6562
863,1,761.45,13463.52,0.063818,0.060357209302325875,0.380571,97.8,0.6547
864,1,762.11,13458.64,0.080561,0.06042627906976773,0.340782,97.7,0.6551
865,1,762.76,13453.73,0.059396,0.06049534883720959,0.343537,98.0,0.6531
866,1,763.42,13448.84,0.095082,0.06056441860465145,0.408153,98.1,0.6527
867,1,764.07,13443.95,0.100876,0.06063348837209331,0.434603,98.0,0.6532
868,1,764.73,13439.08,0.11402,0.060702558139535165,0.445892,98.0,0.6533
869,1,765.38,13434.21,0.090157,0.06077162790697703,0.26538,98.0,0.6529
870,1,766.04,13429.42,0.104215,0.06084069767441889,0.454465,97.4,0.6572
871,1,766.69,13424.56,0.101756,0.06090976744186075,0.396034,98.1,0.6522
872,1,767.35,13419.81,0.095046,0.06097883720930261,0.68636,97.2,0.6583
873,1,768.01,13415.03,0.092717,0.06104790697674446,0.324912,97.6,0.6559
874,1,768.67,13410.31,0.109844,0.06111697674418632,0.550394,97.2,0.6584
875,1,769.32,13405.48,0.069914,0.06118604651162818,0.382262,98.1,0.6522
876,1,769.97,13400.68,0.106727,0.06125511627907004,0.454546,98.0,0.6531
877,1,770.63,13395.91,0.087765,0.06132418604651191,0.42612,97.7,0.6548
878,1,771.28,13391.14,0.141752,0.06139325581395377,0.483084,98.0,0.6529
879,1,771.93,13386.34,0.108091,0.061462325581395624,0.363964,98.2,0.6515
880,1,772.59,13381.54,0.108092,0.06153139534883749,0.393627,98.3,0.6512
881,1,773.24,13376.83,0.061166,0.06160046511627935,0.269659,98.2,0.6517
882,1,773.9,13372.07,0.120187,0.061669534883721205,0.483777,98.2,0.652
883,1,774.56,13367.48,0.097203,0.06173860465116307,0.411794,96.7,0.6616
884,1,775.21,13362.77,0.057901,0.061807674418604935,0.264881,97.9,0.6541
885,1,775.87,13358.18,0.08319,0.0618767441860468,0.416982,96.9,0.6602
886,1,776.53,13353.54,0.088091,0.061945813953488665,0.483452,97.4,0.6569
887,1,777.19,13348.84,0.059129,0.06201488372093052,0.423269,98.0,0.6529
888,1,777.84,13344.24,0.099928,0.06208395348837238,0.488982,97.2,0.6583
889,1,778.5,13339.67,0.090606,0.06215302325581424,0.368715,97.0,0.6595
890,1,779.16,13335.04,0.048841,0.062222093023256105,0.238839,97.7,0.6552
891,1,779.82,13330.46,0.080846,0.06229116279069796,0.268379,97.2,0.6584
892,1,780.47,13325.8,0.127491,0.06236023255813983,0.504435,98.1,0.6523
893,1,781.13,13321.2,0.106588,0.06242930232558169,0.539716,97.6,0.6558
894,1,781.79,13316.6,0.078451,0.06249837209302356,0.424788,97.6,0.6556
895,1,782.45,13312.06,0.132,0.06256744186046542,0.448663,97.2,0.6583
896,1,783.11,13307.6,0.077694,0.06263651162790727,0.413005,96.7,0.6621
897,1,783.76,13302.99,0.06657,0.06270558139534914,0.531622,98.1,0.6526
898,1,784.42,13298.38,0.077192,0.062774651162791,0.315426,98.1,0.6522
899,1,785.07,13293.79,0.058995,0.06284372093023287,0.248175,97.9,0.6535
900,1,785.73,13289.32,0.102254,0.06291279069767472,0.357202,97.1,0.6594
901,1,806.62,13626.63,0.095603,0.06298186046511658,0.347024,92.8,0.6893
902,1,807.28,13621.66,0.085516,0.06305093023255844,0.345761,98.1,0.6526
903,1,807.93,13616.66,0.106819,0.0631200000000003,0.309738,98.4,0.6504
904,1,808.58,13611.68,0.120742,0.06318906976744215,0.539678,98.3,0.6512
905,1,809.23,13606.72,0.118034,0.06325813953488402,0.518262,98.2,0.6514
906,1,809.89,13601.82,0.115604,0.06332720930232588,0.354494,97.7,0.6548
907,1,810.55,13597.12,0.091638,0.06339627906976773,0.338441,96.1,0.6661
908,1,811.21,13592.22,0.081281,0.0634653488372096,0.370322,97.9,0.6536
909,1,811.86,13587.33,0.111531,0.06353441860465146,0.438572,97.9,0.6537
910,1,812.52,13582.44,0.110394,0.06360348837209333,0.443979,97.9,0.6534
911,1,813.17,13577.55,0.087271,0.06367255813953519,0.386664,98.1,0.6522
912,1,813.83,13572.77,0.11392,0.06374162790697706,0.616859,97.2,0.6585
913,1,814.48,13567.91,0.084064,0.06381069767441892,0.333343,98.0,0.6533
914,1,815.15,13563.17,0.111004,0.06387976744186079,0.402895,97.0,0.66
915,1,815.8,13558.29,0.063697,0.06394883720930264,0.291043,98.4,0.6504
916,1,816.45,13553.42,0.066488,0.0640179069767445,0.255146,98.3,0.6511
917,1,817.11,13548.62,0.06466,0.06408697674418637,0.322824,97.7,0.6549
918,1,817.76,13543.8,0.087834,0.06415604651162822,0.462764,98.0,0.653
919,1,818.41,13538.98,0.128442,0.06422511627907007,0.652145,98.1,0.6525
920,1,819.07,13534.25,0.08399,0.06429418604651194,0.37852,97.3,0.6576
921,1,819.73,13529.5,0.101317,0.0643632558139538,0.326295,98.1,0.6523
922,1,820.38,13524.78,0.075936,0.06443232558139565,0.378367,97.5,0.6567
923,1,821.04,13519.99,0.065631,0.06450139534883752,0.308357,98.1,0.6526
924,1,821.7,13515.28,0.120459,0.06457046511627938,0.460324,97.6,0.656
925,1,822.35,13510.51,0.046651,0.06463953488372125,0.385133,98.2,0.6521
926,1,823.0,13505.74,0.117009,0.06470860465116311,0.69289,98.2,0.652
927,1,823.66,13501.04,0.089396,0.06477767441860496,0.345451,97.6,0.6555
928,1,824.32,13496.39,0.154012,0.06484674418604683,0.490576,97.3,0.6575
929,1,824.98,13491.77,0.10965,0.0649158139534887,0.377784,97.0,0.6597
930,1,825.64,13487.15,0.113733,0.06498488372093056,0.633584,97.2,0.6583
931,1,826.29,13482.45,0.094628,0.06505395348837241,0.409131,98.0,0.653
932,1,826.95,13477.84,0.071578,0.06512302325581427,0.370935,97.3,0.6578
933,1,827.6,13473.18,0.114371,0.06519209302325614,0.419617,97.8,0.6542
934,1,828.27,13468.72,0.065066,0.065261162790698,0.326414,96.0,0.6664
935,1,828.93,13464.08,0.100813,0.06533023255813987,0.501714,97.8,0.6546
936,1,829.58,13459.48,0.040437,0.06539930232558173,0.374263,97.4,0.6568
937,1,830.24,13454.82,0.081294,0.0654683720930236,0.511782,98.0,0.6529
938,1,830.9,13450.23,0.121547,0.06553744186046546,0.628625,97.5,0.6565
939,1,831.56,13445.69,0.165864,0.06560651162790733,0.497487,97.1,0.6592
940,1,832.21,13441.1,0.060567,0.0656755813953492,0.259966,97.7,0.655
941,1,832.87,13436.55,0.085456,0.06574465116279106,0.462652,97.9,0.6535
942,1,833.52,13431.95,0.095818,0.06581372093023291,0.486381,98.0,0.6533
943,1,834.18,13427.38,0.094556,0.06588279069767476,0.341659,97.7,0.6548
944,1,834.84,13422.9,0.060454,0.06595186046511663,0.368121,96.9,0.6601
945,1,835.5,13418.35,0.058702,0.06602093023255848,0.262549,97.6,0.6558
946,1,836.15,13413.82,0.077915,0.06609000000000034,0.475779,97.6,0.6557
947,1,836.82,13409.43,0.150176,0.06615906976744221,0.541999,96.4,0.6639
948,1,837.49,13405.1,0.088149,0.06622813953488407,0.406831,95.9,0.6672
949,1,838.14,13400.56,0.086585,0.06629720930232594,0.445215,97.9,0.6537
950,1,838.8,13396.05,0.069772,0.0663662790697678,0.488194,97.7,0.655
951,1,839.46,13391.56,0.128542,0.06643534883720967,0.462946,97.6,0.6555
952,1,840.11,13387.07,0.109117,0.06650441860465152,0.412327,97.7,0.6551
953,1,840.77,13382.59,0.055909,0.06657348837209337,0.418867,97.7,0.6552
954,1,841.43,13378.15,0.07641,0.06664255813953524,0.291309,97.4,0.6573
955,1,842.08,13373.66,0.104677,0.0667116279069771,0.403563,97.8,0.6546
956,1,842.74,13369.21,0.080709,0.06678069767441897,0.616329,97.6,0.6554
957,1,843.4,13364.81,0.058548,0.06684976744186082,0.393757,97.2,0.6586
958,1,844.07,13360.55,0.058449,0.06691883720930268,0.297269,95.9,0.6671
959,1,844.73,13356.19,0.18532,0.06698790697674455,0.826128,97.0,0.6601
960,1,845.38,13351.76,0.087052,0.06705697674418641,0.381285,97.8,0.6544
961,1,846.04,13347.41,0.048499,0.06712604651162828,0.244665,97.6,0.6555
962,1,846.7,13342.99,0.064906,0.06719511627907014,0.44301,97.8,0.6541
963,1,847.36,13338.66,0.063886,0.067264186046512,0.430741,97.0,0.66
964,1,848.02,13334.25,0.072872,0.06733325581395386,0.4011,97.8,0.6547
965,1,848.68,13329.92,0.10448,0.06740232558139571,0.409115,97.1,0.6595
966,1,849.33,13325.52,0.094328,0.06747139534883756,0.41476,97.9,0.6538
967,1,849.99,13321.26,0.069685,0.06754046511627942,0.381054,96.6,0.6622
968,1,850.65,13316.86,0.057751,0.06760953488372129,0.269936,97.9,0.6535
969,1,851.3,13312.51,0.075803,0.06767860465116315,0.444176,97.6,0.6556
970,1,851.96,13308.2,0.075213,0.06774767441860502,0.467315,97.3,0.6581
971,1,852.62,13303.84,0.058599,0.06781674418604688,0.316958,97.7,0.6549
972,1,853.28,13299.51,0.09909,0.06788581395348874,0.31884,97.6,0.6556
973,1,853.93,13295.18,0.084106,0.0679548837209306,0.440655,97.7,0.6551
974,1,854.59,13290.85,0.045182,0.06802395348837245,0.378965,97.7,0.6553
975,1,855.24,13286.53,0.112729,0.0680930232558143,0.71789,97.8,0.6546
976,1,855.9,13282.22,0.086206,0.06816209302325617,0.46864,97.7,0.655
977,1,856.55,13277.91,0.059642,0.06823116279069803,0.400982,97.8,0.6542
978,1,857.21,13273.68,0.102634,0.0683002325581399,0.437893,97.1,0.6593
979,1,857.87,13269.4,0.06956,0.06836930232558176,0.400037,97.6,0.6555
980,1,858.52,13265.08,0.080387,0.06843837209302363,0.437769,98.0,0.6529
981,1,859.18,13260.82,0.079523,0.06850744186046548,0.38569,98.0,0.6528
982,1,859.84,13256.6,0.065905,0.06857651162790734,0.453962,97.2,0.6584
983,1,860.61,13254.16,0.096902,0.06864558139534921,0.428547,82.8,0.7731
984,1,861.27,13249.96,0.090216,0.06871465116279107,0.299803,97.3,0.6581
985,1,861.93,13245.77,0.12751,0.06878372093023292,0.657951,97.1,0.659
986,1,862.59,13241.54,0.05116,0.06885279069767479,0.312868,97.7,0.6552
987,1,863.24,13237.29,0.099778,0.06892186046511665,0.426964,97.9,0.6538
988,1,863.91,13233.14,0.099513,0.06899093023255852,0.463597,96.9,0.6602
989,1,864.56,13228.91,0.086415,0.06906000000000038,0.406315,97.9,0.6539
990,1,865.21,13224.67,0.081683,0.06912906976744225,0.378541,98.0,0.6533
991,1,865.87,13220.46,0.077469,0.06919813953488411,0.442179,97.8,0.6546
992,1,866.52,13216.24,0.096794,0.06926720930232598,0.337018,97.9,0.654
993,1,867.18,13212.02,0.076514,0.06933627906976784,0.415194,98.0,0.6532
994,1,867.83,13207.83,0.077511,0.06940534883720971,0.692813,97.8,0.6546
995,1,868.49,13203.65,0.048674,0.06947441860465157,0.270535,97.8,0.6546
996,1,869.15,13199.49,0.111933,0.06954348837209344,0.74713,97.6,0.6555
997,1,869.8,13195.32,0.091057,0.06961255813953529,0.442524,97.8,0.6543
998,1,870.46,13191.23,0.131954,0.06968162790697716,0.546408,97.1,0.6594
999,1,871.11,13187.04,0.08794,0.06975069767441902,0.371549,98.1,0.6524
1000,1,871.77,13182.91,0.076319,0.06981976744186089,0.446455,97.6,0.6558
1001,1,872.43,13178.8,0.090939,0.06988883720930275,0.44088,97.9,0.6539
1002,1,873.08,13174.66,0.111988,0.06995790697674462,0.495899,97.9,0.654
1003,1,873.74,13170.62,0.072806,0.07002697674418648,0.507514,96.9,0.6603
1004,1,874.41,13166.68,0.095069,0.07009604651162835,0.351617,96.0,0.6665
1005,1,875.08,13162.71,0.077904,0.0701651162790702,0.398382,96.3,0.6643
1006,1,875.73,13158.62,0.054909,0.07023418604651206,0.293592,97.7,0.6554
1007,1,876.39,13154.52,0.093079,0.07030325581395393,0.467309,97.8,0.6545
1008,1,877.04,13150.43,0.053918,0.07037232558139579,0.294674,97.8,0.6547
1009,1,877.7,13146.37,0.06634,0.07044139534883766,0.359253,97.5,0.6562
1010,1,878.35,13142.28,0.12381,0.07051046511627951,0.357317,98.0,0.6534
1011,1,879.01,13138.24,0.103689,0.07057953488372136,0.398994,97.4,0.6571
1012,1,879.67,13134.18,0.069599,0.07064860465116322,0.322765,97.8,0.6545
1013,1,880.32,13130.11,0.072527,0.07071767441860509,0.339392,97.8,0.6542
1014,1,880.98,13126.08,0.078688,0.07078674418604695,0.436321,97.6,0.6556
1015,1,881.63,13122.02,0.059479,0.07085581395348882,0.405068,98.0,0.6533
1016,1,882.29,13117.97,0.094781,0.07092488372093068,0.732726,97.8,0.6544
1017,1,882.94,13113.92,0.105415,0.07099395348837255,0.63719,97.9,0.6536
1018,1,883.6,13109.98,0.103893,0.07106302325581441,0.564034,97.0,0.66
1019,1,884.26,13105.93,0.056431,0.07113209302325628,0.40474,98.1,0.6524
1020,1,884.92,13102.09,0.059034,0.07120116279069814,0.338822,96.1,0.6657
1021,1,885.58,13098.09,0.067342,0.07127023255814,0.45274,98.1,0.6524
1022,1,886.25,13094.29,0.082838,0.07133930232558186,0.322968,95.9,0.6677
1023,1,886.9,13090.26,0.13118,0.07140837209302373,0.490235,98.1,0.6522
1024,1,887.56,13086.25,0.053069,0.07147744186046559,0.265974,98.0,0.6528
1025,1,888.21,13082.26,0.078774,0.07154651162790746,0.371199,97.8,0.6541
1026,1,888.87,13078.27,0.101631,0.07161558139534932,0.43356,97.9,0.6534
1027,1,889.52,13074.32,0.117003,0.07168465116279119,0.456309,97.7,0.6551
1028,1,890.18,13070.35,0.062276,0.07175372093023304,0.570533,97.8,0.6542
1029,1,890.83,13066.43,0.071261,0.0718227906976749,0.416064,97.4,0.6573
1030,1,891.5,13062.57,0.076206,0.07189186046511677,0.390547,96.9,0.6603
1031,1,892.15,13058.6,0.127879,0.07196093023255862,0.781798,98.1,0.6523
1032,1,892.8,13054.63,0.09088,0.07203000000000048,0.446376,98.1,0.6527
1033,1,893.46,13050.67,0.081481,0.07209906976744235,0.330534,98.1,0.6523
1034,1,894.12,13046.84,0.112478,0.07216813953488421,0.498952,96.9,0.6602
1035,1,894.77,13042.91,0.072328,0.07223720930232608,0.310459,97.9,0.6537
1036,1,895.43,13039.0,0.085064,0.07230627906976794,0.374698,97.8,0.6547
1037,1,896.08,13035.1,0.119578,0.0723753488372098,0.488493,97.7,0.6549
1038,1,896.74,13031.25,0.083462,0.07244441860465164,0.523639,97.3,0.6576
1039,1,897.4,13027.47,0.065102,0.07251348837209351,0.427372,96.6,0.6622
1040,1,898.06,13023.57,0.072812,0.07258255813953537,0.377903,97.8,0.6541
1041,1,898.72,13019.75,0.081159,0.07265162790697723,0.51948,97.9,0.654
1042,1,899.37,13015.85,0.110026,0.07272069767441909,0.61701,98.0,0.6531
1043,1,900.03,13011.97,0.066024,0.07278976744186094,0.376927,98.0,0.6534
1044,1,900.68,13008.07,0.104404,0.0728588372093028,0.512672,98.2,0.652
1045,1,901.34,13004.28,0.11166,0.07292790697674466,0.453187,97.1,0.659
1046,1,901.99,13000.4,0.044763,0.07299697674418652,0.387995,98.0,0.6528
1047,1,902.65,12996.54,0.052702,0.07306604651162839,0.553611,98.0,0.653
1048,1,903.3,12992.71,0.096585,0.07313511627907025,0.375103,97.7,0.6553
1049,1,903.96,12988.91,0.135168,0.07320418604651212,0.846583,97.5,0.6566
1050,1,904.61,12985.06,0.057549,0.07327325581395397,0.48164,98.0,0.6528
1051,1,905.27,12981.26,0.073349,0.07334232558139583,0.332947,97.7,0.6553
1052,1,905.92,12977.43,0.096614,0.0734113953488377,0.420878,97.9,0.6535
1053,1,906.58,12973.63,0.075501,0.07348046511627956,0.41196,97.7,0.6549
1054,1,907.24,12969.88,0.072249,0.07354953488372143,0.487659,97.3,0.6576
1055,1,907.89,12966.06,0.137843,0.0736186046511633,0.445184,98.0,0.6532
1056,1,908.55,12962.28,0.112752,0.07368767441860516,0.381317,97.8,0.6546
1057,1,909.21,12958.65,0.09178,0.07375674418604702,0.669788,96.2,0.665
1058,1,909.87,12954.86,0.082557,0.07382581395348889,0.468208,97.9,0.6536
1059,1,910.52,12951.09,0.084659,0.07389488372093074,0.378773,97.8,0.6545
1060,1,911.18,12947.41,0.032329,0.0739639534883726,0.216913,96.9,0.6608
1061,1,911.84,12943.7,0.095197,0.07403302325581447,0.441982,97.8,0.6547
1062,1,912.51,12940.11,0.099574,0.07410209302325634,0.604998,96.1,0.6659
1063,1,913.16,12936.36,0.066508,0.0741711627906982,0.533433,97.8,0.6545
1064,1,913.82,12932.6,0.153168,0.07424023255814005,0.595222,98.0,0.6532
1065,1,914.48,12928.9,0.086512,0.07430930232558192,0.744945,97.5,0.6567
1066,1,915.14,12925.24,0.048566,0.07437837209302378,0.342712,97.0,0.6599
1067,1,915.79,12921.55,0.080763,0.07444744186046565,0.566825,97.5,0.6562
1068,1,916.45,12917.86,0.084224,0.07451651162790751,0.43912,97.5,0.6565
1069,1,917.16,12914.86,0.07629,0.07458558139534938,0.390987,90.8,0.7052
1070,1,917.84,12911.57,0.104181,0.07465465116279123,0.396454,93.7,0.6832
1071,1,918.6,12909.28,0.108282,0.07472372093023308,0.352791,85.0,0.753
1072,1,919.34,12906.83,0.09391,0.07479279069767494,0.340206,86.0,0.7439
1073,1,920.01,12903.27,0.101911,0.0748618604651168,0.447601,96.4,0.6638
1074,1,920.76,12900.97,0.059349,0.07493093023255866,0.363889,85.1,0.7523
1075,1,921.48,12898.15,0.084446,0.075,0.592479,89.4,0.7155
1076,1,922.14,12894.47,0.102709,0.07499999919083633,0.531281,97.8,0.6543
1077,1,922.84,12891.42,0.07646,0.0749999967633454,0.354331,91.7,0.698
1078,1,923.58,12889.05,0.038718,0.07499999271752729,0.267661,85.6,0.7474
1079,1,924.37,12887.2,0.056741,0.07499998705338219,0.293215,81.5,0.7853
1080,1,925.03,12883.58,0.152497,0.07499997977091033,0.937725,97.4,0.6572
1081,1,925.75,12880.9,0.080592,0.07499997087011205,0.273726,89.8,0.7128
1082,1,926.53,12878.96,0.131115,0.07499996035098772,0.637698,82.6,0.775
1083,1,927.2,12875.46,0.086447,0.07499994821353781,0.383235,96.3,0.6644
1084,1,927.87,12872.01,0.11679,0.07499993445776283,0.771594,95.8,0.6681
1085,1,928.64,12869.99,0.151586,0.07499991908366341,0.470833,83.0,0.7708
1086,1,929.42,12868.06,0.070478,0.07499990209124019,0.370239,82.4,0.7771
1087,1,930.08,12864.49,0.056333,0.07499988348049393,0.367212,97.1,0.6589
1088,1,930.79,12861.67,0.08439,0.07499986325142542,0.438921,89.9,0.712
1089,1,931.55,12859.47,0.11946,0.07499984140403557,0.593542,84.7,0.7556
1090,1,932.25,12856.51,0.113045,0.07499981793832532,0.535951,91.2,0.7017
1091,1,932.91,12852.95,0.096739,0.07499979285429569,0.409956,97.4,0.6569
1092,1,933.64,12850.35,0.073447,0.07499976615194777,0.274286,88.1,0.7262
1093,1,934.44,12848.75,0.076977,0.07499973783128273,0.311368,80.0,0.7997
1094,1,935.1,12845.24,0.094233,0.07499970789230181,0.314704,96.9,0.6607
1095,1,935.8,12842.19,0.099664,0.07499967633500632,0.406998,92.3,0.6936
1096,1,936.56,12840.09,0.099708,0.07499964315939761,0.751153,84.0,0.7618
1097,1,937.25,12836.97,0.053267,0.07499960836547714,0.227535,93.1,0.6876
1098,1,937.9,12833.41,0.101694,0.07499957195324644,0.589561,97.6,0.6558
1099,1,938.65,12831.1,0.084581,0.07499953392270708,0.435495,85.7,0.7469
1100,1,939.41,12828.89,0.104539,0.07499949427386073,0.40009,84.9,0.754
1101,1,940.07,12825.45,0.061943,0.0749994530067091,0.343663,97.1,0.6591
1102,1,940.77,12822.48,0.084359,0.07499941012125401,0.289773,91.9,0.6966
1103,1,941.57,12820.95,0.058577,0.07499936561749732,0.375528,79.8,0.8018
1104,1,942.24,12817.54,0.058961,0.07499931949544095,0.420186,96.4,0.6642
1105,1,942.9,12814.02,0.092271,0.07499927175508694,0.496949,97.5,0.6567
1106,1,943.55,12810.51,0.103134,0.07499922239643736,0.402894,97.5,0.6562
1107,1,944.21,12806.98,0.0893,0.07499917141949436,0.313777,97.6,0.6554
1108,1,944.87,12803.5,0.110702,0.07499911882426018,0.409275,97.3,0.6578
1109,1,945.53,12799.98,0.126793,0.07499906461073708,0.639685,97.8,0.6544
1110,1,946.19,12796.57,0.075094,0.07499900877892744,0.386975,96.6,0.6627
1111,1,946.84,12793.04,0.096097,0.0749989513288337,0.478903,97.9,0.6535
1112,1,947.5,12789.55,0.110878,0.07499889226045836,0.635326,97.7,0.6553
1113,1,948.16,12786.15,0.124983,0.074998831573804,0.371837,96.6,0.6625
1114,1,948.82,12782.69,0.066436,0.07499876926887326,0.421621,97.4,0.6574
1115,1,949.48,12779.23,0.10503,0.07499870534566885,0.884047,97.4,0.6573
1116,1,950.13,12775.74,0.065512,0.07499863980419356,0.342256,97.9,0.6539
1117,1,950.8,12772.35,0.081896,0.07499857264445026,0.343394,96.7,0.662
1118,1,951.45,12768.87,0.08316,0.07499850386644186,0.368742,97.9,0.6539
1119,1,952.11,12765.38,0.086914,0.07499843347017135,0.46681,97.9,0.6536
1120,1,952.76,12761.89,0.119104,0.07499836145564183,0.517447,97.9,0.6535
1121,1,953.43,12758.56,0.081015,0.07499828782285642,0.667229,97.1,0.6592
1122,1,954.08,12755.09,0.075207,0.07499821257181832,0.369544,97.9,0.6537
1123,1,954.74,12751.63,0.077283,0.07499813570253083,0.530392,97.9,0.654
1124,1,955.39,12748.19,0.13722,0.0749980572149973,0.503112,97.7,0.6551
1125,1,956.05,12744.75,0.076852,0.07499797710922114,0.492462,97.8,0.6543
1126,1,956.7,12741.29,0.067444,0.07499789538520583,0.510689,98.0,0.6532
1127,1,957.36,12737.93,0.128161,0.07499781204295497,0.47648,97.0,0.6599
1128,1,958.02,12734.53,0.104368,0.07499772708247217,0.430508,97.5,0.6563
1129,1,958.67,12731.08,0.026617,0.07499764050376113,0.21289,98.0,0.653
1130,1,959.33,12727.66,0.043029,0.07499755230682563,0.29036,97.8,0.6545
1131,1,959.98,12724.24,0.076865,0.07499746249166951,0.353488,97.9,0.6535
1132,1,960.64,12720.81,0.034139,0.0749973710582967,0.278187,98.0,0.653
1133,1,961.29,12717.39,0.1082,0.07499727800671116,0.834972,98.0,0.6533
1134,1,961.95,12714.01,0.120013,0.07499718333691698,0.415208,97.5,0.6561
1135,1,962.66,12711.4,0.069403,0.07499708704891825,0.336428,89.8,0.713
1136,1,963.32,12708.02,0.083422,0.07499698914271918,0.565129,97.8,0.6544
1137,1,963.98,12704.64,0.049088,0.07499688961832407,0.319918,97.7,0.6548
1138,1,964.63,12701.27,0.064302,0.07499678847573721,0.315284,97.7,0.6553
1139,1,965.29,12697.91,0.07566,0.07499668571496304,0.302003,97.5,0.6561
1140,1,965.95,12694.57,0.103541,0.07499658133600604,0.619288,97.5,0.6566
1141,1,966.61,12691.34,0.053343,0.07499647533887073,0.261069,96.8,0.661
1142,1,967.27,12687.96,0.075654,0.07499636772356177,0.323759,97.9,0.6537
1143,1,967.92,12684.59,0.084337,0.07499625849008382,0.430392,98.0,0.653
1144,1,968.58,12681.22,0.107448,0.07499614763844165,0.360128,97.9,0.6539
1145,1,969.23,12677.88,0.07552,0.07499603516864009,0.353629,97.7,0.6551
1146,1,969.89,12674.54,0.063052,0.07499592108068406,0.507952,97.8,0.6544
1147,1,970.54,12671.2,0.020745,0.07499580537457852,0.131167,97.8,0.6542
1148,1,971.2,12667.86,0.104369,0.07499568805032851,0.569863,97.8,0.6545
1149,1,971.85,12664.55,0.11228,0.07499556910793916,0.529636,97.6,0.656
1150,1,972.51,12661.3,0.106394,0.07499544854741563,0.401064,97.0,0.6601
1151,1,973.18,12658.07,0.092562,0.0749953263687632,0.296531,96.7,0.6618
1152,1,973.84,12654.88,0.088118,0.07499520257198718,0.614948,96.4,0.6637
1153,1,974.5,12651.56,0.089643,0.07499507715709297,0.356232,97.9,0.6539
1154,1,975.15,12648.24,0.042058,0.07499495012408605,0.217558,97.9,0.6539
1155,1,975.81,12644.94,0.094012,0.07499482147297194,0.334089,97.8,0.6542
1156,1,976.47,12641.77,0.080537,0.07499469120375626,0.602607,96.3,0.6648
1157,1,977.13,12638.45,0.106722,0.07499455931644468,0.387153,98.1,0.6524
1158,1,977.78,12635.16,0.073527,0.07499442581104296,0.454184,97.7,0.655
1159,1,978.44,12631.86,0.099617,0.0749942906875569,0.494739,98.0,0.6533
1160,1,979.09,12628.56,0.013185,0.07499415394599242,0.116903,98.0,0.6531
1161,1,979.75,12625.33,0.085343,0.07499401558635545,0.482229,97.8,0.6545
1162,1,980.41,12622.14,0.104251,0.07499387560865202,0.382048,96.9,0.6607
1163,1,981.11,12619.43,0.115894,0.07499373401288825,0.706995,92.1,0.6949
1164,1,981.76,12616.16,0.073912,0.07499359079907031,0.311525,98.0,0.6534
1165,1,982.42,12612.99,0.118619,0.07499344596720446,0.374142,96.7,0.6616
1166,1,983.08,12609.71,0.084162,0.07499329951729698,0.398829,98.0,0.6528
1167,1,983.75,12606.63,0.085248,0.07499315144935428,0.345337,95.9,0.6674
1168,1,984.4,12603.37,0.19764,0.0749930017633828,0.557357,98.0,0.6533
1169,1,985.06,12600.12,0.073503,0.07499285045938907,0.263108,98.0,0.6533
1170,1,985.72,12596.99,0.063213,0.07499269753737968,0.327707,96.5,0.6632
1171,1,986.38,12593.78,0.079099,0.0749925429973613,0.466064,97.6,0.6557
1172,1,987.03,12590.53,0.151853,0.07499238683934066,0.471963,98.0,0.6528
1173,1,987.69,12587.34,0.118455,0.07499222906332459,0.963759,97.4,0.6572
1174,1,988.34,12584.09,0.088918,0.07499206966931993,0.494077,98.1,0.6522
1175,1,989.0,12580.86,0.102701,0.07499190865733366,0.474079,98.0,0.6534
1176,1,989.65,12577.65,0.054128,0.07499174602737278,0.38232,97.8,0.6543
1177,1,990.3,12574.41,0.082404,0.0749915817794444,0.320159,98.2,0.6519
1178,1,990.96,12571.2,0.05955,0.07499141591355565,0.310131,97.9,0.6535
1179,1,991.61,12567.99,0.089393,0.0749912484297138,0.485578,97.9,0.6536
1180,1,992.27,12564.77,0.079303,0.07499107932792612,0.571132,98.2,0.652
1181,1,992.92,12561.61,0.079654,0.07499090860819999,0.322303,98.0,0.6529
1182,1,993.59,12558.53,0.113851,0.07499073627054284,0.328592,96.6,0.6627
1183,1,994.24,12555.33,0.082911,0.0749905623149622,0.491812,98.0,0.6532
1184,1,994.9,12552.22,0.105011,0.07499038674146566,0.58958,97.1,0.6592
1185,1,995.57,12549.18,0.096853,0.07499020955006085,0.398641,96.3,0.6645
1186,1,996.22,12546.0,0.09727,0.0749900307407555,0.416401,97.9,0.6536
1187,1,996.88,12542.91,0.067948,0.07498985031355741,0.442151,96.9,0.6604
1188,1,997.54,12539.74,0.110532,0.07498966826847445,0.491758,97.9,0.6539
1189,1,998.19,12536.59,0.103245,0.07498948460551454,0.320827,97.7,0.6549
1190,1,998.85,12533.43,0.099504,0.07498929932468569,0.559632,97.9,0.6537
1191,1,999.5,12530.27,0.104405,0.074989112425996,0.579127,98.0,0.6531
1192,1,1000.16,12527.14,0.162368,0.07498892390945358,0.529553,97.7,0.6552
1193,1,1000.82,12524.1,0.071658,0.07498873377506668,0.287912,96.7,0.6616
1194,1,1001.48,12520.96,0.077884,0.07498854202284358,0.281863,97.8,0.6547
1195,1,1002.13,12517.81,0.093566,0.07498834865279264,0.359394,98.1,0.6525
1196,1,1002.79,12514.72,0.076973,0.07498815366492226,0.393566,97.4,0.6573
1197,1,1003.44,12511.58,0.081945,0.07498795705924098,0.500176,98.0,0.653
1198,1,1004.1,12508.48,0.092426,0.07498775883575735,0.379769,97.6,0.6558
1199,1,1004.75,12505.34,0.076071,0.07498755899448001,0.266184,98.1,0.6523
1200,1,1005.41,12502.23,0.062431,0.07498735753541769,0.339568,97.8,0.6546
1201,1,1148.39,14267.43,0.092605,0.07498715445857915,0.508486,51.5,1.2436
1202,1,1149.05,14262.73,0.060978,0.07498694976397324,0.31789,97.9,0.6537
1203,1,1149.7,14258.03,0.075085,0.07498674345160891,0.200308,98.2,0.6519
1204,1,1150.35,14253.3,0.081472,0.07498653552149513,0.395737,98.4,0.6507
1205,1,1151.0,14248.58,0.09963,0.07498632597364097,0.481518,98.4,0.6507
1206,1,1151.66,14243.89,0.051589,0.07498611480805556,0.33403,98.1,0.6524
1207,1,1152.31,14239.24,0.102113,0.07498590202474811,0.457384,97.6,0.6558
1208,1,1152.97,14234.54,0.051659,0.0749856876237279,0.239773,98.4,0.6506
1209,1,1153.62,14229.84,0.077298,0.07498547160500425,0.381417,98.4,0.6502
1210,1,1154.28,14225.32,0.108168,0.07498525396858663,0.537664,96.4,0.6637
1211,1,1154.95,14220.87,0.08388,0.07498503471448448,0.316281,95.6,0.6696
1212,1,1155.61,14216.28,0.069301,0.07498481384270737,0.299704,97.3,0.6576
1213,1,1156.26,14211.62,0.103952,0.07498459135326493,0.363538,98.3,0.6508
1214,1,1156.91,14206.96,0.071171,0.07498436724616687,0.460133,98.4,0.6506
1215,1,1157.57,14202.41,0.086123,0.07498414152142295,0.351326,97.1,0.6591
1216,1,1158.22,14197.75,0.066175,0.07498391417904299,0.293921,98.5,0.65
1217,1,1158.87,14193.11,0.054392,0.07498368521903692,0.369623,98.4,0.6505
1218,1,1159.53,14188.57,0.108609,0.07498345464141473,0.433498,97.2,0.6582
1219,1,1160.18,14183.94,0.113448,0.07498322244618646,0.605934,98.3,0.651
1220,1,1160.84,14179.42,0.101723,0.07498298863336222,0.500124,97.3,0.658
1221,1,1161.5,14174.84,0.091673,0.07498275320295224,0.39565,98.3,0.6509
1222,1,1162.15,14170.23,0.049193,0.07498251615496673,0.305153,98.4,0.6503
1223,1,1162.8,14165.63,0.116538,0.07498227748941605,0.565414,98.4,0.6507
1224,1,1163.45,14161.04,0.098867,0.07498203720631061,0.395627,98.4,0.6505
1225,1,1164.12,14156.62,0.060812,0.07498179530566088,0.283864,96.3,0.6644
1226,1,1164.78,14152.21,0.050725,0.0749815517874774,0.352676,96.3,0.6649
1227,1,1165.43,14147.64,0.094467,0.07498130665177079,0.507489,98.3,0.6507
1228,1,1166.09,14143.06,0.124387,0.07498105989855174,0.514811,98.4,0.6504
1229,1,1166.74,14138.55,0.077285,0.07498081152783098,0.494923,97.8,0.6544
1230,1,1167.39,14134.01,0.083553,0.07498056153961936,0.612803,98.1,0.6526
1231,1,1168.05,14129.47,0.064794,0.07498030993392779,0.333763,98.3,0.6509
1232,1,1168.7,14124.97,0.103914,0.07498005671076721,0.430609,97.8,0.6546
1233,1,1169.35,14120.46,0.108071,0.07497980187014867,0.326501,98.1,0.6525
1234,1,1170.01,14116.02,0.121763,0.07497954541208329,0.548072,97.2,0.6584
1235,1,1170.67,14111.49,0.087396,0.07497928733658223,0.384934,98.4,0.6506
1236,1,1171.32,14106.99,0.088396,0.07497902764365674,0.431053,98.3,0.6513
1237,1,1171.97,14102.48,0.037608,0.07497876633331817,0.263599,98.3,0.651
1238,1,1172.62,14097.99,0.120509,0.07497850340557788,0.583511,98.1,0.6522
1239,1,1173.28,14093.51,0.063836,0.07497823886044734,0.350407,98.1,0.6525
1240,1,1173.93,14089.03,0.055548,0.07497797269793807,0.343693,98.3,0.6512
1241,1,1174.58,14084.59,0.079837,0.07497770491806169,0.473951,98.2,0.6515
1242,1,1175.24,14080.15,0.080942,0.07497743552082987,0.695765,97.8,0.6542
1243,1,1175.89,14075.71,0.098929,0.07497716450625436,0.441344,97.8,0.6543
1244,1,1176.56,14071.42,0.104654,0.07497689187434695,0.373437,96.2,0.6654
1245,1,1177.21,14066.99,0.104295,0.07497661762511955,0.485881,97.9,0.6535
1246,1,1177.86,14062.53,0.077421,0.0749763417585841,0.416208,98.4,0.6505
1247,1,1178.52,14058.16,0.079424,0.07497606427475262,0.593496,97.3,0.6576
1248,1,1179.18,14053.8,0.078546,0.07497578517363722,0.320144,97.4,0.6572
1249,1,1179.83,14049.37,0.138321,0.07497550445525007,0.658996,98.2,0.6518
1250,1,1180.49,14044.96,0.097859,0.0749752221196034,0.451685,98.2,0.652
1251,1,1181.14,14040.52,0.095349,0.07497493816670953,0.319684,98.4,0.6501
1252,1,1181.79,14036.11,0.06968,0.0749746525965808,0.426944,98.3,0.6512
1253,1,1182.44,14031.72,0.088802,0.07497436540922968,0.55024,98.1,0.6527
1254,1,1183.1,14027.39,0.066853,0.0749740766046687,0.346549,97.3,0.6576
1255,1,1183.76,14023.02,0.093482,0.07497378618291044,0.427166,98.0,0.653
1256,1,1184.41,14018.65,0.051248,0.07497349414396756,0.381206,98.0,0.6528
1257,1,1185.06,14014.28,0.080665,0.07497320048785279,0.587006,98.1,0.6525
1258,1,1185.71,14009.91,0.060111,0.07497290521457893,0.326778,98.2,0.6516
1259,1,1186.37,14005.55,0.101103,0.07497260832415886,0.409325,98.1,0.6527
1260,1,1187.02,14001.19,0.106225,0.0749723098166055,0.662401,98.3,0.6514
1261,1,1187.68,13996.88,0.056335,0.0749720096919319,0.353915,98.0,0.653
1262,1,1188.34,13992.61,0.059061,0.07497170795015111,0.415464,97.3,0.658
1263,1,1188.99,13988.31,0.117377,0.07497140459127628,0.460824,97.6,0.656
1264,1,1189.69,13984.5,0.120729,0.07497109961532067,0.57481,92.4,0.6925
1265,1,1190.35,13980.21,0.068282,0.07497079302229755,0.414041,97.7,0.6554
1266,1,1191.0,13975.89,0.169477,0.07497048481222028,0.566939,98.2,0.6516
1267,1,1191.65,13971.58,0.128859,0.07497017498510229,0.815645,98.0,0.6532
1268,1,1192.31,13967.34,0.044695,0.07496986354095711,0.341462,97.3,0.6575
1269,1,1192.96,13963.03,0.104443,0.0749695504797983,0.486561,98.2,0.6519
1270,1,1193.62,13958.81,0.06225,0.07496923580163951,0.277953,97.1,0.6593
1271,1,1194.28,13954.58,0.121222,0.07496891950649447,0.501108,97.4,0.6571
1272,1,1194.94,13950.41,0.064372,0.07496860159437693,0.422434,96.7,0.6619
1273,1,1195.6,13946.11,0.070338,0.07496828206530079,0.357829,98.4,0.6506
1274,1,1196.25,13941.83,0.110914,0.07496796091927996,0.501076,98.2,0.6516
1275,1,1196.9,13937.6,0.171249,0.07496763815632844,0.484827,97.7,0.6553
1276,1,1197.57,13933.44,0.089327,0.0749673137764603,0.352657,96.9,0.6608
1277,1,1198.23,13929.28,0.064419,0.07496698777968969,0.347495,97.0,0.66
1278,1,1198.89,13925.1,0.079042,0.0749666601660308,0.319867,97.2,0.6584
1279,1,1199.54,13920.89,0.112535,0.07496633093549794,0.431209,97.6,0.6556
1280,1,1200.21,13916.76,0.069587,0.07496600008810543,0.463003,96.7,0.6617
1281,1,1200.86,13912.57,0.08309,0.07496566762386771,0.370498,98.3,0.651
1282,1,1201.51,13908.32,0.049228,0.07496533354279927,0.28152,98.3,0.6509
1283,1,1202.17,13904.08,0.093727,0.07496499784491467,0.454119,98.3,0.651
1284,1,1202.82,13899.93,0.094523,0.07496466053022854,0.276922,97.3,0.658
1285,1,1203.48,13895.71,0.106678,0.0749643215987556,0.465027,98.2,0.6518
1286,1,1204.13,13891.5,0.052689,0.07496398105051061,0.512892,98.1,0.6523
1287,1,1204.78,13887.29,0.102019,0.07496363888550842,0.50028,98.3,0.6511
1288,1,1205.43,13883.07,0.0425,0.07496329510376394,0.253349,98.4,0.6501
1289,1,1206.09,13878.95,0.063751,0.07496294970529217,0.356083,97.2,0.6584
1290,1,1206.75,13874.77,0.106446,0.07496260269010815,0.392228,98.0,0.6527
1291,1,1207.41,13870.68,0.085874,0.07496225405822703,0.462078,96.9,0.6603
1292,1,1208.06,13866.5,0.121939,0.07496190380966397,0.408924,98.2,0.6515
1293,1,1208.71,13862.33,0.078297,0.07496155194443427,0.287374,98.0,0.653
1294,1,1209.37,13858.25,0.066073,0.07496119846255324,0.297989,97.1,0.6591
1295,1,1210.04,13854.21,0.107786,0.07496084336403631,0.613639,96.5,0.6631
1296,1,1210.69,13850.06,0.140013,0.07496048664889896,0.774105,98.2,0.6516
1297,1,1211.34,13845.9,0.139478,0.07496012831715673,0.75756,98.2,0.6518
1298,1,1212.0,13841.84,0.0615,0.07495976836882526,0.322546,97.2,0.6586
1299,1,1212.65,13837.69,0.125675,0.0749594068039202,0.410403,98.3,0.651
1300,1,1213.31,13833.54,0.114829,0.07495904362245735,0.425329,98.2,0.6514
1301,1,1213.96,13829.47,0.102516,0.07495867882445253,0.341779,98.0,0.653
1302,1,1214.62,13825.35,0.080715,0.07495831240992164,0.477283,98.0,0.6529
1303,1,1215.27,13821.26,0.104112,0.07495794437888065,0.418215,97.8,0.6541
1304,1,1215.93,13817.18,0.12479,0.07495757473134561,0.350653,97.7,0.6549
1305,1,1216.59,13813.15,0.105549,0.07495720346733263,0.455968,97.1,0.6591
1306,1,1217.24,13809.06,0.086573,0.0749568305868579,0.482478,98.1,0.6527
1307,1,1217.9,13804.99,0.094651,0.07495645608993766,0.409753,97.8,0.6546
1308,1,1218.55,13800.91,0.062746,0.07495607997658824,0.326655,98.0,0.653
1309,1,1219.2,13796.82,0.084562,0.07495570224682603,0.371244,98.2,0.6518
1310,1,1219.86,13792.78,0.06659,0.0749553229006675,0.395,97.7,0.6552
1311,1,1220.51,13788.71,0.09879,0.0749549419381292,0.478781,98.1,0.6527
1312,1,1221.17,13784.71,0.071473,0.07495455935922772,0.475438,97.2,0.6582
1313,1,1221.82,13780.65,0.062948,0.07495417516397974,0.290963,98.1,0.6523
1314,1,1222.48,13776.59,0.086037,0.07495378935240203,0.43982,98.2,0.6519
1315,1,1223.13,13772.55,0.06598,0.07495340192451137,0.228261,97.9,0.6539
1316,1,1223.79,13768.6,0.079681,0.07495301288032469,0.32952,96.8,0.661
1317,1,1224.45,13764.59,0.097989,0.07495262221985889,0.680576,97.8,0.6542
1318,1,1225.11,13760.63,0.127832,0.07495222994313107,0.615172,97.0,0.6599
1319,1,1225.76,13756.63,0.052853,0.07495183605015827,0.271505,97.8,0.6545
1320,1,1226.42,13752.62,0.095167,0.0749514405409577,0.332952,97.9,0.6537
1321,1,1227.08,13748.73,0.082444,0.07495104341554659,0.31234,96.9,0.6607
1322,1,1227.74,13744.71,0.078171,0.07495064467394225,0.394006,98.2,0.6517
1323,1,1228.4,13740.86,0.032058,0.07495024431616204,0.192975,96.0,0.6669
1324,1,1229.06,13736.85,0.067993,0.07494984234222345,0.508556,98.2,0.6518
1325,1,1229.71,13732.84,0.070364,0.07494943875214397,0.314373,98.2,0.6518
1326,1,1230.36,13728.84,0.083863,0.07494903354594121,0.385113,98.1,0.6522
1327,1,1231.01,13724.84,0.076186,0.07494862672363282,0.288379,98.3,0.6514
1328,1,1231.67,13720.86,0.091054,0.07494821828523655,0.284797,98.1,0.6523
1329,1,1232.33,13716.96,0.081744,0.07494780823077021,0.400926,97.0,0.66
1330,1,1232.99,13713.06,0.077477,0.07494739656025166,0.320023,97.1,0.6593
1331,1,1233.64,13709.08,0.089536,0.07494698327369885,0.573434,98.3,0.6508
1332,1,1234.31,13705.26,0.053092,0.0749465683711298,0.470787,96.1,0.6659
1333,1,1234.96,13701.33,0.161231,0.07494615185256258,0.712419,97.8,0.6546
1334,1,1235.62,13697.37,0.101717,0.07494573371801536,0.39493,98.1,0.6523
1335,1,1236.28,13693.56,0.070009,0.07494531396750635,0.512769,96.3,0.6648
1336,1,1236.94,13689.66,0.136033,0.07494489260105389,0.338287,97.5,0.6562
1337,1,1237.59,13685.7,0.064409,0.0749444696186763,0.252478,98.3,0.6511
1338,1,1238.24,13681.76,0.142196,0.07494404502039204,0.452204,98.1,0.6521
1339,1,1238.9,13677.82,0.098665,0.07494361880621962,0.401496,98.2,0.6516
1340,1,1239.55,13673.92,0.111085,0.0749431909761776,0.579395,97.9,0.654
1341,1,1240.21,13670.03,0.058424,0.07494276153028467,0.339422,98.2,0.6517
1342,1,1240.86,13666.09,0.100932,0.07494233046855951,0.710459,98.4,0.6503
1343,1,1241.51,13662.16,0.065105,0.07494189779102094,0.385193,98.3,0.6512
1344,1,1242.17,13658.27,0.104961,0.0749414634976878,0.535218,97.8,0.6542
1345,1,1242.82,13654.37,0.089226,0.07494102758857903,0.671614,98.2,0.6519
1346,1,1243.48,13650.52,0.138962,0.07494059006371363,0.436931,97.5,0.6563
1347,1,1244.13,13646.64,0.067425,0.07494015092311067,0.42555,97.9,0.6539
1348,1,1244.78,13642.76,0.061544,0.0749397101667893,0.276854,98.1,0.6525
1349,1,1245.44,13638.88,0.104316,0.07493926779476873,0.47011,98.0,0.6531
1350,1,1246.1,13635.05,0.182311,0.07493882380706823,0.513902,97.5,0.6562
1351,1,1246.75,13631.17,0.143476,0.07493837820370718,0.406618,98.2,0.6516
1352,1,1247.4,13627.29,0.073811,0.07493793098470498,0.359171,98.3,0.6512
1353,1,1248.06,13623.47,0.102213,0.07493748215008114,0.311949,97.4,0.6572
1354,1,1248.71,13619.61,0.082833,0.07493703169985523,0.373685,98.2,0.6516
1355,1,1249.37,13615.82,0.072441,0.07493657963404687,0.427462,97.3,0.6578
1356,1,1250.02,13611.95,0.035251,0.07493612595267576,0.163734,98.3,0.6513
1357,1,1250.67,13608.11,0.04204,0.0749356706557617,0.40231,98.1,0.6526
1358,1,1251.33,13604.27,0.098482,0.07493521374332453,0.332233,98.1,0.6522
1359,1,1251.98,13600.43,0.089455,0.07493475521538415,0.394594,98.2,0.652
1360,1,1252.64,13596.66,0.10124,0.07493429507196057,0.382159,97.2,0.6581
1361,1,1253.3,13592.88,0.071773,0.07493383331307384,0.30458,98.1,0.6521
1362,1,1253.95,13589.05,0.072746,0.0749333699387441,0.207934,98.3,0.6512
1363,1,1254.6,13585.22,0.032127,0.07493290494899152,0.17938,98.2,0.6517
1364,1,1255.25,13581.39,0.077399,0.07493243834383638,0.280422,98.3,0.651
1365,1,1255.9,13577.57,0.095833,0.07493197012329904,0.513052,98.3,0.6508
1366,1,1256.56,13573.8,0.120375,0.07493150028739991,0.386925,97.7,0.6551
1367,1,1257.21,13569.99,0.081976,0.07493102883615943,0.349122,98.2,0.6519
1368,1,1257.87,13566.19,0.06196,0.0749305557695982,0.266958,98.2,0.6517
1369,1,1258.52,13562.38,0.072731,0.07493008108773681,0.302702,98.3,0.6508
1370,1,1259.17,13558.58,0.094176,0.07492960479059597,0.43337,98.4,0.6504
1371,1,1259.82,13554.8,0.068497,0.07492912687819644,0.450699,98.1,0.6525
1372,1,1260.47,13551.0,0.08267,0.07492864735055904,0.427136,98.4,0.6502
1373,1,1261.12,13547.21,0.127806,0.07492816620770469,0.432217,98.3,0.651
1374,1,1261.78,13543.43,0.13429,0.07492768344965435,0.433879,98.3,0.6513
1375,1,1262.43,13539.65,0.077138,0.07492719907642907,0.223624,98.4,0.6505
1376,1,1263.08,13535.91,0.067507,0.07492671308804995,0.36215,97.9,0.6537
1377,1,1263.73,13532.15,0.091004,0.07492622548453819,0.54243,98.2,0.6518
1378,1,1264.39,13528.38,0.082192,0.07492573626591505,0.798841,98.4,0.6506
1379,1,1265.04,13524.64,0.089992,0.07492524543220185,0.355815,98.1,0.6523
1380,1,1265.69,13520.89,0.091653,0.07492475298341998,0.336406,98.2,0.6518
1381,1,1266.35,13517.18,0.096674,0.07492425891959092,0.462037,98.2,0.6518
1382,1,1267.0,13513.43,0.053277,0.0749237632407362,0.303493,98.4,0.6503
1383,1,1267.66,13509.8,0.104369,0.07492326594687743,0.277055,96.8,0.6611
1384,1,1268.31,13506.05,0.056277,0.07492276703803627,0.273352,98.4,0.6501
1385,1,1268.97,13502.37,0.055591,0.0749222665142345,0.265844,97.6,0.6556
1386,1,1269.62,13498.64,0.146751,0.0749217643754939,0.466798,98.3,0.6512
1387,1,1270.27,13494.92,0.1032,0.07492126062183639,0.412676,98.4,0.6506
1388,1,1270.92,13491.19,0.097195,0.07492075525328391,0.42128,98.5,0.6501
1389,1,1271.58,13487.49,0.081637,0.07492024826985852,0.269074,98.0,0.6528
1390,1,1272.23,13483.79,0.097344,0.07491973967158227,0.298158,98.2,0.6516
1391,1,1272.89,13480.15,0.104961,0.07491922945847738,0.574235,97.3,0.6574
1392,1,1273.54,13476.45,0.059233,0.07491871763056607,0.29996,98.3,0.6512
1393,1,1274.19,13472.78,0.05623,0.07491820418787062,0.296612,98.0,0.6533
1394,1,1274.85,13469.1,0.082959,0.07491768913041348,0.332714,98.1,0.6527
1395,1,1275.5,13465.43,0.050835,0.07491717245821705,0.221685,98.1,0.6521
1396,1,1276.16,13461.88,0.072759,0.07491665417130386,0.434309,96.3,0.6645
1397,1,1276.82,13458.23,0.087033,0.07491613426969651,0.408592,98.0,0.653
1398,1,1277.47,13454.58,0.071966,0.07491561275341767,0.621066,98.0,0.6532
1399,1,1278.13,13450.99,0.06918,0.07491508962249006,0.512995,97.2,0.6586
1400,1,1278.79,13447.35,0.084043,0.07491456487693651,0.458126,97.9,0.6537
1401,1,1279.44,13443.76,0.16393,0.07491403851677986,0.561687,97.9,0.6536
1402,1,1280.1,13440.12,0.073551,0.07491351054204307,0.421307,98.0,0.6529
1403,1,1280.75,13436.49,0.130263,0.07491298095274915,0.356898,98.1,0.6527
1404,1,1281.41,13432.86,0.0822,0.0749124497489212,0.579526,98.0,0.6532
1405,1,1282.06,13429.25,0.135169,0.07491191693058236,0.726784,97.9,0.654
1406,1,1282.72,13425.71,0.077495,0.07491138249775585,0.36892,97.0,0.66
1407,1,1283.38,13422.09,0.089128,0.07491084645046499,0.638576,98.0,0.6528
1408,1,1284.03,13418.46,0.102768,0.07491030878873314,0.656708,98.3,0.6509
1409,1,1284.69,13414.89,0.05684,0.07490976951258373,0.435077,97.4,0.6573
1410,1,1285.34,13411.33,0.079858,0.07490922862204026,0.42958,97.4,0.6571
1411,1,1286.03,13408.04,0.077945,0.07490868611712634,0.275163,94.0,0.681
1412,1,1286.72,13404.83,0.077443,0.07490814199786558,0.382245,92.7,0.6905
1413,1,1287.39,13401.44,0.147339,0.07490759626428173,0.622105,95.4,0.671
1414,1,1288.06,13398.05,0.036499,0.07490704891639856,0.354299,95.2,0.672
1415,1,1288.73,13394.6,0.07488,0.07490649995423992,0.447591,96.3,0.6645
1416,1,1289.43,13391.46,0.101377,0.07490594937782977,0.361556,92.0,0.6958
1417,1,1290.12,13388.35,0.123807,0.0749053971871921,1.024634,91.8,0.6972
1418,1,1290.83,13385.29,0.111551,0.07490484338235097,0.434192,91.1,0.7025
1419,1,1291.57,13382.6,0.12447,0.07490428796333053,0.297075,86.8,0.7377
1420,1,1292.25,13379.32,0.100286,0.07490373093015498,0.33644,94.1,0.68
1421,1,1292.98,13376.53,0.131072,0.07490317228284862,0.373252,88.7,0.7214
1422,1,1293.65,13373.19,0.110643,0.07490261202143579,0.4912,95.1,0.6727
1423,1,1294.33,13369.94,0.08993,0.07490205014594091,0.392144,93.8,0.682
1424,1,1295.01,13366.57,0.138074,0.07490148665638847,0.461587,95.8,0.6679
1425,1,1295.69,13363.3,0.079212,0.07490092155280306,0.339099,94.3,0.679
1426,1,1296.37,13360.07,0.067353,0.07490035483520929,0.363086,93.7,0.683
1427,1,1297.06,13356.89,0.10283,0.07489978650363187,0.324988,93.4,0.6853
1428,1,1297.72,13353.47,0.088478,0.07489921655809557,0.272865,96.5,0.6632
1429,1,1298.41,13350.29,0.078835,0.07489864499862525,0.364883,93.1,0.6871
1430,1,1299.08,13346.9,0.130365,0.07489807182524581,0.573447,96.1,0.6659
1431,1,1299.74,13343.47,0.101561,0.07489749703798224,0.403588,96.7,0.662
1432,1,1300.4,13339.99,0.065278,0.07489692063685958,0.402661,97.6,0.6561
1433,1,1301.05,13336.47,0.088643,0.07489634262190299,0.567793,98.1,0.6524
1434,1,1301.7,13332.94,0.091677,0.07489576299313763,0.31501,98.2,0.6519
1435,1,1302.36,13329.43,0.092844,0.07489518175058879,0.368573,98.1,0.6522
1436,1,1303.01,13325.9,0.075666,0.07489459889428181,0.428418,98.3,0.6508
1437,1,1303.66,13322.39,0.077695,0.07489401442424207,0.361645,98.2,0.6515
1438,1,1304.34,13319.09,0.037815,0.07489342834049507,0.352252,95.1,0.6727
1439,1,1304.99,13315.59,0.086169,0.07489284064306637,0.352633,98.2,0.652
1440,1,1305.64,13312.09,0.079177,0.07489225133198156,0.549332,98.3,0.6511
1441,1,1306.3,13308.64,0.184378,0.07489166040726633,0.698112,98.0,0.6531
1442,1,1306.95,13305.15,0.068658,0.07489106786894645,0.312111,98.1,0.6522
1443,1,1307.6,13301.66,0.100489,0.07489047371704777,0.337914,98.3,0.6512
1444,1,1308.25,13298.16,0.092104,0.07488987795159616,0.257067,98.4,0.6506
1445,1,1308.92,13294.78,0.136816,0.0748892805726176,0.433723,96.9,0.6606
1446,1,1309.57,13291.29,0.085025,0.07488868158013813,0.333582,98.3,0.6513
1447,1,1310.22,13287.86,0.02942,0.07488808097418385,0.230207,97.6,0.6559
1448,1,1310.88,13284.43,0.134735,0.07488747875478098,0.707857,97.7,0.6552
1449,1,1311.53,13280.95,0.140781,0.07488687492195573,0.487959,98.4,0.6504
1450,1,1312.19,13277.53,0.048736,0.07488626947573443,0.243108,97.6,0.656
1451,1,1312.84,13274.06,0.107514,0.07488566241614349,0.39686,98.4,0.6506
1452,1,1313.49,13270.6,0.061984,0.07488505374320935,0.461218,98.4,0.6505
1453,1,1314.14,13267.15,0.083861,0.07488444345695856,0.430368,98.2,0.6516
1454,1,1314.8,13263.71,0.099446,0.07488383155741772,0.397543,98.1,0.6521
1455,1,1315.45,13260.31,0.090586,0.0748832180446135,0.429251,97.6,0.6557
1456,1,1316.11,13256.89,0.112536,0.07488260291857264,0.475863,97.9,0.6537
1457,1,1316.77,13253.53,0.088083,0.07488198617932196,0.394253,97.1,0.6591
1458,1,1317.42,13250.09,0.09401,0.07488136782688834,0.40691,98.3,0.6511
1459,1,1318.07,13246.67,0.108192,0.07488074786129875,0.441541,98.1,0.6525
1460,1,1318.74,13243.35,0.036139,0.07488012628258019,0.309131,96.7,0.6617
1461,1,1319.39,13239.97,0.101088,0.07487950309075977,0.715154,98.3,0.651
1462,1,1320.04,13236.54,0.078767,0.07487887828586465,0.452753,98.4,0.6503
1463,1,1320.69,13233.11,0.100005,0.07487825186792206,0.445002,98.5,0.6498
1464,1,1321.35,13229.7,0.061145,0.07487762383695933,0.367733,98.3,0.6511
1465,1,1322.0,13226.31,0.070133,0.07487699419300381,0.431866,97.9,0.6538
1466,1,1322.65,13222.9,0.08102,0.07487636293608296,0.232098,98.4,0.6505
1467,1,1323.3,13219.51,0.086067,0.07487573006622432,0.553724,98.1,0.6522
1468,1,1323.96,13216.11,0.096118,0.07487509558345544,0.310603,98.3,0.6512
1469,1,1324.61,13212.73,0.06154,0.074874459487804,0.307578,98.0,0.6533
1470,1,1325.26,13209.36,0.094117,0.07487382177929772,0.437639,98.0,0.6533
1471,1,1325.92,13205.98,0.056576,0.07487318245796439,0.363086,98.3,0.6512
1472,1,1326.58,13202.74,0.10566,0.0748725415238319,0.520382,96.2,0.6653
1473,1,1327.24,13199.39,0.094301,0.07487189897692817,0.3327,97.8,0.6544
1474,1,1327.9,13196.16,0.057705,0.07487125481728123,0.409161,96.1,0.6659
1475,1,1328.56,13192.82,0.083792,0.07487060904491914,0.454782,97.8,0.6545
1476,1,1329.21,13189.45,0.147118,0.07486996165987005,0.901873,98.3,0.6512
1477,1,1329.87,13186.15,0.143116,0.0748693126621622,0.618134,97.3,0.6578
1478,1,1330.53,13182.88,0.143514,0.07486866205182385,0.845312,96.9,0.6604
1479,1,1331.18,13179.53,0.072741,0.0748680098288834,0.645116,98.2,0.6516
1480,1,1331.84,13176.17,0.081171,0.07486735599336924,0.211511,98.3,0.6512
1481,1,1332.5,13172.91,0.103218,0.0748667005453099,0.239827,97.5,0.6564
1482,1,1333.15,13169.55,0.067393,0.07486604348473395,0.442663,98.4,0.6504
1483,1,1333.81,13166.34,0.06922,0.07486538481167003,0.4538,96.3,0.6645
1484,1,1334.47,13163.02,0.081318,0.07486472452614684,0.354642,98.0,0.6529
1485,1,1335.12,13159.69,0.096633,0.07486406262819317,0.355063,98.2,0.6517
1486,1,1335.77,13156.36,0.085933,0.07486339911783788,0.52268,98.2,0.6518
1487,1,1336.43,13153.07,0.080423,0.07486273399510987,0.335367,97.7,0.6552
1488,1,1337.08,13149.8,0.087109,0.07486206726003816,0.412343,97.5,0.6564
1489,1,1337.74,13146.55,0.096087,0.0748613989126518,0.227722,97.2,0.6585
1490,1,1338.41,13143.32,0.126908,0.07486072895297993,0.425762,96.9,0.6608
1491,1,1339.06,13140.02,0.064639,0.07486005738105175,0.331042,98.2,0.6519
1492,1,1339.71,13136.73,0.109215,0.07485938419689656,0.43044,97.9,0.654
1493,1,1340.37,13133.46,0.087264,0.07485870940054366,0.395169,97.7,0.6554
1494,1,1341.03,13130.25,0.107892,0.0748580329920225,0.615362,97.0,0.6601
1495,1,1341.68,13126.95,0.136576,0.07485735497136255,0.52917,98.3,0.6513
1496,1,1342.34,13123.69,0.068131,0.07485667533859336,0.232247,97.7,0.6548
1497,1,1343.0,13120.48,0.097451,0.07485599409374458,0.633778,97.0,0.6597
1498,1,1343.65,13117.22,0.136613,0.07485531123684588,0.352643,97.7,0.6552
1499,1,1344.31,13113.99,0.101077,0.07485462676792705,0.372776,97.5,0.6565
1500,1,1344.96,13110.71,0.075402,0.07485394068701791,0.312153,98.3,0.651
1501,1,1365.0,13296.24,0.073606,0.07485325299414837,0.457687,93.9,0.6818
1502,1,1365.65,13292.81,0.043175,0.07485256368934841,0.217844,98.5,0.6495
1503,1,1366.3,13289.41,0.053168,0.07485187277264807,0.378281,98.1,0.6526
1504,1,1366.96,13286.01,0.132122,0.07485118024407748,0.645753,98.2,0.6516
1505,1,1367.61,13282.61,0.090533,0.07485048610366683,0.377117,98.2,0.6514
1506,1,1368.26,13279.23,0.110547,0.07484979035144639,0.445236,98.0,0.6534
1507,1,1368.92,13275.86,0.104844,0.07484909298744645,0.261779,97.9,0.6538
1508,1,1369.57,13272.49,0.133143,0.07484839401169743,0.437281,97.9,0.6535
1509,1,1370.23,13269.14,0.084802,0.0748476934242298,0.410372,97.7,0.6549
1510,1,1370.88,13265.78,0.134891,0.0748469912250741,0.338464,97.8,0.6544
1511,1,1371.54,13262.42,0.10304,0.07484628741426094,0.384647,98.1,0.6527
1512,1,1372.19,13259.06,0.137646,0.074845581991821,0.428788,97.9,0.6539
1513,1,1372.84,13255.71,0.11327,0.07484487495778502,0.375583,98.0,0.6531
1514,1,1373.5,13252.39,0.108183,0.07484416631218384,0.246436,97.4,0.657
1515,1,1374.15,13249.02,0.06788,0.07484345605504833,0.327748,98.2,0.6514
1516,1,1374.82,13245.77,0.041326,0.07484274418640946,0.304025,96.6,0.6624
1517,1,1375.47,13242.42,0.089644,0.07484203070629827,0.831564,98.1,0.6522
1518,1,1376.13,13239.1,0.091774,0.07484131561474586,0.314859,97.8,0.6545
1519,1,1376.79,13235.85,0.108284,0.0748405989117834,0.415336,96.6,0.6623
1520,1,1377.45,13232.6,0.107219,0.07483988059744211,0.459949,96.9,0.6607
1521,1,1378.11,13229.33,0.05454,0.07483916067175332,0.295753,98.0,0.6529
1522,1,1378.77,13226.01,0.056793,0.07483843913474843,0.3303,97.9,0.6541
1523,1,1379.42,13222.69,0.10585,0.07483771598645886,0.440601,97.9,0.6535
1524,1,1380.07,13219.36,0.075741,0.07483699122691616,0.388692,98.1,0.6521
1525,1,1380.74,13216.18,0.046101,0.0748362648561519,0.284008,96.0,0.6663
1526,1,1381.4,13212.89,0.105763,0.07483553687419776,0.450091,97.6,0.6556
1527,1,1382.05,13209.57,0.087198,0.07483480728108546,0.425682,98.2,0.652
1528,1,1382.71,13206.32,0.101548,0.07483407607684682,0.489674,97.2,0.6584
1529,1,1383.36,13203.01,0.12072,0.07483334326151371,0.449921,98.2,0.6521
1530,1,1384.02,13199.77,0.118138,0.07483260883511807,0.410158,97.1,0.6591
1531,1,1384.67,13196.46,0.075273,0.0748318727976919,0.428851,98.4,0.6507
1532,1,1385.33,13193.18,0.131005,0.07483113514926731,0.628264,97.7,0.6551
1533,1,1385.98,13189.89,0.058659,0.07483039588987646,0.280601,98.1,0.6525
1534,1,1386.64,13186.63,0.071861,0.07482965501955155,0.296902,97.7,0.6553
1535,1,1387.29,13183.34,0.183345,0.0748289125383249,0.96784,98.1,0.6521
1536,1,1387.95,13180.09,0.105964,0.07482816844622885,0.551125,97.6,0.6554
1537,1,1388.61,13176.86,0.106575,0.07482742274329585,0.397734,97.3,0.6575
1538,1,1389.26,13173.63,0.077921,0.0748266754295584,0.412766,97.4,0.6572
1539,1,1389.92,13170.35,0.099701,0.07482592650504907,0.282842,98.1,0.6524
1540,1,1390.58,13167.13,0.078544,0.07482517596980054,0.332668,97.3,0.658
1541,1,1391.24,13163.98,0.095549,0.07482442382384549,0.500406,97.2,0.6586
1542,1,1391.9,13160.72,0.04769,0.07482367006721674,0.243268,98.1,0.6527
1543,1,1392.55,13157.49,0.093191,0.0748229146999471,0.608214,97.7,0.6549
1544,1,1393.21,13154.28,0.079147,0.07482215772206956,0.274865,97.4,0.6571
1545,1,1393.86,13151.02,0.097314,0.07482139913361706,0.323629,98.1,0.6525
1546,1,1394.52,13147.8,0.109663,0.0748206389346227,0.619606,97.7,0.6549
1547,1,1395.18,13144.65,0.076674,0.0748198771251196,0.403627,96.6,0.6626
1548,1,1395.84,13141.48,0.175597,0.07481911370514098,0.668865,96.9,0.6606
1549,1,1396.51,13138.33,0.047953,0.07481834867472012,0.237177,96.8,0.6614
1550,1,1397.16,13135.11,0.110213,0.07481758203389037,0.375242,97.8,0.6545
1551,1,1397.81,13131.88,0.098625,0.07481681378268513,0.4178,98.0,0.6528
1552,1,1398.48,13128.74,0.112888,0.07481604392113791,0.384805,96.8,0.6614
1553,1,1399.14,13125.61,0.05344,0.07481527244928227,0.237957,96.6,0.6625
1554,1,1399.8,13122.43,0.100451,0.07481449936715182,0.38515,97.4,0.6573
1555,1,1400.45,13119.24,0.090033,0.07481372467478027,0.373949,97.6,0.656
1556,1,1401.11,13116.04,0.125354,0.0748129483722014,0.478639,97.8,0.6542
1557,1,1401.77,13112.85,0.048607,0.07481217045944903,0.273376,97.6,0.6556
1558,1,1402.42,13109.65,0.089652,0.07481139093655709,0.30458,98.0,0.6531
1559,1,1403.08,13106.52,0.096966,0.07481060980355955,0.361578,96.9,0.6608
1560,1,1403.74,13103.34,0.060358,0.07480982706049047,0.242419,97.8,0.6543
1561,1,1404.4,13100.22,0.1328,0.07480904270738395,0.544899,97.1,0.6588
1562,1,1405.05,13097.02,0.044993,0.07480825674427422,0.203732,98.2,0.6519
1563,1,1405.7,13093.83,0.069556,0.07480746917119549,0.347989,98.1,0.6526
1564,1,1406.36,13090.7,0.141493,0.07480667998818212,0.471125,97.1,0.6589
1565,1,1407.02,13087.51,0.087572,0.07480588919526851,0.338642,98.1,0.6524
1566,1,1407.67,13084.33,0.098891,0.07480509679248913,0.40601,98.1,0.6526
1567,1,1408.33,13081.24,0.141336,0.07480430277987853,0.644691,96.7,0.6621
1568,1,1408.99,13078.07,0.123942,0.07480350715747129,0.29422,98.0,0.6528
1569,1,1409.64,13074.9,0.09187,0.07480270992530214,0.302406,98.0,0.6532
1570,1,1410.3,13071.79,0.185196,0.0748019110834058,0.531895,97.2,0.6584
1571,1,1410.96,13068.65,0.103743,0.0748011106318171,0.621027,97.6,0.656
1572,1,1411.62,13065.56,0.121887,0.07480030857057093,0.355122,96.8,0.6608
1573,1,1412.29,13062.52,0.10917,0.07479950489970226,0.441404,96.2,0.6651
1574,1,1412.94,13059.41,0.052949,0.07479869961924612,0.250719,97.2,0.6583
1575,1,1413.6,13056.27,0.0739,0.07479789272923762,0.404106,97.9,0.6537
1576,1,1414.25,13053.12,0.137298,0.07479708422971192,0.593637,98.1,0.6526
1577,1,1414.91,13049.97,0.101878,0.07479627412070428,0.37062,98.1,0.6522
1578,1,1415.56,13046.82,0.070537,0.07479546240224998,0.54727,98.1,0.6525
1579,1,1416.22,13043.78,0.073537,0.07479464907438445,0.428598,96.4,0.6639
1580,1,1416.88,13040.72,0.069187,0.0747938341371431,0.294891,96.9,0.6602
1581,1,1417.54,13037.62,0.06904,0.0747930175905615,0.469489,98.0,0.6528
1582,1,1418.2,13034.51,0.142207,0.07479219943467522,0.50441,97.8,0.6545
1583,1,1418.86,13031.45,0.068728,0.0747913796695199,0.487782,96.9,0.6602
1584,1,1419.61,13029.21,0.134768,0.07479055829513132,0.641572,85.5,0.7489
1585,1,1420.26,13026.11,0.094842,0.07478973531154524,0.366765,97.9,0.6535
1586,1,1420.92,13023.04,0.065446,0.07478891071879758,0.366704,97.3,0.6577
1587,1,1421.58,13019.99,0.073655,0.07478808451692424,0.4172,97.0,0.6595
1588,1,1422.24,13016.9,0.090503,0.07478725670596129,0.354895,97.7,0.6552
1589,1,1422.89,13013.79,0.140284,0.07478642728594476,0.497036,97.9,0.6536
1590,1,1423.55,13010.74,0.045283,0.07478559625691084,0.264294,97.2,0.6585
1591,1,1424.22,13007.77,0.063436,0.07478476361889574,0.32767,95.9,0.6676
1592,1,1424.88,13004.68,0.091433,0.07478392937193577,0.620572,97.9,0.6538
1593,1,1425.54,13001.68,0.087929,0.07478309351606728,0.462788,96.4,0.6637
1594,1,1426.19,12998.6,0.072926,0.07478225605132673,0.562566,98.0,0.653
1595,1,1426.85,12995.52,0.038301,0.07478141697775059,0.347484,97.8,0.6546
1596,1,1427.51,12992.45,0.104162,0.07478057629537546,0.570692,97.8,0.6542
1597,1,1428.16,12989.38,0.07849,0.07477973400423799,0.321786,97.8,0.6547
1598,1,1428.82,12986.33,0.064462,0.0747788901043749,0.229978,97.5,0.6561
1599,1,1429.48,12983.33,0.076132,0.07477804459582293,0.301823,96.7,0.6617
1600,1,1430.14,12980.28,0.13006,0.07477719747861901,0.745312,97.7,0.6548
1601,1,1430.83,12977.57,0.094085,0.07477634875280001,0.454147,97.7,0.6553
1602,1,1431.49,12974.56,0.11811,0.07477549841840295,0.589064,97.0,0.6601
1603,1,1432.15,12971.5,0.077518,0.07477464647546489,0.550134,97.9,0.6537
1604,1,1432.8,12968.46,0.054326,0.07477379292402297,0.340172,97.6,0.6555
1605,1,1433.47,12965.54,0.109502,0.0747729377641144,0.386049,95.9,0.6676
1606,1,1434.13,12962.54,0.098296,0.07477208099577645,0.511874,96.9,0.6603
1607,1,1434.79,12959.54,0.076801,0.07477122261904649,0.34185,97.2,0.6582
1608,1,1435.45,12956.55,0.160212,0.0747703626339619,1.000516,97.1,0.6594
1609,1,1436.1,12953.5,0.093773,0.07476950104056021,0.407616,97.9,0.6536
1610,1,1436.76,12950.48,0.11971,0.07476863783887895,0.623818,97.6,0.6555
1611,1,1437.42,12947.47,0.047138,0.07476777302895575,0.479578,97.4,0.6569
1612,1,1438.07,12944.44,0.081982,0.07476690661082831,0.516869,97.9,0.6536
1613,1,1438.73,12941.4,0.071881,0.07476603858453441,0.354974,98.1,0.6526
1614,1,1439.38,12938.4,0.133874,0.07476516895011188,0.570568,97.4,0.6568
1615,1,1440.04,12935.43,0.054871,0.07476429770759864,0.46802,97.0,0.66
1616,1,1440.7,12932.43,0.074082,0.07476342485703263,0.411675,97.6,0.6555
1617,1,1441.36,12929.41,0.093224,0.07476255039845195,0.418239,97.9,0.6534
1618,1,1442.01,12926.42,0.133051,0.07476167433189469,0.641216,97.4,0.6568
1619,1,1442.67,12923.43,0.107399,0.07476079665739904,0.43549,97.6,0.6556
1620,1,1443.32,12920.42,0.144123,0.07475991737500326,0.531747,98.0,0.6533
1621,1,1443.98,12917.46,0.081297,0.07475903648474569,0.439672,97.7,0.6549
1622,1,1444.64,12914.46,0.072617,0.0747581539866647,0.282199,97.8,0.6543
1623,1,1445.3,12911.49,0.082875,0.0747572698807988,0.566123,97.5,0.6567
1624,1,1445.95,12908.48,0.102886,0.0747563841671865,0.360283,98.0,0.6531
1625,1,1446.6,12905.49,0.089537,0.07475549684586642,0.437955,97.9,0.6536
1626,1,1447.26,12902.51,0.092637,0.07475460791687724,0.499291,97.6,0.6555
1627,1,1447.91,12899.52,0.098873,0.07475371738025771,0.530343,98.0,0.6529
1628,1,1448.57,12896.53,0.137973,0.07475282523604664,0.754493,97.8,0.6541
1629,1,1449.23,12893.57,0.041633,0.07475193148428293,0.267612,97.6,0.6556
1630,1,1449.88,12890.58,0.081162,0.07475103612500554,0.345111,97.9,0.6534
1631,1,1450.53,12887.62,0.100616,0.0747501391582535,0.403556,97.8,0.6547
1632,1,1451.19,12884.64,0.103365,0.0747492405840659,0.582129,97.9,0.6534
1633,1,1451.84,12881.68,0.074468,0.07474834040248192,0.433629,97.8,0.6546
1634,1,1452.5,12878.71,0.08727,0.0747474386135408,0.689189,97.9,0.6539
1635,1,1453.16,12875.8,0.11509,0.07474653521728185,0.451604,96.9,0.6603
1636,1,1453.81,12872.83,0.122167,0.07474563021374443,0.561223,98.0,0.6527
1637,1,1454.47,12869.87,0.084298,0.07474472360296804,0.540692,97.8,0.6545
1638,1,1455.12,12866.93,0.076988,0.07474381538499214,0.41806,97.7,0.6552
1639,1,1455.78,12863.98,0.063007,0.07474290555985637,0.44111,97.9,0.6539
1640,1,1456.44,12861.05,0.078163,0.07474199412760035,0.40888,97.5,0.6567
1641,1,1457.1,12858.18,0.055209,0.07474108108826384,0.251958,97.2,0.6585
1642,1,1457.75,12855.22,0.072357,0.07474016644188662,0.68114,98.0,0.6528
1643,1,1458.41,12852.29,0.090491,0.07473925018850858,0.371161,97.7,0.6548
1644,1,1459.06,12849.35,0.062343,0.07473833232816965,0.311979,97.9,0.6535
1645,1,1459.72,12846.41,0.071589,0.07473741286090983,0.339607,97.8,0.6544
1646,1,1460.37,12843.48,0.0693,0.07473649178676922,0.335017,97.8,0.6542
1647,1,1461.03,12840.55,0.150097,0.07473556910578796,0.569253,97.9,0.6538
1648,1,1461.68,12837.61,0.110159,0.07473464481800629,0.571541,98.0,0.6531
1649,1,1462.34,12834.68,0.088385,0.07473371892346448,0.501642,98.0,0.653
1650,1,1462.99,12831.75,0.036832,0.07473279142220288,0.253744,98.0,0.6532
1651,1,1463.64,12828.82,0.053385,0.07473186231426196,0.268364,98.0,0.6529
1652,1,1464.3,12825.89,0.131102,0.07473093159968218,0.689525,98.1,0.6525
1653,1,1464.95,12822.98,0.067812,0.07472999927850413,0.312435,97.8,0.6542
1654,1,1465.61,12820.06,0.091937,0.07472906535076845,0.436798,98.0,0.6529
1655,1,1466.26,12817.14,0.037354,0.07472812981651586,0.234815,98.1,0.6522
1656,1,1466.91,12814.23,0.044751,0.07472719267578713,0.424811,97.9,0.6536
1657,1,1467.57,12811.31,0.048951,0.07472625392862312,0.253718,98.1,0.6526
1658,1,1468.23,12808.46,0.045453,0.07472531357506473,0.497805,97.1,0.6589
1659,1,1468.89,12805.61,0.09751,0.07472437161515298,0.40792,97.0,0.6601
1660,1,1469.55,12802.75,0.101678,0.07472342804892891,0.401778,97.4,0.6574
1661,1,1470.2,12799.88,0.076838,0.07472248287643367,0.635738,98.0,0.6531
1662,1,1470.87,12797.1,0.120621,0.07472153609770844,0.465323,96.1,0.6661
1663,1,1471.52,12794.19,0.078011,0.07472058771279451,0.377107,98.2,0.6519
1664,1,1472.18,12791.31,0.163829,0.07471963772173319,0.420007,97.8,0.6543
1665,1,1472.84,12788.48,0.077182,0.07471868612456593,0.40134,97.0,0.6598
1666,1,1473.49,12785.62,0.130674,0.07471773292133421,0.792802,97.6,0.6556
1667,1,1474.15,12782.77,0.061671,0.07471677811207957,0.326467,97.5,0.6567
1668,1,1474.81,12779.89,0.144534,0.07471582169684361,0.429611,97.9,0.654
1669,1,1475.46,12777.02,0.088285,0.07471486367566804,0.472258,97.9,0.6536
1670,1,1476.11,12774.14,0.11839,0.07471390404859463,0.604718,98.1,0.6525
1671,1,1476.77,12771.27,0.09255,0.0747129428156652,0.539424,98.0,0.6531
1672,1,1477.42,12768.39,0.077297,0.07471197997692165,0.401887,98.0,0.6529
1673,1,1478.08,12765.6,0.061956,0.07471101553240596,0.198526,96.8,0.6615
1674,1,1478.74,12762.73,0.097958,0.07471004948216016,0.543323,98.1,0.6527
1675,1,1479.39,12759.87,0.074541,0.07470908182622638,0.248692,98.0,0.6533
1676,1,1480.05,12757.04,0.071962,0.07470811256464678,0.404382,97.4,0.6568
1677,1,1480.7,12754.18,0.080912,0.07470714169746362,0.463896,98.2,0.652
1678,1,1481.36,12751.33,0.035707,0.07470616922471923,0.247626,97.8,0.6547
1679,1,1482.01,12748.47,0.120469,0.07470519514645599,0.721469,98.2,0.652
1680,1,1482.66,12745.62,0.091573,0.07470421946271635,0.708678,98.0,0.653
1681,1,1483.32,12742.81,0.144336,0.07470324217354288,0.552836,97.9,0.6537
1682,1,1483.98,12739.96,0.088343,0.07470226327897815,0.332747,98.0,0.6532
1683,1,1484.63,12737.13,0.097509,0.07470128277906485,0.515108,97.8,0.6542
1684,1,1485.29,12734.29,0.114496,0.0747003006738457,0.433044,98.0,0.6531
1685,1,1485.95,12731.53,0.091781,0.07469931696336352,0.439614,96.7,0.6621
1686,1,1486.6,12728.71,0.126244,0.07469833164766118,0.562534,97.9,0.6534
1687,1,1487.26,12725.87,0.078862,0.07469734472678166,0.252176,98.1,0.6523
1688,1,1487.91,12723.04,0.083722,0.07469635620076796,0.379098,98.0,0.6529
1689,1,1488.57,12720.23,0.084156,0.07469536606966319,0.429438,97.6,0.6557
1690,1,1489.22,12717.42,0.091809,0.07469437433351049,0.368284,97.8,0.6545
1691,1,1489.88,12714.62,0.034552,0.07469338099235309,0.331884,97.6,0.6559
1692,1,1490.53,12711.83,0.083654,0.07469238604623431,0.400211,97.5,0.6562
1693,1,1491.19,12709.01,0.112112,0.0746913894951975,0.823869,98.0,0.6527
1694,1,1491.84,12706.21,0.062857,0.07469039133928614,0.235829,97.8,0.6547
1695,1,1492.5,12703.4,0.089308,0.07468939157854369,0.340283,97.9,0.6538
1696,1,1493.15,12700.6,0.093295,0.07468839021301375,0.459074,97.9,0.6534
1697,1,1493.81,12697.8,0.082483,0.07468738724273999,0.437692,97.8,0.6545
1698,1,1494.47,12695.04,0.130844,0.07468638266776609,0.448301,97.5,0.6564
1699,1,1495.13,12692.37,0.076664,0.07468537648813588,0.376883,95.8,0.6682
1700,1,1495.79,12689.57,0.138752,0.07468436870389321,0.574134,97.9,0.6537
1701,1,1496.45,12686.81,0.133467,0.074683359315082,0.436281,97.8,0.6544
1702,1,1497.1,12684.03,0.090143,0.07468234832174626,0.485884,97.9,0.654
1703,1,1497.77,12681.32,0.101708,0.07468133572393006,0.488357,96.6,0.6626
1704,1,1498.42,12678.53,0.115624,0.07468032152167753,0.4243,98.0,0.6531
1705,1,1499.08,12675.81,0.122403,0.0746793057150329,0.654574,96.9,0.6608
1706,1,1499.74,12673.03,0.069036,0.07467828830404044,0.311128,98.0,0.6532
1707,1,1500.39,12670.25,0.095663,0.07467726928874449,0.404833,97.9,0.6538
1708,1,1501.04,12667.48,0.101409,0.07467624866918948,0.569951,98.0,0.6532
1709,1,1501.71,12664.77,0.078669,0.0746752264454199,0.346457,96.8,0.6611
1710,1,1502.36,12662.03,0.074205,0.07467420261748033,0.421303,97.3,0.6578
1711,1,1503.02,12659.26,0.139984,0.07467317718541536,0.346467,98.0,0.6534
1712,1,1503.67,12656.5,0.066678,0.07467215014926971,0.27233,97.9,0.654
1713,1,1504.33,12653.74,0.078742,0.07467112150908815,0.319152,97.9,0.6538
1714,1,1504.98,12651.0,0.120652,0.07467009126491553,0.378857,97.5,0.6561
1715,1,1505.65,12648.32,0.082332,0.07466905941679675,0.251409,96.7,0.6616
1716,1,1506.31,12645.59,0.100402,0.07466802596477679,0.530593,97.4,0.657
1717,1,1506.96,12642.85,0.081797,0.07466699090890068,0.345109,97.7,0.6549
1718,1,1507.63,12640.18,0.082524,0.07466595424921357,0.401625,96.5,0.6635
1719,1,1508.28,12637.43,0.128357,0.07466491598576064,0.466164,98.0,0.6533
1720,1,1508.93,12634.69,0.140173,0.07466387611858714,0.559841,97.9,0.6539
1721,1,1509.6,12632.04,0.068194,0.0746628346477384,0.33017,96.8,0.6613
1722,1,1510.25,12629.31,0.119413,0.07466179157325983,0.468245,97.9,0.6537
1723,1,1510.91,12626.57,0.104004,0.0746607468951969,0.460709,97.8,0.6544
1724,1,1511.56,12623.83,0.084297,0.07465970061359513,0.427343,98.0,0.6532
1725,1,1512.23,12621.19,0.101276,0.07465865272850015,0.622367,96.4,0.6636
1726,1,1512.88,12618.47,0.083385,0.07465760323995763,0.270819,97.7,0.6552
1727,1,1513.54,12615.78,0.109299,0.07465655214801332,0.399296,97.1,0.6588
1728,1,1514.2,12613.05,0.086986,0.07465549945271303,0.263027,98.1,0.6526
1729,1,1514.87,12610.47,0.105107,0.07465444515410266,0.392034,95.3,0.6714
1730,1,1515.52,12607.75,0.124074,0.07465338925222817,0.344772,97.9,0.6536
1731,1,1516.18,12605.04,0.058046,0.07465233174713558,0.311964,97.9,0.654
1732,1,1516.84,12602.34,0.079986,0.07465127263887097,0.37431,97.5,0.6561
1733,1,1517.49,12599.64,0.098955,0.07465021192748056,0.430976,97.8,0.6545
1734,1,1518.14,12596.92,0.054735,0.07464914961301053,0.274118,98.1,0.6524
1735,1,1518.8,12594.26,0.07772,0.07464808569550724,0.42235,97.0,0.66
1736,1,1519.46,12591.58,0.158029,0.07464702017501702,0.532921,97.5,0.6563
1737,1,1520.2,12589.6,0.081048,0.07464595305158635,0.362708,86.5,0.74
1738,1,1520.87,12587.03,0.056173,0.07464488432526173,0.266788,95.7,0.6689
1739,1,1521.59,12584.86,0.144249,0.07464381399608976,0.479206,89.2,0.7178
1740,1,1522.26,12582.23,0.120363,0.07464274206411707,0.413955,96.8,0.661
1741,1,1522.94,12579.78,0.088033,0.07464166852939043,0.770904,95.4,0.6708
1742,1,1523.69,12577.85,0.057438,0.0746405933919566,0.438566,85.8,0.7457
1743,1,1524.37,12575.39,0.058487,0.07463951665186246,0.426542,94.1,0.68
1744,1,1525.08,12573.2,0.144792,0.07463843830915494,0.436553,89.6,0.7144
1745,1,1525.87,12571.58,0.077361,0.07463735836388107,0.363562,81.8,0.7827
1746,1,1526.56,12569.17,0.046005,0.0746362768160879,0.334597,93.3,0.6859
1747,1,1527.25,12566.79,0.150012,0.07463519366582258,0.584066,92.9,0.6892
1748,1,1528.04,12565.27,0.058387,0.07463410891313234,0.270925,80.6,0.7943
1749,1,1528.81,12563.5,0.089574,0.07463302255806445,0.397056,83.8,0.7638
1750,1,1529.46,12560.81,0.140686,0.07463193460066626,0.652496,98.0,0.6529
1751,1,1530.12,12558.19,0.081558,0.07463084504098523,0.455904,97.0,0.6597
1752,1,1530.78,12555.51,0.12679,0.07462975387906882,0.346042,97.8,0.6541
1753,1,1531.43,12552.87,0.088898,0.07462866111496462,0.400554,97.4,0.6572
1754,1,1532.1,12550.27,0.0675,0.07462756674872026,0.574278,96.7,0.6618
1755,1,1532.75,12547.6,0.065214,0.07462647078038342,0.272709,98.0,0.6528
1756,1,1533.41,12544.98,0.076455,0.07462537321000191,0.581968,97.2,0.6587
1757,1,1534.07,12542.32,0.126364,0.07462427403762353,0.453458,97.7,0.6548
1758,1,1534.73,12539.72,0.095519,0.07462317326329625,0.307915,96.8,0.6613
1759,1,1535.38,12537.06,0.08675,0.07462207088706801,0.30746,98.1,0.6526
1760,1,1536.04,12534.42,0.085855,0.0746209669089869,0.404534,97.6,0.6555
1761,1,1536.7,12531.86,0.137781,0.074619861329101,0.717766,96.6,0.6624
1762,1,1537.36,12529.22,0.077397,0.07461875414745854,0.357922,97.8,0.6547
1763,1,1538.01,12526.56,0.088238,0.07461764536410777,0.429166,98.1,0.6524
1764,1,1538.67,12523.91,0.045097,0.07461653497909702,0.315666,98.0,0.6527
1765,1,1539.32,12521.27,0.092659,0.07461542299247471,0.341667,97.8,0.6544
1766,1,1539.98,12518.67,0.084975,0.0746143094042893,0.364016,97.0,0.6596
1767,1,1540.64,12516.04,0.099392,0.07461319421458933,0.476959,97.9,0.6538
1768,1,1541.29,12513.39,0.196552,0.07461207742342342,0.557697,98.1,0.6525
1769,1,1541.94,12510.75,0.083999,0.07461095903084024,0.365662,98.1,0.6526
1770,1,1542.6,12508.1,0.074647,0.07460983903688856,0.454775,98.1,0.6525
1771,1,1543.26,12505.52,0.120287,0.07460871744161718,0.372953,97.1,0.6592
1772,1,1543.91,12502.88,0.111747,0.07460759424507502,0.42198,98.0,0.653
1773,1,1544.56,12500.26,0.096373,0.07460646944731102,0.349037,97.9,0.6539
1774,1,1545.22,12497.62,0.142799,0.0746053430483742,0.927299,98.1,0.6524
1775,1,1545.87,12494.98,0.084606,0.07460421504831369,0.451933,98.3,0.6513
1776,1,1546.52,12492.36,0.046422,0.07460308544717865,0.302697,98.0,0.6529
1777,1,1547.19,12489.82,0.109864,0.07460195424501832,0.746584,96.4,0.6637
1778,1,1547.97,12488.26,0.069186,0.07460082144188201,0.27946,81.7,0.7835
1779,1,1548.74,12486.54,0.116877,0.0745996870378191,0.666355,84.0,0.7618
1780,1,1549.53,12485.04,0.052376,0.07459855103287906,0.309701,80.9,0.7909
1781,1,1550.27,12483.08,0.108453,0.07459741342711139,0.507071,88.5,0.7232
1782,1,1550.92,12480.46,0.145297,0.07459627422056567,0.732333,98.0,0.6529
1783,1,1551.57,12477.86,0.066729,0.07459513341329158,0.435931,97.8,0.6546
1784,1,1552.23,12475.25,0.101256,0.07459399100533882,0.528349,98.0,0.6528
1785,1,1552.88,12472.64,0.134371,0.07459284699675722,0.736143,98.0,0.6529
1786,1,1553.54,12470.07,0.069486,0.07459170138759665,0.306326,97.4,0.6568
1787,1,1554.19,12467.47,0.110386,0.07459055417790703,0.406547,97.9,0.6535
1788,1,1554.85,12464.87,0.107391,0.07458940536773837,0.486779,98.0,0.6531
1789,1,1555.5,12462.27,0.127529,0.07458825495714075,0.531188,98.0,0.653
1790,1,1556.16,12459.74,0.064075,0.07458710294616432,0.375104,96.8,0.6615
1791,1,1556.82,12457.15,0.088651,0.0745859493348593,0.456675,98.0,0.6531
1792,1,1557.47,12454.56,0.052508,0.07458479412327598,0.410193,98.0,0.6534
1793,1,1558.13,12451.97,0.099634,0.07458363731146472,0.371682,98.1,0.6526
1794,1,1558.78,12449.39,0.02971,0.07458247889947593,0.227738,97.9,0.654
1795,1,1559.43,12446.8,0.071978,0.07458131888736014,0.537418,98.0,0.6531
1796,1,1560.09,12444.22,0.076433,0.07458015727516787,0.417519,98.0,0.653
1797,1,1560.74,12441.64,0.118898,0.07457899406294978,0.378398,98.0,0.6528
1798,1,1561.4,12439.11,0.106113,0.07457782925075658,0.406271,97.1,0.6594
1799,1,1562.06,12436.54,0.04649,0.07457666283863904,0.277776,97.8,0.6545
1800,1,1562.73,12434.09,0.160487,0.074575494826648,0.377873,95.9,0.6675
1801,1,1584.07,12596.01,0.11654,0.0745743252148344,0.574322,92.6,0.6911
1802,1,1584.72,12593.34,0.083877,0.07457315400324918,0.432871,98.1,0.6526
1803,1,1585.38,12590.68,0.097215,0.07457198119194343,0.432894,97.7,0.6552
1804,1,1586.03,12588.02,0.082412,0.07457080678096828,0.420397,97.9,0.6536
1805,1,1586.68,12585.35,0.114042,0.0745696307703749,0.425224,98.1,0.6527
1806,1,1587.34,12582.68,0.099813,0.07456845316021456,0.323978,98.1,0.6526
1807,1,1587.99,12580.05,0.123248,0.0745672739505386,0.580388,97.5,0.6561
1808,1,1588.66,12577.49,0.126746,0.07456609314139842,0.596738,96.1,0.6659
1809,1,1589.31,12574.82,0.100561,0.0745649107328455,0.6789,98.2,0.6515
1810,1,1589.97,12572.16,0.123526,0.07456372672493138,0.552851,98.0,0.6528
1811,1,1590.63,12569.58,0.106855,0.07456254111770766,0.438351,96.7,0.662
1812,1,1591.29,12566.94,0.101498,0.07456135391122604,0.385736,97.7,0.6549
1813,1,1591.95,12564.38,0.046175,0.07456016510553824,0.195966,96.4,0.6641
1814,1,1592.6,12561.72,0.107783,0.07455897470069613,0.402544,98.2,0.6517
1815,1,1593.26,12559.14,0.039389,0.07455778269675156,0.30924,96.9,0.6604
1816,1,1593.92,12556.5,0.070096,0.07455658909375651,0.287988,97.9,0.6534
1817,1,1594.57,12553.85,0.13387,0.07455539389176301,0.829217,98.2,0.652
1818,1,1595.22,12551.21,0.101673,0.07455419709082316,0.260249,98.0,0.6527
1819,1,1595.89,12548.63,0.112858,0.07455299869098912,0.344178,96.9,0.6603
1820,1,1596.55,12546.1,0.083351,0.07455179869231314,0.341601,96.0,0.6663
1821,1,1597.21,12543.49,0.11963,0.07455059709484753,0.364258,98.1,0.6524
1822,1,1597.87,12540.89,0.075461,0.07454939389864466,0.416,97.3,0.6577
1823,1,1598.52,12538.27,0.089684,0.074548189103757,0.46595,97.9,0.6538
1824,1,1599.18,12535.71,0.102343,0.07454698271023705,0.556894,96.9,0.6604
1825,1,1599.84,12533.11,0.039813,0.07454577471813739,0.222495,97.5,0.6566
1826,1,1600.51,12530.59,0.076526,0.0745445651275107,0.477291,96.2,0.6655
1827,1,1601.16,12527.96,0.082887,0.0745433539384097,0.337061,98.1,0.6523
1828,1,1601.81,12525.34,0.079205,0.07454214115088718,0.61232,98.1,0.6527
1829,1,1602.47,12522.73,0.081289,0.07454092676499602,0.32909,98.1,0.6523
1830,1,1603.13,12520.17,0.054419,0.07453971078078914,0.414445,97.2,0.6588
1831,1,1603.78,12517.58,0.136574,0.07453849319831954,0.680995,97.6,0.6557
1832,1,1604.44,12515.01,0.09704,0.07453727401764032,0.421474,97.3,0.658
1833,1,1605.1,12512.41,0.108409,0.07453605323880463,0.452729,97.9,0.6538
1834,1,1605.75,12509.82,0.119598,0.07453483086186567,0.389584,97.6,0.6554
1835,1,1606.41,12507.24,0.079336,0.07453360688687673,0.343875,97.7,0.6553
1836,1,1607.06,12504.63,0.099667,0.07453238131389116,0.506971,98.1,0.6522
1837,1,1607.72,12502.05,0.080456,0.07453115414296238,0.557623,97.6,0.6559
1838,1,1608.37,12499.45,0.068264,0.0745299253741439,0.260971,98.2,0.6516
1839,1,1609.03,12496.85,0.066352,0.07452869500748925,0.270734,98.1,0.6524
1840,1,1609.68,12494.3,0.045927,0.0745274630430521,0.231788,97.2,0.6585
1841,1,1610.35,12491.79,0.087989,0.07452622948088615,0.672359,98.0,0.6532
1842,1,1611.0,12489.2,0.053783,0.07452499432104516,0.211638,98.0,0.6534
1843,1,1611.66,12486.62,0.056344,0.07452375756358297,0.279368,98.0,0.6527
1844,1,1612.31,12484.05,0.067187,0.07452251920855349,0.362617,97.8,0.6547
1845,1,1612.97,12481.51,0.074765,0.07452127925601071,0.474261,97.1,0.6589
1846,1,1613.63,12478.99,0.120816,0.07452003770600868,0.470945,96.9,0.6603
1847,1,1614.29,12476.45,0.093678,0.07451879455860153,0.333331,97.2,0.6581
1848,1,1614.94,12473.87,0.114834,0.07451754981384343,0.383306,98.0,0.6529
1849,1,1615.6,12471.31,0.095076,0.07451630347178864,0.40425,97.9,0.654
1850,1,1616.26,12468.76,0.064654,0.07451505553249152,0.544605,97.7,0.6553
1851,1,1616.91,12466.23,0.121191,0.07451380599600645,0.517935,97.2,0.6586
1852,1,1617.57,12463.71,0.090272,0.07451255486238789,0.547789,97.2,0.6584
1853,1,1618.23,12461.14,0.083661,0.0745113021316904,0.470969,98.1,0.6524
1854,1,1618.88,12458.59,0.16673,0.07451004780396857,0.525866,97.8,0.6546
1855,1,1619.54,12456.04,0.075137,0.07450879187927707,0.419333,97.7,0.6553
1856,1,1620.19,12453.49,0.097932,0.07450753435767067,0.393067,98.0,0.653
1857,1,1620.85,12450.93,0.128195,0.07450627523920418,0.45483,98.1,0.6526
1858,1,1621.51,12448.41,0.057589,0.07450501452393248,0.608448,97.3,0.6581
1859,1,1622.16,12445.86,0.094809,0.07450375221191052,0.466809,98.0,0.6533
1860,1,1622.83,12443.42,0.087234,0.07450248830319335,0.457797,96.0,0.6669
1861,1,1623.5,12440.99,0.114446,0.07450122279783605,0.378008,96.4,0.664
1862,1,1624.15,12438.46,0.109449,0.0744999556958938,0.38437,97.7,0.6548
1863,1,1624.82,12435.99,0.098424,0.0744986869974218,0.503398,96.4,0.6638
1864,1,1625.47,12433.47,0.115878,0.0744974167024754,0.383432,97.6,0.6558
1865,1,1626.13,12430.94,0.125409,0.07449614481110993,0.531897,97.9,0.6536
1866,1,1626.78,12428.41,0.072575,0.07449487132338085,0.538506,97.9,0.6539
1867,1,1627.44,12425.87,0.052774,0.07449359623934368,0.343333,98.1,0.6524
1868,1,1628.09,12423.34,0.069491,0.074492319559054,0.267474,97.8,0.6542
1869,1,1628.74,12420.81,0.05306,0.07449104128256746,0.262574,98.1,0.6526
1870,1,1629.4,12418.31,0.036393,0.07448976140993978,0.212142,97.3,0.6577
1871,1,1630.06,12415.79,0.047811,0.07448847994122676,0.336524,98.0,0.6534
1872,1,1630.72,12413.3,0.139017,0.07448719687648425,0.67026,97.2,0.6584
1873,1,1631.38,12410.82,0.103668,0.07448591221576818,0.354743,97.2,0.6588
1874,1,1632.03,12408.3,0.095682,0.07448462595913456,0.529923,97.9,0.6536
1875,1,1632.69,12405.82,0.080751,0.07448333810663946,0.454373,97.2,0.6584
1876,1,1633.34,12403.32,0.099743,0.07448204865833902,0.253365,97.8,0.6543
1877,1,1634.0,12400.82,0.0887,0.07448075761428942,0.344389,97.7,0.6553
1878,1,1634.66,12398.34,0.144051,0.07447946497454698,0.650286,97.3,0.6579
1879,1,1635.32,12395.9,0.162121,0.07447817073916801,0.463561,96.6,0.6626
1880,1,1635.98,12393.4,0.08812,0.07447687490820896,0.337345,97.8,0.6541
1881,1,1636.64,12390.96,0.053753,0.07447557748172631,0.330455,97.1,0.6589
1882,1,1637.29,12388.46,0.102221,0.07447427845977661,0.457196,97.9,0.6536
1883,1,1637.95,12385.98,0.119217,0.07447297784241648,0.517754,97.4,0.6568
1884,1,1638.61,12383.5,0.112593,0.07447167562970261,0.495064,97.6,0.6555
1885,1,1639.27,12381.06,0.131797,0.07447037182169178,0.578433,96.8,0.6615
1886,1,1639.93,12378.59,0.090955,0.07446906641844082,0.305106,97.6,0.6559
1887,1,1640.58,12376.09,0.081263,0.07446775942000665,0.349314,97.9,0.6537
1888,1,1641.24,12373.6,0.089614,0.07446645082644622,0.316729,98.0,0.6528
1889,1,1641.89,12371.11,0.04375,0.07446514063781658,0.402989,97.9,0.6536
1890,1,1642.55,12368.64,0.121046,0.07446382885417485,0.317494,97.6,0.6557
1891,1,1643.21,12366.21,0.093475,0.07446251547557821,0.40216,96.8,0.661
1892,1,1643.87,12363.77,0.111126,0.07446120050208391,0.420434,97.1,0.6592
1893,1,1644.52,12361.29,0.069756,0.07445988393374925,0.426127,97.9,0.6535
1894,1,1645.18,12358.81,0.08461,0.07445856577063166,0.412826,98.0,0.6532
1895,1,1645.83,12356.34,0.084716,0.07445724601278858,0.440597,97.8,0.6546
1896,1,1646.49,12353.89,0.05406,0.07445592466027755,0.306514,97.4,0.6571
1897,1,1647.15,12351.44,0.070695,0.07445460171315615,0.295524,97.4,0.6568
1898,1,1647.8,12348.97,0.085858,0.07445327717148206,0.328064,98.1,0.6527
1899,1,1648.47,12346.57,0.105102,0.07445195103531303,0.313578,96.5,0.6632
1900,1,1649.12,12344.11,0.056868,0.07445062330470685,0.247128,97.9,0.6538
1901,1,1649.78,12341.67,0.068942,0.07444929397972141,0.319607,98.0,0.6528
1902,1,1650.43,12339.2,0.137106,0.07444796306041465,0.378108,98.0,0.6531
1903,1,1651.09,12336.78,0.056951,0.07444663054684458,0.297579,97.1,0.6594
1904,1,1651.75,12334.34,0.081677,0.0744452964390693,0.457811,97.6,0.6555
1905,1,1652.4,12331.88,0.104135,0.07444396073714696,0.398499,98.0,0.6531
1906,1,1653.06,12329.43,0.125044,0.07444262344113578,0.361648,97.7,0.655
1907,1,1653.72,12326.99,0.092583,0.07444128455109406,0.393989,97.7,0.6553
1908,1,1654.38,12324.62,0.076721,0.07443994406708017,0.427489,96.2,0.6651
1909,1,1655.04,12322.17,0.069095,0.07443860198915253,0.372083,98.0,0.6529
1910,1,1655.7,12319.78,0.094738,0.07443725831736965,0.547254,96.8,0.661
1911,1,1656.35,12317.33,0.107298,0.0744359130517901,0.39947,98.0,0.6532
1912,1,1657.01,12314.9,0.108461,0.07443456619247253,0.394478,97.6,0.656
1913,1,1657.66,12312.46,0.093182,0.07443321773947564,0.364649,97.9,0.6536
1914,1,1658.32,12310.01,0.099523,0.07443186769285823,0.668443,98.0,0.6534
1915,1,1658.97,12307.58,0.103994,0.07443051605267911,0.620575,97.9,0.654
1916,1,1659.63,12305.14,0.064072,0.07442916281899725,0.351594,98.0,0.6529
1917,1,1660.28,12302.73,0.052575,0.07442780799187161,0.488467,97.3,0.6579
1918,1,1660.94,12300.34,0.108241,0.07442645157136124,0.489345,97.2,0.6586
1919,1,1661.6,12297.91,0.108154,0.0744250935575253,0.461358,97.9,0.6535
1920,1,1662.26,12295.54,0.080314,0.07442373395042297,0.562763,96.7,0.6619
1921,1,1662.92,12293.14,0.0648,0.07442237275011351,0.390092,98.0,0.6533
1922,1,1663.57,12290.71,0.105051,0.07442100995665626,0.407805,97.9,0.654
1923,1,1664.23,12288.31,0.10347,0.07441964557011065,0.407292,97.5,0.6564
1924,1,1664.9,12285.96,0.039598,0.07441827959053611,0.223512,96.5,0.6635
1925,1,1665.55,12283.56,0.078467,0.07441691201799222,0.38478,97.5,0.6566
1926,1,1666.22,12281.22,0.115785,0.07441554285253858,0.465315,96.4,0.6639
1927,1,1666.88,12278.83,0.074634,0.07441417209423488,0.301526,97.3,0.6577
1928,1,1667.53,12276.42,0.103672,0.07441279974314087,0.288096,97.8,0.6543
1929,1,1668.19,12274.01,0.109969,0.07441142579931638,0.377704,98.0,0.6533
1930,1,1668.84,12271.61,0.059113,0.07441005026282128,0.306289,97.6,0.6556
1931,1,1669.5,12269.22,0.063765,0.07440867313371555,0.359016,97.7,0.6549
1932,1,1670.16,12266.87,0.03747,0.07440729441205922,0.304839,96.6,0.6626
1933,1,1670.82,12264.47,0.129104,0.07440591409791239,1.119517,97.9,0.6538
1934,1,1671.47,12262.08,0.066534,0.07440453219133523,0.338106,97.6,0.6555
1935,1,1672.13,12259.68,0.115845,0.07440314869238797,0.496709,97.8,0.6545
1936,1,1672.78,12257.29,0.077438,0.07440176360113093,0.257205,97.8,0.6542
1937,1,1673.44,12254.9,0.031677,0.0744003769176245,0.282587,97.6,0.6557
1938,1,1674.1,12252.51,0.097197,0.07439898864192908,0.428046,97.8,0.6546
1939,1,1674.76,12250.17,0.073071,0.07439759877410523,0.39344,96.9,0.6608
1940,1,1675.41,12247.79,0.13916,0.07439620731421352,0.450372,97.6,0.6556
1941,1,1676.07,12245.42,0.089245,0.07439481426231462,0.353929,97.9,0.6534
1942,1,1676.73,12243.04,0.096429,0.07439341961846922,0.377365,97.8,0.6543
1943,1,1677.39,12240.7,0.084039,0.07439202338273815,0.270718,97.0,0.6601
1944,1,1678.04,12238.33,0.069962,0.07439062555518226,0.466299,97.6,0.6557
1945,1,1678.7,12235.95,0.112872,0.07438922613586249,0.462496,97.8,0.6541
1946,1,1679.35,12233.57,0.108909,0.07438782512483985,0.364845,97.9,0.6537
1947,1,1680.01,12231.21,0.061795,0.07438642252217538,0.373512,97.5,0.6564
1948,1,1680.67,12228.83,0.100653,0.07438501832793025,0.338388,98.0,0.6533
1949,1,1681.32,12226.47,0.094864,0.07438361254216566,0.41084,97.5,0.6562
1950,1,1681.98,12224.11,0.08683,0.0743822051649429,0.542698,97.7,0.6552
1951,1,1682.63,12221.74,0.082926,0.0743807961963233,0.466882,97.8,0.6547
1952,1,1683.29,12219.37,0.052632,0.0743793856363683,0.252804,97.9,0.6537
1953,1,1683.94,12217.0,0.109208,0.07437797348513936,0.296853,97.9,0.6535
1954,1,1684.6,12214.64,0.054486,0.07437655974269808,0.374974,97.8,0.6545
1955,1,1685.26,12212.31,0.11289,0.07437514440910604,0.753957,97.1,0.6588
1956,1,1685.92,12209.99,0.115715,0.07437372748442497,0.401243,96.9,0.6602
1957,1,1686.58,12207.64,0.098516,0.07437230896871663,0.449267,97.7,0.6552
1958,1,1687.24,12205.35,0.090387,0.07437088886204284,0.319818,96.4,0.6639
1959,1,1687.9,12203.01,0.034335,0.0743694671644655,0.206427,97.5,0.6563
1960,1,1688.55,12200.65,0.066583,0.07436804387604662,0.263691,97.9,0.6534
1961,1,1689.21,12198.35,0.109754,0.07436661899684821,0.383695,97.4,0.6571
1962,1,1689.87,12196.0,0.089453,0.0743651925269324,0.495266,97.8,0.6543
1963,1,1690.57,12193.97,0.07689,0.07436376446636137,0.373416,91.6,0.6988
1964,1,1691.23,12191.67,0.121757,0.07436233481519734,0.40275,97.4,0.6568
1965,1,1691.89,12189.34,0.075054,0.07436090357350267,0.298108,97.5,0.6564
1966,1,1692.55,12187.04,0.092154,0.07435947074133974,0.375732,96.8,0.6615
1967,1,1693.2,12184.7,0.091279,0.074358036318771,0.416211,97.8,0.6546
1968,1,1693.86,12182.39,0.132762,0.07435660030585897,0.44067,97.4,0.6571
1969,1,1694.52,12180.07,0.125312,0.07435516270266627,0.337571,97.3,0.6575
1970,1,1695.18,12177.73,0.084453,0.07435372350925556,0.492889,98.0,0.6534
1971,1,1695.84,12175.43,0.154026,0.07435228272568957,0.513241,97.1,0.659
1972,1,1696.5,12173.13,0.111803,0.07435084035203111,0.455425,97.0,0.6595
1973,1,1697.15,12170.8,0.095157,0.07434939638834305,0.451164,97.9,0.6541
1974,1,1697.81,12168.47,0.101868,0.07434795083468834,0.410416,97.8,0.6543
1975,1,1698.46,12166.14,0.106025,0.07434650369113,0.463527,97.8,0.6545
1976,1,1699.12,12163.86,0.112741,0.0743450549577311,0.456745,96.8,0.6613
1977,1,1699.78,12161.53,0.097994,0.07434360463455479,0.54389,98.0,0.6531
1978,1,1700.44,12159.25,0.138554,0.0743421527216643,0.479439,96.9,0.6607
1979,1,1701.09,12156.93,0.089396,0.07434069921912295,0.342746,97.9,0.6539
1980,1,1701.75,12154.6,0.079022,0.07433924412699404,0.389247,98.0,0.6533
1981,1,1702.41,12152.35,0.055455,0.07433778744534102,0.23874,96.9,0.6605
1982,1,1703.07,12150.08,0.072587,0.0743363291742274,0.2786,96.9,0.6602
1983,1,1703.73,12147.76,0.079353,0.07433486931371676,0.410494,97.8,0.6545
1984,1,1704.39,12145.51,0.157696,0.07433340786387271,0.757935,96.7,0.6619
1985,1,1705.05,12143.21,0.131296,0.074331944824759,0.420981,97.8,0.6546
1986,1,1705.7,12140.89,0.154426,0.07433048019643934,0.355982,97.9,0.6535
1987,1,1706.36,12138.58,0.092721,0.07432901397897763,0.287767,97.9,0.6538
1988,1,1707.01,12136.26,0.098878,0.07432754617243775,0.433941,97.9,0.6535
1989,1,1707.67,12133.96,0.054813,0.0743260767768837,0.308012,97.8,0.6541
1990,1,1708.34,12131.76,0.078492,0.07432460579237954,0.355364,95.5,0.6698
1991,1,1708.99,12129.46,0.105063,0.07432313321898938,0.35551,97.9,0.6534
1992,1,1709.65,12127.18,0.071045,0.07432165905677741,0.405923,97.3,0.6576
1993,1,1710.31,12124.93,0.084877,0.0743201833058079,0.2839,96.8,0.6612
1994,1,1710.96,12122.62,0.069161,0.07431870596614518,0.488632,98.0,0.653
1995,1,1711.64,12120.44,0.130695,0.07431722703785364,0.66026,95.6,0.6692
1996,1,1712.29,12118.14,0.039358,0.07431574652099775,0.22903,97.8,0.6543
1997,1,1712.95,12115.86,0.107124,0.07431426441564205,0.379381,97.5,0.6562
1998,1,1713.6,12113.57,0.071068,0.07431278072185114,0.344133,98.0,0.6534
1999,1,1714.25,12111.27,0.086585,0.07431129543968971,0.264062,98.0,0.6528
2000,1,1714.91,12109.01,0.131381,0.07430980856922251,0.447192,97.1,0.6589
2001,1,1715.6,12106.97,0.062221,0.07430832011051433,0.386574,98.1,0.6527
2002,1,1716.27,12104.73,0.112852,0.07430683006363006,0.402819,96.7,0.6617
2003,1,1716.92,12102.44,0.073522,0.07430533842863467,0.466279,98.1,0.6527
2004,1,1717.57,12100.15,0.079833,0.07430384520559317,0.281184,98.0,0.6532
2005,1,1718.24,12097.93,0.081658,0.07430235039457066,0.69948,96.7,0.6619
2006,1,1718.89,12095.64,0.062033,0.07430085399563228,0.454878,97.9,0.6535
2007,1,1719.55,12093.42,0.087135,0.07429935600884328,0.31571,96.7,0.6619
2008,1,1720.21,12091.14,0.041421,0.07429785643426896,0.256386,98.0,0.653
2009,1,1720.87,12088.89,0.13434,0.07429635527197469,0.614265,97.4,0.6571
2010,1,1721.52,12086.62,0.067685,0.07429485252202589,0.254956,97.7,0.6552
2011,1,1722.17,12084.34,0.076342,0.07429334818448807,0.415437,98.1,0.6523
2012,1,1722.83,12082.06,0.063826,0.07429184225942682,0.3165,98.0,0.6533
2013,1,1723.49,12079.87,0.080045,0.07429033474690779,0.296672,96.2,0.6654
2014,1,1724.15,12077.6,0.101125,0.07428882564699667,0.375192,98.0,0.6531
2015,1,1724.8,12075.34,0.083257,0.07428731495975927,0.893195,97.7,0.6552
2016,1,1725.46,12073.09,0.109964,0.07428580268526142,0.341106,97.6,0.6554
2017,1,1726.12,12070.84,0.089482,0.07428428882356905,0.393937,97.7,0.6554
2018,1,1726.78,12068.61,0.096124,0.07428277337474815,0.327104,97.2,0.6588
2019,1,1727.43,12066.37,0.076168,0.07428125633886479,0.4549,97.5,0.6566
2020,1,1728.09,12064.1,0.126967,0.07427973771598508,0.381973,98.0,0.6528
2021,1,1728.75,12061.89,0.146048,0.07427821750617523,0.313352,97.3,0.6577
2022,1,1729.41,12059.66,0.079075,0.07427669570950153,0.398347,97.5,0.6563
2023,1,1730.06,12057.4,0.114146,0.07427517232603029,0.747578,97.8,0.6541
2024,1,1730.71,12055.14,0.100419,0.07427364735582791,0.626215,98.1,0.6525
2025,1,1731.37,12052.88,0.116434,0.07427212079896088,0.255366,98.2,0.652
2026,1,1732.02,12050.63,0.064656,0.07427059265549575,0.292056,97.9,0.654
2027,1,1732.68,12048.38,0.069543,0.07426906292549913,0.349276,98.0,0.6532
2028,1,1733.34,12046.22,0.154986,0.07426753160903769,0.538634,96.1,0.6658
2029,1,1734.0,12043.96,0.0694,0.0742659987061782,0.308713,98.1,0.6525
2030,1,1734.65,12041.71,0.066311,0.07426446421698746,0.281264,98.1,0.6527
2031,1,1735.3,12039.46,0.126622,0.07426292814153237,0.387629,98.2,0.652
2032,1,1735.96,12037.21,0.093044,0.0742613904798799,0.356948,98.1,0.6524
2033,1,1736.61,12035.0,0.07745,0.07425985123209708,0.406798,97.2,0.6586
2034,1,1737.28,12032.84,0.101208,0.07425831039825098,0.505527,96.4,0.6636
2035,1,1737.93,12030.59,0.10609,0.0742567679784088,0.351818,98.1,0.6527
2036,1,1738.59,12028.35,0.075701,0.07425522397263776,0.357094,98.1,0.6523
2037,1,1739.24,12026.11,0.107277,0.07425367838100518,0.550455,98.1,0.6523
2038,1,1739.91,12023.96,0.082064,0.07425213120357842,0.341963,96.1,0.6663
2039,1,1740.56,12021.73,0.094162,0.0742505824404249,0.423895,97.9,0.6539
2040,1,1741.21,12019.49,0.117937,0.07424903209161217,0.404222,98.1,0.6522
2041,1,1741.87,12017.28,0.07447,0.07424748015720779,0.302044,98.2,0.6515
2042,1,1742.52,12015.05,0.137121,0.07424592663727943,0.544566,98.0,0.6528
2043,1,1743.18,12012.82,0.081359,0.0742443715318948,0.307984,97.9,0.654
2044,1,1743.83,12010.59,0.095459,0.07424281484112169,0.441026,98.1,0.6522
2045,1,1744.48,12008.37,0.124545,0.07424125656502796,0.421751,98.0,0.6533
2046,1,1745.14,12006.14,0.12012,0.07423969670368152,0.807577,98.1,0.6524
2047,1,1745.8,12003.95,0.116036,0.07423813525715041,0.346838,97.2,0.6584
2048,1,1746.46,12001.79,0.108183,0.07423657222550266,0.342773,96.7,0.6616
2049,1,1747.11,11999.57,0.073303,0.0742350076088064,0.499153,98.1,0.6524
2050,1,1747.77,11997.35,0.09645,0.07423344140712984,0.468613,98.1,0.6526
2051,1,1748.42,11995.12,0.095914,0.07423187362054127,0.52225,98.2,0.6519
2052,1,1749.07,11992.91,0.122492,0.07423030424910901,0.399816,98.0,0.653
2053,1,1749.73,11990.7,0.08637,0.07422873329290149,0.40435,98.0,0.6533
2054,1,1750.38,11988.49,0.044243,0.07422716075198717,0.383346,97.9,0.6536
2055,1,1751.04,11986.29,0.063664,0.07422558662643461,0.33542,97.7,0.6547
2056,1,1751.69,11984.11,0.080073,0.07422401091631242,0.386698,97.4,0.6571
2057,1,1752.35,11981.91,0.119282,0.0742224336216893,0.371692,98.0,0.6532
2058,1,1753.0,11979.71,0.065669,0.07422085474263403,0.229682,97.8,0.6542
2059,1,1753.66,11977.5,0.054335,0.07421927427921537,0.293103,98.2,0.652
2060,1,1754.31,11975.29,0.076585,0.07421769223150226,0.371641,98.2,0.6518
2061,1,1754.96,11973.1,0.097729,0.07421610859956367,0.918032,98.1,0.6521
2062,1,1755.62,11970.92,0.13379,0.0742145233834686,0.625896,97.6,0.656
2063,1,1756.27,11968.72,0.075631,0.07421293658328619,0.379234,98.2,0.6517
2064,1,1756.93,11966.51,0.132594,0.07421134819908558,0.471273,98.2,0.6517
2065,1,1757.58,11964.3,0.106395,0.07420975823093602,0.447863,98.2,0.6516
2066,1,1758.24,11962.15,0.06954,0.07420816667890681,0.440593,97.1,0.6592
2067,1,1758.89,11959.97,0.073778,0.07420657354306735,0.316304,97.8,0.6541
2068,1,1759.55,11957.77,0.055464,0.07420497882348707,0.304823,98.0,0.6528
2069,1,1760.2,11955.59,0.072919,0.07420338252023549,0.400205,97.8,0.6544
2070,1,1760.86,11953.4,0.073013,0.07420178463338219,0.316392,98.1,0.6525
2071,1,1761.51,11951.23,0.078019,0.07420018516299683,0.290965,97.8,0.6544
2072,1,1762.17,11949.09,0.098668,0.07419858410914912,0.632191,97.0,0.6601
2073,1,1762.82,11946.9,0.15034,0.07419698147190887,0.607156,98.1,0.6521
2074,1,1763.48,11944.75,0.124491,0.07419537725134592,0.46573,97.2,0.6581
2075,1,1764.15,11942.66,0.062549,0.07419377144753023,0.479939,96.0,0.6666
2076,1,1764.81,11940.5,0.123835,0.07419216406053178,0.894709,97.6,0.6559
2077,1,1765.46,11938.33,0.068478,0.07419055509042063,0.436898,97.9,0.654
2078,1,1766.12,11936.19,0.117978,0.07418894453726696,0.507832,97.4,0.6571
2079,1,1766.77,11934.02,0.123862,0.07418733240114092,0.441986,97.9,0.6537
2080,1,1767.43,11931.85,0.127072,0.07418571868211281,0.392702,97.9,0.6537
2081,1,1768.09,11929.73,0.066261,0.07418410338025298,0.326028,97.3,0.6577
2082,1,1768.76,11927.65,0.14245,0.07418248649563185,0.581872,96.0,0.6665
2083,1,1769.42,11925.54,0.088459,0.07418086802831987,0.679604,96.7,0.6617
2084,1,1770.08,11923.43,0.059452,0.07417924797838762,0.565802,96.9,0.6607
2085,1,1770.75,11921.34,0.087404,0.0741776263459057,0.417406,96.3,0.6645
2086,1,1771.41,11919.21,0.127682,0.07417600313094483,0.383849,97.3,0.6576
2087,1,1772.07,11917.11,0.076561,0.07417437833357572,0.337947,96.8,0.6615
2088,1,1772.73,11914.97,0.133765,0.07417275195386924,0.480867,97.5,0.6562
2089,1,1773.38,11912.81,0.054295,0.07417112399189628,0.25441,98.0,0.6529
2090,1,1774.04,11910.65,0.052987,0.07416949444772777,0.213608,97.9,0.6535
2091,1,1774.69,11908.5,0.065667,0.07416786332143478,0.506634,97.8,0.6543
2092,1,1775.34,11906.35,0.098115,0.07416623061308841,0.376463,98.1,0.6525
2093,1,1776.0,11904.19,0.088198,0.07416459632275982,0.478905,98.1,0.6523
2094,1,1776.65,11902.03,0.112778,0.07416296045052026,0.377653,98.0,0.6528
2095,1,1777.3,11899.88,0.073357,0.07416132299644103,0.510341,98.0,0.653
2096,1,1777.96,11897.72,0.117559,0.07415968396059351,0.524172,98.1,0.6522
2097,1,1778.61,11895.57,0.052399,0.07415804334304917,0.29987,98.1,0.6526
2098,1,1779.27,11893.45,0.129372,0.07415640114387947,0.355448,97.6,0.656
2099,1,1779.93,11891.35,0.096867,0.07415475736315606,0.457636,96.8,0.6611
2100,1,1780.58,11889.21,0.068096,0.07415311200095055,0.449244,98.0,0.6531
2101,1,1793.34,11967.86,0.121838,0.0741514650573347,0.412205,93.5,0.6846
2102,1,1794.0,11965.66,0.068605,0.07414981653238029,0.296822,98.4,0.6506
2103,1,1794.65,11963.46,0.10601,0.07414816642615915,0.404533,98.4,0.6503
2104,1,1795.3,11961.28,0.117495,0.07414651473874326,0.421388,98.0,0.6534
2105,1,1795.95,11959.08,0.061412,0.07414486147020459,0.250215,98.3,0.6512
2106,1,1796.61,11956.92,0.06097,0.0741432066206152,0.322384,97.7,0.6549
2107,1,1797.26,11954.74,0.097396,0.07414155019004726,0.282347,97.9,0.6534
2108,1,1797.92,11952.58,0.12625,0.07413989217857295,0.292552,97.8,0.6545
2109,1,1798.57,11950.39,0.147103,0.07413823258626454,0.671546,98.2,0.6514
2110,1,1799.23,11948.24,0.137608,0.0741365714131944,0.526122,97.4,0.6572
2111,1,1799.88,11946.06,0.099629,0.07413490865943492,0.343879,98.2,0.6519
2112,1,1800.54,11943.9,0.085284,0.07413324432505858,0.222021,97.8,0.6545
2113,1,1801.19,11941.75,0.110604,0.07413157841013794,0.377551,97.5,0.6562
2114,1,1801.85,11939.58,0.089807,0.07412991091474563,0.245061,98.1,0.6522
2115,1,1802.5,11937.41,0.143907,0.07412824183895433,0.484573,97.9,0.6537
2116,1,1803.15,11935.25,0.110168,0.07412657118283679,0.439142,98.0,0.6528
2117,1,1803.81,11933.12,0.081314,0.07412489894646583,0.374074,97.2,0.6582
2118,1,1804.47,11930.97,0.093341,0.07412322512991436,0.316553,97.8,0.6547
2119,1,1805.12,11928.8,0.045638,0.07412154973325535,0.236155,98.1,0.6521
2120,1,1805.78,11926.64,0.075845,0.07411987275656182,0.287621,98.0,0.6529
2121,1,1806.44,11924.54,0.067328,0.07411819419990687,0.34795,97.1,0.6591
2122,1,1807.09,11922.39,0.069054,0.07411651406336367,0.444589,97.9,0.6537
2123,1,1807.75,11920.28,0.086978,0.07411483234700546,0.516973,97.0,0.6599
2124,1,1808.41,11918.11,0.089432,0.07411314905090556,0.408953,98.2,0.6519
2125,1,1809.06,11915.96,0.063433,0.07411146417513735,0.410385,98.1,0.6526
2126,1,1809.71,11913.8,0.128356,0.07410977771977426,0.329639,98.1,0.6522
2127,1,1810.37,11911.69,0.083237,0.07410808968488979,0.475905,97.1,0.659
2128,1,1811.03,11909.53,0.063256,0.07410640007055755,0.411156,98.2,0.6518
2129,1,1811.68,11907.39,0.085991,0.07410470887685118,0.738056,97.9,0.6535
2130,1,1812.33,11905.25,0.098868,0.07410301610384443,0.56944,97.9,0.6535
2131,1,1812.99,11903.11,0.147446,0.07410132175161105,0.652419,97.9,0.6538
2132,1,1813.65,11901.03,0.059523,0.07409962582022492,0.321539,96.5,0.6629
2133,1,1814.31,11898.9,0.123578,0.07409792830975998,0.347716,97.8,0.6543
2134,1,1814.96,11896.76,0.12531,0.07409622922029019,0.351283,97.8,0.6541
2135,1,1815.62,11894.62,0.0844,0.07409452855188964,0.320996,98.1,0.6523
2136,1,1816.27,11892.51,0.071691,0.07409282630463247,0.386208,97.3,0.6577
2137,1,1816.93,11890.38,0.060298,0.07409112247859287,0.459534,97.9,0.6535
2138,1,1817.59,11888.28,0.081131,0.07408941707384512,0.250365,97.2,0.6586
2139,1,1818.24,11886.16,0.070739,0.07408771009046354,0.49836,97.8,0.6546
2140,1,1818.9,11884.03,0.15434,0.07408600152852257,0.488214,97.8,0.6541
2141,1,1819.55,11881.92,0.076344,0.07408429138809669,0.490144,98.1,0.6527
2142,1,1820.21,11879.79,0.102989,0.0740825796692604,0.34,98.0,0.6531
2143,1,1820.88,11877.75,0.130913,0.07408086637208837,0.382018,96.1,0.6661
2144,1,1821.53,11875.64,0.166005,0.07407915149665525,0.568098,97.7,0.6552
2145,1,1822.2,11873.6,0.067998,0.07407743504303582,0.359512,96.0,0.667
2146,1,1822.85,11871.48,0.098671,0.07407571701130489,0.925381,98.1,0.6526
2147,1,1823.51,11869.35,0.071831,0.07407399740153733,0.391484,98.1,0.6527
2148,1,1824.16,11867.25,0.098978,0.07407227621380814,0.362017,97.7,0.6553
2149,1,1824.82,11865.13,0.104027,0.07407055344819233,0.438732,98.1,0.6527
2150,1,1825.47,11863.02,0.110561,0.07406882910476499,0.519609,97.7,0.655
2151,1,1826.13,11860.92,0.094918,0.0740671031836013,0.325588,97.7,0.6554
2152,1,1826.78,11858.8,0.110298,0.07406537568477647,0.452662,98.1,0.6525
2153,1,1827.43,11856.68,0.125863,0.07406364660836584,0.539251,98.1,0.6524
2154,1,1828.09,11854.58,0.089009,0.07406191595444477,0.323678,97.8,0.6547
2155,1,1828.75,11852.51,0.078363,0.07406018372308869,0.41643,97.0,0.6601
2156,1,1829.41,11850.44,0.066227,0.07405844991437312,0.394047,97.1,0.6589
2157,1,1830.06,11848.33,0.070325,0.07405671452837363,0.354828,98.1,0.6525
2158,1,1830.72,11846.22,0.098939,0.07405497756516588,0.426116,98.0,0.6529
2159,1,1831.37,11844.12,0.089081,0.07405323902482558,0.349278,97.8,0.6542
2160,1,1832.03,11842.02,0.11585,0.0740514989074285,0.468972,97.9,0.6534
2161,1,1832.69,11839.96,0.099218,0.07404975721305053,0.401585,97.2,0.6581
2162,1,1833.35,11837.9,0.069575,0.07404801394176755,0.481883,97.3,0.658
2163,1,1834.01,11835.84,0.07429,0.07404626909365558,0.267081,97.1,0.659
2164,1,1834.66,11833.73,0.07078,0.07404452266879069,0.283516,98.1,0.6527
2165,1,1835.31,11831.63,0.105447,0.07404277466724897,0.540334,98.1,0.6526
2166,1,1835.97,11829.54,0.087078,0.07404102508910666,0.359745,97.9,0.6535
2167,1,1836.63,11827.49,0.113456,0.07403927393444,0.399294,97.1,0.6594
2168,1,1837.29,11825.43,0.059786,0.07403752120332534,0.327303,97.1,0.6589
2169,1,1837.95,11823.37,0.068891,0.07403576689583906,0.291051,97.3,0.6578
2170,1,1838.6,11821.3,0.086912,0.07403401101205766,0.629803,97.6,0.656
2171,1,1839.26,11819.21,0.089879,0.07403225355205766,0.505276,98.0,0.6531
2172,1,1839.92,11817.14,0.039633,0.07403049451591569,0.337945,97.5,0.6563
2173,1,1840.57,11815.05,0.183068,0.07402873390370841,0.946369,98.0,0.6532
2174,1,1841.23,11812.98,0.061589,0.07402697171551258,0.409244,97.7,0.6552
2175,1,1841.88,11810.89,0.107217,0.074025207951405,0.449298,98.1,0.6524
2176,1,1842.53,11808.82,0.060203,0.07402344261146258,0.284782,97.8,0.6543
2177,1,1843.19,11806.74,0.125008,0.07402167569576225,1.049599,98.0,0.6533
2178,1,1843.85,11804.69,0.089276,0.07401990720438105,0.304289,97.1,0.6589
2179,1,1844.5,11802.62,0.087516,0.07401813713739606,0.408963,97.8,0.6546
2180,1,1845.16,11800.54,0.044318,0.07401636549488444,0.313404,98.0,0.6533
2181,1,1845.82,11798.49,0.092713,0.07401459227692342,0.38874,98.1,0.6526
2182,1,1846.48,11796.46,0.069392,0.0740128174835903,0.291923,97.1,0.6589
2183,1,1847.14,11794.44,0.11262,0.07401104111496244,0.646676,96.6,0.6626
2184,1,1847.79,11792.37,0.08021,0.07400926317111729,0.294194,98.0,0.6533
2185,1,1848.45,11790.3,0.114266,0.07400748365213233,0.470121,98.1,0.6524
2186,1,1849.1,11788.24,0.124742,0.07400570255808515,0.46446,97.7,0.6547
2187,1,1849.76,11786.18,0.081016,0.07400391988905337,0.3177,97.7,0.6554
2188,1,1850.42,11784.18,0.072853,0.07400213564511472,0.483222,96.5,0.663
2189,1,1851.08,11782.14,0.09064,0.07400034982634697,0.55167,97.4,0.6573
2190,1,1851.74,11780.09,0.043256,0.07399856243282797,0.258248,97.8,0.6543
2191,1,1852.39,11778.02,0.081159,0.07399677346463561,0.277528,98.0,0.6533
2192,1,1853.04,11775.96,0.069154,0.0739949829218479,0.259629,98.0,0.6528
2193,1,1853.71,11773.95,0.137502,0.07399319080454289,0.52778,96.9,0.6608
2194,1,1854.36,11771.92,0.088358,0.0739913971127987,0.387385,97.3,0.6577
2195,1,1855.02,11769.88,0.069336,0.0739896018466935,0.664405,97.5,0.6562
2196,1,1855.68,11767.82,0.067791,0.07398780500630557,0.328882,97.9,0.6537
2197,1,1856.34,11765.85,0.065769,0.07398600659171324,0.347541,96.0,0.6668
2198,1,1857.0,11763.8,0.023977,0.07398420660299489,0.266565,98.0,0.6528
2199,1,1857.65,11761.75,0.089409,0.07398240504022899,0.382977,97.9,0.6536
2200,1,1858.31,11759.73,0.077959,0.07398060190349406,0.652482,97.1,0.6591
2201,1,1858.97,11757.71,0.081798,0.07397879719286872,0.431843,98.1,0.6527
2202,1,1859.62,11755.66,0.106384,0.07397699090843164,0.549601,97.9,0.6537
2203,1,1860.29,11753.71,0.099714,0.07397518305026153,0.649764,95.8,0.6679
2204,1,1860.96,11751.72,0.075456,0.07397337361843724,0.38895,96.7,0.6616
2205,1,1861.61,11749.68,0.100897,0.07397156261303761,0.526964,97.9,0.6538
2206,1,1862.27,11747.64,0.129729,0.07396975003414161,0.850368,97.8,0.6547
2207,1,1862.93,11745.63,0.051295,0.07396793588182822,0.351819,97.2,0.6586
2208,1,1863.58,11743.58,0.052759,0.07396612015617655,0.49655,98.1,0.6526
2209,1,1864.23,11741.55,0.064736,0.07396430285726574,0.427997,97.7,0.6551
2210,1,1864.89,11739.52,0.124828,0.073962483985175,0.388735,97.9,0.6535
2211,1,1865.56,11737.57,0.061479,0.07396066353998364,0.304438,95.7,0.6686
2212,1,1866.23,11735.64,0.092889,0.07395884152177098,0.452624,95.6,0.6697
2213,1,1866.88,11733.61,0.10801,0.07395701793061649,0.335553,97.8,0.6541
2214,1,1867.54,11731.6,0.081994,0.07395519276659963,0.438138,97.3,0.6576
2215,1,1868.2,11729.59,0.096575,0.07395336602979997,0.348172,97.4,0.6569
2216,1,1868.85,11727.56,0.117205,0.07395153772029714,0.362959,97.9,0.6535
2217,1,1869.51,11725.55,0.123614,0.07394970783817083,0.32883,97.5,0.6566
2218,1,1870.17,11723.52,0.106788,0.07394787638350084,0.459246,98.1,0.6527
2219,1,1870.83,11721.54,0.108175,0.07394604335636697,0.361617,96.9,0.6603
2220,1,1871.48,11719.52,0.086406,0.07394420875684912,0.419176,97.8,0.6543
2221,1,1872.14,11717.52,0.097254,0.0739423725850273,0.556817,98.0,0.6533
2222,1,1872.8,11715.53,0.104812,0.07394053484098151,0.700808,97.0,0.6596
2223,1,1873.46,11713.57,0.102885,0.07393869552479189,0.402285,96.5,0.663
2224,1,1874.12,11711.56,0.105652,0.0739368546365386,0.513205,97.7,0.6548
2225,1,1874.78,11709.59,0.064317,0.07393501217630188,0.440779,96.6,0.6624
2226,1,1875.44,11707.58,0.116279,0.07393316814416208,0.437901,97.8,0.6542
2227,1,1876.1,11705.62,0.168434,0.07393132254019955,0.61051,96.6,0.6625
2228,1,1876.76,11703.66,0.071933,0.07392947536449475,0.440908,96.7,0.6616
2229,1,1877.42,11701.64,0.075139,0.07392762661712822,0.287996,97.9,0.6536
2230,1,1878.07,11699.64,0.13824,0.07392577629818053,0.517819,97.8,0.6543
2231,1,1878.73,11697.66,0.13745,0.07392392440773234,0.376265,97.1,0.6591
2232,1,1879.39,11695.66,0.116911,0.07392207094586438,0.420503,97.7,0.6553
2233,1,1880.05,11693.69,0.098858,0.07392021591265745,0.55642,96.9,0.6603
2234,1,1880.71,11691.69,0.070031,0.07391835930819239,0.398946,97.8,0.6544
2235,1,1881.36,11689.7,0.077908,0.07391650113255016,0.415513,97.6,0.6559
2236,1,1882.02,11687.7,0.101321,0.07391464138581175,0.475133,97.7,0.6551
2237,1,1882.67,11685.71,0.14258,0.07391278006805822,0.500245,97.5,0.6566
2238,1,1883.33,11683.71,0.105122,0.07391091717937072,0.672574,97.8,0.6541
2239,1,1883.98,11681.71,0.116162,0.07390905271983045,0.820915,98.0,0.6533
2240,1,1884.64,11679.71,0.071145,0.07390718668951869,0.667305,97.9,0.6539
2241,1,1885.3,11677.74,0.078103,0.07390531908851677,0.882578,97.8,0.6542
2242,1,1885.96,11675.76,0.086204,0.07390344991690612,0.459598,97.3,0.6576
2243,1,1886.61,11673.77,0.061724,0.0739015791747682,0.286574,97.9,0.6541
2244,1,1887.27,11671.81,0.132744,0.07389970686218456,0.573444,97.1,0.6593
2245,1,1887.93,11669.82,0.14381,0.07389783297923683,0.706412,97.7,0.6551
2246,1,1888.58,11667.85,0.100744,0.07389595752600668,0.437918,97.4,0.657
2247,1,1889.24,11665.86,0.094347,0.07389408050257588,0.442514,97.8,0.6544
2248,1,1889.91,11663.96,0.045969,0.07389220190902625,0.358406,95.8,0.6681
2249,1,1890.57,11662.01,0.049555,0.07389032174543966,0.352144,97.1,0.6589
2250,1,1891.22,11660.02,0.072336,0.0738884400118981,0.294828,97.9,0.6538
2251,1,1891.88,11658.08,0.097172,0.07388655670848357,0.350863,96.8,0.6613
2252,1,1892.54,11656.09,0.101275,0.07388467183527817,0.289048,98.0,0.6534
2253,1,1893.2,11654.16,0.065732,0.07388278539236406,0.402802,96.5,0.6631
2254,1,1893.86,11652.18,0.068259,0.0738808973798235,0.356752,97.8,0.6545
2255,1,1894.57,11650.56,0.109047,0.07387900779773879,0.664973,90.0,0.7108
2256,1,1895.27,11648.84,0.150221,0.07387711664619226,1.030014,91.9,0.6965
2257,1,1895.93,11646.92,0.113816,0.07387522392526638,0.519071,96.4,0.664
2258,1,1896.59,11644.94,0.07688,0.07387332963504364,0.584508,98.0,0.6532
2259,1,1897.24,11642.97,0.082877,0.07387143377560662,0.419259,97.8,0.6541
2260,1,1897.9,11640.99,0.052571,0.07386953634703797,0.180855,98.0,0.653
2261,1,1898.56,11639.04,0.077062,0.07386763734942038,0.423101,97.7,0.6551
2262,1,1899.21,11637.07,0.073525,0.07386573678283666,0.406691,97.8,0.6543
2263,1,1899.86,11635.1,0.089767,0.07386383464736963,0.360221,98.0,0.6534
2264,1,1900.52,11633.15,0.132666,0.07386193094310224,0.370606,97.2,0.6583
2265,1,1901.18,11631.2,0.098903,0.07386002567011744,0.448356,97.5,0.6564
2266,1,1901.83,11629.23,0.06735,0.0738581188284983,0.320115,98.0,0.6533
2267,1,1902.49,11627.25,0.088823,0.07385621041832795,0.458442,97.9,0.6536
2268,1,1903.15,11625.32,0.090012,0.07385430043968956,0.484138,97.0,0.6595
2269,1,1903.8,11623.35,0.082271,0.0738523888926664,0.337943,98.1,0.6527
2270,1,1904.46,11621.38,0.127862,0.0738504757773418,0.363051,98.0,0.6532
2271,1,1905.12,11619.48,0.098343,0.07384856109379914,0.581225,96.6,0.6628
2272,1,1905.78,11617.52,0.102811,0.0738466448421219,1.191381,97.8,0.6542
2273,1,1906.43,11615.57,0.038752,0.0738447270223936,0.291933,97.6,0.6558
2274,1,1907.09,11613.63,0.140785,0.07384280763469785,0.517265,97.2,0.6585
2275,1,1907.74,11611.66,0.169454,0.07384088667911831,0.437814,98.2,0.6521
2276,1,1908.4,11609.72,0.095653,0.07383896415573873,0.326048,97.5,0.6562
2277,1,1909.06,11607.76,0.132105,0.07383704006464292,0.615772,98.0,0.6533
2278,1,1909.71,11605.8,0.1131,0.07383511440591473,0.415448,98.1,0.6523
2279,1,1910.37,11603.86,0.115294,0.0738331871796381,0.385234,97.5,0.6561
2280,1,1911.02,11601.91,0.123418,0.07383125838589706,0.810969,97.8,0.6546
2281,1,1911.72,11600.23,0.086809,0.0738293280247757,0.544035,98.1,0.6522
2282,1,1912.38,11598.31,0.072584,0.07382739609635812,0.331885,97.2,0.6586
2283,1,1913.04,11596.36,0.1016,0.07382546260072857,0.713471,97.9,0.6535
2284,1,1913.69,11594.41,0.110968,0.07382352753797133,0.423007,98.0,0.6531
2285,1,1914.34,11592.45,0.054497,0.07382159090817077,0.317946,98.1,0.6527
2286,1,1915.0,11590.51,0.092686,0.07381965271141126,0.414541,97.8,0.6541
2287,1,1915.66,11588.64,0.113974,0.07381771294777734,0.44163,96.1,0.6663
2288,1,1916.32,11586.69,0.126399,0.07381577161735355,0.739938,98.0,0.6532
2289,1,1916.97,11584.75,0.117546,0.07381382872022449,0.679028,97.9,0.654
2290,1,1917.63,11582.8,0.141537,0.07381188425647488,0.356799,98.1,0.6526
2291,1,1918.28,11580.85,0.129967,0.07380993822618948,0.485822,98.1,0.6524
2292,1,1918.93,11578.91,0.09019,0.0738079906294531,0.381468,97.8,0.6545
2293,1,1919.59,11576.97,0.099766,0.07380604146635067,0.378077,97.9,0.6537
2294,1,1920.24,11575.03,0.119486,0.07380409073696714,0.410469,98.1,0.6523
2295,1,1920.9,11573.1,0.109064,0.07380213844138754,0.375455,97.6,0.6557
2296,1,1921.55,11571.16,0.071931,0.07380018457969699,0.403654,98.1,0.6524
2297,1,1922.21,11569.22,0.074387,0.07379822915198064,0.444042,98.1,0.6524
2298,1,1922.86,11567.28,0.157332,0.07379627215832373,1.01137,98.0,0.6532
2299,1,1923.51,11565.35,0.131717,0.07379431359881158,0.652819,97.9,0.6536
2300,1,1924.17,11563.41,0.122783,0.07379235347352957,1.022722,98.1,0.6524
2301,1,1924.83,11561.52,0.06199,0.07379039178256314,0.341469,97.1,0.6588
2302,1,1925.48,11559.59,0.071628,0.0737884285259978,0.487405,98.0,0.6531
2303,1,1926.14,11557.66,0.118092,0.07378646370391913,0.380079,98.1,0.6525
2304,1,1926.79,11555.72,0.119635,0.07378449731641279,0.461022,98.1,0.6525
2305,1,1927.45,11553.81,0.098064,0.07378252936356447,0.681063,97.4,0.6568
2306,1,1928.1,11551.89,0.10711,0.07378055984545998,0.370025,97.9,0.654
2307,1,1928.76,11549.96,0.083719,0.07377858876218517,0.460035,98.0,0.6532
2308,1,1929.41,11548.03,0.107759,0.07377661611382595,0.385677,98.1,0.6524
2309,1,1930.06,11546.1,0.045693,0.07377464190046833,0.284424,98.1,0.6526
2310,1,1930.72,11544.18,0.076705,0.07377266612219835,0.505137,97.9,0.6537
2311,1,1931.38,11542.34,0.162823,0.07377068877910216,0.560922,96.0,0.6663
2312,1,1932.04,11540.42,0.076063,0.07376870987126592,0.338675,98.1,0.6527
2313,1,1932.69,11538.5,0.051848,0.07376672939877592,0.2424,98.0,0.6533
2314,1,1933.35,11536.57,0.12367,0.0737647473617185,0.384122,98.1,0.6524
2315,1,1934.0,11534.67,0.086066,0.07376276376018003,0.309257,97.6,0.6559
2316,1,1934.66,11532.75,0.102675,0.073760778594247,0.676272,98.1,0.6525
2317,1,1935.31,11530.84,0.132122,0.07375879186400593,0.667472,97.9,0.6537
2318,1,1935.98,11529.0,0.099008,0.07375680356954344,0.301112,96.0,0.6668
2319,1,1936.64,11527.16,0.101425,0.07375481371094618,0.347843,96.2,0.6652
2320,1,1937.3,11525.24,0.079286,0.07375282228830092,0.24238,98.1,0.6522
2321,1,1937.96,11523.39,0.059354,0.07375082930169445,0.385806,97.1,0.6592
2322,1,1938.61,11521.48,0.085588,0.07374883475121366,0.528664,97.9,0.6536
2323,1,1939.27,11519.57,0.067754,0.07374683863694548,0.334978,97.9,0.6535
2324,1,1939.93,11517.71,0.179092,0.07374484095897693,0.67295,96.8,0.6614
2325,1,1940.58,11515.81,0.103006,0.07374284171739508,0.338788,97.9,0.6536
2326,1,1941.24,11513.9,0.083816,0.07374084091228711,0.459015,98.1,0.6523
2327,1,1941.89,11511.98,0.074503,0.0737388385437402,0.381727,98.1,0.6521
2328,1,1942.55,11510.08,0.112045,0.07373683461184166,0.363746,97.9,0.6535
2329,1,1943.2,11508.17,0.070382,0.07373482911667883,0.451532,98.0,0.6528
2330,1,1943.85,11506.28,0.059783,0.07373282205833916,0.28271,97.9,0.654
2331,1,1944.51,11504.39,0.07529,0.0737308134369101,0.444872,97.7,0.6547
2332,1,1945.16,11502.48,0.077489,0.07372880325247923,0.421682,98.0,0.6528
2333,1,1945.82,11500.63,0.087904,0.07372679150513418,0.554911,96.9,0.6604
2334,1,1946.48,11498.73,0.014018,0.07372477819496265,0.138203,97.9,0.6535
2335,1,1947.13,11496.84,0.116905,0.07372276332205238,0.347404,97.7,0.6549
2336,1,1947.79,11494.95,0.058876,0.07372074688649122,0.345053,98.0,0.6534
2337,1,1948.44,11493.06,0.106656,0.07371872888836706,0.943951,98.0,0.653
2338,1,1949.1,11491.16,0.093552,0.07371670932776786,0.561292,98.0,0.6532
2339,1,1949.75,11489.27,0.101313,0.07371468820478166,0.359242,98.0,0.6528
2340,1,1950.41,11487.39,0.069763,0.07371266551949658,0.363291,97.6,0.6555
2341,1,1951.07,11485.55,0.126987,0.07371064127200078,0.587258,97.5,0.6564
2342,1,1951.72,11483.66,0.072149,0.07370861546238251,0.304738,98.0,0.6532
2343,1,1952.38,11481.78,0.060088,0.07370658809073005,0.431587,97.8,0.6544
2344,1,1953.03,11479.89,0.110663,0.0737045591571318,0.35555,98.0,0.6529
2345,1,1953.68,11477.99,0.07142,0.0737025286616762,0.356199,98.1,0.6522
2346,1,1954.34,11476.12,0.09373,0.07370049660445176,0.312404,97.6,0.6555
2347,1,1954.99,11474.23,0.130857,0.07369846298554705,0.587237,98.1,0.6522
2348,1,1955.65,11472.35,0.083673,0.07369642780505073,0.396716,98.0,0.6532
2349,1,1956.3,11470.46,0.092873,0.07369439106305152,0.469239,98.1,0.6523
2350,1,1956.95,11468.58,0.10816,0.07369235275963819,0.426395,98.1,0.6526
2351,1,1957.61,11466.7,0.093629,0.07369031289489959,0.551766,98.0,0.653
2352,1,1958.26,11464.81,0.056536,0.07368827146892468,0.386726,98.1,0.6526
2353,1,1958.91,11462.94,0.125629,0.07368622848180238,0.924457,98.0,0.6532
2354,1,1959.57,11461.07,0.087449,0.07368418393362182,0.470751,97.7,0.6549
2355,1,1960.22,11459.19,0.134061,0.07368213782447207,0.397282,98.1,0.6526
2356,1,1960.88,11457.32,0.035462,0.07368009015444234,0.233416,98.0,0.6532
2357,1,1961.53,11455.43,0.050487,0.0736780409236219,0.277431,98.2,0.6517
2358,1,1962.18,11453.56,0.105156,0.07367599013210008,0.477318,98.0,0.6528
2359,1,1962.84,11451.68,0.053099,0.07367393777996625,0.269153,98.1,0.6524
2360,1,1963.49,11449.81,0.1293,0.0736718838673099,0.615002,98.1,0.6524
2361,1,1964.15,11448.0,0.142414,0.07366982839422055,0.591491,97.3,0.658
2362,1,1964.81,11446.12,0.077704,0.07366777136078781,0.550265,98.1,0.6524
2363,1,1965.46,11444.25,0.124053,0.07366571276710135,0.540515,98.0,0.6527
2364,1,1966.12,11442.39,0.078658,0.0736636526132509,0.520677,97.9,0.6535
2365,1,1966.77,11440.53,0.110602,0.07366159089932628,0.43923,97.8,0.6542
2366,1,1967.42,11438.66,0.161048,0.07365952762541733,0.677699,98.1,0.6523
2367,1,1968.08,11436.8,0.072263,0.07365746279161402,0.267541,98.0,0.6531
2368,1,1968.73,11434.95,0.132697,0.07365539639800635,0.488451,97.7,0.6551
2369,1,1969.39,11433.08,0.138978,0.07365332844468439,0.405834,98.1,0.6525
2370,1,1970.04,11431.22,0.055299,0.0736512589317383,0.346664,98.0,0.6532
2371,1,1970.69,11429.35,0.054154,0.07364918785925828,0.352879,98.1,0.6522
2372,1,1971.36,11427.57,0.092358,0.07364711522733461,0.493723,96.0,0.6664
2373,1,1972.02,11425.73,0.092336,0.07364504103605765,0.560634,97.6,0.6556
2374,1,1972.67,11423.87,0.095491,0.07364296528551781,0.559495,98.1,0.6526
2375,1,1973.32,11422.01,0.161639,0.07364088797580556,0.394054,98.0,0.6534
2376,1,1973.98,11420.16,0.048212,0.07363880910701148,0.449338,98.1,0.6526
2377,1,1974.63,11418.31,0.175484,0.07363672867922617,1.364179,97.8,0.6546
2378,1,1975.29,11416.46,0.051621,0.07363464669254033,0.173343,97.8,0.6541
2379,1,1975.94,11414.61,0.10972,0.07363256314704471,0.584869,98.0,0.6529
2380,1,1976.6,11412.77,0.090963,0.07363047804283013,0.279016,97.7,0.6548
2381,1,1977.26,11410.98,0.099105,0.07362839137998749,0.514053,97.3,0.6575
2382,1,1977.91,11409.12,0.110344,0.07362630315860776,0.338389,98.1,0.6524
2383,1,1978.58,11407.35,0.111727,0.07362421337878196,0.602461,96.0,0.6669
2384,1,1979.24,11405.53,0.109502,0.07362212204060117,0.429215,97.4,0.6573
2385,1,1979.9,11403.73,0.126169,0.07362002914415659,0.682613,96.9,0.6606
2386,1,1980.55,11401.89,0.108631,0.07361793468953942,0.535934,98.0,0.6533
2387,1,1981.21,11400.06,0.101959,0.07361583867684098,0.499807,97.6,0.6561
2388,1,1981.87,11398.22,0.093562,0.07361374110615261,0.392991,98.0,0.6533
2389,1,1982.52,11396.4,0.090371,0.07361164197756578,0.387888,97.4,0.6572
2390,1,1983.18,11394.56,0.116699,0.07360954129117198,0.422801,98.1,0.6524
2391,1,1983.83,11392.71,0.091223,0.07360743904706277,0.624068,98.1,0.6524
2392,1,1984.49,11390.9,0.100869,0.07360533524532979,0.836808,97.3,0.6579
2393,1,1985.15,11389.08,0.113642,0.07360322988606477,0.399837,97.5,0.6564
2394,1,1985.8,11387.24,0.070398,0.07360112296935947,0.260383,98.2,0.652
2395,1,1986.45,11385.41,0.078633,0.07359901449530575,0.469769,97.8,0.6545
2396,1,1987.11,11383.58,0.069324,0.0735969044639955,0.408297,98.0,0.6528
2397,1,1987.77,11381.79,0.042417,0.07359479287552069,0.270682,96.6,0.6623
2398,1,1988.44,11380.04,0.106189,0.0735926797299734,1.025488,96.0,0.6663
2399,1,1989.09,11378.2,0.071767,0.07359056502744571,0.4623,98.1,0.6526
2400,1,1989.75,11376.38,0.054761,0.07358844876802983,0.29803,97.7,0.6552
2401,1,2067.77,11816.7,0.105519,0.073586330951818,0.51876,97.8,0.6544
2402,1,2068.43,11814.66,0.084678,0.07358421157890255,0.402235,97.9,0.6538
2403,1,2069.08,11812.61,0.031764,0.07358209064937585,0.250897,98.0,0.6534
2404,1,2069.74,11810.59,0.113023,0.07357996816333036,0.628331,97.6,0.6558
2405,1,2070.41,11808.63,0.098348,0.0735778441208586,0.367561,95.8,0.6683
2406,1,2071.06,11806.59,0.127466,0.07357571852205315,0.395663,98.1,0.6526
2407,1,2071.71,11804.56,0.101352,0.0735735913670067,0.55168,97.7,0.6549
2408,1,2072.38,11802.56,0.128281,0.07357146265581194,0.622224,97.0,0.6595
2409,1,2073.04,11800.57,0.144902,0.07356933238856166,1.026547,96.7,0.6618
2410,1,2073.7,11798.57,0.093319,0.07356720056534877,0.558385,97.1,0.6589
2411,1,2074.36,11796.56,0.10274,0.07356506718626615,0.548143,97.3,0.6578
2412,1,2075.01,11794.52,0.082391,0.07356293225140681,0.594733,98.0,0.6532
2413,1,2075.67,11792.5,0.083087,0.07356079576086383,0.384739,97.8,0.6547
2414,1,2076.32,11790.47,0.123847,0.07355865771473032,0.472637,98.1,0.6524
2415,1,2076.97,11788.44,0.067716,0.0735565181130995,0.320285,98.0,0.6531
2416,1,2077.63,11786.44,0.070982,0.07355437695606462,0.319325,97.1,0.6592
2417,1,2078.29,11784.42,0.1366,0.07355223424371903,0.459489,97.9,0.6535
2418,1,2078.94,11782.39,0.12895,0.07355008997615614,0.424124,97.9,0.6534
2419,1,2079.6,11780.41,0.119002,0.07354794415346941,0.539662,96.7,0.6616
2420,1,2080.26,11778.42,0.113364,0.07354579677575238,0.403827,97.2,0.6587
2421,1,2080.93,11776.44,0.076632,0.07354364784309864,0.292178,97.9,0.6539
2422,1,2081.58,11774.44,0.115165,0.07354149735560188,0.397995,97.3,0.6577
2423,1,2082.24,11772.43,0.090913,0.07353934531335586,0.638492,97.8,0.6542
2424,1,2082.9,11770.42,0.090395,0.07353719171645437,0.493885,97.7,0.6553
2425,1,2083.55,11768.41,0.120085,0.07353503656499129,0.738469,97.8,0.6546
2426,1,2084.21,11766.4,0.071197,0.07353287985906057,0.388932,97.9,0.654
2427,1,2084.86,11764.38,0.09713,0.07353072159875622,0.742821,98.1,0.6525
2428,1,2085.52,11762.39,0.069857,0.07352856178417232,0.304034,97.2,0.6586
2429,1,2086.17,11760.37,0.102749,0.07352640041540302,0.335579,98.0,0.6528
2430,1,2086.82,11758.36,0.119583,0.07352423749254255,0.632558,98.2,0.652
2431,1,2087.48,11756.34,0.10557,0.07352207301568518,0.392776,98.1,0.6525
2432,1,2088.13,11754.32,0.088173,0.07351990698492528,0.409011,98.1,0.6526
2433,1,2088.79,11752.33,0.12854,0.07351773940035723,0.48721,97.4,0.6568
2434,1,2089.45,11750.36,0.106767,0.07351557026207557,0.509806,97.1,0.6588
2435,1,2090.1,11748.35,0.128381,0.07351339957017482,0.438665,98.0,0.6533
2436,1,2090.76,11746.36,0.045375,0.07351122732474961,0.230169,97.5,0.6561
2437,1,2091.41,11744.36,0.109575,0.07350905352589464,0.454701,97.9,0.6538
2438,1,2092.07,11742.35,0.135354,0.07350687817370466,0.585096,98.0,0.6533
2439,1,2092.72,11740.35,0.085187,0.0735047012682745,0.353267,98.1,0.6527
2440,1,2093.37,11738.34,0.087757,0.07350252280969906,0.385668,98.2,0.6517
2441,1,2094.03,11736.35,0.086272,0.07350034279807328,0.729568,98.0,0.6529
2442,1,2094.69,11734.36,0.146669,0.07349816123349222,1.005587,97.9,0.654
2443,1,2095.35,11732.41,0.122018,0.07349597811605096,0.492115,96.8,0.6615
2444,1,2096.0,11730.4,0.127277,0.07349379344584467,0.826944,98.2,0.6519
2445,1,2096.65,11728.4,0.042168,0.07349160722296857,0.469869,98.1,0.6521
2446,1,2097.31,11726.42,0.082207,0.073489419447518,0.291625,97.5,0.6562
2447,1,2097.96,11724.42,0.109855,0.07348723011958827,0.379819,98.1,0.6522
2448,1,2098.62,11722.42,0.048952,0.07348503923927485,0.282244,98.0,0.653
2449,1,2099.27,11720.44,0.110514,0.07348284680667323,0.342441,97.9,0.6541
2450,1,2099.93,11718.45,0.155295,0.07348065282187899,0.589249,97.9,0.6538
2451,1,2100.58,11716.46,0.129534,0.07347845728498777,0.756602,98.0,0.6531
2452,1,2101.23,11714.47,0.126334,0.07347626019609525,0.398679,98.1,0.6525
2453,1,2101.89,11712.47,0.090891,0.07347406155529726,0.573071,98.1,0.6523
2454,1,2102.54,11710.49,0.116378,0.0734718613626896,0.521254,98.0,0.6533
2455,1,2103.2,11708.55,0.081757,0.0734696596183682,0.585644,96.7,0.662
2456,1,2103.86,11706.57,0.052112,0.073467456322429,0.262679,97.9,0.654
2457,1,2104.52,11704.6,0.125892,0.07346525147496807,0.279059,97.5,0.6561
2458,1,2105.17,11702.64,0.172231,0.07346304507608153,0.623017,97.4,0.6572
2459,1,2105.83,11700.66,0.093072,0.07346083712586557,0.799171,98.0,0.6529
2460,1,2106.48,11698.68,0.107547,0.0734586276244164,0.322923,97.8,0.6543
2461,1,2107.15,11696.76,0.108322,0.07345641657183037,0.357987,97.1,0.6589
2462,1,2107.81,11694.83,0.07496,0.07345420396820383,0.422722,96.6,0.6624
2463,1,2108.46,11692.85,0.105543,0.07345198981363325,0.639392,98.1,0.6524
2464,1,2109.13,11690.97,0.061127,0.07344977410821515,0.375108,95.5,0.6704
2465,1,2109.79,11689.03,0.068668,0.07344755685204611,0.500224,97.1,0.6592
2466,1,2110.45,11687.07,0.092201,0.07344533804522278,0.355893,97.4,0.6569
2467,1,2111.12,11685.15,0.069198,0.0734431176878419,0.241229,96.5,0.6632
2468,1,2111.77,11683.19,0.111512,0.07344089578000022,0.778321,97.9,0.6541
2469,1,2112.42,11681.21,0.109848,0.07343867232179463,0.399014,98.1,0.6522
2470,1,2113.09,11679.29,0.122233,0.07343644731332204,0.487261,96.8,0.661
2471,1,2113.74,11677.31,0.115291,0.07343422075467942,0.577689,98.1,0.6523
2472,1,2114.4,11675.37,0.111056,0.07343199264596387,0.496554,97.3,0.658
2473,1,2115.05,11673.4,0.116728,0.0734297629872725,0.494471,98.0,0.6531
2474,1,2115.71,11671.46,0.093867,0.0734275317787025,0.418439,97.5,0.6562
2475,1,2116.36,11669.49,0.078385,0.07342529902035114,0.505584,98.0,0.6528
2476,1,2117.02,11667.56,0.095464,0.07342306471231573,0.423466,97.2,0.6586
2477,1,2117.68,11665.61,0.047322,0.07342082885469368,0.263063,97.7,0.6552
2478,1,2118.34,11663.68,0.035998,0.07341859144758246,0.319156,96.9,0.6606
2479,1,2118.99,11661.72,0.092362,0.07341635249107958,0.643512,98.0,0.6528
2480,1,2119.65,11659.76,0.09516,0.07341411198528267,0.53086,98.0,0.6529
2481,1,2120.31,11657.88,0.115783,0.07341186993028936,0.262736,96.8,0.6613
2482,1,2120.97,11655.95,0.073172,0.07340962632619742,0.513555,97.3,0.6581
2483,1,2121.63,11654.03,0.083805,0.07340738117310462,0.313113,96.9,0.6606
2484,1,2122.29,11652.07,0.131588,0.07340513447110886,0.382239,98.1,0.6526
2485,1,2122.94,11650.12,0.070347,0.07340288622030805,0.446806,98.0,0.6533
2486,1,2123.6,11648.17,0.103831,0.0734006364208002,0.341198,98.0,0.6529
2487,1,2124.25,11646.25,0.139343,0.0733983850726834,0.553625,97.1,0.659
2488,1,2124.91,11644.33,0.129265,0.07339613217605578,0.801772,97.1,0.659
2489,1,2125.57,11642.38,0.105678,0.07339387773101554,0.53439,97.8,0.6542
2490,1,2126.22,11640.43,0.092872,0.07339162173766095,0.630957,97.9,0.6537
2491,1,2126.88,11638.49,0.116116,0.07338936419609036,0.531998,98.0,0.6533
2492,1,2127.55,11636.65,0.079489,0.07338710510640217,0.589825,95.2,0.6725
2493,1,2128.21,11634.7,0.108547,0.07338484446869488,0.406997,98.0,0.6533
2494,1,2128.86,11632.78,0.095649,0.073382582283067,0.654338,97.5,0.6564
2495,1,2129.53,11630.9,0.07911,0.07338031854961717,0.377942,96.2,0.6655
2496,1,2130.2,11629.04,0.089033,0.07337805326844406,0.312014,95.8,0.6684
2497,1,2130.9,11627.37,0.087345,0.07337578643964641,0.610897,91.1,0.7022
2498,1,2131.61,11625.72,0.107687,0.07337351806332305,0.495385,90.4,0.7079
2499,1,2132.27,11623.79,0.082288,0.07337124813957284,0.297084,97.8,0.6547
2500,1,2132.92,11621.87,0.103046,0.07336897666849475,0.491608,97.7,0.6549
2501,1,2133.58,11619.98,0.108899,0.07336670365018777,0.721983,97.4,0.6569
2502,1,2134.26,11618.15,0.104529,0.073364429084751,0.398867,94.9,0.6742
2503,1,2134.91,11616.21,0.085348,0.0733621529722836,0.671614,98.2,0.6518
2504,1,2135.57,11614.32,0.121807,0.07335987531288479,0.6445,96.8,0.661
2505,1,2136.23,11612.42,0.063498,0.07335759610665385,0.461524,97.1,0.6592
2506,1,2136.89,11610.48,0.075156,0.07335531535369012,0.457483,98.1,0.6526
2507,1,2137.54,11608.55,0.131481,0.07335303305409303,0.415893,98.0,0.6531
2508,1,2138.2,11606.62,0.127938,0.07335074920796207,0.856233,97.8,0.6544
2509,1,2138.85,11604.7,0.075924,0.0733484638153968,0.456289,97.8,0.6543
2510,1,2139.51,11602.78,0.093686,0.07334617687649683,0.447555,97.7,0.6551
2511,1,2140.16,11600.85,0.086999,0.07334388839136187,0.224864,98.0,0.653
2512,1,2140.82,11598.94,0.106964,0.07334159836009166,0.374657,97.7,0.6552
2513,1,2141.47,11597.01,0.059404,0.07333930678278602,0.430805,98.0,0.6532
2514,1,2142.13,11595.09,0.041917,0.07333701365954487,0.493589,97.8,0.6547
2515,1,2142.79,11593.21,0.115107,0.07333471899046816,0.581718,96.9,0.6602
2516,1,2143.44,11591.29,0.05315,0.07333242277565591,0.341926,98.0,0.6532
2517,1,2144.1,11589.38,0.133181,0.07333012501520822,0.402009,97.5,0.6564
2518,1,2144.75,11587.47,0.125304,0.07332782570922525,0.423367,97.9,0.6539
2519,1,2145.41,11585.55,0.051188,0.07332552485780723,0.307699,98.0,0.6532
2520,1,2146.07,11583.68,0.141052,0.07332322246105447,0.337152,96.7,0.662
2521,1,2146.74,11581.84,0.075833,0.0733209185190673,0.402153,96.6,0.6628
2522,1,2147.4,11579.93,0.095808,0.07331861303194619,0.764513,97.9,0.6535
2523,1,2148.05,11578.02,0.076424,0.07331630599979161,0.383671,97.8,0.6547
2524,1,2148.71,11576.12,0.117715,0.07331399742270414,0.76971,97.7,0.6551
2525,1,2149.36,11574.22,0.049376,0.07331168730078441,0.323777,97.5,0.6562
2526,1,2150.02,11572.31,0.099788,0.07330937563413314,0.410413,97.9,0.6539
2527,1,2150.68,11570.42,0.10109,0.0733070624228511,0.368748,97.5,0.6563
2528,1,2151.33,11568.51,0.113838,0.07330474766703908,0.320939,97.9,0.6536
2529,1,2151.99,11566.6,0.113592,0.07330243136679801,0.501843,97.9,0.654
2530,1,2152.64,11564.69,0.045285,0.07330011352222887,0.500135,98.0,0.6531
2531,1,2153.3,11562.84,0.089996,0.0732977941334327,0.29461,96.6,0.6625
2532,1,2153.96,11560.94,0.050969,0.0732954732005106,0.442078,97.8,0.6542
2533,1,2154.61,11559.03,0.118175,0.07329315072356372,0.311379,97.9,0.6539
2534,1,2155.27,11557.13,0.06059,0.07329082670269334,0.427303,97.9,0.6541
2535,1,2155.92,11555.24,0.097576,0.07328850113800073,0.364198,97.8,0.6543
2536,1,2156.58,11553.33,0.056725,0.07328617402958729,0.343273,97.9,0.6536
2537,1,2157.24,11551.47,0.143303,0.07328384537755445,0.449932,96.9,0.6602
2538,1,2157.89,11549.57,0.093591,0.07328151518200371,0.405413,97.9,0.654
2539,1,2158.55,11547.67,0.065732,0.07327918344303667,0.324121,97.9,0.6535
2540,1,2159.2,11545.79,0.104037,0.07327685016075496,0.479503,97.6,0.656
2541,1,2159.86,11543.92,0.11088,0.07327451533526028,0.578868,97.8,0.6543
2542,1,2160.52,11542.03,0.127924,0.07327217896665443,0.366835,97.8,0.6541
2543,1,2161.17,11540.13,0.128441,0.07326984105503924,0.482911,98.0,0.6533
2544,1,2161.83,11538.25,0.124483,0.07326750160051664,0.444531,97.4,0.6568
2545,1,2162.48,11536.37,0.104403,0.07326516060318859,0.544063,97.8,0.6547
2546,1,2163.14,11534.48,0.075792,0.07326281806315714,0.339347,98.0,0.6533
2547,1,2163.8,11532.6,0.134774,0.07326047398052442,0.532072,97.6,0.6559
2548,1,2164.46,11530.75,0.100961,0.0732581283553926,0.462437,96.7,0.6622
2549,1,2165.11,11528.87,0.078188,0.07325578118786392,0.367835,97.7,0.6548
2550,1,2165.77,11527.02,0.071619,0.07325343247804071,0.465912,97.0,0.6596
2551,1,2166.44,11525.17,0.138999,0.07325108222602535,0.496503,96.8,0.6614
2552,1,2167.1,11523.31,0.147269,0.07324873043192028,0.544334,97.4,0.6573
2553,1,2167.76,11521.48,0.119664,0.07324637709582804,0.498417,96.5,0.6633
2554,1,2168.41,11519.59,0.082247,0.07324402221785119,0.450065,98.0,0.6531
2555,1,2169.07,11517.71,0.101568,0.07324166579809241,0.576764,98.0,0.653
2556,1,2169.72,11515.83,0.082415,0.07323930783665439,0.350253,97.9,0.6537
2557,1,2170.38,11513.95,0.063922,0.07323694833363993,0.21223,97.8,0.6544
2558,1,2171.03,11512.07,0.10005,0.07323458728915189,0.994636,97.9,0.6538
2559,1,2171.69,11510.2,0.073357,0.07323222470329319,0.396019,97.9,0.6537
2560,1,2172.34,11508.33,0.07288,0.07322986057616682,0.336321,97.7,0.6552
2561,1,2173.01,11506.49,0.092899,0.0732274949078758,0.671499,97.2,0.6583
2562,1,2173.66,11504.61,0.062208,0.0732251276985233,0.173314,97.9,0.6536
2563,1,2174.31,11502.74,0.145051,0.0732227589482125,0.826998,97.8,0.6544
2564,1,2174.97,11500.89,0.086796,0.07322038865704662,0.623188,97.3,0.6575
2565,1,2175.66,11499.21,0.092415,0.07321801682512905,0.368869,92.7,0.6905
2566,1,2176.37,11497.61,0.052394,0.07321564345256311,0.35925,90.8,0.7048
2567,1,2177.03,11495.78,0.161376,0.0732132685394523,0.74223,96.8,0.6612
2568,1,2177.71,11494.01,0.063419,0.07321089208590015,0.519642,95.2,0.6722
2569,1,2178.36,11492.15,0.120341,0.07320851409201022,0.843862,97.8,0.6544
2570,1,2179.02,11490.28,0.085654,0.0732061345578862,0.345717,97.9,0.6536
2571,1,2179.67,11488.41,0.056837,0.07320375348363181,0.240302,97.9,0.6536
2572,1,2180.33,11486.55,0.087783,0.07320137086935084,0.271735,97.8,0.6545
2573,1,2180.98,11484.7,0.051528,0.07319898671514716,0.266705,97.3,0.6575
2574,1,2181.64,11482.84,0.099911,0.07319660102112469,0.466902,97.9,0.6539
2575,1,2182.29,11480.97,0.089844,0.07319421378738743,0.933044,98.1,0.6526
2576,1,2182.95,11479.11,0.110126,0.07319182501403942,0.559573,98.0,0.6529
2577,1,2183.6,11477.25,0.065816,0.07318943470118483,0.325434,97.8,0.6541
2578,1,2184.25,11475.38,0.134515,0.07318704284892782,0.429298,98.1,0.6526
2579,1,2184.92,11473.57,0.144101,0.07318464945737269,0.828789,96.5,0.6629
2580,1,2185.57,11471.71,0.085313,0.07318225452662373,0.330449,97.9,0.6535
2581,1,2186.23,11469.87,0.092293,0.07317985805678537,0.305521,97.7,0.6549
2582,1,2186.89,11468.05,0.092424,0.07317746004796206,0.35212,97.0,0.6599
2583,1,2187.55,11466.2,0.139293,0.07317506050025833,0.452621,97.8,0.6547
2584,1,2188.21,11464.38,0.147599,0.0731726594137788,0.441309,96.9,0.6603
2585,1,2188.87,11462.56,0.069802,0.07317025678862811,0.336143,96.9,0.6604
2586,1,2189.52,11460.71,0.099833,0.07316785262491102,0.667847,97.9,0.6535
2587,1,2190.18,11458.87,0.07593,0.0731654469227323,0.358328,97.4,0.6569
2588,1,2190.83,11457.02,0.07435,0.07316303968219684,0.411813,98.1,0.6527
2589,1,2191.49,11455.17,0.110477,0.07316063090340956,0.476076,97.9,0.6535
2590,1,2192.14,11453.31,0.065973,0.07315822058647549,0.598997,98.0,0.6532
2591,1,2192.8,11451.46,0.130878,0.07315580873149966,0.348429,97.9,0.6536
2592,1,2193.45,11449.63,0.116461,0.07315339533858724,0.464313,97.7,0.6552
2593,1,2194.11,11447.81,0.100502,0.07315098040784342,0.617831,97.0,0.6595
2594,1,2194.77,11445.97,0.067351,0.07314856393937347,0.595785,97.7,0.6553
2595,1,2195.42,11444.12,0.122552,0.07314614593328272,0.886942,98.1,0.6524
2596,1,2196.08,11442.28,0.116763,0.07314372638967657,0.390829,97.9,0.6538
2597,1,2196.74,11440.46,0.117678,0.07314130530866052,0.694522,97.1,0.6592
2598,1,2197.39,11438.61,0.054807,0.07313888269034008,0.477168,98.1,0.6524
2599,1,2198.05,11436.78,0.107466,0.07313645853482087,0.463538,97.8,0.6547
2600,1,2198.7,11434.95,0.096146,0.07313403284220855,0.42007,97.5,0.6567
2601,1,2199.36,11433.13,0.124511,0.07313160561260885,0.46256,98.0,0.6529
2602,1,2200.01,11431.28,0.158902,0.07312917684612762,0.760532,98.0,0.6528
2603,1,2200.67,11429.45,0.052978,0.07312674654287069,0.256241,97.8,0.6543
2604,1,2201.33,11427.65,0.1228,0.07312431470294402,0.5279,96.8,0.6613
2605,1,2201.99,11425.82,0.122393,0.07312188132645361,0.410117,98.0,0.6531
2606,1,2203.29,11427.35,0.08115,0.07311944641350553,0.585438,49.1,1.3029
2607,1,2203.94,11425.51,0.060328,0.07311700996420593,0.387529,98.0,0.6529
2608,1,2204.6,11423.68,0.151342,0.07311457197866102,0.523772,97.7,0.6552
2609,1,2205.26,11421.89,0.086479,0.07311213245697706,0.336203,96.9,0.6603
2610,1,2205.92,11420.05,0.095677,0.07310969139926041,0.388101,98.0,0.6534
2611,1,2206.57,11418.23,0.080854,0.07310724880561748,0.426174,97.6,0.6554
2612,1,2207.24,11416.45,0.10245,0.07310480467615471,0.508161,96.6,0.6628
2613,1,2207.89,11414.61,0.113233,0.07310235901097868,0.964958,98.1,0.6527
2614,1,2208.54,11412.78,0.060833,0.073099911810196,0.36386,98.0,0.6533
2615,1,2209.21,11410.99,0.10506,0.07309746307391332,0.421213,96.9,0.6606
2616,1,2209.86,11409.16,0.158139,0.07309501280223742,0.67939,97.9,0.6536
2617,1,2210.51,11407.33,0.048614,0.07309256099527507,0.463787,98.0,0.6528
2618,1,2211.17,11405.52,0.123079,0.07309010765313317,0.412234,97.3,0.6578
2619,1,2211.82,11403.69,0.103082,0.07308765277591867,0.696079,98.1,0.6524
2620,1,2212.48,11401.87,0.102554,0.07308519636373856,0.871495,97.9,0.6538
2621,1,2213.14,11400.08,0.09582,0.07308273841669995,0.522893,97.5,0.6567
2622,1,2213.79,11398.25,0.069832,0.07308027893490994,0.690112,98.1,0.6527
2623,1,2214.45,11396.45,0.05887,0.07307781791847578,0.37908,98.1,0.6523
2624,1,2215.11,11394.66,0.055221,0.07307535536750474,0.297726,97.0,0.6597
2625,1,2215.77,11392.83,0.138346,0.07307289128210417,0.92592,98.1,0.6525
2626,1,2216.42,11391.01,0.131774,0.07307042566238146,0.548096,98.1,0.6527
2627,1,2217.07,11389.18,0.061239,0.07306795850844412,0.256341,98.1,0.6526
2628,1,2217.73,11387.37,0.046707,0.07306548982039969,0.195519,97.7,0.6549
2629,1,2218.38,11385.55,0.123331,0.07306301959835577,0.495901,98.1,0.6525
2630,1,2219.03,11383.73,0.107245,0.07306054784242004,0.589912,98.0,0.6528
2631,1,2219.69,11381.92,0.127739,0.07305807455270026,0.51095,97.8,0.6547
2632,1,2220.34,11380.1,0.054607,0.07305559972930423,0.412862,98.1,0.6521
2633,1,2220.99,11378.27,0.120102,0.07305312337233982,0.469553,98.1,0.6521
2634,1,2221.65,11376.45,0.135046,0.07305064548191502,0.870806,98.2,0.652
2635,1,2222.3,11374.63,0.089693,0.0730481660581378,0.471692,98.2,0.6516
2636,1,2222.95,11372.81,0.138551,0.07304568510111627,0.411305,98.2,0.652
2637,1,2223.61,11371.0,0.075228,0.07304320261095858,0.54886,98.1,0.6526
2638,1,2224.26,11369.18,0.053296,0.07304071858777292,0.330416,98.2,0.652
2639,1,2224.91,11367.37,0.071787,0.0730382330316676,0.847855,98.2,0.6518
2640,1,2225.56,11365.55,0.088972,0.07303574594275095,0.382936,98.1,0.6522
2641,1,2226.22,11363.75,0.12785,0.07303325732113138,0.748846,98.1,0.6523
2642,1,2226.87,11361.94,0.09622,0.07303076716691738,0.547111,98.2,0.652
2643,1,2227.53,11360.13,0.087473,0.07302827548021751,0.713499,98.2,0.652
2644,1,2228.18,11358.32,0.061594,0.07302578226114037,0.39839,98.1,0.6526
2645,1,2228.83,11356.51,0.117088,0.07302328750979466,1.361467,98.2,0.6516
2646,1,2229.48,11354.7,0.09176,0.07302079122628911,0.608577,98.2,0.6516
2647,1,2230.14,11352.88,0.095133,0.07301829341073256,0.211995,98.3,0.6513
2648,1,2230.79,11351.08,0.108855,0.07301579406323387,0.393343,98.0,0.6531
2649,1,2231.44,11349.27,0.132359,0.07301329318390198,0.628557,98.3,0.6513
2650,1,2232.09,11347.46,0.078383,0.07301079077284595,0.566065,98.2,0.6515
2651,1,2232.75,11345.65,0.089777,0.07300828683017482,0.51043,98.2,0.6517
2652,1,2233.4,11343.85,0.10349,0.07300578135599778,0.507559,98.2,0.6518
2653,1,2234.05,11342.04,0.156758,0.073003274350424,0.543916,98.3,0.6514
2654,1,2234.7,11340.23,0.067883,0.07300076581356281,0.409722,98.3,0.651
2655,1,2235.35,11338.43,0.074651,0.07299825574552353,0.362694,98.3,0.6514
2656,1,2236.01,11336.62,0.185287,0.07299574414641559,1.033878,98.3,0.6511
2657,1,2236.66,11334.82,0.083017,0.07299323101634847,0.294821,98.2,0.6518
2658,1,2237.31,11333.02,0.079356,0.07299071635543171,0.574754,98.2,0.6518
2659,1,2237.96,11331.22,0.064193,0.07298820016377496,0.40254,98.1,0.6522
2660,1,2238.62,11329.43,0.227715,0.07298568244148786,0.657155,98.1,0.6527
2661,1,2239.27,11327.64,0.087215,0.0729831631886802,0.279277,98.3,0.6513
2662,1,2239.93,11325.85,0.07427,0.07298064240546176,0.396229,98.0,0.6531
2663,1,2240.58,11324.05,0.066907,0.07297812009194246,0.32841,98.2,0.6518
2664,1,2241.23,11322.26,0.072062,0.07297559624823224,0.329871,98.1,0.6521
2665,1,2241.88,11320.46,0.100232,0.0729730708744411,0.410354,98.3,0.6514
2666,1,2242.54,11318.66,0.125741,0.07297054397067915,0.329512,98.3,0.6512
2667,1,2243.19,11316.87,0.143381,0.07296801553705652,0.403123,98.1,0.6521
2668,1,2243.84,11315.08,0.109428,0.07296548557368344,0.315739,98.3,0.6514
2669,1,2244.49,11313.28,0.074653,0.0729629540806702,0.296188,98.3,0.6512
2670,1,2245.14,11311.49,0.06922,0.07296042105812713,0.270172,98.2,0.6515
2671,1,2245.8,11309.7,0.130174,0.07295788650616467,0.630551,98.3,0.651
2672,1,2246.45,11307.91,0.095599,0.07295535042489328,0.488132,98.1,0.6523
2673,1,2247.1,11306.12,0.082801,0.07295281281442353,0.611074,98.2,0.6515
2674,1,2247.75,11304.33,0.075337,0.07295027367486605,0.395405,98.2,0.6516
2675,1,2248.41,11302.54,0.097943,0.07294773300633149,0.403195,98.3,0.6513
2676,1,2249.06,11300.76,0.081126,0.07294519080893062,0.337,98.2,0.6516
2677,1,2249.71,11298.97,0.08934,0.07294264708277427,0.512386,98.2,0.6518
2678,1,2250.36,11297.19,0.051389,0.07294010182797331,0.604019,98.2,0.6515
2679,1,2251.01,11295.41,0.110517,0.0729375550446387,0.522688,98.1,0.6521
2680,1,2251.67,11293.62,0.096714,0.07293500673288142,0.507225,98.2,0.6515
2681,1,2252.32,11291.85,0.116521,0.0729324568928126,0.436001,98.2,0.6517
2682,1,2252.98,11290.09,0.126171,0.07292990552454337,0.463121,97.9,0.6539
2683,1,2253.63,11288.3,0.184974,0.07292735262818495,0.717829,98.2,0.6515
2684,1,2254.28,11286.53,0.127781,0.07292479820384863,0.844107,98.1,0.6523
2685,1,2254.93,11284.75,0.07739,0.07292224225164577,0.323403,98.2,0.652
2686,1,2255.59,11282.98,0.05631,0.07291968477168777,0.277925,98.1,0.6521
2687,1,2336.74,11683.71,0.086501,0.07291712576408611,1.260307,0.3,81.1529
2688,2,2341.57,11702.64,0.151419,0.07291456522895234,1.361933,92.8,0.6899
2689,2,2342.25,11700.8,0.047534,0.07291200316639809,0.319573,95.4,0.671
2690,2,2342.92,11698.92,0.093252,0.07290943957653505,0.479401,96.0,0.6668
2691,2,2343.59,11697.04,0.089452,0.07290687445947494,0.543161,95.8,0.6678
2692,2,2344.26,11695.18,0.074406,0.07290430781532961,0.320738,95.3,0.6715
2693,2,2344.93,11693.28,0.086851,0.07290173964421094,0.414112,96.3,0.6648
2694,2,2345.6,11691.42,0.067428,0.07289916994623086,0.214634,95.4,0.6712
2695,2,2346.27,11689.56,0.107392,0.07289659872150138,0.378095,95.3,0.6712
2696,2,2346.94,11687.67,0.084831,0.07289402597013463,0.453824,96.3,0.6644
2697,2,2347.61,11685.8,0.111798,0.07289145169224272,0.879926,95.8,0.6682
2698,2,2348.28,11683.93,0.089081,0.07288887588793787,0.463691,95.6,0.6692
2699,2,2348.93,11682.01,0.124896,0.07288629855733236,0.748166,97.4,0.6571
2700,2,2349.59,11680.06,0.085068,0.07288371970053856,0.443953,98.0,0.6528
2701,2,2372.08,11786.6,0.077106,0.07288113931766886,0.587067,94.5,0.677
2702,2,2372.73,11784.6,0.048421,0.07287855740883577,0.220082,98.4,0.6506
2703,2,2373.38,11782.63,0.146254,0.0728759739741518,0.622375,97.4,0.6569
2704,2,2374.05,11780.69,0.155647,0.0728733890137296,0.756838,96.4,0.6642
2705,2,2374.7,11778.69,0.196391,0.07287080252768184,1.162697,98.3,0.6513
2706,2,2375.35,11776.7,0.104011,0.07286821451612127,0.604759,98.2,0.6514
2707,2,2376.01,11774.7,0.132174,0.07286562497916071,0.394671,98.3,0.6511
2708,2,2376.66,11772.71,0.16427,0.07286303391691303,0.475616,98.0,0.6529
2709,2,2377.31,11770.74,0.091074,0.07286044132949117,0.614722,97.8,0.6542
2710,2,2377.97,11768.75,0.099242,0.07285784721700818,0.4136,98.2,0.6516
2711,2,2378.63,11766.8,0.093281,0.0728552515795771,0.294473,96.8,0.661
2712,2,2379.28,11764.81,0.110574,0.0728526544173111,0.428725,98.2,0.652
2713,2,2379.95,11762.91,0.078231,0.0728500557303234,0.330758,95.7,0.669
2714,2,2380.61,11760.97,0.085302,0.07284745551872725,0.337215,96.8,0.6614
2715,2,2381.27,11758.98,0.074824,0.07284485378263603,0.413688,98.3,0.6508
2716,2,2381.92,11757.0,0.063776,0.07284225052216312,0.476922,98.2,0.6519
2717,2,2382.57,11755.02,0.121233,0.07283964573742203,0.385005,97.9,0.6536
2718,2,2383.22,11753.03,0.099615,0.0728370394285263,0.372433,98.3,0.651
2719,2,2383.88,11751.07,0.105942,0.07283443159558954,0.493974,97.5,0.6562
2720,2,2384.53,11749.09,0.129978,0.07283182223872542,0.724316,98.2,0.6517
2721,2,2385.19,11747.13,0.115448,0.0728292113580477,0.744479,98.1,0.6525
2722,2,2385.85,11745.16,0.109823,0.07282659895367016,0.530756,97.9,0.654
2723,2,2386.5,11743.19,0.102749,0.07282398502570672,0.553668,98.1,0.6525
2724,2,2387.15,11741.21,0.112618,0.07282136957427131,0.339778,98.3,0.6513
2725,2,2387.8,11739.23,0.123921,0.07281875259947793,0.583121,98.2,0.6517
2726,2,2388.46,11737.27,0.089082,0.07281613410144065,0.339233,97.9,0.6536
2727,2,2389.11,11735.29,0.086251,0.07281351408027363,0.578754,98.2,0.6518
2728,2,2389.77,11733.33,0.104713,0.07281089253609109,0.686597,98.0,0.653
2729,2,2390.42,11731.36,0.090435,0.07280826946900729,0.712546,98.2,0.6519
2730,2,2391.07,11729.38,0.066474,0.07280564487913657,0.471264,98.3,0.6511
2731,2,2391.72,11727.41,0.076206,0.07280301876659336,0.314743,98.2,0.6515
2732,2,2392.38,11725.45,0.094581,0.0728003911314921,0.60293,98.0,0.6534
2733,2,2393.03,11723.49,0.147153,0.07279776197394736,0.962336,97.9,0.6536
2734,2,2393.68,11721.52,0.12787,0.07279513129407375,0.444994,98.2,0.6515
2735,2,2394.34,11719.56,0.100216,0.07279249909198594,0.511128,98.1,0.6525
2736,2,2394.99,11717.6,0.075278,0.07278986536779868,0.403781,98.0,0.653
2737,2,2395.65,11715.65,0.067703,0.07278723012162674,0.326637,97.9,0.6534
2738,2,2396.3,11713.68,0.09238,0.07278459335358504,0.567137,98.2,0.6519
2739,2,2396.95,11711.72,0.126504,0.07278195506378848,0.532169,98.1,0.6523
2740,2,2397.61,11709.78,0.077407,0.0727793152523521,0.383373,97.7,0.6554
2741,2,2398.26,11707.83,0.075833,0.07277667391939095,0.31546,98.1,0.6521
2742,2,2398.92,11705.88,0.072735,0.07277403106502019,0.345841,97.9,0.6536
2743,2,2399.57,11703.93,0.083775,0.072771386689355,0.36869,98.1,0.6526
2744,2,2400.23,11702.02,0.13328,0.07276874079251067,0.302073,96.6,0.6622
2745,2,2400.89,11700.09,0.091053,0.07276609337460255,0.286814,97.6,0.656
2746,2,2401.55,11698.14,0.119512,0.072763444435746,0.517287,97.9,0.6535
2747,2,2402.2,11696.19,0.073446,0.07276079397605653,0.448463,98.0,0.6527
2748,2,2402.85,11694.24,0.081357,0.07275814199564967,0.481885,98.0,0.6528
2749,2,2403.51,11692.32,0.100127,0.07275548849464102,0.272212,97.1,0.6594
2750,2,2404.17,11690.37,0.078191,0.07275283347314623,0.270892,98.1,0.6525
2751,2,2404.82,11688.43,0.069053,0.07275017693128107,0.309305,98.0,0.6532
2752,2,2405.48,11686.49,0.120627,0.07274751886916132,0.430053,97.7,0.6551
2753,2,2406.13,11684.55,0.130231,0.07274485928690287,0.685531,98.1,0.6526
2754,2,2406.78,11682.6,0.148818,0.07274219818462163,0.668549,98.1,0.6525
2755,2,2407.44,11680.66,0.125477,0.07273953556243361,0.431066,98.0,0.6534
2756,2,2408.09,11678.73,0.132577,0.07273687142045487,0.510754,97.8,0.6544
2757,2,2408.75,11676.79,0.108143,0.07273420575880156,0.488839,98.1,0.6522
2758,2,2409.4,11674.84,0.082796,0.07273153857758988,1.302227,98.2,0.6518
2759,2,2410.05,11672.9,0.101751,0.07272886987693607,0.296745,98.1,0.6522
2760,2,2410.71,11670.96,0.092316,0.07272619965695648,0.345741,98.2,0.6519
2761,2,2411.36,11669.03,0.14997,0.07272352791776751,0.312936,98.2,0.6514
2762,2,2412.01,11667.08,0.098547,0.07272085465948563,0.483225,98.3,0.6513
2763,2,2412.66,11665.14,0.048588,0.07271817988222737,0.273612,98.2,0.6517
2764,2,2413.32,11663.21,0.078776,0.07271550358610931,0.279644,98.1,0.6525
2765,2,2413.97,11661.27,0.096587,0.07271282577124813,0.879941,98.2,0.6519
2766,2,2414.63,11659.34,0.102959,0.07271014643776054,0.380282,97.9,0.6537
2767,2,2415.28,11657.41,0.049777,0.07270746558576335,0.407736,97.9,0.6537
2768,2,2415.93,11655.48,0.144349,0.07270478321537344,0.930755,98.2,0.652
2769,2,2416.59,11653.55,0.111425,0.0727020993267077,0.740595,98.1,0.6522
2770,2,2417.24,11651.61,0.124649,0.07269941391988313,0.421232,98.2,0.6517
2771,2,2417.89,11649.69,0.126467,0.07269672699501682,0.498304,97.9,0.654
2772,2,2418.55,11647.77,0.09437,0.07269403855222586,0.323016,98.0,0.6533
2773,2,2419.2,11645.84,0.077256,0.07269134859162749,0.41209,98.1,0.6522
2774,2,2419.87,11643.98,0.123778,0.07268865711333891,0.308501,96.1,0.666
2775,2,2420.52,11642.06,0.059996,0.07268596411747749,0.370203,98.0,0.6531
2776,2,2421.18,11640.14,0.075597,0.0726832696041606,0.461552,97.9,0.654
2777,2,2421.83,11638.23,0.067904,0.07268057357350573,0.38016,97.6,0.6555
2778,2,2422.49,11636.31,0.166073,0.07267787602563036,0.511625,98.0,0.653
2779,2,2423.14,11634.38,0.071445,0.0726751769606521,0.567857,98.1,0.6521
2780,2,2423.79,11632.46,0.092734,0.07267247637868861,0.413592,98.1,0.6522
2781,2,2424.45,11630.56,0.118412,0.07266977427985759,0.462575,98.1,0.6523
2782,2,2425.1,11628.64,0.101217,0.07266707066427686,0.355703,98.1,0.6526
2783,2,2425.76,11626.73,0.098566,0.07266436553206425,0.475937,97.7,0.6547
2784,2,2426.41,11624.82,0.102636,0.07266165888333768,1.103983,98.0,0.6529
2785,2,2427.07,11622.91,0.156892,0.07265895071821515,0.561218,97.9,0.654
2786,2,2427.72,11621.01,0.112475,0.07265624103681471,0.686853,97.6,0.6557
2787,2,2428.38,11619.1,0.087792,0.07265352983925447,0.327346,98.0,0.6531
2788,2,2429.03,11617.2,0.089384,0.07265081712565262,0.528047,97.7,0.6552
2789,2,2429.69,11615.29,0.08172,0.07264810289612741,0.353028,97.9,0.654
2790,2,2430.34,11613.39,0.130669,0.07264538715079717,0.309647,97.8,0.6547
2791,2,2431.01,11611.55,0.070061,0.07264266988978026,0.282546,95.9,0.6673
2792,2,2431.67,11609.64,0.069059,0.07263995111319514,0.355021,98.0,0.6533
2793,2,2432.32,11607.74,0.09133,0.07263723082116032,0.385865,97.9,0.6536
2794,2,2432.98,11605.84,0.087371,0.07263450901379438,0.422487,97.9,0.6536
2795,2,2433.63,11603.93,0.093947,0.07263178569121598,0.287074,98.0,0.6533
2796,2,2434.28,11602.03,0.07441,0.07262906085354383,0.364768,98.0,0.6527
2797,2,2434.94,11600.13,0.040042,0.0726263345008967,0.371169,98.0,0.653
2798,2,2435.59,11598.22,0.160736,0.07262360663339344,0.729629,98.0,0.6529
2799,2,2436.25,11596.32,0.113151,0.07262087725115296,0.824806,97.9,0.6535
2800,2,2436.9,11594.42,0.079703,0.07261814635429426,0.504898,98.0,0.6528
2801,2,2437.59,11592.68,0.090758,0.07261541394293633,0.728159,98.0,0.6529
2802,2,2438.24,11590.77,0.155983,0.07261268001719834,0.464434,98.1,0.6525
2803,2,2438.89,11588.88,0.054085,0.07260994457719941,0.233036,98.0,0.6528
2804,2,2439.55,11586.98,0.036934,0.07260720762305882,0.139322,98.1,0.6525
2805,2,2440.2,11585.08,0.113607,0.07260446915489586,0.415056,97.9,0.6536
2806,2,2440.86,11583.19,0.059969,0.0726017291728299,0.453146,97.9,0.6535
2807,2,2441.51,11581.3,0.189941,0.07259898767698042,0.451139,98.0,0.6532
2808,2,2442.16,11579.4,0.06976,0.07259624466746688,0.283068,98.1,0.6526
2809,2,2442.82,11577.51,0.076191,0.07259350014440885,0.696773,98.1,0.6527
2810,2,2443.47,11575.62,0.128465,0.072590754107926,1.319635,98.1,0.6527
2811,2,2444.14,11573.79,0.058008,0.072588006558138,0.313628,95.9,0.667
2812,2,2444.79,11571.9,0.120274,0.07258525749516465,0.430344,98.1,0.6524
2813,2,2445.45,11570.01,0.080992,0.07258250691912577,0.478619,98.1,0.6527
2814,2,2446.1,11568.13,0.167895,0.07257975483014126,0.622009,97.7,0.6552
2815,2,2446.76,11566.24,0.060126,0.07257700122833109,0.179819,98.0,0.6529
2816,2,2447.41,11564.36,0.078283,0.07257424611381529,0.359417,98.1,0.6527
2817,2,2448.06,11562.47,0.101029,0.07257148948671396,0.451382,98.0,0.6532
2818,2,2448.72,11560.6,0.074175,0.07256873134714727,0.348019,97.6,0.6556
2819,2,2449.38,11558.73,0.101844,0.07256597169523545,0.381989,97.6,0.6557
2820,2,2450.03,11556.84,0.110559,0.07256321053109878,0.533234,98.1,0.6525
2821,2,2450.69,11554.99,0.097106,0.07256044785485764,0.291094,97.7,0.6551
2822,2,2451.35,11553.12,0.100586,0.07255768366663246,0.51411,97.8,0.6545
2823,2,2452.0,11551.24,0.103876,0.07255491796654373,0.62724,97.8,0.6547
2824,2,2452.66,11549.37,0.069496,0.07255215075471201,0.363775,97.6,0.6555
2825,2,2453.31,11547.49,0.127994,0.07254938203125794,0.790816,98.1,0.6523
2826,2,2453.96,11545.61,0.094781,0.07254661179630217,0.749719,98.0,0.653
2827,2,2454.62,11543.74,0.148447,0.0725438400499655,0.911698,97.9,0.6537
2828,2,2455.27,11541.87,0.10091,0.07254106679236876,0.655892,97.8,0.6546
2829,2,2455.93,11540.0,0.09312,0.0725382920236328,0.466219,98.0,0.6529
2830,2,2456.58,11538.12,0.057031,0.07253551574387859,0.349329,98.1,0.6526
2831,2,2457.23,11536.25,0.064706,0.07253273795322716,0.253572,98.1,0.6524
2832,2,2457.89,11534.37,0.085896,0.07252995865179962,0.324458,98.1,0.6524
2833,2,2458.54,11532.49,0.074166,0.07252717783971709,0.609549,98.2,0.652
2834,2,2459.19,11530.62,0.125056,0.07252439551710078,0.46718,98.2,0.652
2835,2,2459.85,11528.75,0.067648,0.07252161168407201,0.450536,98.1,0.6524
2836,2,2460.5,11526.87,0.090953,0.07251882634075213,0.31708,98.1,0.6525
2837,2,2461.16,11525.02,0.110028,0.07251603948726251,0.583877,97.7,0.6549
2838,2,2461.81,11523.15,0.103553,0.07251325112372468,0.339487,97.9,0.6539
2839,2,2462.47,11521.29,0.136208,0.07251046125026017,0.415252,98.0,0.6531
2840,2,2463.12,11519.42,0.134349,0.07250766986699062,0.407927,98.0,0.6529
2841,2,2463.79,11517.63,0.05256,0.07250487697403765,0.316997,96.1,0.666
2842,2,2464.45,11515.78,0.06061,0.07250208257152306,0.376052,97.9,0.6535
2843,2,2465.1,11513.91,0.115054,0.07249928665956865,1.25037,98.1,0.6524
2844,2,2465.75,11512.04,0.091681,0.07249648923829627,0.61399,98.2,0.6519
2845,2,2466.4,11510.18,0.121906,0.07249369030782789,0.632595,98.2,0.6519
2846,2,2467.06,11508.32,0.094713,0.07249088986828553,0.452629,97.9,0.6538
2847,2,2467.72,11506.47,0.060824,0.07248808791979125,0.360609,97.5,0.6562
2848,2,2468.37,11504.61,0.096586,0.07248528446246717,0.303004,98.1,0.6523
2849,2,2469.02,11502.75,0.1046,0.07248247949643552,0.338903,98.2,0.652
2850,2,2469.67,11500.89,0.139926,0.07247967302181857,0.465663,98.2,0.652
2851,2,2470.33,11499.04,0.08686,0.07247686503873867,0.657142,97.7,0.6552
2852,2,2471.0,11497.25,0.109626,0.0724740555473182,0.736484,95.9,0.6675
2853,2,2471.65,11495.4,0.114444,0.07247124454767963,0.615174,98.0,0.6532
2854,2,2472.31,11493.54,0.092793,0.07246843203994552,0.752529,98.0,0.6528
2855,2,2472.98,11491.77,0.066278,0.07246561802423844,0.334131,95.6,0.6696
2856,2,2473.63,11489.92,0.089028,0.07246280250068107,0.362223,98.0,0.6529
2857,2,2474.3,11488.13,0.067887,0.07245998546939617,0.502936,96.0,0.6668
2858,2,2474.95,11486.28,0.055077,0.07245716693050648,0.239999,98.1,0.6525
2859,2,2475.61,11484.42,0.100477,0.07245434688413492,0.317264,98.2,0.6521
2860,2,2476.26,11482.57,0.103265,0.07245152533040439,0.546201,98.1,0.6525
2861,2,2476.92,11480.73,0.114532,0.07244870226943789,0.361372,98.1,0.6521
2862,2,2477.58,11478.91,0.0648,0.07244587770135848,0.478929,97.2,0.6584
2863,2,2478.23,11477.06,0.070833,0.07244305162628928,0.484139,98.1,0.6522
2864,2,2478.88,11475.22,0.114853,0.07244022404435349,0.900863,98.0,0.6531
2865,2,2479.54,11473.37,0.075644,0.07243739495567438,0.589259,98.0,0.6528
2866,2,2480.19,11471.53,0.06608,0.07243456436037524,0.272173,97.9,0.6537
2867,2,2480.84,11469.69,0.118185,0.07243173225857949,0.570149,98.0,0.6527
2868,2,2481.5,11467.84,0.086339,0.07242889865041058,0.508816,98.1,0.6525
2869,2,2482.15,11466.0,0.032441,0.07242606353599203,0.350671,98.1,0.6522
2870,2,2482.81,11464.17,0.089023,0.07242322691544742,0.962841,97.6,0.656
2871,2,2483.46,11462.33,0.157986,0.0724203887889004,0.366456,98.1,0.6523
2872,2,2484.11,11460.49,0.042993,0.0724175491564747,0.35064,98.0,0.6528
2873,2,2484.77,11458.64,0.142445,0.07241470801829411,0.361218,98.1,0.6521
2874,2,2485.42,11456.8,0.046956,0.07241186537448245,0.576456,98.0,0.6529
2875,2,2486.07,11454.97,0.107237,0.07240902122516366,1.150296,98.1,0.6526
2876,2,2486.73,11453.13,0.103049,0.0724061755704617,0.328738,98.1,0.6523
2877,2,2487.38,11451.29,0.093623,0.07240332841050062,0.621153,98.0,0.6532
2878,2,2488.03,11449.46,0.144323,0.07240047974540455,0.956947,98.1,0.6523
2879,2,2488.69,11447.64,0.103237,0.07239762957529765,0.747136,97.5,0.6566
2880,2,2489.35,11445.81,0.089903,0.07239477790030416,0.574479,98.0,0.6532
2881,2,2490.0,11443.99,0.057936,0.07239192472054841,0.381182,97.8,0.6541
2882,2,2490.66,11442.17,0.107965,0.07238907003615475,1.094176,97.8,0.6545
2883,2,2491.31,11440.34,0.102664,0.07238621384724762,0.54304,98.1,0.6523
2884,2,2491.97,11438.5,0.144787,0.07238335615395156,0.63878,98.1,0.6525
2885,2,2492.62,11436.68,0.099879,0.07238049695639108,0.840179,97.8,0.6542
2886,2,2493.28,11434.86,0.091841,0.07237763625469087,0.426202,97.9,0.6539
2887,2,2493.93,11433.05,0.082276,0.07237477404897562,0.472018,97.3,0.6576
2888,2,2494.59,11431.23,0.084107,0.07237191033937007,0.408294,97.9,0.6539
2889,2,2495.24,11429.4,0.144923,0.07236904512599908,0.28366,98.2,0.6518
2890,2,2495.9,11427.57,0.101138,0.07236617840898756,0.29032,98.0,0.6528
2891,2,2496.55,11425.75,0.128603,0.07236331018846044,0.460506,98.1,0.6523
2892,2,2497.2,11423.92,0.079765,0.07236044046454276,0.357713,98.1,0.6526
2893,2,2497.86,11422.1,0.109613,0.07235756923735961,0.811189,98.0,0.6532
2894,2,2498.51,11420.29,0.116586,0.07235469650703619,0.380105,97.8,0.6547
2895,2,2499.17,11418.48,0.114897,0.07235182227369766,0.955948,97.7,0.6553
2896,2,2499.82,11416.65,0.156536,0.07234894653746937,0.966339,98.2,0.652
2897,2,2500.47,11414.83,0.101522,0.07234606929847666,0.427596,98.0,0.6531
2898,2,2501.13,11413.02,0.09308,0.07234319055684495,0.40265,98.1,0.6526
2899,2,2501.78,11411.2,0.066702,0.0723403103126997,0.333783,98.0,0.653
2900,2,2502.44,11409.38,0.121141,0.07233742856616648,0.364437,98.0,0.6531
2901,2,2503.09,11407.58,0.08478,0.07233454531737095,0.245545,98.1,0.6524
2902,2,2503.75,11405.76,0.082002,0.07233166056643875,0.340055,98.0,0.6529
2903,2,2504.4,11403.96,0.057111,0.07232877431349564,0.474634,97.5,0.6561
2904,2,2505.06,11402.16,0.132006,0.07232588655866744,0.664261,97.7,0.6548
2905,2,2505.71,11400.35,0.089643,0.07232299730208001,0.668502,98.1,0.6527
2906,2,2506.37,11398.54,0.078848,0.07232010654385934,0.493169,97.8,0.6545
2907,2,2507.02,11396.74,0.089319,0.0723172142841314,0.354447,97.9,0.6534
2908,2,2507.68,11394.92,0.10162,0.0723143205230223,0.536763,98.1,0.6524
2909,2,2508.33,11393.12,0.099134,0.07231142526065816,1.068624,98.0,0.653
2910,2,2508.98,11391.3,0.09238,0.07230852849716521,0.393157,98.2,0.6518
2911,2,2509.64,11389.51,0.141,0.07230563023266968,0.407415,97.6,0.6557
2912,2,2510.3,11387.71,0.044462,0.07230273046729796,0.428084,97.7,0.6548
2913,2,2510.95,11385.9,0.120724,0.07229982920117643,0.960667,98.1,0.6525
2914,2,2511.6,11384.1,0.1298,0.07229692643443157,0.436122,98.0,0.6534
2915,2,2512.26,11382.29,0.150547,0.0722940221671899,0.576658,98.2,0.6518
2916,2,2512.91,11380.48,0.124382,0.07229111639957803,0.633982,98.1,0.6524
2917,2,2513.56,11378.68,0.069163,0.07228820913172262,0.494935,98.2,0.6519
2918,2,2514.22,11376.89,0.13037,0.07228530036375042,0.326642,97.4,0.6568
2919,2,2514.87,11375.09,0.093494,0.0722823900957882,0.275976,98.1,0.6524
2920,2,2515.53,11373.28,0.05903,0.07227947832796285,0.571865,98.1,0.6521
2921,2,2516.19,11371.51,0.072127,0.07227656506040127,0.448513,97.8,0.6544
2922,2,2516.84,11369.71,0.08967,0.07227365029323046,0.388457,97.9,0.6534
2923,2,2517.49,11367.91,0.105216,0.07227073402657751,0.664785,98.1,0.6527
2924,2,2518.15,11366.11,0.073483,0.07226781626056951,0.429771,98.0,0.6528
2925,2,2518.8,11364.33,0.130341,0.07226489699533366,0.45951,97.7,0.6547
2926,2,2519.46,11362.54,0.106854,0.07226197623099721,0.360286,97.5,0.6562
2927,2,2520.12,11360.76,0.097458,0.07225905396768749,0.352599,97.5,0.6564
2928,2,2520.77,11358.97,0.140827,0.07225613020553187,0.501853,98.2,0.6517
2929,2,2521.42,11357.17,0.053817,0.07225320494465781,0.224181,98.0,0.6532
2930,2,2522.08,11355.38,0.134051,0.07225027818519283,0.560665,97.9,0.6534
2931,2,2522.73,11353.59,0.105917,0.07224734992726452,0.377311,98.1,0.6525
2932,2,2523.39,11351.8,0.128249,0.07224442017100051,0.272106,98.0,0.6528
2933,2,2524.04,11350.0,0.081548,0.07224148891652851,0.388468,98.2,0.6517
2934,2,2524.7,11348.23,0.087774,0.0722385561639763,0.458777,97.5,0.6562
2935,2,2525.36,11346.47,0.148953,0.07223562191347173,0.600446,97.1,0.6593
2936,2,2526.01,11344.67,0.081729,0.0722326861651427,0.369025,98.1,0.6525
2937,2,2526.66,11342.88,0.078692,0.07222974891911718,0.371603,98.1,0.6522
2938,2,2527.32,11341.1,0.102673,0.07222681017552322,0.755065,98.1,0.6527
2939,2,2527.97,11339.31,0.127544,0.07222386993448893,1.308486,98.1,0.6523
2940,2,2528.62,11337.52,0.105581,0.07222092819614245,0.412065,98.0,0.6532
2941,2,2529.28,11335.75,0.088769,0.07221798496061203,0.725124,98.1,0.6523
2942,2,2529.93,11333.96,0.08011,0.07221504022802598,0.325946,98.1,0.6522
2943,2,2530.59,11332.19,0.134982,0.07221209399851265,0.798984,97.5,0.6565
2944,2,2531.24,11330.41,0.0934,0.07220914627220047,0.615794,98.2,0.6517
2945,2,2531.9,11328.62,0.109793,0.07220619704921795,0.575261,98.1,0.6521
2946,2,2532.55,11326.84,0.080832,0.07220324632969363,0.516857,97.9,0.6537
2947,2,2533.2,11325.06,0.078487,0.07220029411375616,0.270528,98.1,0.6527
2948,2,2533.86,11323.28,0.05203,0.07219734040153421,0.430246,98.1,0.6523
2949,2,2534.51,11321.5,0.101239,0.07219438519315653,0.41962,98.2,0.6517
2950,2,2535.16,11319.72,0.046904,0.07219142848875199,0.397329,97.9,0.6537
2951,2,2535.82,11317.97,0.102233,0.07218847028844942,0.366442,97.0,0.6596
2952,2,2536.48,11316.2,0.046395,0.07218551059237781,0.265958,98.0,0.6528
2953,2,2537.13,11314.42,0.083288,0.07218254940066615,0.361089,98.1,0.6526
2954,2,2537.79,11312.65,0.111652,0.07217958671344353,0.87476,97.9,0.654
2955,2,2538.44,11310.88,0.099082,0.0721766225308391,0.356538,97.9,0.6537
2956,2,2539.09,11309.11,0.104082,0.07217365685298209,0.358775,98.0,0.6528
2957,2,2539.75,11307.34,0.068234,0.07217068968000175,0.394064,97.9,0.6534
2958,2,2540.41,11305.59,0.08567,0.07216772101202742,0.36098,97.4,0.657
2959,2,2541.06,11303.81,0.1053,0.07216475084918852,0.273817,98.1,0.6527
2960,2,2541.73,11302.1,0.130204,0.07216177919161455,0.618923,96.1,0.6658
2961,2,2542.38,11300.35,0.10475,0.07215880603943502,0.404959,98.0,0.6529
2962,2,2543.04,11298.58,0.090713,0.07215583139277953,0.308287,97.7,0.6549
2963,2,2543.69,11296.82,0.092223,0.07215285525177775,0.443098,97.9,0.6537
2964,2,2544.35,11295.05,0.124473,0.07214987761655944,0.606411,98.1,0.6521
2965,2,2545.0,11293.28,0.065389,0.07214689848725436,0.227673,98.1,0.6523
2966,2,2545.66,11291.55,0.08802,0.07214391786399241,0.628053,97.0,0.6599
2967,2,2546.32,11289.78,0.126351,0.0721409357469035,0.611357,98.0,0.653
2968,2,2546.97,11288.02,0.113046,0.07213795213611761,1.511153,97.9,0.6535
2969,2,2547.62,11286.26,0.106471,0.07213496703176482,0.634553,98.1,0.6525
2970,2,2548.28,11284.49,0.125393,0.07213198043397526,0.486888,98.1,0.6523
2971,2,2548.93,11282.73,0.111477,0.0721289923428791,0.88632,97.9,0.6538
2972,2,2549.59,11280.97,0.148294,0.07212600275860663,0.753295,97.9,0.6534
2973,2,2550.24,11279.21,0.127054,0.07212301168128814,0.522667,98.0,0.6529
2974,2,2550.9,11277.5,0.085117,0.072120019111054,0.599139,96.4,0.6639
2975,2,2551.58,11275.85,0.051291,0.07211702504803469,0.329742,94.6,0.6767
2976,2,2552.35,11274.59,0.104525,0.07211402949236072,0.530634,83.5,0.7667
2977,2,2553.13,11273.39,0.049993,0.07211103244416266,0.291899,82.5,0.7759
2978,2,2553.89,11272.11,0.075743,0.07210803390357115,0.303045,84.0,0.7619
2979,2,2554.66,11270.87,0.108976,0.07210503387071693,0.337582,83.2,0.7692
2980,2,2555.32,11269.12,0.169198,0.07210203234573075,0.451534,97.9,0.6538
2981,2,2555.97,11267.38,0.091071,0.07209902932874344,0.452446,98.1,0.6523
2982,2,2556.63,11265.64,0.13093,0.07209602481988595,0.520293,97.4,0.6572
2983,2,2557.29,11263.89,0.067158,0.0720930188192892,0.387524,98.0,0.6529
2984,2,2557.94,11262.14,0.139538,0.07209001132708426,0.612517,97.8,0.6547
2985,2,2558.59,11260.39,0.072828,0.07208700234340222,0.285186,98.1,0.6526
2986,2,2559.25,11258.64,0.105718,0.07208399186837423,0.807432,97.9,0.6537
2987,2,2559.92,11256.94,0.149861,0.07208097990213154,0.790612,96.0,0.6664
2988,2,2560.57,11255.19,0.082405,0.07207796644480544,0.585299,98.0,0.653
2989,2,2561.23,11253.47,0.151002,0.07207495149652729,1.182515,97.2,0.6587
2990,2,2561.88,11251.72,0.100333,0.07207193505742852,0.444783,98.0,0.6528
2991,2,2562.54,11249.97,0.074264,0.07206891712764063,0.371204,98.0,0.6529
2992,2,2563.19,11248.23,0.077393,0.07206589770729516,0.468961,98.0,0.6529
2993,2,2563.85,11246.49,0.10562,0.07206287679652373,0.728221,97.8,0.6547
2994,2,2564.5,11244.74,0.091364,0.07205985439545802,0.523203,98.0,0.6533
2995,2,2565.15,11243.0,0.106317,0.0720568305042298,0.334919,97.9,0.6535
2996,2,2565.81,11241.26,0.059211,0.07205380512297085,0.561038,97.9,0.6534
2997,2,2566.47,11239.56,0.120506,0.0720507782518131,0.852024,96.7,0.662
2998,2,2567.13,11237.82,0.134657,0.07204774989088847,0.434412,98.0,0.6531
2999,2,2567.78,11236.08,0.088885,0.07204472004032896,0.261699,98.0,0.6534
3000,2,2568.43,11234.33,0.074196,0.07204168870026666,0.613853,98.1,0.6526
3001,2,2633.72,11515.16,0.046205,0.07203865587083369,0.289652,98.1,0.6524
3002,2,2634.38,11513.33,0.070042,0.0720356215521623,0.528818,97.2,0.6587
3003,2,2635.03,11511.48,0.124499,0.0720325857443847,0.552974,98.0,0.6533
3004,2,2635.69,11509.65,0.083999,0.07202954844763328,0.625002,97.1,0.6591
3005,2,2636.35,11507.83,0.101033,0.0720265096620404,0.598044,97.0,0.6595
3006,2,2637.01,11505.98,0.057546,0.07202346938773854,0.283973,97.7,0.6548
3007,2,2637.66,11504.13,0.15322,0.07202042762486023,0.473122,98.1,0.6522
3008,2,2638.31,11502.27,0.0545,0.07201738437353807,0.515453,98.2,0.6517
3009,2,2638.97,11500.42,0.10712,0.0720143396339047,0.32626,98.1,0.6521
3010,2,2639.62,11498.57,0.111226,0.07201129340609287,0.429405,98.0,0.6532
3011,2,2640.27,11496.72,0.107752,0.07200824569023534,0.505337,98.1,0.6522
3012,2,2640.93,11494.87,0.082463,0.07200519648646499,0.532287,98.1,0.6522
3013,2,2641.58,11493.04,0.13057,0.07200214579491473,1.016731,97.4,0.6571
3014,2,2642.24,11491.19,0.089686,0.07199909361571753,0.415535,98.0,0.6528
3015,2,2642.89,11489.35,0.147195,0.07199603994900647,0.595705,98.1,0.6525
3016,2,2643.55,11487.51,0.073292,0.07199298479491463,0.287705,97.8,0.6542
3017,2,2644.2,11485.66,0.082605,0.0719899281535752,0.319044,98.0,0.6529
3018,2,2644.85,11483.82,0.156521,0.07198687002512144,0.55233,98.0,0.6533
3019,2,2645.51,11481.98,0.062755,0.07198381040968664,0.349554,98.0,0.6529
3020,2,2646.16,11480.14,0.108943,0.07198074930740417,0.295555,98.0,0.6533
3021,2,2646.83,11478.34,0.097833,0.07197768671840747,0.457395,97.2,0.6587
3022,2,2647.48,11476.5,0.107133,0.07197462264283006,0.401167,98.0,0.6534
3023,2,2648.13,11474.67,0.102854,0.07197155708080548,0.364074,97.8,0.6541
3024,2,2648.79,11472.83,0.083371,0.07196849003246736,0.422451,98.1,0.6523
3025,2,2649.44,11470.98,0.094061,0.07196542149794943,0.387626,98.2,0.6517
3026,2,2650.09,11469.15,0.117733,0.07196235147738544,0.349831,98.0,0.6533
3027,2,2650.75,11467.31,0.13038,0.0719592799709092,0.568135,98.1,0.6527
3028,2,2651.4,11465.48,0.14881,0.07195620697865461,0.615715,98.0,0.6529
3029,2,2652.06,11463.64,0.085327,0.07195313250075563,0.331833,98.1,0.6522
3030,2,2652.71,11461.8,0.06455,0.07195005653734626,0.585706,98.1,0.6527
3031,2,2653.36,11459.97,0.052223,0.07194697908856061,0.518036,98.0,0.6529
3032,2,2654.02,11458.14,0.126468,0.07194390015453282,0.466806,98.1,0.6525
3033,2,2654.67,11456.31,0.083967,0.07194081973539712,0.493469,98.0,0.653
3034,2,2655.32,11454.48,0.140141,0.07193773783128776,0.365391,98.0,0.6532
3035,2,2655.98,11452.65,0.083874,0.07193465444233911,0.616449,97.9,0.6537
3036,2,2656.65,11450.89,0.073881,0.07193156956868557,0.241352,96.1,0.6663
3037,2,2657.3,11449.05,0.119415,0.07192848321046161,0.284244,98.1,0.6521
3038,2,2657.95,11447.22,0.131838,0.07192539536780175,0.509498,98.1,0.6522
3039,2,2658.61,11445.39,0.142697,0.07192230604084064,0.674031,98.2,0.6519
3040,2,2659.26,11443.57,0.096119,0.07191921522971292,0.653965,98.0,0.6531
3041,2,2659.92,11441.76,0.143945,0.07191612293455332,0.523724,98.0,0.6531
3042,2,2660.57,11439.93,0.146309,0.07191302915549665,0.92577,98.1,0.6524
3043,2,2661.23,11438.12,0.065121,0.07190993389267775,0.665385,97.6,0.656
3044,2,2661.88,11436.29,0.072789,0.07190683714623156,0.402306,98.1,0.6522
3045,2,2662.54,11434.48,0.082555,0.07190373891629306,0.608707,97.7,0.6548
3046,2,2663.19,11432.65,0.126054,0.07190063920299733,0.708919,98.1,0.6522
3047,2,2663.84,11430.83,0.07355,0.07189753800647948,0.513588,98.0,0.6534
3048,2,2664.5,11429.01,0.064679,0.0718944353268747,0.347397,98.2,0.652
3049,2,2665.15,11427.19,0.093724,0.07189133116431821,0.606872,98.3,0.6514
3050,2,2665.8,11425.36,0.087919,0.07188822551894536,0.698294,98.2,0.652
3051,2,2666.46,11423.55,0.125572,0.07188511839089151,1.153659,97.8,0.6545
3052,2,2667.11,11421.73,0.135639,0.0718820097802921,0.342733,98.2,0.652
3053,2,2667.76,11419.92,0.121201,0.07187889968728267,0.570333,98.1,0.6527
3054,2,2668.42,11418.1,0.121537,0.07187578811199877,0.480355,98.0,0.6527
3055,2,2669.07,11416.28,0.051968,0.07187267505457602,0.273401,98.1,0.6525
3056,2,2669.72,11414.47,0.098414,0.07186956051515016,0.368875,98.1,0.6525
3057,2,2670.38,11412.66,0.124379,0.07186644449385693,0.5231,98.1,0.6526
3058,2,2671.03,11410.84,0.091433,0.07186332699083217,0.530152,98.2,0.6517
3059,2,2671.69,11409.03,0.073487,0.07186020800621178,0.341273,97.8,0.6542
3060,2,2672.34,11407.22,0.070278,0.0718570875401317,0.459905,98.1,0.6521
3061,2,2673.0,11405.42,0.09645,0.071853965592728,0.418078,98.0,0.6531
3062,2,2673.65,11403.61,0.04928,0.07185084216413672,0.475491,98.1,0.6523
3063,2,2674.3,11401.81,0.079538,0.07184771725449404,0.459093,97.8,0.6544
3064,2,2674.96,11400.0,0.089589,0.07184459086393617,0.483484,98.1,0.6524
3065,2,2675.61,11398.2,0.100606,0.07184146299259941,0.504855,97.8,0.6544
3066,2,2676.27,11396.39,0.124082,0.0718383336406201,0.935525,98.1,0.6522
3067,2,2676.92,11394.6,0.127092,0.07183520280813463,1.408756,97.5,0.6566
3068,2,2677.58,11392.8,0.163586,0.0718320704952795,0.44986,97.9,0.654
3069,2,2678.23,11391.0,0.108269,0.07182893670219125,0.531629,98.0,0.653
3070,2,2678.89,11389.19,0.190356,0.07182580142900648,0.516367,98.2,0.652
3071,2,2679.54,11387.4,0.08593,0.07182266467586187,0.572105,97.7,0.6552
3072,2,2680.2,11385.6,0.137916,0.07181952644289415,0.492833,98.0,0.6531
3073,2,2680.85,11383.8,0.185448,0.07181638673024011,1.257346,98.0,0.6534
3074,2,2681.5,11382.0,0.144621,0.07181324553803663,0.65748,98.0,0.6532
3075,2,2682.16,11380.2,0.085655,0.07181010286642063,0.362248,98.1,0.6526
3076,2,2682.81,11378.4,0.107342,0.0718069587155291,0.400138,98.1,0.6521
3077,2,2683.47,11376.62,0.140048,0.0718038130854991,0.671256,97.4,0.6568
3078,2,2684.12,11374.82,0.085891,0.07180066597646777,0.314672,98.1,0.6524
3079,2,2684.77,11373.02,0.091903,0.07179751738857228,0.336674,98.2,0.652
3080,2,2685.43,11371.22,0.070806,0.07179436732194987,0.675414,98.0,0.6529
3081,2,2686.09,11369.44,0.143414,0.07179121577673786,1.258832,98.0,0.653
3082,2,2686.74,11367.64,0.098087,0.07178806275307366,0.436704,98.2,0.652
3083,2,2687.39,11365.84,0.17718,0.07178490825109468,0.612426,98.1,0.6522
3084,2,2688.04,11364.05,0.067115,0.07178175227093844,0.516714,98.2,0.6519
3085,2,2688.7,11362.26,0.067354,0.07177859481274253,0.317746,97.8,0.6544
3086,2,2689.35,11360.47,0.033333,0.07177543587664456,0.220008,98.1,0.6521
3087,2,2690.01,11358.68,0.157225,0.07177227546278224,0.718594,97.9,0.6535
3088,2,2690.66,11356.89,0.076988,0.07176911357129334,0.616535,98.1,0.6523
3089,2,2691.31,11355.09,0.098601,0.0717659502023157,0.582392,98.2,0.6519
3090,2,2691.97,11353.3,0.062167,0.0717627853559872,0.221059,98.2,0.6518
3091,2,2692.62,11351.51,0.070293,0.0717596190324458,0.578971,98.1,0.6523
3092,2,2693.27,11349.72,0.114831,0.07175645123182955,0.42321,98.0,0.653
3093,2,2693.93,11347.93,0.195587,0.07175328195427651,0.574821,98.1,0.6521
3094,2,2694.58,11346.14,0.084308,0.07175011119992485,0.420851,98.1,0.6522
3095,2,2695.23,11344.36,0.104977,0.07174693896891278,0.411486,98.1,0.6526
3096,2,2695.89,11342.57,0.140562,0.07174376526137857,0.476067,98.0,0.6529
3097,2,2696.54,11340.8,0.142382,0.07174059007746059,0.462654,98.0,0.653
3098,2,2697.19,11339.01,0.067109,0.07173741341729722,0.679189,98.1,0.6523
3099,2,2697.85,11337.23,0.091181,0.07173423528102697,0.34555,98.0,0.653
3100,2,2698.5,11335.46,0.064083,0.07173105566878836,0.633958,97.8,0.6546
3101,2,2699.17,11333.74,0.092719,0.07172787458071998,0.598571,96.1,0.666
3102,2,2699.84,11332.02,0.134132,0.07172469201696052,1.019762,96.1,0.6657
3103,2,2700.51,11330.29,0.138888,0.07172150797764872,0.670572,96.2,0.6656
3104,2,2701.16,11328.51,0.092022,0.07171832246292334,0.346361,98.0,0.653
3105,2,2701.81,11326.73,0.109379,0.07171513547292328,0.504954,98.1,0.6524
3106,2,2702.47,11324.96,0.101576,0.07171194700778744,0.367173,98.1,0.6523
3107,2,2703.12,11323.2,0.076984,0.07170875706765482,0.401716,97.5,0.6567
3108,2,2703.78,11321.42,0.082528,0.07170556565266448,0.33048,98.1,0.6526
3109,2,2704.43,11319.65,0.047993,0.0717023727629555,0.677669,97.7,0.6548
3110,2,2705.09,11317.88,0.132139,0.07169917839866712,0.650269,97.8,0.6542
3111,2,2705.74,11316.11,0.127669,0.07169598255993855,0.804878,98.0,0.6529
3112,2,2706.4,11314.34,0.072709,0.0716927852469091,0.315954,98.1,0.6525
3113,2,2707.05,11312.57,0.095104,0.07168958645971815,0.313314,98.0,0.6534
3114,2,2707.7,11310.8,0.071556,0.07168638619850515,0.287061,98.0,0.6527
3115,2,2708.37,11309.06,0.094086,0.0716831844634096,0.375845,97.0,0.6599
3116,2,2709.02,11307.29,0.118334,0.07167998125457106,0.336508,98.0,0.6529
3117,2,2709.67,11305.52,0.094095,0.07167677657212917,0.402722,97.9,0.6537
3118,2,2710.33,11303.75,0.127837,0.07167357041622363,0.425631,98.0,0.6528
3119,2,2710.98,11301.99,0.072669,0.07167036278699418,0.319359,97.8,0.6545
3120,2,2711.64,11300.23,0.081107,0.07166715368458065,0.437112,98.1,0.6526
3121,2,2712.3,11298.48,0.05337,0.07166394310912295,0.319275,97.8,0.6546
3122,2,2712.95,11296.72,0.017907,0.07166073106076103,0.184192,98.0,0.6534
3123,2,2713.61,11294.98,0.102864,0.07165751753963488,0.736686,97.2,0.6581
3124,2,2714.26,11293.22,0.117367,0.07165430254588462,0.440425,98.1,0.6524
3125,2,2714.92,11291.45,0.114616,0.07165108607965036,0.335122,98.1,0.6524
3126,2,2715.57,11289.69,0.122263,0.07164786814107232,0.345396,98.1,0.6524
3127,2,2716.23,11287.93,0.104317,0.07164464873029079,0.498433,97.7,0.6549
3128,2,2716.88,11286.17,0.097126,0.07164142784744609,0.648951,98.0,0.6529
3129,2,2717.54,11284.42,0.081754,0.07163820549267863,0.256223,97.7,0.6549
3130,2,2718.19,11282.66,0.070585,0.07163498166612889,0.472504,98.1,0.6526
3131,2,2718.85,11280.92,0.126064,0.07163175636793735,0.642642,97.4,0.6572
3132,2,2719.5,11279.17,0.092554,0.07162852959824467,0.497715,97.9,0.6538
3133,2,2720.16,11277.42,0.122424,0.07162530135719147,0.451901,97.9,0.6539
3134,2,2720.81,11275.66,0.107087,0.07162207164491849,0.478932,98.1,0.6523
3135,2,2721.47,11273.9,0.094248,0.07161884046156651,0.540969,98.0,0.653
3136,2,2722.12,11272.16,0.085514,0.07161560780727638,0.537595,97.8,0.6547
3137,2,2722.78,11270.41,0.059432,0.07161237368218903,0.251257,97.7,0.6554
3138,2,2723.43,11268.66,0.166069,0.07160913808644542,1.066136,98.0,0.6528
3139,2,2724.09,11266.94,0.118683,0.07160590102018662,0.786327,96.9,0.6604
3140,2,2724.75,11265.19,0.120514,0.0716026624835537,0.505664,97.9,0.6535
3141,2,2725.4,11263.44,0.111428,0.07159942247668785,0.448184,98.2,0.6519
3142,2,2726.06,11261.69,0.089977,0.07159618099973032,0.349361,98.1,0.6524
3143,2,2726.71,11259.94,0.075044,0.0715929380528224,0.349905,98.1,0.6524
3144,2,2727.37,11258.19,0.125051,0.07158969363610544,0.449721,98.1,0.6527
3145,2,2728.02,11256.44,0.135026,0.0715864477497209,0.473488,98.1,0.6526
3146,2,2728.67,11254.69,0.118667,0.07158320039381023,0.615496,98.0,0.6529
3147,2,2729.33,11252.96,0.11571,0.07157995156851503,0.299561,97.4,0.6569
3148,2,2729.99,11251.25,0.141844,0.0715767012739769,0.508745,96.5,0.6633
3149,2,2730.65,11249.51,0.137513,0.07157344951033752,0.413813,97.9,0.6534
3150,2,2731.3,11247.76,0.114347,0.07157019627773864,0.871289,98.1,0.6526
3151,2,2731.96,11246.02,0.087853,0.07156694157632208,1.039609,98.1,0.6524
3152,2,2732.61,11244.27,0.101608,0.07156368540622972,0.470013,98.1,0.6526
3153,2,2733.26,11242.53,0.083784,0.07156042776760348,0.434507,98.1,0.6527
3154,2,2733.92,11240.78,0.107734,0.07155716866058538,0.268545,98.1,0.6521
3155,2,2734.59,11239.12,0.121221,0.0715539080853175,0.623587,95.2,0.6722
3156,2,2735.24,11237.38,0.138291,0.07155064604194196,0.432141,98.1,0.6521
3157,2,2735.9,11235.63,0.079482,0.07154738253060094,0.30657,98.1,0.6525
3158,2,2736.55,11233.89,0.152409,0.07154411755143673,0.630591,98.1,0.6527
3159,2,2737.2,11232.15,0.064506,0.07154085110459164,0.453229,98.1,0.6526
3160,2,2737.86,11230.41,0.049818,0.07153758319020806,0.253259,98.1,0.6522
3161,2,2738.51,11228.68,0.066766,0.07153431380842845,0.359587,98.1,0.6527
3162,2,2739.17,11226.96,0.070912,0.07153104295939532,0.27572,97.7,0.6549
3163,2,2739.82,11225.22,0.160996,0.07152777064325125,0.437944,97.8,0.6542
3164,2,2740.48,11223.48,0.077537,0.07152449686013888,0.302144,98.2,0.6519
3165,2,2741.13,11221.75,0.092063,0.07152122161020093,0.531357,98.1,0.6522
3166,2,2741.79,11220.02,0.076529,0.07151794489358015,0.502208,97.7,0.6554
3167,2,2742.44,11218.29,0.088249,0.07151466671041941,0.451543,97.7,0.6551
3168,2,2743.11,11216.62,0.18044,0.07151138706086159,0.759731,96.0,0.6669
3169,2,2743.76,11214.89,0.055689,0.07150810594504965,0.252618,98.0,0.6533
3170,2,2744.42,11213.16,0.122354,0.07150482336312664,0.67637,98.0,0.6529
3171,2,2745.08,11211.46,0.13485,0.07150153931523563,0.553175,96.8,0.6613
3172,2,2745.74,11209.74,0.097851,0.07149825380151979,0.682264,97.7,0.6551
3173,2,2746.39,11208.01,0.166173,0.07149496682212234,0.368226,98.1,0.6523
3174,2,2747.04,11206.28,0.073177,0.07149167837718655,0.341709,98.1,0.6526
3175,2,2747.7,11204.56,0.119274,0.07148838846685576,0.600358,97.8,0.6545
3176,2,2748.36,11202.84,0.076855,0.0714850970912734,0.677275,97.8,0.6544
3177,2,2749.01,11201.12,0.117548,0.07148180425058295,0.364912,97.7,0.6552
3178,2,2749.67,11199.41,0.118392,0.07147850994492795,0.889558,97.5,0.6565
3179,2,2750.32,11197.68,0.127478,0.07147521417445199,0.508343,98.1,0.6526
3180,2,2750.98,11195.96,0.090928,0.07147191693929873,0.668814,97.8,0.6544
3181,2,2751.63,11194.25,0.136358,0.07146861823961191,1.391644,98.1,0.6522
3182,2,2752.29,11192.53,0.126766,0.07146531807553533,0.825186,97.9,0.6539
3183,2,2752.95,11190.81,0.082658,0.07146201644721284,0.324751,97.7,0.6549
3184,2,2753.6,11189.1,0.090118,0.07145871335478839,0.426794,97.8,0.6547
3185,2,2754.26,11187.38,0.096547,0.07145540879840592,0.570418,97.8,0.6545
3186,2,2754.91,11185.67,0.108456,0.07145210277820951,0.677683,97.8,0.6546
3187,2,2755.57,11183.98,0.090898,0.07144879529434327,0.653173,97.1,0.6593
3188,2,2756.23,11182.26,0.126385,0.07144548634695137,0.404113,98.0,0.653
3189,2,2756.89,11180.56,0.091696,0.07144217593617808,0.275751,97.2,0.6587
3190,2,2757.57,11178.96,0.065508,0.07143886406216765,0.500413,94.0,0.6807
3191,2,2758.23,11177.28,0.101695,0.07143555072506448,0.333654,96.7,0.662
3192,2,2758.89,11175.58,0.139994,0.07143223592501301,0.381295,97.2,0.6582
3193,2,2759.54,11173.87,0.14645,0.07142891966215774,0.843839,98.0,0.653
3194,2,2760.2,11172.15,0.096765,0.07142560193664321,1.14039,98.1,0.6527
3195,2,2760.85,11170.45,0.111052,0.07142228274861406,0.53772,97.6,0.6558
3196,2,2761.51,11168.73,0.119346,0.07141896209821497,0.367195,98.1,0.6523
3197,2,2762.16,11167.01,0.10347,0.07141563998559068,0.409718,98.2,0.652
3198,2,2762.81,11165.29,0.122097,0.07141231641088604,0.518606,98.3,0.6509
3199,2,2763.47,11163.59,0.109576,0.07140899137424589,0.464116,97.7,0.6548
3200,2,2764.12,11161.87,0.074964,0.07140566487581519,0.533569,98.1,0.6522
3201,2,2764.82,11160.33,0.167936,0.07140233691573894,0.617973,97.5,0.6563
3202,2,2765.48,11158.64,0.053625,0.07139900749416223,0.304612,97.2,0.6586
3203,2,2766.13,11156.92,0.114924,0.07139567661123018,0.556333,98.2,0.6516
3204,2,2766.78,11155.22,0.073464,0.07139234426708797,0.52927,97.9,0.6537
3205,2,2767.44,11153.5,0.127581,0.0713890104618809,0.512967,98.2,0.6516
3206,2,2768.09,11151.79,0.117506,0.07138567519575427,0.672098,98.1,0.6521
3207,2,2768.74,11150.08,0.165753,0.07138233846885346,0.662896,98.3,0.6511
3208,2,2769.39,11148.37,0.076979,0.07137900028132393,0.385384,98.2,0.6519
3209,2,2770.05,11146.65,0.105365,0.07137566063331122,0.466976,98.2,0.6515
3210,2,2770.71,11144.97,0.145869,0.07137231952496087,0.689354,97.2,0.6583
3211,2,2771.36,11143.26,0.125019,0.07136897695641856,0.426789,97.9,0.6534
3212,2,2772.01,11141.56,0.103698,0.07136563292782995,0.683364,98.1,0.6521
3213,2,2772.67,11139.85,0.11314,0.07136228743934087,0.408796,98.1,0.6521
3214,2,2773.32,11138.15,0.081094,0.0713589404910971,0.340348,97.8,0.6542
3215,2,2773.98,11136.47,0.075106,0.07135559208324459,0.560746,97.5,0.6566
3216,2,2774.65,11134.83,0.109581,0.07135224221592926,0.485667,95.8,0.6684
3217,2,2775.31,11133.14,0.065218,0.07134889088929715,0.485588,97.6,0.6557
3218,2,2775.96,11131.45,0.160979,0.07134553810349435,1.022895,97.8,0.6541
3219,2,2776.62,11129.75,0.06495,0.07134218385866702,0.372871,98.0,0.653
3220,2,2777.27,11128.05,0.121585,0.07133882815496136,0.331103,97.9,0.6536
3221,2,2777.93,11126.37,0.067815,0.07133547099252366,0.36788,97.9,0.6537
3222,2,2778.58,11124.67,0.093892,0.07133211237150025,0.607513,98.2,0.6515
3223,2,2779.25,11123.02,0.122001,0.07132875229203754,0.322891,96.2,0.6653
3224,2,2779.9,11121.32,0.13495,0.07132539075428203,0.656954,98.1,0.6524
3225,2,2780.56,11119.63,0.107401,0.0713220277583802,0.323059,97.8,0.6543
3226,2,2781.23,11118.01,0.124548,0.0713186633044787,0.425227,95.4,0.6707
3227,2,2781.88,11116.32,0.113156,0.07131529739272416,0.418083,98.0,0.653
3228,2,2782.55,11114.67,0.11549,0.07131193002326332,0.850203,96.1,0.666
3229,2,2783.2,11112.98,0.071226,0.07130856119624294,0.334073,98.2,0.652
3230,2,2783.85,11111.28,0.042917,0.07130519091180991,0.235986,98.3,0.651
3231,2,2784.5,11109.58,0.074967,0.07130181917011112,0.430684,98.3,0.6509
3232,2,2785.16,11107.88,0.103764,0.07129844597129358,0.371047,98.2,0.6518
3233,2,2785.81,11106.2,0.089517,0.07129507131550428,0.493541,97.7,0.6549
3234,2,2786.47,11104.51,0.166969,0.07129169520289036,0.493129,98.2,0.6517
3235,2,2787.12,11102.81,0.123661,0.07128831763359898,0.67383,98.3,0.6511
3236,2,2787.77,11101.11,0.098876,0.07128493860777739,0.373123,98.3,0.6512
3237,2,2788.42,11099.42,0.089752,0.07128155812557285,0.487592,98.4,0.6502
3238,2,2789.07,11097.72,0.074886,0.07127817618713277,0.419985,98.4,0.6505
3239,2,2789.72,11096.02,0.106195,0.07127479279260453,0.917737,98.2,0.6514
3240,2,2790.38,11094.33,0.104574,0.07127140794213561,1.051452,98.4,0.6504
3241,2,2791.03,11092.65,0.105204,0.07126802163587362,0.416088,98.3,0.6508
3242,2,2791.68,11090.95,0.100048,0.07126463387396612,0.461575,98.2,0.6514
3243,2,2792.33,11089.26,0.117776,0.0712612446565608,0.401587,98.4,0.6506
3244,2,2792.99,11087.58,0.072536,0.0712578539838054,0.285897,98.0,0.6528
3245,2,2793.64,11085.89,0.080299,0.07125446185584772,0.338239,98.2,0.6515
3246,2,2794.29,11084.2,0.098828,0.07125106827283563,0.604422,98.1,0.6521
3247,2,2794.95,11082.51,0.056638,0.07124767323491708,0.319565,98.3,0.6512
3248,2,2795.6,11080.83,0.15104,0.07124427674224004,1.235521,98.3,0.6513
3249,2,2796.25,11079.14,0.123263,0.07124087879495258,0.30717,98.4,0.6506
3250,2,2796.9,11077.45,0.076006,0.07123747939320282,0.426151,98.2,0.6518
3251,2,2797.55,11075.77,0.125063,0.07123407853713894,0.400785,98.2,0.6516
3252,2,2798.21,11074.08,0.112875,0.07123067622690918,0.345909,98.3,0.6508
3253,2,2798.86,11072.4,0.113195,0.07122727246266186,0.506301,98.0,0.6531
3254,2,2799.51,11070.72,0.155947,0.07122386724454537,0.458646,98.2,0.6515
3255,2,2800.17,11069.04,0.050503,0.07122046057270812,0.394018,98.0,0.6529
3256,2,2800.82,11067.38,0.102102,0.07121705244729862,0.556616,97.7,0.6554
3257,2,2801.47,11065.7,0.077471,0.07121364286846545,0.532448,98.3,0.6514
3258,2,2802.13,11064.02,0.068535,0.07121023183635722,0.338976,98.1,0.6525
3259,2,2802.78,11062.34,0.1061,0.07120681935112264,0.533945,98.3,0.6512
3260,2,2803.43,11060.66,0.113076,0.07120340541291043,0.959505,98.1,0.6525
3261,2,2804.1,11059.06,0.039424,0.07119999002186943,0.520895,96.0,0.6668
3262,2,2804.76,11057.38,0.125127,0.07119657317814854,1.258455,98.3,0.6513
3263,2,2805.41,11055.7,0.073424,0.07119315488189666,0.580899,98.2,0.6517
3264,2,2806.06,11054.03,0.038139,0.07118973513326285,0.286582,98.3,0.6513
3265,2,2806.71,11052.35,0.076966,0.07118631393239615,0.273194,98.2,0.6518
3266,2,2807.37,11050.69,0.06694,0.07118289127944569,0.493849,97.7,0.6549
3267,2,2808.03,11049.05,0.15472,0.0711794671745607,0.587655,97.0,0.66
3268,2,2808.69,11047.41,0.101922,0.0711760416178904,0.787342,96.8,0.6614
3269,2,2809.35,11045.77,0.091156,0.07117261460958414,0.360156,97.0,0.6595
3270,2,2810.01,11044.1,0.112076,0.07116918614979131,0.43391,98.1,0.6524
3271,2,2810.66,11042.43,0.093166,0.07116575623866135,0.412124,98.3,0.6508
3272,2,2811.31,11040.76,0.057392,0.07116232487634377,0.347848,98.2,0.6515
3273,2,2811.96,11039.08,0.094102,0.07115889206298816,0.482331,98.3,0.6509
3274,2,2812.62,11037.41,0.077316,0.07115545779874415,0.402951,98.2,0.6517
3275,2,2813.27,11035.74,0.144388,0.07115202208376144,0.332591,98.3,0.651
3276,2,2813.93,11034.13,0.060462,0.07114858491818982,0.286785,96.1,0.6657
3277,2,2814.59,11032.46,0.057613,0.07114514630217911,0.284867,98.1,0.6521
3278,2,2815.24,11030.81,0.093626,0.07114170623587919,0.451077,97.6,0.6556
3279,2,2815.9,11029.14,0.036293,0.07113826471944004,0.226428,98.2,0.6516
3280,2,2816.55,11027.47,0.061507,0.07113482175301167,0.296074,98.2,0.6515
3281,2,2817.2,11025.82,0.143492,0.07113137733674416,0.469221,98.5,0.65
3282,2,2817.85,11024.15,0.14838,0.07112793147078765,0.95266,98.3,0.651
3283,2,2818.51,11022.48,0.148952,0.07112448415529236,1.120019,98.5,0.65
3284,2,2819.16,11020.81,0.11246,0.07112103539040857,0.473057,98.4,0.6503
3285,2,2819.81,11019.14,0.091022,0.07111758517628661,0.622431,98.3,0.6512
3286,2,2820.46,11017.47,0.085722,0.07111413351307685,0.430799,98.4,0.6505
3287,2,2821.11,11015.81,0.128082,0.07111068040092981,0.901859,98.4,0.6502
3288,2,2821.76,11014.14,0.109472,0.07110722583999597,0.58361,98.3,0.651
3289,2,2822.41,11012.48,0.106376,0.07110376983042593,0.343644,98.2,0.6516
3290,2,2823.07,11010.82,0.085929,0.07110031237237037,0.444688,98.2,0.6515
3291,2,2823.72,11009.16,0.090163,0.07109685346597996,1.024946,98.3,0.6513
3292,2,2824.37,11007.49,0.075009,0.0710933931114055,0.675722,98.5,0.65
3293,2,2825.02,11005.83,0.14384,0.07108993130879783,1.301707,98.4,0.6502
3294,2,2825.67,11004.17,0.0867,0.07108646805830787,0.802616,98.4,0.6502
3295,2,2826.32,11002.51,0.081032,0.07108300336008658,0.478741,98.3,0.6508
3296,2,2826.97,11000.84,0.11366,0.07107953721428496,1.200195,98.5,0.6499
3297,2,2827.63,10999.18,0.118887,0.07107606962105413,1.016601,98.4,0.6505
3298,2,2828.29,10997.58,0.167801,0.07107260058054525,0.472414,96.3,0.6647
3299,2,2828.94,10995.92,0.118883,0.07106913009290952,0.534628,98.4,0.6502
3300,2,2829.59,10994.26,0.125316,0.07106565815829824,0.964737,98.4,0.6506
3301,2,2842.4,11039.83,0.112646,0.07106218477686276,0.534337,92.8,0.69
3302,2,2843.06,11038.15,0.068401,0.07105870994875449,0.408282,98.4,0.6504
3303,2,2843.71,11036.47,0.086996,0.07105523367412488,0.361241,98.5,0.6499
3304,2,2844.36,11034.82,0.092824,0.07105175595312549,0.640733,97.6,0.6555
3305,2,2845.01,11033.15,0.141579,0.0710482767859079,0.430336,98.4,0.6507
3306,2,2845.67,11031.47,0.102715,0.0710447961726238,0.80232,98.4,0.6501
3307,2,2846.32,11029.8,0.167589,0.07104131411342489,0.852834,98.6,0.6493
3308,2,2846.97,11028.12,0.114978,0.07103783060846294,0.61987,98.5,0.6497
3309,2,2847.62,11026.45,0.067812,0.07103434565788985,0.257611,98.5,0.6497
3310,2,2848.27,11024.78,0.120162,0.07103085926185748,0.42541,98.1,0.6523
3311,2,2848.92,11023.11,0.084818,0.07102737142051785,0.420518,98.5,0.6495
3312,2,2849.58,11021.47,0.098118,0.07102388213402298,0.427236,97.4,0.6573
3313,2,2850.23,11019.8,0.037526,0.07102039140252497,0.192254,98.5,0.6498
3314,2,2850.88,11018.13,0.180607,0.07101689922617599,0.450135,98.4,0.6501
3315,2,2851.53,11016.46,0.090857,0.07101340560512828,0.396533,98.4,0.6501
3316,2,2852.18,11014.79,0.108176,0.07100991053953412,0.307441,98.5,0.6499
3317,2,2852.83,11013.12,0.148842,0.07100641402954586,0.48331,98.4,0.6504
3318,2,2853.48,11011.46,0.087148,0.07100291607531592,0.458725,98.3,0.6509
3319,2,2854.14,11009.79,0.096355,0.07099941667699679,1.025358,98.4,0.6502
3320,2,2854.79,11008.14,0.137899,0.070995915834741,0.523729,97.9,0.6537
3321,2,2855.44,11006.49,0.111353,0.07099241354870116,0.74718,98.5,0.6498
3322,2,2856.1,11004.82,0.139341,0.07098890981902994,0.442166,98.4,0.6501
3323,2,2856.76,11003.21,0.123688,0.07098540464588007,0.300425,96.2,0.665
3324,2,2857.41,11001.55,0.152954,0.07098189802940436,0.522652,98.4,0.6505
3325,2,2858.06,10999.89,0.116435,0.07097838996975565,0.373923,98.3,0.6509
3326,2,2858.72,10998.23,0.122465,0.07097488046708687,0.30013,98.3,0.651
3327,2,2859.37,10996.57,0.024923,0.070971369521551,0.288742,98.4,0.6506
3328,2,2860.02,10994.93,0.087287,0.07096785713330109,0.30282,97.6,0.6559
3329,2,2860.68,10993.28,0.094649,0.07096434330249025,0.403456,98.1,0.6527
3330,2,2861.33,10991.63,0.15249,0.07096082802927166,0.587369,98.1,0.6524
3331,2,2861.98,10989.98,0.150435,0.07095731131379854,0.556814,98.2,0.652
3332,2,2862.64,10988.33,0.09515,0.07095379315622419,0.623986,98.1,0.6527
3333,2,2863.29,10986.68,0.065858,0.07095027355670198,0.459756,98.4,0.6504
3334,2,2863.95,10985.07,0.060483,0.07094675251538533,0.444343,96.4,0.6638
3335,2,2864.61,10983.43,0.095067,0.07094323003242772,0.369867,98.1,0.6526
3336,2,2865.26,10981.8,0.168151,0.0709397061079827,1.069706,97.4,0.6571
3337,2,2865.92,10980.14,0.110198,0.0709361807422039,0.675174,98.5,0.65
3338,2,2866.57,10978.49,0.148558,0.07093265393524498,0.667897,98.1,0.6524
3339,2,2867.22,10976.84,0.092754,0.07092912568725966,0.381306,98.5,0.6497
3340,2,2867.87,10975.19,0.075829,0.07092559599840179,0.434388,98.2,0.6521
3341,2,2868.53,10973.55,0.140442,0.07092206486882519,0.460717,98.4,0.6504
3342,2,2869.18,10971.91,0.061046,0.0709185322986838,0.393036,98.2,0.6514
3343,2,2869.83,10970.26,0.076005,0.07091499828813164,0.370537,98.2,0.6519
3344,2,2870.49,10968.62,0.112692,0.0709114628373227,0.790697,98.1,0.6527
3345,2,2871.14,10966.98,0.130982,0.07090792594641115,0.564328,98.0,0.6534
3346,2,2871.79,10965.34,0.083971,0.07090438761555115,0.568545,98.3,0.6511
3347,2,2872.44,10963.69,0.0717,0.07090084784489693,0.482233,98.4,0.6504
3348,2,2873.1,10962.04,0.058833,0.07089730663460281,0.404842,98.4,0.6504
3349,2,2873.75,10960.4,0.104793,0.07089376398482314,0.771355,98.1,0.6526
3350,2,2874.4,10958.77,0.063339,0.07089021989571236,0.175287,98.0,0.6528
3351,2,2875.06,10957.13,0.119261,0.07088667436742495,0.692563,97.9,0.6537
3352,2,2875.71,10955.51,0.088361,0.07088312740011547,0.258975,97.5,0.6563
3353,2,2876.37,10953.87,0.098646,0.07087957899393854,0.353837,98.3,0.6512
3354,2,2877.02,10952.22,0.102752,0.07087602914904884,0.31211,98.4,0.6502
3355,2,2877.67,10950.59,0.097975,0.07087247786560111,0.699944,98.0,0.6529
3356,2,2878.32,10948.95,0.082664,0.07086892514375015,0.280025,98.4,0.6502
3357,2,2878.97,10947.3,0.096241,0.07086537098365084,0.492567,98.4,0.6503
3358,2,2879.63,10945.67,0.129972,0.07086181538545809,0.673458,98.2,0.6518
3359,2,2880.28,10944.03,0.10093,0.07085825834932691,0.792651,98.4,0.6506
3360,2,2880.93,10942.41,0.133213,0.07085469987541236,0.377316,97.6,0.6557
3361,2,2881.59,10940.79,0.132466,0.07085113996386955,0.86772,98.0,0.6528
3362,2,2882.24,10939.15,0.053042,0.07084757861485365,0.399045,98.3,0.6507
3363,2,2882.9,10937.51,0.120475,0.07084401582851993,1.119959,98.3,0.6513
3364,2,2883.55,10935.88,0.129447,0.07084045160502368,0.529009,98.1,0.6527
3365,2,2884.2,10934.25,0.126915,0.07083688594452027,0.477915,98.1,0.6523
3366,2,2884.85,10932.62,0.051587,0.07083331884716514,0.427617,98.2,0.652
3367,2,2885.52,10931.03,0.089121,0.07082975031311378,0.843619,96.5,0.6633
3368,2,2886.18,10929.42,0.099562,0.07082618034252174,0.394814,97.7,0.6554
3369,2,2886.83,10927.79,0.064013,0.07082260893554464,0.671645,98.3,0.6509
3370,2,2887.48,10926.16,0.088013,0.07081903609233815,0.333345,97.9,0.6535
3371,2,2888.22,10924.86,0.126795,0.07081546181305805,0.651299,86.8,0.7376
3372,2,2888.88,10923.27,0.063944,0.07081188609786014,0.546173,96.8,0.6611
3373,2,2889.55,10921.69,0.069042,0.07080830894690028,0.38185,96.3,0.6646
3374,2,2890.2,10920.06,0.07351,0.07080473036033438,0.742756,98.4,0.6507
3375,2,2890.86,10918.45,0.156194,0.07080115033831848,1.644742,97.6,0.6558
3376,2,2891.51,10916.83,0.110716,0.0707975688810086,0.597081,98.0,0.6533
3377,2,2892.16,10915.2,0.105546,0.07079398598856088,0.515144,98.2,0.652
3378,2,2892.82,10913.57,0.112226,0.0707904016611315,0.693504,98.3,0.6509
3379,2,2893.47,10911.95,0.107597,0.07078681589887671,0.615253,98.2,0.6519
3380,2,2894.13,10910.37,0.13349,0.0707832287019528,0.682378,96.3,0.6647
3381,2,2894.8,10908.81,0.141689,0.07077964007051617,0.344435,96.3,0.6645
3382,2,2895.46,10907.19,0.088533,0.07077605000472323,0.821556,98.1,0.6527
3383,2,2896.12,10905.61,0.111549,0.07077245850473048,0.648016,96.9,0.6608
3384,2,2896.77,10903.98,0.091491,0.07076886557069448,0.530702,98.4,0.6503
3385,2,2897.42,10902.35,0.054169,0.07076527120277185,0.622704,98.5,0.6499
3386,2,2898.07,10900.72,0.11224,0.07076167540111926,0.538615,98.5,0.6498
3387,2,2898.74,10899.15,0.105447,0.07075807816589347,0.769243,96.4,0.6641
3388,2,2899.39,10897.53,0.099168,0.0707544794972513,0.389503,98.3,0.6511
3389,2,2900.04,10895.9,0.101206,0.07075087939534962,0.476343,98.3,0.651
3390,2,2900.69,10894.28,0.057127,0.07074727786034533,0.529488,98.4,0.6503
3391,2,2901.35,10892.69,0.098338,0.07074367489239547,0.419048,97.2,0.6581
3392,2,2902.0,10891.07,0.017119,0.07074007049165706,0.174588,98.2,0.6514
3393,2,2902.65,10889.45,0.082281,0.07073646465828723,0.57745,98.4,0.6506
3394,2,2903.31,10887.83,0.068216,0.07073285739244317,0.324556,98.4,0.6506
3395,2,2903.96,10886.21,0.047576,0.07072924869428213,0.749948,98.4,0.6506
3396,2,2904.61,10884.59,0.044296,0.0707256385639614,0.28746,98.4,0.6506
3397,2,2905.26,10882.98,0.123951,0.07072202700163838,1.527673,98.0,0.653
3398,2,2905.92,10881.37,0.107615,0.07071841400747048,0.863037,97.9,0.6538
3399,2,2906.58,10879.78,0.112003,0.0707147995816152,0.437119,97.5,0.6567
3400,2,2907.23,10878.17,0.113906,0.0707111837242301,0.78786,98.1,0.6522
3401,2,2907.88,10876.56,0.135121,0.0707075664354728,0.676669,98.3,0.6509
3402,2,2908.54,10874.96,0.111874,0.07070394771550098,0.995624,98.0,0.6533
3403,2,2909.19,10873.35,0.119858,0.07070032756447238,0.344955,98.2,0.6517
3404,2,2909.84,10871.73,0.083622,0.07069670598254481,0.466121,98.3,0.651
3405,2,2910.49,10870.12,0.094472,0.07069308296987614,0.221757,98.3,0.6509
3406,2,2911.15,10868.51,0.079858,0.0706894585266243,0.526311,98.3,0.651
3407,2,2911.8,10866.9,0.109097,0.07068583265294728,0.498336,98.2,0.6516
3408,2,2912.46,10865.31,0.15591,0.07068220534900317,0.353239,97.6,0.6556
3409,2,2913.11,10863.7,0.084086,0.07067857661495006,0.400464,98.1,0.6522
3410,2,2913.76,10862.09,0.114403,0.07067494645094612,0.638566,98.2,0.6518
3411,2,2914.41,10860.48,0.107344,0.0706713148571496,0.424299,98.3,0.6511
3412,2,2915.06,10858.87,0.207986,0.07066768183371883,1.284243,98.4,0.6502
3413,2,2915.72,10857.26,0.127749,0.07066404738081214,0.816234,98.4,0.6504
3414,2,2916.37,10855.65,0.134532,0.07066041149858801,0.661701,98.4,0.6504
3415,2,2917.03,10854.07,0.124355,0.0706567741872049,1.097302,97.2,0.6586
3416,2,2917.68,10852.46,0.105537,0.07065313544682135,0.439043,98.3,0.6508
3417,2,2918.33,10850.86,0.100685,0.07064949527759602,0.231738,98.3,0.6511
3418,2,2918.98,10849.25,0.052303,0.07064585367968756,0.314958,98.3,0.6511
3419,2,2919.63,10847.65,0.06729,0.07064221065325473,0.332588,98.3,0.6509
3420,2,2920.29,10846.04,0.106097,0.0706385661984563,0.467811,98.3,0.6509
3421,2,2920.94,10844.45,0.092126,0.07063492031545118,0.358929,98.3,0.6509
3422,2,2921.59,10842.84,0.11407,0.07063127300439827,0.445184,98.5,0.6499
3423,2,2922.25,10841.27,0.146464,0.07062762426545657,0.406279,97.2,0.6582
3424,2,2922.9,10839.67,0.091473,0.07062397409878514,0.331323,98.2,0.6518
3425,2,2923.55,10838.06,0.123966,0.07062032250454309,0.267625,98.4,0.6507
3426,2,2924.21,10836.47,0.086083,0.0706166694828896,0.317393,98.2,0.6519
3427,2,2924.86,10834.87,0.093205,0.0706130150339839,0.467183,98.2,0.652
3428,2,2925.51,10833.27,0.078633,0.0706093591579853,0.874835,98.2,0.6517
3429,2,2926.16,10831.67,0.159909,0.07060570185505316,0.746233,98.4,0.6507
3430,2,2926.82,10830.07,0.097017,0.07060204312534692,0.865694,98.3,0.6512
3431,2,2927.48,10828.52,0.093918,0.07059838296902606,0.648777,96.7,0.662
3432,2,2928.13,10826.91,0.053276,0.07059472138625011,0.33587,98.5,0.6499
3433,2,2928.78,10825.31,0.0489,0.07059105837717872,0.337292,98.3,0.6508
3434,2,2929.43,10823.71,0.071685,0.07058739394197155,0.842177,98.4,0.6503
3435,2,2930.08,10822.12,0.091352,0.07058372808078835,0.474173,98.4,0.6505
3436,2,2930.73,10820.52,0.152802,0.0705800607937889,0.35152,98.5,0.6499
3437,2,2931.39,10818.92,0.101163,0.07057639208113306,0.576553,98.3,0.6507
3438,2,2932.04,10817.33,0.116869,0.07057272194298075,0.601438,98.2,0.6517
3439,2,2932.7,10815.76,0.093027,0.07056905037949197,0.518874,97.3,0.658
3440,2,2933.35,10814.17,0.08801,0.07056537739082677,0.319198,98.3,0.651
3441,2,2934.0,10812.58,0.066443,0.07056170297714527,0.43234,98.4,0.6502
3442,2,2934.65,10810.99,0.092013,0.07055802713860762,0.38246,98.5,0.6498
3443,2,2935.32,10809.44,0.071808,0.07055434987537405,0.289682,96.5,0.6635
3444,2,2935.98,10807.89,0.053223,0.07055067118760489,0.456776,96.5,0.6634
3445,2,2936.63,10806.3,0.101768,0.07054699107546047,0.564619,98.5,0.6495
3446,2,2937.28,10804.7,0.098618,0.07054330953910122,0.427631,98.5,0.6499
3447,2,2937.93,10803.11,0.103208,0.07053962657868763,0.494446,98.4,0.6502
3448,2,2938.59,10801.52,0.103759,0.07053594219438024,0.469591,98.4,0.6506
3449,2,2939.24,10799.93,0.123077,0.07053225638633964,1.655331,98.5,0.6501
3450,2,2939.89,10798.34,0.099338,0.07052856915472654,0.893271,98.4,0.6502
3451,2,2940.54,10796.75,0.053577,0.07052488049970163,0.499791,98.3,0.6509
3452,2,2941.19,10795.16,0.135113,0.07052119042142573,1.634056,98.4,0.6501
3453,2,2941.86,10793.62,0.169098,0.07051749892005967,0.732731,96.3,0.6643
3454,2,2942.51,10792.03,0.074013,0.07051380599576437,0.358247,98.4,0.6504
3455,2,2943.16,10790.45,0.050277,0.07051011164870084,0.570662,98.0,0.6528
3456,2,2943.81,10788.87,0.118625,0.0705064158790301,0.735043,98.4,0.6504
3457,2,2944.46,10787.28,0.139653,0.07050271868691325,1.114629,98.3,0.651
3458,2,2945.12,10785.7,0.105955,0.07049902007251148,0.559897,98.4,0.6506
3459,2,2945.77,10784.11,0.136574,0.07049532003598599,0.580827,98.4,0.6505
3460,2,2946.42,10782.53,0.087688,0.07049161857749807,0.665331,98.5,0.6498
3461,2,2947.07,10780.95,0.074644,0.0704879156972091,0.454224,98.5,0.65
3462,2,2947.72,10779.37,0.095298,0.07048421139528045,0.647217,98.4,0.6504
3463,2,2948.37,10777.78,0.072378,0.07048050567187363,0.499605,98.4,0.6502
3464,2,2949.02,10776.2,0.079746,0.07047679852715015,0.951523,98.5,0.6498
3465,2,2949.68,10774.61,0.066945,0.07047308996127163,0.376945,98.4,0.6503
3466,2,2950.33,10773.03,0.071304,0.07046937997439974,0.533566,98.4,0.6503
3467,2,2950.98,10771.45,0.09968,0.07046566856669619,0.562242,98.5,0.65
3468,2,2951.63,10769.87,0.131871,0.07046195573832274,0.894386,98.4,0.6505
3469,2,2952.28,10768.29,0.09214,0.07045824148944127,0.947226,98.5,0.6499
3470,2,2952.93,10766.71,0.089306,0.07045452582021369,0.563573,98.3,0.6508
3471,2,2953.58,10765.13,0.112987,0.07045080873080196,0.557662,98.4,0.6503
3472,2,2954.23,10763.55,0.082989,0.07044709022136812,0.64207,98.5,0.6499
3473,2,2954.88,10761.97,0.15761,0.07044337029207424,0.486355,98.4,0.6504
3474,2,2955.54,10760.4,0.084427,0.07043964894308251,0.429771,98.4,0.6506
3475,2,2956.19,10758.82,0.122183,0.07043592617455513,0.450267,98.4,0.6503
3476,2,2956.84,10757.24,0.108595,0.0704322019866544,0.778142,98.5,0.6496
3477,2,2957.49,10755.66,0.099806,0.07042847637954262,0.711157,98.4,0.6502
3478,2,2958.14,10754.09,0.114521,0.07042474935338223,0.324603,98.3,0.6508
3479,2,2958.79,10752.52,0.135904,0.0704210209083357,0.467395,98.3,0.651
3480,2,2959.44,10750.94,0.035484,0.07041729104456554,0.373234,98.4,0.6503
3481,2,2960.1,10749.38,0.137439,0.07041355976223433,0.830827,98.4,0.6506
3482,2,2960.75,10747.81,0.111432,0.07040982706150474,0.398319,98.4,0.6505
3483,2,2961.4,10746.23,0.112809,0.07040609294253948,0.61062,98.4,0.6506
3484,2,2962.05,10744.66,0.149729,0.07040235740550133,0.900388,98.4,0.6504
3485,2,2962.7,10743.09,0.139169,0.07039862045055312,0.276171,98.4,0.6501
3486,2,2963.35,10741.52,0.142264,0.07039488207785774,0.315817,98.4,0.6504
3487,2,2964.01,10739.95,0.101538,0.07039114228757817,0.762431,98.3,0.651
3488,2,2964.66,10738.38,0.105427,0.07038740107987743,1.096303,98.4,0.6507
3489,2,2965.31,10736.81,0.126445,0.07038365845491858,0.79748,98.5,0.6497
3490,2,2965.96,10735.25,0.08567,0.07037991441286479,0.315679,98.1,0.6524
3491,2,2966.61,10733.68,0.08775,0.07037616895387926,0.481262,98.4,0.6507
3492,2,2967.26,10732.11,0.077822,0.07037242207812525,0.456936,98.4,0.6507
3493,2,2967.92,10730.56,0.166274,0.07036867378576611,0.381206,98.0,0.6531
3494,2,2968.57,10728.99,0.167666,0.07036492407696522,0.525982,98.4,0.6505
3495,2,2969.22,10727.42,0.070731,0.07036117295188604,0.29292,98.4,0.6503
3496,2,2969.87,10725.86,0.124059,0.0703574204106921,0.35651,98.1,0.6522
3497,2,2970.53,10724.31,0.062452,0.07035366645354695,0.496592,98.1,0.6526
3498,2,2971.19,10722.79,0.133376,0.07034991108061424,0.361162,96.4,0.6642
3499,2,2971.84,10721.23,0.113382,0.07034615429205769,0.63004,98.4,0.6502
3500,2,2972.5,10719.67,0.108185,0.07034239608804103,0.324089,98.3,0.651
3501,2,2973.15,10718.11,0.065727,0.07033863646872812,0.495796,98.4,0.6504
3502,2,2973.8,10716.55,0.166885,0.07033487543428281,0.373239,98.4,0.6506
3503,2,2974.45,10714.99,0.058727,0.07033111298486909,0.546938,98.4,0.6502
3504,2,2975.1,10713.43,0.14733,0.07032734912065094,0.490878,98.3,0.6509
3505,2,2975.75,10711.87,0.097747,0.07032358384179245,0.603461,98.4,0.6505
3506,2,2976.41,10710.31,0.122336,0.07031981714845773,0.439421,98.4,0.6505
3507,2,2977.06,10708.75,0.076954,0.07031604904081099,0.323725,98.4,0.6507
3508,2,2977.72,10707.24,0.130168,0.07031227951901649,0.344309,96.4,0.664
3509,2,2978.37,10705.68,0.081743,0.07030850858323853,0.530821,98.4,0.6505
3510,2,2979.03,10704.12,0.065272,0.07030473623364152,0.327369,98.4,0.6503
3511,2,2979.68,10702.57,0.082585,0.07030096247038987,0.353851,98.3,0.6508
3512,2,2980.33,10701.01,0.065382,0.0702971872936481,0.300245,98.3,0.651
3513,2,2980.98,10699.45,0.105356,0.07029341070358079,0.593539,98.3,0.6509
3514,2,2981.63,10697.91,0.127786,0.07028963270035254,0.335223,98.0,0.6529
3515,2,2982.29,10696.35,0.098319,0.07028585328412805,0.455628,98.4,0.6506
3516,2,2982.94,10694.8,0.141941,0.07028207245507208,0.781058,98.4,0.6505
3517,2,2983.59,10693.25,0.075556,0.07027829021334941,0.274838,98.2,0.6515
3518,2,2984.24,10691.69,0.121066,0.07027450655912494,0.618856,98.4,0.6505
3519,2,2984.9,10690.18,0.11526,0.0702707214925636,0.448512,96.7,0.6618
3520,2,2985.56,10688.64,0.149595,0.07026693501383037,0.68851,98.0,0.6532
3521,2,2986.22,10687.11,0.123169,0.07026314712309033,0.698227,98.2,0.6514
3522,2,2986.87,10685.56,0.075108,0.0702593578205086,0.903883,98.2,0.6516
3523,2,2987.52,10684.01,0.114006,0.07025556710625033,0.300875,98.3,0.6508
3524,2,2988.18,10682.51,0.086568,0.07025177498048078,0.455202,96.3,0.6643
3525,2,2988.84,10680.96,0.079164,0.07024798144336526,0.349483,98.2,0.6515
3526,2,2989.49,10679.41,0.110943,0.07024418649506914,0.429906,98.3,0.6509
3527,2,2990.14,10677.87,0.093757,0.07024039013575784,0.360774,98.2,0.6515
3528,2,2990.79,10676.32,0.098397,0.07023659236559683,0.409764,98.3,0.6511
3529,2,2991.45,10674.78,0.135134,0.07023279318475169,0.499492,98.3,0.6513
3530,2,2992.1,10673.23,0.105651,0.07022899259338801,0.788595,98.3,0.6512
3531,2,2992.75,10671.69,0.109826,0.07022519059167148,0.567094,98.3,0.6514
3532,2,2993.4,10670.15,0.068131,0.07022138717976782,0.485663,98.0,0.653
3533,2,2994.06,10668.61,0.089772,0.07021758235784283,0.259133,98.3,0.6513
3534,2,2994.71,10667.07,0.081203,0.07021377612606236,0.379113,98.1,0.6523
3535,2,2995.36,10665.53,0.085504,0.07020996848459234,0.377848,98.2,0.6519
3536,2,2996.01,10663.98,0.145654,0.07020615943359874,0.856112,98.4,0.6502
3537,2,2996.67,10662.44,0.114327,0.07020234897324762,0.4322,98.3,0.6512
3538,2,2997.32,10660.9,0.073098,0.07019853710370506,0.692662,98.3,0.6513
3539,2,2997.97,10659.36,0.124161,0.07019472382513724,0.87833,98.3,0.6509
3540,2,2998.62,10657.81,0.066018,0.07019090913771038,0.350054,98.4,0.6505
3541,2,2999.28,10656.29,0.1245,0.07018709304159076,0.91731,98.3,0.6508
3542,2,2999.93,10654.75,0.114071,0.07018327553694476,0.801866,98.3,0.6507
3543,2,3000.58,10653.21,0.056634,0.07017945662393874,0.240329,98.3,0.6512
3544,2,3001.23,10651.67,0.079679,0.07017563630273921,0.456967,98.3,0.6513
3545,2,3001.89,10650.13,0.121625,0.07017181457351268,0.315327,98.3,0.6509
3546,2,3002.54,10648.6,0.092719,0.07016799143642576,0.4514,98.0,0.6529
3547,2,3003.19,10647.07,0.101237,0.07016416689164509,0.387516,98.2,0.6518
3548,2,3003.84,10645.53,0.139782,0.07016034093933742,0.394634,98.3,0.6511
3549,2,3004.51,10644.04,0.100297,0.07015651357966948,0.364125,96.2,0.665
3550,2,3005.16,10642.51,0.104054,0.07015268481280815,0.428812,98.1,0.6526
3551,2,3005.82,10640.98,0.112145,0.0701488546389203,0.581992,98.4,0.6507
3552,2,3006.47,10639.44,0.158829,0.07014502305817294,0.616094,98.2,0.6517
3553,2,3007.12,10637.91,0.121938,0.07014119007073304,0.582515,98.3,0.6513
3554,2,3007.77,10636.38,0.072273,0.0701373556767677,0.475147,98.3,0.6512
3555,2,3008.42,10634.84,0.12707,0.07013351987644408,0.504209,98.4,0.6506
3556,2,3009.08,10633.31,0.101089,0.07012968266992937,0.680259,98.2,0.6515
3557,2,3009.73,10631.78,0.116841,0.07012584405739086,0.345197,98.3,0.6508
3558,2,3010.38,10630.24,0.137979,0.07012200403899589,0.538171,98.3,0.6508
3559,2,3011.03,10628.71,0.067163,0.0701181626149118,0.244536,98.3,0.6509
3560,2,3011.68,10627.18,0.08689,0.07011431978530609,0.37615,98.2,0.6518
3561,2,3012.34,10625.66,0.079591,0.07011047555034625,0.32429,98.3,0.6512
3562,2,3012.99,10624.14,0.1124,0.07010662991019986,0.309357,98.2,0.6514
3563,2,3013.65,10622.62,0.118987,0.07010278286503457,0.324352,97.9,0.6535
3564,2,3014.3,10621.09,0.112076,0.07009893441501806,0.423581,98.1,0.6522
3565,2,3014.95,10619.56,0.06699,0.0700950845603181,0.260408,98.3,0.6511
3566,2,3015.6,10618.04,0.144509,0.0700912333011025,0.468798,98.3,0.6512
3567,2,3016.26,10616.52,0.160246,0.07008738063753915,0.488741,98.0,0.653
3568,2,3016.91,10614.99,0.038653,0.070083526569796,0.494274,98.3,0.6509
3569,2,3017.56,10613.47,0.07333,0.07007967109804103,0.571015,97.9,0.6538
3570,2,3018.22,10611.95,0.09029,0.07007581422244233,0.457793,98.3,0.6512
3571,2,3018.87,10610.42,0.078751,0.07007195594316801,0.441424,98.3,0.6511
3572,2,3019.53,10608.94,0.079214,0.07006809626038626,0.36435,96.4,0.6637
3573,2,3020.18,10607.41,0.100374,0.07006423517426534,0.394953,98.4,0.6504
3574,2,3020.84,10605.9,0.156438,0.07006037268497355,0.453243,98.0,0.6528
3575,2,3021.49,10604.37,0.102681,0.07005650879267926,0.424042,98.4,0.6507
3576,2,3022.14,10602.86,0.144469,0.0700526434975509,0.35183,98.1,0.6527
3577,2,3022.8,10601.34,0.115276,0.07004877679975698,0.312489,98.1,0.6525
3578,2,3023.45,10599.82,0.108443,0.07004490869946603,0.869431,98.0,0.6531
3579,2,3024.1,10598.3,0.138188,0.07004103919684669,1.374405,98.4,0.6506
3580,2,3024.75,10596.78,0.107027,0.07003716829206762,0.699887,98.4,0.6504
3581,2,3025.41,10595.27,0.108312,0.07003329598529756,0.550641,98.3,0.6509
3582,2,3026.06,10593.75,0.125803,0.0700294222767053,0.780975,98.3,0.651
3583,2,3026.71,10592.23,0.173949,0.07002554716645973,0.630372,98.4,0.6506
3584,2,3027.37,10590.71,0.096453,0.07002167065472974,0.86122,98.1,0.6525
3585,2,3028.02,10589.19,0.113791,0.07001779274168433,0.46099,98.3,0.6511
3586,2,3028.67,10587.68,0.092504,0.07001391342749254,0.574699,98.2,0.6516
3587,2,3029.32,10586.16,0.091162,0.07001003271232346,0.838756,98.4,0.6505
3588,2,3029.97,10584.64,0.106274,0.07000615059634627,0.796385,98.2,0.6515
3589,2,3030.63,10583.13,0.068211,0.0700022670797302,0.355177,98.1,0.6523
3590,2,3031.28,10581.62,0.120304,0.06999838216264453,0.374216,98.1,0.6527
3591,2,3031.93,10580.11,0.088596,0.06999449584525862,0.617049,98.3,0.6509
3592,2,3032.59,10578.59,0.097221,0.06999060812774184,0.556841,98.4,0.6502
3593,2,3033.24,10577.08,0.141286,0.06998671901026372,0.765121,98.2,0.6519
3594,2,3033.89,10575.56,0.108568,0.06998282849299375,0.446986,98.4,0.6503
3595,2,3034.54,10574.05,0.070077,0.06997893657610153,0.608683,98.3,0.6509
3596,2,3035.19,10572.54,0.056716,0.06997504325975673,0.410625,98.3,0.6512
3597,2,3035.85,10571.02,0.073508,0.06997114854412906,0.310626,98.3,0.6508
3598,2,3036.5,10569.51,0.058324,0.06996725242938828,0.357775,98.3,0.6511
3599,2,3037.15,10567.99,0.074614,0.06996335491570423,0.300684,98.4,0.6505
3600,2,3037.8,10566.49,0.138522,0.06995945600324682,0.445191,98.0,0.6529
3601,2,3100.85,10781.95,0.087706,0.069955555692186,0.51496,98.3,0.6509
3602,2,3101.51,10780.36,0.115853,0.0699516539826918,0.825798,98.3,0.6509
3603,2,3102.16,10778.77,0.154485,0.06994775087493428,0.473742,98.3,0.651
3604,2,3102.82,10777.23,0.097371,0.0699438463690836,0.788408,96.3,0.6647
3605,2,3103.48,10775.66,0.044503,0.06993994046530995,0.351896,97.9,0.6536
3606,2,3104.13,10774.07,0.106342,0.0699360331637836,1.294164,98.3,0.6512
3607,2,3104.78,10772.49,0.137487,0.0699321244646749,0.657581,98.3,0.6512
3608,2,3105.43,10770.9,0.107993,0.06992821436815419,0.300822,98.3,0.6509
3609,2,3106.09,10769.32,0.05354,0.06992430287439193,0.358307,98.3,0.6512
3610,2,3106.74,10767.74,0.073335,0.06992038998355864,0.240495,98.1,0.6527
3611,2,3107.39,10766.16,0.103696,0.06991647569582488,0.663844,98.3,0.6512
3612,2,3108.04,10764.57,0.09376,0.06991256001136127,0.814248,98.4,0.6507
3613,2,3108.7,10762.99,0.16152,0.06990864293033854,1.062657,98.3,0.651
3614,2,3109.35,10761.4,0.091943,0.06990472445292739,0.584266,98.4,0.6504
3615,2,3110.0,10759.84,0.124209,0.06990080457929865,0.379016,97.6,0.6561
3616,2,3110.65,10758.26,0.095601,0.0698968833096232,0.464279,98.4,0.6502
3617,2,3111.31,10756.68,0.127983,0.06989296064407197,0.593437,98.1,0.6521
3618,2,3111.96,10755.1,0.031848,0.06988903658281595,0.256787,98.3,0.6509
3619,2,3112.61,10753.52,0.100635,0.0698851111260262,0.31107,98.4,0.6507
3620,2,3113.26,10751.94,0.110418,0.06988118427387384,0.614909,98.1,0.6523
3621,2,3113.92,10750.37,0.11127,0.06987725602653003,1.012346,98.4,0.6505
3622,2,3114.57,10748.79,0.112753,0.06987332638416602,0.48216,98.3,0.651
3623,2,3115.22,10747.22,0.11417,0.0698693953469531,0.561012,98.3,0.651
3624,2,3115.87,10745.64,0.091167,0.06986546291506264,0.449761,98.3,0.6511
3625,2,3116.53,10744.07,0.100593,0.06986152908866605,0.84312,98.2,0.6515
3626,2,3117.18,10742.49,0.088271,0.06985759386793482,1.221758,98.3,0.6508
3627,2,3117.83,10740.92,0.128235,0.06985365725304048,0.750437,98.2,0.6516
3628,2,3118.48,10739.34,0.10133,0.06984971924415463,0.777076,98.3,0.6512
3629,2,3119.14,10737.77,0.130676,0.06984577984144895,0.331398,98.2,0.6515
3630,2,3119.79,10736.2,0.088378,0.06984183904509515,0.431383,98.3,0.6511
3631,2,3120.44,10734.63,0.129015,0.06983789685526504,0.30957,98.1,0.6522
3632,2,3121.09,10733.06,0.086955,0.06983395327213042,0.514545,98.1,0.6523
3633,2,3121.75,10731.49,0.061469,0.06983000829586324,0.402402,98.3,0.6512
3634,2,3122.4,10729.92,0.094581,0.06982606192663543,0.477597,98.2,0.6517
3635,2,3123.05,10728.35,0.133546,0.06982211416461905,0.620404,98.3,0.651
3636,2,3123.7,10726.77,0.132815,0.06981816500998615,0.932035,98.3,0.651
3637,2,3124.35,10725.2,0.06227,0.06981421446290892,0.299015,98.3,0.6508
3638,2,3125.01,10723.63,0.100756,0.06981026252355955,1.096348,98.3,0.6511
3639,2,3125.67,10722.11,0.125987,0.06980630919211031,0.991021,96.3,0.6644
3640,2,3126.32,10720.54,0.13274,0.06980235446873352,0.777586,98.2,0.6515
3641,2,3126.98,10718.99,0.165825,0.0697983983536016,1.810919,98.3,0.6508
3642,2,3127.63,10717.42,0.138648,0.06979444084688698,0.86564,98.3,0.6514
3643,2,3128.29,10715.87,0.130152,0.0697904819487622,0.421273,97.6,0.6557
3644,2,3128.94,10714.3,0.083131,0.06978652165939979,0.606109,98.3,0.6513
3645,2,3129.6,10712.75,0.070962,0.06978255997897241,0.309178,97.6,0.6556
3646,2,3130.31,10711.41,0.081571,0.06977859690765276,0.458286,89.4,0.7158
3647,2,3130.97,10709.86,0.128966,0.06977463244561356,0.644388,97.4,0.6568
3648,2,3131.69,10708.51,0.073308,0.06977066659302768,0.711024,89.7,0.7136
3649,2,3132.34,10706.95,0.075688,0.06976669935006796,0.482505,98.2,0.6516
3650,2,3132.99,10705.39,0.126368,0.06976273071690735,0.395911,98.2,0.6514
3651,2,3133.64,10703.83,0.11562,0.06975876069371884,0.365306,98.2,0.6515
3652,2,3134.3,10702.26,0.131887,0.0697547892806755,0.504866,98.3,0.6509
3653,2,3134.95,10700.7,0.090034,0.06975081647795044,0.640562,98.3,0.6514
3654,2,3135.6,10699.14,0.037895,0.06974684228571684,0.212675,98.2,0.6515
3655,2,3136.25,10697.58,0.087886,0.06974286670414795,1.070743,98.2,0.6514
3656,2,3136.9,10696.02,0.134953,0.06973888973341705,2.661489,98.4,0.6507
3657,2,3137.56,10694.46,0.149765,0.06973491137369751,0.832205,98.3,0.6511
3658,2,3138.21,10692.9,0.123608,0.06973093162516278,0.430002,98.4,0.6506
3659,2,3138.86,10691.34,0.122673,0.0697269504879863,0.478503,98.3,0.6508
3660,2,3139.51,10689.78,0.059695,0.06972296796234165,0.294111,98.3,0.6511
3661,2,3140.18,10688.28,0.156842,0.0697189840484024,0.436346,96.2,0.6652
3662,2,3140.83,10686.72,0.109506,0.06971499874634225,0.436237,98.2,0.6518
3663,2,3141.48,10685.16,0.091294,0.06971101205633488,0.382115,98.3,0.651
3664,2,3142.14,10683.61,0.132142,0.0697070239785541,0.453568,98.2,0.6517
3665,2,3142.79,10682.05,0.098034,0.06970303451317376,0.6091,98.3,0.6513
3666,2,3143.44,10680.5,0.104542,0.06969904366036778,0.410703,98.1,0.6522
3667,2,3144.09,10678.95,0.105084,0.06969505142031009,0.641545,98.3,0.6512
3668,2,3144.75,10677.39,0.089145,0.06969105779317473,0.946185,98.2,0.6518
3669,2,3145.4,10675.85,0.130026,0.06968706277913579,0.480107,98.0,0.653
3670,2,3146.06,10674.3,0.15046,0.06968306637836744,0.617992,97.8,0.6543
3671,2,3146.71,10672.75,0.096488,0.06967906859104385,0.799824,98.1,0.6522
3672,2,3147.36,10671.21,0.089878,0.06967506941733931,0.37918,98.1,0.6521
3673,2,3148.06,10669.79,0.13633,0.06967106885742815,0.594603,92.4,0.6923
3674,2,3148.75,10668.37,0.178239,0.06966706691148475,0.376694,93.0,0.6881
3675,2,3149.43,10666.92,0.114555,0.06966306357968356,0.592032,94.0,0.6809
3676,2,3150.12,10665.5,0.0826,0.0696590588621991,0.302704,92.8,0.6897
3677,2,3150.79,10664.01,0.144221,0.06965505275920594,0.308509,95.9,0.6674
3678,2,3151.46,10662.51,0.109353,0.0696510452708787,0.362997,96.5,0.6633
3679,2,3152.12,10661.02,0.064543,0.06964703639739209,0.447736,95.8,0.6683
3680,2,3152.84,10659.67,0.129724,0.06964302613892084,1.286338,90.2,0.7092
3681,2,3153.52,10658.24,0.092098,0.06963901449563979,0.797976,94.7,0.6755
3682,2,3154.18,10656.7,0.122782,0.06963500146772379,0.553112,97.9,0.6539
3683,2,3154.86,10655.26,0.079026,0.06963098705534779,0.684795,93.9,0.6813
3684,2,3155.53,10653.78,0.105628,0.06962697125868676,0.28041,95.4,0.6707
3685,2,3156.2,10652.28,0.127252,0.06962295407791577,0.392985,96.3,0.6649
3686,2,3156.86,10650.77,0.098493,0.06961893551320993,0.589431,97.0,0.6597
3687,2,3157.53,10649.27,0.092561,0.0696149155647444,0.72635,96.1,0.6656
3688,2,3158.21,10647.84,0.145026,0.06961089423269445,1.237172,93.6,0.6835
3689,2,3158.89,10646.36,0.097355,0.06960687151723535,0.2779,95.5,0.6705
3690,2,3159.59,10645.01,0.1278,0.06960284741854246,0.479628,90.6,0.7062
3691,2,3160.25,10643.46,0.110573,0.0695988219367912,0.345906,98.2,0.6514
3692,2,3160.9,10641.92,0.083239,0.06959479507215706,0.636366,98.3,0.6508
3693,2,3161.55,10640.38,0.108621,0.06959076682481555,0.460442,98.2,0.6519
3694,2,3162.21,10638.86,0.139191,0.06958673719494227,1.255224,97.3,0.6579
3695,2,3162.86,10637.32,0.127568,0.06958270618271287,0.7382,98.2,0.6516
3696,2,3163.51,10635.78,0.140967,0.0695786737883031,0.529328,98.2,0.6517
3697,2,3164.17,10634.24,0.13723,0.0695746400118887,0.55864,98.1,0.6521
3698,2,3164.83,10632.75,0.102511,0.06957060485364554,0.65407,96.2,0.6653
3699,2,3165.49,10631.21,0.088921,0.0695665683137495,1.097587,98.2,0.6516
3700,2,3166.15,10629.72,0.091626,0.06956253039237653,0.624063,96.1,0.6657
3701,2,3166.81,10628.19,0.049392,0.06955849108970268,0.246389,98.2,0.6516
3702,2,3167.47,10626.67,0.133834,0.06955445040590398,0.690548,97.3,0.6579
3703,2,3168.12,10625.13,0.13647,0.06955040834115661,0.523263,98.2,0.6516
3704,2,3168.77,10623.6,0.065809,0.06954636489563677,0.520616,98.3,0.6513
3705,2,3169.42,10622.06,0.125358,0.06954232006952069,0.453568,98.1,0.6524
3706,2,3170.09,10620.57,0.123176,0.06953827386298471,0.722479,96.3,0.6647
3707,2,3170.74,10619.04,0.127359,0.06953422627620519,0.424116,98.2,0.6516
3708,2,3171.4,10617.5,0.137506,0.06953017730935858,0.578595,98.1,0.6522
3709,2,3172.05,10615.97,0.075304,0.06952612696262139,0.491729,98.1,0.6526
3710,2,3172.71,10614.46,0.069876,0.06952207523617017,0.674108,97.4,0.6569
3711,2,3173.36,10612.93,0.065933,0.06951802213018154,0.394818,98.2,0.652
3712,2,3174.01,10611.39,0.085121,0.0695139676448322,0.3673,98.2,0.6517
3713,2,3174.67,10609.86,0.096457,0.06950991178029885,0.468828,98.2,0.652
3714,2,3175.32,10608.33,0.05974,0.06950585453675832,0.514057,98.2,0.652
3715,2,3175.97,10606.8,0.082325,0.06950179591438747,0.298771,98.0,0.6529
3716,2,3176.62,10605.27,0.09388,0.06949773591336321,0.314866,98.2,0.6517
3717,2,3177.28,10603.74,0.153835,0.06949367453386253,0.394247,98.3,0.6511
3718,2,3177.93,10602.23,0.158308,0.06948961177606246,0.416507,97.2,0.6582
3719,2,3178.59,10600.7,0.140148,0.06948554764014012,0.412324,98.2,0.6518
3720,2,3179.24,10599.18,0.117934,0.06948148212627264,0.544836,98.1,0.6524
3721,2,3179.9,10597.66,0.109751,0.06947741523463728,0.305836,98.1,0.6524
3722,2,3180.55,10596.14,0.135456,0.06947334696541128,0.736556,98.1,0.6521
3723,2,3181.2,10594.61,0.119128,0.06946927731877202,0.562235,98.2,0.652
3724,2,3181.86,10593.09,0.102791,0.06946520629489687,0.302597,98.2,0.6519
3725,2,3182.51,10591.56,0.085681,0.0694611338939633,0.329613,98.1,0.6523
3726,2,3183.17,10590.06,0.115885,0.06945706011614886,0.461934,97.2,0.6586
3727,2,3183.82,10588.54,0.120343,0.06945298496163109,0.451617,98.2,0.652
3728,2,3184.48,10587.01,0.079762,0.06944890843058765,0.267167,98.2,0.6518
3729,2,3185.13,10585.49,0.05182,0.06944483052319624,0.414721,98.2,0.6518
3730,2,3185.78,10583.97,0.105908,0.06944075123963461,0.415448,98.2,0.6519
3731,2,3186.43,10582.44,0.09589,0.0694366705800806,0.571463,98.2,0.6519
3732,2,3187.09,10580.92,0.095489,0.06943258854471208,0.54574,98.1,0.6522
3733,2,3187.74,10579.4,0.107257,0.06942850513370699,0.502498,98.3,0.6513
3734,2,3188.39,10577.88,0.068249,0.06942442034724335,0.440499,97.7,0.655
3735,2,3189.05,10576.37,0.082729,0.06942033418549919,0.341885,98.1,0.6524
3736,2,3189.7,10574.85,0.146866,0.06941624664865265,0.578818,97.7,0.6551
3737,2,3190.36,10573.34,0.087501,0.0694121577368819,0.476529,98.0,0.6531
3738,2,3191.01,10571.82,0.063387,0.06940806745036521,0.331006,98.1,0.6524
3739,2,3191.66,10570.3,0.076491,0.06940397578928084,0.617087,98.1,0.6524
3740,2,3192.32,10568.79,0.127737,0.0693998827538072,0.72016,98.1,0.6523
3741,2,3192.97,10567.28,0.124196,0.06939578834412266,0.678813,98.2,0.652
3742,2,3193.63,10565.76,0.093638,0.06939169256040573,0.605498,98.1,0.6527
3743,2,3194.28,10564.25,0.140885,0.06938759540283493,0.725295,98.1,0.6523
3744,2,3194.93,10562.73,0.148163,0.06938349687158889,0.430338,98.2,0.6518
3745,2,3195.59,10561.22,0.1021,0.06937939696684625,0.403931,98.1,0.6524
3746,2,3196.24,10559.7,0.07472,0.06937529568878573,0.549713,98.1,0.6521
3747,2,3196.89,10558.19,0.050762,0.06937119303758611,0.321733,98.1,0.6524
3748,2,3197.55,10556.68,0.064495,0.06936708901342625,0.32103,98.0,0.6532
3749,2,3198.2,10555.16,0.096227,0.06936298361648503,0.929721,98.2,0.652
3750,2,3198.87,10553.7,0.085449,0.0693588768469414,0.775562,96.1,0.6659
3751,2,3199.52,10552.18,0.057587,0.06935476870497441,0.372709,98.1,0.6522
3752,2,3200.17,10550.67,0.045425,0.06935065919076311,0.460071,98.2,0.6516
3753,2,3200.82,10549.16,0.076256,0.06934654830448667,0.637771,98.2,0.6519
3754,2,3201.48,10547.65,0.074579,0.06934243604632426,0.725336,98.1,0.6527
3755,2,3202.15,10546.19,0.024096,0.06933832241645514,0.669806,95.7,0.6686
3756,2,3202.84,10544.8,0.122584,0.06933420741505866,0.617839,93.0,0.6883
3757,2,3203.49,10543.29,0.07461,0.06933009104231416,0.535633,98.1,0.6523
3758,2,3204.16,10541.83,0.127425,0.06932597329840111,0.447944,96.1,0.6661
3759,2,3204.81,10540.32,0.078717,0.06932185418349898,0.274204,98.1,0.6526
3760,2,3205.46,10538.81,0.113652,0.06931773369778735,1.199672,98.1,0.6522
3761,2,3206.12,10537.31,0.07509,0.06931361184144581,0.457914,98.2,0.6518
3762,2,3206.77,10535.81,0.103977,0.06930948861465407,0.298809,97.9,0.6538
3763,2,3207.43,10534.3,0.109869,0.06930536401759184,0.338086,98.1,0.6521
3764,2,3208.08,10532.79,0.083183,0.06930123805043893,0.415598,98.1,0.6523
3765,2,3208.73,10531.29,0.106483,0.0692971107133752,0.378091,98.0,0.6529
3766,2,3209.39,10529.79,0.074795,0.06929298200658056,0.325199,98.1,0.6526
3767,2,3210.04,10528.28,0.089082,0.06928885193023497,0.399742,98.1,0.6523
3768,2,3210.69,10526.78,0.196492,0.06928472048451849,1.080302,98.1,0.6524
3769,2,3211.35,10525.27,0.146272,0.0692805876696112,0.799224,98.1,0.6524
3770,2,3212.0,10523.77,0.092497,0.06927645348569328,0.434644,98.1,0.6521
3771,2,3212.65,10522.27,0.136902,0.06927231793294492,0.527655,98.0,0.6532
3772,2,3213.31,10520.77,0.073793,0.0692681810115464,0.332844,98.0,0.653
3773,2,3213.96,10519.26,0.12027,0.06926404272167805,0.541248,98.2,0.6517
3774,2,3214.61,10517.76,0.096216,0.06925990306352027,0.451459,98.3,0.6512
3775,2,3215.28,10516.3,0.148601,0.0692557620372535,0.782512,96.0,0.6665
3776,2,3215.93,10514.8,0.121309,0.06925161964305827,1.33824,98.1,0.6522
3777,2,3216.59,10513.3,0.130283,0.06924747588111514,0.979507,98.1,0.6527
3778,2,3217.24,10511.81,0.061045,0.06924333075160476,0.472909,97.9,0.6537
3779,2,3217.94,10510.47,0.111285,0.06923918425470779,0.54062,91.3,0.7009
3780,2,3218.6,10508.98,0.129501,0.06923503639060502,0.401397,97.5,0.6562
3781,2,3219.26,10507.5,0.113041,0.06923088715947723,0.78386,97.7,0.655
3782,2,3219.92,10506.02,0.118535,0.0692267365615053,0.659498,97.2,0.6582
3783,2,3220.57,10504.53,0.09518,0.06922258459687017,0.412562,98.1,0.6526
3784,2,3221.23,10503.04,0.054401,0.0692184312657528,0.294603,97.8,0.6542
3785,2,3221.88,10501.54,0.106222,0.06921427656833429,0.616391,98.1,0.6521
3786,2,3222.53,10500.04,0.10724,0.06921012050479569,0.70264,98.1,0.6521
3787,2,3223.19,10498.54,0.053678,0.06920596307531822,0.614613,98.1,0.6524
3788,2,3223.84,10497.05,0.093865,0.06920180428008307,1.261871,98.2,0.6515
3789,2,3224.49,10495.55,0.082414,0.06919764411927154,0.598135,98.1,0.6524
3790,2,3225.15,10494.07,0.079828,0.069193482593065,0.436987,97.6,0.6556
3791,2,3225.8,10492.57,0.074433,0.06918931970164481,0.382943,98.0,0.6527
3792,2,3226.45,10491.08,0.113941,0.06918515544519248,0.375956,98.0,0.6533
3793,2,3227.11,10489.59,0.054545,0.06918098982388951,0.344362,98.0,0.653
3794,2,3227.76,10488.1,0.077433,0.0691768228379175,0.712675,98.0,0.6531
3795,2,3228.42,10486.61,0.103501,0.06917265448745807,0.933641,98.0,0.6527
3796,2,3229.07,10485.12,0.127692,0.06916848477269294,1.458165,98.0,0.6534
3797,2,3229.72,10483.63,0.111414,0.06916431369380388,1.041617,98.1,0.6524
3798,2,3230.38,10482.15,0.065653,0.06916014125097271,0.494223,97.5,0.6565
3799,2,3231.03,10480.66,0.139326,0.06915596744438131,1.157559,98.1,0.6526
3800,2,3231.69,10479.17,0.104506,0.06915179227421162,0.294379,98.0,0.653
3801,2,3232.35,10477.7,0.09254,0.06914761574064562,0.510707,97.8,0.6546
3802,2,3233.0,10476.21,0.140187,0.06914343784386541,0.45354,98.1,0.6523
3803,2,3233.66,10474.73,0.109461,0.06913925858405309,0.664498,97.7,0.6548
3804,2,3234.31,10473.24,0.099445,0.06913507796139085,0.495526,98.1,0.6521
3805,2,3234.96,10471.75,0.083426,0.0691308959760609,0.827442,98.1,0.6523
3806,2,3235.62,10470.27,0.106849,0.06912671262824556,0.405437,98.0,0.6534
3807,2,3236.27,10468.78,0.12548,0.0691225279181272,0.388091,98.1,0.6526
3808,2,3236.92,10467.3,0.087513,0.0691183418458882,0.417015,98.0,0.653
3809,2,3237.58,10465.82,0.111248,0.06911415441171109,0.483843,97.8,0.6546
3810,2,3238.23,10464.34,0.212249,0.06910996561577835,0.864381,98.0,0.6529
3811,2,3238.89,10462.85,0.086456,0.06910577545827261,0.448592,98.1,0.6525
3812,2,3239.54,10461.37,0.16932,0.0691015839393765,0.417912,98.1,0.6526
3813,2,3240.19,10459.88,0.116018,0.06909739105927276,0.527389,98.0,0.6527
3814,2,3240.85,10458.41,0.105308,0.06909319681814416,0.532162,97.5,0.6563
3815,2,3241.5,10456.93,0.056552,0.0690890012161735,0.272228,98.0,0.6534
3816,2,3242.16,10455.45,0.054203,0.06908480425354371,0.378785,98.1,0.6524
3817,2,3242.81,10453.97,0.110498,0.06908060593043773,0.279026,98.1,0.6523
3818,2,3243.47,10452.49,0.126764,0.06907640624703856,0.477883,98.0,0.6529
3819,2,3244.12,10451.0,0.083588,0.06907220520352929,0.543039,98.1,0.6523
3820,2,3244.77,10449.52,0.08841,0.06906800280009302,0.417316,98.0,0.6528
3821,2,3245.43,10448.05,0.092326,0.06906379903691295,0.262526,98.2,0.6519
3822,2,3246.08,10446.57,0.116625,0.06905959391417234,0.629659,97.9,0.6534
3823,2,3246.74,10445.1,0.092025,0.06905538743205449,0.541857,97.9,0.654
3824,2,3247.39,10443.62,0.07594,0.06905117959074275,0.661831,98.0,0.653
3825,2,3248.05,10442.15,0.083134,0.06904697039042057,1.421188,97.8,0.6544
3826,2,3248.7,10440.67,0.117362,0.06904275983127142,0.424601,98.0,0.653
3827,2,3249.35,10439.2,0.123421,0.06903854791347887,0.506085,98.1,0.6525
3828,2,3250.01,10437.72,0.141303,0.06903433463722647,0.600814,98.0,0.6529
3829,2,3250.66,10436.24,0.073067,0.06903012000269794,0.563244,98.0,0.653
3830,2,3251.32,10434.77,0.098673,0.06902590401007695,0.325376,97.9,0.6535
3831,2,3251.97,10433.29,0.128844,0.06902168665954732,0.639374,98.1,0.6526
3832,2,3252.62,10431.82,0.142172,0.06901746795129286,0.363801,98.1,0.6527
3833,2,3253.28,10430.34,0.087267,0.0690132478854975,0.775739,98.1,0.6525
3834,2,3253.93,10428.87,0.07672,0.06900902646234518,0.875429,98.2,0.652
3835,2,3254.58,10427.39,0.088101,0.0690048036820199,0.424984,98.1,0.6524
3836,2,3255.24,10425.92,0.110361,0.06900057954470579,0.398001,98.1,0.6526
3837,2,3255.89,10424.45,0.151277,0.06899635405058692,0.580993,98.1,0.6524
3838,2,3256.55,10422.99,0.090414,0.06899212719984753,0.473118,97.5,0.6565
3839,2,3257.21,10421.56,0.154587,0.06898789899267187,0.768071,96.1,0.6661
3840,2,3257.88,10420.13,0.114449,0.06898366942924422,0.421239,96.2,0.6654
3841,2,3258.54,10418.66,0.068305,0.068979438509749,0.402715,98.1,0.6523
3842,2,3259.19,10417.19,0.100396,0.0689752062343706,0.843461,98.1,0.6527
3843,2,3259.84,10415.72,0.12419,0.06897097260329353,0.889687,98.1,0.6527
3844,2,3260.5,10414.25,0.144601,0.06896673761670234,0.74134,98.1,0.6523
3845,2,3261.15,10412.78,0.131465,0.06896250127478164,0.420885,98.0,0.6528
3846,2,3261.81,10411.32,0.095311,0.06895826357771608,0.413605,97.6,0.6558
3847,2,3262.46,10409.85,0.168144,0.0689540245256904,0.824129,98.0,0.653
3848,2,3263.12,10408.39,0.162457,0.0689497841188894,0.583627,98.0,0.6531
3849,2,3263.77,10406.92,0.121877,0.06894554235749789,0.791748,98.1,0.6523
3850,2,3264.42,10405.45,0.125468,0.06894129924170081,0.334417,98.1,0.6526
3851,2,3265.08,10403.98,0.108885,0.0689370547716831,0.432124,98.0,0.6527
3852,2,3265.73,10402.52,0.117475,0.06893280894762979,0.78114,98.0,0.653
3853,2,3266.38,10401.05,0.055117,0.06892856176972596,0.426169,98.1,0.6525
3854,2,3267.04,10399.59,0.066316,0.06892431323815677,0.293518,97.6,0.6554
3855,2,3267.69,10398.13,0.105697,0.06892006335310738,0.469512,98.0,0.6533
3856,2,3268.35,10396.66,0.019907,0.06891581211476307,0.223866,98.0,0.6528
3857,2,3269.0,10395.2,0.157648,0.06891155952330916,0.995772,98.0,0.6531
3858,2,3269.65,10393.74,0.123726,0.06890730557893102,0.735508,98.0,0.6532
3859,2,3270.31,10392.28,0.137787,0.06890305028181408,1.142737,98.0,0.6529
3860,2,3270.96,10390.81,0.129729,0.06889879363214385,0.285275,98.1,0.6523
3861,2,3271.62,10389.36,0.062591,0.06889453563010586,0.371493,98.1,0.6523
3862,2,3272.27,10387.9,0.065676,0.06889027627588575,0.405141,97.7,0.6552
3863,2,3272.93,10386.44,0.183645,0.06888601556966915,2.00447,98.1,0.6524
3864,2,3273.58,10384.98,0.066591,0.06888175351164184,0.188762,97.7,0.655
3865,2,3274.24,10383.52,0.14808,0.06887749010198958,0.587839,98.0,0.6528
3866,2,3274.89,10382.06,0.111998,0.06887322534089822,0.594118,98.0,0.6528
3867,2,3275.54,10380.61,0.148804,0.06886895922855367,0.343475,98.0,0.6533
3868,2,3276.2,10379.15,0.100109,0.06886469176514189,0.485236,98.0,0.653
3869,2,3276.85,10377.69,0.131834,0.0688604229508489,0.461632,98.0,0.6532
3870,2,3277.51,10376.24,0.057003,0.0688561527858608,0.572689,97.4,0.6573
3871,2,3278.17,10374.79,0.128813,0.06885188127036372,1.24974,97.9,0.6536
3872,2,3278.82,10373.33,0.122128,0.06884760840454386,0.581287,98.1,0.6526
3873,2,3279.47,10371.88,0.150697,0.06884333418858748,0.681532,97.9,0.6536
3874,2,3280.13,10370.42,0.186469,0.06883905862268092,0.701417,97.9,0.6538
3875,2,3280.79,10368.98,0.080029,0.06883478170701053,0.370459,97.7,0.6553
3876,2,3281.44,10367.52,0.108505,0.06883050344176275,0.541845,97.8,0.6541
3877,2,3282.1,10366.07,0.08426,0.06882622382712408,0.442513,97.8,0.6547
3878,2,3282.76,10364.64,0.160087,0.0688219428632811,0.99957,96.9,0.6607
3879,2,3283.41,10363.2,0.155335,0.06881766055042038,0.868427,97.6,0.6554
3880,2,3284.07,10361.75,0.082635,0.0688133768887286,0.252341,97.8,0.6546
3881,2,3284.73,10360.31,0.136322,0.06880909187839251,0.481007,97.9,0.6535
3882,2,3285.4,10358.9,0.114497,0.0688048055195989,0.218503,96.0,0.6668
3883,2,3286.05,10357.44,0.126097,0.0688005178125346,0.39618,98.1,0.6526
3884,2,3286.7,10355.99,0.106233,0.06879622875738652,0.364546,97.9,0.6538
3885,2,3287.36,10354.54,0.063997,0.06879193835434164,0.401548,97.9,0.6537
3886,2,3288.02,10353.11,0.085485,0.06878764660358697,0.702301,97.1,0.6591
3887,2,3288.67,10351.66,0.156133,0.06878335350530959,1.226406,97.9,0.6535
3888,2,3289.33,10350.21,0.0824,0.06877905905969665,0.538242,98.1,0.6527
3889,2,3289.98,10348.76,0.098648,0.06877476326693535,0.89249,98.0,0.6528
3890,2,3290.63,10347.31,0.081769,0.06877046612721294,0.708747,97.9,0.6536
3891,2,3291.29,10345.86,0.146036,0.06876616764071676,0.610138,98.1,0.6525
3892,2,3291.94,10344.41,0.120447,0.06876186780763416,0.666431,98.0,0.6528
3893,2,3292.6,10342.97,0.146873,0.0687575666281526,0.669675,97.8,0.6547
3894,2,3293.25,10341.52,0.156979,0.06875326410245956,0.665215,97.7,0.6549
3895,2,3293.91,10340.08,0.139675,0.06874896023074259,0.907521,98.0,0.6529
3896,2,3294.56,10338.63,0.085459,0.06874465501318931,0.264562,98.0,0.6528
3897,2,3295.21,10337.18,0.099393,0.06874034844998739,0.291419,98.0,0.653
3898,2,3295.87,10335.73,0.11803,0.06873604054132457,0.518663,98.0,0.6528
3899,2,3296.52,10334.29,0.082373,0.0687317312873886,0.267676,98.1,0.6526
3900,2,3297.18,10332.84,0.101489,0.06872742068836736,0.515184,97.9,0.654
3901,2,3310.45,10370.94,0.121078,0.06872310874444873,0.872002,92.3,0.6932
3902,2,3311.11,10369.48,0.103954,0.0687187954558207,0.54086,98.3,0.6513
3903,2,3311.76,10368.02,0.050273,0.06871448082267127,0.258094,98.3,0.651
3904,2,3312.41,10366.55,0.065326,0.06871016484518853,0.629196,98.3,0.6508
3905,2,3313.06,10365.09,0.104869,0.06870584752356063,0.29855,98.3,0.6511
3906,2,3313.71,10363.62,0.095362,0.06870152885797574,0.380171,98.4,0.6505
3907,2,3314.37,10362.17,0.174517,0.06869720884862214,0.579637,97.8,0.6546
3908,2,3315.02,10360.71,0.166232,0.06869288749568815,0.696518,98.1,0.6523
3909,2,3315.67,10359.26,0.104033,0.06868856479936211,0.502243,98.1,0.6524
3910,2,3316.33,10357.8,0.114455,0.06868424075983247,0.500742,97.9,0.6538
3911,2,3316.98,10356.35,0.10809,0.06867991537728774,0.391185,98.1,0.6524
3912,2,3317.64,10354.89,0.14249,0.06867558865191645,0.440393,98.0,0.6528
3913,2,3318.29,10353.44,0.078036,0.0686712605839072,0.496533,98.1,0.6524
3914,2,3318.95,10352.0,0.092381,0.06866693117344869,0.275667,97.2,0.6586
3915,2,3319.6,10350.55,0.07621,0.0686626004207296,0.331058,98.0,0.6529
3916,2,3320.26,10349.09,0.099433,0.06865826832593873,0.382004,98.0,0.653
3917,2,3320.92,10347.68,0.084099,0.06865393488926493,0.828536,96.2,0.6653
3918,2,3321.58,10346.23,0.086646,0.06864960011089709,0.614007,97.9,0.6539
3919,2,3322.23,10344.78,0.10524,0.06864526399102418,0.358484,98.0,0.6533
3920,2,3322.88,10343.33,0.115944,0.06864092652983521,0.550961,98.2,0.652
3921,2,3323.54,10341.88,0.072958,0.06863658772751925,0.637827,98.1,0.6521
3922,2,3324.2,10340.45,0.104479,0.06863224758426546,1.191694,97.2,0.6585
3923,2,3324.85,10339.0,0.148414,0.068627906100263,0.755503,98.1,0.6523
3924,2,3325.51,10337.55,0.106596,0.06862356327570113,0.429557,98.1,0.6526
3925,2,3326.16,10336.1,0.119265,0.06861921911076918,0.265326,98.0,0.6529
3926,2,3326.81,10334.65,0.141346,0.06861487360565649,0.349734,98.2,0.6515
3927,2,3327.47,10333.2,0.145401,0.0686105267605525,0.404895,98.2,0.6519
3928,2,3328.12,10331.75,0.071478,0.06860617857564669,0.51509,98.1,0.6523
3929,2,3328.77,10330.29,0.094115,0.0686018290511286,0.3349,98.2,0.6521
3930,2,3329.43,10328.85,0.106664,0.06859747818718785,0.465533,98.2,0.652
3931,2,3330.08,10327.4,0.121653,0.06859312598401408,1.002521,98.2,0.6519
3932,2,3330.73,10325.95,0.12174,0.06858877244179701,0.420854,98.2,0.6521
3933,2,3331.39,10324.51,0.079149,0.06858441756072643,1.179112,97.7,0.6551
3934,2,3332.04,10323.06,0.168797,0.06858006134099216,2.133713,98.1,0.6524
3935,2,3332.69,10321.61,0.124161,0.06857570378278412,0.789953,98.1,0.6525
3936,2,3333.35,10320.17,0.137981,0.06857134488629223,0.416795,98.1,0.6526
3937,2,3334.0,10318.73,0.113417,0.0685669846517065,0.478837,98.0,0.6532
3938,2,3334.66,10317.3,0.062844,0.06856262307921702,0.316149,97.1,0.6588
3939,2,3335.32,10315.86,0.081496,0.06855826016901391,0.32995,98.1,0.6523
3940,2,3335.97,10314.41,0.098362,0.06855389592128736,0.664372,98.1,0.6526
3941,2,3336.63,10312.98,0.158111,0.06854953033622758,0.421341,98.1,0.6527
3942,2,3337.28,10311.54,0.072131,0.0685451634140249,0.284257,98.0,0.6529
3943,2,3337.93,10310.1,0.13512,0.06854079515486969,0.744206,98.1,0.6522
3944,2,3338.59,10308.66,0.09816,0.06853642555895234,0.239993,97.7,0.6552
3945,2,3339.25,10307.22,0.133714,0.06853205462646336,0.587229,97.9,0.654
3946,2,3339.9,10305.79,0.109051,0.06852768235759327,0.506501,97.7,0.6554
3947,2,3340.56,10304.35,0.132976,0.06852330875253265,0.770077,98.1,0.6526
3948,2,3341.21,10302.91,0.117647,0.06851893381147216,0.362432,98.1,0.6525
3949,2,3341.87,10301.48,0.084159,0.0685145575346025,0.4232,97.7,0.655
3950,2,3342.52,10300.04,0.121828,0.06851017992211446,0.376259,98.0,0.6531
3951,2,3343.17,10298.6,0.091905,0.06850580097419884,0.45982,98.0,0.6532
3952,2,3343.83,10297.16,0.109855,0.06850142069104655,0.297404,98.0,0.6528
3953,2,3344.48,10295.72,0.087116,0.0684970390728485,0.542946,98.0,0.6533
3954,2,3345.14,10294.29,0.091546,0.06849265611979571,0.563027,98.0,0.6529
3955,2,3345.79,10292.85,0.175139,0.06848827183207926,1.316101,98.0,0.6529
3956,2,3346.44,10291.41,0.111449,0.06848388620989022,0.636018,98.0,0.6531
3957,2,3347.1,10289.98,0.077534,0.06847949925341981,0.697993,98.1,0.6525
3958,2,3347.75,10288.54,0.133157,0.06847511096285924,0.418881,98.1,0.6524
3959,2,3348.42,10287.14,0.08072,0.0684707213383998,0.47484,96.1,0.6658
3960,2,3349.07,10285.71,0.109636,0.06846633038023285,0.721951,98.0,0.6528
3961,2,3349.73,10284.29,0.113511,0.06846193808854979,0.55901,97.9,0.6535
3962,2,3350.38,10282.86,0.149137,0.06845754446354209,0.932235,97.9,0.6534
3963,2,3351.04,10281.42,0.115631,0.06845314950540127,1.034491,98.0,0.653
3964,2,3351.7,10280.0,0.115845,0.06844875321431891,0.981809,97.7,0.6551
3965,2,3352.35,10278.57,0.101893,0.06844435559048666,0.512645,97.7,0.6553
3966,2,3353.0,10277.14,0.066863,0.06843995663409619,0.546423,98.1,0.6527
3967,2,3353.67,10275.74,0.129438,0.0684355563453393,1.2321,96.2,0.6654
3968,2,3354.32,10274.31,0.116024,0.06843115472440776,0.792188,98.1,0.6523
3969,2,3354.98,10272.88,0.075676,0.06842675177149347,0.331766,98.1,0.6523
3970,2,3355.63,10271.44,0.122704,0.06842234748678837,0.589475,98.2,0.6519
3971,2,3356.28,10270.01,0.10926,0.06841794187048442,0.658966,98.1,0.6527
3972,2,3356.94,10268.58,0.078054,0.06841353492277367,0.588386,98.1,0.6522
3973,2,3357.59,10267.14,0.179619,0.06840912664384825,0.473057,98.2,0.652
3974,2,3358.24,10265.71,0.110551,0.0684047170339003,0.49969,98.1,0.6524
3975,2,3358.9,10264.28,0.09786,0.06840030609312207,0.328657,98.1,0.6527
3976,2,3359.55,10262.85,0.101751,0.0683958938217058,0.678913,98.1,0.6527
3977,2,3360.21,10261.43,0.145058,0.06839148021984386,0.607773,98.0,0.6528
3978,2,3360.86,10260.0,0.145326,0.0683870652877286,0.521493,98.1,0.6527
3979,2,3361.53,10258.61,0.136768,0.06838264902555251,0.58983,96.1,0.6657
3980,2,3362.18,10257.18,0.12619,0.0683782314335081,0.568251,98.1,0.6527
3981,2,3362.84,10255.77,0.093143,0.06837381251178792,0.808655,98.0,0.6531
3982,2,3363.49,10254.34,0.146676,0.06836939226058462,0.980345,98.0,0.6529
3983,2,3364.15,10252.91,0.067126,0.06836497068009086,0.675594,98.0,0.6531
3984,2,3364.8,10251.49,0.09681,0.0683605477704994,0.591369,97.8,0.6542
3985,2,3365.45,10250.07,0.088943,0.06835612353200303,0.406584,98.1,0.6526
3986,2,3366.11,10248.65,0.133279,0.06835169796479461,0.628414,97.8,0.6545
3987,2,3366.77,10247.23,0.158331,0.06834727106906706,1.112549,97.7,0.655
3988,2,3367.42,10245.81,0.08699,0.06834284284501335,1.144185,97.8,0.6543
3989,2,3368.08,10244.39,0.047991,0.06833841329282651,0.199846,97.9,0.654
3990,2,3368.73,10242.97,0.065782,0.06833398241269964,0.411871,97.8,0.6543
3991,2,3369.39,10241.55,0.127674,0.0683295502048259,0.520568,97.9,0.654
3992,2,3370.04,10240.14,0.091849,0.06832511666939846,0.543253,97.7,0.6548
3993,2,3370.7,10238.72,0.106286,0.0683206818066106,0.862565,97.9,0.6537
3994,2,3371.36,10237.31,0.121351,0.06831624561665565,0.444988,97.3,0.6575
3995,2,3372.01,10235.89,0.13298,0.06831180809972698,0.457612,97.9,0.6538
3996,2,3372.67,10234.47,0.109574,0.06830736925601803,0.517095,97.9,0.6536
3997,2,3373.32,10233.06,0.115783,0.0683029290857223,0.433015,97.9,0.6538
3998,2,3373.98,10231.64,0.087004,0.06829848758903334,0.540796,97.7,0.6552
3999,2,3374.63,10230.22,0.095395,0.06829404476614474,0.379304,98.0,0.6531
4000,2,3375.29,10228.81,0.089409,0.06828960061725022,0.270995,97.9,0.6535
4001,2,3375.98,10227.5,0.193046,0.06828515514254345,0.831843,97.9,0.6537
4002,2,3376.64,10226.09,0.126975,0.06828070834221824,0.572664,97.2,0.6583
4003,2,3377.29,10224.68,0.089476,0.06827626021646842,0.709783,97.8,0.6541
4004,2,3377.95,10223.27,0.086769,0.0682718107654879,1.200635,97.8,0.6544
4005,2,3378.6,10221.86,0.109441,0.06826735998947064,0.339884,97.6,0.6559
4006,2,3379.26,10220.45,0.10681,0.06826290788861065,0.684412,97.7,0.6549
4007,2,3379.91,10219.03,0.104435,0.068258454463102,0.52593,98.0,0.6532
4008,2,3380.57,10217.62,0.081513,0.06825399971313884,0.486416,97.8,0.6542
4009,2,3381.22,10216.21,0.0899,0.06824954363891533,0.477186,97.8,0.6541
4010,2,3381.89,10214.81,0.115162,0.06824508624062572,0.592675,96.9,0.6602
4011,2,3382.54,10213.4,0.092312,0.06824062751846434,0.435336,97.8,0.6542
4012,2,3383.2,10212.0,0.074208,0.06823616747262552,0.488609,97.2,0.6585
4013,2,3383.85,10210.59,0.114375,0.06823170610330372,0.489665,97.9,0.6535
4014,2,3384.51,10209.18,0.086658,0.06822724341069338,0.619306,97.9,0.6538
4015,2,3385.16,10207.77,0.0551,0.06822277939498904,0.701358,97.9,0.6538
4016,2,3385.82,10206.36,0.08724,0.06821831405638529,0.727283,97.9,0.6539
4017,2,3386.47,10204.95,0.081052,0.0682138473950768,0.560956,97.9,0.6539
4018,2,3387.13,10203.55,0.150388,0.06820937941125825,0.471786,97.1,0.6588
4019,2,3387.79,10202.14,0.121032,0.06820491010512443,1.001162,97.8,0.6541
4020,2,3388.45,10200.74,0.08673,0.06820043947687016,1.071361,97.5,0.6562
4021,2,3389.11,10199.34,0.103572,0.0681959675266903,0.948937,98.0,0.653
4022,2,3389.76,10197.94,0.166385,0.0681914942547798,0.281305,97.9,0.654
4023,2,3390.42,10196.53,0.121015,0.06818701966133368,0.382039,97.8,0.6542
4024,2,3391.07,10195.12,0.129023,0.06818254374654696,0.294161,97.8,0.6545
4025,2,3391.73,10193.72,0.092732,0.06817806651061477,0.690663,97.7,0.6553
4026,2,3392.39,10192.33,0.106241,0.06817358795373227,0.860869,97.1,0.6588
4027,2,3393.04,10190.93,0.108088,0.06816910807609466,0.415199,97.6,0.6555
4028,2,3393.71,10189.56,0.103448,0.06816462687789727,1.009586,95.9,0.6674
4029,2,3394.37,10188.16,0.103407,0.06816014435933544,0.756285,97.9,0.6539
4030,2,3395.02,10186.76,0.134855,0.06815566052060452,0.460004,97.6,0.6556
4031,2,3395.68,10185.35,0.081277,0.06815117536190002,0.449806,97.8,0.6545
4032,2,3396.33,10183.95,0.096204,0.06814668888341742,0.378543,97.9,0.6538
4033,2,3396.99,10182.55,0.071313,0.06814220108535231,0.947055,97.7,0.6553
4034,2,3397.66,10181.19,0.1182,0.06813771196790029,0.560665,95.9,0.6677
4035,2,3398.32,10179.8,0.142315,0.06813322153125709,0.964828,97.0,0.6599
4036,2,3398.98,10178.4,0.095199,0.06812872977561842,0.445505,97.6,0.6557
4037,2,3399.63,10177.01,0.155748,0.06812423670118009,0.627241,97.7,0.655
4038,2,3400.29,10175.61,0.083318,0.06811974230813797,0.348908,97.7,0.655
4039,2,3400.94,10174.2,0.113084,0.06811524659668798,0.629271,98.1,0.6527
4040,2,3401.6,10172.81,0.108274,0.06811074956702608,0.531673,97.5,0.6563
4041,2,3402.27,10171.45,0.093502,0.0681062512193483,0.81643,96.4,0.6641
4042,2,3402.94,10170.09,0.126973,0.06810175155385072,1.013128,95.8,0.668
4043,2,3403.6,10168.7,0.104664,0.0680972505707295,0.791118,97.3,0.6578
4044,2,3404.26,10167.31,0.137082,0.06809274827018086,1.046789,97.6,0.6555
4045,2,3404.91,10165.91,0.120633,0.06808824465240104,0.521683,97.9,0.6537
4046,2,3405.57,10164.52,0.088845,0.06808373971758636,0.528181,97.6,0.6555
4047,2,3406.23,10163.14,0.087724,0.06807923346593318,1.340695,96.6,0.6625
4048,2,3406.89,10161.76,0.08943,0.06807472589763797,0.553359,97.4,0.657
4049,2,3407.55,10160.38,0.061937,0.0680702170128972,0.525573,96.8,0.661
4050,2,3408.21,10158.99,0.166467,0.06806570681190743,1.252831,97.5,0.6564
4051,2,3408.87,10157.6,0.122568,0.06806119529486525,0.564997,97.5,0.6566
4052,2,3409.52,10156.21,0.155638,0.06805668246196733,0.457419,97.7,0.6549
4053,2,3410.18,10154.81,0.07011,0.06805216831341039,0.234549,97.7,0.6548
4054,2,3410.84,10153.44,0.08598,0.06804765284939122,0.368398,96.5,0.6629
4055,2,3411.5,10152.05,0.1138,0.06804313607010663,1.186062,97.6,0.6559
4056,2,3412.16,10150.66,0.163203,0.06803861797575353,1.962783,97.9,0.6539
4057,2,3412.81,10149.26,0.114215,0.06803409856652887,0.724675,97.9,0.6534
4058,2,3413.46,10147.87,0.054251,0.06802957784262964,0.452999,98.0,0.6532
4059,2,3414.12,10146.47,0.129516,0.06802505580425292,0.444106,97.9,0.6538
4060,2,3414.77,10145.08,0.124019,0.06802053245159584,0.643519,97.9,0.6534
4061,2,3415.43,10143.7,0.065954,0.06801600778485556,0.889208,97.9,0.6536
4062,2,3416.1,10142.34,0.162317,0.06801148180422932,1.194777,95.9,0.667
4063,2,3416.76,10140.96,0.185925,0.06800695450991441,0.326806,97.3,0.6581
4064,2,3417.42,10139.57,0.101055,0.0680024259021082,0.407013,97.8,0.6542
4065,2,3418.08,10138.2,0.103207,0.06799789598100807,0.662042,96.9,0.6607
4066,2,3418.74,10136.81,0.101076,0.06799336474681152,0.40238,97.7,0.6553
4067,2,3419.39,10135.42,0.118893,0.06798883219971603,0.370778,97.9,0.6541
4068,2,3420.05,10134.03,0.09113,0.06798429833991922,0.465993,97.8,0.6547
4069,2,3420.7,10132.64,0.144993,0.0679797631676187,0.521122,97.9,0.6538
4070,2,3421.36,10131.27,0.074704,0.06797522668301216,0.390637,97.1,0.6595
4071,2,3422.02,10129.88,0.11151,0.06797068888629737,0.477681,97.7,0.6548
4072,2,3422.68,10128.5,0.073606,0.06796614977767214,0.720648,97.4,0.6569
4073,2,3423.33,10127.11,0.087505,0.06796160935733432,0.605263,97.9,0.6537
4074,2,3423.99,10125.72,0.148023,0.06795706762548184,1.148043,97.9,0.6535
4075,2,3424.65,10124.35,0.103123,0.0679525245823127,0.559556,97.1,0.6594
4076,2,3425.32,10123.0,0.054507,0.06794798022802491,0.41352,95.9,0.6675
4077,2,3425.97,10121.61,0.120811,0.06794343456281657,0.934393,98.1,0.6525
4078,2,3426.62,10120.22,0.083852,0.06793888758688583,0.517289,98.1,0.6525
4079,2,3427.28,10118.84,0.103631,0.0679343393004309,0.311772,97.6,0.6559
4080,2,3427.93,10117.45,0.135934,0.06792978970365006,0.406194,97.9,0.6537
4081,2,3428.6,10116.08,0.146978,0.06792523879674162,0.947724,97.5,0.6561
4082,2,3429.25,10114.7,0.150012,0.06792068657990395,0.604893,97.7,0.6548
4083,2,3429.91,10113.31,0.066281,0.0679161330533355,0.402678,98.0,0.6532
4084,2,3430.56,10111.93,0.079863,0.06791157821723477,0.379172,97.9,0.6537
4085,2,3431.22,10110.54,0.152572,0.06790702207180031,0.485002,97.7,0.6549
4086,2,3431.87,10109.16,0.081043,0.0679024646172307,0.478577,97.5,0.6562
4087,2,3432.53,10107.78,0.114633,0.06789790585372465,0.44607,98.0,0.6531
4088,2,3433.18,10106.39,0.088289,0.06789334578148086,0.901662,97.9,0.6535
4089,2,3433.84,10105.02,0.166129,0.06788878440069811,0.757938,97.4,0.6568
4090,2,3434.5,10103.64,0.060035,0.06788422171157522,0.56206,97.7,0.655
4091,2,3435.16,10102.29,0.136883,0.0678796577143111,0.992657,96.3,0.6646
4092,2,3435.83,10100.94,0.095353,0.0678750924091047,0.709307,95.9,0.667
4093,2,3436.49,10099.56,0.137955,0.06787052579615505,0.586529,97.8,0.6542
4094,2,3437.14,10098.18,0.108615,0.06786595787566117,0.42325,97.8,0.6547
4095,2,3437.8,10096.8,0.068152,0.06786138864782222,0.647754,97.9,0.6536
4096,2,3438.45,10095.42,0.087495,0.06785681811283736,0.363792,98.1,0.6524
4097,2,3439.12,10094.06,0.133258,0.06785224627090583,0.83208,96.6,0.6624
4098,2,3439.77,10092.68,0.111274,0.0678476731222269,0.523029,97.7,0.6554
4099,2,3440.43,10091.3,0.172961,0.06784309866699996,1.045523,97.9,0.6535
4100,2,3441.08,10089.92,0.144451,0.06783852290542439,1.409668,97.9,0.6538
4101,2,3441.74,10088.56,0.100849,0.06783394583769965,0.401947,97.9,0.6539
4102,2,3442.4,10087.19,0.174355,0.06782936746402529,0.463493,97.4,0.6573
4103,2,3443.06,10085.81,0.11139,0.06782478778460085,0.607187,97.7,0.655
4104,2,3443.71,10084.44,0.081203,0.067820206799626,0.4148,97.6,0.6559
4105,2,3444.38,10083.09,0.106327,0.06781562450930041,0.691758,96.7,0.6621
4106,2,3445.03,10081.71,0.151381,0.06781104091382384,0.376612,97.6,0.656
4107,2,3445.7,10080.37,0.110601,0.06780645601339609,0.50349,96.4,0.664
4108,2,3446.36,10079.0,0.132343,0.067801869808217,0.808563,97.3,0.6575
4109,2,3447.01,10077.63,0.135495,0.06779728229848651,0.449152,97.5,0.6566
4110,2,3447.67,10076.26,0.094217,0.0677926934844046,0.870606,97.4,0.6569
4111,2,3448.33,10074.9,0.073744,0.06778810336617128,0.950772,97.1,0.659
4112,2,3448.99,10073.53,0.075282,0.06778351194398667,0.357341,97.9,0.6537
4113,2,3449.66,10072.19,0.136536,0.06777891921805089,0.848556,95.9,0.6677
4114,2,3450.31,10070.82,0.128891,0.06777432518856416,0.383037,97.7,0.6549
4115,2,3450.97,10069.44,0.080082,0.06776972985572674,0.764362,98.0,0.6534
4116,2,3451.62,10068.07,0.122425,0.06776513321973893,1.166307,97.8,0.6544
4117,2,3452.29,10066.73,0.102341,0.06776053528080112,0.698974,96.1,0.6662
4118,2,3452.95,10065.38,0.106447,0.06775593603911371,0.560171,97.0,0.6601
4119,2,3453.61,10064.01,0.179039,0.06775133549487723,0.39562,97.7,0.655
4120,2,3454.28,10062.68,0.093494,0.0677467336482922,0.663693,95.5,0.6701
4121,2,3454.94,10061.33,0.08641,0.06774213049955922,0.641074,97.8,0.6547
4122,2,3455.59,10059.95,0.122629,0.06773752604887896,0.878045,98.0,0.653
4123,2,3456.25,10058.59,0.100631,0.06773292029645211,0.988991,97.3,0.6578
4124,2,3456.91,10057.24,0.122618,0.06772831324247948,0.371365,97.0,0.6597
4125,2,3457.57,10055.86,0.094344,0.06772370488716187,0.367731,98.1,0.6526
4126,2,3458.23,10054.5,0.068854,0.06771909523070016,0.30507,97.4,0.6569
4127,2,3458.88,10053.14,0.101482,0.0677144842732953,0.250894,97.5,0.6564
4128,2,3459.55,10051.8,0.154149,0.06770987201514828,0.709368,96.5,0.663
4129,2,3460.21,10050.45,0.046174,0.06770525845646017,0.427566,96.6,0.6622
4130,2,3460.87,10049.09,0.128157,0.06770064359743207,0.592469,97.5,0.6562
4131,2,3461.53,10047.73,0.052102,0.06769602743826515,0.321419,97.5,0.6561
4132,2,3462.18,10046.36,0.100605,0.06769140997916064,0.353994,97.6,0.6554
4133,2,3462.85,10045.03,0.138466,0.0676867912203198,0.668565,96.0,0.6669
4134,2,3463.51,10043.67,0.087022,0.06768217116194401,0.396964,97.6,0.6558
4135,2,3464.16,10042.31,0.08404,0.06767754980423463,0.698327,97.7,0.6553
4136,2,3464.82,10040.94,0.038425,0.0676729271473931,0.376238,97.7,0.6552
4137,2,3465.47,10039.57,0.096315,0.06766830319162095,0.765332,98.0,0.6529
4138,2,3466.13,10038.21,0.075294,0.06766367793711976,0.314611,97.7,0.6548
4139,2,3466.79,10036.84,0.125092,0.06765905138409112,0.306741,97.8,0.6542
4140,2,3467.44,10035.48,0.090855,0.06765442353273671,0.392718,97.8,0.6541
4141,2,3468.1,10034.13,0.095257,0.06764979438325827,0.405132,97.7,0.6551
4142,2,3468.76,10032.78,0.101751,0.06764516393585761,0.284416,97.2,0.6587
4143,2,3469.42,10031.43,0.097368,0.06764053219073654,0.498105,97.1,0.6592
4144,2,3470.08,10030.06,0.131285,0.067635899148097,0.620293,97.7,0.6547
4145,2,3470.73,10028.71,0.103921,0.06763126480814094,0.489437,97.5,0.6566
4146,2,3471.39,10027.35,0.111257,0.06762662917107037,0.810111,97.7,0.6551
4147,2,3472.05,10025.99,0.118838,0.06762199223708737,1.442466,97.7,0.655
4148,2,3472.7,10024.63,0.149379,0.06761735400639406,0.65763,97.8,0.6545
4149,2,3473.36,10023.27,0.109833,0.06761271447919263,0.50996,97.6,0.6557
4150,2,3474.02,10021.91,0.094037,0.06760807365568533,0.646806,97.6,0.6555
4151,2,3474.67,10020.55,0.110143,0.06760343153607445,0.585542,97.5,0.6564
4152,2,3475.33,10019.2,0.143637,0.06759878812056236,0.337993,97.7,0.6549
4153,2,3475.98,10017.83,0.116737,0.06759414340935145,0.420785,97.9,0.6536
4154,2,3476.64,10016.48,0.15127,0.06758949740264421,0.594031,97.7,0.6553
4155,2,3477.3,10015.13,0.17133,0.06758485010064315,1.8488,97.3,0.6578
4156,2,3477.96,10013.77,0.122415,0.06758020150355087,0.645685,97.7,0.6548
4157,2,3478.61,10012.41,0.098126,0.06757555161157,0.713815,98.0,0.6532
4158,2,3479.27,10011.06,0.095757,0.06757090042490323,0.321552,97.4,0.657
4159,2,3479.93,10009.72,0.137253,0.06756624794375332,1.352668,96.9,0.6606
4160,2,3480.59,10008.36,0.145229,0.06756159416832307,0.985559,97.6,0.656
4161,2,3481.25,10007.03,0.090777,0.06755693909881534,0.277331,97.1,0.6594
4162,2,3481.91,10005.68,0.158087,0.06755228273543307,0.426775,97.6,0.6555
4163,2,3482.56,10004.32,0.092193,0.06754762507837922,1.271509,97.9,0.6535
4164,2,3483.22,10002.96,0.109463,0.06754296612785682,0.681096,97.9,0.6537
4165,2,3483.88,10001.61,0.167575,0.06753830588406896,0.940132,97.5,0.6563
4166,2,3484.53,10000.26,0.207346,0.0675336443472188,0.743096,97.3,0.658
4167,2,3485.19,9998.91,0.146399,0.06752898151750955,0.472344,97.9,0.6541
4168,2,3485.85,9997.57,0.071159,0.06752431739514445,0.346251,96.8,0.6611
4169,2,3486.51,9996.22,0.136068,0.0675196519803268,0.440323,97.6,0.6559
4170,2,3487.16,9994.86,0.134687,0.06751498527326001,0.572851,97.9,0.6535
4171,2,3487.82,9993.52,0.161791,0.06751031727414748,0.411404,97.3,0.6579
4172,2,3488.48,9992.18,0.047923,0.06750564798319271,0.258977,97.0,0.66
4173,2,3489.15,9990.87,0.106241,0.06750097740059924,0.192606,95.9,0.6677
4174,2,3489.81,9989.52,0.110632,0.06749630552657065,0.356986,97.4,0.657
4175,2,3490.47,9988.17,0.185785,0.0674916323613106,0.352974,97.6,0.6559
4176,2,3491.13,9986.84,0.121677,0.0674869579050228,0.323095,96.9,0.6604
4177,2,3491.79,9985.49,0.093048,0.06748228215791102,0.496337,97.3,0.6578
4178,2,3492.44,9984.14,0.093961,0.06747760512017908,0.251374,98.0,0.6533
4179,2,3493.1,9982.79,0.099163,0.06747292679203089,0.529457,97.6,0.656
4180,2,3493.75,9981.44,0.141706,0.06746824717367031,0.590007,97.9,0.6535
4181,2,3494.41,9980.1,0.164839,0.0674635662653014,0.578785,98.0,0.653
4182,2,3495.07,9978.76,0.100745,0.06745888406712816,0.383357,97.2,0.6586
4183,2,3495.73,9977.41,0.058969,0.06745420057935474,0.29188,98.0,0.6533
4184,2,3496.39,9976.07,0.086595,0.06744951580218526,0.315681,96.9,0.6605
4185,2,3497.05,9974.73,0.061449,0.06744482973582396,0.473465,97.8,0.6547
4186,2,3497.7,9973.37,0.112405,0.06744014238047509,1.252577,97.9,0.6535
4187,2,3498.36,9972.04,0.130983,0.06743545373634299,0.71465,97.2,0.6588
4188,2,3499.02,9970.69,0.187019,0.06743076380363204,0.44814,97.7,0.6553
4189,2,3499.67,9969.35,0.074808,0.06742607258254668,0.336378,97.4,0.6572
4190,2,3500.34,9968.04,0.094445,0.06742138007329142,0.573572,96.0,0.6667
4191,2,3501.0,9966.7,0.177759,0.0674166862760708,0.499494,97.4,0.6572
4192,2,3501.66,9965.37,0.091099,0.06741199119108943,0.451337,96.9,0.6607
4193,2,3502.32,9964.04,0.074966,0.06740729481855198,0.436029,97.3,0.6576
4194,2,3502.98,9962.69,0.120004,0.06740259715866316,0.481678,97.8,0.6547
4195,2,3503.63,9961.34,0.130317,0.06739789821162775,0.699306,98.0,0.6532
4196,2,3504.29,9960.0,0.167417,0.0673931979776506,0.429325,97.7,0.6551
4197,2,3504.95,9958.66,0.134457,0.06738849645693658,0.591017,97.5,0.6561
4198,2,3505.61,9957.34,0.135037,0.06738379364969063,1.074715,96.6,0.6626
4199,2,3506.27,9956.0,0.085263,0.06737908955611778,0.672444,97.4,0.6568
4200,2,3506.93,9954.67,0.130434,0.06737438417642308,0.551057,97.3,0.658
4201,2,3576.83,10149.81,0.057351,0.06736967751081162,0.498378,97.8,0.6546
4202,2,3577.49,10148.43,0.093412,0.06736496955948859,0.588591,96.3,0.6649
4203,2,3578.15,10147.04,0.083492,0.0673602603226592,0.458003,96.8,0.6614
4204,2,3578.81,10145.64,0.122428,0.06735554980052874,0.605898,97.8,0.6546
4205,2,3579.47,10144.24,0.0837,0.06735083799330258,0.502529,97.2,0.6586
4206,2,3580.13,10142.84,0.098435,0.06734612490118605,0.426367,97.7,0.6551
4207,2,3580.78,10141.43,0.06504,0.06734141052438465,0.485846,98.2,0.652
4208,2,3581.43,10140.02,0.090994,0.06733669486310385,0.503893,97.8,0.6541
4209,2,3582.09,10138.63,0.144822,0.06733197791754925,0.512584,97.2,0.6585
4210,2,3582.75,10137.23,0.07976,0.06732725968792645,0.270636,97.7,0.6552
4211,2,3583.41,10135.82,0.061491,0.06732254017444113,0.292957,97.8,0.6547
4212,2,3584.06,10134.42,0.096648,0.067317819377299,0.396689,98.0,0.6527
4213,2,3584.72,10133.04,0.098733,0.06731309729670586,0.614423,96.7,0.6619
4214,2,3585.38,10131.64,0.055324,0.06730837393286755,0.306022,97.5,0.6565
4215,2,3586.04,10130.23,0.070126,0.06730364928598997,0.448506,98.1,0.6523
4216,2,3586.69,10128.82,0.086487,0.06729892335627907,0.885218,98.1,0.6526
4217,2,3587.34,10127.42,0.137914,0.06729419614394087,0.847236,98.1,0.6527
4218,2,3588.0,10126.02,0.106117,0.06728946764918142,0.552995,97.7,0.6549
4219,2,3588.66,10124.63,0.108987,0.06728473787220685,0.346254,96.9,0.6602
4220,2,3589.32,10123.23,0.083773,0.06728000681322333,0.471626,97.7,0.6548
4221,2,3589.98,10121.86,0.104138,0.0672752744724371,0.280542,96.9,0.6607
4222,2,3590.64,10120.47,0.094375,0.06727054085005445,0.421494,97.4,0.6574
4223,2,3591.3,10119.07,0.081317,0.06726580594628172,0.481845,97.8,0.6542
4224,2,3591.95,10117.67,0.126253,0.0672610697613253,0.44615,97.8,0.6541
4225,2,3592.61,10116.29,0.078167,0.06725633229539166,0.498786,96.9,0.6605
4226,2,3593.27,10114.88,0.153179,0.06725159354868732,0.51031,98.1,0.6525
4227,2,3593.92,10113.49,0.094616,0.06724685352141883,0.423148,97.8,0.6547
4228,2,3594.58,10112.09,0.12268,0.06724211221379284,0.511552,97.6,0.6558
4229,2,3595.24,10110.7,0.102661,0.067237369626016,0.972272,97.7,0.655
4230,2,3595.9,10109.31,0.133257,0.06723262575829506,1.683561,97.1,0.6588
4231,2,3596.55,10107.92,0.113275,0.0672278806108368,0.749165,97.7,0.6553
4232,2,3597.21,10106.52,0.06221,0.0672231341838481,0.54705,97.9,0.6535
4233,2,3597.86,10105.13,0.077479,0.06721838647753582,0.504393,97.7,0.6551
4234,2,3598.52,10103.72,0.103026,0.06721363749210696,0.348443,98.1,0.6524
4235,2,3599.18,10102.35,0.044027,0.0672088872277685,0.523918,96.6,0.6624
4236,2,3599.85,10100.99,0.139727,0.06720413568472752,1.615986,96.0,0.6666
4237,2,3600.5,10099.59,0.133493,0.06719938286319115,0.43374,97.9,0.6537
4238,2,3601.16,10098.2,0.142653,0.06719462876336658,0.750822,97.6,0.6557
4239,2,3601.82,10096.81,0.104891,0.06718987338546105,0.367017,97.6,0.656
4240,2,3602.47,10095.42,0.129761,0.06718511672968182,0.45397,97.7,0.6551
4241,2,3603.14,10094.06,0.033167,0.06718035879623625,0.322265,96.9,0.6606
4242,2,3603.79,10092.66,0.093132,0.06717559958533177,0.250665,98.0,0.6528
4243,2,3604.45,10091.27,0.092934,0.06717083909717583,0.588855,98.0,0.6528
4244,2,3605.1,10089.87,0.148261,0.06716607733197594,0.601282,97.9,0.6539
4245,2,3605.76,10088.48,0.111654,0.06716131428993967,0.42968,97.8,0.6544
4246,2,3606.42,10087.1,0.099482,0.06715654997127464,0.450853,97.2,0.6587
4247,2,3607.08,10085.71,0.118377,0.06715178437618856,0.473938,97.8,0.6545
4248,2,3607.73,10084.32,0.1562,0.06714701750488913,0.732584,97.6,0.6558
4249,2,3608.39,10082.94,0.071406,0.06714224935758419,0.553812,97.6,0.6558
4250,2,3609.04,10081.55,0.127862,0.06713747993448155,0.436983,97.9,0.654
4251,2,3609.71,10080.18,0.052375,0.06713270923578912,0.438541,96.5,0.6631
4252,2,3610.36,10078.79,0.106001,0.06712793726171488,0.902126,97.6,0.6557
4253,2,3611.02,10077.4,0.080289,0.06712316401246685,0.427475,98.1,0.6523
4254,2,3611.68,10076.01,0.115854,0.06711838948825309,0.746435,97.4,0.657
4255,2,3612.33,10074.63,0.134755,0.06711361368928172,0.702389,97.8,0.6543
4256,2,3612.99,10073.24,0.072332,0.06710883661576093,0.282013,97.7,0.6554
4257,2,3613.65,10071.86,0.141101,0.06710405826789897,0.85771,97.2,0.6584
4258,2,3614.3,10070.47,0.133932,0.06709927864590412,0.696642,97.9,0.654
4259,2,3614.96,10069.09,0.118794,0.06709449774998474,0.369104,97.6,0.6555
4260,2,3615.61,10067.7,0.069429,0.06708971558034922,0.431572,97.8,0.6543
4261,2,3616.28,10066.34,0.111794,0.06708493213720604,0.486592,97.0,0.6596
4262,2,3616.94,10064.96,0.136304,0.0670801474207637,0.396892,97.5,0.6565
4263,2,3617.59,10063.57,0.109341,0.06707536143123079,0.402506,98.0,0.6528
4264,2,3618.25,10062.19,0.099621,0.06707057416881591,0.607639,97.8,0.6546
4265,2,3618.9,10060.81,0.064376,0.06706578563372778,0.484257,97.7,0.6548
4266,2,3619.56,10059.42,0.067851,0.06706099582617511,0.490065,97.8,0.6546
4267,2,3620.22,10058.05,0.171811,0.06705620474636671,0.804742,97.2,0.6586
4268,2,3620.87,10056.67,0.169806,0.06705141239451141,0.552799,97.8,0.6545
4269,2,3621.54,10055.31,0.042269,0.06704661877081815,0.384641,96.5,0.6635
4270,2,3622.2,10053.94,0.090526,0.06704182387549584,0.47132,97.2,0.6584
4271,2,3622.85,10052.55,0.072532,0.06703702770875354,0.24371,97.8,0.6545
4272,2,3623.52,10051.19,0.136111,0.06703223027080031,0.701985,96.5,0.6635
4273,2,3624.18,10049.82,0.100298,0.06702743156184526,0.952871,97.3,0.6579
4274,2,3624.83,10048.44,0.125715,0.06702263158209759,1.503316,97.9,0.6535
4275,2,3625.49,10047.06,0.105582,0.06701783033176653,0.306112,97.7,0.6553
4276,2,3626.14,10045.67,0.08128,0.06701302781106137,0.488889,98.2,0.652
4277,2,3626.8,10044.31,0.121224,0.06700822402019146,0.400282,96.8,0.6608
4278,2,3627.46,10042.93,0.09944,0.0670034189593662,0.293183,97.7,0.6554
4279,2,3628.12,10041.55,0.100519,0.06699861262879507,0.900608,97.9,0.654
4280,2,3628.77,10040.17,0.110315,0.06699380502868756,0.584283,97.6,0.6558
4281,2,3629.43,10038.8,0.169387,0.06698899615925324,0.431276,98.0,0.6528
4282,2,3630.09,10037.42,0.113203,0.06698418602070176,0.412866,97.7,0.6552
4283,2,3630.75,10036.05,0.142267,0.06697937461324277,0.404295,97.4,0.6571
4284,2,3631.4,10034.67,0.065257,0.06697456193708602,0.381809,97.8,0.6546
4285,2,3632.06,10033.31,0.071289,0.06696974799244129,0.212448,96.6,0.6624
4286,2,3632.73,10031.95,0.102361,0.06696493277951845,0.360439,97.1,0.6591
4287,2,3633.38,10030.57,0.082334,0.06696011629852738,0.528993,97.8,0.6547
4288,2,3634.04,10029.19,0.061921,0.06695529854967805,0.47134,97.8,0.6546
4289,2,3634.69,10027.82,0.090874,0.06695047953318045,0.537313,97.8,0.6547
4290,2,3635.35,10026.44,0.102387,0.06694565924924469,0.577781,97.8,0.6542
4291,2,3636.0,10025.06,0.133304,0.06694083769808083,0.468692,98.0,0.6528
4292,2,3636.66,10023.69,0.044517,0.06693601487989911,0.214166,97.7,0.6552
4293,2,3637.32,10022.33,0.070854,0.06693119079490974,0.345371,96.6,0.6625
4294,2,3637.98,10020.97,0.134416,0.06692636544332299,1.220339,97.1,0.6594
4295,2,3638.64,10019.6,0.168578,0.06692153882534922,0.385874,97.4,0.6568
4296,2,3639.29,10018.23,0.149176,0.06691671094119883,0.40479,98.0,0.6532
4297,2,3639.95,10016.86,0.076976,0.06691188179108228,0.919629,97.6,0.6557
4298,2,3640.61,10015.48,0.087152,0.06690705137521005,1.240316,97.7,0.6548
4299,2,3641.26,10014.11,0.13938,0.06690221969379273,1.168562,98.0,0.6534
4300,2,3641.93,10012.77,0.118511,0.06689738674704093,1.18903,95.6,0.6695
4301,2,3642.6,10011.42,0.13693,0.06689255253516534,0.859567,97.4,0.6569
4302,2,3643.26,10010.07,0.082737,0.06688771705837666,0.544995,96.8,0.6614
4303,2,3643.91,10008.69,0.079509,0.0668828803168857,0.345657,97.9,0.6536
4304,2,3644.57,10007.32,0.090612,0.06687804231090329,0.467987,97.9,0.6536
4305,2,3645.23,10005.95,0.090529,0.06687320304064032,0.276975,97.5,0.6561
4306,2,3645.88,10004.58,0.106512,0.06686836250630776,0.679821,97.9,0.6537
4307,2,3646.54,10003.21,0.09307,0.06686352070811659,0.858914,97.9,0.654
4308,2,3647.21,10001.89,0.077539,0.06685867764627788,0.293212,94.9,0.6744
4309,2,3647.87,10000.52,0.088405,0.06685383332100275,0.370081,97.9,0.6537
4310,2,3648.53,9999.16,0.119768,0.06684898773250238,0.542434,97.2,0.6584
4311,2,3649.18,9997.79,0.056357,0.06684414088098797,0.539477,97.7,0.6548
4312,2,3649.84,9996.42,0.085479,0.06683929276667082,0.357057,98.0,0.6532
4313,2,3650.49,9995.05,0.080989,0.06683444338976224,0.791176,97.7,0.6548
4314,2,3651.15,9993.69,0.141347,0.06682959275047365,0.627307,97.6,0.6556
4315,2,3651.8,9992.32,0.034452,0.0668247408490165,0.44954,97.9,0.6536
4316,2,3652.46,9990.94,0.118813,0.06681988768560226,0.845095,98.0,0.6533
4317,2,3653.11,9989.58,0.110062,0.06681503326044251,0.357003,97.6,0.6556
4318,2,3653.78,9988.23,0.11313,0.06681017757374885,1.174232,97.1,0.6593
4319,2,3654.43,9986.86,0.159807,0.06680532062573295,2.452066,97.6,0.6554
4320,2,3655.09,9985.5,0.153893,0.06680046241660653,0.809369,97.7,0.6549
4321,2,3655.76,9984.17,0.126018,0.06679560294658136,0.550322,96.5,0.663
4322,2,3656.41,9982.79,0.170846,0.06679074221586928,0.635559,98.0,0.6527
4323,2,3657.07,9981.43,0.096809,0.06678588022468217,0.973462,97.6,0.6559
4324,2,3657.72,9980.07,0.108939,0.06678101697323198,0.391447,97.9,0.654
4325,2,3658.38,9978.71,0.104617,0.06677615246173069,0.352247,97.6,0.6559
4326,2,3659.04,9977.35,0.090214,0.06677128669039036,0.491783,97.5,0.6565
4327,2,3659.69,9975.98,0.121833,0.06676641965942309,0.593732,98.0,0.653
4328,2,3660.35,9974.62,0.069616,0.06676155136904105,0.731158,97.6,0.6554
4329,2,3661.0,9973.25,0.134168,0.06675668181945646,0.460241,97.9,0.6535
4330,2,3661.66,9971.89,0.098671,0.06675181101088157,0.857023,97.6,0.6555
4331,2,3662.32,9970.53,0.174292,0.0667469389435287,2.073403,97.5,0.6566
4332,2,3662.97,9969.17,0.138275,0.06674206561761026,0.787237,97.8,0.6541
4333,2,3663.63,9967.81,0.122386,0.06673719103333865,0.841824,97.7,0.655
4334,2,3664.29,9966.46,0.12774,0.06673231519092639,1.113033,97.3,0.6577
4335,2,3664.94,9965.1,0.161198,0.066727438090586,0.365322,97.9,0.6538
4336,2,3665.6,9963.73,0.078195,0.0667225597325301,0.749981,98.0,0.6532
4337,2,3666.26,9962.37,0.135524,0.06671768011697134,1.040632,97.6,0.6558
4338,2,3666.91,9961.01,0.139584,0.06671279924412242,0.578653,98.0,0.653
4339,2,3667.57,9959.65,0.12291,0.0667079171141961,0.736721,97.7,0.6548
4340,2,3668.22,9958.3,0.117787,0.06670303372740521,0.234277,97.7,0.6553
4341,2,3668.9,9956.98,0.13038,0.06669814908396263,0.484473,95.8,0.6679
4342,2,3669.55,9955.63,0.091157,0.06669326318408125,0.358353,97.6,0.6559
4343,2,3670.21,9954.27,0.134368,0.0666883760279741,0.519183,97.6,0.6556
4344,2,3670.87,9952.92,0.129874,0.06668348761585419,0.462247,97.6,0.6557
4345,2,3671.52,9951.56,0.075032,0.06667859794793463,0.39435,97.6,0.6557
4346,2,3672.18,9950.21,0.039867,0.06667370702442854,0.3892,97.6,0.6556
4347,2,3672.84,9948.85,0.163855,0.06666881484554915,0.532853,97.9,0.6539
4348,2,3673.5,9947.51,0.110902,0.06666392141150972,0.35829,96.5,0.663
4349,2,3674.16,9946.16,0.128189,0.06665902672252354,0.850967,97.8,0.6545
4350,2,3674.82,9944.82,0.128358,0.06665413077880397,1.341279,96.8,0.6611
4351,2,3675.47,9943.46,0.090112,0.06664923358056445,0.770285,97.7,0.6548
4352,2,3676.13,9942.11,0.146066,0.06664433512801844,0.676775,97.6,0.6557
4353,2,3676.79,9940.77,0.107776,0.06663943542137948,0.501043,96.8,0.6614
4354,2,3677.45,9939.42,0.11702,0.06663453446086116,0.418215,97.7,0.6549
4355,2,3678.1,9938.06,0.092832,0.0666296322466771,0.451775,98.0,0.6533
4356,2,3678.76,9936.72,0.147847,0.06662472877904102,0.479303,96.9,0.6605
4357,2,3679.42,9935.37,0.098901,0.06661982405816665,0.315267,97.5,0.6565
4358,2,3680.08,9934.03,0.144596,0.0666149180842678,0.359725,97.0,0.6595
4359,2,3680.74,9932.68,0.090045,0.06661001085755833,0.483645,97.7,0.6547
4360,2,3681.4,9931.32,0.106672,0.06660510237825214,0.635366,97.7,0.655
4361,2,3682.05,9929.98,0.115579,0.0666001926465632,0.381144,98.0,0.6529
4362,2,3682.71,9928.62,0.12017,0.06659528166270554,0.847855,98.0,0.653
4363,2,3683.37,9927.28,0.056153,0.06659036942689324,0.428906,97.6,0.6558
4364,2,3684.03,9925.93,0.12615,0.0665854559393404,0.994616,97.3,0.658
4365,2,3684.68,9924.58,0.133997,0.06658054120026125,1.023598,97.8,0.6541
4366,2,3685.34,9923.23,0.155866,0.06657562520987001,1.130981,97.9,0.6539
4367,2,3685.99,9921.88,0.138222,0.06657070796838097,0.524422,97.8,0.6542
4368,2,3686.65,9920.52,0.132315,0.06656578947600848,0.508553,97.9,0.6539
4369,2,3687.3,9919.17,0.103033,0.06656086973296696,0.37423,98.0,0.6531
4370,2,3687.96,9917.82,0.136576,0.06655594873947084,0.632769,97.8,0.6547
4371,2,3688.62,9916.48,0.09533,0.06655102649573465,0.502472,97.4,0.6572
4372,2,3689.28,9915.15,0.116993,0.06654610300197294,0.337658,96.8,0.6609
4373,2,3689.93,9913.79,0.160453,0.06654117825840036,0.853523,98.0,0.653
4374,2,3690.6,9912.47,0.071248,0.06653625226523156,0.479395,96.7,0.6619
4375,2,3691.25,9911.12,0.094284,0.06653132502268128,0.898333,97.6,0.6558
4376,2,3691.91,9909.77,0.116533,0.06652639653096432,0.484638,97.9,0.6536
4377,2,3692.56,9908.42,0.084136,0.06652146679029548,0.400686,97.9,0.6535
4378,2,3693.22,9907.07,0.149512,0.0665165358008897,0.471806,97.8,0.6543
4379,2,3693.87,9905.72,0.073637,0.0665116035629619,0.535037,97.9,0.654
4380,2,3694.53,9904.39,0.138929,0.0665066700767271,0.981155,97.1,0.6589
4381,2,3695.21,9903.08,0.09748,0.06650173534240035,0.535907,95.9,0.667
4382,2,3695.86,9901.74,0.162636,0.06649679936019676,0.502444,97.8,0.6546
4383,2,3696.52,9900.4,0.095745,0.06649186213033148,0.589651,97.7,0.6552
4384,2,3697.17,9899.05,0.076674,0.06648692365301975,0.424626,97.8,0.6542
4385,2,3697.83,9897.71,0.17256,0.06648198392847685,0.869658,97.6,0.6558
4386,2,3698.49,9896.36,0.112078,0.06647704295691809,0.397756,97.7,0.6553
4387,2,3699.15,9895.04,0.096347,0.06647210073855886,0.630489,96.8,0.661
4388,2,3699.8,9893.69,0.100959,0.06646715727361462,0.481215,98.0,0.6532
4389,2,3700.46,9892.34,0.062049,0.06646221256230081,0.726005,98.1,0.6526
4390,2,3701.12,9891.0,0.115863,0.06645726660483303,0.463516,97.3,0.6577
4391,2,3701.77,9889.66,0.114087,0.06645231940142686,0.429053,97.9,0.6539
4392,2,3702.43,9888.31,0.057384,0.06644737095229795,0.410897,97.9,0.6535
4393,2,3703.08,9886.97,0.104761,0.06644242125766202,0.873344,97.6,0.6558
4394,2,3703.74,9885.63,0.118625,0.06643747031773482,0.913181,97.8,0.6541
4395,2,3704.4,9884.31,0.128739,0.06643251813273218,0.432035,96.4,0.6639
4396,2,3705.06,9882.97,0.093283,0.06642756470286997,0.618035,97.9,0.6537
4397,2,3705.71,9881.62,0.067131,0.06642261002836411,0.335722,97.9,0.6538
4398,2,3706.38,9880.3,0.087913,0.06641765410943058,0.252159,96.9,0.6603
4399,2,3707.03,9878.95,0.121515,0.06641269694628542,0.459376,98.0,0.6533
4400,2,3707.68,9877.61,0.121689,0.06640773853914472,0.366476,98.0,0.6533
4401,2,3708.38,9876.38,0.167251,0.06640277888822463,0.882509,96.9,0.6602
4402,2,3709.04,9875.04,0.086523,0.06639781799374134,0.610436,97.7,0.6551
4403,2,3709.69,9873.7,0.094073,0.06639285585591109,1.112066,98.0,0.6533
4404,2,3710.35,9872.36,0.090076,0.06638789247495021,0.521375,98.1,0.6526
4405,2,3711.0,9871.01,0.108256,0.06638292785107504,0.682386,97.9,0.6536
4406,2,3711.67,9869.69,0.233703,0.066377961984502,1.584923,96.8,0.6611
4407,2,3712.32,9868.35,0.161238,0.06637299487544758,0.260186,98.1,0.6526
4408,2,3712.97,9867.01,0.102723,0.06636802652412828,0.386265,97.9,0.6536
4409,2,3713.63,9865.68,0.121643,0.06636305693076068,0.868394,97.2,0.6585
4410,2,3714.29,9864.34,0.138368,0.06635808609556142,1.128932,98.0,0.6533
4411,2,3714.95,9863.02,0.073723,0.06635311401874716,0.30887,96.9,0.6606
4412,2,3715.61,9861.68,0.130624,0.06634814070053467,0.843185,97.7,0.6551
4413,2,3716.26,9860.35,0.12756,0.06634316614114072,0.444353,97.6,0.6555
4414,2,3716.92,9859.02,0.156841,0.06633819034078217,0.745169,97.2,0.6584
4415,2,3717.58,9857.69,0.110941,0.06633321329967592,0.671721,97.6,0.6559
4416,2,3718.24,9856.36,0.094215,0.06632823501803893,0.502694,97.6,0.6556
4417,2,3718.9,9855.05,0.108669,0.06632325549608821,0.215116,96.6,0.6628
4418,2,3719.57,9853.75,0.080942,0.06631827473404081,0.306159,95.9,0.6673
4419,2,3720.22,9852.4,0.107328,0.06631329273211387,0.611456,98.1,0.6524
4420,2,3720.88,9851.07,0.11951,0.06630830949052453,0.629918,98.0,0.653
4421,2,3721.54,9849.75,0.124267,0.06630332500949004,0.549248,97.7,0.6554
4422,2,3722.2,9848.42,0.21007,0.06629833928922768,0.90819,97.2,0.6583
4423,2,3722.85,9847.08,0.078166,0.06629335232995477,0.452653,98.1,0.6522
4424,2,3723.51,9845.75,0.090729,0.06628836413188872,0.358841,97.7,0.6551
4425,2,3724.16,9844.42,0.063617,0.06628337469524696,0.24663,97.9,0.6536
4426,2,3724.82,9843.08,0.123062,0.06627838402024698,0.556737,97.9,0.6536
4427,2,3725.48,9841.77,0.12257,0.06627339210710634,0.455797,96.8,0.6613
4428,2,3726.14,9840.43,0.111651,0.06626839895604263,0.817111,97.8,0.6547
4429,2,3726.79,9839.1,0.140275,0.06626340456727352,0.844955,97.7,0.6551
4430,2,3727.45,9837.78,0.160941,0.06625840894101671,0.794066,97.5,0.6566
4431,2,3728.11,9836.45,0.05134,0.06625341207749,0.248358,97.8,0.6546
4432,2,3728.76,9835.11,0.110309,0.06624841397691117,0.624271,97.8,0.6541
4433,2,3729.42,9833.78,0.042785,0.06624341463949812,0.276971,97.7,0.6551
4434,2,3730.07,9832.45,0.068684,0.06623841406546876,0.562058,98.0,0.6533
4435,2,3730.74,9831.14,0.098018,0.06623341225504108,0.293764,96.5,0.6634
4436,2,3731.39,9829.81,0.118324,0.06622840920843309,0.330081,97.7,0.6551
4437,2,3732.05,9828.48,0.017875,0.06622340492586293,0.322741,97.9,0.6538
4438,2,3732.71,9827.17,0.136962,0.0662183994075487,1.473929,96.9,0.6606
4439,2,3733.37,9825.84,0.087156,0.06621339265370861,0.569732,97.6,0.6555
4440,2,3734.02,9824.51,0.088169,0.06620838466456093,0.441925,97.8,0.6542
4441,2,3734.68,9823.2,0.078666,0.06620337544032394,0.552032,97.9,0.6539
4442,2,3735.34,9821.87,0.117779,0.06619836498121602,0.43243,97.5,0.6562
4443,2,3736.0,9820.56,0.095232,0.06619335328745556,0.38324,97.0,0.66
4444,2,3736.66,9819.24,0.036142,0.06618834035926104,0.242654,97.6,0.6559
4445,2,3737.31,9817.91,0.130692,0.06618332619685097,0.680728,98.0,0.6532
4446,2,3737.97,9816.58,0.068637,0.06617831080044392,0.469694,97.6,0.6556
4447,2,3738.62,9815.26,0.144934,0.06617329417025855,0.477368,97.8,0.6541
4448,2,3739.28,9813.93,0.11978,0.06616827630651352,0.43487,97.9,0.6535
4449,2,3739.94,9812.61,0.096184,0.06616325720942756,0.616168,97.3,0.6578
4450,2,3740.59,9811.28,0.059665,0.06615823687921946,0.400225,97.9,0.6537
4451,2,3741.25,9809.97,0.092218,0.06615321531610806,0.451213,97.2,0.6583
4452,2,3741.91,9808.64,0.103889,0.06614819252031227,0.636219,97.7,0.6551
4453,2,3742.58,9807.35,0.110874,0.06614316849205103,1.514061,96.3,0.6649
4454,2,3743.24,9806.04,0.121975,0.06613814323154335,2.089769,97.0,0.66
4455,2,3743.89,9804.72,0.137072,0.06613311673900829,1.181845,97.7,0.6553
4456,2,3744.55,9803.39,0.103657,0.06612808901466495,0.315803,97.9,0.6537
4457,2,3745.2,9802.06,0.057964,0.0661230600587325,0.414968,98.1,0.6522
4458,2,3745.86,9800.74,0.110592,0.06611802987143016,0.222599,97.5,0.6561
4459,2,3746.52,9799.44,0.108689,0.0661129984529772,0.51752,96.3,0.6644
4460,2,3747.18,9798.12,0.126477,0.06610796580359296,0.420323,97.7,0.6553
4461,2,3747.84,9796.81,0.1203,0.06610293192349681,0.351108,97.9,0.6534
4462,2,3748.5,9795.5,0.084033,0.06609789681290817,0.342977,96.8,0.6608
4463,2,3749.16,9794.18,0.080207,0.06609286047204654,0.477988,97.6,0.6561
4464,2,3749.82,9792.87,0.050692,0.06608782290113147,0.466585,97.6,0.6558
4465,2,3750.47,9791.55,0.096308,0.06608278410038253,0.86001,97.5,0.6562
4466,2,3751.13,9790.23,0.089653,0.06607774407001939,0.483546,97.6,0.6559
4467,2,3751.79,9788.91,0.117646,0.06607270281026173,0.651391,97.8,0.6546
4468,2,3752.44,9787.6,0.13387,0.06606766032132932,0.722965,97.6,0.6559
4469,2,3753.1,9786.28,0.094126,0.06606261660344198,0.508874,97.7,0.6553
4470,2,3753.77,9784.98,0.114244,0.06605757165681955,0.718754,96.5,0.663
4471,2,3754.42,9783.67,0.079213,0.06605252548168196,0.34954,97.7,0.6549
4472,2,3755.08,9782.35,0.078175,0.06604747807824918,0.270606,97.4,0.6572
4473,2,3755.74,9781.03,0.05512,0.06604242944674121,0.344513,97.9,0.6539
4474,2,3756.39,9779.72,0.077458,0.06603737958737817,0.605697,97.3,0.6575
4475,2,3757.06,9778.43,0.081472,0.06603232850038016,0.415993,96.1,0.6656
4476,2,3757.72,9777.12,0.115703,0.06602727618596735,0.936196,97.4,0.657
4477,2,3758.38,9775.81,0.133236,0.06602222264436,1.091138,97.5,0.6562
4478,2,3759.04,9774.51,0.160448,0.06601716787577841,0.40442,96.7,0.6617
4479,2,3759.7,9773.2,0.104902,0.0660121118804429,0.595958,97.6,0.656
4480,2,3760.35,9771.88,0.117972,0.06600705465857389,0.87327,97.9,0.6537
4481,2,3761.01,9770.57,0.123699,0.0660019962103918,1.189444,97.9,0.6536
4482,2,3761.68,9769.28,0.122573,0.06599693653611716,0.754598,96.5,0.663
4483,2,3762.33,9767.96,0.116909,0.06599187563597052,0.48527,98.1,0.6527
4484,2,3762.99,9766.65,0.070169,0.06598681351017248,0.212274,97.6,0.6559
4485,2,3763.64,9765.33,0.089615,0.06598175015894371,0.781616,97.8,0.6541
4486,2,3764.3,9764.03,0.101897,0.06597668558250495,0.938969,96.9,0.6604
4487,2,3764.96,9762.71,0.10977,0.06597161978107696,0.281373,98.0,0.6534
4488,2,3765.61,9761.4,0.039658,0.06596655275488054,0.194215,97.7,0.6551
4489,2,3766.27,9760.09,0.065381,0.0659614845041366,0.409504,97.7,0.6548
4490,2,3766.93,9758.79,0.125476,0.06595641502906606,0.466302,97.0,0.6597
4491,2,3767.59,9757.47,0.155862,0.0659513443298899,0.901827,98.0,0.6531
4492,2,3768.24,9756.16,0.114087,0.06594627240682915,0.896929,97.7,0.6552
4493,2,3768.9,9754.85,0.096434,0.06594119926010494,1.430192,97.7,0.6552
4494,2,3769.56,9753.55,0.149781,0.06593612488993839,0.444156,96.7,0.6619
4495,2,3770.22,9752.25,0.101991,0.06593104929655068,0.838575,97.2,0.6587
4496,2,3770.88,9750.94,0.134704,0.06592597248016308,0.539733,97.7,0.6552
4497,2,3771.53,9749.63,0.089333,0.0659208944409969,0.851036,98.0,0.6533
4498,2,3772.19,9748.33,0.155376,0.0659158151792735,0.7219,97.3,0.6575
4499,2,3772.85,9747.01,0.119376,0.06591073469521429,0.438703,98.0,0.6532
4500,2,3773.5,9745.7,0.085398,0.06590565298904072,0.413592,97.7,0.6549
4501,2,3796.03,9800.86,0.100923,0.06590057006097433,0.553147,91.0,0.7036
4502,2,3796.7,9799.56,0.113683,0.06589548591123667,1.343954,95.8,0.6679
4503,2,3797.36,9798.26,0.143542,0.06589040054004938,0.463467,96.1,0.666
4504,2,3798.02,9796.95,0.156797,0.06588531394763412,0.694509,97.2,0.6587
4505,2,3798.7,9795.66,0.098051,0.06588022613421265,0.501801,95.6,0.6695
4506,2,3799.36,9794.35,0.085606,0.06587513710000673,0.735306,96.5,0.6631
4507,2,3800.02,9793.05,0.07356,0.0658700468452382,0.235185,96.4,0.6641
4508,2,3800.68,9791.74,0.17287,0.06586495537012897,0.476126,97.1,0.659
4509,2,3801.35,9790.43,0.078252,0.06585986267490096,0.452786,96.8,0.6609
4510,2,3802.01,9789.12,0.111148,0.06585476875977618,0.661906,96.8,0.6612
4511,2,3802.67,9787.8,0.062351,0.06584967362497669,0.277832,97.0,0.6595
4512,2,3803.32,9786.47,0.136449,0.06584457727072457,0.278424,98.1,0.6527
4513,2,3803.99,9785.18,0.105677,0.06583947969724199,0.365731,95.8,0.6678
4514,2,3804.65,9783.88,0.096418,0.06583438090475116,1.126728,96.8,0.6608
4515,2,3805.32,9782.57,0.121888,0.06582928089347434,0.432166,96.8,0.6615
4516,2,3806.0,9781.31,0.168172,0.06582417966363385,0.409844,93.9,0.6812
4517,2,3806.66,9780.01,0.087311,0.06581907721545206,0.231788,96.9,0.6604
4518,2,3807.32,9778.7,0.108406,0.06581397354915139,0.524797,97.0,0.6601
4519,2,3807.98,9777.38,0.138272,0.06580886866495432,0.611224,97.6,0.656
4520,2,3808.64,9776.08,0.104925,0.06580376256308336,0.534969,96.5,0.6635
4521,2,3809.32,9774.8,0.131134,0.06579865524376112,0.622786,96.1,0.6663
4522,2,3809.97,9773.48,0.166404,0.06579354670721023,0.436472,97.7,0.655
4523,2,3810.63,9772.17,0.135139,0.06578843695365336,0.455551,97.4,0.6574
4524,2,3811.29,9770.86,0.093992,0.06578332598331325,0.777874,96.8,0.6608
4525,2,3811.95,9769.55,0.113712,0.06577821379641272,1.566826,97.1,0.659
4526,2,3812.61,9768.22,0.077646,0.06577310039317459,0.347768,98.1,0.6523
4527,2,3813.27,9766.92,0.106886,0.06576798577382176,0.587581,97.1,0.6592
4528,2,3813.92,9765.6,0.078913,0.0657628699385772,0.458644,97.7,0.6553
4529,2,3814.58,9764.28,0.112916,0.06575775288766392,0.601358,97.8,0.6542
4530,2,3815.23,9762.95,0.10369,0.06575263462130496,0.441828,98.0,0.6533
4531,2,3815.89,9761.63,0.124017,0.06574751513972343,0.666456,98.1,0.6523
4532,2,3816.54,9760.31,0.055915,0.0657423944431425,0.268807,97.5,0.6562
4533,2,3817.2,9758.99,0.177001,0.06573727253178542,0.78045,97.7,0.6551
4534,2,3817.85,9757.67,0.133812,0.0657321494058754,0.422369,98.2,0.652
4535,2,3818.51,9756.36,0.121881,0.06572702506563581,0.540047,96.9,0.6607
4536,2,3819.17,9755.04,0.053344,0.06572189951129002,0.339539,98.1,0.6521
4537,2,3819.82,9753.72,0.080992,0.06571677274306147,0.961444,97.7,0.6552
4538,2,3820.48,9752.4,0.135118,0.0657116447611736,0.36396,98.0,0.6528
4539,2,3821.13,9751.08,0.094739,0.06570651556584997,0.422999,98.2,0.652
4540,2,3821.79,9749.77,0.137446,0.06570138515731416,1.213606,97.1,0.6594
4541,2,3822.46,9748.51,0.116643,0.06569625353578984,1.908669,95.3,0.6718
4542,2,3823.12,9747.18,0.096969,0.06569112070150068,0.609215,98.1,0.6523
4543,2,3823.77,9745.86,0.102828,0.06568598665467044,0.440232,97.9,0.6537
4544,2,3824.43,9744.56,0.141173,0.0656808513955229,0.721611,97.2,0.6585
4545,2,3825.09,9743.25,0.109898,0.06567571492428194,0.530648,97.6,0.656
4546,2,3825.74,9741.93,0.078333,0.06567057724117144,0.629901,97.8,0.6544
4547,2,3826.4,9740.61,0.156006,0.06566543834641536,1.434062,98.1,0.6524
4548,2,3827.05,9739.3,0.090926,0.06566029824023774,0.583516,97.5,0.6563
4549,2,3827.72,9738.0,0.127169,0.0656551569228626,0.488922,96.8,0.6611
4550,2,3828.37,9736.68,0.076289,0.06565001439451408,0.300786,98.0,0.6527
4551,2,3829.03,9735.37,0.092042,0.06564487065541635,0.331791,97.6,0.6555
4552,2,3829.68,9734.06,0.117517,0.06563972570579364,0.425148,97.4,0.657
4553,2,3830.34,9732.74,0.085645,0.06563457954587022,0.339823,98.1,0.6526
4554,2,3830.99,9731.43,0.115199,0.0656294321758704,0.623536,98.0,0.6533
4555,2,3831.65,9730.11,0.122987,0.06562428359601859,0.563738,98.2,0.652
4556,2,3832.3,9728.8,0.113535,0.0656191338065392,0.603121,97.5,0.6561
4557,2,3832.96,9727.49,0.043714,0.06561398280765673,0.546685,97.5,0.6562
4558,2,3833.62,9726.19,0.035204,0.06560883059959573,0.318749,97.3,0.6578
4559,2,3834.27,9724.87,0.12721,0.06560367718258076,0.284591,98.2,0.652
4560,2,3834.92,9723.55,0.075985,0.06559852255683647,0.249049,98.2,0.6519
4561,2,3835.58,9722.25,0.15115,0.06559336672258757,0.570177,97.8,0.6543
4562,2,3836.24,9720.93,0.07476,0.06558820968005881,0.345861,98.2,0.6518
4563,2,3836.89,9719.61,0.115954,0.06558305142947499,0.323572,98.2,0.6515
4564,2,3837.55,9718.31,0.067145,0.06557789197106095,0.338864,97.2,0.6583
4565,2,3838.2,9717.0,0.108783,0.06557273130504163,0.414176,97.6,0.6557
4566,2,3838.86,9715.69,0.101852,0.06556756943164196,0.751994,98.0,0.6533
4567,2,3839.51,9714.38,0.093582,0.06556240635108697,1.039289,98.0,0.6532
4568,2,3840.17,9713.06,0.104,0.06555724206360171,0.598762,98.1,0.6527
4569,2,3840.83,9711.77,0.076575,0.06555207656941131,0.349877,96.7,0.6618
4570,2,3841.48,9710.46,0.036659,0.06554690986874093,0.451001,97.7,0.6549
4571,2,3842.14,9709.15,0.094626,0.0655417419618158,0.446255,98.3,0.6512
4572,2,3842.79,9707.83,0.04345,0.0655365728488612,0.28759,98.2,0.6514
4573,2,3843.45,9706.53,0.194917,0.06553140253010246,1.278885,97.2,0.6585
4574,2,3844.1,9705.22,0.157001,0.06552623100576496,0.627799,98.1,0.6521
4575,2,3844.76,9703.92,0.054695,0.06552105827607413,0.207058,97.5,0.6566
4576,2,3845.41,9702.61,0.110413,0.06551588434125544,0.37268,97.9,0.6534
4577,2,3846.11,9701.4,0.13345,0.06551070920153444,0.566211,92.3,0.6933
4578,2,3846.77,9700.11,0.13966,0.06550553285713674,1.27286,96.6,0.6629
4579,2,3847.42,9698.8,0.048996,0.06550035530828797,1.00268,98.1,0.6522
4580,2,3848.08,9697.5,0.110821,0.06549517655521382,0.441251,97.6,0.6557
4581,2,3848.74,9696.19,0.094116,0.06548999659814005,0.284196,98.2,0.6515
4582,2,3849.39,9694.89,0.058553,0.06548481543729245,0.379146,97.7,0.6551
4583,2,3850.05,9693.59,0.183349,0.06547963307289689,0.565643,97.4,0.6574
4584,2,3850.7,9692.28,0.116431,0.06547444950517925,0.604647,98.3,0.6512
4585,2,3851.36,9690.98,0.105467,0.06546926473436551,0.345279,97.2,0.6582
4586,2,3852.02,9689.68,0.119917,0.06546407876068167,0.82489,97.9,0.6539
4587,2,3852.67,9688.37,0.079464,0.06545889158435378,0.482801,98.0,0.6529
4588,2,3853.32,9687.06,0.093215,0.06545370320560798,0.664055,98.2,0.6516
4589,2,3853.98,9685.76,0.087869,0.06544851362467044,0.400791,97.4,0.6572
4590,2,3854.63,9684.45,0.119992,0.06544332284176736,0.688006,98.3,0.6512
4591,2,3855.29,9683.15,0.143474,0.06543813085712503,0.946722,97.6,0.6555
4592,2,3855.94,9681.84,0.102016,0.06543293767096978,0.537102,98.2,0.6516
4593,2,3856.6,9680.54,0.052966,0.06542774328352796,0.386396,97.3,0.658
4594,2,3857.25,9679.23,0.089706,0.06542254769502603,0.691381,98.2,0.6516
4595,2,3857.91,9677.93,0.142071,0.06541735090569047,0.491771,98.0,0.6531
4596,2,3858.56,9676.63,0.053479,0.0654121529157478,0.358282,97.9,0.6539
4597,2,3859.21,9675.32,0.069858,0.0654069537254246,0.479003,98.4,0.6507
4598,2,3859.87,9674.01,0.060241,0.06540175333494753,0.968857,98.2,0.6518
4599,2,3860.52,9672.7,0.102562,0.06539655174454327,0.69327,98.3,0.6511
4600,2,3861.17,9671.39,0.089444,0.06539134895443857,0.292842,98.3,0.651
4601,2,3861.83,9670.1,0.088079,0.06538614496486023,0.939966,97.6,0.6556
4602,2,3862.49,9668.82,0.049533,0.06538093977603508,0.231121,96.8,0.661
4603,2,3863.19,9667.62,0.162021,0.06537573338819004,0.549772,91.8,0.6975
4604,2,3863.89,9666.43,0.111634,0.06537052580155205,1.03485,92.0,0.6953
4605,2,3864.59,9665.24,0.13953,0.06536531701634814,1.356003,91.4,0.7002
4606,2,3865.28,9664.03,0.094445,0.06536010703280534,0.762561,92.6,0.6908
4607,2,3866.01,9662.93,0.125084,0.06535489585115077,0.640575,87.5,0.7313
4608,2,3866.69,9661.69,0.074244,0.0653496834716116,0.520587,94.5,0.6772
4609,2,3867.58,9660.98,0.140163,0.06534446989441503,0.483781,71.9,0.8907
4610,2,3868.34,9659.95,0.11934,0.06533925511978833,0.874713,85.5,0.7481
4611,2,3869.12,9658.97,0.116728,0.06533403914795884,0.41328,82.3,0.7781
4612,2,3870.03,9658.3,0.099162,0.06532882197915389,0.329938,70.5,0.9078
4613,2,3870.99,9657.75,0.163013,0.06532360361360096,0.492131,67.1,0.9534
4614,2,3871.74,9656.69,0.138948,0.06531838405152746,0.502286,85.4,0.7499
4615,2,3872.53,9655.72,0.094995,0.06531316329316096,0.433856,81.5,0.7853
4616,2,3873.41,9655.0,0.082603,0.06530794133872904,0.349563,72.5,0.8834
4617,2,3874.19,9654.02,0.153265,0.06530271818845931,1.026944,81.9,0.7811
4618,2,3875.19,9653.56,0.087523,0.06529749384257946,0.457238,64.6,0.9901
4619,2,3876.09,9652.88,0.06919,0.06529226830131725,0.362361,71.4,0.8965
4620,2,3876.97,9652.14,0.099935,0.06528704156490044,0.413731,73.0,0.8772
4621,2,3877.77,9651.2,0.093222,0.06528181363355688,0.797482,81.2,0.7877
4622,2,3878.54,9650.19,0.135685,0.06527658450751446,1.521752,83.0,0.7709
4623,2,3879.2,9648.9,0.103615,0.06527135418700114,0.850046,97.3,0.6577
4624,2,3879.85,9647.61,0.088204,0.06526612267224488,0.373465,97.8,0.6545
4625,2,3880.51,9646.31,0.106301,0.06526088996347376,0.329431,97.7,0.6553
4626,2,3881.16,9645.02,0.104875,0.06525565606091588,0.868658,97.7,0.6551
4627,2,3881.82,9643.73,0.082289,0.06525042096479937,0.831137,97.7,0.6549
4628,2,3882.48,9642.44,0.12145,0.06524518467535245,0.461792,97.2,0.6583
4629,2,3883.14,9641.15,0.16689,0.0652399471928034,0.496777,97.4,0.6572
4630,2,3883.8,9639.87,0.130829,0.06523470851738049,0.500292,97.4,0.6571
4631,2,3884.45,9638.57,0.1174,0.0652294686493121,0.859771,97.7,0.6551
4632,2,3885.11,9637.27,0.122008,0.06522422758882664,0.475545,98.1,0.6527
4633,2,3885.76,9635.98,0.09944,0.06521898533615257,0.412738,98.0,0.653
4634,2,3886.43,9634.71,0.134104,0.0652137418915184,0.417165,96.0,0.6665
4635,2,3887.08,9633.42,0.105564,0.06520849725515272,0.361071,98.0,0.6534
4636,2,3887.74,9632.12,0.113625,0.06520325142728414,0.327535,97.9,0.6535
4637,2,3888.39,9630.83,0.092541,0.06519800440814133,0.306784,97.8,0.6546
4638,2,3889.05,9629.54,0.073293,0.065192756197953,0.511912,98.0,0.6533
4639,2,3889.7,9628.24,0.103718,0.06518750679694796,1.391615,97.9,0.6541
4640,2,3890.35,9626.95,0.139184,0.06518225620535502,0.944053,97.9,0.6536
4641,2,3891.03,9625.7,0.10795,0.06517700442340305,0.474492,95.8,0.6678
4642,2,3891.68,9624.41,0.118773,0.06517175145132101,0.395084,98.0,0.6533
4643,2,3892.34,9623.12,0.090065,0.06516649728933785,0.774542,97.9,0.6537
4644,2,3893.01,9621.86,0.139449,0.06516124193768263,0.454525,95.5,0.6699
4645,2,3893.68,9620.61,0.069956,0.06515598539658443,0.392843,95.6,0.6694
4646,2,3894.36,9619.38,0.146631,0.0651507276662724,0.798762,94.2,0.6793
4647,2,3895.01,9618.09,0.128539,0.0651454687469757,0.368432,98.2,0.6518
4648,2,3895.67,9616.8,0.183464,0.06514020863892361,0.362173,97.8,0.6541
4649,2,3896.32,9615.5,0.044088,0.0651349473423454,0.454461,98.3,0.6512
4650,2,3896.97,9614.2,0.110613,0.06512968485747044,0.797834,98.3,0.6513
4651,2,3897.62,9612.91,0.156869,0.0651244211845281,1.17775,98.2,0.652
4652,2,3898.28,9611.62,0.126355,0.06511915632374786,0.410823,97.9,0.6535
4653,2,3898.94,9610.34,0.123223,0.0651138902753592,0.494647,97.1,0.6593
4654,2,3899.59,9609.05,0.08915,0.06510862303959168,0.387383,98.1,0.6522
4655,2,3900.24,9607.75,0.099812,0.06510335461667491,0.373648,98.3,0.6513
4656,2,3900.9,9606.46,0.105672,0.06509808500683853,0.393584,98.0,0.653
4657,2,3901.55,9605.17,0.142526,0.06509281421031228,0.398309,98.2,0.6516
4658,2,3902.2,9603.87,0.113304,0.06508754222732589,0.560868,98.2,0.6514
4659,2,3902.85,9602.58,0.151521,0.0650822690581092,1.474019,98.3,0.6508
4660,2,3903.51,9601.31,0.16544,0.06507699470289205,0.607541,96.9,0.6603
4661,2,3904.17,9600.03,0.160717,0.06507171916190437,1.020863,97.7,0.6552
4662,2,3904.83,9598.75,0.10191,0.06506644243537613,0.599983,97.8,0.6545
4663,2,3905.48,9597.45,0.078312,0.06506116452353734,0.406603,98.3,0.6508
4664,2,3906.13,9596.16,0.102165,0.06505588542661807,0.583076,98.3,0.6512
4665,2,3906.79,9594.87,0.09215,0.06505060514484846,0.341772,98.2,0.6517
4666,2,3907.44,9593.58,0.118966,0.06504532367845867,0.436553,98.2,0.652
4667,2,3908.09,9592.29,0.114283,0.06504004102767892,0.891046,98.2,0.6521
4668,2,3908.74,9590.99,0.128539,0.0650347571927395,0.588142,98.2,0.6517
4669,2,3909.41,9589.72,0.096392,0.06502947217387074,0.660647,96.9,0.6601
4670,2,3910.06,9588.44,0.143502,0.06502418597130302,0.924383,97.9,0.6535
4671,2,3910.71,9587.15,0.107418,0.06501889858526676,0.708761,98.2,0.652
4672,2,3911.37,9585.86,0.103369,0.06501361001599246,0.954855,98.1,0.6526
4673,2,3912.02,9584.57,0.163032,0.06500832026371064,0.795123,98.3,0.6511
4674,2,3912.67,9583.28,0.130678,0.0650030293286519,0.681939,98.2,0.6517
4675,2,3913.33,9582.0,0.179455,0.06499773721104689,0.845568,97.9,0.6539
4676,2,3913.98,9580.71,0.109797,0.06499244391112628,0.646502,98.2,0.6515
4677,2,3914.64,9579.45,0.132658,0.0649871494291208,0.24118,96.7,0.6621
4678,2,3915.3,9578.17,0.060996,0.06498185376526126,0.272728,97.5,0.6564
4679,2,3915.95,9576.89,0.065587,0.06497655691977852,0.203704,98.0,0.6528
4680,2,3916.61,9575.6,0.09091,0.06497125889290346,0.401473,97.9,0.6538
4681,2,3917.27,9574.33,0.106196,0.06496595968486703,0.268945,98.1,0.6527
4682,2,3917.92,9573.05,0.063719,0.06496065929590022,0.343954,97.9,0.6534
4683,2,3918.57,9571.76,0.111605,0.0649553577262341,0.962465,98.0,0.6532
4684,2,3919.23,9570.48,0.109078,0.06495005497609976,1.332402,98.2,0.6519
4685,2,3919.88,9569.19,0.13931,0.06494475104572836,0.823255,97.9,0.6534
4686,2,3920.53,9567.91,0.084404,0.0649394459353511,0.238209,98.1,0.6524
4687,2,3921.19,9566.63,0.115051,0.06493413964519924,0.54011,98.1,0.6521
4688,2,3921.84,9565.34,0.082471,0.06492883217550408,0.385039,98.3,0.6513
4689,2,3922.49,9564.06,0.138143,0.06492352352649698,1.430199,98.1,0.6527
4690,2,3923.15,9562.77,0.170628,0.06491821369840936,0.449756,98.1,0.6521
4691,2,3923.8,9561.49,0.124106,0.06491290269147268,0.672936,98.2,0.652
4692,2,3924.45,9560.21,0.070486,0.06490759050591845,0.309921,98.0,0.653
4693,2,3925.11,9558.93,0.120451,0.06490227714197824,0.355558,97.9,0.6537
4694,2,3925.76,9557.64,0.160758,0.06489696259988367,0.749013,98.2,0.6516
4695,2,3926.41,9556.36,0.11054,0.0648916468798664,0.67152,98.1,0.6522
4696,2,3927.06,9555.08,0.077576,0.06488632998215815,0.579308,98.2,0.6517
4697,2,3927.72,9553.79,0.050398,0.0648810119069907,0.352286,98.2,0.6517
4698,2,3928.37,9552.51,0.09018,0.06487569265459585,0.402766,98.1,0.6527
4699,2,3929.02,9551.23,0.108135,0.06487037222520549,0.696904,98.2,0.6515
4700,2,3929.68,9549.95,0.080105,0.06486505061905154,0.392262,98.1,0.6522
4701,2,3930.34,9548.69,0.087318,0.06485972783636598,1.062624,97.4,0.6571
4702,2,3931.0,9547.43,0.079011,0.06485440387738084,0.38897,96.8,0.661
4703,2,3931.66,9546.17,0.046708,0.06484907874232819,0.457673,97.0,0.6601
4704,2,3932.33,9544.94,0.164997,0.06484375243144015,0.623084,95.4,0.671
4705,2,3932.99,9543.66,0.150872,0.06483842494494892,1.061038,97.7,0.655
4706,2,3933.65,9542.41,0.130529,0.06483309628308673,0.640031,96.8,0.6611
4707,2,3934.31,9541.14,0.186894,0.06482776644608586,0.835581,97.3,0.6579
4708,2,3934.96,9539.86,0.134999,0.06482243543417864,0.348156,98.2,0.652
4709,2,3935.62,9538.58,0.132838,0.06481710324759746,0.47296,98.2,0.652
4710,2,3936.27,9537.3,0.102638,0.06481176988657475,0.805382,98.2,0.6517
4711,2,3936.92,9536.02,0.081212,0.06480643535134302,0.34579,98.2,0.6519
4712,2,3937.57,9534.75,0.100799,0.06480109964213478,0.271353,98.1,0.6524
4713,2,3938.23,9533.47,0.09905,0.06479576275918264,0.576271,98.0,0.6531
4714,2,3938.88,9532.2,0.112282,0.06479042470271923,0.883681,97.8,0.6544
4715,2,3939.54,9530.92,0.159475,0.06478508547297726,0.320282,98.0,0.6529
4716,2,3940.19,9529.65,0.121491,0.06477974507018945,0.45756,98.0,0.6533
4717,2,3940.84,9528.37,0.116986,0.06477440349458861,0.604108,98.2,0.6518
4718,2,3941.5,9527.1,0.098001,0.06476906074640758,0.513306,97.9,0.654
4719,2,3942.15,9525.83,0.115127,0.06476371682587927,0.430665,97.7,0.6548
4720,2,3942.81,9524.56,0.071416,0.0647583717332366,0.533727,97.8,0.6545
4721,2,3943.47,9523.29,0.099901,0.06475302546871262,0.902625,98.0,0.6527
4722,2,3944.12,9522.02,0.127629,0.06474767803254033,0.369926,97.8,0.6547
4723,2,3944.78,9520.75,0.153417,0.06474232942495285,0.347044,98.2,0.6518
4724,2,3945.43,9519.47,0.128582,0.06473697964618336,0.798027,98.2,0.6517
4725,2,3946.08,9518.2,0.116572,0.06473162869646501,0.608553,98.3,0.6513
4726,2,3946.73,9516.92,0.096946,0.0647262765760311,0.282886,98.3,0.6513
4727,2,3947.38,9515.64,0.113559,0.0647209232851149,0.758918,98.2,0.6517
4728,2,3948.04,9514.37,0.145289,0.0647155688239498,0.635517,98.1,0.6522
4729,2,3948.69,9513.1,0.094325,0.06471021319276919,0.512028,98.2,0.6518
4730,2,3949.34,9511.82,0.124164,0.06470485639180654,0.347811,98.2,0.6516
4731,2,3950.0,9510.55,0.076982,0.06469949842129535,0.731285,98.2,0.6515
4732,2,3950.65,9509.27,0.089264,0.06469413928146918,0.729685,98.2,0.6518
4733,2,3951.3,9508.0,0.113101,0.06468877897256164,0.376043,98.1,0.6526
4734,2,3951.95,9506.73,0.107993,0.06468341749480641,0.411973,98.1,0.6523
4735,2,3952.61,9505.46,0.062686,0.0646780548484372,0.344774,98.1,0.6523
4736,2,3953.26,9504.19,0.101378,0.06467269103368775,0.683096,97.8,0.6541
4737,2,3953.92,9502.92,0.075486,0.06466732605079191,0.991549,98.0,0.6528
4738,2,3954.57,9501.65,0.088526,0.06466195989998352,0.732183,98.2,0.6521
4739,2,3955.22,9500.38,0.093164,0.06465659258149653,0.429194,97.9,0.6536
4740,2,3955.88,9499.11,0.067037,0.06465122409556487,0.629079,98.1,0.6525
4741,2,3956.53,9497.85,0.123535,0.06464585444242257,0.884437,98.1,0.6524
4742,2,3957.19,9496.58,0.119318,0.06464048362230371,1.621395,98.1,0.6521
4743,2,3957.84,9495.31,0.091178,0.06463511163544239,0.82909,98.2,0.6518
4744,2,3958.49,9494.04,0.141952,0.06462973848207282,0.457278,98.0,0.6531
4745,2,3959.15,9492.77,0.060489,0.06462436416242918,0.471161,98.1,0.6526
4746,2,3959.8,9491.5,0.111761,0.06461898867674577,0.284362,98.1,0.6522
4747,2,3960.45,9490.24,0.107974,0.06461361202525692,0.342822,98.1,0.6522
4748,2,3961.12,9489.0,0.073876,0.064608234208197,0.406536,96.1,0.6661
4749,2,3961.77,9487.73,0.084233,0.06460285522580042,0.314446,98.2,0.6519
4750,2,3962.43,9486.46,0.128652,0.06459747507830167,0.416073,98.1,0.6522
4751,2,3963.08,9485.2,0.087365,0.06459209376593526,0.427136,98.1,0.6522
4752,2,3963.73,9483.93,0.094852,0.0645867112889358,0.46289,98.2,0.652
4753,2,3964.38,9482.66,0.12334,0.06458132764753789,0.611974,98.1,0.6523
4754,2,3965.04,9481.39,0.114935,0.06457594284197624,0.593497,98.2,0.6519
4755,2,3965.69,9480.13,0.108178,0.06457055687248554,0.542794,97.8,0.6544
4756,2,3966.35,9478.87,0.08883,0.06456516973930061,0.274145,98.1,0.6524
4757,2,3967.0,9477.6,0.06919,0.06455978144265627,0.608379,97.9,0.6536
4758,2,3967.65,9476.34,0.070168,0.0645543919827874,0.676485,97.9,0.6537
4759,2,3968.31,9475.08,0.030188,0.06454900135992893,0.250591,98.1,0.6525
4760,2,3968.96,9473.82,0.058884,0.06454360957431585,0.326242,97.8,0.6546
4761,2,3969.62,9472.56,0.078108,0.0645382166261832,0.396614,98.1,0.6523
4762,2,3970.28,9471.3,0.064803,0.06453282251576604,0.583418,97.6,0.6554
4763,2,3970.93,9470.04,0.084429,0.06452742724329953,0.707114,98.2,0.6521
4764,2,3971.58,9468.77,0.110114,0.06452203080901886,0.325474,98.0,0.6528
4765,2,3972.24,9467.53,0.140931,0.06451663321315926,0.941,97.1,0.659
4766,2,3972.9,9466.26,0.120168,0.06451123445595601,1.017943,98.1,0.6523
4767,2,3973.55,9465.0,0.157108,0.06450583453764447,0.534193,98.1,0.6521
4768,2,3974.2,9463.74,0.132933,0.06450043345846,0.702658,97.8,0.6546
4769,2,3974.86,9462.48,0.094035,0.06449503121863805,0.905779,98.1,0.6521
4770,2,3975.51,9461.21,0.096261,0.06448962781841412,0.555619,98.2,0.652
4771,2,3976.16,9459.95,0.095328,0.06448422325802376,0.381849,98.1,0.6525
4772,2,3976.82,9458.69,0.124904,0.06447881753770256,1.487518,98.0,0.6529
4773,2,3977.47,9457.44,0.098574,0.06447341065768614,0.739216,97.6,0.6556
4774,2,3978.13,9456.18,0.129531,0.06446800261821022,1.072752,98.1,0.6527
4775,2,3978.78,9454.92,0.103606,0.06446259341951051,2.028319,97.8,0.6542
4776,2,3979.44,9453.67,0.154858,0.06445718306182283,0.539249,97.8,0.6547
4777,2,3980.09,9452.41,0.153286,0.06445177154538302,0.886735,98.0,0.6528
4778,2,3980.75,9451.15,0.117037,0.06444635887042698,0.583225,98.0,0.6528
4779,2,3981.4,9449.89,0.082731,0.06444094503719063,0.787883,97.7,0.655
4780,2,3982.06,9448.63,0.090392,0.06443553004590998,0.639322,98.0,0.6533
4781,2,3982.73,9447.43,0.107098,0.06443011389682109,0.533096,95.1,0.6726
4782,2,3983.39,9446.18,0.096401,0.06442469659016005,0.38258,97.7,0.655
4783,2,3984.04,9444.93,0.092557,0.064419278126163,0.652921,97.8,0.6541
4784,2,3984.7,9443.67,0.084218,0.06441385850506615,0.578471,97.9,0.6537
4785,2,3985.35,9442.42,0.115424,0.06440843772710574,0.336379,97.9,0.6536
4786,2,3986.01,9441.17,0.061089,0.06440301579251807,0.456582,97.5,0.6561
4787,2,3986.67,9439.91,0.075384,0.06439759270153948,0.41475,97.7,0.6552
4788,2,3987.32,9438.67,0.11297,0.0643921684544064,0.545187,97.5,0.6562
4789,2,3987.98,9437.42,0.115711,0.06438674305135525,0.668561,97.1,0.6591
4790,2,3988.64,9436.17,0.091074,0.06438131649262255,0.812761,97.8,0.6543
4791,2,3989.29,9434.91,0.065569,0.06437588877844481,0.340539,98.1,0.6523
4792,2,3989.95,9433.66,0.099091,0.0643704599090587,0.384792,97.7,0.655
4793,2,3990.61,9432.44,0.102399,0.0643650298847008,0.350971,96.1,0.666
4794,2,3991.27,9431.18,0.109204,0.06435959870560787,0.333125,98.1,0.6522
4795,2,3991.92,9429.93,0.049173,0.06435416637201663,0.394344,98.1,0.6523
4796,2,3992.57,9428.67,0.097985,0.06434873288416389,0.380794,98.1,0.6521
4797,2,3993.23,9427.42,0.058347,0.0643432982422865,0.30061,97.7,0.6549
4798,2,3993.88,9426.16,0.077454,0.06433786244662136,0.380726,98.1,0.6523
4799,2,3994.54,9424.91,0.089067,0.06433242549740543,0.526228,97.8,0.6546
4800,2,3995.19,9423.66,0.08129,0.06432698739487572,0.559536,98.1,0.6526
4801,2,4059.91,9573.48,0.078732,0.06432154813926927,0.448237,97.9,0.6537
4802,2,4060.57,9572.18,0.117108,0.06431610773082319,0.71579,98.0,0.6531
4803,2,4061.23,9570.9,0.095661,0.06431066616977464,0.590244,96.9,0.6603
4804,2,4061.88,9569.6,0.075955,0.06430522345636082,0.316066,98.1,0.6525
4805,2,4062.54,9568.31,0.112243,0.06429977959081898,0.408705,97.8,0.6543
4806,2,4063.19,9567.02,0.089033,0.06429433457338643,0.441074,97.9,0.6538
4807,2,4063.85,9565.72,0.104509,0.06428888840430054,0.230513,97.8,0.6544
4808,2,4064.5,9564.43,0.134054,0.0642834410837987,0.710853,98.0,0.6528
4809,2,4065.15,9563.13,0.04244,0.06427799261211838,0.381725,98.1,0.6521
4810,2,4065.81,9561.83,0.138274,0.06427254298949704,0.332143,98.2,0.6516
4811,2,4066.47,9560.55,0.077062,0.0642670922161723,0.407843,97.3,0.6576
4812,2,4067.12,9559.25,0.125163,0.06426164029238172,0.74969,97.8,0.6544
4813,2,4067.78,9557.96,0.109027,0.06425618721836297,0.327489,97.8,0.6543
4814,2,4068.43,9556.67,0.061945,0.06425073299435377,0.499009,97.8,0.6544
4815,2,4069.09,9555.38,0.08721,0.06424527762059186,0.541519,97.8,0.6546
4816,2,4069.74,9554.09,0.149984,0.06423982109731505,1.033882,97.9,0.6537
4817,2,4070.42,9552.86,0.166811,0.0642343634247612,0.383892,94.2,0.6792
4818,2,4071.09,9551.6,0.08857,0.06422890460316823,0.453381,95.9,0.6677
4819,2,4071.74,9550.3,0.144189,0.06422344463277407,0.755618,98.0,0.653
4820,2,4072.4,9549.01,0.164243,0.06421798351381676,0.497323,98.0,0.6531
4821,2,4073.06,9547.73,0.114692,0.06421252124653433,0.615411,97.6,0.6556
4822,2,4073.71,9546.44,0.105646,0.0642070578311649,0.824978,98.1,0.6524
4823,2,4074.37,9545.15,0.143436,0.06420159326794661,0.873389,98.0,0.6531
4824,2,4075.02,9543.86,0.130968,0.06419612755711769,0.602895,98.1,0.6525
4825,2,4075.67,9542.57,0.160356,0.06419066069891638,1.171558,97.7,0.655
4826,2,4076.33,9541.28,0.135547,0.064185192693581,2.372164,97.7,0.655
4827,2,4076.99,9540.0,0.098209,0.06417972354134992,0.524754,97.5,0.6565
4828,2,4077.64,9538.71,0.102025,0.06417425324246151,0.61345,97.7,0.6553
4829,2,4078.3,9537.43,0.04716,0.06416878179715425,0.559862,97.9,0.6538
4830,2,4078.96,9536.14,0.08173,0.06416330920566665,1.093262,97.6,0.6559
4831,2,4079.61,9534.85,0.144134,0.06415783546823726,0.640171,97.9,0.6539
4832,2,4080.27,9533.57,0.119489,0.06415236058510469,0.405444,97.9,0.654
4833,2,4080.92,9532.28,0.109253,0.06414688455650762,0.456834,97.6,0.6558
4834,2,4081.58,9531.0,0.098379,0.06414140738268471,0.325951,97.9,0.6539
4835,2,4082.24,9529.73,0.062452,0.06413592906387475,0.445053,96.5,0.6634
4836,2,4082.9,9528.44,0.12106,0.06413044960031654,0.487364,98.0,0.6531
4837,2,4083.55,9527.16,0.0665,0.06412496899224894,0.359721,97.8,0.6543
4838,2,4084.21,9525.87,0.051151,0.06411948723991086,0.317235,97.8,0.6544
4839,2,4084.86,9524.59,0.093068,0.06411400434354124,0.452891,97.7,0.6552
4840,2,4085.52,9523.3,0.071027,0.0641085203033791,0.629016,98.1,0.6526
4841,2,4086.19,9522.07,0.038883,0.06410303511966349,0.198184,97.7,0.6548
4842,2,4086.85,9520.78,0.115017,0.06409754879263352,0.569835,98.0,0.6528
4843,2,4087.51,9519.51,0.062204,0.06409206132252834,0.315623,96.8,0.6613
4844,2,4088.16,9518.23,0.056697,0.06408657270958718,0.255566,97.7,0.6553
4845,2,4088.82,9516.95,0.100729,0.06408108295404927,0.730126,98.1,0.6527
4846,2,4089.47,9515.66,0.129773,0.06407559205615392,0.226254,98.2,0.652
4847,2,4090.12,9514.37,0.120324,0.06407010001614048,1.024423,98.2,0.652
4848,2,4090.78,9513.08,0.112195,0.06406460683424837,1.080318,98.0,0.653
4849,2,4091.43,9511.8,0.084707,0.06405911251071704,0.666081,98.1,0.6522
4850,2,4092.08,9510.51,0.06,0.064053617045786,0.3535,98.3,0.6514
4851,2,4092.74,9509.23,0.107188,0.0640481204396948,0.341696,97.6,0.6554
4852,2,4093.4,9507.96,0.09701,0.06404262269268303,0.799707,96.9,0.6607
4853,2,4094.11,9506.81,0.128431,0.06403712380499035,0.562956,90.1,0.7106
4854,2,4094.79,9505.59,0.092102,0.06403162377685648,0.772547,94.1,0.6799
4855,2,4095.45,9504.31,0.097447,0.06402612260852117,0.344021,98.0,0.6533
4856,2,4096.1,9503.03,0.109775,0.0640206203002242,1.105739,98.0,0.6532
4857,2,4096.76,9501.74,0.122694,0.06401511685220546,0.574021,98.2,0.6516
4858,2,4097.42,9500.47,0.126207,0.06400961226470483,0.802056,97.2,0.6588
4859,2,4098.07,9499.19,0.150294,0.06400410653796226,1.294577,97.7,0.6549
4860,2,4098.73,9497.92,0.12203,0.06399859967221776,0.598669,97.1,0.6593
4861,2,4099.39,9496.66,0.090075,0.06399309166771137,0.315451,97.9,0.6535
4862,2,4100.04,9495.37,0.11181,0.0639875825246832,0.982219,98.1,0.6521
4863,2,4100.7,9494.09,0.119388,0.06398207224337339,0.289599,98.1,0.6525
4864,2,4101.42,9492.97,0.156104,0.06397656082402216,0.838598,88.6,0.7226
4865,2,4102.08,9491.69,0.14271,0.06397104826686975,0.50178,97.8,0.6544
4866,2,4102.74,9490.44,0.133727,0.06396553457215647,0.873685,96.0,0.6666
4867,2,4103.4,9489.16,0.142015,0.06396001974012264,0.410526,98.1,0.6525
4868,2,4104.05,9487.88,0.147837,0.06395450377100868,0.648404,98.1,0.6525
4869,2,4104.7,9486.59,0.166594,0.06394898666505504,1.412655,98.2,0.6519
4870,2,4105.36,9485.32,0.162723,0.0639434684225022,0.282434,97.8,0.6543
4871,2,4106.01,9484.04,0.136351,0.06393794904359074,1.113566,97.8,0.6547
4872,2,4106.67,9482.76,0.19474,0.06393242852856122,1.322018,98.2,0.652
4873,2,4107.32,9481.48,0.109496,0.0639269068776543,0.723854,98.2,0.6516
4874,2,4107.97,9480.2,0.155886,0.0639213840911107,0.333833,98.2,0.652
4875,2,4108.63,9478.92,0.115795,0.06391586016917113,0.436025,98.1,0.6522
4876,2,4109.28,9477.63,0.075095,0.06391033511207642,0.523404,98.3,0.6511
4877,2,4109.93,9476.35,0.131957,0.06390480892006738,0.351927,98.3,0.6513
4878,2,4110.58,9475.07,0.119467,0.06389928159338491,0.514691,98.1,0.6522
4879,2,4111.24,9473.79,0.06101,0.06389375313226998,0.308475,98.1,0.6521
4880,2,4111.89,9472.51,0.112712,0.06388822353696356,0.342173,98.3,0.6511
4881,2,4112.54,9471.24,0.126159,0.0638826928077067,0.461476,98.2,0.6519
4882,2,4113.2,9469.96,0.104675,0.06387716094474048,0.3278,98.2,0.6515
4883,2,4113.85,9468.68,0.096032,0.06387162794830606,0.475587,98.2,0.6516
4884,2,4114.5,9467.4,0.115538,0.06386609381864461,0.675037,98.2,0.6519
4885,2,4115.15,9466.12,0.11427,0.0638605585559974,0.634162,98.2,0.6517
4886,2,4115.81,9464.84,0.078986,0.06385502216060569,0.258322,98.1,0.6522
4887,2,4116.46,9463.56,0.084323,0.06384948463271083,0.459703,98.1,0.6521
4888,2,4117.11,9462.29,0.13155,0.06384394597255422,0.755259,98.0,0.6528
4889,2,4117.77,9461.01,0.09411,0.06383840618037726,0.434069,97.8,0.6547
4890,2,4118.43,9459.74,0.164203,0.06383286525642147,0.782074,97.7,0.655
4891,2,4119.08,9458.47,0.125023,0.06382732320092838,0.846467,98.1,0.6521
4892,2,4119.73,9457.19,0.12965,0.06382178001413956,1.187228,98.2,0.6521
4893,2,4120.38,9455.91,0.099423,0.06381623569629667,1.400151,98.1,0.6521
4894,2,4121.04,9454.64,0.111205,0.06381069024764138,0.491855,97.8,0.6543
4895,2,4121.69,9453.37,0.090815,0.06380514366841543,0.350378,98.1,0.6523
4896,2,4122.35,9452.09,0.120496,0.06379959595886059,0.539211,98.1,0.6526
4897,2,4123.0,9450.82,0.082629,0.06379404711921871,1.203126,98.1,0.6526
4898,2,4123.65,9449.54,0.122428,0.06378849714973166,0.685548,98.2,0.6518
4899,2,4124.31,9448.27,0.17332,0.06378294605064137,0.491002,97.8,0.6542
4900,2,4124.96,9447.0,0.086303,0.0637773938221898,0.617766,98.1,0.6526
4901,2,4125.62,9445.74,0.06429,0.06377184046461902,0.492907,98.1,0.6522
4902,2,4126.27,9444.46,0.159069,0.06376628597817109,1.313045,98.1,0.6523
4903,2,4126.92,9443.19,0.144162,0.06376073036308813,0.466477,98.1,0.6522
4904,2,4127.58,9441.92,0.071737,0.06375517361961232,0.401529,98.1,0.6526
4905,2,4128.23,9440.64,0.106814,0.06374961574798588,0.386359,98.1,0.6522
4906,2,4128.89,9439.38,0.030712,0.0637440567484511,0.466248,97.8,0.6542
4907,2,4129.54,9438.11,0.105599,0.06373849662125029,0.387361,97.9,0.6538
4908,2,4130.21,9436.87,0.06731,0.06373293536662585,0.501912,96.1,0.666
4909,2,4130.86,9435.6,0.094663,0.06372737298482016,0.416624,98.1,0.6527
4910,2,4131.51,9434.32,0.095481,0.06372180947607571,0.724288,98.1,0.6523
4911,2,4132.17,9433.05,0.084335,0.06371624484063504,0.461505,98.0,0.6527
4912,2,4132.82,9431.79,0.085351,0.0637106790787407,0.541594,97.9,0.654
4913,2,4133.48,9430.52,0.169031,0.06370511219063531,0.377895,98.1,0.6524
4914,2,4134.13,9429.25,0.09664,0.06369954417656154,0.479826,98.1,0.6525
4915,2,4134.8,9428.01,0.116485,0.06369397503676211,1.053795,96.0,0.6664
4916,2,4135.45,9426.74,0.093213,0.06368840477147977,0.776291,98.2,0.6517
4917,2,4136.1,9425.47,0.082543,0.06368283338095737,0.590488,98.0,0.653
4918,2,4136.76,9424.2,0.095594,0.06367726086543775,0.483069,98.2,0.6518
4919,2,4137.41,9422.93,0.104936,0.06367168722516382,0.547494,98.1,0.6522
4920,2,4138.06,9421.66,0.072705,0.06366611246037855,0.673674,98.3,0.6513
4921,2,4138.72,9420.4,0.139042,0.06366053657132495,0.430261,98.1,0.6522
4922,2,4139.37,9419.13,0.093271,0.06365495955824609,0.290086,98.2,0.6519
4923,2,4140.02,9417.86,0.1014,0.06364938142138506,0.377582,98.0,0.6532
4924,2,4140.68,9416.6,0.187023,0.06364380216098503,0.397567,97.8,0.6541
4925,2,4141.33,9415.33,0.081194,0.0636382217772892,0.410293,98.2,0.652
4926,2,4141.98,9414.06,0.102811,0.06363264027054084,0.478734,98.2,0.6519
4927,2,4142.64,9412.79,0.088805,0.06362705764098325,0.562498,98.1,0.6527
4928,2,4143.29,9411.53,0.136841,0.06362147388885978,0.389078,97.6,0.6556
4929,2,4143.95,9410.27,0.131574,0.06361588901441381,0.782135,97.7,0.6551
4930,2,4144.61,9409.03,0.145458,0.06361030301788884,0.959171,96.9,0.6602
4931,2,4145.27,9407.77,0.105717,0.06360471589952833,0.562142,97.7,0.655
4932,2,4145.92,9406.5,0.101926,0.06359912765957587,0.727922,97.9,0.6536
4933,2,4146.58,9405.24,0.080812,0.06359353829827502,0.820312,98.1,0.6525
4934,2,4147.23,9403.97,0.156043,0.06358794781586945,0.758167,98.1,0.6521
4935,2,4147.88,9402.71,0.067085,0.06358235621260284,0.695093,98.1,0.6523
4936,2,4148.54,9401.44,0.100216,0.06357676348871896,0.37407,98.1,0.6526
4937,2,4149.19,9400.18,0.185603,0.06357116964446156,0.862513,98.0,0.653
4938,2,4149.85,9398.94,0.152116,0.06356557468007454,1.098717,96.7,0.6618
4939,2,4150.5,9397.67,0.063956,0.06355997859580176,0.453297,98.2,0.652
4940,2,4151.16,9396.41,0.1346,0.06355438139188715,1.023101,98.1,0.6526
4941,2,4151.82,9395.16,0.056267,0.06354878306857471,0.73151,97.8,0.6543
4942,2,4152.47,9393.89,0.10635,0.0635431836261085,0.343155,98.1,0.6523
4943,2,4153.12,9392.63,0.120946,0.06353758306473258,0.755124,97.9,0.6535
4944,2,4153.78,9391.37,0.106241,0.06353198138469109,0.75799,98.0,0.6531
4945,2,4154.43,9390.11,0.102775,0.06352637858622821,0.995218,98.1,0.6524
4946,2,4155.1,9388.87,0.10102,0.0635207746695882,0.870169,96.4,0.6637
4947,2,4155.75,9387.61,0.087743,0.06351516963501531,0.959932,98.0,0.6528
4948,2,4156.46,9386.48,0.047908,0.06350956348275388,0.370632,90.1,0.7106
4949,2,4157.13,9385.25,0.154687,0.06350395621304832,0.814186,96.1,0.6662
4950,2,4157.78,9383.99,0.09407,0.06349834782614301,0.71946,97.7,0.6548
4951,2,4158.44,9382.73,0.083472,0.06349273832228247,0.478771,98.0,0.6531
4952,2,4159.09,9381.47,0.078809,0.0634871277017112,0.4103,98.1,0.6524
4953,2,4159.75,9380.21,0.089989,0.06348151596467377,0.342022,98.0,0.6531
4954,2,4160.41,9378.97,0.184248,0.06347590311141482,0.665266,96.9,0.6606
4955,2,4161.06,9377.72,0.094349,0.063470289142179,0.644355,97.5,0.6567
4956,2,4161.72,9376.47,0.087016,0.06346467405721107,0.392786,97.7,0.6549
4957,2,4162.38,9375.22,0.062305,0.06345905785675575,0.444682,97.4,0.6572
4958,2,4163.03,9373.96,0.201489,0.06345344054105788,1.415943,97.9,0.6534
4959,2,4163.7,9372.73,0.126706,0.06344782211036233,0.606829,96.1,0.6661
4960,2,4164.35,9371.47,0.156753,0.06344220256491402,0.747254,98.1,0.6523
4961,2,4165.01,9370.22,0.096952,0.0634365819049579,1.253172,98.0,0.653
4962,2,4165.67,9368.97,0.159468,0.063430960130739,0.589751,97.5,0.6563
4963,2,4166.32,9367.72,0.130369,0.06342533724250236,0.679307,97.9,0.6539
4964,2,4166.98,9366.46,0.106906,0.0634197132404931,0.230982,98.1,0.6522
4965,2,4167.63,9365.21,0.135398,0.06341408812495637,0.708082,97.9,0.6538
4966,2,4168.3,9363.98,0.139569,0.06340846189613739,0.626213,96.1,0.6659
4967,2,4168.95,9362.73,0.131802,0.06340283455428138,0.615787,97.7,0.6553
4968,2,4169.61,9361.47,0.134032,0.06339720609963367,0.643723,98.0,0.6532
4969,2,4170.27,9360.23,0.080875,0.06339157653243964,0.527322,97.4,0.6571
4970,2,4170.92,9358.97,0.128794,0.06338594585294464,0.526541,98.0,0.653
4971,2,4171.57,9357.72,0.084175,0.06338031406139415,0.86971,97.9,0.6538
4972,2,4172.23,9356.47,0.047033,0.06337468115803364,0.247361,97.8,0.6545
4973,2,4172.88,9355.21,0.154015,0.06336904714310868,0.498758,98.1,0.6524
4974,2,4173.54,9353.96,0.103621,0.06336341201686485,0.562509,98.1,0.6522
4975,2,4174.19,9352.7,0.085547,0.06335777577954782,0.48772,98.2,0.6519
4976,2,4174.84,9351.45,0.112611,0.06335213843140323,0.540614,97.9,0.654
4977,2,4175.5,9350.2,0.069126,0.06334649997267687,0.334843,97.8,0.6542
4978,2,4176.15,9348.94,0.115562,0.0633408604036145,0.56018,98.2,0.6516
4979,2,4176.8,9347.69,0.118662,0.06333521972446196,0.416491,98.1,0.6523
4980,2,4177.46,9346.43,0.086784,0.06332957793546513,0.591912,98.2,0.6516
4981,2,4178.11,9345.18,0.109633,0.06332393503686996,0.406135,98.1,0.6521
4982,2,4178.77,9343.93,0.140096,0.06331829102892242,0.921784,98.2,0.6519
4983,2,4179.42,9342.67,0.132085,0.06331264591186854,0.925942,98.2,0.6517
4984,2,4180.07,9341.42,0.119322,0.0633069996859544,0.864243,98.1,0.6525
4985,2,4180.73,9340.19,0.069575,0.06330135235142612,0.383867,96.7,0.662
4986,2,4181.39,9338.94,0.110973,0.06329570390852987,0.616945,97.8,0.6545
4987,2,4182.05,9337.69,0.055189,0.06329005435751191,0.347947,97.8,0.6545
4988,2,4182.7,9336.44,0.139542,0.06328440369861847,0.636482,98.1,0.6525
4989,2,4183.35,9335.19,0.168708,0.06327875193209588,0.876905,98.1,0.6527
4990,2,4184.02,9333.97,0.064261,0.06327309905819052,0.412435,96.2,0.6656
4991,2,4184.67,9332.71,0.118749,0.0632674450771488,0.400219,98.1,0.6523
4992,2,4185.34,9331.49,0.100022,0.06326178998921718,0.272641,96.0,0.6663
4993,2,4186.0,9330.26,0.111749,0.06325613379464218,0.757471,97.0,0.6597
4994,2,4186.65,9329.01,0.105667,0.06325047649367035,0.426289,98.0,0.653
4995,2,4187.31,9327.76,0.158776,0.06324481808654832,0.571571,97.9,0.6537
4996,2,4187.96,9326.51,0.121668,0.0632391585735227,1.041465,98.1,0.6525
4997,2,4188.61,9325.26,0.111917,0.06323349795484025,1.090448,98.1,0.6525
4998,2,4189.27,9324.02,0.100279,0.06322783623074771,0.620939,97.9,0.6535
4999,2,4189.92,9322.77,0.077249,0.06322217340149186,0.205771,98.0,0.653
5000,2,4190.58,9321.52,0.080249,0.06321650946731956,0.510734,98.0,0.6532
5001,2,4191.25,9320.31,0.099952,0.06321084442847771,0.518468,95.9,0.6671
5002,2,4191.9,9319.06,0.044069,0.06320517828521327,0.323806,98.1,0.6527
5003,2,4192.56,9317.81,0.120909,0.06319951103777323,0.399829,98.0,0.6528
5004,2,4193.21,9316.57,0.116321,0.06319384268640461,0.488898,98.1,0.6527
5005,2,4193.86,9315.32,0.123691,0.06318817323135453,1.24939,98.0,0.6531
5006,2,4194.52,9314.07,0.091246,0.06318250267287011,1.331076,98.0,0.6532
5007,2,4195.17,9312.83,0.094909,0.06317683101119854,0.650907,98.0,0.6528
5008,2,4195.82,9311.58,0.085726,0.06317115824658708,0.776797,98.1,0.6526
5009,2,4196.48,9310.34,0.094425,0.06316548437928296,0.949083,97.9,0.6538
5010,2,4197.13,9309.09,0.114737,0.06315980940953356,0.599063,98.1,0.6526
5011,2,4197.79,9307.85,0.141686,0.06315413333758624,1.194004,97.9,0.6537
5012,2,4198.44,9306.6,0.144396,0.06314845616368842,0.62975,97.9,0.6539
5013,2,4199.1,9305.36,0.160111,0.06314277788808759,0.758674,98.0,0.6531
5014,2,4199.75,9304.12,0.131289,0.06313709851103128,1.202929,97.7,0.6553
5015,2,4200.41,9302.88,0.096689,0.06313141803276703,0.60438,97.9,0.6539
5016,2,4201.06,9301.63,0.07107,0.0631257364535425,0.359335,98.1,0.6526
5017,2,4201.71,9300.39,0.126463,0.06312005377360533,0.394494,98.1,0.6527
5018,2,4202.37,9299.14,0.146331,0.06311436999320323,0.517578,98.0,0.6528
5019,2,4203.02,9297.9,0.119605,0.063108685112584,0.312117,98.1,0.6526
5020,2,4203.67,9296.65,0.103881,0.06310299913199541,0.330261,98.1,0.6524
5021,2,4204.33,9295.41,0.08392,0.06309731205168533,0.535843,98.1,0.6522
5022,2,4204.99,9294.17,0.145405,0.06309162387190168,0.564262,97.9,0.6537
5023,2,4205.64,9292.93,0.121217,0.06308593459289241,0.603414,98.0,0.6532
5024,2,4206.29,9291.69,0.077742,0.06308024421490553,0.249024,97.8,0.6541
5025,2,4206.95,9290.45,0.067772,0.06307455273818907,0.41841,98.0,0.6533
5026,2,4207.6,9289.21,0.125556,0.06306886016299115,0.477069,97.9,0.6538
5027,2,4208.26,9287.97,0.113519,0.0630631664895599,1.232925,98.0,0.6532
5028,2,4208.91,9286.72,0.115666,0.06305747171814353,0.831336,98.0,0.6531
5029,2,4209.56,9285.48,0.084755,0.06305177584899027,0.63604,98.0,0.6529
5030,2,4210.22,9284.24,0.136321,0.06304607888234842,1.793738,98.0,0.653
5031,2,4210.87,9283.0,0.109013,0.06304038081846633,0.847453,97.9,0.6534
5032,2,4211.53,9281.76,0.099348,0.06303468165759236,0.506298,98.0,0.6528
5033,2,4212.18,9280.52,0.152587,0.06302898139997497,0.628579,97.8,0.6542
5034,2,4212.84,9279.29,0.123873,0.0630232800458626,0.378875,97.9,0.6537
5035,2,4213.49,9278.05,0.14753,0.06301757759550382,0.943883,97.8,0.6546
5036,2,4214.15,9276.82,0.192332,0.0630118740491472,1.394857,97.6,0.6558
5037,2,4214.8,9275.58,0.094206,0.06300616940704135,0.650111,97.8,0.6542
5038,2,4215.46,9274.34,0.107737,0.06300046366943494,0.331855,98.0,0.6531
5039,2,4216.11,9273.1,0.15431,0.06299475683657671,0.470968,98.0,0.6533
5040,2,4216.77,9271.86,0.091269,0.06298904890871541,0.524325,97.9,0.6537
5041,2,4217.42,9270.63,0.125401,0.06298333988609987,0.786354,98.0,0.6529
5042,2,4218.08,9269.4,0.104625,0.06297762976897896,1.229282,97.6,0.656
5043,2,4218.73,9268.17,0.123012,0.06297191855760156,0.929065,97.9,0.6538
5044,2,4219.39,9266.93,0.09922,0.06296620625221667,0.809489,97.7,0.6553
5045,2,4220.05,9265.7,0.075125,0.06296049285307327,0.783625,97.7,0.6548
5046,2,4220.7,9264.47,0.140519,0.06295477836042042,0.459968,97.7,0.6551
5047,2,4221.37,9263.26,0.110403,0.06294906277450724,1.21389,96.0,0.667
5048,2,4222.03,9262.03,0.135159,0.06294334609558284,0.586478,97.7,0.6553
5049,2,4222.69,9260.8,0.137218,0.06293762832389646,0.596168,97.2,0.6583
5050,2,4223.34,9259.57,0.145851,0.06293190945969732,0.622882,98.1,0.6527
5051,2,4224.0,9258.34,0.10101,0.06292618950323471,0.642604,97.5,0.6561
5052,2,4224.65,9257.1,0.069468,0.06292046845475799,0.679797,97.9,0.6535
5053,2,4225.31,9255.87,0.121791,0.06291474631451653,0.951578,97.6,0.6557
5054,2,4225.96,9254.64,0.110724,0.06290902308275978,1.039218,97.9,0.6537
5055,2,4226.62,9253.41,0.074401,0.06290329875973721,0.432138,97.7,0.6549
5056,2,4227.27,9252.17,0.101388,0.06289757334569836,0.437262,98.0,0.6531
5057,2,4227.93,9250.95,0.138214,0.06289184684089281,0.468506,96.9,0.6602
5058,2,4228.59,9249.72,0.100404,0.06288611924557018,0.680929,97.9,0.654
5059,2,4229.24,9248.49,0.203066,0.06288039055998015,0.551197,98.0,0.653
5060,2,4229.89,9247.25,0.132842,0.06287466078437243,0.669139,98.1,0.6526
5061,2,4230.55,9246.03,0.036414,0.0628689299189968,0.308614,98.0,0.6534
5062,2,4231.21,9244.8,0.089184,0.06286319796410307,0.298508,97.7,0.6552
5063,2,4231.86,9243.56,0.140571,0.06285746491994108,0.457438,98.1,0.6525
5064,2,4232.52,9242.33,0.106337,0.06285173078676079,0.526846,97.8,0.6543
5065,2,4233.18,9241.11,0.078552,0.06284599556481212,0.310789,97.4,0.6574
5066,2,4233.83,9239.88,0.071819,0.0628402592543451,0.314975,97.8,0.6547
5067,2,4234.49,9238.65,0.081936,0.06283452185560975,0.390148,97.7,0.655
5068,2,4235.14,9237.42,0.103591,0.06282878336885621,0.391222,97.9,0.6538
5069,2,4235.8,9236.19,0.120847,0.0628230437943346,0.303262,98.1,0.6523
5070,2,4236.45,9234.96,0.149782,0.06281730313229512,0.611101,98.0,0.6528
5071,2,4237.1,9233.73,0.078156,0.06281156138298803,0.551473,98.0,0.653
5072,2,4237.76,9232.5,0.123053,0.06280581854666362,0.525355,97.7,0.6552
5073,2,4238.47,9231.39,0.071995,0.06280007462357219,0.370996,90.6,0.7066
5074,2,4239.13,9230.18,0.095454,0.06279432961396417,0.400469,96.5,0.6634
5075,2,4239.79,9228.96,0.047116,0.06278858351808998,0.475493,97.6,0.6557
5076,2,4240.44,9227.73,0.117875,0.06278283633620009,0.361213,97.9,0.6537
5077,2,4241.1,9226.5,0.072212,0.06277708806854503,0.302583,98.1,0.6524
5078,2,4241.75,9225.26,0.155303,0.06277133871537538,0.521679,98.0,0.6531
5079,2,4242.4,9224.03,0.123094,0.06276558827694174,0.772636,98.2,0.6517
5080,2,4243.07,9222.83,0.092246,0.06275983675349481,0.161175,96.2,0.665
5081,2,4243.73,9221.61,0.099634,0.0627540841452853,0.74129,98.1,0.6522
5082,2,4244.38,9220.38,0.119697,0.06274833045256395,0.34383,98.1,0.6526
5083,2,4245.03,9219.15,0.099343,0.0627425756755816,0.370257,98.0,0.6533
5084,2,4245.69,9217.92,0.025766,0.0627368198145891,0.201138,98.1,0.6523
5085,2,4246.34,9216.69,0.11085,0.06273106286983735,0.65491,98.2,0.6517
5086,2,4246.99,9215.46,0.132125,0.0627253048415773,0.392081,98.1,0.6521
5087,2,4247.65,9214.23,0.110513,0.06271954573005996,0.538587,97.7,0.6554
5088,2,4248.3,9213.01,0.158732,0.06271378553553637,0.601094,98.0,0.653
5089,2,4248.96,9211.78,0.120451,0.06270802425825762,0.500832,97.9,0.6539
5090,2,4249.62,9210.58,0.124665,0.06270226189847487,0.661649,96.2,0.6655
5091,2,4250.28,9209.35,0.064961,0.06269649845643929,0.545063,97.9,0.6536
5092,2,4250.93,9208.12,0.175413,0.06269073393240213,0.755631,98.3,0.6513
5093,2,4251.58,9206.9,0.045908,0.06268496832661465,0.506466,98.1,0.6521
5094,2,4252.24,9205.67,0.078826,0.0626792016393282,0.552646,98.2,0.652
5095,2,4252.89,9204.44,0.06834,0.06267343387079416,0.354665,98.1,0.6525
5096,2,4253.54,9203.21,0.116671,0.06266766502126395,0.394186,97.9,0.6537
5097,2,4254.2,9202.0,0.081389,0.06266189509098903,0.353957,97.2,0.6583
5098,2,4254.86,9200.77,0.148392,0.06265612408022093,0.74601,98.2,0.6518
5099,2,4255.51,9199.55,0.144671,0.06265035198921122,0.552741,98.1,0.6523
5100,2,4256.24,9198.48,0.146813,0.0626445788182115,0.513243,88.4,0.7242
5101,2,4271.39,9228.58,0.11591,0.06263880456747345,0.56746,95.7,0.6686
5102,2,4272.04,9227.35,0.096861,0.06263302923724876,0.301573,98.3,0.6511
5103,2,4272.7,9226.11,0.126976,0.06262725282778919,0.782502,98.2,0.6515
5104,2,4273.35,9224.87,0.129072,0.06262147533934655,0.850744,98.2,0.6515
5105,2,4274.0,9223.64,0.120951,0.06261569677217266,0.491959,98.2,0.652
5106,2,4274.66,9222.41,0.138896,0.06260991712651943,0.32857,97.8,0.6544
5107,2,4275.31,9221.17,0.163086,0.06260413640263882,0.692608,98.2,0.6519
5108,2,4275.96,9219.94,0.115153,0.06259835460078281,0.392801,98.0,0.6528
5109,2,4276.62,9218.71,0.096798,0.06259257172120342,0.745234,97.8,0.6542
5110,2,4277.27,9217.48,0.096196,0.06258678776415273,1.220229,98.2,0.652
5111,2,4277.93,9216.25,0.156217,0.06258100272988291,0.472105,97.9,0.6539
5112,2,4278.58,9215.01,0.141048,0.06257521661864611,0.60427,98.2,0.6514
5113,2,4279.23,9213.78,0.191959,0.06256942943069455,0.708809,98.1,0.6521
5114,2,4279.89,9212.55,0.02413,0.0625636411662805,0.210346,98.2,0.652
5115,2,4280.54,9211.32,0.134585,0.0625578518256563,0.352357,98.0,0.653
5116,2,4281.19,9210.09,0.105714,0.0625520614090743,0.38217,97.9,0.6538
5117,2,4281.85,9208.86,0.102118,0.0625462699167869,0.35396,97.9,0.6539
5118,2,4282.5,9207.63,0.109022,0.06254047734904658,0.33776,98.1,0.6522
5119,2,4283.15,9206.4,0.124388,0.06253468370610585,0.554706,98.2,0.6514
5120,2,4283.81,9205.17,0.134839,0.06252888898821723,1.394314,98.2,0.6517
5121,2,4284.47,9203.95,0.065226,0.06252309319563334,0.629961,97.8,0.6544
5122,2,4285.12,9202.72,0.095926,0.06251729632860682,0.604295,97.8,0.6546
5123,2,4285.77,9201.49,0.122718,0.06251149838739038,0.405744,98.2,0.6518
5124,2,4286.43,9200.27,0.099598,0.06250569937223675,0.616128,97.6,0.6558
5125,2,4287.08,9199.04,0.108217,0.06249989928339872,1.251483,98.1,0.6522
5126,2,4287.74,9197.81,0.074426,0.06249409812112911,0.374365,98.1,0.6523
5127,2,4288.39,9196.58,0.130065,0.06248829588568081,0.696778,97.9,0.654
5128,2,4289.05,9195.35,0.117226,0.06248249257730676,0.337129,98.1,0.6527
5129,2,4289.7,9194.12,0.081744,0.062476688196259886,0.400616,98.2,0.6514
5130,2,4290.35,9192.89,0.145731,0.06247088274279327,0.352665,98.2,0.6515
5131,2,4291.0,9191.66,0.108385,0.062465076217159944,0.517709,98.2,0.6519
5132,2,4291.66,9190.44,0.067244,0.06245926861961301,0.340878,98.0,0.6528
5133,2,4292.31,9189.21,0.071985,0.06245345995040567,0.626805,97.8,0.6545
5134,2,4292.97,9187.99,0.081918,0.0624476502097911,0.483194,97.5,0.6562
5135,2,4293.63,9186.77,0.139936,0.06244183939802258,0.391768,97.7,0.6551
5136,2,4294.28,9185.54,0.142822,0.062436027515353376,0.502293,98.1,0.6521
5137,2,4294.93,9184.31,0.091367,0.062430214562036845,0.809495,98.3,0.6512
5138,2,4295.58,9183.09,0.072418,0.0624244005383264,0.677808,98.2,0.652
5139,2,4296.24,9181.86,0.115535,0.062418585444475476,0.385563,97.9,0.6534
5140,2,4296.89,9180.64,0.052655,0.06241276928073755,0.268991,97.9,0.654
5141,2,4297.55,9179.42,0.123162,0.06240695204736617,0.246593,98.2,0.6517
5142,2,4298.2,9178.19,0.13103,0.06240113374461491,0.322256,98.2,0.6519
5143,2,4298.86,9176.97,0.113384,0.06239531437273739,0.36198,97.7,0.6548
5144,2,4299.51,9175.75,0.099181,0.0623894939319873,0.380237,98.0,0.6528
5145,2,4300.16,9174.52,0.070225,0.062383672422618344,0.517996,98.2,0.6518
5146,2,4300.82,9173.3,0.144264,0.06237784984488431,0.354497,97.6,0.6557
5147,2,4301.47,9172.08,0.099471,0.062372026199038984,0.535706,98.1,0.6521
5148,2,4302.13,9170.85,0.103573,0.062366201485336246,0.631113,98.0,0.6529
5149,2,4302.79,9169.65,0.081107,0.06236037570403,0.2641,96.3,0.6648
5150,2,4303.45,9168.43,0.139648,0.062354548855374184,0.678784,98.2,0.652
5151,2,4304.1,9167.2,0.079741,0.06234872093962283,0.797752,98.1,0.6521
5152,2,4304.75,9165.98,0.062949,0.06234289195702995,0.383634,98.2,0.6517
5153,2,4305.4,9164.75,0.088688,0.062337061907849656,0.747602,98.1,0.6521
5154,2,4306.06,9163.53,0.134761,0.062331230792336094,0.851018,98.1,0.6523
5155,2,4306.71,9162.31,0.072559,0.06232539861074343,0.35851,98.1,0.6524
5156,2,4307.36,9161.08,0.128543,0.06231956536332591,0.848728,98.2,0.652
5157,2,4308.02,9159.87,0.060389,0.06231373105033781,0.684762,97.8,0.6543
5158,2,4308.67,9158.65,0.146147,0.062307895672033445,1.077152,97.8,0.6543
5159,2,4309.33,9157.43,0.101753,0.062302059228667196,0.294075,98.1,0.6527
5160,2,4309.98,9156.2,0.13559,0.0622962217204935,0.504346,98.1,0.6525
5161,2,4310.64,9154.99,0.085688,0.06229038314776678,0.353895,98.0,0.6528
5162,2,4311.29,9153.77,0.054218,0.062284543510741586,0.655899,97.7,0.6548
5163,2,4311.95,9152.55,0.088183,0.06227870280967246,0.817285,98.1,0.6527
5164,2,4312.61,9151.34,0.171865,0.062272861044814,0.689838,97.3,0.6578
5165,2,4313.26,9150.13,0.12295,0.06226701821642086,0.371086,97.7,0.6549
5166,2,4313.92,9148.91,0.113626,0.06226117432474775,0.506733,98.1,0.6527
5167,2,4314.57,9147.69,0.102167,0.06225532937004939,0.516208,98.1,0.6527
5168,2,4315.22,9146.47,0.167041,0.06224948335258059,0.70995,97.7,0.6548
5169,2,4315.92,9145.34,0.114621,0.06224363627259618,0.758571,92.3,0.6932
5170,2,4316.57,9144.12,0.103077,0.06223778813035103,0.413022,98.1,0.6522
5171,2,4317.23,9142.9,0.052097,0.06223193892610007,0.348602,98.1,0.6524
5172,2,4317.88,9141.68,0.125904,0.06222608866009829,0.557204,97.9,0.6538
5173,2,4318.53,9140.46,0.154709,0.062220237332600695,0.610798,98.1,0.6526
5174,2,4319.19,9139.24,0.075063,0.06221438494386236,0.629171,98.2,0.6517
5175,2,4319.85,9138.04,0.146461,0.062208531494138394,0.581544,97.1,0.6591
5176,2,4320.5,9136.82,0.070093,0.06220267698368396,0.765977,98.2,0.6519
5177,2,4321.15,9135.6,0.16348,0.062196821412754254,0.380915,97.9,0.6539
5178,2,4321.81,9134.39,0.146067,0.062190964781604546,0.335723,97.5,0.6566
5179,2,4322.46,9133.18,0.085725,0.062185107090490126,0.400314,98.1,0.6522
5180,2,4323.12,9131.96,0.07267,0.06217924833966633,0.345171,98.2,0.6518
5181,2,4323.77,9130.75,0.112946,0.06217338852938856,0.393984,98.2,0.6519
5182,2,4324.43,9129.53,0.134868,0.06216752765991225,0.680074,98.1,0.6527
5183,2,4325.08,9128.31,0.121964,0.06216166573149288,0.323013,98.1,0.6521
5184,2,4325.73,9127.1,0.088267,0.06215580274438598,0.606739,98.1,0.6526
5185,2,4326.39,9125.88,0.138254,0.062149938698847135,0.579109,98.1,0.6523
5186,2,4327.04,9124.66,0.128598,0.062144073595131945,0.55364,97.9,0.6536
5187,2,4327.69,9123.45,0.068543,0.06213820743349609,0.481667,98.0,0.6532
5188,2,4328.35,9122.23,0.095045,0.06213234021419529,0.528969,98.1,0.6522
5189,2,4329.0,9121.02,0.111691,0.06212647193748531,0.473953,98.1,0.6521
5190,2,4329.65,9119.8,0.146342,0.06212060260362192,0.423928,97.9,0.6534
5191,2,4330.31,9118.59,0.103667,0.06211473221286102,0.615517,98.3,0.6511
5192,2,4330.96,9117.37,0.087896,0.06210886076545847,0.423834,98.2,0.6521
5193,2,4331.61,9116.16,0.111251,0.06210298826167022,0.348576,98.0,0.6529
5194,2,4332.27,9114.95,0.176242,0.06209711470175228,0.431437,97.6,0.6558
5195,2,4332.92,9113.73,0.118851,0.06209124008596068,0.586102,98.3,0.6514
5196,2,4333.58,9112.52,0.097278,0.062085364414551494,0.842012,98.1,0.6525
5197,2,4334.23,9111.3,0.119989,0.06207948768778085,2.693569,98.2,0.6518
5198,2,4334.88,9110.09,0.194376,0.062073609905904915,0.895393,98.2,0.6519
5199,2,4335.53,9108.87,0.146723,0.06206773106917994,0.750987,98.1,0.6522
5200,2,4336.19,9107.66,0.066348,0.06206185117786215,0.198122,98.2,0.652
5201,2,4336.88,9106.52,0.158539,0.062055970232207894,0.739781,98.1,0.6522
5202,2,4337.54,9105.33,0.118538,0.062050088232473516,1.61698,96.6,0.6626
5203,2,4338.19,9104.12,0.100052,0.06204420517891541,0.828022,98.0,0.6528
5204,2,4338.85,9102.9,0.134099,0.062038321071790026,0.44887,98.2,0.6515
5205,2,4339.5,9101.7,0.112301,0.06203243591135387,0.327513,97.9,0.654
5206,2,4340.15,9100.48,0.119871,0.062026549697863496,0.450262,98.2,0.6517
5207,2,4340.81,9099.27,0.079833,0.06202066243157548,0.438174,97.9,0.6538
5208,2,4341.47,9098.08,0.080954,0.06201477411274644,0.482825,97.1,0.6592
5209,2,4342.12,9096.87,0.075854,0.062008884741633075,0.409907,97.7,0.6551
5210,2,4342.79,9095.68,0.076773,0.062002994318492106,0.555194,96.7,0.6615
5211,2,4343.45,9094.48,0.176864,0.061997102843580294,1.612493,97.2,0.6582
5212,2,4344.1,9093.27,0.158993,0.061991210317154474,0.729182,98.0,0.6534
5213,2,4344.75,9092.06,0.161194,0.06198531673947149,0.407096,97.9,0.6537
5214,2,4345.41,9090.85,0.113929,0.06197942211078826,0.311494,98.1,0.6523
5215,2,4346.06,9089.64,0.114178,0.061973526431361746,0.306172,98.1,0.6525
5216,2,4346.71,9088.43,0.114127,0.06196762970144894,0.527377,98.1,0.6523
5217,2,4347.38,9087.25,0.109081,0.06196173192130688,0.91653,96.1,0.6658
5218,2,4348.05,9086.08,0.071193,0.06195583309119268,0.780362,95.6,0.6695
5219,2,4348.7,9084.87,0.051188,0.06194993321136345,0.386413,98.1,0.6525
5220,2,4349.36,9083.66,0.128211,0.061944032282076386,0.458881,98.1,0.6523
5221,2,4350.01,9082.46,0.126588,0.06193813030358873,0.494749,98.1,0.6522
5222,2,4350.67,9081.25,0.080312,0.061932227276157756,0.945947,98.2,0.6515
5223,2,4351.32,9080.04,0.068047,0.06192632320004076,0.346546,97.9,0.6538
5224,2,4351.97,9078.83,0.105594,0.061920418075495136,0.81257,98.1,0.6522
5225,2,4352.63,9077.62,0.22326,0.06191451190277827,2.357291,98.2,0.6515
5226,2,4353.28,9076.42,0.137915,0.06190860468214765,0.712206,97.6,0.6558
5227,2,4353.94,9075.21,0.131246,0.061902696413860744,0.624513,98.2,0.6514
5228,2,4354.59,9074.0,0.065376,0.06189678709817513,0.528148,98.2,0.6517
5229,2,4355.24,9072.79,0.046416,0.06189087673534839,0.557517,98.2,0.6514
5230,2,4355.89,9071.58,0.154552,0.061884965325638176,0.531033,98.2,0.6518
5231,2,4356.55,9070.38,0.097786,0.061879052869302155,0.437018,98.2,0.6516
5232,2,4357.2,9069.17,0.118131,0.06187313936659807,0.404396,98.0,0.6528
5233,2,4357.85,9067.96,0.123144,0.0618672248177837,0.594757,98.3,0.6514
5234,2,4358.51,9066.76,0.102976,0.06186130922311686,0.533581,98.0,0.6531
5235,2,4359.16,9065.55,0.139332,0.06185539258285543,0.854355,98.3,0.651
5236,2,4359.81,9064.34,0.133891,0.061849474897257326,0.514831,98.0,0.6528
5237,2,4360.46,9063.14,0.094815,0.06184355616658049,0.442311,98.2,0.6519
5238,2,4361.12,9061.93,0.071967,0.06183763639108293,0.845066,98.2,0.6516
5239,2,4361.77,9060.73,0.059457,0.06183171557102272,0.635118,97.8,0.6542
5240,2,4362.42,9059.52,0.15452,0.06182579370665794,0.43598,98.2,0.6516
5241,2,4363.08,9058.32,0.08186,0.06181987079824671,0.35387,98.1,0.6526
5242,2,4363.73,9057.12,0.093819,0.061813946846047255,0.939194,98.0,0.6531
5243,2,4364.39,9055.91,0.13193,0.06180802185031779,1.458114,98.3,0.6513
5244,2,4365.04,9054.71,0.104482,0.0618020958113166,0.536867,98.2,0.6516
5245,2,4365.69,9053.5,0.141718,0.061796168729302,0.478089,98.2,0.652
5246,2,4366.35,9052.3,0.138268,0.06179024060453236,0.554905,97.8,0.6542
5247,2,4367.0,9051.1,0.158266,0.0617843114372661,0.337347,98.1,0.6525
5248,2,4367.65,9049.9,0.130122,0.061778381227761685,0.616314,98.0,0.6529
5249,2,4368.31,9048.69,0.131835,0.0617724499762776,0.741509,98.3,0.6512
5250,2,4368.97,9047.51,0.055766,0.06176651768307242,0.717015,96.6,0.6627
5251,2,4369.63,9046.32,0.125302,0.061760584348404736,0.526473,97.6,0.6556
5252,2,4370.28,9045.12,0.079032,0.061754649972533174,0.341539,97.8,0.6543
5253,2,4370.94,9043.92,0.101636,0.06174871455571644,0.302018,97.4,0.6569
5254,2,4371.59,9042.73,0.131055,0.06174277809821324,0.832515,97.8,0.6546
5255,2,4372.25,9041.53,0.097935,0.061736840600282394,0.368998,97.7,0.6549
5256,2,4372.91,9040.34,0.119861,0.06173090206218269,0.326718,97.4,0.6571
5257,2,4373.57,9039.15,0.046111,0.06172496248417301,0.603327,97.2,0.6581
5258,2,4374.23,9037.96,0.119947,0.061719021866512264,0.878732,97.1,0.6589
5259,2,4374.88,9036.77,0.10208,0.061713080209459426,0.499406,97.7,0.6552
5260,2,4375.54,9035.57,0.107413,0.06170713751327348,0.552357,98.1,0.6524
5261,2,4376.19,9034.38,0.100249,0.06170119377821348,0.712877,97.8,0.6544
5262,2,4376.85,9033.18,0.12712,0.06169524900453854,0.629739,98.1,0.6521
5263,2,4377.5,9031.98,0.069995,0.061689303192507774,0.336954,98.1,0.6524
5264,2,4378.16,9030.78,0.102615,0.06168335634238038,0.484158,97.8,0.6541
5265,2,4378.81,9029.58,0.089975,0.06167740845441559,0.356724,97.8,0.6546
5266,2,4379.47,9028.4,0.105908,0.06167145952887268,0.712943,96.8,0.6613
5267,2,4380.13,9027.21,0.120323,0.06166550956601097,0.691988,97.9,0.6539
5268,2,4380.78,9026.01,0.089243,0.06165955856608983,0.549192,98.0,0.6529
5269,2,4381.44,9024.81,0.091072,0.06165360652936866,0.6745,98.0,0.6532
5270,2,4382.09,9023.62,0.056991,0.061647653456106934,0.301064,97.8,0.6542
5271,2,4382.75,9022.42,0.067625,0.06164169934656414,0.343085,98.0,0.653
5272,2,4383.4,9021.23,0.057224,0.06163574420099984,0.31579,97.8,0.6541
5273,2,4384.06,9020.03,0.119442,0.061629788019673615,0.901912,97.7,0.6551
5274,2,4384.71,9018.83,0.113253,0.061623830802845114,0.61169,98.2,0.6518
5275,2,4385.36,9017.64,0.09121,0.061617872550774,0.718105,98.2,0.652
5276,2,4386.02,9016.44,0.162431,0.061611913263720015,0.981131,98.2,0.6519
5277,2,4386.67,9015.24,0.089891,0.06160595294194293,0.381407,98.1,0.6521
5278,2,4387.32,9014.04,0.160349,0.06159999158570256,0.573107,98.2,0.6516
5279,2,4387.97,9012.84,0.098338,0.061594029195258776,0.607211,98.1,0.6524
5280,2,4388.63,9011.65,0.084876,0.06158806577087149,0.774721,98.2,0.6519
5281,2,4389.29,9010.47,0.123377,0.06158210131280064,2.256066,97.2,0.6584
5282,2,4389.94,9009.27,0.160041,0.06157613582130623,0.82231,98.2,0.6519
5283,2,4390.59,9008.07,0.147441,0.06157016929664831,0.469408,98.1,0.6522
5284,2,4391.25,9006.88,0.149995,0.061564201739086964,0.424948,98.3,0.651
5285,2,4391.9,9005.68,0.134491,0.06155823314888233,0.313584,98.2,0.6516
5286,2,4392.55,9004.48,0.051804,0.061552263526294566,0.3837,98.2,0.6518
5287,2,4393.2,9003.29,0.068186,0.06154629287158392,0.527457,98.2,0.6517
5288,2,4393.86,9002.09,0.078951,0.061540321185010655,0.256798,98.2,0.6519
5289,2,4394.51,9000.9,0.129618,0.06153434846683508,0.540614,97.8,0.6544
5290,2,4395.17,8999.7,0.085965,0.06152837471731756,0.924394,98.1,0.6523
5291,2,4395.82,8998.51,0.083296,0.0615223999367185,0.626456,98.2,0.652
5292,2,4396.47,8997.31,0.096903,0.061516424125298334,0.336775,98.2,0.6519
5293,2,4397.12,8996.12,0.10251,0.06151044728331757,0.764917,98.1,0.6524
5294,2,4397.78,8994.92,0.161886,0.06150446941103673,0.34197,98.2,0.652
5295,2,4398.43,8993.73,0.082712,0.06149849050871642,0.419063,98.1,0.6525
5296,2,4399.09,8992.54,0.161462,0.061492510576617254,0.5146,97.8,0.6545
5297,2,4399.74,8991.36,0.14413,0.0614865296149999,0.470014,97.5,0.6567
5298,2,4400.4,8990.17,0.087088,0.06148054762412509,0.408607,98.1,0.6527
5299,2,4401.05,8988.97,0.144341,0.06147456460425358,0.50923,98.2,0.6519
5300,2,4401.7,8987.78,0.069479,0.06146858055564617,0.33226,98.1,0.6524
5301,2,4402.36,8986.6,0.133889,0.06146259547856373,0.606427,98.0,0.6529
5302,2,4403.01,8985.4,0.109968,0.06145660937326714,0.59623,98.0,0.6528
5303,2,4403.67,8984.22,0.084779,0.06145062224001737,0.851377,97.7,0.6554
5304,2,4404.33,8983.03,0.093831,0.06144463407907536,0.593534,97.9,0.6539
5305,2,4404.98,8981.85,0.110459,0.06143864489070217,0.419625,97.3,0.6576
5306,2,4406.07,8981.54,0.169509,0.06143265467515889,0.816611,59.1,1.0832
5307,2,4406.81,8980.53,0.142588,0.06142666343270663,0.467782,85.9,0.7447
5308,2,4407.63,8979.68,0.077118,0.061420671163606534,0.223917,78.2,0.8179
5309,2,4408.36,8978.63,0.169227,0.06141467786811984,0.330924,88.7,0.7217
5310,2,4409.01,8977.45,0.107064,0.0614086835465078,0.316989,97.6,0.6557
5311,2,4409.67,8976.26,0.114637,0.0614026881990317,0.542366,97.8,0.6541
5312,2,4410.32,8975.07,0.043951,0.0613966918259529,0.52354,98.2,0.6517
5313,2,4410.97,8973.88,0.083261,0.06139069442753279,0.566981,98.2,0.6516
5314,2,4411.64,8972.72,0.133724,0.06138469600403279,0.825764,96.2,0.6654
5315,2,4412.29,8971.53,0.153375,0.06137869655571439,0.947274,98.1,0.6522
5316,2,4412.95,8970.34,0.123273,0.06137269608283911,0.18253,98.2,0.6519
5317,2,4413.6,8969.14,0.12773,0.06136669458566852,0.648136,98.2,0.6516
5318,2,4414.25,8967.95,0.118812,0.061360692064464234,0.260194,98.3,0.6514
5319,2,4414.9,8966.76,0.116526,0.0613546885194879,0.703387,98.1,0.6522
5320,2,4415.56,8965.57,0.143577,0.06134868395100124,1.165534,98.1,0.6526
5321,2,4416.21,8964.39,0.095504,0.06134267835926599,0.835681,98.2,0.6517
5322,2,4416.87,8963.2,0.109912,0.061336671744543936,0.294033,98.3,0.6511
5323,2,4417.52,8962.01,0.134692,0.061330664107096936,1.45819,97.9,0.654
5324,2,4418.17,8960.83,0.077183,0.06132465544718684,0.683861,98.2,0.652
5325,2,4418.82,8959.63,0.105888,0.061318645765075584,0.950356,98.3,0.6513
5326,2,4419.48,8958.45,0.153603,0.061312635061025154,0.369744,98.1,0.6522
5327,2,4420.15,8957.29,0.141973,0.06130662333529755,0.64834,95.9,0.6676
5328,2,4420.8,8956.1,0.066474,0.06130061058815483,0.482351,98.1,0.6527
5329,2,4421.45,8954.91,0.097171,0.0612945968198591,0.247756,98.3,0.6512
5330,2,4422.11,8953.73,0.101642,0.061288582030672514,0.407142,97.9,0.6537
5331,2,4422.76,8952.54,0.053557,0.06128256622085725,0.236034,98.2,0.6518
5332,2,4423.41,8951.35,0.100058,0.061276549390675554,0.576153,98.1,0.6522
5333,2,4424.06,8950.17,0.099923,0.061270531540389715,0.683053,98.2,0.6517
5334,2,4424.72,8948.98,0.076788,0.061264512670262054,1.091078,98.2,0.6516
5335,2,4425.37,8947.79,0.132532,0.06125849278055494,0.283566,98.1,0.6527
5336,2,4426.02,8946.61,0.096393,0.06125247187153078,0.288522,98.1,0.6522
5337,2,4426.68,8945.42,0.090266,0.06124644994345204,0.523016,98.2,0.652
5338,2,4427.33,8944.23,0.124608,0.06124042699658123,0.563308,98.3,0.6512
5339,2,4427.98,8943.04,0.078627,0.06123440303118089,0.342972,98.4,0.6505
5340,2,4428.63,8941.86,0.111342,0.061228378047513625,0.203819,98.0,0.6533
5341,2,4429.29,8940.68,0.104809,0.061222352045842046,0.403052,98.0,0.6529
5342,2,4430.03,8939.66,0.084818,0.06121632502642886,0.418766,87.3,0.7335
5343,2,4430.7,8938.53,0.100826,0.061210296989536776,0.377696,94.7,0.6757
5344,2,4431.4,8937.44,0.114582,0.06120426793542858,0.800854,91.7,0.6979
5345,2,4432.06,8936.26,0.106359,0.061198237864367074,0.457598,97.8,0.6547
5346,2,4432.71,8935.08,0.091126,0.06119220677661512,0.267308,97.9,0.6539
5347,2,4433.37,8933.9,0.102886,0.06118617467243561,0.58536,97.7,0.6548
5348,2,4434.03,8932.72,0.103319,0.06118014155209152,0.281694,97.8,0.6541
5349,2,4434.68,8931.54,0.100818,0.061174107415845815,0.853851,98.0,0.6533
5350,2,4435.33,8930.36,0.126824,0.061168072263961544,1.215378,98.0,0.6532
5351,2,4435.99,8929.18,0.060089,0.061162036096701775,0.230401,97.4,0.6574
5352,2,4436.66,8928.02,0.133956,0.061155998914329636,0.39654,96.6,0.6626
5353,2,4437.33,8926.88,0.154388,0.061149960717108306,0.667137,95.0,0.6739
5354,2,4438.02,8925.78,0.080418,0.06114392150530099,0.513737,95.0,0.6737
5355,2,4438.67,8924.6,0.088493,0.061137881279170955,0.375525,98.1,0.6523
5356,2,4439.33,8923.41,0.149712,0.061131840038981484,0.695347,98.0,0.6532
5357,2,4439.98,8922.23,0.112001,0.061125797784995946,0.720572,98.1,0.6525
5358,2,4440.64,8921.05,0.124093,0.0611197545174777,0.418134,98.1,0.6526
5359,2,4441.29,8919.87,0.133698,0.06111371023669021,0.248595,98.2,0.652
5360,2,4441.94,8918.69,0.076369,0.06110766494289693,0.506238,98.1,0.6524
5361,2,4442.6,8917.52,0.033225,0.06110161863636141,0.234605,98.0,0.653
5362,2,4443.25,8916.33,0.055292,0.061095571317347185,0.471853,98.2,0.6518
5363,2,4443.92,8915.18,0.129395,0.061089522986117896,0.580815,96.0,0.6667
5364,2,4444.58,8914.02,0.129626,0.061083473642937175,0.744805,96.8,0.661
5365,2,4445.24,8912.85,0.127995,0.06107742328806873,0.798793,97.4,0.6569
5366,2,4445.89,8911.67,0.153641,0.061071371921776293,0.972163,98.2,0.6519
5367,2,4446.55,8910.49,0.102119,0.061065319544323676,0.593191,97.8,0.6542
5368,2,4447.2,8909.31,0.10468,0.061059266155974685,0.62535,98.1,0.6523
5369,2,4447.85,8908.13,0.057456,0.06105321175699321,0.372624,98.0,0.6532
5370,2,4448.51,8906.95,0.093329,0.061047156347643156,0.354121,98.0,0.653
5371,2,4449.16,8905.78,0.130235,0.06104109992818849,0.553028,97.7,0.6548
5372,2,4449.81,8904.6,0.104575,0.061035042498893244,1.014875,98.1,0.6526
5373,2,4450.47,8903.42,0.135577,0.061028984060021434,1.649606,97.8,0.6547
5374,2,4450.74,8901.48,0.175222,0.06102292461183719,0.460359,85.4,0.2693
5375,3,4454.83,8907.17,0.139054,0.06101686415460461,1.20581,79.0,0.8103
5376,3,4455.9,8906.83,0.098498,0.061010802688587905,1.124962,96.4,0.664
5377,3,4456.57,8905.68,0.074913,0.0610047402140513,0.692488,95.8,0.668
5378,3,4457.23,8904.52,0.114683,0.06099867673125906,0.620324,96.8,0.661
5379,3,4457.9,8903.37,0.071461,0.0609926122404755,0.334157,96.3,0.6648
5380,3,4458.56,8902.21,0.103809,0.060986546741964985,0.324017,96.2,0.6651
5381,3,4459.24,8901.07,0.103426,0.06098048023599192,0.438428,96.0,0.6665
5382,3,4459.9,8899.91,0.088358,0.06097441272282074,0.553965,96.8,0.6609
5383,3,4460.56,8898.75,0.085796,0.06096834420271595,0.825166,96.7,0.6616
5384,3,4461.3,8897.75,0.103157,0.06096227467594206,0.66155,86.4,0.7405
5385,3,4461.98,8896.62,0.100627,0.06095620414276368,0.384263,94.2,0.6791
5386,3,4462.64,8895.46,0.156065,0.06095013260344542,0.807834,97.3,0.6575
5387,3,4463.3,8894.29,0.122535,0.06094406005825193,0.605651,97.4,0.6568
5388,3,4463.96,8893.11,0.111287,0.060937986507447944,0.548075,97.9,0.6537
5389,3,4464.61,8891.94,0.097469,0.06093191195129822,0.443985,98.2,0.6519
5390,3,4465.26,8890.76,0.089847,0.060925836390067524,0.516384,98.1,0.6523
5391,3,4465.91,8889.58,0.112909,0.060919759824020724,0.586038,98.2,0.6515
5392,3,4466.57,8888.4,0.134009,0.060913682253422696,0.786548,98.0,0.6534
5393,3,4467.23,8887.25,0.140288,0.06090760367853837,0.424429,96.2,0.6656
5394,3,4467.89,8886.08,0.140064,0.060901524099632724,0.375853,98.2,0.6515
5395,3,4468.54,8884.9,0.084516,0.06089544351697077,0.401916,97.8,0.6544
5396,3,4469.2,8883.73,0.123597,0.06088936193081757,0.495931,98.1,0.6521
5397,3,4469.85,8882.56,0.122259,0.06088327934143822,1.211865,97.7,0.6548
5398,3,4470.5,8881.38,0.099793,0.06087719574909789,0.716304,98.2,0.6517
5399,3,4471.16,8880.2,0.110038,0.06087111115406175,0.586715,98.2,0.6518
5400,3,4471.81,8879.03,0.108438,0.060865025556595044,0.614395,98.1,0.6525
