step,epoch,elapsed_sec,eta_sec,train_loss,lr,grad_norm,imgs_per_s,sec_per_step
1,1,88.51,1426853.71,0.13038,0.0008190697674418605,1.011367,0.8,83.6395
2,1,152.89,1232322.77,0.141476,0.0008881395348837208,1.116239,1.0,64.3783
3,1,153.55,824999.02,0.143428,0.0009572093023255813,1.140565,98.4,0.6507
4,1,154.19,621326.56,0.127514,0.0010262790697674418,0.996947,98.7,0.6484
5,1,154.84,499127.29,0.140493,0.0010953488372093022,1.110148,98.5,0.6498
6,1,155.59,417917.74,0.132713,0.0011644186046511629,1.014259,85.8,0.7455
7,1,156.26,359742.67,0.161371,0.0012334883720930235,1.251298,95.2,0.6719
8,1,156.92,316066.79,0.119755,0.001302558139534884,0.948634,98.4,0.6502
9,1,157.59,282130.05,0.14353,0.0013716279069767446,1.112259,95.7,0.6689
10,1,158.24,254963.37,0.150477,0.001440697674418605,1.194745,97.2,0.6585
11,1,158.91,232745.09,0.12879,0.0015097674418604657,0.996622,96.3,0.6645
12,1,159.56,214211.18,0.13498,0.0015788372093023262,1.051365,98.4,0.6504
13,1,160.21,198527.52,0.153886,0.0016479069767441868,1.192409,98.5,0.6498
14,1,161.04,185284.78,0.153617,0.0017169767441860473,1.242825,77.6,0.8243
15,1,161.94,173892.12,0.127258,0.001786046511627908,1.012207,70.9,0.9028
16,1,162.59,163670.16,0.122501,0.0018551162790697683,0.955309,98.3,0.6512
17,1,163.24,154650.48,0.098398,0.0019241860465116288,0.761708,98.3,0.651
18,1,163.9,146635.86,0.147,0.0019932558139534894,1.119001,97.8,0.6544
19,1,164.56,139465.9,0.157196,0.00206232558139535,1.19291,97.6,0.6556
20,1,165.21,133007.65,0.133187,0.0021313953488372103,0.987908,98.6,0.6489
21,1,165.87,127171.8,0.140778,0.0022004651162790705,1.076106,97.7,0.6551
22,1,166.52,121858.81,0.13435,0.002269534883720931,1.030208,98.8,0.6481
23,1,167.18,117016.43,0.135827,0.0023386046511627914,1.022274,96.8,0.6609
24,1,167.85,112584.87,0.139029,0.002407674418604652,1.041397,95.3,0.6716
25,1,168.69,108613.9,0.125327,0.0024767441860465127,0.922735,76.6,0.8353
26,1,169.42,104884.04,0.114147,0.002545813953488373,0.829435,87.3,0.7327
27,1,170.07,101382.76,0.135431,0.002614883720930233,0.968257,98.1,0.6526
28,1,170.72,98130.09,0.107823,0.002683953488372094,0.782859,98.4,0.6501
29,1,171.38,95102.75,0.118069,0.002753023255813954,0.852838,98.1,0.6522
30,1,172.03,92275.97,0.112315,0.0028220930232558147,0.780583,98.5,0.6498
31,1,172.69,89636.47,0.118683,0.0028911627906976754,0.819217,97.1,0.6592
32,1,173.34,87157.07,0.124151,0.002960232558139536,0.878726,98.5,0.6498
33,1,174.0,84833.25,0.130662,0.0030293023255813967,0.905913,96.9,0.6608
34,1,174.65,82640.64,0.129262,0.0030983720930232573,0.850525,98.6,0.6491
35,1,175.3,80572.51,0.12583,0.0031674418604651176,0.841038,98.8,0.6477
36,1,175.95,78619.9,0.125452,0.0032365116279069782,0.789792,98.6,0.649
37,1,176.61,76776.24,0.12813,0.003305581395348839,0.811691,97.4,0.6568
38,1,177.26,75028.64,0.137451,0.0033746511627906995,0.850604,97.7,0.6548
39,1,177.91,73368.71,0.127583,0.0034437209302325598,0.786669,98.4,0.6501
40,1,178.57,71792.96,0.132923,0.00351279069767442,0.803889,98.0,0.653
41,1,179.23,70299.12,0.109374,0.00358186046511628,0.665249,96.7,0.6616
42,1,179.9,68875.1,0.104263,0.003650930232558141,0.602528,96.6,0.6628
43,1,180.55,67513.5,0.125892,0.003720000000000001,0.722139,98.1,0.6523
44,1,181.2,66213.02,0.121384,0.0037890697674418613,0.701589,98.4,0.6503
45,1,181.86,64972.26,0.134935,0.003858139534883722,0.727942,97.6,0.6561
46,1,182.51,63783.01,0.136353,0.003927209302325582,0.721177,98.6,0.6491
47,1,183.17,62647.12,0.120369,0.003996279069767442,0.616151,97.4,0.6573
48,1,183.82,61557.6,0.106437,0.004065348837209303,0.512586,97.8,0.6546
49,1,184.47,60510.56,0.135192,0.004134418604651163,0.634533,98.7,0.6486
50,1,185.12,59505.74,0.140229,0.004203488372093024,0.661129,98.5,0.6497
51,1,185.77,58540.16,0.101455,0.004272558139534885,0.460889,98.6,0.6492
52,1,186.44,57616.87,0.131596,0.004341627906976745,0.581779,96.1,0.6658
53,1,187.09,56724.29,0.136681,0.004410697674418605,0.600064,98.1,0.6524
54,1,187.74,55864.09,0.109622,0.004479767441860466,0.470292,98.4,0.6502
55,1,188.39,55034.8,0.139297,0.004548837209302326,0.562186,98.6,0.6491
56,1,189.05,54238.09,0.149667,0.004617906976744187,0.586069,97.1,0.6594
57,1,189.71,53468.08,0.121485,0.004686976744186047,0.475415,97.7,0.6551
58,1,190.36,52724.31,0.145998,0.0047560465116279075,0.539341,97.9,0.654
59,1,191.01,52004.58,0.13212,0.004825116279069768,0.47173,98.5,0.6498
60,1,191.66,51308.49,0.110758,0.004894186046511629,0.390805,98.7,0.6487
61,1,192.33,50639.25,0.133378,0.0049632558139534886,0.464525,96.9,0.6604
62,1,192.99,49989.74,0.137696,0.005032325581395349,0.509676,97.4,0.6569
63,1,193.64,49360.58,0.141452,0.00510139534883721,0.447342,97.6,0.6559
64,1,194.3,48750.9,0.118072,0.0051704651162790705,0.375234,97.6,0.6555
65,1,194.96,48159.89,0.128539,0.005239534883720931,0.406806,97.7,0.6551
66,1,195.61,47585.43,0.120552,0.005308604651162792,0.346351,98.5,0.6495
67,1,196.26,47028.96,0.140713,0.005377674418604652,0.390227,98.0,0.6529
68,1,196.92,46490.03,0.149257,0.005446744186046511,0.417276,97.2,0.6583
69,1,197.57,45965.28,0.166848,0.005515813953488372,0.444361,98.2,0.652
70,1,198.23,45456.11,0.147167,0.005584883720930233,0.371136,97.7,0.6548
71,1,198.88,44961.68,0.119566,0.0056539534883720925,0.30001,97.5,0.6563
72,1,199.53,44479.5,0.1693,0.005723023255813952,0.428465,98.5,0.6499
73,1,200.19,44012.22,0.136754,0.005792093023255813,0.315874,97.3,0.6576
74,1,200.85,43557.05,0.155662,0.005861162790697673,0.332307,97.6,0.6555
75,1,201.5,43112.77,0.157745,0.005930232558139533,0.355052,98.5,0.6495
76,1,202.15,42680.39,0.171843,0.005999302325581393,0.371471,98.3,0.6508
77,1,202.81,42260.73,0.124248,0.006068372093023254,0.251207,97.3,0.6579
78,1,203.46,41850.69,0.171423,0.006137441860465114,0.327303,98.1,0.6523
79,1,204.12,41451.45,0.173861,0.006206511627906974,0.336757,97.8,0.6547
80,1,204.77,41062.29,0.187368,0.006275581395348834,0.348993,97.7,0.6552
81,1,205.44,40684.18,0.12983,0.006344651162790694,0.222631,97.2,0.6582
82,1,206.11,40318.06,0.164106,0.0064137209302325545,0.278384,94.6,0.6765
83,1,206.77,39955.7,0.178812,0.006482790697674415,0.291461,98.4,0.6504
84,1,207.42,39603.26,0.183597,0.006551860465116276,0.363756,97.3,0.6575
85,1,208.08,39259.15,0.179492,0.0066209302325581365,0.272161,97.3,0.6577
86,1,208.74,38923.25,0.155852,0.006689999999999997,0.242971,97.1,0.6592
87,1,209.4,38594.71,0.169431,0.006759069767441858,0.248653,97.4,0.6571
88,1,210.06,38273.37,0.166717,0.0068281395348837185,0.259972,97.6,0.6556
89,1,210.72,37959.58,0.192343,0.006897209302325579,0.280853,97.3,0.6577
90,1,211.37,37651.42,0.195473,0.00696627906976744,0.270901,98.4,0.6502
91,1,212.02,37350.89,0.196934,0.0070353488372093004,0.280484,97.7,0.6551
92,1,212.68,37057.24,0.186793,0.007104418604651161,0.256074,97.4,0.6571
93,1,213.33,36768.64,0.188971,0.007173488372093022,0.251595,98.5,0.6499
94,1,213.98,36485.81,0.154977,0.0072425581395348815,0.207592,98.8,0.648
95,1,214.64,36210.89,0.179962,0.007311627906976742,0.208471,97.0,0.6596
96,1,215.3,35941.45,0.123225,0.007380697674418603,0.175517,97.3,0.658
97,1,215.96,35677.28,0.193526,0.007449767441860464,0.211955,97.5,0.6566
98,1,216.61,35417.28,0.208551,0.007518837209302325,0.220999,98.6,0.6492
99,1,217.26,35162.93,0.175996,0.007587906976744186,0.219136,98.2,0.6517
100,1,217.92,34914.4,0.200857,0.0076569767441860455,0.23822,97.5,0.6563
101,1,218.58,34671.28,0.169184,0.007726046511627906,0.182857,97.8,0.6547
102,1,219.24,34432.99,0.197663,0.007795116279069766,0.208785,97.0,0.66
103,1,219.89,34198.77,0.152076,0.007864186046511627,0.159013,97.5,0.6563
104,1,220.55,33969.42,0.18795,0.007933255813953488,0.183393,97.1,0.6589
105,1,221.2,33743.08,0.176271,0.008002325581395348,0.155923,98.5,0.6499
106,1,221.86,33522.04,0.189864,0.008071395348837208,0.168447,97.4,0.6569
107,1,222.51,33304.25,0.192232,0.00814046511627907,0.195457,98.3,0.6512
108,1,223.17,33091.17,0.198734,0.00820953488372093,0.217279,97.6,0.6558
109,1,223.83,32882.34,0.165039,0.008278604651162792,0.141088,97.2,0.6581
110,1,224.49,32676.89,0.161651,0.008347674418604652,0.189507,97.7,0.6553
111,1,225.14,32475.36,0.168309,0.008416744186046514,0.149078,97.5,0.6566
112,1,225.8,32277.35,0.221296,0.008485813953488375,0.19793,97.5,0.6564
113,1,226.46,32082.74,0.199537,0.008554883720930235,0.162549,97.6,0.6559
114,1,227.11,31890.79,0.166651,0.008623953488372096,0.140892,98.4,0.6505
115,1,227.76,31702.44,0.186103,0.008693023255813956,0.188836,98.3,0.651
116,1,228.43,31518.99,0.216616,0.008762093023255818,0.189481,96.3,0.6646
117,1,229.09,31337.7,0.1675,0.008831162790697678,0.158107,97.3,0.6575
118,1,229.74,31159.3,0.227081,0.008900232558139537,0.152804,97.5,0.6561
119,1,230.4,30983.8,0.168884,0.008969302325581397,0.128923,97.6,0.6558
120,1,231.05,30811.18,0.20378,0.009038372093023259,0.173359,97.7,0.6552
121,1,231.72,30641.96,0.216236,0.00910744186046512,0.157956,97.5,0.6562
122,1,232.37,30474.33,0.13174,0.009176511627906982,0.089487,98.4,0.6507
123,1,233.02,30310.04,0.173764,0.009245581395348843,0.138522,97.6,0.6554
124,1,233.68,30148.27,0.220462,0.009314651162790705,0.162655,97.8,0.6545
125,1,234.33,29989.11,0.159343,0.009383720930232566,0.106307,97.7,0.6549
126,1,234.99,29832.62,0.209679,0.009452790697674428,0.12063,97.5,0.6561
127,1,235.65,29678.68,0.225151,0.00952186046511629,0.142445,97.4,0.6568
128,1,236.3,29527.0,0.193861,0.00959093023255815,0.177375,97.6,0.6556
129,1,236.96,29377.05,0.205407,0.009660000000000012,0.131015,98.4,0.6504
130,1,237.61,29229.72,0.228042,0.009729069767441874,0.198227,97.9,0.6534
131,1,238.26,29084.33,0.210814,0.009798139534883735,0.148032,98.3,0.6508
132,1,238.92,28941.6,0.210033,0.009867209302325595,0.122244,97.8,0.6545
133,1,239.58,28801.51,0.211537,0.009936279069767457,0.14052,97.1,0.659
134,1,240.23,28663.24,0.190483,0.010005348837209318,0.142023,97.5,0.6565
135,1,240.89,28527.07,0.195358,0.010074418604651178,0.136475,97.4,0.6574
136,1,241.55,28392.77,0.178754,0.010143488372093038,0.105002,97.5,0.6562
137,1,242.21,28260.48,0.18279,0.0102125581395349,0.127994,97.4,0.6569
138,1,242.86,28129.32,0.212614,0.01028162790697676,0.169118,98.5,0.6499
139,1,243.51,28000.38,0.218849,0.010350697674418622,0.127419,98.0,0.653
140,1,244.17,27873.46,0.204168,0.010419767441860482,0.112015,97.8,0.6546
141,1,244.82,27748.57,0.225316,0.010488837209302342,0.122197,98.1,0.6521
142,1,245.48,27625.0,0.213461,0.010557906976744203,0.141467,98.0,0.6531
143,1,246.14,27503.52,0.163413,0.010626976744186065,0.092246,97.5,0.6563
144,1,246.79,27383.62,0.164559,0.010696046511627925,0.093721,97.7,0.6553
145,1,247.45,27265.27,0.240599,0.010765116279069785,0.141318,97.7,0.6548
146,1,248.1,27148.68,0.232174,0.010834186046511646,0.150531,97.6,0.6559
147,1,248.78,27036.17,0.22255,0.010903255813953506,0.139198,94.3,0.6787
148,1,249.44,26922.91,0.189261,0.010972325581395367,0.107698,97.3,0.6578
149,1,250.1,26810.95,0.221135,0.011041395348837227,0.134044,97.6,0.6558
150,1,250.76,26700.47,0.194853,0.011110465116279087,0.144085,97.6,0.6558
151,1,251.41,26591.42,0.220035,0.011179534883720947,0.138368,97.6,0.6557
152,1,252.07,26483.92,0.168821,0.011248604651162808,0.109688,97.4,0.6568
153,1,252.73,26377.78,0.163644,0.011317674418604668,0.117631,97.5,0.6564
154,1,253.38,26272.46,0.178356,0.011386744186046528,0.128494,98.3,0.6509
155,1,254.03,26168.63,0.200151,0.01145581395348839,0.121607,98.1,0.6526
156,1,254.69,26066.75,0.168336,0.011524883720930251,0.09164,97.1,0.6588
157,1,255.34,25965.37,0.226913,0.011593953488372112,0.151085,98.3,0.651
158,1,256.0,25865.98,0.196995,0.011663023255813972,0.123072,97.2,0.6582
159,1,256.66,25767.83,0.231271,0.011732093023255834,0.112352,97.3,0.6579
160,1,257.31,25670.19,0.180676,0.011801162790697694,0.103842,98.3,0.6509
161,1,257.98,25575.76,0.213934,0.011870232558139555,0.123444,96.1,0.6659
162,1,258.64,25480.78,0.165629,0.011939302325581415,0.085749,97.9,0.6535
163,1,259.29,25386.94,0.163224,0.012008372093023275,0.132282,97.9,0.6536
164,1,259.96,25295.45,0.229329,0.012077441860465136,0.124683,96.1,0.666
165,1,260.62,25204.44,0.19076,0.012146511627906998,0.13598,97.1,0.6594
166,1,261.28,25114.19,0.22089,0.012215581395348857,0.152922,97.6,0.656
167,1,261.94,25025.05,0.221257,0.012284651162790717,0.118501,97.5,0.6567
168,1,262.59,24936.95,0.214311,0.012353720930232579,0.10084,97.5,0.6563
169,1,263.25,24849.98,0.175805,0.01242279069767444,0.08576,97.3,0.6575
170,1,263.9,24763.3,0.20078,0.012491860465116302,0.12544,98.5,0.6496
171,1,264.55,24677.56,0.187922,0.012560930232558163,0.106448,98.6,0.6492
172,1,265.21,24593.59,0.217227,0.012630000000000023,0.12419,97.3,0.6575
173,1,265.86,24509.98,0.207078,0.012699069767441883,0.157672,98.3,0.6509
174,1,266.52,24428.07,0.194275,0.012768139534883744,0.110191,97.1,0.6592
175,1,267.18,24346.83,0.217756,0.012837209302325604,0.14076,97.5,0.6562
176,1,267.84,24266.91,0.211796,0.012906279069767466,0.121859,96.9,0.6608
177,1,268.5,24187.59,0.209531,0.012975348837209326,0.129496,97.4,0.6573
178,1,269.15,24108.45,0.213565,0.013044418604651187,0.096167,98.5,0.6496
179,1,269.81,24031.08,0.190687,0.013113488372093049,0.130511,97.0,0.6597
180,1,270.47,23954.43,0.200849,0.013182558139534908,0.175633,97.3,0.658
181,1,271.12,23878.31,0.213705,0.013251627906976768,0.167806,98.5,0.6497
182,1,271.78,23803.31,0.204046,0.01332069767441863,0.153617,97.3,0.6581
183,1,272.44,23728.99,0.209319,0.013389767441860491,0.126269,97.5,0.6563
184,1,273.1,23655.5,0.223783,0.013458837209302353,0.117163,97.4,0.6568
185,1,273.75,23582.21,0.226375,0.013527906976744213,0.131597,98.4,0.6501
186,1,274.4,23509.76,0.233066,0.013596976744186074,0.123154,98.4,0.6506
187,1,275.06,23438.69,0.217377,0.013666046511627934,0.100949,97.3,0.6578
188,1,275.71,23368.24,0.194648,0.013735116279069795,0.136543,97.5,0.6563
189,1,276.37,23298.68,0.226418,0.013804186046511657,0.148584,97.3,0.658
190,1,277.04,23230.13,0.225789,0.013873255813953518,0.160391,96.7,0.6616
191,1,277.69,23161.86,0.225176,0.01394232558139538,0.136853,97.5,0.6563
192,1,278.35,23094.56,0.23244,0.01401139534883724,0.157097,97.1,0.6594
193,1,279.02,23028.56,0.203587,0.0140804651162791,0.10388,96.0,0.6667
194,1,279.68,22962.24,0.212025,0.014149534883720961,0.111938,97.8,0.6547
195,1,280.34,22897.21,0.195278,0.014218604651162823,0.112702,96.7,0.6621
196,1,280.99,22832.23,0.234861,0.014287674418604684,0.133903,97.8,0.6547
197,1,281.65,22768.08,0.214992,0.014356744186046546,0.13085,97.4,0.657
198,1,282.31,22704.59,0.170973,0.014425813953488407,0.159535,97.4,0.6574
199,1,282.97,22641.75,0.185822,0.014494883720930269,0.147405,97.4,0.6572
200,1,283.62,22579.38,0.179578,0.014563953488372128,0.090742,97.6,0.6558
201,1,284.28,22517.46,0.191348,0.01463302325581399,0.117829,98.4,0.6505
202,1,284.93,22456.01,0.208675,0.01470209302325585,0.132812,98.2,0.6514
203,1,285.59,22395.68,0.23446,0.014771162790697711,0.109308,97.2,0.6586
204,1,286.24,22335.34,0.210832,0.014840232558139573,0.160476,98.3,0.6507
205,1,286.9,22276.05,0.186918,0.014909302325581433,0.116774,97.5,0.6567
206,1,287.56,22217.76,0.188032,0.014978372093023292,0.214782,96.6,0.6622
207,1,288.22,22159.8,0.202528,0.015047441860465152,0.134437,97.1,0.6594
208,1,288.88,22102.14,0.232013,0.015116511627907014,0.141025,97.5,0.6562
209,1,289.53,22044.82,0.21767,0.015185581395348874,0.111517,97.9,0.6536
210,1,290.19,21988.33,0.155471,0.015254651162790735,0.122932,97.4,0.6574
211,1,290.85,21932.67,0.225115,0.015323720930232595,0.105858,96.8,0.6611
212,1,291.51,21877.29,0.215778,0.015392790697674455,0.162403,97.2,0.6581
213,1,292.17,21822.32,0.214814,0.015461860465116316,0.134223,97.5,0.6567
214,1,292.83,21767.91,0.171637,0.015530930232558178,0.143095,97.4,0.6573
215,1,293.49,21713.97,0.192528,0.01560000000000004,0.114364,97.4,0.6569
216,1,294.15,21660.54,0.217945,0.0156690697674419,0.117426,97.4,0.6572
217,1,294.8,21607.11,0.223654,0.01573813953488376,0.121786,98.4,0.6506
218,1,295.45,21554.28,0.168775,0.015807209302325622,0.143452,98.1,0.6524
219,1,296.11,21502.24,0.179024,0.01587627906976748,0.121237,97.5,0.6565
220,1,296.77,21451.03,0.202132,0.015945348837209338,0.171573,96.7,0.6617
221,1,297.43,21400.44,0.180843,0.0160144186046512,0.188852,97.1,0.6592
222,1,298.08,21349.33,0.223502,0.01608348837209306,0.115723,98.4,0.6504
223,1,298.74,21299.12,0.197808,0.01615255813953492,0.124741,97.5,0.6564
224,1,299.4,21249.48,0.184201,0.016221627906976777,0.130307,97.2,0.6582
225,1,300.05,21199.76,0.178682,0.01629069767441864,0.196031,98.3,0.6511
226,1,300.71,21150.73,0.220855,0.0163597674418605,0.200811,97.8,0.6545
227,1,301.37,21102.3,0.18939,0.016428837209302362,0.130681,97.4,0.6572
228,1,302.02,21054.25,0.211412,0.01649790697674422,0.122632,97.5,0.6563
229,1,302.68,21006.68,0.209503,0.01656697674418608,0.117938,97.3,0.6575
230,1,303.34,20959.39,0.208279,0.016636046511627943,0.159561,97.6,0.6556
231,1,303.99,20912.26,0.202156,0.016705116279069804,0.155462,98.1,0.6523
232,1,304.65,20865.96,0.199592,0.016774186046511663,0.111052,97.2,0.6583
233,1,305.3,20819.45,0.200071,0.016843255813953524,0.160588,98.5,0.6496
234,1,305.95,20773.52,0.20611,0.016912325581395386,0.177276,98.1,0.6526
235,1,306.61,20728.42,0.194777,0.016981395348837247,0.148218,97.1,0.659
236,1,307.29,20684.96,0.21889,0.01705046511627911,0.144358,94.9,0.6745
237,1,307.96,20640.86,0.212359,0.01711953488372097,0.130583,96.6,0.6628
238,1,308.61,20596.79,0.213784,0.01718860465116283,0.173399,97.3,0.6578
239,1,309.27,20553.06,0.133285,0.017257674418604693,0.108647,97.3,0.6574
240,1,309.92,20509.17,0.19855,0.017326744186046555,0.146157,98.5,0.6497
241,1,310.58,20466.27,0.22609,0.017395813953488416,0.197716,97.6,0.6557
242,1,311.24,20423.78,0.210143,0.017464883720930278,0.178141,96.9,0.6602
243,1,311.9,20381.48,0.200913,0.01753395348837214,0.178894,97.3,0.6576
244,1,312.55,20339.08,0.23922,0.017603023255814,0.173531,98.3,0.6511
245,1,313.22,20297.66,0.19929,0.017672093023255862,0.120819,96.8,0.6609
246,1,313.87,20256.27,0.230304,0.01774116279069772,0.138463,97.6,0.6561
247,1,314.53,20215.03,0.238461,0.01781023255813958,0.140479,97.9,0.6535
248,1,315.18,20173.92,0.213581,0.01787930232558144,0.168164,98.4,0.6503
249,1,315.83,20133.37,0.212472,0.017948372093023298,0.157611,97.9,0.654
250,1,316.49,20093.47,0.203365,0.01801744186046516,0.168072,97.1,0.659
251,1,317.15,20053.83,0.205394,0.01808651162790702,0.168975,97.2,0.6583
252,1,317.81,20014.42,0.16985,0.018155581395348883,0.122927,97.4,0.6571
253,1,318.47,19975.28,0.129098,0.018224651162790744,0.138046,97.5,0.6564
254,1,319.12,19936.43,0.200331,0.018293720930232602,0.159974,97.5,0.6561
255,1,319.78,19897.92,0.222761,0.018362790697674464,0.165729,97.4,0.6569
256,1,320.43,19859.37,0.195221,0.018431860465116325,0.176374,98.3,0.6513
257,1,321.09,19821.08,0.199192,0.018500930232558187,0.159838,98.3,0.6508
258,1,321.74,19783.5,0.244036,0.01857000000000005,0.17314,97.3,0.6576
259,1,322.4,19746.2,0.203858,0.018639069767441906,0.199475,97.4,0.657
260,1,323.06,19709.18,0.216838,0.018708139534883768,0.211608,97.3,0.6577
261,1,323.72,19672.49,0.195701,0.01877720930232563,0.165244,97.6,0.6559
262,1,324.38,19636.2,0.178271,0.018846279069767487,0.177332,96.9,0.6606
263,1,325.03,19599.61,0.209776,0.01891534883720935,0.206577,98.3,0.651
264,1,325.69,19563.68,0.220322,0.01898441860465121,0.142297,97.3,0.6577
265,1,326.34,19527.69,0.178972,0.019053488372093072,0.140152,98.2,0.652
266,1,327.01,19492.58,0.210428,0.019122558139534934,0.199248,96.6,0.6623
267,1,327.66,19457.29,0.208227,0.019191627906976795,0.157128,97.7,0.655
268,1,328.32,19422.3,0.234418,0.019260697674418653,0.189372,97.6,0.6557
269,1,329.0,19388.75,0.218559,0.019329767441860515,0.149278,94.7,0.6761
270,1,329.65,19354.31,0.149635,0.019398837209302376,0.140125,97.5,0.6563
271,1,330.31,19320.31,0.166253,0.019467906976744238,0.2215,97.0,0.6597
272,1,330.97,19286.04,0.211769,0.0195369767441861,0.174143,98.3,0.6509
273,1,331.62,19252.16,0.209719,0.019606046511627957,0.151695,98.0,0.6533
274,1,332.27,19218.56,0.142777,0.019675116279069815,0.193816,97.9,0.6539
275,1,332.93,19185.32,0.181594,0.019744186046511677,0.23884,97.5,0.6563
276,1,333.59,19152.54,0.183972,0.01981325581395354,0.244052,97.0,0.66
277,1,334.25,19119.71,0.167307,0.0198823255813954,0.194026,97.7,0.6552
278,1,334.91,19087.2,0.224318,0.019951395348837258,0.184339,97.5,0.6567
279,1,335.56,19054.88,0.193629,0.02002046511627912,0.141973,97.6,0.6558
280,1,336.21,19022.45,0.16973,0.02008953488372098,0.165816,98.5,0.6499
281,1,336.87,18990.58,0.213856,0.020158604651162843,0.202067,98.3,0.6512
282,1,337.53,18958.95,0.198323,0.020227674418604704,0.152122,97.5,0.6564
283,1,338.18,18927.6,0.211684,0.020296744186046566,0.183203,97.4,0.6573
284,1,338.84,18896.07,0.202531,0.020365813953488427,0.263175,98.4,0.6502
285,1,339.5,18865.21,0.220836,0.02043488372093029,0.214208,97.2,0.6584
286,1,340.15,18834.1,0.208706,0.020503953488372147,0.232866,98.4,0.6502
287,1,340.81,18803.72,0.190208,0.020573023255814008,0.173152,97.0,0.6596
288,1,341.46,18773.07,0.187096,0.02064209302325587,0.171191,98.3,0.6509
289,1,342.11,18742.65,0.178768,0.02071116279069773,0.199831,98.2,0.6514
290,1,342.76,18712.6,0.204101,0.020780232558139593,0.200719,97.8,0.6542
291,1,343.42,18683.01,0.234491,0.020849302325581454,0.229367,97.1,0.6592
292,1,344.08,18653.5,0.189752,0.020918372093023312,0.169015,97.4,0.6568
293,1,344.74,18624.2,0.229673,0.020987441860465174,0.192842,97.4,0.657
294,1,345.4,18595.07,0.212087,0.021056511627907035,0.237422,97.5,0.6566
295,1,346.05,18565.9,0.194008,0.021125581395348893,0.175123,98.2,0.6519
296,1,346.7,18536.8,0.199139,0.021194651162790755,0.278017,98.4,0.6501
297,1,347.35,18508.05,0.219179,0.021263720930232613,0.247184,98.0,0.6529
298,1,348.01,18479.73,0.210157,0.02133279069767447,0.164049,97.4,0.6574
299,1,348.67,18451.7,0.169658,0.02140186046511633,0.167613,97.1,0.6592
300,1,349.33,18423.71,0.161244,0.02147093023255819,0.194914,97.5,0.6567
301,1,369.9,19442.45,0.198089,0.021540000000000052,0.221689,96.2,0.6651
302,1,370.55,19410.94,0.229646,0.021609069767441914,0.218622,98.5,0.6498
303,1,371.2,19379.75,0.182768,0.021678139534883772,0.254925,98.1,0.6523
304,1,371.86,19348.74,0.208834,0.021747209302325633,0.286013,98.2,0.6518
305,1,372.51,19318.0,0.169746,0.021816279069767495,0.264398,98.0,0.6534
306,1,373.16,19287.5,0.144757,0.021885348837209356,0.175614,97.9,0.654
307,1,373.82,19256.98,0.204901,0.021954418604651218,0.20428,98.5,0.6499
308,1,374.48,19227.35,0.207608,0.02202348837209308,0.217544,96.5,0.6634
309,1,375.14,19197.7,0.188088,0.022092558139534937,0.21275,97.0,0.6595
310,1,375.8,19168.23,0.210467,0.022161627906976795,0.223463,97.1,0.6593
311,1,376.46,19138.71,0.201863,0.022230697674418657,0.177544,97.8,0.6547
312,1,377.11,19109.57,0.147776,0.02229976744186052,0.232154,97.3,0.6579
313,1,377.76,19080.13,0.190438,0.02236883720930238,0.249521,98.6,0.649
314,1,378.42,19050.92,0.191791,0.02243790697674424,0.24802,98.5,0.6499
315,1,379.08,19022.46,0.201182,0.022506976744186103,0.168265,96.8,0.6615
316,1,379.73,18993.9,0.232658,0.02257604651162796,0.228924,97.6,0.6554
317,1,380.39,18965.4,0.180376,0.022645116279069823,0.198861,97.9,0.6534
318,1,381.04,18937.16,0.198281,0.022714186046511684,0.21762,97.7,0.655
319,1,381.7,18909.15,0.233448,0.022783255813953542,0.315877,97.5,0.6561
320,1,382.35,18881.14,0.223131,0.0228523255813954,0.208239,98.0,0.6529
321,1,383.01,18853.42,0.187028,0.022921395348837262,0.191227,98.5,0.6495
322,1,383.66,18825.59,0.170274,0.022990465116279123,0.217793,98.5,0.6495
323,1,384.32,18798.26,0.193749,0.02305953488372098,0.200146,97.5,0.6562
324,1,384.97,18771.08,0.183206,0.023128604651162843,0.255127,97.5,0.6562
325,1,385.63,18744.15,0.210119,0.0231976744186047,0.242422,97.3,0.6579
326,1,386.29,18717.46,0.213988,0.023266744186046562,0.228534,97.0,0.6595
327,1,386.95,18690.75,0.210324,0.023335813953488424,0.205675,97.6,0.6556
328,1,387.61,18664.22,0.201783,0.023404883720930286,0.27332,97.5,0.6562
329,1,388.26,18637.54,0.221767,0.023473953488372147,0.226537,98.5,0.6498
330,1,388.91,18611.18,0.197402,0.023543023255814005,0.21585,98.0,0.653
331,1,389.57,18585.32,0.192864,0.023612093023255863,0.23405,96.9,0.6604
332,1,390.23,18559.39,0.195492,0.02368116279069772,0.246112,97.6,0.6556
333,1,390.88,18533.34,0.200295,0.02375023255813958,0.276797,98.5,0.6499
334,1,391.54,18507.77,0.201706,0.02381930232558144,0.281905,97.4,0.6569
335,1,392.19,18482.26,0.160507,0.023888372093023302,0.200996,97.7,0.6551
336,1,392.85,18456.94,0.193267,0.023957441860465164,0.225069,97.6,0.6557
337,1,393.5,18431.46,0.195081,0.024026511627907025,0.253151,98.5,0.6494
338,1,394.15,18406.16,0.21228,0.024095581395348883,0.258358,98.5,0.65
339,1,394.8,18381.03,0.183394,0.024164651162790745,0.277973,98.3,0.6508
340,1,395.46,18356.22,0.192627,0.024233720930232606,0.267556,97.8,0.6541
341,1,396.12,18331.96,0.190939,0.024302790697674465,0.233436,97.0,0.6598
342,1,396.78,18307.52,0.154115,0.024371860465116326,0.194144,97.5,0.6563
343,1,397.43,18282.94,0.211412,0.024440930232558188,0.245349,98.4,0.6502
344,1,398.09,18258.74,0.140743,0.024510000000000046,0.278355,97.7,0.6554
345,1,398.74,18234.6,0.167179,0.024579069767441907,0.261102,97.9,0.6537
346,1,399.39,18210.53,0.164945,0.02464813953488377,0.24758,98.1,0.6525
347,1,400.05,18186.61,0.225684,0.02471720930232563,0.27089,98.1,0.6526
348,1,400.71,18163.05,0.153721,0.02478627906976749,0.357549,97.3,0.6577
349,1,401.36,18139.55,0.223334,0.024855348837209353,0.423425,97.5,0.6561
350,1,402.02,18116.21,0.14368,0.024924418604651215,0.199054,97.5,0.6563
351,1,402.68,18092.9,0.162861,0.024993488372093076,0.281319,97.7,0.6548
352,1,403.51,18077.83,0.138987,0.025062558139534938,0.229403,76.6,0.8354
353,1,404.23,18057.3,0.194596,0.0251316279069768,0.231293,90.3,0.7088
354,1,404.88,18034.37,0.187459,0.02520069767441866,0.30541,97.7,0.6548
355,1,405.53,18011.41,0.184859,0.025269767441860522,0.221628,98.2,0.6517
356,1,406.19,17988.68,0.223902,0.025338837209302384,0.366907,97.9,0.654
357,1,406.84,17966.04,0.18738,0.025407906976744242,0.275114,97.9,0.6534
358,1,407.5,17943.64,0.186271,0.025476976744186104,0.246162,97.5,0.6561
359,1,408.15,17921.29,0.19307,0.02554604651162796,0.311149,97.8,0.6541
360,1,408.81,17898.9,0.186366,0.025615116279069823,0.27203,98.3,0.6508
361,1,409.47,17877.05,0.138017,0.02568418604651168,0.264336,97.7,0.6548
362,1,410.12,17854.99,0.159848,0.025753255813953543,0.309524,98.0,0.6528
363,1,410.79,17833.52,0.210123,0.0258223255813954,0.240708,96.5,0.6635
364,1,411.44,17811.56,0.18002,0.025891395348837262,0.296403,98.5,0.6498
365,1,412.1,17790.14,0.168897,0.025960465116279124,0.261324,97.0,0.6596
366,1,412.75,17768.42,0.182138,0.026029534883720985,0.322825,98.5,0.65
367,1,413.41,17747.22,0.174312,0.026098604651162843,0.255291,97.0,0.6595
368,1,414.07,17726.15,0.171606,0.026167674418604705,0.224007,97.0,0.6596
369,1,414.72,17704.82,0.176738,0.026236744186046566,0.299334,98.3,0.6511
370,1,415.37,17683.6,0.188442,0.02630581395348843,0.292354,98.3,0.6509
371,1,416.03,17662.73,0.211585,0.026374883720930293,0.323643,97.5,0.6567
372,1,416.69,17642.02,0.154928,0.02644395348837215,0.301436,97.3,0.658
373,1,417.34,17621.17,0.202806,0.02651302325581401,0.245395,98.2,0.6519
374,1,418.0,17600.58,0.168795,0.02658209302325587,0.281854,97.6,0.6556
375,1,418.65,17580.16,0.177425,0.026651162790697732,0.273604,97.4,0.6571
376,1,419.31,17559.54,0.199803,0.02672023255813959,0.303355,98.5,0.65
377,1,419.96,17539.12,0.189723,0.02678930232558145,0.268608,98.2,0.6519
378,1,420.62,17519.03,0.213631,0.026858372093023313,0.432085,97.3,0.6577
379,1,421.27,17498.95,0.144314,0.02692744186046517,0.272205,97.7,0.655
380,1,421.93,17479.06,0.18398,0.02699651162790703,0.256921,97.3,0.6574
381,1,422.59,17459.18,0.208458,0.027065581395348887,0.431436,98.3,0.6508
382,1,423.24,17439.34,0.160871,0.02713465116279075,0.286076,97.9,0.6539
383,1,423.9,17419.57,0.169199,0.02720372093023261,0.246818,98.0,0.653
384,1,424.56,17400.16,0.190016,0.027272790697674472,0.288068,97.0,0.6595
385,1,425.21,17380.51,0.139624,0.027341860465116333,0.330563,98.3,0.651
386,1,425.86,17361.1,0.200953,0.027410930232558195,0.285336,97.7,0.6547
387,1,426.52,17342.02,0.194157,0.027480000000000056,0.280466,96.9,0.6603
388,1,427.18,17322.89,0.162588,0.027549069767441918,0.308421,97.4,0.657
389,1,427.84,17303.9,0.161893,0.02761813953488378,0.27818,97.3,0.6577
390,1,428.5,17284.92,0.169342,0.027687209302325638,0.285326,97.6,0.6559
391,1,429.15,17266.06,0.173218,0.0277562790697675,0.326466,97.5,0.6562
392,1,429.82,17247.45,0.193931,0.02782534883720936,0.28653,96.9,0.6603
393,1,430.47,17228.55,0.171017,0.027894418604651222,0.346055,98.4,0.6506
394,1,431.12,17209.74,0.201568,0.027963488372093084,0.3022,98.3,0.6511
395,1,431.77,17191.07,0.169946,0.02803255813953494,0.32059,98.2,0.6519
396,1,432.43,17172.6,0.177156,0.028101627906976803,0.377964,97.7,0.6547
397,1,433.09,17154.43,0.168038,0.028170697674418665,0.360497,97.0,0.6598
398,1,433.74,17136.1,0.177017,0.028239767441860526,0.324183,97.9,0.654
399,1,434.4,17117.89,0.137744,0.028308837209302388,0.285132,97.8,0.6545
400,1,435.05,17099.77,0.202951,0.028377906976744246,0.352551,97.8,0.6543
401,1,435.75,17083.32,0.16718,0.028446976744186104,0.383613,98.3,0.6507
402,1,436.4,17065.27,0.18304,0.028516046511627962,0.440459,98.2,0.652
403,1,437.06,17047.66,0.165142,0.028585116279069823,0.370363,96.8,0.6609
404,1,437.72,17029.82,0.162239,0.028654186046511685,0.318956,98.0,0.6532
405,1,438.37,17012.04,0.135505,0.028723255813953547,0.316271,98.3,0.6514
406,1,439.03,16994.41,0.173675,0.02879232558139541,0.301694,97.8,0.6544
407,1,439.68,16976.8,0.149634,0.028861395348837273,0.323034,98.1,0.6527
408,1,440.34,16959.42,0.149641,0.02893046511627913,0.297214,97.6,0.656
409,1,441.05,16944.34,0.165356,0.028999534883720993,0.396821,89.6,0.714
410,1,441.72,16927.63,0.177058,0.02906860465116285,0.361031,95.6,0.6692
411,1,442.38,16910.53,0.151285,0.02913767441860471,0.295006,97.3,0.6574
412,1,443.03,16893.38,0.142848,0.02920674418604657,0.314389,97.9,0.6538
413,1,443.69,16876.37,0.186153,0.02927581395348843,0.347524,97.7,0.6554
414,1,444.34,16859.32,0.195137,0.02934488372093029,0.387198,98.1,0.6524
415,1,445.0,16842.37,0.174278,0.02941395348837215,0.358581,98.0,0.6531
416,1,445.65,16825.62,0.167996,0.029483023255814013,0.313495,97.5,0.6562
417,1,446.31,16808.74,0.184094,0.02955209302325587,0.405724,98.3,0.651
418,1,446.96,16791.98,0.166966,0.02962116279069773,0.403382,98.2,0.6518
419,1,447.61,16775.35,0.163431,0.029690232558139587,0.382109,98.0,0.6533
420,1,448.27,16759.0,0.184374,0.02975930232558145,0.424351,97.2,0.6584
421,1,448.93,16742.75,0.201064,0.02982837209302331,0.407438,97.7,0.6552
422,1,449.59,16726.58,0.185482,0.02989744186046517,0.317554,97.1,0.6594
423,1,450.24,16710.12,0.187182,0.02996651162790703,0.403708,98.5,0.6499
424,1,450.9,16693.98,0.171686,0.03003558139534889,0.497005,97.5,0.6562
425,1,451.55,16677.66,0.149362,0.03010465116279075,0.349541,98.5,0.6497
426,1,452.21,16661.62,0.163874,0.030173720930232607,0.413488,97.7,0.6553
427,1,452.86,16645.44,0.154864,0.03024279069767447,0.380049,98.5,0.6495
428,1,453.51,16629.47,0.19412,0.03031186046511633,0.437101,98.0,0.6531
429,1,454.17,16613.83,0.173371,0.030380930232558192,0.38826,96.9,0.6602
430,1,454.82,16597.92,0.143144,0.03045000000000005,0.319975,98.3,0.6509
431,1,455.49,16582.59,0.172868,0.030519069767441908,0.610272,96.3,0.6648
432,1,456.14,16566.8,0.167114,0.030588139534883766,0.415449,98.5,0.65
433,1,456.79,16551.05,0.213994,0.030657209302325628,0.377534,98.5,0.6497
434,1,457.45,16535.52,0.184549,0.030726279069767486,0.442677,97.9,0.6535
435,1,458.1,16520.14,0.181297,0.030795348837209347,0.399641,97.5,0.6562
436,1,458.76,16504.86,0.170022,0.03086441860465121,0.413543,97.4,0.6568
437,1,459.42,16489.55,0.162196,0.03093348837209307,0.564555,97.8,0.6541
438,1,460.07,16474.16,0.180863,0.03100255813953493,0.520035,98.5,0.6499
439,1,460.72,16458.89,0.164516,0.03107162790697679,0.340684,98.2,0.6516
440,1,461.37,16443.62,0.165332,0.031140697674418648,0.328162,98.5,0.65
441,1,462.02,16428.55,0.142248,0.031209767441860506,0.419422,98.4,0.6502
442,1,462.68,16413.62,0.180978,0.03127883720930237,0.412063,97.6,0.6556
443,1,463.34,16398.74,0.17005,0.031347906976744236,0.50516,97.7,0.6551
444,1,463.99,16383.96,0.16546,0.031416976744186094,0.372566,97.5,0.6563
445,1,464.64,16369.03,0.196303,0.03148604651162795,0.493483,98.5,0.6499
446,1,465.29,16354.16,0.224242,0.03155511627906981,0.499444,98.5,0.6499
447,1,465.95,16339.42,0.1747,0.031624186046511675,0.448288,98.2,0.6518
448,1,466.6,16324.89,0.190688,0.03169325581395354,0.422732,97.5,0.6561
449,1,467.25,16310.21,0.182602,0.0317623255813954,0.360724,98.5,0.6499
450,1,467.91,16295.6,0.223314,0.031831395348837256,0.499463,98.5,0.6498
451,1,468.56,16281.03,0.143013,0.031900465116279114,0.417948,98.5,0.6498
452,1,469.21,16266.6,0.166483,0.03196953488372098,0.455559,98.2,0.6517
453,1,469.86,16252.33,0.100721,0.03203860465116284,0.313002,97.7,0.6549
454,1,470.52,16237.96,0.156983,0.032107674418604695,0.375499,98.4,0.6502
455,1,471.17,16223.68,0.171794,0.03217674418604655,0.378858,98.3,0.6508
456,1,471.82,16209.44,0.213784,0.03224581395348841,0.431337,98.4,0.6504
457,1,472.47,16195.3,0.119344,0.03231488372093027,0.372946,98.2,0.6517
458,1,473.12,16181.24,0.191512,0.032383953488372134,0.478951,98.1,0.6521
459,1,473.77,16167.17,0.179393,0.03245302325581399,0.426175,98.4,0.6502
460,1,474.43,16153.26,0.156991,0.03252209302325585,0.447233,98.0,0.6531
461,1,475.08,16139.49,0.157345,0.03259116279069771,0.388007,98.5,0.6499
462,1,475.74,16125.61,0.142205,0.03266023255813957,0.444517,98.4,0.6507
463,1,476.39,16111.88,0.197888,0.03272930232558143,0.477493,97.9,0.6536
464,1,477.04,16098.13,0.166311,0.0327983720930233,0.492016,98.3,0.651
465,1,477.71,16085.0,0.178595,0.032867441860465155,0.508695,95.8,0.668
466,1,478.36,16071.31,0.198509,0.03293651162790701,0.435268,98.5,0.6497
467,1,479.02,16057.89,0.161595,0.03300558139534887,0.4661,97.6,0.6558
468,1,479.68,16044.52,0.155893,0.033074651162790736,0.434382,97.6,0.6558
469,1,480.33,16031.16,0.170853,0.033143720930232594,0.429677,97.8,0.6545
470,1,480.98,16017.73,0.168882,0.03321279069767445,0.371899,98.3,0.6508
471,1,481.63,16004.37,0.146255,0.03328186046511632,0.399532,98.3,0.6512
472,1,482.29,15991.1,0.118453,0.03335093023255818,0.484473,98.2,0.6516
473,1,482.95,15978.14,0.136407,0.03342000000000005,0.426191,97.0,0.6601
474,1,483.6,15964.96,0.126213,0.033489069767441905,0.443156,98.2,0.6517
475,1,484.26,15951.87,0.174627,0.03355813953488377,0.445101,98.0,0.6531
476,1,484.91,15938.72,0.183232,0.03362720930232563,0.550254,98.5,0.6496
477,1,485.56,15925.65,0.098505,0.03369627906976749,0.534844,98.4,0.6504
478,1,486.21,15912.8,0.136275,0.03376534883720936,0.489343,97.6,0.6557
479,1,486.86,15899.82,0.115648,0.03383441860465122,0.41498,98.4,0.6501
480,1,487.52,15886.93,0.178988,0.03390348837209308,0.458174,98.3,0.6514
481,1,488.18,15874.51,0.131865,0.033972558139534946,0.443528,97.2,0.6582
482,1,488.83,15861.73,0.177286,0.034041627906976804,0.442579,98.2,0.6515
483,1,489.48,15848.97,0.12331,0.03411069767441867,0.429628,98.4,0.6505
484,1,490.14,15836.28,0.224444,0.034179767441860534,0.445181,98.2,0.6514
485,1,490.79,15823.69,0.141,0.0342488372093024,0.413064,98.1,0.6527
486,1,491.44,15811.05,0.131182,0.03431790697674426,0.435384,98.5,0.6499
487,1,492.1,15798.59,0.175241,0.034386976744186115,0.621511,97.9,0.6539
488,1,492.75,15786.17,0.146698,0.03445604651162797,0.421624,97.9,0.6534
489,1,493.4,15773.72,0.18918,0.03452511627906983,0.573206,98.4,0.6507
490,1,494.06,15761.46,0.158853,0.034594186046511696,0.437856,97.6,0.6555
491,1,494.71,15749.11,0.165345,0.03466325581395356,0.417775,98.2,0.6515
492,1,495.36,15736.87,0.186103,0.03473232558139542,0.459248,98.0,0.6531
493,1,496.02,15724.71,0.2088,0.03480139534883728,0.468917,97.8,0.6542
494,1,496.67,15712.47,0.142234,0.03487046511627914,0.552125,98.5,0.65
495,1,497.32,15700.29,0.157957,0.03493953488372101,0.487159,98.3,0.6507
496,1,497.97,15688.19,0.15453,0.03500860465116287,0.504363,98.2,0.6516
497,1,498.63,15676.1,0.139085,0.03507767441860473,0.389907,98.3,0.6508
498,1,499.28,15664.06,0.171714,0.03514674418604659,0.475783,98.4,0.6507
499,1,499.93,15652.04,0.205199,0.035215813953488447,0.449482,98.5,0.6497
500,1,500.58,15640.07,0.150151,0.03528488372093031,0.463134,98.5,0.65
501,1,501.24,15628.53,0.117541,0.035353953488372176,0.377413,97.1,0.6589
502,1,501.89,15616.71,0.204968,0.03542302325581404,0.497197,98.2,0.6518
503,1,502.55,15604.88,0.145757,0.0354920930232559,0.477516,98.4,0.6501
504,1,503.2,15593.06,0.163895,0.03556116279069776,0.488631,98.6,0.6491
505,1,503.85,15581.3,0.15557,0.035630232558139616,0.421113,98.5,0.6496
506,1,504.5,15569.59,0.108581,0.03569930232558148,0.400203,98.5,0.6498
507,1,505.15,15557.91,0.150855,0.035768372093023346,0.555096,98.5,0.6494
508,1,505.8,15546.32,0.138955,0.035837441860465204,0.498744,98.4,0.6507
509,1,506.46,15535.01,0.111777,0.03590651162790706,0.408684,97.2,0.6587
510,1,507.11,15523.6,0.132035,0.03597558139534892,0.411834,97.9,0.6537
511,1,507.76,15512.12,0.191291,0.036044651162790785,0.528929,98.4,0.6505
512,1,508.41,15500.65,0.155689,0.03611372093023264,0.563865,98.6,0.6493
513,1,509.06,15489.22,0.175939,0.03618279069767451,0.490905,98.6,0.6492
514,1,509.72,15477.93,0.14056,0.036251860465116366,0.47995,98.1,0.6526
515,1,510.37,15466.74,0.174087,0.036320930232558224,0.496722,97.9,0.654
516,1,511.02,15455.51,0.17117,0.03639000000000009,0.483825,98.2,0.6515
517,1,511.68,15444.33,0.178985,0.03645906976744195,0.514372,98.2,0.6518
518,1,512.33,15433.14,0.097853,0.036528139534883805,0.386551,98.4,0.6504
519,1,512.98,15422.16,0.161087,0.03659720930232567,0.544483,97.6,0.6556
520,1,513.64,15411.05,0.192043,0.03666627906976753,0.574743,98.5,0.65
521,1,514.3,15400.38,0.17383,0.036735348837209386,0.561775,96.9,0.6606
522,1,514.95,15389.36,0.163488,0.03680441860465125,0.576718,98.4,0.6503
523,1,515.6,15378.35,0.181096,0.03687348837209311,0.43743,98.5,0.6496
524,1,516.26,15367.47,0.122812,0.036942558139534974,0.461522,98.1,0.6526
525,1,516.91,15356.57,0.136343,0.03701162790697684,0.574086,98.4,0.6506
526,1,517.56,15345.71,0.160524,0.037080697674418704,0.44889,98.4,0.6504
527,1,518.22,15335.05,0.163906,0.03714976744186057,0.541782,97.5,0.6562
528,1,518.87,15324.27,0.175583,0.037218837209302434,0.626008,98.3,0.6508
529,1,519.52,15313.51,0.142902,0.03728790697674429,0.537837,98.4,0.6501
530,1,520.17,15302.77,0.150701,0.03735697674418615,0.611711,98.5,0.6497
531,1,520.82,15292.13,0.159557,0.03742604651162801,0.615162,98.2,0.6517
532,1,521.47,15281.47,0.199362,0.037495116279069866,0.621293,98.5,0.6495
533,1,522.13,15271.01,0.147861,0.03756418604651173,0.483568,97.7,0.6552
534,1,522.79,15260.74,0.195168,0.03763325581395359,0.467422,96.9,0.6603
535,1,523.44,15250.22,0.163615,0.037702325581395454,0.546242,98.4,0.6507
536,1,524.1,15239.88,0.112067,0.03777139534883732,0.461633,97.6,0.6554
537,1,524.75,15229.61,0.149073,0.03784046511627918,0.411237,97.5,0.6567
538,1,525.41,15219.27,0.187956,0.037909534883721036,0.4725,98.0,0.6533
539,1,526.06,15208.86,0.149807,0.0379786046511629,0.503402,98.6,0.6494
540,1,526.71,15198.52,0.205102,0.03804767441860476,0.591834,98.3,0.651
541,1,527.36,15188.27,0.192438,0.038116744186046624,0.493987,98.5,0.6498
542,1,528.01,15177.98,0.144664,0.03818581395348848,0.552393,98.5,0.6499
543,1,528.67,15167.76,0.172674,0.03825488372093034,0.560065,98.3,0.6509
544,1,529.32,15157.72,0.154973,0.0383239534883722,0.455901,97.5,0.6565
545,1,529.97,15147.54,0.176702,0.03839302325581406,0.576973,98.4,0.6501
546,1,530.63,15137.55,0.146999,0.03846209302325592,0.501873,97.6,0.6555
547,1,531.28,15127.42,0.179421,0.03853116279069778,0.8656,98.6,0.6494
548,1,531.93,15117.34,0.196533,0.038600232558139644,0.424556,98.5,0.6499
549,1,532.58,15107.3,0.125124,0.03866930232558151,0.423225,98.4,0.6502
550,1,533.24,15097.55,0.208382,0.038738372093023374,0.592902,97.1,0.6589
551,1,533.9,15087.73,0.117772,0.03880744186046524,0.343114,97.6,0.6557
552,1,534.56,15078.01,0.122881,0.0388765116279071,0.435431,97.3,0.6579
553,1,535.21,15068.15,0.175207,0.03894558139534896,0.475888,98.2,0.6516
554,1,535.86,15058.26,0.18824,0.03901465116279082,0.493756,98.5,0.6498
555,1,536.52,15048.62,0.111624,0.039083720930232685,0.382424,97.4,0.6569
556,1,537.17,15038.96,0.164861,0.03915279069767454,0.518482,97.6,0.6554
557,1,537.83,15029.22,0.158307,0.03922186046511641,0.464795,98.3,0.6512
558,1,538.48,15019.47,0.18249,0.039290930232558266,0.576646,98.5,0.6498
559,1,539.13,15009.77,0.162576,0.03936000000000013,0.463014,98.4,0.6504
560,1,539.79,15000.26,0.169582,0.039429069767441996,0.510806,97.6,0.6559
561,1,540.45,14990.9,0.144338,0.03949813953488386,0.481608,97.7,0.6553
562,1,541.1,14981.31,0.124173,0.039567209302325726,0.583487,98.3,0.6513
563,1,541.75,14971.76,0.161873,0.03963627906976759,0.562537,98.3,0.6514
564,1,542.42,14962.59,0.140971,0.03970534883720945,0.410573,96.4,0.6638
565,1,543.07,14953.03,0.187955,0.03977441860465131,0.766469,98.7,0.6487
566,1,543.72,14943.53,0.141654,0.039843488372093165,0.520914,98.5,0.6495
567,1,544.37,14934.06,0.12205,0.03991255813953503,0.453845,98.5,0.6499
568,1,545.02,14924.73,0.166817,0.03998162790697689,0.45123,97.9,0.6536
569,1,545.67,14915.34,0.150064,0.04005069767441875,0.547469,98.4,0.6504
570,1,546.34,14906.41,0.16001,0.04011976744186062,0.444082,96.1,0.6658
571,1,546.99,14897.11,0.131133,0.04018883720930248,0.573924,98.3,0.6514
572,1,547.65,14887.97,0.177509,0.04025790697674435,0.647955,97.6,0.6561
573,1,548.31,14878.88,0.123514,0.04032697674418621,0.559318,97.4,0.6569
574,1,548.96,14869.7,0.1559,0.04039604651162807,0.564803,98.1,0.6527
575,1,549.61,14860.46,0.114978,0.040465116279069936,0.550451,98.6,0.6492
576,1,550.26,14851.27,0.153458,0.0405341860465118,0.571432,98.5,0.6499
577,1,550.91,14842.1,0.171755,0.040603255813953666,0.730158,98.5,0.6499
578,1,551.57,14833.19,0.148542,0.040672325581395524,0.557376,97.3,0.6579
579,1,552.23,14824.38,0.170245,0.04074139534883738,0.655557,96.8,0.661
580,1,552.89,14815.52,0.075518,0.04081046511627924,0.431269,97.3,0.6578
581,1,553.55,14806.66,0.143849,0.0408795348837211,0.505388,98.5,0.6498
582,1,554.21,14797.86,0.154176,0.040948604651162956,0.482609,97.2,0.6584
583,1,554.86,14788.84,0.159865,0.041017674418604815,0.600803,98.7,0.6486
584,1,555.51,14779.95,0.188157,0.04108674418604668,0.508465,98.1,0.6523
585,1,556.16,14771.17,0.130438,0.041155813953488544,0.39638,97.6,0.6556
586,1,556.82,14762.28,0.152478,0.0412248837209304,0.545518,98.4,0.6505
587,1,557.47,14753.4,0.19497,0.04129395348837226,0.651262,98.6,0.6494
588,1,558.12,14744.64,0.196814,0.04136302325581412,0.554618,98.0,0.6532
589,1,558.78,14735.95,0.166805,0.04143209302325598,0.640561,97.7,0.6549
590,1,559.44,14727.44,0.170788,0.041501162790697835,0.474251,96.9,0.6606
591,1,560.09,14718.65,0.143602,0.04157023255813969,0.699229,98.6,0.6489
592,1,560.74,14710.03,0.119617,0.04163930232558155,0.516144,97.8,0.6543
593,1,561.39,14701.29,0.141238,0.041708372093023416,0.589751,98.7,0.6487
594,1,562.05,14692.72,0.157201,0.041777441860465274,0.601618,97.8,0.6543
595,1,562.7,14684.06,0.137338,0.04184651162790714,0.514686,98.5,0.6497
596,1,563.35,14675.53,0.174114,0.041915581395349004,0.709424,97.9,0.6539
597,1,564.0,14666.94,0.163716,0.04198465116279086,0.618771,98.4,0.6505
598,1,564.66,14658.56,0.157402,0.04205372093023273,0.654145,97.3,0.6576
599,1,565.31,14649.99,0.168579,0.04212279069767459,0.647596,98.6,0.6491
600,1,565.96,14641.45,0.161808,0.04219186046511646,0.466185,98.6,0.649
601,1,722.18,18650.6,0.139578,0.042260930232558315,0.391111,91.7,0.6976
602,1,722.83,18635.14,0.111658,0.04233000000000017,0.491063,98.9,0.6474
603,1,723.48,18619.77,0.125662,0.04239906976744204,0.545692,98.6,0.649
604,1,724.13,18604.39,0.127719,0.042468139534883896,0.509289,98.9,0.647
605,1,724.79,18589.36,0.173163,0.042537209302325754,0.621061,97.1,0.6592
606,1,725.44,18574.09,0.156445,0.04260627906976761,0.711643,98.8,0.6476
607,1,726.09,18558.91,0.156315,0.04267534883720947,0.623042,98.5,0.6496
608,1,726.74,18543.77,0.142106,0.042744418604651335,0.498781,98.7,0.6487
609,1,727.39,18528.62,0.167885,0.04281348837209319,0.595314,98.9,0.647
610,1,728.03,18513.55,0.144888,0.04288255813953505,0.597337,98.7,0.6482
611,1,728.68,18498.52,0.142882,0.04295162790697691,0.418161,98.8,0.6479
612,1,729.33,18483.55,0.171177,0.043020697674418774,0.51326,98.7,0.6484
613,1,729.99,18468.77,0.155003,0.04308976744186064,0.692481,97.9,0.6536
614,1,730.64,18453.9,0.139409,0.043158837209302504,0.535874,98.7,0.6484
615,1,731.28,18439.04,0.150689,0.04322790697674436,0.453188,98.9,0.6473
616,1,731.93,18424.23,0.210761,0.04329697674418622,0.582774,98.9,0.6474
617,1,732.59,18409.67,0.141571,0.04336604651162808,0.506533,97.7,0.6551
618,1,733.24,18394.98,0.176674,0.04343511627906994,0.570826,98.8,0.648
619,1,733.89,18380.43,0.19287,0.0435041860465118,0.699502,98.2,0.6521
620,1,734.54,18365.98,0.160595,0.04357325581395366,0.561183,97.8,0.6542
621,1,735.22,18352.15,0.111269,0.04364232558139552,0.520474,95.1,0.6727
622,1,735.87,18337.65,0.066935,0.043711395348837376,0.472785,98.7,0.6487
623,1,736.53,18323.38,0.167477,0.043780465116279234,0.783775,97.5,0.6562
624,1,737.18,18308.94,0.121953,0.04384953488372109,0.578861,98.8,0.6476
625,1,737.83,18294.63,0.196927,0.04391860465116295,0.590034,98.3,0.6512
626,1,738.48,18280.28,0.131474,0.04398767441860481,0.718472,98.8,0.6478
627,1,739.13,18265.96,0.149665,0.04405674418604667,0.723884,98.9,0.6473
628,1,739.78,18251.71,0.204271,0.04412581395348854,0.712586,98.7,0.6484
629,1,740.43,18237.57,0.205105,0.044194883720930396,0.693392,98.3,0.651
630,1,741.08,18223.4,0.165126,0.04426395348837226,0.531736,98.8,0.6476
631,1,741.73,18209.43,0.145837,0.04433302325581412,0.719531,97.8,0.6547
632,1,742.39,18195.5,0.115023,0.044402093023255984,0.398517,97.9,0.6541
633,1,743.03,18181.44,0.15805,0.04447116279069784,0.778892,98.9,0.6474
634,1,743.68,18167.49,0.165675,0.0445402325581397,0.701717,98.5,0.6498
635,1,744.33,18153.53,0.160568,0.04460930232558156,0.650945,98.8,0.6479
636,1,744.98,18139.62,0.164236,0.04467837209302342,0.617957,98.8,0.648
637,1,745.63,18125.75,0.13986,0.04474744186046528,0.464452,98.7,0.6483
638,1,746.29,18112.03,0.131784,0.04481651162790714,0.531542,98.0,0.6528
639,1,746.93,18098.27,0.187784,0.044885581395349,0.591562,98.6,0.649
640,1,747.59,18084.62,0.15093,0.04495465116279086,0.747865,98.1,0.6522
641,1,748.24,18070.99,0.136813,0.04502372093023272,0.602567,98.9,0.6473
642,1,748.89,18057.3,0.133761,0.04509279069767458,0.533799,98.9,0.6473
643,1,749.54,18043.65,0.178125,0.04516186046511644,0.663504,98.9,0.6471
644,1,750.19,18030.1,0.223001,0.0452309302325583,0.845857,98.5,0.6496
645,1,750.84,18016.6,0.182925,0.045300000000000167,0.77955,98.5,0.6498
646,1,751.49,18003.24,0.122758,0.04536906976744203,0.635948,97.8,0.6543
647,1,752.14,17989.77,0.164087,0.045438139534883897,0.694117,98.8,0.648
648,1,752.79,17976.45,0.145717,0.04550720930232576,0.747247,98.0,0.6529
649,1,753.45,17963.13,0.140748,0.045576279069767626,0.642226,98.3,0.6508
650,1,754.09,17949.77,0.157012,0.045645348837209485,0.681044,98.8,0.6478
651,1,754.74,17936.48,0.074103,0.04571441860465135,0.432813,98.6,0.6489
652,1,755.39,17923.24,0.128046,0.045783488372093215,0.417739,98.5,0.6495
653,1,756.05,17910.15,0.113516,0.04585255813953507,0.605333,97.8,0.6541
654,1,756.7,17896.97,0.154163,0.04592162790697693,0.556915,98.7,0.6486
655,1,757.35,17883.83,0.184201,0.04599069767441879,0.717742,98.6,0.649
656,1,758.0,17870.79,0.137018,0.04605976744186065,0.408489,98.3,0.6513
657,1,758.65,17857.73,0.156949,0.046128837209302505,0.630176,98.6,0.649
658,1,759.3,17844.7,0.182253,0.04619790697674436,0.73332,98.7,0.6485
659,1,759.95,17831.72,0.149995,0.04626697674418623,0.523881,98.6,0.6491
660,1,760.6,17818.74,0.115618,0.046336046511628086,0.551262,98.8,0.6478
661,1,761.25,17805.98,0.137895,0.046405116279069944,0.651655,98.1,0.6525
662,1,761.91,17793.13,0.187202,0.04647418604651181,0.692731,98.5,0.65
663,1,762.56,17780.34,0.172171,0.04654325581395367,0.677968,98.4,0.6507
664,1,763.21,17767.53,0.171759,0.04661232558139553,0.589288,98.8,0.6481
665,1,763.86,17754.83,0.213206,0.04668139534883739,0.813777,98.2,0.6515
666,1,764.51,17742.08,0.165113,0.046750465116279255,0.495095,98.8,0.6481
667,1,765.16,17729.38,0.131387,0.04681953488372111,0.552158,98.7,0.6482
668,1,765.81,17716.71,0.134921,0.04688860465116297,0.554569,98.7,0.6487
669,1,766.46,17704.09,0.128132,0.04695767441860483,0.563231,98.6,0.6488
670,1,767.1,17691.48,0.179101,0.047026744186046694,0.630602,98.8,0.6475
671,1,767.76,17679.06,0.13923,0.04709581395348855,0.689513,97.8,0.6546
672,1,768.41,17666.55,0.132015,0.04716488372093041,0.457567,98.6,0.6489
673,1,769.06,17654.07,0.178321,0.04723395348837227,0.486727,98.6,0.6488
674,1,769.71,17641.61,0.169394,0.047303023255814126,0.471839,98.7,0.6482
675,1,770.36,17629.19,0.137341,0.047372093023255984,0.487214,98.7,0.6483
676,1,771.02,17617.14,0.184589,0.04744116279069785,0.522356,96.5,0.663
677,1,771.67,17604.78,0.188666,0.04751023255813971,0.598458,98.8,0.6479
678,1,772.32,17592.5,0.138965,0.047579302325581566,0.463628,98.5,0.6499
679,1,772.98,17580.35,0.13051,0.04764837209302343,0.647452,97.8,0.6543
680,1,773.62,17568.1,0.115896,0.04771744186046529,0.556816,98.7,0.6481
681,1,774.28,17556.02,0.134134,0.04778651162790715,0.538655,98.3,0.651
682,1,774.93,17543.97,0.144315,0.047855581395349005,0.508426,97.9,0.6539
683,1,775.58,17531.83,0.155495,0.04792465116279087,0.549649,98.7,0.6487
684,1,776.24,17519.77,0.132995,0.04799372093023273,0.516033,98.3,0.651
685,1,776.88,17507.69,0.197472,0.048062790697674586,0.563799,98.8,0.6481
686,1,777.54,17495.84,0.1609,0.048131860465116444,0.506142,97.4,0.6572
687,1,778.2,17483.95,0.170059,0.04820093023255831,0.564979,97.8,0.6542
688,1,778.85,17471.96,0.17641,0.04827000000000017,0.475301,98.8,0.6481
689,1,779.5,17460.07,0.139968,0.048339069767442025,0.796092,98.3,0.651
690,1,780.15,17448.21,0.151454,0.04840813953488388,0.659367,98.4,0.6506
691,1,780.8,17436.35,0.154199,0.04847720930232574,0.557607,98.5,0.6495
692,1,781.45,17424.53,0.161387,0.048546279069767606,0.670879,98.5,0.6499
693,1,782.1,17412.71,0.129859,0.04861534883720947,0.484274,98.7,0.6485
694,1,782.75,17400.94,0.151203,0.04868441860465133,0.790216,98.6,0.649
695,1,783.4,17389.2,0.137097,0.04875348837209319,0.44941,98.7,0.6486
696,1,784.05,17377.46,0.157342,0.048822558139535045,0.786479,98.8,0.648
697,1,784.7,17365.77,0.098379,0.0488916279069769,0.457785,98.7,0.6486
698,1,785.35,17354.15,0.168509,0.04896069767441876,0.784339,98.5,0.6498
699,1,786.0,17342.65,0.125136,0.04902976744186062,0.547442,97.9,0.654
700,1,786.65,17331.09,0.158159,0.04909883720930248,0.731472,98.5,0.6499
701,1,787.31,17319.59,0.170234,0.049167906976744336,0.501715,98.8,0.6478
702,1,787.95,17308.06,0.127146,0.049236976744186194,0.558782,98.7,0.6487
703,1,788.6,17296.55,0.106447,0.04930604651162805,0.51279,98.8,0.6481
704,1,789.25,17285.07,0.172134,0.04937511627906991,0.482526,98.7,0.6481
705,1,789.91,17273.73,0.159292,0.04944418604651177,0.676486,98.0,0.653
706,1,790.55,17262.32,0.142589,0.049513255813953626,0.890998,98.7,0.6484
707,1,791.21,17251.0,0.142308,0.049582325581395484,0.833051,98.3,0.6513
708,1,791.86,17239.65,0.128452,0.04965139534883735,0.634698,98.7,0.6485
709,1,792.51,17228.34,0.131195,0.04972046511627921,1.085292,98.6,0.6488
710,1,793.16,17217.07,0.145198,0.049789534883721065,0.725549,98.6,0.6493
711,1,793.81,17205.82,0.14069,0.04985860465116293,0.603139,98.6,0.6488
712,1,794.45,17194.59,0.188504,0.04992767441860479,0.632148,98.7,0.6483
713,1,795.1,17183.4,0.153213,0.04999674418604665,0.619373,98.6,0.6488
714,1,795.76,17172.3,0.11638,0.05006581395348851,0.702836,98.2,0.6515
715,1,796.41,17161.2,0.127296,0.05013488372093037,0.471252,98.4,0.6502
716,1,797.07,17150.26,0.164116,0.05020395348837223,0.445838,97.5,0.6562
717,1,797.72,17139.27,0.230885,0.05027302325581409,0.88514,98.1,0.6521
718,1,798.37,17128.28,0.163681,0.05034209302325596,0.649552,98.3,0.6513
719,1,799.02,17117.33,0.118117,0.050411162790697815,0.663658,98.2,0.6518
720,1,799.68,17106.5,0.163663,0.05048023255813967,0.599201,97.5,0.6562
721,1,800.33,17095.63,0.155712,0.05054930232558153,0.670291,98.5,0.6496
722,1,800.98,17084.69,0.151861,0.050618372093023396,0.551345,98.7,0.6485
723,1,801.64,17073.91,0.186329,0.050687441860465254,0.908232,97.7,0.6548
724,1,802.29,17063.03,0.109139,0.05075651162790711,0.57447,98.7,0.6484
725,1,802.94,17052.18,0.165982,0.05082558139534898,0.609671,98.7,0.6485
726,1,803.59,17041.42,0.109722,0.05089465116279084,0.439548,98.2,0.6516
727,1,804.24,17030.64,0.144325,0.0509637209302327,0.742799,98.6,0.6492
728,1,804.9,17020.01,0.162272,0.05103279069767456,0.898132,97.7,0.6548
729,1,805.55,17009.27,0.136315,0.05110186046511642,0.647095,98.6,0.6488
730,1,806.2,16998.58,0.192589,0.051170930232558275,0.81441,98.5,0.6497
731,1,806.84,16987.88,0.241143,0.05124000000000014,0.893523,98.8,0.6477
732,1,807.5,16977.32,0.14246,0.051309069767442,0.628608,98.0,0.6533
733,1,808.15,16966.82,0.114834,0.051378139534883856,0.42418,97.7,0.6549
734,1,808.8,16956.21,0.09431,0.05144720930232572,0.644017,98.7,0.6483
735,1,809.45,16945.67,0.147847,0.051516279069767586,0.721589,98.4,0.6506
736,1,810.1,16935.11,0.177054,0.051585348837209444,0.452675,98.8,0.6478
737,1,810.76,16924.65,0.140406,0.0516544186046513,0.81243,98.2,0.6518
738,1,811.4,16914.16,0.165931,0.05172348837209316,0.678639,98.6,0.6488
739,1,812.05,16903.7,0.150126,0.05179255813953502,0.684151,98.6,0.6489
740,1,812.7,16893.26,0.160858,0.051861627906976876,0.600375,98.6,0.6489
741,1,813.36,16882.91,0.151594,0.05193069767441874,0.547727,98.7,0.6484
742,1,814.01,16872.54,0.168535,0.0519997674418606,0.708441,98.5,0.6499
743,1,814.66,16862.2,0.151102,0.052068837209302464,0.5135,98.6,0.6493
744,1,815.32,16852.09,0.144235,0.05213790697674432,0.512102,97.0,0.6597
745,1,815.97,16841.78,0.153924,0.05220697674418618,0.526872,98.7,0.6486
746,1,816.62,16831.67,0.164263,0.05227604651162804,0.542934,97.4,0.6569
747,1,817.28,16821.5,0.131678,0.0523451162790699,0.788868,98.0,0.6531
748,1,817.93,16811.38,0.126202,0.05241418604651177,0.562022,97.8,0.6542
749,1,818.58,16801.17,0.161808,0.05248325581395363,0.669809,98.7,0.6485
750,1,819.24,16791.14,0.162079,0.0525523255813955,0.656097,97.6,0.656
751,1,819.9,16781.1,0.131049,0.05262139534883736,0.559572,97.8,0.6544
752,1,820.54,16770.96,0.159449,0.05269046511627922,0.551638,98.7,0.6484
753,1,821.19,16760.85,0.139771,0.05275953488372108,0.598612,98.7,0.6486
754,1,821.84,16750.79,0.133212,0.05282860465116294,0.59362,98.5,0.6498
755,1,822.49,16740.74,0.116777,0.052897674418604795,0.500001,98.6,0.6488
756,1,823.14,16730.68,0.128402,0.05296674418604666,0.52186,98.9,0.6474
757,1,823.8,16720.77,0.166966,0.053035813953488525,0.575576,97.9,0.6536
758,1,824.45,16710.8,0.17027,0.05310488372093038,1.155076,98.6,0.6489
759,1,825.1,16700.84,0.150729,0.05317395348837225,0.490609,98.7,0.6486
760,1,825.74,16690.91,0.103434,0.05324302325581411,0.340753,98.7,0.6486
761,1,826.4,16681.05,0.132537,0.05331209302325598,0.847629,98.8,0.6479
762,1,827.05,16671.26,0.145552,0.05338116279069784,0.718737,98.0,0.6533
763,1,827.7,16661.42,0.205084,0.05345023255813971,0.713574,98.5,0.6496
764,1,828.35,16651.59,0.126237,0.053519302325581566,0.68367,98.6,0.6492
765,1,829.0,16641.78,0.164508,0.053588372093023424,0.850292,98.7,0.6483
766,1,829.65,16632.01,0.190466,0.05365744186046529,0.612848,98.5,0.6498
767,1,830.3,16622.24,0.145541,0.053726511627907154,0.615179,98.7,0.6486
768,1,830.95,16612.53,0.119418,0.05379558139534901,0.574444,98.5,0.65
769,1,831.6,16602.81,0.136696,0.05386465116279088,0.623383,98.7,0.6481
770,1,832.25,16593.12,0.195837,0.053933720930232736,0.852587,98.6,0.649
771,1,832.9,16583.46,0.132443,0.0540027906976746,0.388117,98.6,0.6489
772,1,833.55,16573.82,0.151636,0.054071860465116466,0.903746,98.6,0.6491
773,1,834.2,16564.22,0.173619,0.054140930232558324,0.734962,98.5,0.65
774,1,834.85,16554.6,0.167594,0.05421000000000019,0.546013,98.8,0.6475
775,1,835.5,16545.0,0.136455,0.054279069767442054,0.693461,98.8,0.6476
776,1,836.15,16535.52,0.15276,0.05434813953488392,0.716696,98.1,0.6521
777,1,836.81,16526.11,0.148161,0.054417209302325784,0.604988,97.7,0.6551
778,1,837.46,16516.6,0.129496,0.05448627906976765,0.60518,98.7,0.6484
779,1,838.1,16507.1,0.149719,0.05455534883720951,0.470848,98.7,0.6481
780,1,838.75,16497.64,0.14826,0.054624418604651365,0.538026,98.7,0.6485
781,1,839.41,16488.31,0.122538,0.05469348837209322,0.542116,98.3,0.6513
782,1,840.06,16478.88,0.184062,0.05476255813953509,0.576255,98.7,0.6486
783,1,840.71,16469.56,0.198253,0.05483162790697695,0.7741,98.1,0.6523
784,1,841.38,16460.52,0.134568,0.05490069767441881,0.732222,96.1,0.6658
785,1,842.03,16451.19,0.176598,0.05496976744186067,1.023122,98.5,0.6497
786,1,842.68,16441.86,0.155236,0.055038837209302534,0.687588,98.6,0.6488
787,1,843.33,16432.57,0.15965,0.05510790697674439,0.520142,98.5,0.6497
788,1,843.98,16423.29,0.11819,0.05517697674418626,0.496128,98.7,0.6485
789,1,844.63,16414.04,0.197778,0.05524604651162812,0.501327,98.6,0.6492
790,1,845.28,16404.85,0.123241,0.05531511627906998,0.652369,98.3,0.6513
791,1,845.94,16395.78,0.204392,0.055384186046511845,0.708245,97.5,0.6563
792,1,846.59,16386.59,0.165396,0.05545325581395371,0.581845,98.6,0.6491
793,1,847.24,16377.41,0.172938,0.05552232558139557,0.52037,98.7,0.6483
794,1,847.89,16368.25,0.226765,0.055591395348837426,0.626257,98.7,0.6488
795,1,848.54,16359.19,0.141607,0.055660465116279284,0.712718,98.0,0.6527
796,1,849.19,16350.08,0.153697,0.05572953488372114,0.570951,98.7,0.6486
797,1,849.84,16341.01,0.125505,0.055798604651163,0.623371,98.5,0.6499
798,1,850.49,16332.05,0.141432,0.055867674418604865,0.47577,97.9,0.654
799,1,851.15,16323.06,0.168434,0.05593674418604672,0.595128,98.2,0.652
800,1,851.81,16314.26,0.173044,0.05600581395348858,0.623674,96.9,0.6606
801,1,852.5,16306.04,0.200938,0.056074883720930446,0.633788,98.7,0.6487
802,1,853.15,16297.05,0.169054,0.05614395348837231,0.592399,98.7,0.6487
803,1,853.8,16288.14,0.135764,0.05621302325581417,0.479014,98.2,0.6517
804,1,854.46,16279.34,0.150043,0.056282093023256034,0.635398,97.4,0.6568
805,1,855.12,16270.61,0.117036,0.0563511627906979,0.482988,97.2,0.6586
806,1,855.77,16261.78,0.182663,0.056420232558139764,0.817771,98.0,0.6529
807,1,856.42,16252.92,0.171772,0.05648930232558163,0.638352,98.5,0.6501
808,1,857.07,16244.06,0.170471,0.056558372093023494,0.67479,98.6,0.6488
809,1,857.73,16235.28,0.140045,0.05662744186046536,0.627178,98.1,0.6522
810,1,858.38,16226.47,0.202571,0.05669651162790722,0.671996,98.6,0.6491
811,1,859.02,16217.66,0.12335,0.056765581395349075,0.495348,98.7,0.6487
812,1,859.67,16208.89,0.131896,0.05683465116279094,0.503203,98.6,0.6489
813,1,860.32,16200.12,0.142217,0.056903720930232805,0.494536,98.6,0.6488
814,1,860.97,16191.37,0.143071,0.05697279069767466,0.540356,98.7,0.6482
815,1,861.62,16182.65,0.185158,0.05704186046511652,0.582056,98.6,0.649
816,1,862.27,16173.95,0.221263,0.05711093023255838,0.54872,98.7,0.6483
817,1,862.92,16165.26,0.12541,0.057180000000000245,0.428475,98.6,0.6491
818,1,863.57,16156.65,0.172603,0.0572490697674421,0.633341,98.2,0.6516
819,1,864.23,16148.08,0.137653,0.05731813953488396,0.428811,98.1,0.6526
820,1,864.88,16139.51,0.198698,0.05738720930232582,0.620579,98.2,0.6517
821,1,865.53,16130.94,0.132455,0.05745627906976768,0.754614,98.8,0.6478
822,1,866.19,16122.52,0.15577,0.057525348837209535,0.614462,97.3,0.6579
823,1,866.84,16114.01,0.153962,0.0575944186046514,0.650885,98.2,0.6519
824,1,867.5,16105.59,0.147369,0.057663488372093265,0.617704,97.6,0.6558
825,1,868.15,16097.06,0.138848,0.05773255813953512,0.659358,98.7,0.6483
826,1,868.8,16088.53,0.135005,0.05780162790697698,0.624555,98.8,0.6477
827,1,869.45,16080.08,0.165854,0.05787069767441884,0.622158,98.3,0.6512
828,1,870.1,16071.66,0.132831,0.057939767441860704,0.524227,98.2,0.6515
829,1,870.77,16063.59,0.156153,0.05800883720930256,0.633741,95.5,0.6699
830,1,871.43,16055.27,0.129334,0.05807790697674443,0.824715,97.8,0.6547
831,1,872.08,16046.85,0.140126,0.058146976744186285,0.622512,98.7,0.6487
832,1,872.73,16038.45,0.15497,0.05821604651162814,0.707121,98.7,0.6483
833,1,873.38,16030.17,0.135692,0.05828511627907,0.618063,97.8,0.6542
834,1,874.03,16021.83,0.12851,0.058354186046511866,0.615054,98.5,0.6498
835,1,874.68,16013.49,0.100218,0.058423255813953724,0.599397,98.6,0.649
836,1,875.33,16005.17,0.165312,0.05849232558139559,0.973146,98.6,0.6489
837,1,876.0,15997.18,0.176519,0.058561395348837454,0.72522,96.1,0.6663
838,1,876.65,15988.91,0.117287,0.05863046511627932,0.569498,98.5,0.6495
839,1,877.3,15980.74,0.163283,0.058699534883721184,0.677838,97.8,0.6542
840,1,877.95,15972.5,0.145059,0.05876860465116304,0.541461,98.6,0.6488
841,1,878.61,15964.32,0.141258,0.0588376744186049,0.54292,98.7,0.6487
842,1,879.26,15956.11,0.143039,0.058906744186046765,0.493335,98.6,0.6493
843,1,879.91,15947.9,0.089529,0.05897581395348862,0.462661,98.7,0.6482
844,1,880.56,15939.72,0.168746,0.05904488372093048,0.675895,98.7,0.6487
845,1,881.21,15931.6,0.147424,0.059113953488372346,0.777534,98.3,0.6508
846,1,881.86,15923.46,0.123429,0.059183023255814204,0.66425,98.6,0.6492
847,1,882.51,15915.48,0.109757,0.05925209302325606,0.512599,97.5,0.6564
848,1,883.16,15907.36,0.105313,0.05932116279069793,0.473599,98.7,0.6487
849,1,883.81,15899.26,0.130115,0.05939023255813979,0.523304,98.7,0.6485
850,1,884.46,15891.22,0.141202,0.05945930232558166,0.563165,98.4,0.6506
851,1,885.12,15883.21,0.10875,0.05952837209302352,0.523025,98.2,0.6515
852,1,885.77,15875.21,0.201636,0.05959744186046539,0.686742,98.3,0.6511
853,1,886.43,15867.38,0.137627,0.05966651162790725,0.602291,97.1,0.659
854,1,887.08,15859.41,0.125822,0.05973558139534911,0.491289,98.3,0.6512
855,1,887.73,15851.48,0.151899,0.059804651162790975,0.587314,98.2,0.6518
856,1,888.38,15843.54,0.253686,0.05987372093023284,0.84634,98.4,0.6501
857,1,889.03,15835.56,0.179643,0.0599427906976747,0.644394,98.8,0.6478
858,1,889.68,15827.63,0.149506,0.060011860465116564,0.591422,98.6,0.6488
859,1,890.33,15819.76,0.107642,0.06008093023255842,0.541845,98.2,0.6515
860,1,890.98,15811.84,0.202761,0.06015000000000029,0.653055,98.7,0.6482
861,1,891.64,15804.06,0.127794,0.06021906976744215,0.564454,98.2,0.6514
862,1,892.29,15796.2,0.122404,0.06028813953488402,0.513962,98.5,0.6494
863,1,892.94,15788.43,0.144999,0.060357209302325875,0.736922,98.0,0.6533
864,1,893.6,15780.69,0.155309,0.06042627906976773,0.549962,97.8,0.6544
865,1,894.25,15772.97,0.125581,0.06049534883720959,0.515214,97.8,0.6546
866,1,894.9,15765.17,0.114038,0.06056441860465145,0.608883,98.6,0.6488
867,1,895.55,15757.38,0.186505,0.06063348837209331,0.747724,98.6,0.6488
868,1,896.2,15749.63,0.138264,0.060702558139535165,0.483098,98.5,0.6499
869,1,896.85,15741.88,0.155365,0.06077162790697703,0.519909,98.6,0.6489
870,1,897.51,15734.19,0.161629,0.06084069767441889,0.765015,98.2,0.6516
871,1,898.16,15726.55,0.133411,0.06090976744186075,0.689195,97.9,0.6534
872,1,898.81,15718.86,0.168355,0.06097883720930261,0.552338,98.5,0.6495
873,1,899.46,15711.24,0.124609,0.06104790697674446,0.561221,98.0,0.6529
874,1,900.11,15703.6,0.191332,0.06111697674418632,0.694857,98.4,0.6507
875,1,900.76,15695.95,0.127601,0.06118604651162818,0.636249,98.6,0.6489
876,1,901.41,15688.3,0.189817,0.06125511627907004,0.467709,98.7,0.6486
877,1,902.06,15680.69,0.146096,0.06132418604651191,0.701291,98.5,0.6496
878,1,902.72,15673.15,0.169718,0.06139325581395377,0.489127,98.1,0.6522
879,1,903.37,15665.59,0.149262,0.061462325581395624,0.50764,98.3,0.6509
880,1,904.02,15658.01,0.162796,0.06153139534883749,0.637888,98.7,0.6483
881,1,904.67,15650.49,0.14565,0.06160046511627935,0.535488,98.7,0.6486
882,1,905.32,15642.94,0.150109,0.061669534883721205,0.513379,98.7,0.6482
883,1,905.98,15635.6,0.117713,0.06173860465116307,0.54592,97.0,0.6599
884,1,906.64,15628.19,0.163884,0.061807674418604935,0.640029,97.8,0.6546
885,1,907.29,15620.7,0.186891,0.0618767441860468,0.648304,98.6,0.6493
886,1,907.94,15613.28,0.135541,0.061945813953488665,0.50624,98.1,0.6527
887,1,908.59,15605.81,0.194967,0.06201488372093052,0.810786,98.7,0.6487
888,1,909.24,15598.45,0.168205,0.06208395348837238,0.850559,97.9,0.6539
889,1,909.89,15591.01,0.166092,0.06215302325581424,0.522243,98.7,0.6484
890,1,910.54,15583.59,0.114419,0.062222093023256105,0.54133,98.6,0.6489
891,1,911.19,15576.18,0.118355,0.06229116279069796,0.665349,98.6,0.6492
892,1,911.85,15568.91,0.18087,0.06236023255813983,0.72543,97.6,0.6559
893,1,912.5,15561.61,0.171535,0.06242930232558169,0.669433,98.0,0.6531
894,1,913.17,15554.45,0.174092,0.06249837209302356,0.631721,96.8,0.6609
895,1,913.82,15547.16,0.168148,0.06256744186046542,0.55444,98.1,0.6525
896,1,914.47,15539.86,0.174144,0.06263651162790727,0.744588,98.4,0.6504
897,1,915.12,15532.53,0.116182,0.06270558139534914,0.605587,98.7,0.6483
898,1,915.77,15525.24,0.168591,0.062774651162791,0.854249,98.6,0.6492
899,1,916.42,15517.96,0.164648,0.06284372093023287,0.678978,98.5,0.6498
900,1,917.07,15510.68,0.131168,0.06291279069767472,0.578077,98.7,0.6481
901,1,937.11,15831.01,0.144669,0.06298186046511658,0.624159,94.4,0.6783
902,1,937.76,15823.35,0.185345,0.06305093023255844,0.541925,98.8,0.6475
903,1,938.4,15815.71,0.167814,0.0631200000000003,0.524075,98.9,0.647
904,1,939.05,15808.11,0.163741,0.06318906976744215,0.537521,98.6,0.649
905,1,939.71,15800.68,0.151472,0.06325813953488402,0.52296,97.3,0.6577
906,1,940.36,15793.12,0.188124,0.06332720930232588,0.506961,98.6,0.6489
907,1,941.02,15785.66,0.154499,0.06339627906976773,0.589249,97.8,0.6546
908,1,941.67,15778.17,0.159757,0.0634653488372096,0.698086,98.3,0.6511
909,1,942.32,15770.71,0.199359,0.06353441860465146,0.485201,98.0,0.6528
910,1,942.97,15763.22,0.14156,0.06360348837209333,0.535503,98.6,0.6493
911,1,943.62,15755.72,0.159965,0.06367255813953519,0.579339,98.6,0.6488
912,1,944.27,15748.24,0.152869,0.06374162790697706,0.594118,98.7,0.6483
913,1,944.93,15740.82,0.16415,0.06381069767441892,0.515331,98.2,0.6514
914,1,945.57,15733.37,0.164798,0.06387976744186079,0.699699,98.7,0.6488
915,1,946.23,15725.95,0.132293,0.06394883720930264,0.850199,98.6,0.6492
916,1,946.88,15718.61,0.11649,0.0640179069767445,0.606994,97.9,0.6536
917,1,947.53,15711.19,0.11,0.06408697674418637,0.609148,98.8,0.6479
918,1,948.18,15703.85,0.194099,0.06415604651162822,0.592367,98.2,0.6519
919,1,948.83,15696.54,0.165089,0.06422511627907007,0.648754,98.1,0.6525
920,1,949.48,15689.16,0.197518,0.06429418604651194,0.598707,98.9,0.6473
921,1,950.14,15681.89,0.123687,0.0643632558139538,0.498497,98.6,0.649
922,1,950.79,15674.63,0.123253,0.06443232558139565,0.547096,98.0,0.6533
923,1,951.44,15667.35,0.163756,0.06450139534883752,0.532426,98.4,0.6507
924,1,952.09,15660.05,0.168672,0.06457046511627938,0.68093,98.6,0.649
925,1,952.74,15652.76,0.147717,0.06463953488372125,0.429508,98.6,0.6488
926,1,953.39,15645.55,0.136384,0.06470860465116311,0.569717,98.1,0.6522
927,1,954.05,15638.35,0.186111,0.06477767441860496,0.6771,98.1,0.6525
928,1,954.7,15631.18,0.193006,0.06484674418604683,0.646125,97.9,0.6535
929,1,955.35,15624.0,0.203568,0.0649158139534887,0.705499,98.2,0.6518
930,1,956.01,15616.85,0.133605,0.06498488372093056,0.533798,98.1,0.6526
931,1,956.66,15609.69,0.155034,0.06505395348837241,0.683354,98.3,0.6508
932,1,957.31,15602.49,0.138965,0.06512302325581427,0.735688,98.8,0.6479
933,1,957.96,15595.33,0.177622,0.06519209302325614,0.587834,98.5,0.6495
934,1,958.61,15588.15,0.146029,0.065261162790698,0.568159,98.9,0.6474
935,1,959.26,15581.08,0.166509,0.06533023255813987,0.611379,97.9,0.654
936,1,959.91,15573.93,0.144774,0.06539930232558173,0.991791,98.8,0.6477
937,1,960.56,15566.82,0.128764,0.0654683720930236,0.477577,98.6,0.649
938,1,961.21,15559.76,0.164088,0.06553744186046546,0.624904,98.2,0.6514
939,1,961.86,15552.65,0.16567,0.06560651162790733,0.622543,98.8,0.6476
940,1,962.51,15545.6,0.166341,0.0656755813953492,0.849935,98.4,0.6507
941,1,963.17,15538.63,0.173011,0.06574465116279106,0.80414,98.3,0.651
942,1,963.82,15531.62,0.116204,0.06581372093023291,0.493116,98.2,0.6517
943,1,964.48,15524.78,0.155263,0.06588279069767476,0.545844,96.8,0.6609
944,1,965.13,15517.81,0.125673,0.06595186046511663,0.502728,98.2,0.6517
945,1,965.79,15510.85,0.149418,0.06602093023255848,0.554275,98.2,0.6519
946,1,966.44,15503.91,0.188487,0.06609000000000034,0.799785,98.1,0.6525
947,1,967.09,15496.91,0.158852,0.06615906976744221,0.85563,98.8,0.6481
948,1,967.74,15489.99,0.143933,0.06622813953488407,0.768773,98.1,0.6523
949,1,968.39,15483.02,0.163501,0.06629720930232594,0.616451,98.8,0.6478
950,1,969.04,15476.08,0.157033,0.0663662790697678,0.640895,98.6,0.6492
951,1,969.69,15469.15,0.207214,0.06643534883720967,0.757184,98.7,0.6486
952,1,970.34,15462.29,0.193749,0.06650441860465152,0.661918,98.1,0.6525
953,1,970.99,15455.38,0.187247,0.06657348837209337,0.631362,98.7,0.6486
954,1,971.64,15448.49,0.113554,0.06664255813953524,0.709552,98.7,0.6483
955,1,972.29,15441.62,0.166323,0.0667116279069771,0.584196,98.5,0.6495
956,1,972.94,15434.74,0.08407,0.06678069767441897,0.490075,98.8,0.648
957,1,973.59,15427.93,0.155498,0.06684976744186082,0.578781,98.2,0.6516
958,1,974.24,15421.12,0.143192,0.06691883720930268,0.571176,98.4,0.6505
959,1,974.89,15414.29,0.166955,0.06698790697674455,0.492247,98.7,0.6486
960,1,975.55,15407.55,0.209878,0.06705697674418641,0.739562,98.0,0.6531
961,1,976.21,15400.95,0.141337,0.06712604651162828,0.622846,97.3,0.6576
962,1,976.86,15394.15,0.168421,0.06719511627907014,0.649107,98.7,0.6482
963,1,977.51,15387.37,0.111185,0.067264186046512,0.621139,98.7,0.6484
964,1,978.16,15380.59,0.092262,0.06733325581395386,0.491046,98.8,0.6476
965,1,978.81,15373.84,0.14673,0.06740232558139571,0.550211,98.7,0.6481
966,1,979.46,15367.14,0.160577,0.06747139534883756,0.573281,98.3,0.6513
967,1,980.11,15360.42,0.164558,0.06754046511627942,0.50747,98.6,0.6488
968,1,980.76,15353.81,0.1185,0.06760953488372129,0.503399,97.7,0.6551
969,1,981.42,15347.18,0.137034,0.06767860465116315,0.696675,98.0,0.6534
970,1,982.08,15340.63,0.19162,0.06774767441860502,0.625322,97.3,0.6575
971,1,982.72,15333.95,0.200514,0.06781674418604688,0.501224,98.7,0.6484
972,1,983.37,15327.27,0.143376,0.06788581395348874,0.550486,98.8,0.6478
973,1,984.02,15320.6,0.178069,0.0679548837209306,0.57485,98.9,0.6474
974,1,984.67,15313.94,0.157944,0.06802395348837245,0.950697,98.9,0.6474
975,1,985.32,15307.32,0.238086,0.0680930232558143,0.640232,98.5,0.6495
976,1,985.97,15300.72,0.121005,0.06816209302325617,0.437518,98.5,0.6496
977,1,986.62,15294.13,0.17023,0.06823116279069803,0.501616,98.6,0.6493
978,1,987.27,15287.55,0.205599,0.0683002325581399,0.661324,98.6,0.6494
979,1,987.92,15280.99,0.186173,0.06836930232558176,0.655476,98.5,0.6497
980,1,988.57,15274.43,0.149921,0.06843837209302363,0.711035,98.6,0.6491
981,1,989.23,15268.06,0.189775,0.06850744186046548,0.663121,97.5,0.6564
982,1,989.88,15261.51,0.189874,0.06857651162790734,0.655501,98.7,0.6483
983,1,990.53,15254.97,0.145938,0.06864558139534921,0.427935,98.8,0.648
984,1,991.19,15248.56,0.140079,0.06871465116279107,0.634064,97.6,0.6559
985,1,991.84,15242.09,0.118072,0.06878372093023292,0.428575,98.4,0.6506
986,1,992.49,15235.59,0.154812,0.06885279069767479,0.558457,98.7,0.6482
987,1,993.14,15229.1,0.154265,0.06892186046511665,0.772505,98.7,0.6485
988,1,993.78,15222.61,0.205354,0.06899093023255852,0.713056,98.8,0.6477
989,1,994.43,15216.14,0.114825,0.06906000000000038,0.519463,98.8,0.6478
990,1,995.09,15209.77,0.207461,0.06912906976744225,0.659146,97.8,0.6542
991,1,995.74,15203.33,0.2048,0.06919813953488411,0.791781,98.8,0.648
992,1,996.39,15196.89,0.223725,0.06926720930232598,0.627078,98.8,0.648
993,1,997.04,15190.53,0.171544,0.06933627906976784,0.601713,98.2,0.652
994,1,997.69,15184.15,0.200607,0.06940534883720971,0.612672,98.4,0.6503
995,1,998.34,15177.75,0.145784,0.06947441860465157,0.467784,98.8,0.6478
996,1,998.99,15171.42,0.146902,0.06954348837209344,0.424911,98.1,0.6522
997,1,999.64,15165.1,0.144119,0.06961255813953529,0.593316,98.2,0.6519
998,1,1000.29,15158.74,0.115426,0.06968162790697716,0.489091,98.8,0.6481
999,1,1000.94,15152.41,0.210793,0.06975069767441902,0.689682,98.6,0.6493
1000,1,1001.59,15146.07,0.160002,0.06981976744186089,0.615998,98.7,0.6484
1001,1,1002.25,15139.86,0.209399,0.06988883720930275,0.635434,98.0,0.6532
1002,1,1002.91,15133.69,0.19889,0.06995790697674462,0.526103,97.4,0.6573
1003,1,1003.57,15127.52,0.126364,0.07002697674418648,0.546166,97.4,0.6573
1004,1,1004.21,15121.22,0.130533,0.07009604651162835,0.531738,98.7,0.6481
1005,1,1004.86,15114.94,0.16407,0.0701651162790702,0.804246,98.7,0.6484
1006,1,1005.52,15108.72,0.153492,0.07023418604651206,0.541456,98.2,0.6515
1007,1,1006.17,15102.6,0.133361,0.07030325581395393,0.533037,97.3,0.6577
1008,1,1006.82,15096.37,0.120555,0.07037232558139579,0.442355,98.5,0.6497
1009,1,1007.5,15090.52,0.08271,0.07044139534883766,0.497845,95.0,0.6739
1010,1,1008.15,15084.35,0.148568,0.07051046511627951,0.751067,98.2,0.6519
1011,1,1008.8,15078.13,0.185009,0.07057953488372136,0.450795,98.7,0.6481
1012,1,1009.45,15071.92,0.132946,0.07064860465116322,0.491864,98.8,0.6477
1013,1,1010.1,15065.72,0.166047,0.07071767441860509,0.744719,98.8,0.6477
1014,1,1010.75,15059.53,0.146635,0.07078674418604695,0.553244,98.8,0.648
1015,1,1011.4,15053.37,0.181676,0.07085581395348882,0.702136,98.6,0.649
1016,1,1012.05,15047.25,0.187088,0.07092488372093068,0.638503,98.2,0.6514
1017,1,1012.7,15041.11,0.096217,0.07099395348837255,0.329996,98.6,0.649
1018,1,1013.36,15035.09,0.180238,0.07106302325581441,0.50955,97.6,0.6559
1019,1,1014.0,15028.96,0.172506,0.07113209302325628,0.472241,98.7,0.6487
1020,1,1014.65,15022.85,0.174833,0.07120116279069814,0.465161,98.7,0.6487
1021,1,1015.31,15016.81,0.098686,0.07127023255814,0.615803,98.5,0.6496
1022,1,1015.97,15010.85,0.148695,0.07133930232558186,0.504836,97.3,0.6575
1023,1,1016.63,15004.91,0.142234,0.07140837209302373,0.450652,97.2,0.6582
1024,1,1017.28,14998.91,0.153128,0.07147744186046559,0.513746,98.0,0.6532
1025,1,1017.95,14993.09,0.116702,0.07154651162790746,0.40928,96.2,0.6652
1026,1,1018.6,14987.1,0.167223,0.07161558139534932,0.460484,98.1,0.6521
1027,1,1019.25,14981.1,0.208291,0.07168465116279119,0.732026,98.2,0.6519
1028,1,1019.9,14975.07,0.148162,0.07175372093023304,0.516735,98.7,0.6483
1029,1,1020.55,14969.04,0.262948,0.0718227906976749,0.793255,98.7,0.6483
1030,1,1021.2,14963.09,0.203663,0.07189186046511677,0.487452,98.0,0.6527
1031,1,1021.86,14957.24,0.1556,0.07196093023255862,0.447991,97.1,0.6589
1032,1,1022.51,14951.31,0.171558,0.07203000000000048,0.39596,98.1,0.6521
1033,1,1023.18,14945.5,0.189084,0.07209906976744235,0.488986,97.0,0.66
1034,1,1023.83,14939.54,0.179475,0.07216813953488421,0.721173,98.7,0.6485
1035,1,1024.47,14933.57,0.128982,0.07223720930232608,0.471524,98.8,0.6479
1036,1,1025.12,14927.62,0.161841,0.07230627906976794,0.43499,98.7,0.6484
1037,1,1025.77,14921.69,0.145294,0.0723753488372098,0.56464,98.6,0.6491
1038,1,1026.42,14915.76,0.192601,0.07244441860465164,0.474278,98.8,0.6479
1039,1,1027.08,14909.89,0.129339,0.07251348837209351,0.525725,98.1,0.6521
1040,1,1027.73,14904.08,0.165076,0.07258255813953537,0.525864,97.7,0.6552
1041,1,1028.39,14898.32,0.137044,0.07265162790697723,0.643715,97.7,0.655
1042,1,1029.04,14892.43,0.13675,0.07272069767441909,0.38091,98.7,0.6481
1043,1,1029.69,14886.55,0.141255,0.07278976744186094,0.498049,98.7,0.6484
1044,1,1030.34,14880.69,0.201807,0.0728588372093028,0.577711,98.6,0.6489
1045,1,1030.99,14874.85,0.157487,0.07292790697674466,0.636404,98.5,0.6495
1046,1,1031.64,14869.01,0.130966,0.07299697674418652,0.496872,98.6,0.6491
1047,1,1032.29,14863.2,0.177776,0.07306604651162839,0.519818,98.3,0.651
1048,1,1032.94,14857.43,0.150147,0.07313511627907025,0.546928,98.1,0.6521
1049,1,1033.59,14851.64,0.117944,0.07320418604651212,0.427711,98.3,0.6509
1050,1,1034.25,14845.88,0.165572,0.07327325581395397,0.60156,98.3,0.6512
1051,1,1034.9,14840.07,0.135042,0.07334232558139583,0.483716,98.8,0.648
1052,1,1035.54,14834.27,0.169179,0.0734113953488377,0.691721,98.7,0.6482
1053,1,1036.19,14828.48,0.187071,0.07348046511627956,0.628069,98.8,0.648
1054,1,1036.84,14822.7,0.07762,0.07354953488372143,0.445445,98.8,0.6477
1055,1,1037.49,14816.93,0.183842,0.0736186046511633,0.509888,98.7,0.6482
1056,1,1038.14,14811.19,0.205152,0.07368767441860516,0.606682,98.6,0.6492
1057,1,1038.79,14805.5,0.128868,0.07375674418604702,0.427654,98.2,0.6515
1058,1,1039.45,14799.82,0.172119,0.07382581395348889,0.544818,98.2,0.652
1059,1,1040.1,14794.19,0.094966,0.07389488372093074,0.534237,97.7,0.6552
1060,1,1040.76,14788.55,0.135884,0.0739639534883726,0.504076,98.0,0.6532
1061,1,1041.41,14782.89,0.132433,0.07403302325581447,0.671612,98.7,0.6487
1062,1,1042.06,14777.19,0.18647,0.07410209302325634,0.613751,98.7,0.6482
1063,1,1042.71,14771.55,0.160402,0.0741711627906982,0.575915,98.2,0.6515
1064,1,1043.36,14765.88,0.17637,0.07424023255814005,0.586669,98.6,0.6488
1065,1,1044.01,14760.29,0.205517,0.07430930232558192,0.514185,97.9,0.6534
1066,1,1044.66,14754.63,0.181769,0.07437837209302378,0.73872,98.7,0.6482
1067,1,1045.31,14748.99,0.116049,0.07444744186046565,0.462881,98.6,0.6489
1068,1,1045.96,14743.38,0.162472,0.07451651162790751,0.462781,98.4,0.6506
1069,1,1046.61,14737.77,0.163709,0.07458558139534938,0.608965,98.5,0.6496
1070,1,1047.26,14732.15,0.13791,0.07465465116279123,0.546462,98.6,0.6489
1071,1,1047.92,14726.69,0.15359,0.07472372093023308,0.453587,97.2,0.6587
1072,1,1048.57,14721.09,0.171893,0.07479279069767494,0.470502,98.7,0.6487
1073,1,1049.23,14715.57,0.153502,0.0748618604651168,0.596574,97.9,0.6536
1074,1,1049.87,14709.97,0.164266,0.07493093023255866,0.706658,98.8,0.6476
1075,1,1050.52,14704.4,0.140882,0.075,0.770952,98.8,0.6481
1076,1,1051.17,14698.83,0.107356,0.07499999919083633,0.430531,98.8,0.648
1077,1,1051.82,14693.28,0.105947,0.0749999967633454,0.338315,98.6,0.6488
1078,1,1052.47,14687.75,0.131709,0.07499999271752729,0.503011,98.5,0.6497
1079,1,1053.13,14682.29,0.185457,0.07499998705338219,0.657014,97.8,0.6543
1080,1,1053.78,14676.75,0.121233,0.07499997977091033,0.472094,98.8,0.6478
1081,1,1054.43,14671.29,0.127838,0.07499997087011205,0.4288,98.7,0.6484
1082,1,1055.08,14665.85,0.185233,0.07499996035098772,0.540543,97.9,0.654
1083,1,1055.73,14660.35,0.132022,0.07499994821353781,0.524992,98.7,0.6483
1084,1,1056.38,14654.88,0.136954,0.07499993445776283,0.856105,98.4,0.6502
1085,1,1057.03,14649.41,0.157171,0.07499991908366341,0.603453,98.6,0.6493
1086,1,1057.68,14643.93,0.202868,0.07499990209124019,0.620703,98.8,0.6476
1087,1,1058.33,14638.49,0.147223,0.07499988348049393,0.601666,98.4,0.6507
1088,1,1058.98,14633.06,0.137069,0.07499986325142542,0.618479,98.4,0.6502
1089,1,1059.64,14627.68,0.143714,0.07499984140403557,0.630433,97.9,0.6537
1090,1,1060.29,14622.25,0.155508,0.07499981793832532,0.502719,98.7,0.6486
1091,1,1060.94,14616.82,0.144837,0.07499979285429569,0.788654,98.6,0.6489
1092,1,1061.59,14611.41,0.134783,0.07499976615194777,0.59955,98.6,0.6492
1093,1,1062.24,14606.04,0.145486,0.07499973783128273,0.682931,98.2,0.6516
1094,1,1062.89,14600.69,0.150315,0.07499970789230181,0.658072,98.2,0.652
1095,1,1063.54,14595.31,0.108376,0.07499967633500632,0.967243,98.5,0.6497
1096,1,1064.19,14589.93,0.12922,0.07499964315939761,0.351634,98.6,0.6489
1097,1,1064.85,14584.71,0.136939,0.07499960836547714,0.434449,97.0,0.66
1098,1,1065.5,14579.34,0.169557,0.07499957195324644,0.620198,98.8,0.6479
1099,1,1066.15,14573.98,0.126825,0.07499953392270708,0.556861,98.7,0.6487
1100,1,1066.8,14568.61,0.166551,0.07499949427386073,0.82045,98.8,0.6475
1101,1,1067.45,14563.3,0.160467,0.0749994530067091,0.647421,98.7,0.6483
1102,1,1068.1,14557.99,0.146264,0.07499941012125401,0.571069,98.4,0.6503
1103,1,1068.76,14552.76,0.080888,0.07499936561749732,0.451982,97.6,0.6554
1104,1,1069.41,14547.44,0.136597,0.07499931949544095,0.784816,98.6,0.6488
1105,1,1070.06,14542.14,0.174484,0.07499927175508694,0.559757,98.6,0.6488
1106,1,1070.71,14536.87,0.169067,0.07499922239643736,0.57984,98.3,0.651
1107,1,1071.36,14531.62,0.208633,0.07499917141949436,0.813375,98.2,0.6516
1108,1,1072.01,14526.33,0.162742,0.07499911882426018,0.515139,98.8,0.6481
1109,1,1072.66,14521.07,0.185225,0.07499906461073708,0.54168,98.5,0.6499
1110,1,1073.31,14515.84,0.143466,0.07499900877892744,0.711703,98.3,0.6513
1111,1,1073.97,14510.67,0.168231,0.0749989513288337,0.475324,97.7,0.6548
1112,1,1074.62,14505.46,0.177903,0.07499889226045836,0.658662,98.2,0.6514
1113,1,1075.27,14500.2,0.148084,0.074998831573804,0.526068,98.8,0.6479
1114,1,1075.92,14495.03,0.152401,0.07499876926887326,0.40999,98.0,0.6528
1115,1,1076.57,14489.79,0.161547,0.07499870534566885,0.76606,98.8,0.6478
1116,1,1077.22,14484.57,0.09314,0.07499863980419356,0.37942,98.8,0.6481
1117,1,1077.87,14479.37,0.174646,0.07499857264445026,0.543346,98.5,0.6497
1118,1,1078.52,14474.16,0.167815,0.07499850386644186,0.64013,98.8,0.6477
1119,1,1079.17,14468.97,0.130773,0.07499843347017135,0.558928,98.7,0.6488
1120,1,1079.83,14463.87,0.182372,0.07499836145564183,0.48103,97.7,0.6548
1121,1,1080.48,14458.75,0.122187,0.07499828782285642,0.695329,98.7,0.6483
1122,1,1081.13,14453.61,0.151067,0.07499821257181832,0.688026,98.4,0.6503
1123,1,1081.78,14448.46,0.187187,0.07499813570253083,0.876808,98.5,0.6495
1124,1,1082.43,14443.32,0.204911,0.0749980572149973,0.630283,98.6,0.6493
1125,1,1083.09,14438.26,0.178365,0.07499797710922114,0.574243,97.7,0.6548
1126,1,1083.74,14433.16,0.134918,0.07499789538520583,0.481607,98.2,0.6518
1127,1,1084.39,14428.04,0.130351,0.07499781204295497,0.653878,98.6,0.6489
1128,1,1085.04,14422.93,0.197362,0.07499772708247217,0.59185,98.6,0.6493
1129,1,1085.69,14417.81,0.126085,0.07499764050376113,0.56476,98.8,0.648
1130,1,1086.34,14412.71,0.190517,0.07499755230682563,0.570557,98.7,0.6487
1131,1,1086.99,14407.61,0.097546,0.07499746249166951,0.441146,98.7,0.6487
1132,1,1087.64,14402.62,0.112309,0.0749973710582967,0.572138,97.6,0.656
1133,1,1088.29,14397.55,0.17656,0.07499727800671116,0.65671,98.6,0.649
1134,1,1088.94,14392.48,0.226941,0.07499718333691698,0.773581,98.6,0.6488
1135,1,1089.59,14387.42,0.206582,0.07499708704891825,0.7041,98.5,0.6495
1136,1,1090.24,14382.36,0.121236,0.07499698914271918,0.508347,98.7,0.6483
1137,1,1090.89,14377.3,0.123092,0.07499688961832407,0.51901,98.7,0.6483
1138,1,1091.54,14372.29,0.093535,0.07499678847573721,0.423651,98.4,0.6505
1139,1,1092.19,14367.25,0.146737,0.07499668571496304,0.581609,98.7,0.6483
1140,1,1092.84,14362.21,0.157251,0.07499658133600604,0.507122,98.7,0.6481
1141,1,1093.49,14357.26,0.119111,0.07499647533887073,0.524699,98.3,0.6511
1142,1,1094.15,14352.27,0.192335,0.07499636772356177,0.566864,98.4,0.6502
1143,1,1094.79,14347.26,0.143087,0.07499625849008382,0.753626,98.7,0.6483
1144,1,1095.45,14342.32,0.157718,0.07499614763844165,0.547413,98.1,0.6527
1145,1,1096.1,14337.32,0.124373,0.07499603516864009,0.447812,98.8,0.6477
1146,1,1096.75,14332.39,0.113757,0.07499592108068406,0.655153,98.0,0.6529
1147,1,1097.41,14327.51,0.116522,0.07499580537457852,1.017506,97.6,0.6557
1148,1,1098.06,14322.56,0.166189,0.07499568805032851,0.697257,98.6,0.6494
1149,1,1098.71,14317.59,0.140017,0.07499556910793916,0.790208,98.7,0.6484
1150,1,1099.35,14312.64,0.193833,0.07499544854741563,0.609279,98.8,0.6481
1151,1,1100.0,14307.69,0.196471,0.0749953263687632,0.508009,98.7,0.6483
1152,1,1100.65,14302.74,0.165077,0.07499520257198718,0.773329,98.8,0.6477
1153,1,1101.3,14297.8,0.13946,0.07499507715709297,0.509863,98.8,0.648
1154,1,1101.95,14292.93,0.119932,0.07499495012408605,0.611116,98.1,0.6522
1155,1,1102.6,14288.0,0.186198,0.07499482147297194,0.495891,98.8,0.6479
1156,1,1103.25,14283.09,0.179086,0.07499469120375626,0.648526,98.7,0.6485
1157,1,1103.9,14278.19,0.126248,0.07499455931644468,0.463704,98.7,0.6484
1158,1,1104.55,14273.34,0.177015,0.07499442581104296,0.56151,98.2,0.6514
1159,1,1105.21,14268.52,0.167464,0.0749942906875569,0.629633,97.9,0.6538
1160,1,1105.86,14263.66,0.11339,0.07499415394599242,0.482198,98.5,0.65
1161,1,1106.52,14258.9,0.15124,0.07499401558635545,0.622503,97.8,0.6545
1162,1,1107.17,14254.05,0.22118,0.07499387560865202,0.669902,98.5,0.6497
1163,1,1107.82,14249.19,0.197746,0.07499373401288825,0.594166,98.8,0.648
1164,1,1108.46,14244.33,0.194515,0.07499359079907031,0.573513,98.8,0.6476
1165,1,1109.11,14239.49,0.170257,0.07499344596720446,0.607159,98.7,0.6486
1166,1,1109.76,14234.66,0.133391,0.07499329951729698,0.449711,98.7,0.6485
1167,1,1110.41,14229.87,0.159257,0.07499315144935428,0.340306,98.3,0.6511
1168,1,1111.06,14225.04,0.207743,0.0749930017633828,0.627584,98.7,0.6484
1169,1,1111.72,14220.29,0.137655,0.07499285045938907,0.541333,98.0,0.6531
1170,1,1112.37,14215.48,0.189491,0.07499269753737968,0.674413,98.7,0.6481
1171,1,1113.02,14210.68,0.16452,0.0749925429973613,0.615813,98.7,0.6484
1172,1,1113.67,14205.88,0.163077,0.07499238683934066,0.534342,98.7,0.6485
1173,1,1114.32,14201.14,0.141187,0.07499222906332459,0.422539,98.2,0.6515
1174,1,1114.97,14196.36,0.108568,0.07499206966931993,0.407371,98.7,0.6486
1175,1,1115.62,14191.58,0.105708,0.07499190865733366,0.435689,98.7,0.6482
1176,1,1116.27,14186.92,0.131464,0.07499174602737278,0.677271,97.5,0.6563
1177,1,1116.92,14182.15,0.120968,0.0749915817794444,0.597563,98.8,0.6478
1178,1,1117.57,14177.41,0.136941,0.07499141591355565,0.893276,98.6,0.6488
1179,1,1118.22,14172.67,0.168762,0.0749912484297138,0.481771,98.6,0.649
1180,1,1118.88,14168.04,0.130197,0.07499107932792612,0.569095,97.5,0.6565
1181,1,1119.54,14163.41,0.183105,0.07499090860819999,0.75218,98.3,0.6511
1182,1,1120.19,14158.69,0.15969,0.07499073627054284,0.599226,98.6,0.6489
1183,1,1120.83,14153.97,0.141591,0.0749905623149622,0.686105,98.7,0.6484
1184,1,1121.48,14149.25,0.188557,0.07499038674146566,0.89376,98.8,0.6477
1185,1,1122.13,14144.54,0.142034,0.07499020955006085,0.538123,98.8,0.6481
1186,1,1122.78,14139.89,0.168467,0.0749900307407555,0.410176,98.2,0.6517
1187,1,1123.43,14135.21,0.1003,0.07498985031355741,0.437583,98.5,0.6495
1188,1,1124.09,14130.64,0.116592,0.07498966826847445,0.705184,97.3,0.658
1189,1,1124.74,14126.0,0.166915,0.07498948460551454,0.528993,98.3,0.6509
1190,1,1125.39,14121.33,0.119583,0.07498929932468569,0.570301,98.8,0.6481
1191,1,1126.04,14116.66,0.185557,0.074989112425996,0.515846,98.7,0.6482
1192,1,1126.69,14112.01,0.128009,0.07498892390945358,0.50873,98.6,0.6493
1193,1,1127.34,14107.38,0.18125,0.07498873377506668,0.465389,98.6,0.6494
1194,1,1128.0,14102.82,0.119267,0.07498854202284358,0.643482,97.7,0.6552
1195,1,1128.65,14098.18,0.16581,0.07498834865279264,0.838893,98.7,0.6486
1196,1,1129.3,14093.55,0.149172,0.07498815366492226,0.893651,98.8,0.6479
1197,1,1129.95,14089.0,0.192878,0.07498795705924098,0.539138,97.8,0.6545
1198,1,1130.61,14084.44,0.187047,0.07498775883575735,0.773706,98.0,0.6531
1199,1,1131.26,14079.93,0.168903,0.07498755899448001,0.660591,97.6,0.656
1200,1,1131.91,14075.36,0.115848,0.07498735753541769,0.558593,98.3,0.6509
1201,1,1199.24,14899.12,0.161539,0.07498715445857915,0.6761,98.9,0.647
1202,1,1199.89,14893.76,0.155759,0.07498694976397324,0.932693,98.9,0.647
1203,1,1200.53,14888.42,0.151758,0.07498674345160891,0.466722,98.9,0.647
1204,1,1201.18,14883.08,0.163494,0.07498653552149513,0.504602,98.9,0.6469
1205,1,1201.84,14877.88,0.140644,0.07498632597364097,0.574154,97.4,0.6573
1206,1,1202.49,14872.6,0.10563,0.07498611480805556,0.537283,98.3,0.6508
1207,1,1203.14,14867.3,0.138678,0.07498590202474811,0.745995,98.8,0.648
1208,1,1203.79,14862.0,0.146915,0.0749856876237279,0.369648,98.9,0.6474
1209,1,1204.44,14856.71,0.108687,0.07498547160500425,0.431074,98.8,0.6477
1210,1,1205.09,14851.43,0.162962,0.07498525396858663,0.782372,98.7,0.6482
1211,1,1205.74,14846.23,0.152268,0.07498503471448448,0.569419,97.9,0.6534
1212,1,1206.39,14841.05,0.124927,0.07498481384270737,0.531009,97.8,0.6546
1213,1,1207.04,14835.79,0.176878,0.07498459135326493,0.684341,98.8,0.6479
1214,1,1207.7,14830.58,0.137122,0.07498436724616687,0.536597,98.3,0.6513
1215,1,1208.35,14825.38,0.167906,0.07498414152142295,0.50614,98.3,0.6511
1216,1,1209.0,14820.15,0.127513,0.07498391417904299,0.496953,98.7,0.6482
1217,1,1209.65,14814.92,0.162394,0.07498368521903692,0.651486,98.8,0.6476
1218,1,1210.29,14809.7,0.177351,0.07498345464141473,0.773896,98.8,0.648
1219,1,1210.95,14804.61,0.131576,0.07498322244618646,0.483218,97.3,0.6575
1220,1,1211.61,14799.54,0.187027,0.07498298863336222,0.565547,97.2,0.6584
1221,1,1212.27,14794.4,0.176496,0.07498275320295224,0.524271,98.8,0.6478
1222,1,1212.92,14789.23,0.175016,0.07498251615496673,0.640782,98.6,0.6492
1223,1,1213.57,14784.11,0.131381,0.07498227748941605,0.471779,97.9,0.6535
1224,1,1214.22,14778.95,0.16423,0.07498203720631061,0.666515,98.6,0.6488
1225,1,1214.87,14773.79,0.166107,0.07498179530566088,0.617798,98.7,0.6485
1226,1,1215.52,14768.65,0.141614,0.0749815517874774,0.503493,98.5,0.6496
1227,1,1216.18,14763.61,0.174084,0.07498130665177079,0.525958,97.4,0.657
1228,1,1216.83,14758.47,0.153748,0.07498105989855174,0.468911,98.8,0.6477
1229,1,1217.48,14753.37,0.132247,0.07498081152783098,0.489988,98.2,0.6515
1230,1,1218.14,14748.36,0.125795,0.07498056153961936,0.469586,97.4,0.6571
1231,1,1218.79,14743.24,0.163577,0.07498030993392779,0.483621,98.7,0.6485
1232,1,1219.43,14738.11,0.121468,0.07498005671076721,0.498045,98.9,0.647
1233,1,1220.08,14733.0,0.129475,0.07497980187014867,0.457004,98.8,0.6475
1234,1,1220.73,14727.95,0.138435,0.07497954541208329,0.463129,98.2,0.6516
1235,1,1221.38,14722.86,0.078037,0.07497928733658223,0.430222,98.7,0.6485
1236,1,1222.03,14717.77,0.172424,0.07497902764365674,0.879072,98.8,0.6479
1237,1,1222.68,14712.73,0.065739,0.07497876633331817,0.351263,98.3,0.6513
1238,1,1223.33,14707.66,0.101898,0.07497850340557788,0.546294,98.8,0.6481
1239,1,1223.98,14702.6,0.175952,0.07497823886044734,0.630524,98.8,0.6476
1240,1,1224.63,14697.54,0.11461,0.07497797269793807,0.499902,98.8,0.648
1241,1,1225.29,14692.62,0.1141,0.07497770491806169,0.530993,97.6,0.6557
1242,1,1225.94,14687.62,0.12386,0.07497743552082987,0.546823,98.3,0.6514
1243,1,1226.6,14682.63,0.170709,0.07497716450625436,0.536488,98.1,0.6522
1244,1,1227.24,14677.6,0.119881,0.07497689187434695,0.534064,98.8,0.6477
1245,1,1227.89,14672.59,0.126839,0.07497661762511955,0.520493,98.6,0.649
1246,1,1228.54,14667.56,0.169946,0.0749763417585841,0.540873,98.9,0.6474
1247,1,1229.19,14662.56,0.091943,0.07497606427475262,0.480122,98.7,0.6481
1248,1,1229.85,14657.64,0.111389,0.07497578517363722,0.37254,97.6,0.6555
1249,1,1230.49,14652.64,0.10766,0.07497550445525007,0.525839,98.8,0.6475
1250,1,1231.14,14647.66,0.157756,0.0749752221196034,0.517739,98.8,0.648
1251,1,1231.8,14642.75,0.10734,0.07497493816670953,0.562587,97.9,0.6535
1252,1,1232.45,14637.79,0.163462,0.0749746525965808,0.525879,98.6,0.6492
1253,1,1233.1,14632.83,0.158994,0.07497436540922968,0.517908,98.7,0.6488
1254,1,1233.75,14627.95,0.209047,0.0749740766046687,0.478967,97.7,0.6552
1255,1,1234.4,14623.0,0.152559,0.07497378618291044,0.758617,98.8,0.6479
1256,1,1235.07,14618.26,0.100789,0.07497349414396756,0.426645,96.2,0.6649
1257,1,1235.72,14613.32,0.236628,0.07497320048785279,0.896724,98.7,0.6486
1258,1,1236.37,14608.38,0.104512,0.07497290521457893,0.610454,98.9,0.6472
1259,1,1237.02,14603.56,0.158917,0.07497260832415886,0.653348,97.5,0.6566
1260,1,1237.68,14598.72,0.109248,0.0749723098166055,0.44397,97.7,0.6551
1261,1,1238.34,14593.94,0.133517,0.0749720096919319,0.520291,97.9,0.6538
1262,1,1238.99,14589.11,0.116557,0.07497170795015111,0.438536,97.9,0.6537
1263,1,1239.64,14584.21,0.094026,0.07497140459127628,0.407593,98.8,0.6479
1264,1,1240.29,14579.31,0.153076,0.07497109961532067,0.402482,98.8,0.6479
1265,1,1240.94,14574.43,0.111435,0.07497079302229755,0.471601,98.8,0.648
1266,1,1241.6,14569.68,0.166557,0.07497048481222028,0.596809,97.1,0.6589
1267,1,1242.25,14564.82,0.133871,0.07497017498510229,0.70671,98.6,0.6491
1268,1,1242.9,14560.0,0.182124,0.07496986354095711,0.544844,98.2,0.652
1269,1,1243.56,14555.22,0.199552,0.0749695504797983,0.800503,97.8,0.6544
1270,1,1244.21,14550.44,0.157666,0.07496923580163951,0.583277,97.8,0.6544
1271,1,1244.87,14545.71,0.108209,0.07496891950649447,0.347436,97.3,0.6581
1272,1,1245.53,14540.96,0.139477,0.07496860159437693,0.630379,97.6,0.6558
1273,1,1246.18,14536.17,0.09789,0.07496828206530079,0.560125,98.4,0.6507
1274,1,1246.84,14531.47,0.117307,0.07496796091927996,0.632316,97.0,0.6597
1275,1,1247.49,14526.67,0.17464,0.07496763815632844,0.628309,98.6,0.649
1276,1,1248.15,14521.93,0.157216,0.0749673137764603,0.469241,97.8,0.6544
1277,1,1248.8,14517.14,0.097838,0.07496698777968969,0.453352,98.5,0.6496
1278,1,1249.45,14512.37,0.168428,0.0749666601660308,0.659172,98.4,0.6506
1279,1,1250.1,14507.59,0.124319,0.07496633093549794,0.642728,98.6,0.6494
1280,1,1250.75,14502.84,0.177529,0.07496600008810543,0.507721,98.3,0.6508
1281,1,1251.41,14498.13,0.165231,0.07496566762386771,0.624515,98.2,0.6514
1282,1,1252.06,14493.43,0.155086,0.07496533354279927,0.488071,97.9,0.6538
1283,1,1252.72,14488.79,0.179416,0.07496499784491467,0.768376,97.0,0.6597
1284,1,1253.37,14484.02,0.17007,0.07496466053022854,0.484139,98.8,0.6476
1285,1,1254.02,14479.26,0.132608,0.0749643215987556,0.479303,98.8,0.6475
1286,1,1254.67,14474.51,0.204383,0.07496398105051061,0.623806,98.7,0.6483
1287,1,1255.32,14469.81,0.223909,0.07496363888550842,0.501832,98.2,0.6516
1288,1,1255.97,14465.08,0.112353,0.07496329510376394,0.420047,98.7,0.6483
1289,1,1256.63,14460.46,0.136764,0.07496294970529217,0.607037,97.3,0.6576
1290,1,1257.28,14455.75,0.229826,0.07496260269010815,0.570871,98.6,0.6494
1291,1,1257.93,14451.04,0.170169,0.07496225405822703,0.589286,98.7,0.6482
1292,1,1258.57,14446.33,0.189217,0.07496190380966397,0.543214,98.7,0.6486
1293,1,1259.22,14441.63,0.175459,0.07496155194443427,0.477275,98.7,0.6485
1294,1,1259.87,14436.93,0.172448,0.07496119846255324,0.407605,98.7,0.6481
1295,1,1260.53,14432.29,0.180789,0.07496084336403631,0.485855,98.1,0.6523
1296,1,1261.18,14427.63,0.164517,0.07496048664889896,0.507779,98.3,0.6509
1297,1,1261.83,14422.96,0.137086,0.07496012831715673,0.411849,98.7,0.6486
1298,1,1262.48,14418.38,0.16779,0.07495976836882526,0.451158,97.6,0.6558
1299,1,1263.13,14413.72,0.146161,0.0749594068039202,0.595961,98.6,0.6492
1300,1,1263.78,14409.07,0.163443,0.07495904362245735,0.403873,98.7,0.6485
1301,1,1264.44,14404.45,0.130226,0.07495867882445253,0.415462,98.7,0.6487
1302,1,1265.09,14399.86,0.120271,0.07495831240992164,0.48205,98.0,0.6529
1303,1,1265.74,14395.23,0.163026,0.07495794437888065,0.419749,98.6,0.6492
1304,1,1266.39,14390.59,0.212805,0.07495757473134561,0.518638,98.7,0.6484
1305,1,1267.04,14386.01,0.105368,0.07495720346733263,0.422384,98.1,0.6525
1306,1,1267.7,14381.48,0.183003,0.0749568305868579,0.445987,97.5,0.6561
1307,1,1268.35,14376.88,0.104233,0.07495645608993766,0.400927,98.6,0.649
1308,1,1269.0,14372.29,0.160344,0.07495607997658824,0.634273,98.3,0.6508
1309,1,1269.65,14367.69,0.11873,0.07495570224682603,0.629917,98.7,0.6486
1310,1,1270.3,14363.11,0.124352,0.0749553229006675,0.812054,98.6,0.6494
1311,1,1270.95,14358.52,0.183388,0.0749549419381292,0.408519,98.7,0.6482
1312,1,1271.6,14354.0,0.17916,0.07495455935922772,0.640972,97.8,0.6542
1313,1,1272.25,14349.43,0.12702,0.07495417516397974,0.494082,98.6,0.6489
1314,1,1272.9,14344.86,0.177526,0.07495378935240203,0.691957,98.6,0.649
1315,1,1273.55,14340.33,0.12753,0.07495340192451137,0.548094,98.3,0.6508
1316,1,1274.2,14335.76,0.16126,0.07495301288032469,0.774134,98.7,0.6484
1317,1,1274.85,14331.21,0.133411,0.07495262221985889,0.396511,98.7,0.6486
1318,1,1275.5,14326.66,0.098903,0.07495222994313107,0.488673,98.7,0.6481
1319,1,1276.15,14322.13,0.104148,0.07495183605015827,0.535759,98.4,0.6501
1320,1,1276.8,14317.62,0.111559,0.0749514405409577,0.524443,98.3,0.6511
1321,1,1277.46,14313.15,0.127787,0.07495104341554659,0.564115,98.4,0.6502
1322,1,1278.11,14308.64,0.154688,0.07495064467394225,0.555945,98.6,0.6493
1323,1,1278.76,14304.17,0.178598,0.07495024431616204,0.591387,98.0,0.6529
1324,1,1279.41,14299.65,0.167089,0.07494984234222345,0.526215,98.8,0.6478
1325,1,1280.06,14295.14,0.112155,0.07494943875214397,0.490994,98.7,0.6485
1326,1,1280.71,14290.64,0.139845,0.07494903354594121,0.516591,98.6,0.6488
1327,1,1281.36,14286.15,0.136528,0.07494862672363282,0.725177,98.7,0.6485
1328,1,1282.01,14281.65,0.198297,0.07494821828523655,0.711889,98.8,0.648
1329,1,1282.66,14277.19,0.181212,0.07494780823077021,0.45646,98.3,0.651
1330,1,1283.31,14272.73,0.143073,0.07494739656025166,0.449589,98.6,0.6494
1331,1,1283.96,14268.28,0.073676,0.07494698327369885,0.418058,98.3,0.6512
1332,1,1284.61,14263.85,0.177523,0.0749465683711298,0.673723,98.2,0.6517
1333,1,1285.27,14259.44,0.195595,0.07494615185256258,0.677651,98.0,0.6532
1334,1,1285.92,14254.99,0.141233,0.07494573371801536,0.759096,98.6,0.6491
1335,1,1286.57,14250.62,0.134687,0.07494531396750635,0.974587,97.6,0.6555
1336,1,1287.22,14246.18,0.140383,0.07494489260105389,0.67851,98.7,0.6484
1337,1,1287.87,14241.75,0.126797,0.0749444696186763,0.474772,98.6,0.6492
1338,1,1288.53,14237.36,0.18763,0.07494404502039204,0.540728,98.1,0.6521
1339,1,1289.18,14232.98,0.175961,0.07494361880621962,0.670964,98.1,0.6525
1340,1,1289.83,14228.6,0.158467,0.0749431909761776,0.448812,98.1,0.6523
1341,1,1290.49,14224.23,0.128774,0.07494276153028467,0.466789,98.6,0.6492
1342,1,1291.15,14219.98,0.205935,0.07494233046855951,0.587608,96.6,0.6625
1343,1,1291.8,14215.62,0.126782,0.07494189779102094,0.422672,98.0,0.653
1344,1,1292.46,14211.24,0.182023,0.0749414634976878,0.477506,98.5,0.6497
1345,1,1293.11,14206.88,0.170679,0.07494102758857903,0.612759,98.2,0.6518
1346,1,1293.76,14202.49,0.155929,0.07494059006371363,0.446525,98.7,0.6486
1347,1,1294.41,14198.18,0.10722,0.07494015092311067,0.602789,97.7,0.655
1348,1,1295.06,14193.79,0.174962,0.0749397101667893,0.553335,98.8,0.648
1349,1,1295.71,14189.44,0.116953,0.07493926779476873,0.495722,98.5,0.6498
1350,1,1296.36,14185.11,0.166063,0.07493882380706823,0.517223,98.1,0.6524
1351,1,1297.02,14180.82,0.13552,0.07493837820370718,0.521526,97.7,0.6549
1352,1,1297.67,14176.46,0.165802,0.07493793098470498,0.445858,98.7,0.6482
1353,1,1298.32,14172.17,0.171323,0.07493748215008114,0.533869,97.9,0.6539
1354,1,1298.97,14167.82,0.170321,0.07493703169985523,0.587384,98.8,0.6478
1355,1,1299.62,14163.5,0.160795,0.07493657963404687,0.702142,98.6,0.6489
1356,1,1300.27,14159.17,0.093546,0.07493612595267576,0.438088,98.6,0.649
1357,1,1300.92,14154.85,0.185983,0.0749356706557617,0.739662,98.6,0.6488
1358,1,1301.57,14150.54,0.136762,0.07493521374332453,0.554553,98.5,0.6498
1359,1,1302.22,14146.21,0.174164,0.07493475521538415,0.448013,98.9,0.647
1360,1,1302.87,14141.89,0.150116,0.07493429507196057,0.651141,98.8,0.648
1361,1,1303.52,14137.62,0.12445,0.07493383331307384,0.680058,98.6,0.649
1362,1,1304.17,14133.32,0.105671,0.0749333699387441,0.387708,98.6,0.6489
1363,1,1304.82,14129.02,0.115227,0.07493290494899152,0.520365,98.8,0.6477
1364,1,1305.47,14124.76,0.177155,0.07493243834383638,0.609392,98.2,0.6514
1365,1,1306.13,14120.53,0.160225,0.07493197012329904,0.599102,97.9,0.6536
1366,1,1306.78,14116.28,0.202311,0.07493150028739991,0.547594,98.1,0.6521
1367,1,1307.43,14112.04,0.161862,0.07493102883615943,0.587832,98.3,0.6513
1368,1,1308.09,14107.81,0.138526,0.0749305557695982,0.641627,98.1,0.6521
1369,1,1308.74,14103.59,0.165681,0.07493008108773681,0.490139,98.2,0.6519
1370,1,1309.39,14099.35,0.196881,0.07492960479059597,0.873822,98.4,0.6505
1371,1,1310.04,14095.14,0.190872,0.07492912687819644,0.86025,98.0,0.653
1372,1,1310.69,14090.9,0.151429,0.07492864735055904,0.47502,98.7,0.6486
1373,1,1311.34,14086.67,0.136346,0.07492816620770469,0.646348,98.5,0.6497
1374,1,1311.99,14082.43,0.18554,0.07492768344965435,0.491066,98.7,0.6484
1375,1,1312.64,14078.2,0.137849,0.07492719907642907,0.553295,98.6,0.6491
1376,1,1313.29,14073.98,0.091782,0.07492671308804995,0.371091,98.6,0.6491
1377,1,1313.94,14069.75,0.198547,0.07492622548453819,0.475534,98.9,0.6474
1378,1,1314.6,14065.62,0.191235,0.07492573626591505,0.6014,97.5,0.6567
1379,1,1315.25,14061.41,0.140491,0.07492524543220185,0.682648,98.6,0.649
1380,1,1315.9,14057.28,0.109576,0.07492475298341998,0.59899,97.6,0.6556
1381,1,1316.56,14053.15,0.16685,0.07492425891959092,0.531552,98.4,0.6501
1382,1,1317.21,14048.95,0.116535,0.0749237632407362,0.38679,98.8,0.6479
1383,1,1317.86,14044.8,0.10618,0.07492326594687743,0.498755,98.2,0.6519
1384,1,1318.51,14040.62,0.179844,0.07492276703803627,0.833059,98.6,0.6488
1385,1,1319.16,14036.45,0.15143,0.0749222665142345,0.384156,98.5,0.65
1386,1,1319.82,14032.33,0.217522,0.0749217643754939,0.646995,97.9,0.6538
1387,1,1320.47,14028.16,0.150021,0.07492126062183639,0.435792,98.6,0.6488
1388,1,1321.12,14024.1,0.158581,0.07492075525328391,0.611666,97.1,0.6588
1389,1,1321.78,14019.98,0.16995,0.07492024826985852,0.797285,98.1,0.6521
1390,1,1322.43,14015.83,0.148154,0.07491973967158227,0.679305,98.6,0.6489
1391,1,1323.08,14011.7,0.20613,0.07491922945847738,0.746109,98.4,0.6502
1392,1,1323.73,14007.55,0.207634,0.07491871763056607,0.51637,98.7,0.6481
1393,1,1324.38,14003.43,0.160474,0.07491820418787062,0.491047,98.4,0.6505
1394,1,1325.03,13999.31,0.121349,0.07491768913041348,0.55564,98.4,0.6502
1395,1,1325.68,13995.21,0.210613,0.07491717245821705,0.44876,98.2,0.6516
1396,1,1326.34,13991.18,0.189236,0.07491665417130386,0.630607,97.4,0.6569
1397,1,1326.99,13987.11,0.172677,0.07491613426969651,0.538644,98.0,0.6534
1398,1,1327.64,13982.99,0.130721,0.07491561275341767,0.567105,98.7,0.6485
1399,1,1328.29,13978.9,0.102633,0.07491508962249006,0.465784,98.5,0.6497
1400,1,1328.94,13974.81,0.11115,0.07491456487693651,0.447033,98.5,0.6496
1401,1,1329.6,13970.75,0.174197,0.07491403851677986,0.4288,98.7,0.6484
1402,1,1330.25,13966.65,0.121561,0.07491351054204307,0.779301,98.7,0.6484
1403,1,1330.9,13962.59,0.115042,0.07491298095274915,0.37789,98.2,0.6519
1404,1,1331.55,13958.5,0.123839,0.0749124497489212,0.426034,98.8,0.6477
1405,1,1332.2,13954.45,0.155675,0.07491191693058236,0.613848,98.3,0.6513
1406,1,1332.85,13950.37,0.134897,0.07491138249775585,0.552616,98.7,0.6485
1407,1,1333.5,13946.35,0.152148,0.07491084645046499,0.468323,97.9,0.6535
1408,1,1334.15,13942.28,0.163543,0.07491030878873314,0.509893,98.7,0.6486
1409,1,1334.81,13938.29,0.153357,0.07490976951258373,0.594281,97.7,0.6549
1410,1,1335.46,13934.28,0.187608,0.07490922862204026,0.741138,98.0,0.6533
1411,1,1336.12,13930.28,0.181378,0.07490868611712634,0.866819,98.0,0.653
1412,1,1336.77,13926.27,0.161324,0.07490814199786558,0.505396,98.1,0.6522
1413,1,1337.43,13922.28,0.161326,0.07490759626428173,0.589634,97.9,0.6539
1414,1,1338.08,13918.3,0.165539,0.07490704891639856,0.467912,97.9,0.6537
1415,1,1338.73,13914.26,0.169403,0.07490649995423992,0.42735,98.8,0.6477
1416,1,1339.38,13910.23,0.101482,0.07490594937782977,0.569879,98.7,0.6482
1417,1,1340.03,13906.26,0.132189,0.0749053971871921,0.716568,97.9,0.6537
1418,1,1340.68,13902.24,0.141917,0.07490484338235097,0.568541,98.7,0.6483
1419,1,1341.33,13898.22,0.17187,0.07490428796333053,0.595934,98.7,0.6487
1420,1,1341.98,13894.21,0.158622,0.07490373093015498,0.742703,98.7,0.6482
1421,1,1342.63,13890.27,0.168485,0.07490317228284862,0.64341,98.2,0.6516
1422,1,1343.28,13886.26,0.179512,0.07490261202143579,0.836235,98.8,0.6478
1423,1,1343.93,13882.28,0.156172,0.07490205014594091,0.468647,98.5,0.65
1424,1,1344.59,13878.31,0.200984,0.07490148665638847,0.520795,98.3,0.6512
1425,1,1345.24,13874.34,0.192419,0.07490092155280306,0.571106,98.5,0.6496
1426,1,1345.89,13870.42,0.146576,0.07490035483520929,0.559172,97.8,0.6544
1427,1,1346.55,13866.49,0.092324,0.07489978650363187,0.541074,98.0,0.6532
1428,1,1347.2,13862.53,0.206031,0.07489921655809557,0.730232,98.5,0.65
1429,1,1347.85,13858.58,0.166565,0.07489864499862525,0.485518,98.5,0.6496
1430,1,1348.5,13854.68,0.14019,0.07489807182524581,0.400125,97.7,0.6551
1431,1,1349.15,13850.71,0.147174,0.07489749703798224,0.425034,98.8,0.6478
1432,1,1349.81,13846.84,0.127177,0.07489692063685958,0.429559,97.5,0.6567
1433,1,1350.46,13842.92,0.096995,0.07489634262190299,0.588591,98.4,0.6507
1434,1,1351.11,13838.97,0.165338,0.07489576299313763,0.992501,98.8,0.6479
1435,1,1351.76,13835.08,0.182283,0.07489518175058879,0.597219,98.0,0.6531
1436,1,1352.41,13831.14,0.142177,0.07489459889428181,0.573214,98.6,0.6489
1437,1,1353.07,13827.28,0.187123,0.07489401442424207,0.562024,97.7,0.6553
1438,1,1353.72,13823.4,0.115432,0.07489342834049507,0.507219,98.0,0.6528
1439,1,1354.37,13819.48,0.173132,0.07489284064306637,0.534686,98.7,0.6483
1440,1,1355.02,13815.55,0.192989,0.07489225133198156,0.598771,98.8,0.6478
1441,1,1355.68,13811.71,0.128785,0.07489166040726633,0.515884,98.2,0.652
1442,1,1356.33,13807.83,0.126574,0.07489106786894645,0.586334,98.2,0.6515
1443,1,1356.98,13803.93,0.144878,0.07489047371704777,0.700674,98.7,0.6482
1444,1,1357.63,13800.03,0.159038,0.07488987795159616,0.580845,98.7,0.6487
1445,1,1358.28,13796.16,0.172727,0.0748892805726176,0.503935,98.3,0.6508
1446,1,1358.93,13792.29,0.15791,0.07488868158013813,0.819653,98.3,0.6511
1447,1,1359.58,13788.4,0.15927,0.07488808097418385,0.591291,98.7,0.6483
1448,1,1360.23,13784.53,0.144373,0.07488747875478098,0.594285,98.6,0.649
1449,1,1360.88,13780.72,0.160321,0.07488687492195573,0.828539,97.7,0.6551
1450,1,1361.53,13776.84,0.184314,0.07488626947573443,1.083448,98.7,0.6484
1451,1,1362.19,13773.01,0.15663,0.07488566241614349,0.507513,98.1,0.6525
1452,1,1362.84,13769.15,0.117254,0.07488505374320935,0.415889,98.7,0.6485
1453,1,1363.49,13765.34,0.157444,0.07488444345695856,0.702215,97.9,0.654
1454,1,1364.14,13761.49,0.159734,0.07488383155741772,0.596972,98.8,0.648
1455,1,1364.79,13757.67,0.210499,0.0748832180446135,1.037757,98.2,0.6515
1456,1,1365.44,13753.82,0.168905,0.07488260291857264,0.521641,98.6,0.6489
1457,1,1366.09,13750.02,0.140247,0.07488198617932196,0.649672,98.2,0.652
1458,1,1366.74,13746.19,0.116234,0.07488136782688834,0.513561,98.6,0.6489
1459,1,1367.39,13742.36,0.143767,0.07488074786129875,0.55218,98.7,0.6484
1460,1,1368.04,13738.52,0.102398,0.07488012628258019,0.485804,98.8,0.648
1461,1,1368.7,13734.73,0.159448,0.07487950309075977,0.753843,98.6,0.6488
1462,1,1369.35,13730.92,0.166878,0.07487887828586465,0.501328,98.6,0.6492
1463,1,1370.0,13727.12,0.114771,0.07487825186792206,0.590512,98.3,0.6508
1464,1,1370.65,13723.31,0.17243,0.07487762383695933,0.637095,98.7,0.6485
1465,1,1371.3,13719.59,0.130792,0.07487699419300381,0.425829,97.4,0.6574
1466,1,1371.95,13715.79,0.176942,0.07487636293608296,0.7318,98.7,0.6484
1467,1,1372.6,13711.99,0.135417,0.07487573006622432,0.409663,98.7,0.6482
1468,1,1373.25,13708.2,0.170944,0.07487509558345544,0.643449,98.6,0.6489
1469,1,1373.91,13704.51,0.216143,0.074874459487804,0.640231,97.2,0.6584
1470,1,1374.56,13700.73,0.186364,0.07487382177929772,0.574326,98.6,0.649
1471,1,1375.21,13696.97,0.164759,0.07487318245796439,0.594085,98.3,0.6513
1472,1,1375.86,13693.2,0.200721,0.0748725415238319,0.490662,98.6,0.6491
1473,1,1376.52,13689.48,0.153446,0.07487189897692817,0.70665,98.0,0.653
1474,1,1377.17,13685.73,0.1696,0.07487125481728123,0.693891,98.3,0.6509
1475,1,1377.82,13681.97,0.170301,0.07487060904491914,0.511022,98.7,0.6486
1476,1,1378.47,13678.24,0.203281,0.07486996165987005,0.467788,98.2,0.6518
1477,1,1379.13,13674.59,0.119386,0.0748693126621622,0.441142,97.1,0.6595
1478,1,1379.8,13671.05,0.156275,0.07486866205182385,0.629116,95.6,0.6694
1479,1,1380.46,13667.39,0.138652,0.0748680098288834,0.626194,97.3,0.6576
1480,1,1381.12,13663.74,0.126365,0.07486735599336924,0.584359,97.2,0.6584
1481,1,1381.78,13660.11,0.195062,0.0748667005453099,1.116906,98.0,0.6529
1482,1,1382.43,13656.37,0.128736,0.07486604348473395,0.547471,98.7,0.6487
1483,1,1383.08,13652.64,0.178917,0.07486538481167003,0.642968,98.7,0.6483
1484,1,1383.73,13648.91,0.161647,0.07486472452614684,0.428635,98.8,0.6477
1485,1,1384.38,13645.19,0.122773,0.07486406262819317,0.493516,98.5,0.6497
1486,1,1385.03,13641.47,0.177525,0.07486339911783788,0.498321,98.7,0.6482
1487,1,1385.67,13637.75,0.147394,0.07486273399510987,0.48672,98.8,0.6479
1488,1,1386.32,13634.03,0.143417,0.07486206726003816,0.713999,98.8,0.6475
1489,1,1386.97,13630.32,0.160097,0.0748613989126518,0.498717,98.8,0.6479
1490,1,1387.62,13626.61,0.191764,0.07486072895297993,0.536025,98.7,0.6487
1491,1,1388.27,13622.94,0.15609,0.07486005738105175,0.642165,98.3,0.6514
1492,1,1388.92,13619.25,0.146933,0.07485938419689656,0.487918,98.7,0.6485
1493,1,1389.57,13615.56,0.126047,0.07485870940054366,0.666061,98.6,0.6491
1494,1,1390.22,13611.88,0.125228,0.0748580329920225,0.572627,98.7,0.6484
1495,1,1390.88,13608.29,0.186734,0.07485735497136255,0.82815,97.3,0.6579
1496,1,1391.53,13604.62,0.177591,0.07485667533859336,0.661586,98.5,0.6496
1497,1,1392.18,13600.95,0.133004,0.07485599409374458,0.566916,98.6,0.6489
1498,1,1392.83,13597.29,0.173062,0.07485531123684588,0.649546,98.6,0.6494
1499,1,1393.48,13593.62,0.170335,0.07485462676792705,0.518066,98.7,0.6482
1500,1,1394.13,13590.01,0.206735,0.07485394068701791,0.461123,97.9,0.6536
1501,1,1408.62,13721.19,0.097911,0.07485325299414837,0.425658,93.3,0.6856
1502,1,1409.27,13717.42,0.134161,0.07485256368934841,0.625798,99.0,0.6465
1503,1,1409.92,13713.66,0.131771,0.07485187277264807,0.438683,98.9,0.6473
1504,1,1410.57,13709.91,0.158899,0.07485118024407748,0.772034,98.8,0.6477
1505,1,1411.22,13706.19,0.172804,0.07485048610366683,0.455823,98.3,0.6508
1506,1,1411.87,13702.46,0.129857,0.07484979035144639,0.441423,98.6,0.6488
1507,1,1412.52,13698.73,0.157269,0.07484909298744645,0.553282,98.7,0.6486
1508,1,1413.17,13695.02,0.118824,0.07484839401169743,0.348856,98.3,0.6513
1509,1,1413.83,13691.34,0.154273,0.0748476934242298,0.612923,98.0,0.6532
1510,1,1414.47,13687.61,0.210493,0.0748469912250741,0.60988,98.8,0.6475
1511,1,1415.12,13683.9,0.15738,0.07484628741426094,0.595741,98.7,0.6486
1512,1,1415.77,13680.18,0.159988,0.074845581991821,0.415539,98.8,0.6479
1513,1,1416.42,13676.5,0.183967,0.07484487495778502,0.45678,98.2,0.6517
1514,1,1417.07,13672.81,0.129687,0.07484416631218384,0.490667,98.6,0.6491
1515,1,1417.73,13669.12,0.192354,0.07484345605504833,0.54006,98.5,0.6498
1516,1,1418.38,13665.45,0.13118,0.07484274418640946,0.438953,98.3,0.6511
1517,1,1419.03,13661.74,0.137236,0.07484203070629827,0.751609,98.9,0.6471
1518,1,1419.67,13658.04,0.140594,0.07484131561474586,0.388323,98.9,0.6473
1519,1,1420.32,13654.35,0.176708,0.0748405989117834,0.705178,98.8,0.6477
1520,1,1420.97,13650.7,0.124899,0.07483988059744211,0.646362,98.2,0.652
1521,1,1421.63,13647.07,0.13975,0.07483916067175332,0.643627,98.6,0.6492
1522,1,1422.28,13643.39,0.097366,0.07483843913474843,0.474877,98.7,0.6484
1523,1,1422.93,13639.72,0.076399,0.07483771598645886,0.637836,98.7,0.6482
1524,1,1423.58,13636.12,0.214521,0.07483699122691616,0.52378,97.8,0.6547
1525,1,1424.24,13632.5,0.178173,0.0748362648561519,0.732256,98.0,0.6529
1526,1,1424.88,13628.84,0.174203,0.07483553687419776,0.667085,98.7,0.6485
1527,1,1425.54,13625.21,0.1687,0.07483480728108546,0.528426,98.3,0.6512
1528,1,1426.18,13621.56,0.155755,0.07483407607684682,0.524682,98.8,0.6478
1529,1,1426.84,13617.95,0.15061,0.07483334326151371,0.603502,98.2,0.6517
1530,1,1427.49,13614.32,0.138622,0.07483260883511807,0.512492,98.6,0.6493
1531,1,1428.14,13610.67,0.118607,0.0748318727976919,0.40045,98.8,0.648
1532,1,1428.78,13607.03,0.191182,0.07483113514926731,0.481456,98.8,0.6476
1533,1,1429.44,13603.41,0.155565,0.07483039588987646,0.702833,98.6,0.6494
1534,1,1430.09,13599.81,0.217585,0.07482965501955155,0.574391,98.3,0.651
1535,1,1430.73,13596.17,0.159366,0.0748289125383249,0.434219,98.9,0.6471
1536,1,1431.39,13592.6,0.167255,0.07482816844622885,0.643726,98.0,0.6531
1537,1,1432.04,13589.01,0.139189,0.07482742274329585,0.639926,98.3,0.6513
1538,1,1432.69,13585.4,0.154126,0.0748266754295584,0.574343,98.7,0.6481
1539,1,1433.34,13581.83,0.140656,0.07482592650504907,0.615162,98.2,0.6519
1540,1,1433.99,13578.22,0.120614,0.07482517596980054,0.615227,98.8,0.6479
1541,1,1434.64,13574.65,0.158511,0.07482442382384549,0.60353,98.6,0.649
1542,1,1435.3,13571.16,0.128389,0.07482367006721674,0.655717,97.0,0.6596
1543,1,1435.95,13567.57,0.134677,0.0748229146999471,0.400326,98.8,0.6479
1544,1,1436.61,13564.06,0.164195,0.07482215772206956,0.591821,97.4,0.6572
1545,1,1437.26,13560.48,0.158899,0.07482139913361706,0.642549,98.7,0.6484
1546,1,1437.91,13556.92,0.173285,0.0748206389346227,0.761508,98.3,0.6509
1547,1,1438.56,13553.34,0.126262,0.0748198771251196,0.749752,98.8,0.6481
1548,1,1439.21,13549.77,0.13763,0.07481911370514098,0.531894,98.8,0.6481
1549,1,1439.86,13546.19,0.156765,0.07481834867472012,0.466114,98.9,0.6474
1550,1,1440.51,13542.62,0.136353,0.07481758203389037,0.543238,98.8,0.648
1551,1,1441.16,13539.08,0.194696,0.07481681378268513,0.61918,98.4,0.6504
1552,1,1441.81,13535.55,0.126625,0.07481604392113791,0.622223,98.2,0.6515
1553,1,1442.46,13532.04,0.145414,0.07481527244928227,0.688411,98.0,0.653
1554,1,1443.11,13528.48,0.194795,0.07481449936715182,0.641534,98.8,0.6476
1555,1,1443.76,13524.93,0.167884,0.07481372467478027,0.473323,98.8,0.6479
1556,1,1444.42,13521.46,0.101409,0.0748129483722014,0.615776,97.5,0.6562
1557,1,1445.07,13517.91,0.113091,0.07481217045944903,0.446238,98.7,0.6482
1558,1,1445.71,13514.37,0.138169,0.07481139093655709,0.64328,98.9,0.6473
1559,1,1446.36,13510.84,0.195603,0.07481060980355955,0.486079,98.7,0.6484
1560,1,1447.01,13507.31,0.143309,0.07480982706049047,0.493065,98.8,0.648
1561,1,1447.66,13503.81,0.169784,0.07480904270738395,0.761261,98.6,0.6489
1562,1,1448.33,13500.48,0.157709,0.07480825674427422,0.504232,95.8,0.668
1563,1,1449.01,13497.23,0.146556,0.07480746917119549,0.586312,94.5,0.6771
1564,1,1449.67,13493.78,0.163074,0.07480667998818212,0.543601,97.6,0.6559
1565,1,1450.32,13490.32,0.105098,0.07480588919526851,0.363495,98.0,0.6533
1566,1,1450.99,13486.98,0.082372,0.07480509679248913,0.501707,96.0,0.6665
1567,1,1451.64,13483.48,0.199682,0.07480430277987853,0.486624,98.7,0.6482
1568,1,1452.29,13479.97,0.174801,0.07480350715747129,0.612143,98.8,0.6481
1569,1,1452.94,13476.49,0.178516,0.07480270992530214,0.452381,98.6,0.6494
1570,1,1453.59,13473.0,0.260644,0.0748019110834058,0.516811,98.7,0.6486
1571,1,1454.25,13469.6,0.152611,0.0748011106318171,0.564305,97.1,0.659
1572,1,1454.9,13466.11,0.196759,0.07480030857057093,0.559297,98.8,0.6476
1573,1,1455.54,13462.63,0.197608,0.07479950489970226,0.53686,98.8,0.648
1574,1,1456.19,13459.15,0.17639,0.07479869961924612,0.491581,98.8,0.6478
1575,1,1456.84,13455.67,0.11754,0.07479789272923762,0.573495,98.7,0.6485
1576,1,1457.49,13452.21,0.165619,0.07479708422971192,0.580282,98.5,0.6496
1577,1,1458.15,13448.79,0.203047,0.07479627412070428,0.673514,97.9,0.6537
1578,1,1458.81,13445.42,0.158604,0.07479546240224998,0.560952,97.3,0.6576
1579,1,1459.46,13441.99,0.132538,0.07479464907438445,0.415787,98.1,0.6523
1580,1,1460.11,13438.56,0.161718,0.0747938341371431,0.531206,98.3,0.6512
1581,1,1460.76,13435.13,0.149171,0.0747930175905615,0.335129,98.8,0.6478
1582,1,1461.41,13431.68,0.142833,0.07479219943467522,0.450492,98.6,0.6489
1583,1,1462.06,13428.24,0.123785,0.0747913796695199,0.531254,98.6,0.6494
1584,1,1462.71,13424.81,0.142823,0.07479055829513132,0.514168,98.5,0.6496
1585,1,1463.36,13421.37,0.134462,0.07478973531154524,0.542685,98.8,0.6481
1586,1,1464.01,13417.94,0.170343,0.07478891071879758,0.990473,98.5,0.6494
1587,1,1464.66,13414.51,0.125969,0.07478808451692424,0.406213,98.7,0.6483
1588,1,1465.31,13411.08,0.113955,0.07478725670596129,0.493923,98.7,0.6483
1589,1,1465.96,13407.69,0.120278,0.07478642728594476,0.569346,98.2,0.6517
1590,1,1466.61,13404.27,0.126445,0.07478559625691084,0.606663,98.6,0.6492
1591,1,1467.26,13400.86,0.140597,0.07478476361889574,0.784642,98.7,0.6487
1592,1,1467.91,13397.45,0.140855,0.07478392937193577,0.423257,98.7,0.6484
1593,1,1468.56,13394.05,0.192209,0.07478309351606728,0.712697,98.5,0.6498
1594,1,1469.21,13390.67,0.181858,0.07478225605132673,0.666779,98.3,0.6513
1595,1,1469.86,13387.26,0.135068,0.07478141697775059,0.591213,98.7,0.6484
1596,1,1470.51,13383.87,0.19743,0.07478057629537546,0.590077,98.5,0.6497
1597,1,1471.17,13380.53,0.165605,0.07477973400423799,0.473585,97.8,0.6544
1598,1,1471.82,13377.17,0.182295,0.0747788901043749,0.631999,98.2,0.652
1599,1,1472.47,13373.82,0.138868,0.07477804459582293,0.603296,98.1,0.6527
1600,1,1473.12,13370.44,0.117684,0.07477719747861901,0.719682,98.7,0.6485
1601,1,1473.81,13367.37,0.124263,0.07477634875280001,0.774304,98.7,0.6481
1602,1,1474.46,13364.0,0.147988,0.07477549841840295,0.559362,98.7,0.6485
1603,1,1475.11,13360.67,0.158344,0.07477464647546489,0.550711,97.9,0.6537
1604,1,1475.76,13357.29,0.165105,0.07477379292402297,0.464343,98.7,0.6485
1605,1,1476.41,13353.93,0.158259,0.0747729377641144,0.493928,98.5,0.6497
1606,1,1477.06,13350.57,0.170086,0.07477208099577645,0.712911,98.7,0.6485
1607,1,1477.71,13347.23,0.144661,0.07477122261904649,0.479529,98.2,0.6514
1608,1,1478.37,13343.92,0.188642,0.0747703626339619,0.660503,97.9,0.6537
1609,1,1479.02,13340.56,0.16729,0.07476950104056021,0.460859,98.7,0.6482
1610,1,1479.67,13337.21,0.192223,0.07476863783887895,0.577642,98.6,0.6488
1611,1,1480.31,13333.86,0.140997,0.07476777302895575,0.515032,98.7,0.6483
1612,1,1480.96,13330.52,0.164291,0.07476690661082831,0.478075,98.5,0.6497
1613,1,1481.62,13327.25,0.150941,0.07476603858453441,0.421615,97.6,0.656
1614,1,1482.27,13323.92,0.169292,0.07476516895011188,0.404223,98.5,0.6496
1615,1,1482.93,13320.64,0.144204,0.07476429770759864,0.494399,97.8,0.6547
1616,1,1483.58,13317.33,0.142635,0.07476342485703263,0.647356,98.2,0.6516
1617,1,1484.23,13314.0,0.14272,0.07476255039845195,0.46336,98.7,0.6486
1618,1,1484.88,13310.67,0.196423,0.07476167433189469,0.815971,98.7,0.6482
1619,1,1485.53,13307.36,0.191193,0.07476079665739904,0.534153,98.6,0.6491
1620,1,1486.18,13304.04,0.11089,0.07475991737500326,0.498888,98.7,0.6483
1621,1,1486.83,13300.77,0.118116,0.07475903648474569,0.417811,98.3,0.651
1622,1,1487.48,13297.46,0.153319,0.0747581539866647,0.916161,98.6,0.6493
1623,1,1488.14,13294.19,0.171239,0.0747572698807988,0.583964,98.0,0.6532
1624,1,1488.79,13290.89,0.126101,0.0747563841671865,0.611662,98.6,0.6492
1625,1,1489.43,13287.59,0.17321,0.07475549684586642,0.94869,98.7,0.6482
1626,1,1490.08,13284.29,0.179705,0.07475460791687724,0.487124,98.7,0.6483
1627,1,1490.73,13280.99,0.137256,0.07475371738025771,0.540383,98.7,0.6487
1628,1,1491.38,13277.71,0.127966,0.07475282523604664,0.709248,98.4,0.6502
1629,1,1492.03,13274.43,0.283126,0.07475193148428293,0.639249,98.5,0.6494
1630,1,1492.69,13271.18,0.161674,0.07475103612500554,0.482984,98.2,0.6521
1631,1,1493.34,13267.9,0.136606,0.0747501391582535,0.660019,98.6,0.6489
1632,1,1493.99,13264.62,0.137151,0.0747492405840659,0.433596,98.7,0.6484
1633,1,1494.64,13261.35,0.145573,0.07474834040248192,0.656225,98.5,0.6495
1634,1,1495.29,13258.1,0.131037,0.0747474386135408,0.541477,98.2,0.6515
1635,1,1495.95,13254.91,0.193762,0.07474653521728185,0.507512,97.3,0.658
1636,1,1496.6,13251.71,0.155417,0.07474563021374443,0.585355,97.5,0.6562
1637,1,1497.25,13248.45,0.128879,0.07474472360296804,0.411113,98.7,0.6485
1638,1,1497.91,13245.23,0.171749,0.07474381538499214,0.675511,98.0,0.653
1639,1,1498.56,13242.01,0.140799,0.07474290555985637,0.737361,97.9,0.6534
1640,1,1499.21,13238.76,0.131109,0.07474199412760035,0.606895,98.6,0.6491
1641,1,1499.86,13235.54,0.09944,0.07474108108826384,0.481617,98.7,0.6485
1642,1,1500.51,13232.29,0.20282,0.07474016644188662,0.496755,98.7,0.6487
1643,1,1501.17,13229.07,0.125085,0.07473925018850858,0.578351,98.3,0.6512
1644,1,1501.82,13225.87,0.163696,0.07473833232816965,0.61154,98.0,0.6529
1645,1,1502.47,13222.64,0.097368,0.07473741286090983,0.387227,98.6,0.6492
1646,1,1503.12,13219.44,0.122869,0.07473649178676922,0.485104,98.1,0.6523
1647,1,1503.77,13216.2,0.163026,0.07473556910578796,0.567469,98.7,0.6482
1648,1,1504.42,13212.98,0.128532,0.07473464481800629,0.441223,98.6,0.6488
1649,1,1505.07,13209.75,0.153325,0.07473371892346448,0.388276,98.7,0.6481
1650,1,1505.72,13206.52,0.124377,0.07473279142220288,0.564618,98.7,0.6482
1651,1,1506.37,13203.31,0.14681,0.07473186231426196,0.540431,98.6,0.6493
1652,1,1507.02,13200.1,0.152673,0.07473093159968218,0.683526,98.6,0.6494
1653,1,1507.67,13196.88,0.201293,0.07472999927850413,0.493129,98.7,0.6482
1654,1,1508.32,13193.67,0.116689,0.07472906535076845,0.578718,98.6,0.6489
1655,1,1508.97,13190.51,0.118485,0.07472812981651586,0.539369,97.9,0.6538
1656,1,1509.62,13187.3,0.135538,0.07472719267578713,0.447611,98.6,0.6488
1657,1,1510.27,13184.1,0.154051,0.07472625392862312,0.493812,98.8,0.648
1658,1,1510.92,13180.9,0.138647,0.07472531357506473,0.477952,98.7,0.6484
1659,1,1511.57,13177.72,0.160875,0.07472437161515298,0.651116,98.5,0.65
1660,1,1512.22,13174.52,0.186465,0.07472342804892891,0.508905,98.8,0.648
1661,1,1512.87,13171.36,0.159199,0.07472248287643367,0.475277,98.7,0.6487
1662,1,1513.52,13168.18,0.137445,0.07472153609770844,0.735283,98.6,0.6492
1663,1,1514.17,13165.01,0.202858,0.07472058771279451,0.555082,98.5,0.6496
1664,1,1514.82,13161.83,0.183353,0.07471963772173319,0.604734,98.7,0.6485
1665,1,1515.47,13158.65,0.176524,0.07471868612456593,0.624665,98.7,0.6487
1666,1,1516.13,13155.53,0.159492,0.07471773292133421,0.620768,97.7,0.6551
1667,1,1516.78,13152.36,0.109479,0.07471677811207957,0.351814,98.7,0.6485
1668,1,1517.43,13149.22,0.141949,0.07471582169684361,0.382404,98.2,0.652
1669,1,1518.08,13146.06,0.149433,0.07471486367566804,0.473955,98.6,0.649
1670,1,1518.73,13142.94,0.078992,0.07471390404859463,0.447544,97.9,0.6535
1671,1,1519.38,13139.78,0.168233,0.0747129428156652,0.66283,98.8,0.648
1672,1,1520.03,13136.62,0.173608,0.07471197997692165,0.432284,98.8,0.6477
1673,1,1520.68,13133.47,0.114777,0.07471101553240596,0.530952,98.7,0.6486
1674,1,1521.33,13130.32,0.166787,0.07471004948216016,0.342371,98.7,0.6487
1675,1,1521.98,13127.2,0.125164,0.07470908182622638,0.394682,98.1,0.6522
1676,1,1522.64,13124.11,0.137508,0.07470811256464678,0.496644,97.8,0.6544
1677,1,1523.29,13120.97,0.167286,0.07470714169746362,0.460592,98.6,0.6489
1678,1,1523.94,13117.86,0.191194,0.07470616922471923,0.541651,98.2,0.6514
1679,1,1524.59,13114.72,0.200422,0.07470519514645599,0.459354,98.8,0.648
1680,1,1525.24,13111.62,0.202154,0.07470421946271635,0.452199,98.1,0.6525
1681,1,1525.9,13108.59,0.150687,0.07470324217354288,0.441681,97.4,0.6568
1682,1,1526.56,13105.5,0.150891,0.07470226327897815,0.487556,98.0,0.6529
1683,1,1527.2,13102.38,0.136453,0.07470128277906485,0.583784,98.8,0.6479
1684,1,1527.86,13099.28,0.139261,0.0747003006738457,0.501982,98.3,0.6512
1685,1,1528.51,13096.17,0.152324,0.07469931696336352,0.520011,98.5,0.6499
1686,1,1529.16,13093.13,0.11591,0.07469833164766118,0.417176,97.5,0.6562
1687,1,1529.81,13090.03,0.1461,0.07469734472678166,0.436803,98.4,0.6502
1688,1,1530.47,13086.94,0.085914,0.07469635620076796,0.521414,98.4,0.6506
1689,1,1531.12,13083.86,0.144458,0.07469536606966319,0.573629,98.2,0.6518
1690,1,1531.77,13080.8,0.141045,0.07469437433351049,0.527253,97.9,0.654
1691,1,1532.43,13077.73,0.112146,0.07469338099235309,0.637248,98.2,0.6514
1692,1,1533.08,13074.66,0.196804,0.07469238604623431,0.510717,98.2,0.6517
1693,1,1533.73,13071.59,0.171131,0.0746913894951975,0.604663,98.1,0.6523
1694,1,1534.39,13068.55,0.15758,0.07469039133928614,0.479769,97.8,0.6543
1695,1,1535.04,13065.47,0.157305,0.07468939157854369,0.453998,98.6,0.6491
1696,1,1535.69,13062.41,0.175333,0.07468839021301375,0.543812,98.1,0.6521
1697,1,1536.34,13059.33,0.255464,0.07468738724273999,0.602733,98.7,0.6487
1698,1,1536.99,13056.25,0.160683,0.07468638266776609,0.760834,98.8,0.648
1699,1,1537.64,13053.16,0.199126,0.07468537648813588,0.805677,98.8,0.6477
1700,1,1538.29,13050.1,0.152454,0.07468436870389321,0.598251,98.6,0.6492
1701,1,1538.94,13047.04,0.20886,0.074683359315082,0.649412,98.7,0.6482
1702,1,1539.59,13043.97,0.222512,0.07468234832174626,0.531998,98.7,0.6485
1703,1,1540.24,13040.93,0.177269,0.07468133572393006,0.504725,98.4,0.6507
1704,1,1540.9,13037.99,0.138588,0.07468032152167753,0.480775,96.4,0.6639
1705,1,1541.55,13034.94,0.139682,0.0746793057150329,0.522246,98.6,0.6489
1706,1,1542.2,13031.88,0.187672,0.07467828830404044,0.631553,98.7,0.6483
1707,1,1542.86,13028.86,0.154161,0.07467726928874449,0.440118,98.1,0.6525
1708,1,1543.51,13025.86,0.123699,0.07467624866918948,0.511344,97.7,0.655
1709,1,1544.16,13022.82,0.163124,0.0746752264454199,0.620878,98.5,0.6497
1710,1,1544.82,13019.84,0.134517,0.07467420261748033,0.542838,97.6,0.6557
1711,1,1545.47,13016.81,0.14163,0.07467317718541536,0.448175,98.5,0.65
1712,1,1546.12,13013.77,0.159384,0.07467215014926971,0.700441,98.7,0.6487
1713,1,1546.77,13010.74,0.211373,0.07467112150908815,0.494976,98.6,0.6492
1714,1,1547.43,13007.78,0.220742,0.07467009126491553,0.6216,97.4,0.6571
1715,1,1548.08,13004.75,0.18475,0.07466905941679675,0.49215,98.6,0.6494
1716,1,1548.73,13001.74,0.153654,0.07466802596477679,0.631746,98.3,0.6512
1717,1,1549.39,12998.77,0.21315,0.07466699090890068,0.621176,97.7,0.6551
1718,1,1550.03,12995.75,0.169146,0.07466595424921357,0.578343,98.8,0.648
1719,1,1550.69,12992.76,0.164754,0.07466491598576064,0.525379,98.0,0.6532
1720,1,1551.34,12989.75,0.15342,0.07466387611858714,0.56788,98.6,0.6492
1721,1,1551.99,12986.79,0.112253,0.0746628346477384,0.395422,98.2,0.6518
1722,1,1552.65,12983.81,0.143891,0.07466179157325983,0.485467,98.1,0.6523
1723,1,1553.3,12980.84,0.108047,0.0746607468951969,0.450661,98.1,0.6527
1724,1,1553.95,12977.86,0.119615,0.07465970061359513,0.44146,98.1,0.6522
1725,1,1554.6,12974.87,0.119955,0.07465865272850015,0.513542,98.5,0.6496
1726,1,1555.26,12971.89,0.118707,0.07465760323995763,0.571599,98.2,0.6514
1727,1,1555.91,12968.96,0.1126,0.07465655214801332,0.408034,97.5,0.6563
1728,1,1556.57,12965.98,0.17376,0.07465549945271303,0.506472,98.4,0.6502
1729,1,1557.22,12963.01,0.206268,0.07465444515410266,0.737074,98.2,0.6519
1730,1,1557.88,12960.09,0.215079,0.07465338925222817,1.001697,97.4,0.6572
1731,1,1558.53,12957.11,0.168954,0.07465233174713558,0.519748,98.6,0.6494
1732,1,1559.19,12954.22,0.189426,0.07465127263887097,0.614374,97.1,0.6592
1733,1,1559.84,12951.23,0.176938,0.07465021192748056,0.609282,98.7,0.6486
1734,1,1560.49,12948.27,0.156019,0.07464914961301053,0.512504,98.3,0.6508
1735,1,1561.14,12945.3,0.146875,0.07464808569550724,0.558904,98.6,0.6489
1736,1,1561.79,12942.33,0.164652,0.07464702017501702,0.678543,98.6,0.649
1737,1,1562.44,12939.37,0.132457,0.07464595305158635,0.531602,98.4,0.6503
1738,1,1563.1,12936.49,0.152007,0.07464488432526173,0.48548,97.2,0.6585
1739,1,1563.75,12933.53,0.132741,0.07464381399608976,0.39832,98.5,0.6496
1740,1,1564.4,12930.57,0.165298,0.07464274206411707,0.574178,98.6,0.6491
1741,1,1565.06,12927.7,0.126886,0.07464166852939043,0.498719,97.7,0.6553
1742,1,1565.71,12924.77,0.140078,0.0746405933919566,0.602184,98.1,0.6524
1743,1,1566.37,12921.85,0.179291,0.07463951665186246,0.66478,98.1,0.6526
1744,1,1567.02,12918.92,0.202802,0.07463843830915494,0.660974,98.3,0.6512
1745,1,1567.67,12915.98,0.207223,0.07463735836388107,0.621889,98.6,0.6493
1746,1,1568.32,12913.04,0.176547,0.0746362768160879,0.565747,98.5,0.6497
1747,1,1568.99,12910.23,0.126648,0.07463519366582258,0.419103,96.2,0.6654
1748,1,1569.64,12907.31,0.152677,0.07463410891313234,0.687841,98.2,0.652
1749,1,1570.29,12904.39,0.195337,0.07463302255806445,0.509227,98.4,0.6501
1750,1,1570.94,12901.45,0.17083,0.07463193460066626,0.487138,98.6,0.6493
1751,1,1571.59,12898.55,0.14825,0.07463084504098523,0.516882,98.2,0.652
1752,1,1572.24,12895.62,0.19478,0.07462975387906882,0.66908,98.5,0.6494
1753,1,1572.9,12892.72,0.22294,0.07462866111496462,0.618662,98.1,0.6522
1754,1,1573.55,12889.82,0.138919,0.07462756674872026,0.560502,98.2,0.6519
1755,1,1574.2,12886.9,0.13924,0.07462647078038342,0.51502,98.6,0.6493
1756,1,1574.85,12883.98,0.132721,0.07462537321000191,0.455957,98.6,0.649
1757,1,1575.51,12881.16,0.163861,0.07462427403762353,0.726979,96.9,0.6607
1758,1,1576.16,12878.25,0.183303,0.07462317326329625,0.543146,98.6,0.6489
1759,1,1576.81,12875.34,0.172321,0.07462207088706801,0.426663,98.6,0.6492
1760,1,1577.46,12872.45,0.160371,0.0746209669089869,0.470511,98.2,0.6514
1761,1,1578.12,12869.59,0.145135,0.074619861329101,0.457904,98.6,0.6493
1762,1,1578.77,12866.71,0.239699,0.07461875414745854,0.637895,98.1,0.6524
1763,1,1579.42,12863.84,0.141423,0.07461764536410777,0.561029,98.0,0.6529
1764,1,1580.07,12860.95,0.13548,0.07461653497909702,0.590659,98.5,0.6494
1765,1,1580.72,12858.05,0.183842,0.07461542299247471,0.567949,98.5,0.6495
1766,1,1581.38,12855.16,0.157638,0.0746143094042893,0.67206,98.5,0.6497
1767,1,1582.03,12852.28,0.157674,0.07461319421458933,0.704598,98.5,0.6495
1768,1,1582.67,12849.39,0.193482,0.07461207742342342,0.480608,98.7,0.6486
1769,1,1583.33,12846.52,0.128645,0.07461095903084024,0.484693,98.3,0.6511
1770,1,1583.98,12843.68,0.137915,0.07460983903688856,0.644852,97.7,0.6552
1771,1,1584.64,12840.82,0.142096,0.07460871744161718,0.600946,98.2,0.652
1772,1,1585.29,12837.97,0.147412,0.07460759424507502,0.421134,98.2,0.652
1773,1,1585.95,12835.15,0.159828,0.07460646944731102,0.804557,97.5,0.6563
1774,1,1586.6,12832.28,0.195716,0.0746053430483742,0.416825,98.6,0.6493
1775,1,1587.25,12829.42,0.155054,0.07460421504831369,0.419458,98.4,0.6502
1776,1,1587.9,12826.58,0.111659,0.07460308544717865,0.541754,98.2,0.6516
1777,1,1588.55,12823.71,0.14408,0.07460195424501832,0.82368,98.6,0.6493
1778,1,1589.2,12820.87,0.139721,0.07460082144188201,0.633631,98.2,0.6519
1779,1,1589.85,12818.01,0.131353,0.0745996870378191,0.589694,98.6,0.6493
1780,1,1590.5,12815.16,0.168929,0.07459855103287906,0.618107,98.6,0.6493
1781,1,1591.16,12812.33,0.199885,0.07459741342711139,0.541331,98.6,0.6491
1782,1,1591.81,12809.48,0.147808,0.07459627422056567,0.557297,98.5,0.6495
1783,1,1592.46,12806.63,0.193137,0.07459513341329158,0.973234,98.5,0.6495
1784,1,1593.11,12803.78,0.17915,0.07459399100533882,0.790196,98.7,0.6486
1785,1,1593.76,12800.94,0.173465,0.07459284699675722,0.536322,98.5,0.6497
1786,1,1594.41,12798.15,0.114554,0.07459170138759665,0.73218,97.7,0.6554
1787,1,1595.06,12795.3,0.149935,0.07459055417790703,0.58133,98.7,0.6483
1788,1,1595.71,12792.46,0.131393,0.07458940536773837,0.516962,98.7,0.6483
1789,1,1596.36,12789.62,0.195966,0.07458825495714075,0.500617,98.7,0.6488
1790,1,1597.01,12786.78,0.130052,0.07458710294616432,0.630201,98.7,0.6484
1791,1,1597.66,12783.95,0.151136,0.0745859493348593,0.719639,98.6,0.6494
1792,1,1598.31,12781.11,0.230671,0.07458479412327598,1.076089,98.7,0.6486
1793,1,1598.96,12778.34,0.163767,0.07458363731146472,0.507753,97.6,0.6556
1794,1,1599.62,12775.52,0.117375,0.07458247889947593,0.350874,98.4,0.6503
1795,1,1600.27,12772.71,0.142786,0.07458131888736014,0.502298,98.4,0.6506
1796,1,1600.92,12769.92,0.222286,0.07458015727516787,0.415323,98.2,0.6518
1797,1,1601.57,12767.1,0.208514,0.07457899406294978,0.790577,98.6,0.6494
1798,1,1602.22,12764.32,0.120453,0.07457782925075658,0.402967,97.9,0.6535
1799,1,1602.88,12761.54,0.149889,0.07457666283863904,0.46764,98.1,0.6523
1800,1,1603.53,12758.75,0.23543,0.074575494826648,0.618758,98.1,0.6523
1801,1,1672.97,13302.98,0.162501,0.0745743252148344,0.645829,98.4,0.6506
1802,1,1673.63,13299.84,0.172642,0.07457315400324918,0.463292,98.4,0.6507
1803,1,1674.29,13296.84,0.117595,0.07457198119194343,0.364946,96.1,0.6661
1804,1,1674.94,13293.7,0.084437,0.07457080678096828,0.358773,98.6,0.6492
1805,1,1675.6,13290.59,0.128712,0.0745696307703749,0.415611,98.1,0.6522
1806,1,1676.25,13287.47,0.161572,0.07456845316021456,0.63826,98.3,0.6511
1807,1,1676.9,13284.36,0.129274,0.0745672739505386,0.531791,98.1,0.6525
1808,1,1677.55,13281.25,0.115527,0.07456609314139842,0.580696,98.3,0.6513
1809,1,1678.2,13278.13,0.19277,0.0745649107328455,0.597402,98.4,0.6505
1810,1,1678.86,13275.02,0.15441,0.07456372672493138,0.47936,98.5,0.65
1811,1,1679.52,13271.98,0.200567,0.07456254111770766,0.483092,97.1,0.6594
1812,1,1680.17,13268.86,0.168403,0.07456135391122604,0.443444,98.6,0.6488
1813,1,1680.84,13265.91,0.108328,0.07456016510553824,0.526889,95.6,0.6696
1814,1,1681.49,13262.81,0.179861,0.07455897470069613,0.650899,98.2,0.6516
1815,1,1682.14,13259.73,0.145387,0.07455778269675156,0.405444,98.1,0.6527
1816,1,1682.8,13256.65,0.178333,0.07455658909375651,0.665876,98.3,0.6514
1817,1,1683.44,13253.54,0.20329,0.07455539389176301,0.525368,98.7,0.6486
1818,1,1684.1,13250.46,0.155298,0.07455419709082316,0.691417,98.1,0.6527
1819,1,1684.75,13247.35,0.114384,0.07455299869098912,0.412864,98.8,0.648
1820,1,1685.4,13244.28,0.091033,0.07455179869231314,0.582442,98.3,0.6513
1821,1,1686.05,13241.21,0.12638,0.07455059709484753,0.436458,98.5,0.6497
1822,1,1686.7,13238.11,0.152437,0.07454939389864466,0.419959,98.7,0.6482
1823,1,1687.35,13235.04,0.131147,0.074548189103757,0.414561,98.2,0.6515
1824,1,1688.0,13231.96,0.175061,0.07454698271023705,0.561358,98.6,0.6491
1825,1,1688.66,13228.91,0.13007,0.07454577471813739,0.600533,97.9,0.6541
1826,1,1689.31,13225.86,0.171768,0.0745445651275107,0.543112,98.1,0.6524
1827,1,1689.96,13222.77,0.197855,0.0745433539384097,0.541047,98.8,0.6479
1828,1,1690.61,13219.69,0.172676,0.07454214115088718,0.698955,98.7,0.6484
1829,1,1691.26,13216.6,0.176565,0.07454092676499602,0.516714,98.7,0.6484
1830,1,1691.91,13213.53,0.159366,0.07453971078078914,0.459323,98.8,0.648
1831,1,1692.56,13210.48,0.185971,0.07453849319831954,0.603291,98.2,0.6517
1832,1,1693.21,13207.4,0.193597,0.07453727401764032,0.436208,98.8,0.6475
1833,1,1693.86,13204.37,0.113918,0.07453605323880463,0.403334,98.0,0.653
1834,1,1694.52,13201.37,0.208706,0.07453483086186567,0.514301,97.3,0.6574
1835,1,1695.17,13198.31,0.122232,0.07453360688687673,0.444322,98.7,0.6483
1836,1,1695.82,13195.27,0.120989,0.07453238131389116,0.508576,98.3,0.6508
1837,1,1696.47,13192.22,0.124134,0.07453115414296238,0.635433,98.5,0.65
1838,1,1697.12,13189.19,0.11501,0.0745299253741439,0.470825,98.2,0.6515
1839,1,1697.78,13186.17,0.130042,0.07452869500748925,0.383488,98.2,0.6519
1840,1,1698.43,13183.14,0.181744,0.0745274630430521,0.67111,98.4,0.6504
1841,1,1699.09,13180.14,0.134804,0.07452622948088615,0.465768,98.2,0.6517
1842,1,1699.74,13177.13,0.159354,0.07452499432104516,0.754473,98.1,0.6525
1843,1,1700.39,13174.09,0.180227,0.07452375756358297,0.703247,98.6,0.6488
1844,1,1701.04,13171.07,0.201693,0.07452251920855349,0.489357,98.4,0.6506
1845,1,1701.69,13168.06,0.16812,0.07452127925601071,0.455303,98.2,0.652
1846,1,1702.35,13165.05,0.135712,0.07452003770600868,0.409793,98.2,0.6516
1847,1,1703.0,13162.04,0.18113,0.07451879455860153,0.488258,98.4,0.6507
1848,1,1703.65,13159.04,0.136952,0.07451754981384343,0.446711,98.2,0.652
1849,1,1704.3,13156.01,0.163947,0.07451630347178864,0.468547,98.7,0.6481
1850,1,1704.95,13153.02,0.117542,0.07451505553249152,0.523176,98.1,0.6527
1851,1,1705.6,13150.01,0.235775,0.07451380599600645,0.514818,98.5,0.6498
1852,1,1706.25,13146.98,0.144568,0.07451255486238789,0.470811,98.9,0.6474
1853,1,1706.9,13143.99,0.137771,0.0745113021316904,0.444556,98.1,0.6524
1854,1,1707.56,13141.0,0.189945,0.07451004780396857,0.396659,98.3,0.6509
1855,1,1708.21,13137.99,0.12505,0.07450879187927707,0.478853,98.7,0.6486
1856,1,1708.86,13134.99,0.192612,0.07450753435767067,0.520729,98.6,0.6491
1857,1,1709.51,13132.02,0.101811,0.07450627523920418,0.390708,97.9,0.6539
1858,1,1710.16,13129.01,0.13758,0.07450501452393248,0.474958,98.8,0.6479
1859,1,1710.82,13126.11,0.169027,0.07450375221191052,0.518768,96.8,0.6611
1860,1,1711.47,13123.13,0.148423,0.07450248830319335,0.698172,98.4,0.6505
1861,1,1712.13,13120.18,0.148782,0.07450122279783605,0.722259,98.3,0.6508
1862,1,1712.79,13117.27,0.196268,0.0744999556958938,0.492909,97.1,0.659
1863,1,1713.44,13114.32,0.15777,0.0744986869974218,0.502582,97.8,0.6546
1864,1,1714.09,13111.35,0.117106,0.0744974167024754,0.412164,98.5,0.65
1865,1,1714.75,13108.38,0.146761,0.07449614481110993,0.468548,98.4,0.6503
1866,1,1715.41,13105.51,0.127932,0.07449487132338085,0.57505,96.4,0.664
1867,1,1716.07,13102.59,0.136054,0.07449359623934368,0.495185,97.5,0.6567
1868,1,1716.72,13099.61,0.161056,0.074492319559054,0.473218,98.8,0.6479
1869,1,1717.37,13096.66,0.18339,0.07449104128256746,0.521079,98.2,0.6516
1870,1,1718.02,13093.7,0.117571,0.07448976140993978,0.552863,98.5,0.6498
1871,1,1718.67,13090.76,0.097778,0.07448847994122676,0.386965,98.1,0.6527
1872,1,1719.33,13087.82,0.170673,0.07448719687648425,0.50969,98.2,0.6519
1873,1,1719.98,13084.88,0.159895,0.07448591221576818,0.486244,98.2,0.6518
1874,1,1720.63,13081.96,0.13556,0.07448462595913456,0.422421,98.0,0.653
1875,1,1721.3,13079.09,0.124397,0.07448333810663946,0.520766,96.8,0.6612
1876,1,1721.95,13076.16,0.190153,0.07448204865833902,0.473124,98.2,0.6516
1877,1,1722.6,13073.21,0.127872,0.07448075761428942,0.434149,98.6,0.6488
1878,1,1723.25,13070.29,0.130206,0.07447946497454698,0.515147,97.9,0.6539
1879,1,1723.9,13067.35,0.160888,0.07447817073916801,0.667952,98.6,0.6491
1880,1,1724.55,13064.41,0.13809,0.07447687490820896,0.449123,98.5,0.6498
1881,1,1725.21,13061.55,0.143296,0.07447557748172631,0.529581,97.8,0.6545
1882,1,1725.86,13058.59,0.130225,0.07447427845977661,0.512106,98.9,0.6472
1883,1,1726.52,13055.69,0.166303,0.07447297784241648,0.522256,97.9,0.6537
1884,1,1727.17,13052.78,0.177364,0.07447167562970261,0.511628,98.1,0.6525
1885,1,1727.82,13049.85,0.194147,0.07447037182169178,0.810453,98.7,0.6485
1886,1,1728.47,13046.94,0.174039,0.07446906641844082,0.432107,98.2,0.652
1887,1,1729.12,13044.01,0.155816,0.07446775942000665,0.457345,98.7,0.6487
1888,1,1729.77,13041.08,0.171849,0.07446645082644622,0.56408,98.7,0.6488
1889,1,1730.42,13038.16,0.155228,0.07446514063781658,0.567967,98.7,0.6487
1890,1,1731.08,13035.3,0.178578,0.07446382885417485,0.68953,97.4,0.6568
1891,1,1731.73,13032.41,0.185016,0.07446251547557821,0.412444,98.1,0.6524
1892,1,1732.38,13029.5,0.157853,0.07446120050208391,0.513129,98.5,0.6496
1893,1,1733.03,13026.6,0.159973,0.07445988393374925,0.514018,98.3,0.6512
1894,1,1733.69,13023.73,0.145451,0.07445856577063166,0.448075,97.7,0.655
1895,1,1734.34,13020.84,0.11208,0.07445724601278858,0.504119,98.3,0.6511
1896,1,1735.0,13017.96,0.17207,0.07445592466027755,0.530074,98.2,0.6517
1897,1,1735.65,13015.07,0.205981,0.07445460171315615,0.599504,98.2,0.6519
1898,1,1736.3,13012.18,0.204313,0.07445327717148206,0.559804,98.3,0.6509
1899,1,1736.95,13009.28,0.155679,0.07445195103531303,0.663337,98.7,0.6484
1900,1,1737.6,13006.38,0.174746,0.07445062330470685,0.384257,98.7,0.6487
1901,1,1738.25,13003.51,0.179655,0.07444929397972141,0.775725,98.6,0.649
1902,1,1738.9,13000.64,0.164279,0.07444796306041465,0.474762,98.2,0.6518
1903,1,1739.55,12997.76,0.188303,0.07444663054684458,0.49,98.5,0.6496
1904,1,1740.22,12994.95,0.159312,0.0744452964390693,0.548274,96.9,0.6602
1905,1,1740.87,12992.07,0.114817,0.07444396073714696,0.557337,98.6,0.6492
1906,1,1741.52,12989.19,0.122293,0.07444262344113578,0.403803,98.6,0.6491
1907,1,1742.17,12986.37,0.104013,0.07444128455109406,0.400174,97.3,0.6576
1908,1,1742.82,12983.5,0.210296,0.07443994406708017,0.650284,98.6,0.6492
1909,1,1743.48,12980.62,0.183286,0.07443860198915253,0.639283,98.5,0.6498
1910,1,1744.13,12977.8,0.106949,0.07443725831736965,0.478541,97.6,0.6555
1911,1,1744.78,12974.94,0.162171,0.0744359130517901,0.528626,98.3,0.6511
1912,1,1745.43,12972.08,0.150367,0.07443456619247253,0.487468,98.6,0.6491
1913,1,1746.1,12969.33,0.183651,0.07443321773947564,0.538336,96.2,0.6654
1914,1,1746.76,12966.54,0.114324,0.07443186769285823,0.446255,97.1,0.6592
1915,1,1747.42,12963.74,0.144057,0.07443051605267911,0.624692,97.3,0.6576
1916,1,1748.07,12960.9,0.139106,0.07442916281899725,0.534406,98.2,0.6515
1917,1,1748.72,12958.04,0.183363,0.07442780799187161,0.720965,98.7,0.6485
1918,1,1749.37,12955.19,0.173474,0.07442645157136124,0.577965,98.6,0.6491
1919,1,1750.02,12952.36,0.178735,0.0744250935575253,0.511853,98.1,0.6522
1920,1,1750.67,12949.52,0.136988,0.07442373395042297,0.712244,98.4,0.6507
1921,1,1751.34,12946.77,0.181332,0.07442237275011351,0.528669,97.3,0.658
1922,1,1751.99,12943.95,0.161387,0.07442100995665626,0.533676,98.1,0.6523
1923,1,1752.65,12941.16,0.189283,0.07441964557011065,0.59469,97.6,0.656
1924,1,1753.3,12938.36,0.122493,0.07441827959053611,0.586603,97.8,0.6545
1925,1,1753.95,12935.51,0.209205,0.07441691201799222,0.55838,98.7,0.6483
1926,1,1754.61,12932.71,0.200854,0.07441554285253858,0.502922,97.9,0.6534
1927,1,1755.26,12929.89,0.13273,0.07441417209423488,0.826839,98.3,0.6512
1928,1,1755.93,12927.18,0.140158,0.07441279974314087,0.840552,96.0,0.6665
1929,1,1756.58,12924.35,0.177627,0.07441142579931638,0.97641,98.5,0.6494
1930,1,1757.23,12921.59,0.179716,0.07441005026282128,0.686291,97.3,0.6576
1931,1,1757.89,12918.81,0.0935,0.07440867313371555,0.451536,97.6,0.6556
1932,1,1758.55,12916.07,0.083336,0.07440729441205922,0.428644,96.9,0.6603
1933,1,1759.2,12913.26,0.177857,0.07440591409791239,0.569186,98.3,0.6511
1934,1,1759.85,12910.44,0.131673,0.07440453219133523,0.508566,98.8,0.648
1935,1,1760.51,12907.65,0.159599,0.07440314869238797,0.449218,98.0,0.6533
1936,1,1761.16,12904.85,0.142715,0.07440176360113093,0.4687,98.3,0.6508
1937,1,1761.82,12902.15,0.10782,0.0744003769176245,0.620674,96.3,0.6647
1938,1,1762.48,12899.36,0.125785,0.07439898864192908,0.520629,98.2,0.652
1939,1,1763.13,12896.56,0.213787,0.07439759877410523,0.559262,98.4,0.6502
1940,1,1763.78,12893.77,0.171228,0.07439620731421352,0.473685,98.4,0.6502
1941,1,1764.43,12890.98,0.220423,0.07439481426231462,0.513728,98.7,0.6484
1942,1,1765.08,12888.18,0.109418,0.07439341961846922,0.498861,98.6,0.6493
1943,1,1765.73,12885.38,0.157724,0.07439202338273815,0.610443,98.5,0.6494
1944,1,1766.38,12882.61,0.161022,0.07439062555518226,0.460983,98.1,0.6522
1945,1,1767.04,12879.85,0.144181,0.07438922613586249,0.485002,97.9,0.6539
1946,1,1767.69,12877.08,0.159438,0.07438782512483985,0.515503,98.1,0.6523
1947,1,1768.34,12874.29,0.121448,0.07438642252217538,0.513966,98.6,0.6492
1948,1,1768.99,12871.53,0.170592,0.07438501832793025,0.660422,98.2,0.6518
1949,1,1769.64,12868.74,0.152469,0.07438361254216566,0.528214,98.7,0.6487
1950,1,1770.3,12865.96,0.181597,0.0743822051649429,0.379674,98.5,0.6499
1951,1,1770.95,12863.22,0.204688,0.0743807961963233,0.507655,97.8,0.6541
1952,1,1771.6,12860.47,0.187152,0.0743793856363683,0.764627,98.0,0.6534
1953,1,1772.26,12857.76,0.168706,0.07437797348513936,0.434207,97.2,0.6582
1954,1,1772.92,12855.0,0.130931,0.07437655974269808,0.484854,98.3,0.651
1955,1,1773.57,12852.24,0.148881,0.07437514440910604,0.411944,98.3,0.6513
1956,1,1774.22,12849.49,0.169867,0.07437372748442497,0.57797,98.2,0.6516
1957,1,1774.87,12846.72,0.134914,0.07437230896871663,0.497027,98.7,0.6486
1958,1,1775.52,12843.95,0.178476,0.07437088886204284,0.48402,98.6,0.6493
1959,1,1776.17,12841.19,0.15868,0.0743694671644655,0.530194,98.6,0.6492
1960,1,1776.82,12838.46,0.182492,0.07436804387604662,0.455138,98.0,0.6533
1961,1,1777.48,12835.73,0.094214,0.07436661899684821,0.52377,98.5,0.6499
1962,1,1778.14,12833.04,0.144644,0.0743651925269324,0.648706,97.2,0.6584
1963,1,1778.79,12830.29,0.157277,0.07436376446636137,0.540714,98.5,0.6494
1964,1,1779.44,12827.54,0.22718,0.07436233481519734,0.457097,98.5,0.65
1965,1,1780.09,12824.78,0.104408,0.07436090357350267,0.310038,98.7,0.6484
1966,1,1780.74,12822.04,0.183792,0.07435947074133974,0.521754,98.4,0.6505
1967,1,1781.4,12819.35,0.194405,0.074358036318771,0.521865,97.4,0.6574
1968,1,1782.05,12816.61,0.191948,0.07435660030585897,0.453927,98.5,0.6495
1969,1,1782.7,12813.87,0.146909,0.07435516270266627,0.565472,98.5,0.6499
1970,1,1783.36,12811.25,0.132673,0.07435372350925556,0.445224,96.1,0.6662
1971,1,1784.02,12808.54,0.166735,0.07435228272568957,0.461664,98.2,0.6518
1972,1,1784.67,12805.83,0.157701,0.07435084035203111,0.59042,98.1,0.6525
1973,1,1785.32,12803.11,0.160216,0.07434939638834305,0.718885,98.1,0.6524
1974,1,1785.97,12800.38,0.140222,0.07434795083468834,0.551854,98.6,0.6492
1975,1,1786.63,12797.68,0.117856,0.07434650369113,0.621103,98.1,0.6526
1976,1,1787.28,12794.95,0.178007,0.0743450549577311,0.57938,98.6,0.6489
1977,1,1787.93,12792.25,0.099248,0.07434360463455479,0.41421,98.0,0.6528
1978,1,1788.58,12789.54,0.152882,0.0743421527216643,0.548661,98.4,0.6502
1979,1,1789.23,12786.81,0.150337,0.07434069921912295,0.777125,98.7,0.6483
1980,1,1789.88,12784.1,0.189804,0.07433924412699404,0.650971,98.4,0.6507
1981,1,1790.55,12781.53,0.157303,0.07433778744534102,0.423509,96.1,0.6663
1982,1,1791.22,12778.94,0.176907,0.0743363291742274,0.769347,96.1,0.6662
1983,1,1791.87,12776.22,0.164857,0.07433486931371676,0.507959,98.7,0.6487
1984,1,1792.52,12773.52,0.161812,0.07433340786387271,0.504852,98.3,0.6513
1985,1,1793.18,12770.87,0.149306,0.074331944824759,0.607175,97.4,0.6571
1986,1,1793.84,12768.24,0.138763,0.07433048019643934,0.98799,97.1,0.6593
1987,1,1794.49,12765.54,0.179892,0.07432901397897763,0.66192,98.6,0.6494
1988,1,1795.15,12762.87,0.13897,0.07432754617243775,0.410064,97.7,0.6548
1989,1,1795.8,12760.18,0.114313,0.0743260767768837,0.523011,98.5,0.6498
1990,1,1796.45,12757.5,0.112516,0.07432460579237954,0.371263,98.2,0.652
1991,1,1797.1,12754.82,0.156239,0.07432313321898938,0.484834,98.2,0.6518
1992,1,1797.76,12752.15,0.207792,0.07432165905677741,0.798436,98.1,0.6526
1993,1,1798.42,12749.55,0.158559,0.0743201833058079,0.531632,96.7,0.6617
1994,1,1799.07,12746.9,0.182212,0.07431870596614518,0.514831,97.7,0.6548
1995,1,1799.72,12744.21,0.145941,0.07431722703785364,0.686268,98.5,0.6497
1996,1,1800.38,12741.56,0.115716,0.07431574652099775,0.483018,97.9,0.6534
1997,1,1801.03,12738.91,0.190097,0.07431426441564205,0.554665,97.9,0.654
1998,1,1801.69,12736.29,0.175573,0.07431278072185114,0.463898,97.3,0.6576
1999,1,1802.35,12733.66,0.172816,0.07431129543968971,0.407776,97.5,0.6564
2000,1,1803.0,12730.99,0.127693,0.07430980856922251,0.558688,98.4,0.6505
2001,1,1803.7,12728.65,0.150836,0.07430832011051433,0.527675,96.8,0.6613
2002,1,1804.35,12726.0,0.161104,0.07430683006363006,0.801431,98.0,0.6529
2003,1,1805.01,12723.36,0.132977,0.07430533842863467,0.612683,97.8,0.6541
2004,1,1805.66,12720.74,0.153025,0.07430384520559317,0.592226,97.5,0.6563
2005,1,1806.31,12718.08,0.136755,0.07430235039457066,0.471339,98.5,0.65
2006,1,1806.97,12715.43,0.063055,0.07430085399563228,0.487159,98.2,0.6519
2007,1,1807.63,12712.83,0.22204,0.07429935600884328,0.765063,97.3,0.658
2008,1,1808.28,12710.18,0.139983,0.07429785643426896,0.514634,98.4,0.6507
2009,1,1808.93,12707.52,0.169839,0.07429635527197469,0.759857,98.5,0.6498
2010,1,1809.59,12704.97,0.154563,0.07429485252202589,0.655363,96.3,0.6646
2011,1,1810.24,12702.31,0.138543,0.07429334818448807,0.57169,98.6,0.6491
2012,1,1810.9,12699.68,0.11621,0.07429184225942682,0.436967,98.1,0.6522
2013,1,1811.55,12697.05,0.115158,0.07429033474690779,0.463413,98.1,0.6527
2014,1,1812.2,12694.43,0.171112,0.07428882564699667,0.909498,98.0,0.6528
2015,1,1812.86,12691.81,0.185404,0.07428731495975927,0.450061,97.9,0.6536
2016,1,1813.51,12689.17,0.190146,0.07428580268526142,0.538334,98.6,0.649
2017,1,1814.17,12686.62,0.127379,0.07428428882356905,0.569744,96.4,0.6636
2018,1,1814.82,12683.98,0.083263,0.07428277337474815,0.492682,98.5,0.6499
2019,1,1815.47,12681.34,0.219746,0.07428125633886479,0.637619,98.6,0.6491
2020,1,1816.13,12678.72,0.153084,0.07427973771598508,0.503592,98.2,0.6518
2021,1,1816.78,12676.14,0.154444,0.07427821750617523,0.604639,98.1,0.6524
2022,1,1817.44,12673.52,0.143909,0.07427669570950153,0.666553,98.2,0.6517
2023,1,1818.09,12670.89,0.177282,0.07427517232603029,0.461309,98.5,0.6495
2024,1,1818.74,12668.29,0.138391,0.07427364735582791,0.457009,97.8,0.6541
2025,1,1819.39,12665.68,0.16453,0.07427212079896088,0.382941,98.2,0.6518
2026,1,1820.04,12663.05,0.13355,0.07427059265549575,0.392413,98.6,0.6493
2027,1,1820.7,12660.47,0.135871,0.07426906292549913,0.523717,97.8,0.6545
2028,1,1821.35,12657.87,0.158471,0.07426753160903769,0.532886,98.1,0.6526
2029,1,1822.0,12655.25,0.179675,0.0742659987061782,0.402735,98.6,0.6494
2030,1,1822.66,12652.68,0.1341,0.07426446421698746,0.39356,97.4,0.6572
2031,1,1823.31,12650.07,0.161652,0.07426292814153237,0.539654,98.4,0.6503
2032,1,1823.96,12647.47,0.160087,0.0742613904798799,0.603098,98.4,0.6504
2033,1,1824.62,12644.86,0.093948,0.07425985123209708,0.452892,98.4,0.6504
2034,1,1825.28,12642.32,0.151721,0.07425831039825098,0.578701,97.0,0.6597
2035,1,1825.93,12639.72,0.107692,0.0742567679784088,0.503498,98.5,0.6499
2036,1,1826.58,12637.13,0.176054,0.07425522397263776,0.577499,98.2,0.6515
2037,1,1827.23,12634.55,0.11739,0.07425367838100518,0.507851,98.0,0.6531
2038,1,1827.88,12631.94,0.14347,0.07425213120357842,0.461058,98.8,0.6479
2039,1,1828.53,12629.34,0.121406,0.0742505824404249,0.422559,98.4,0.6502
2040,1,1829.19,12626.76,0.170506,0.07424903209161217,0.733063,98.1,0.6527
2041,1,1829.85,12624.23,0.136563,0.07424748015720779,0.606092,97.6,0.6558
2042,1,1830.5,12621.67,0.219597,0.07424592663727943,0.658701,97.9,0.654
2043,1,1831.17,12619.21,0.199332,0.0742443715318948,0.614104,95.8,0.668
2044,1,1831.82,12616.62,0.188169,0.07424281484112169,0.471993,98.5,0.6498
2045,1,1832.47,12614.03,0.186211,0.07424125656502796,0.577129,98.7,0.6484
2046,1,1833.12,12611.44,0.18399,0.07423969670368152,0.463725,98.5,0.65
2047,1,1833.77,12608.87,0.151183,0.07423813525715041,0.445417,98.3,0.6511
2048,1,1834.42,12606.29,0.15943,0.07423657222550266,0.419936,98.5,0.6501
2049,1,1835.08,12603.72,0.118582,0.0742350076088064,0.609659,98.2,0.6517
2050,1,1835.73,12601.16,0.151739,0.07423344140712984,0.395134,98.1,0.6522
2051,1,1836.38,12598.6,0.140208,0.07423187362054127,0.700162,98.2,0.6518
2052,1,1837.03,12596.03,0.179598,0.07423030424910901,0.402938,98.5,0.65
2053,1,1837.68,12593.46,0.190919,0.07422873329290149,0.512914,98.5,0.6499
2054,1,1838.33,12590.89,0.140589,0.07422716075198717,0.450798,98.5,0.65
2055,1,1839.0,12588.44,0.196216,0.07422558662643461,0.613788,96.0,0.667
2056,1,1839.66,12585.92,0.159641,0.07422401091631242,0.60195,97.4,0.6574
2057,1,1840.32,12583.42,0.157182,0.0742224336216893,0.397062,97.2,0.6583
2058,1,1840.98,12580.89,0.128718,0.07422085474263403,0.572844,97.7,0.6554
2059,1,1841.63,12578.37,0.118666,0.07421927427921537,0.480863,97.6,0.6559
2060,1,1842.28,12575.81,0.141016,0.07421769223150226,0.511613,98.6,0.649
2061,1,1842.94,12573.29,0.142092,0.07421610859956367,0.721876,98.4,0.6503
2062,1,1843.59,12570.73,0.204056,0.0742145233834686,0.62916,98.6,0.649
2063,1,1844.24,12568.19,0.164835,0.07421293658328619,0.378628,98.1,0.6526
2064,1,1844.89,12565.64,0.169683,0.07421134819908558,0.525386,98.6,0.6493
2065,1,1845.54,12563.11,0.152468,0.07420975823093602,0.471736,98.2,0.6518
2066,1,1846.2,12560.58,0.127597,0.07420816667890681,0.490737,97.9,0.6536
2067,1,1846.85,12558.07,0.184979,0.07420657354306735,0.668515,97.8,0.6546
2068,1,1847.5,12555.52,0.183526,0.07420497882348707,0.520911,98.5,0.6494
2069,1,1848.15,12552.98,0.190196,0.07420338252023549,0.461825,98.6,0.6494
2070,1,1848.81,12550.44,0.143676,0.07420178463338219,0.915944,98.4,0.6503
2071,1,1849.46,12547.9,0.135844,0.07420018516299683,0.371543,98.5,0.6497
2072,1,1850.11,12545.38,0.143502,0.07419858410914912,0.514521,98.1,0.6522
2073,1,1850.77,12542.89,0.142223,0.07419698147190887,0.512605,97.5,0.6567
2074,1,1851.42,12540.37,0.176022,0.07419537725134592,0.653137,98.3,0.6512
2075,1,1852.09,12537.96,0.132407,0.07419377144753023,0.566701,95.7,0.6685
2076,1,1852.74,12535.45,0.215353,0.07419216406053178,0.51513,98.2,0.6518
2077,1,1853.39,12532.94,0.177978,0.07419055509042063,0.54806,98.1,0.6523
2078,1,1854.04,12530.41,0.183783,0.07418894453726696,0.425836,98.4,0.6501
2079,1,1854.7,12527.95,0.151561,0.07418733240114092,0.493918,97.1,0.659
2080,1,1855.35,12525.42,0.187728,0.07418571868211281,0.658806,98.5,0.6496
2081,1,1856.02,12522.99,0.129582,0.07418410338025298,0.566664,97.0,0.6595
2082,1,1856.67,12520.49,0.140568,0.07418248649563185,0.465313,98.2,0.6517
2083,1,1857.32,12517.97,0.205596,0.07418086802831987,0.445597,98.5,0.6497
2084,1,1857.98,12515.48,0.124223,0.07417924797838762,0.543828,98.0,0.6533
2085,1,1858.63,12513.01,0.177745,0.0741776263459057,0.441005,97.6,0.6557
2086,1,1859.29,12510.52,0.15269,0.07417600313094483,0.578674,97.9,0.6538
2087,1,1860.0,12508.41,0.167827,0.07417437833357572,0.728781,90.3,0.7085
2088,1,1860.65,12505.92,0.17491,0.07417275195386924,0.508249,98.0,0.6528
2089,1,1861.39,12504.0,0.202993,0.07417112399189628,0.3924,86.8,0.7377
2090,1,1862.21,12502.62,0.133268,0.07416949444772777,0.682572,78.3,0.8169
2091,1,1862.88,12500.28,0.161787,0.07416786332143478,0.692509,95.1,0.6728
2092,1,1863.54,12497.81,0.095454,0.07416623061308841,0.500292,97.8,0.6546
2093,1,1864.19,12495.31,0.139735,0.07416459632275982,0.485666,98.5,0.6495
2094,1,1864.84,12492.84,0.153724,0.07416296045052026,0.666759,97.9,0.6539
2095,1,1865.5,12490.36,0.144299,0.07416132299644103,0.379235,98.0,0.6531
2096,1,1866.15,12487.89,0.175617,0.07415968396059351,0.622394,97.9,0.6536
2097,1,1866.8,12485.4,0.114423,0.07415804334304917,0.49076,98.5,0.6499
2098,1,1867.45,12482.92,0.160422,0.07415640114387947,0.502929,98.1,0.6522
2099,1,1868.12,12480.55,0.162206,0.07415475736315606,0.741528,95.9,0.6671
2100,1,1868.79,12478.19,0.203602,0.07415311200095055,0.797234,95.6,0.6696
2101,1,1888.98,12606.06,0.221657,0.0741514650573347,0.694279,94.5,0.6775
2102,1,1889.63,12603.53,0.149087,0.07414981653238029,0.546688,97.8,0.6543
2103,1,1890.28,12600.98,0.188111,0.07414816642615915,0.50056,98.3,0.6508
2104,1,1890.93,12598.43,0.123344,0.07414651473874326,0.524356,98.4,0.6504
2105,1,1891.6,12595.96,0.198804,0.07414486147020459,0.748472,96.7,0.6616
2106,1,1892.26,12593.5,0.166673,0.0741432066206152,0.700576,96.5,0.6629
2107,1,1892.93,12591.08,0.202816,0.07414155019004726,0.484154,96.0,0.6668
2108,1,1893.59,12588.57,0.157264,0.07413989217857295,0.502336,97.6,0.6559
2109,1,1894.24,12586.06,0.189673,0.07413823258626454,0.446422,97.9,0.6534
2110,1,1895.06,12584.64,0.173835,0.0741365714131944,0.44,78.1,0.8191
2111,1,1895.76,12582.42,0.154902,0.07413490865943492,0.512016,91.6,0.6988
2112,1,1896.42,12579.98,0.135914,0.07413324432505858,0.45464,96.6,0.6624
2113,1,1897.08,12577.5,0.132461,0.07413157841013794,0.448225,97.3,0.6581
2114,1,1897.76,12575.13,0.164837,0.07412991091474563,0.522034,95.0,0.6739
2115,1,1898.42,12572.64,0.216735,0.07412824183895433,0.511352,97.5,0.6567
2116,1,1899.1,12570.31,0.14064,0.07412657118283679,0.653544,94.1,0.68
2117,1,1899.77,12567.89,0.149915,0.07412489894646583,0.479561,96.2,0.665
2118,1,1900.42,12565.36,0.194006,0.07412322512991436,0.518577,98.6,0.6489
2119,1,1901.07,12562.84,0.106865,0.07412154973325535,0.415845,98.3,0.6508
2120,1,1901.72,12560.31,0.172825,0.07411987275656182,0.637088,98.5,0.6496
2121,1,1902.37,12557.8,0.156967,0.07411819419990687,0.722574,98.6,0.649
2122,1,1903.02,12555.28,0.170364,0.07411651406336367,0.910425,98.5,0.6496
2123,1,1903.67,12552.76,0.144762,0.07411483234700546,0.620297,98.6,0.6494
2124,1,1904.32,12550.23,0.183322,0.07411314905090556,0.731776,98.7,0.6487
2125,1,1904.97,12547.7,0.097449,0.07411146417513735,0.419872,98.7,0.6484
2126,1,1905.62,12545.21,0.182137,0.07410977771977426,0.51237,98.0,0.6531
2127,1,1906.28,12542.73,0.131773,0.07410808968488979,0.541783,97.7,0.6551
2128,1,1906.93,12540.23,0.162777,0.07410640007055755,0.71715,98.3,0.6509
2129,1,1907.58,12537.73,0.170748,0.07410470887685118,0.695727,98.3,0.6512
2130,1,1908.23,12535.22,0.193824,0.07410301610384443,0.450484,98.5,0.6497
2131,1,1908.89,12532.74,0.138036,0.07410132175161105,0.477162,97.7,0.6548
2132,1,1909.54,12530.24,0.194555,0.07409962582022492,0.597881,98.6,0.6493
2133,1,1910.19,12527.74,0.194631,0.07409792830975998,0.870285,98.5,0.6501
2134,1,1910.84,12525.24,0.168296,0.07409622922029019,0.514096,98.5,0.6498
2135,1,1911.49,12522.75,0.159889,0.07409452855188964,0.504894,98.1,0.6521
2136,1,1912.15,12520.31,0.154989,0.07409282630463247,0.559228,97.3,0.6578
2137,1,1912.8,12517.8,0.112668,0.07409112247859287,0.436745,98.7,0.6485
2138,1,1913.46,12515.38,0.166128,0.07408941707384512,0.654035,96.8,0.6614
2139,1,1914.13,12512.98,0.108502,0.07408771009046354,0.723973,96.4,0.6637
2140,1,1914.78,12510.5,0.185966,0.07408600152852257,0.949266,98.2,0.6518
2141,1,1915.43,12508.02,0.136812,0.07408429138809669,0.585236,98.8,0.648
2142,1,1916.09,12505.57,0.166043,0.0740825796692604,0.724796,97.7,0.655
2143,1,1916.74,12503.08,0.250762,0.07408086637208837,0.775922,98.7,0.6488
2144,1,1917.4,12500.65,0.199126,0.07407915149665525,0.557064,97.2,0.6583
2145,1,1918.05,12498.16,0.157121,0.07407743504303582,0.614289,98.6,0.6493
2146,1,1918.7,12495.68,0.155341,0.07407571701130489,0.595285,98.6,0.6494
2147,1,1919.35,12493.2,0.132116,0.07407399740153733,0.596066,98.5,0.6498
2148,1,1920.0,12490.72,0.216283,0.07407227621380814,0.839981,98.5,0.6498
2149,1,1920.65,12488.26,0.16407,0.07407055344819233,0.901905,98.4,0.6507
2150,1,1921.31,12485.81,0.193756,0.07406882910476499,0.64744,97.8,0.6542
2151,1,1921.96,12483.33,0.124421,0.0740671031836013,0.507225,98.8,0.6477
2152,1,1922.62,12480.92,0.161617,0.07406537568477647,0.346363,97.1,0.6592
2153,1,1923.26,12478.44,0.191746,0.07406364660836584,0.597212,98.7,0.6485
2154,1,1923.91,12475.96,0.149598,0.07406191595444477,0.644476,98.8,0.6477
2155,1,1924.56,12473.48,0.161842,0.07406018372308869,0.462436,98.8,0.6478
2156,1,1925.21,12471.01,0.160746,0.07405844991437312,0.334827,98.6,0.649
2157,1,1925.86,12468.54,0.183353,0.07405671452837363,0.551385,98.8,0.6479
2158,1,1926.51,12466.07,0.209846,0.07405497756516588,0.653841,98.8,0.648
2159,1,1927.16,12463.59,0.137704,0.07405323902482558,0.852162,98.9,0.6472
2160,1,1927.81,12461.13,0.139096,0.0740514989074285,0.496442,98.5,0.6495
2161,1,1928.46,12458.72,0.230666,0.07404975721305053,0.633867,97.8,0.6546
2162,1,1929.11,12456.26,0.156194,0.07404801394176755,0.649994,98.8,0.648
2163,1,1929.76,12453.79,0.173041,0.07404626909365558,0.517984,98.8,0.6479
2164,1,1930.41,12451.33,0.159618,0.07404452266879069,0.412737,98.8,0.6479
2165,1,1931.06,12448.87,0.177752,0.07404277466724897,0.52033,98.9,0.6474
2166,1,1931.71,12446.41,0.116785,0.07404102508910666,0.36599,98.8,0.6479
2167,1,1932.36,12443.94,0.160206,0.07403927393444,0.513754,98.9,0.6473
2168,1,1933.01,12441.49,0.183748,0.07403752120332534,0.747208,98.7,0.6486
2169,1,1933.66,12439.06,0.147213,0.07403576689583906,0.560504,98.3,0.651
2170,1,1934.31,12436.62,0.127134,0.07403401101205766,0.574842,98.6,0.6492
2171,1,1934.96,12434.21,0.166066,0.07403225355205766,0.755719,97.8,0.6542
2172,1,1935.61,12431.76,0.123937,0.07403049451591569,0.558541,98.8,0.6478
2173,1,1936.26,12429.31,0.119843,0.07402873390370841,0.515849,98.7,0.6483
2174,1,1936.91,12426.88,0.165901,0.07402697171551258,0.470734,98.3,0.6509
2175,1,1937.56,12424.44,0.211677,0.074025207951405,0.37532,98.7,0.6486
2176,1,1938.21,12422.02,0.159522,0.07402344261146258,0.510909,98.4,0.6505
2177,1,1938.86,12419.58,0.140037,0.07402167569576225,0.442768,98.6,0.6492
2178,1,1939.52,12417.19,0.126021,0.07401990720438105,0.376553,97.6,0.6559
2179,1,1940.17,12414.76,0.123227,0.07401813713739606,0.60325,98.7,0.6481
2180,1,1940.82,12412.34,0.123678,0.07401636549488444,0.902006,98.2,0.6515
2181,1,1941.47,12409.93,0.179014,0.07401459227692342,0.505868,98.8,0.6478
2182,1,1942.12,12407.5,0.152303,0.0740128174835903,0.434744,98.7,0.6485
2183,1,1942.77,12405.07,0.156375,0.07401104111496244,0.838809,98.7,0.6482
2184,1,1943.42,12402.67,0.156231,0.07400926317111729,0.705088,98.1,0.6524
2185,1,1944.08,12400.31,0.170841,0.07400748365213233,0.671779,97.3,0.658
2186,1,1944.73,12397.88,0.218265,0.07400570255808515,0.5165,98.7,0.6482
2187,1,1945.39,12395.54,0.1737,0.07400391988905337,0.458153,96.8,0.661
2188,1,1946.04,12393.12,0.156998,0.07400213564511472,0.606162,98.8,0.6478
2189,1,1946.69,12390.7,0.141616,0.07400034982634697,0.535066,98.7,0.6484
2190,1,1947.34,12388.3,0.136067,0.07399856243282797,0.50041,98.4,0.6503
2191,1,1948.0,12385.91,0.173548,0.07399677346463561,0.457989,97.9,0.6537
2192,1,1948.65,12383.5,0.132253,0.0739949829218479,0.534079,98.8,0.6479
2193,1,1949.29,12381.09,0.124512,0.07399319080454289,0.62677,98.7,0.6483
2194,1,1949.94,12378.68,0.157513,0.0739913971127987,0.46383,98.6,0.6493
2195,1,1950.59,12376.27,0.14643,0.0739896018466935,0.518879,98.7,0.6485
2196,1,1951.25,12373.89,0.103586,0.07398780500630557,0.402492,98.0,0.653
2197,1,1951.91,12371.59,0.170739,0.07398600659171324,0.476505,96.4,0.6642
2198,1,1952.56,12369.2,0.138177,0.07398420660299489,0.419172,98.3,0.651
2199,1,1953.22,12366.83,0.208391,0.07398240504022899,0.728495,98.0,0.6531
2200,1,1953.87,12364.44,0.147803,0.07398060190349406,0.565316,98.4,0.6505
2201,1,1954.59,12362.5,0.148156,0.07397879719286872,0.454723,97.1,0.6589
2202,1,1955.24,12360.13,0.189844,0.07397699090843164,0.634624,98.1,0.6521
2203,1,1955.9,12357.75,0.204743,0.07397518305026153,0.629698,98.2,0.6516
2204,1,1956.55,12355.4,0.194779,0.07397337361843724,0.679128,97.7,0.655
2205,1,1957.2,12353.01,0.203635,0.07397156261303761,0.660345,98.6,0.6494
2206,1,1957.85,12350.62,0.207822,0.07396975003414161,0.673915,98.7,0.6483
2207,1,1958.51,12348.26,0.174471,0.07396793588182822,0.467158,97.9,0.6534
2208,1,1959.17,12345.96,0.153376,0.07396612015617655,0.560387,96.7,0.6617
2209,1,1959.83,12343.64,0.126458,0.07396430285726574,0.593223,97.6,0.6559
2210,1,1960.48,12341.25,0.138272,0.073962483985175,0.530907,98.7,0.6486
2211,1,1961.13,12338.87,0.166379,0.07396066353998364,0.661359,98.6,0.6489
2212,1,1961.78,12336.49,0.171708,0.07395884152177098,0.571027,98.6,0.6488
2213,1,1962.43,12334.13,0.162505,0.07395701793061649,0.436842,98.2,0.6516
2214,1,1963.08,12331.78,0.194041,0.07395519276659963,0.578041,98.0,0.6528
2215,1,1963.73,12329.41,0.183891,0.07395336602979997,0.600625,98.6,0.6494
2216,1,1964.38,12327.03,0.162672,0.07395153772029714,0.546794,98.8,0.6481
2217,1,1965.04,12324.72,0.203108,0.07394970783817083,0.563657,97.4,0.6571
2218,1,1965.86,12323.39,0.113743,0.07394787638350084,0.308964,78.5,0.8152
2219,1,1966.53,12321.17,0.158135,0.07394604335636697,0.477139,95.1,0.6731
2220,1,1967.19,12318.88,0.157926,0.07394420875684912,0.633015,97.0,0.6598
2221,1,1967.85,12316.55,0.167017,0.0739423725850273,0.717552,98.4,0.6501
2222,1,1968.65,12315.15,0.123819,0.07394053484098151,0.592961,79.7,0.8028
2223,1,1969.35,12313.07,0.156855,0.07393869552479189,0.474487,92.2,0.6939
2224,1,1970.0,12310.73,0.159457,0.0739368546365386,0.639002,98.1,0.6522
2225,1,1970.66,12308.4,0.1114,0.07393501217630188,0.444601,97.8,0.6542
2226,1,1971.31,12306.04,0.203083,0.07393316814416208,0.502627,98.7,0.6487
2227,1,1971.96,12303.69,0.213034,0.07393132254019955,0.509388,98.6,0.649
2228,1,1972.62,12301.44,0.175705,0.07392947536449475,0.637821,96.1,0.6663
2229,1,1973.27,12299.09,0.085738,0.07392762661712822,0.62306,98.6,0.6493
2230,1,1973.92,12296.75,0.157189,0.07392577629818053,0.428148,98.3,0.6511
2231,1,1975.08,12297.58,0.232469,0.07392392440773234,0.514653,55.2,1.1595
2232,1,1975.74,12295.25,0.168643,0.07392207094586438,0.522367,98.2,0.652
2233,1,1976.4,12292.95,0.161065,0.07392021591265745,0.583147,97.5,0.6567
2234,1,1977.05,12290.62,0.128002,0.07391835930819239,0.472878,98.3,0.6514
2235,1,1977.7,12288.27,0.152457,0.07391650113255016,0.536997,98.6,0.6492
2236,1,1978.35,12285.95,0.168001,0.07391464138581175,0.691691,98.1,0.6526
2237,1,1979.02,12283.75,0.259049,0.07391278006805822,0.599814,95.2,0.6723
2238,1,1979.78,12282.04,0.161337,0.07391091717937072,0.504147,85.4,0.7497
2239,1,1980.43,12279.75,0.23856,0.07390905271983045,0.596382,97.5,0.6565
2240,1,1981.08,12277.41,0.156997,0.07390718668951869,0.604679,98.6,0.6491
2241,1,1981.74,12275.12,0.154981,0.07390531908851677,0.554567,98.1,0.6527
2242,1,1982.39,12272.79,0.20085,0.07390344991690612,0.759824,98.4,0.6504
2243,1,1983.1,12270.84,0.209629,0.0739015791747682,0.629105,89.9,0.7116
2244,1,1983.75,12268.51,0.193208,0.07389970686218456,0.657172,98.5,0.6494
2245,1,1984.41,12266.2,0.129697,0.07389783297923683,0.570371,98.1,0.6526
2246,1,1985.06,12263.9,0.210105,0.07389595752600668,0.427941,97.9,0.6537
2247,1,1985.72,12261.63,0.183627,0.07389408050257588,0.785461,97.2,0.6582
2248,1,1986.38,12259.33,0.174158,0.07389220190902625,0.456778,97.8,0.6544
2249,1,1987.03,12257.04,0.191382,0.07389032174543966,0.519786,97.8,0.6543
2250,1,1987.68,12254.72,0.121371,0.0738884400118981,0.772059,98.5,0.65
2251,1,1988.33,12252.4,0.184125,0.07388655670848357,0.853173,98.5,0.6499
2252,1,1988.98,12250.08,0.134753,0.07388467183527817,0.612311,98.6,0.6494
2253,1,1989.64,12247.8,0.219673,0.07388278539236406,0.612042,97.8,0.6543
2254,1,1990.29,12245.48,0.134971,0.0738808973798235,0.465749,98.7,0.6486
2255,1,1990.94,12243.16,0.131826,0.07387900779773879,0.49888,98.7,0.6483
2256,1,1991.59,12240.84,0.149679,0.07387711664619226,0.744471,98.7,0.6484
2257,1,1992.24,12238.56,0.186903,0.07387522392526638,0.44215,97.5,0.6561
2258,1,1992.89,12236.25,0.114175,0.07387332963504364,0.424213,98.6,0.6493
2259,1,1993.54,12233.94,0.137429,0.07387143377560662,0.431515,98.7,0.6482
2260,1,1994.19,12231.64,0.167197,0.07386953634703797,0.389091,98.4,0.6503
2261,1,1994.84,12229.34,0.139862,0.07386763734942038,0.440442,98.8,0.6479
2262,1,1995.5,12227.05,0.155625,0.07386573678283666,0.479278,98.3,0.6512
2263,1,1996.15,12224.74,0.163005,0.07386383464736963,0.604818,98.7,0.6486
2264,1,1996.8,12222.45,0.139358,0.07386193094310224,0.420337,98.4,0.6506
2265,1,1997.45,12220.15,0.164829,0.07386002567011744,0.585588,98.4,0.6504
2266,1,1998.11,12217.95,0.118846,0.0738581188284983,0.709203,96.1,0.6657
2267,1,1998.81,12215.96,0.124167,0.07385621041832795,0.640911,91.6,0.699
2268,1,1999.54,12214.13,0.192089,0.07385430043968956,0.726548,88.2,0.7257
2269,1,2000.22,12212.01,0.159901,0.0738523888926664,0.887108,94.6,0.6768
2270,1,2000.87,12209.74,0.139085,0.0738504757773418,0.521157,98.0,0.6533
2271,1,2001.53,12207.49,0.126777,0.07384856109379914,0.45418,97.4,0.657
2272,1,2002.18,12205.22,0.152912,0.0738466448421219,0.729969,98.2,0.6518
2273,1,2002.84,12202.98,0.180456,0.0738447270223936,0.661002,97.3,0.6575
2274,1,2003.49,12200.7,0.188461,0.07384280763469785,0.39285,98.4,0.6507
2275,1,2004.15,12198.43,0.137331,0.07384088667911831,0.446032,98.2,0.6516
2276,1,2004.8,12196.16,0.155197,0.07383896415573873,0.487815,98.2,0.6518
2277,1,2005.45,12193.9,0.174367,0.07383704006464292,0.626079,97.8,0.6544
2278,1,2006.12,12191.7,0.133168,0.07383511440591473,0.39356,96.6,0.6624
2279,1,2006.77,12189.44,0.168583,0.0738331871796381,0.526067,98.2,0.652
2280,1,2007.44,12187.27,0.162919,0.07383125838589706,0.430974,95.7,0.6685
2281,1,2008.09,12185.02,0.14552,0.0738293280247757,0.556209,98.5,0.6494
2282,1,2008.75,12182.75,0.14737,0.07382739609635812,0.59351,98.3,0.6512
2283,1,2009.43,12180.71,0.13123,0.07382546260072857,0.704163,93.1,0.6875
2284,1,2010.09,12178.44,0.206874,0.07382352753797133,0.538267,98.4,0.6504
2285,1,2010.74,12176.18,0.197022,0.07382159090817077,0.384472,98.2,0.6517
2286,1,2011.39,12173.92,0.161171,0.07381965271141126,0.882435,98.3,0.6508
2287,1,2012.05,12171.7,0.167252,0.07381771294777734,0.51673,97.3,0.6577
2288,1,2012.7,12169.44,0.090574,0.07381577161735355,0.617037,98.4,0.6503
2289,1,2013.35,12167.17,0.167148,0.07381382872022449,0.719087,98.7,0.6485
2290,1,2014.0,12164.91,0.14888,0.07381188425647488,0.887786,98.5,0.6499
2291,1,2014.65,12162.65,0.150658,0.07380993822618948,0.734919,98.3,0.6514
2292,1,2015.31,12160.42,0.156693,0.0738079906294531,0.504382,97.8,0.6543
2293,1,2015.96,12158.18,0.1821,0.07380604146635067,0.516712,98.1,0.6524
2294,1,2016.61,12155.94,0.136053,0.07380409073696714,0.629195,97.9,0.6539
2295,1,2017.26,12153.69,0.140311,0.07380213844138754,0.770251,98.6,0.6493
2296,1,2017.92,12151.46,0.184805,0.07380018457969699,0.635011,97.7,0.6551
2297,1,2018.57,12149.22,0.171587,0.07379822915198064,0.466918,98.3,0.6511
2298,1,2019.22,12146.97,0.162546,0.07379627215832373,0.760396,98.5,0.6498
2299,1,2019.88,12144.75,0.183097,0.07379431359881158,0.587889,97.6,0.6554
2300,1,2020.53,12142.51,0.120347,0.07379235347352957,0.348067,98.2,0.6514
2301,1,2021.19,12140.29,0.115463,0.07379039178256314,0.475828,98.4,0.6503
2302,1,2021.84,12138.05,0.203495,0.0737884285259978,0.564767,98.3,0.6509
2303,1,2022.49,12135.83,0.205293,0.07378646370391913,0.599113,97.9,0.6538
2304,1,2023.14,12133.59,0.211106,0.07378449731641279,0.589331,98.4,0.6501
2305,1,2023.79,12131.35,0.148342,0.07378252936356447,0.800739,98.3,0.6511
2306,1,2024.45,12129.13,0.152729,0.07378055984545998,0.471281,98.1,0.6521
2307,1,2025.11,12126.93,0.120605,0.07377858876218517,0.350016,97.4,0.657
2308,1,2025.76,12124.7,0.15888,0.07377661611382595,0.467542,98.4,0.6503
2309,1,2026.41,12122.47,0.113833,0.07377464190046833,0.578649,98.2,0.6515
2310,1,2027.06,12120.23,0.163331,0.07377266612219835,0.429477,98.7,0.6485
2311,1,2027.71,12118.03,0.165304,0.07377068877910216,0.601474,97.8,0.6547
2312,1,2028.38,12115.86,0.125856,0.07376870987126592,0.610629,96.9,0.6606
2313,1,2029.03,12113.66,0.11973,0.07376672939877592,0.421877,97.7,0.6551
2314,1,2029.68,12111.43,0.220761,0.0737647473617185,0.68205,98.5,0.6495
2315,1,2030.33,12109.2,0.157953,0.07376276376018003,0.348808,98.5,0.6495
2316,1,2030.98,12106.97,0.224003,0.073760778594247,0.760245,98.5,0.6499
2317,1,2031.63,12104.75,0.199918,0.07375879186400593,0.453006,98.5,0.65
2318,1,2032.28,12102.53,0.133426,0.07375680356954344,0.480105,98.4,0.6504
2319,1,2032.94,12100.34,0.107909,0.07375481371094618,0.557468,97.6,0.656
2320,1,2033.6,12098.15,0.132817,0.07375282228830092,0.554718,97.8,0.6541
2321,1,2034.26,12096.03,0.192519,0.07375082930169445,0.559361,96.8,0.6611
2322,1,2034.92,12093.84,0.180447,0.07374883475121366,0.414334,97.7,0.6548
2323,1,2035.57,12091.65,0.162493,0.07374683863694548,0.418211,98.0,0.653
2324,1,2036.23,12089.44,0.185619,0.07374484095897693,0.490912,98.2,0.6515
2325,1,2036.88,12087.27,0.165068,0.07374284171739508,0.625773,97.3,0.6575
2326,1,2037.54,12085.1,0.187448,0.07374084091228711,0.644618,97.3,0.658
2327,1,2038.2,12082.92,0.191781,0.0737388385437402,0.898594,97.8,0.6543
2328,1,2038.85,12080.71,0.172179,0.07373683461184166,0.50381,98.3,0.6508
2329,1,2039.51,12078.58,0.121341,0.07373482911667883,0.642824,96.6,0.6623
2330,1,2040.17,12076.42,0.204653,0.07373282205833916,0.715647,97.2,0.6585
2331,1,2040.84,12074.29,0.128939,0.0737308134369101,0.690309,96.7,0.6616
2332,1,2041.51,12072.2,0.224964,0.07372880325247923,0.491087,95.7,0.669
2333,1,2042.16,12070.0,0.194217,0.07372679150513418,0.583981,98.3,0.6512
2334,1,2042.81,12067.83,0.166773,0.07372477819496265,0.556091,97.6,0.6558
2335,1,2043.48,12065.69,0.156917,0.07372276332205238,0.734109,97.0,0.6598
2336,1,2044.13,12063.52,0.158136,0.07372074688649122,0.79844,97.8,0.6543
2337,1,2044.79,12061.38,0.190241,0.07371872888836706,0.577366,96.9,0.6603
2338,1,2045.45,12059.23,0.162365,0.07371670932776786,0.439991,97.2,0.6582
2339,1,2046.12,12057.13,0.118104,0.07371468820478166,0.447035,96.3,0.6643
2340,1,2046.78,12055.03,0.091055,0.07371266551949658,0.367321,96.1,0.6661
2341,1,2047.64,12054.02,0.12634,0.07371064127200078,0.531531,75.5,0.8474
2342,1,2048.32,12052.02,0.107883,0.07370861546238251,0.392917,93.8,0.6825
2343,1,2048.99,12049.95,0.169064,0.07370658809073005,0.87863,95.7,0.6688
2344,1,2049.67,12047.95,0.208375,0.0737045591571318,0.602379,93.9,0.6817
2345,1,2050.33,12045.81,0.113263,0.0737025286616762,0.660532,97.2,0.6581
2346,1,2051.04,12043.98,0.174099,0.07370049660445176,0.695836,90.1,0.7103
2347,1,2051.76,12042.16,0.152329,0.07369846298554705,0.712802,89.8,0.7128
2348,1,2052.45,12040.22,0.227553,0.07369642780505073,1.312078,92.6,0.6912
2349,1,2053.16,12038.37,0.154984,0.07369439106305152,0.99466,90.7,0.706
2350,1,2053.86,12036.51,0.202676,0.07369235275963819,0.494327,91.0,0.7035
2351,1,2054.56,12034.63,0.18979,0.07369031289489959,0.905583,91.2,0.7015
2352,1,2055.26,12032.72,0.167052,0.07368827146892468,0.892709,92.1,0.6951
2353,1,2055.94,12030.69,0.146066,0.07368622848180238,0.404519,95.0,0.6738
2354,1,2056.66,12028.92,0.196407,0.07368418393362182,0.51434,88.9,0.7196
2355,1,2057.47,12027.69,0.175079,0.07368213782447207,0.684017,79.2,0.8077
2356,1,2058.57,12028.16,0.150319,0.07368009015444234,0.402836,58.0,1.1025
2357,1,2059.3,12026.41,0.112459,0.0736780409236219,0.554689,88.5,0.7228
2358,1,2060.51,12027.53,0.191896,0.07367599013210008,0.600043,52.8,1.2121
2359,1,2061.2,12025.56,0.145101,0.07367393777996625,0.546936,94.0,0.6811
2360,1,2062.06,12024.62,0.195956,0.0736718838673099,0.566392,74.7,0.8569
2361,1,2062.78,12022.86,0.165114,0.07366982839422055,0.419482,89.6,0.7139
2362,1,2063.47,12020.88,0.124578,0.07366777136078781,0.544165,93.9,0.6812
2363,1,2064.15,12018.88,0.194725,0.07366571276710135,0.54189,94.3,0.6785
2364,1,2064.8,12016.72,0.189882,0.0736636526132509,0.56529,98.0,0.653
2365,1,2065.46,12014.59,0.171882,0.07366159089932628,0.486902,97.6,0.6555
2366,1,2066.12,12012.47,0.199124,0.07365952762541733,0.397677,97.4,0.6573
2367,1,2066.77,12010.32,0.194661,0.07365746279161402,0.443173,98.2,0.6515
2368,1,2067.44,12008.27,0.185082,0.07365539639800635,0.797565,95.6,0.6698
2369,1,2068.1,12006.13,0.202729,0.07365332844468439,0.903909,97.8,0.6543
2370,1,2068.75,12003.99,0.180945,0.0736512589317383,0.76109,97.9,0.6537
2371,1,2069.43,12002.02,0.176176,0.07364918785925828,0.4569,93.6,0.6836
2372,1,2070.09,11999.92,0.163324,0.07364711522733461,0.84832,97.0,0.6597
2373,1,2070.76,11997.82,0.186314,0.07364504103605765,0.614964,96.9,0.6605
2374,1,2071.42,11995.71,0.164918,0.07364296528551781,0.457559,97.3,0.6574
2375,1,2072.09,11993.67,0.135035,0.07364088797580556,0.546746,95.6,0.6693
2376,1,2072.74,11991.54,0.144921,0.07363880910701148,0.772127,97.9,0.6539
2377,1,2073.4,11989.43,0.144199,0.07363672867922617,0.569338,97.4,0.6569
2378,1,2074.06,11987.33,0.141002,0.07363464669254033,0.489903,97.0,0.6597
2379,1,2074.73,11985.27,0.159929,0.07363256314704471,0.588245,96.2,0.6654
2380,1,2075.39,11983.18,0.146812,0.07363047804283013,0.439535,97.0,0.66
2381,1,2076.05,11981.12,0.200702,0.07362839137998749,0.593283,96.9,0.6605
2382,1,2076.71,11979.02,0.156289,0.07362630315860776,0.634919,97.3,0.6578
2383,1,2077.38,11976.96,0.209509,0.07362421337878196,0.720271,96.3,0.6646
2384,1,2078.04,11974.89,0.193649,0.07362212204060117,0.591922,96.5,0.6629
2385,1,2078.7,11972.8,0.185709,0.07362002914415659,0.701514,97.0,0.6599
2386,1,2079.36,11970.7,0.183674,0.07361793468953942,0.517423,97.2,0.6583
2387,1,2080.02,11968.61,0.147413,0.07361583867684098,0.543037,97.2,0.6585
2388,1,2080.68,11966.53,0.170626,0.07361374110615261,0.88384,96.9,0.6606
2389,1,2081.34,11964.46,0.156056,0.07361164197756578,0.910902,96.8,0.6614
2390,1,2082.01,11962.4,0.165868,0.07360954129117198,0.476147,96.4,0.664
2391,1,2082.67,11960.3,0.215263,0.07360743904706277,0.491257,97.5,0.6565
2392,1,2083.32,11958.18,0.201797,0.07360533524532979,0.594169,98.2,0.652
2393,1,2083.97,11956.08,0.148335,0.07360322988606477,0.622973,97.7,0.6551
2394,1,2084.64,11954.01,0.17075,0.07360112296935947,0.486089,96.8,0.6614
2395,1,2085.3,11951.93,0.168148,0.07359901449530575,0.728422,97.1,0.6589
2396,1,2085.97,11949.94,0.131154,0.0735969044639955,0.757704,95.0,0.6739
2397,1,2086.63,11947.86,0.124942,0.07359479287552069,0.552354,97.1,0.6591
2398,1,2087.28,11945.73,0.245461,0.0735926797299734,0.539287,98.4,0.6504
2399,1,2087.94,11943.64,0.166895,0.07359056502744571,0.505604,97.7,0.655
2400,1,2088.59,11941.53,0.195298,0.07358844876802983,0.621802,98.0,0.6531
2401,1,2160.63,12347.35,0.162445,0.073586330951818,0.494077,98.7,0.6481
2402,1,2161.28,12345.02,0.136664,0.07358421157890255,0.687106,98.7,0.6481
2403,1,2161.94,12342.74,0.166217,0.07358209064937585,0.814834,97.4,0.6573
2404,1,2162.59,12340.42,0.169692,0.07357996816333036,0.506569,98.4,0.6504
2405,1,2163.24,12338.11,0.094865,0.0735778441208586,0.520319,98.2,0.6516
2406,1,2163.9,12335.85,0.125319,0.07357571852205315,0.543104,96.9,0.6602
2407,1,2164.56,12333.58,0.190547,0.0735735913670067,0.493814,97.4,0.657
2408,1,2165.22,12331.31,0.143012,0.07357146265581194,0.532086,97.1,0.659
2409,1,2165.87,12329.03,0.174617,0.07356933238856166,0.405186,97.7,0.6549
2410,1,2166.53,12326.75,0.175489,0.07356720056534877,0.421404,97.7,0.6553
2411,1,2167.2,12324.57,0.211488,0.07356506718626615,1.219007,95.1,0.6729
2412,1,2167.86,12322.3,0.16001,0.07356293225140681,0.907473,97.4,0.657
2413,1,2168.52,12320.02,0.179336,0.07356079576086383,0.613508,97.8,0.6541
2414,1,2169.17,12317.72,0.165577,0.07355865771473032,1.093722,98.3,0.651
2415,1,2169.83,12315.45,0.144741,0.0735565181130995,0.347416,97.4,0.657
2416,1,2170.48,12313.16,0.194853,0.07355437695606462,0.755012,98.2,0.6516
2417,1,2171.13,12310.87,0.161939,0.07355223424371903,0.847884,98.0,0.653
2418,1,2171.79,12308.6,0.119973,0.07355008997615614,0.575421,97.8,0.6541
2419,1,2172.45,12306.35,0.201116,0.07354794415346941,1.031145,97.0,0.6599
2420,1,2173.1,12304.07,0.184585,0.07354579677575238,0.735769,98.1,0.6527
2421,1,2173.77,12301.85,0.177208,0.07354364784309864,0.500945,97.2,0.6584
2422,1,2174.43,12299.6,0.132137,0.07354149735560188,0.414662,97.2,0.6584
2423,1,2175.09,12297.36,0.137146,0.07353934531335586,0.412669,97.0,0.6596
2424,1,2175.74,12295.09,0.142524,0.07353719171645437,0.840074,97.8,0.6542
2425,1,2176.39,12292.81,0.157967,0.07353503656499129,0.688822,98.2,0.6518
2426,1,2177.05,12290.55,0.206935,0.07353287985906057,0.533003,97.8,0.6544
2427,1,2177.71,12288.3,0.165053,0.07353072159875622,0.670702,97.3,0.6579
2428,1,2178.37,12286.08,0.16976,0.07352856178417232,0.713942,96.9,0.6605
2429,1,2179.02,12283.81,0.202667,0.07352640041540302,0.8028,98.0,0.653
2430,1,2179.69,12281.59,0.169468,0.07352423749254255,0.892129,96.7,0.6619
2431,1,2180.35,12279.37,0.103014,0.07352207301568518,0.418607,96.7,0.662
2432,1,2181.01,12277.14,0.161585,0.07351990698492528,1.329604,97.2,0.6586
2433,1,2181.67,12274.93,0.1977,0.07351773940035723,1.071388,96.7,0.6621
2434,1,2182.33,12272.67,0.141203,0.07351557026207557,0.881041,98.0,0.6528
2435,1,2182.98,12270.4,0.188963,0.07351339957017482,0.493912,98.1,0.6521
2436,1,2183.63,12268.16,0.208893,0.07351122732474961,0.543751,97.6,0.6559
2437,1,2184.29,12265.89,0.155733,0.07350905352589464,0.525306,98.2,0.6518
2438,1,2184.96,12263.73,0.192969,0.07350687817370466,0.825887,95.6,0.6695
2439,1,2185.61,12261.47,0.170301,0.0735047012682745,0.648749,98.2,0.6517
2440,1,2186.26,12259.2,0.186867,0.07350252280969906,0.806908,98.3,0.651
2441,1,2186.92,12256.97,0.216047,0.07350034279807328,0.66162,98.0,0.653
2442,1,2187.58,12254.73,0.195703,0.07349816123349222,0.523733,97.6,0.6557
2443,1,2188.23,12252.46,0.141819,0.07349597811605096,0.316953,98.5,0.65
2444,1,2188.88,12250.19,0.2077,0.07349379344584467,0.67236,98.7,0.6486
2445,1,2189.53,12247.92,0.205481,0.07349160722296857,0.650931,98.5,0.6497
2446,1,2190.18,12245.67,0.213157,0.073489419447518,0.466964,98.1,0.6526
2447,1,2190.84,12243.47,0.158892,0.07348723011958827,0.379224,96.9,0.6606
2448,1,2191.5,12241.24,0.11465,0.07348503923927485,0.407978,97.7,0.655
2449,1,2192.15,12238.98,0.147757,0.07348284680667323,0.544165,98.3,0.6514
2450,1,2192.8,12236.72,0.273361,0.07348065282187899,0.637933,98.5,0.6495
2451,1,2193.46,12234.53,0.229045,0.07347845728498777,0.97558,96.6,0.6623
2452,1,2194.12,12232.3,0.182379,0.07347626019609525,0.402122,97.8,0.6547
2453,1,2194.78,12230.12,0.161982,0.07347406155529726,0.500244,96.6,0.6625
2454,1,2195.44,12227.88,0.143398,0.0734718613626896,0.552158,98.0,0.653
2455,1,2196.09,12225.64,0.159228,0.0734696596183682,0.472363,98.1,0.6521
2456,1,2196.74,12223.39,0.18226,0.073467456322429,0.792477,98.5,0.6496
2457,1,2197.39,12221.16,0.219438,0.07346525147496807,0.440648,98.0,0.6532
2458,1,2198.04,12218.9,0.17125,0.07346304507608153,0.478318,98.8,0.6475
2459,1,2198.69,12216.65,0.148442,0.07346083712586557,0.534922,98.6,0.6493
2460,1,2199.34,12214.4,0.14776,0.0734586276244164,0.500637,98.3,0.6508
2461,1,2200.0,12212.17,0.147472,0.07345641657183037,0.706304,98.6,0.6489
2462,1,2200.65,12209.95,0.193295,0.07345420396820383,1.020469,98.0,0.6533
2463,1,2201.3,12207.7,0.150568,0.07345198981363325,0.422987,98.7,0.6487
2464,1,2201.96,12205.49,0.156163,0.07344977410821515,0.693019,97.6,0.6558
2465,1,2202.61,12203.25,0.123787,0.07344755685204611,0.532909,98.7,0.6488
2466,1,2203.26,12201.04,0.136779,0.07344533804522278,0.412198,97.7,0.6549
2467,1,2203.91,12198.8,0.148188,0.0734431176878419,0.641511,98.5,0.6495
2468,1,2204.56,12196.56,0.159919,0.07344089578000022,0.468758,98.4,0.6501
2469,1,2205.22,12194.37,0.159057,0.07343867232179463,0.733809,97.5,0.6564
2470,1,2205.87,12192.12,0.202852,0.07343644731332204,0.75656,98.7,0.6482
2471,1,2206.52,12189.88,0.20454,0.07343422075467942,0.709704,98.7,0.6483
2472,1,2207.17,12187.64,0.149059,0.07343199264596387,0.492526,98.9,0.6474
2473,1,2207.82,12185.4,0.164483,0.0734297629872725,0.526997,98.7,0.6487
2474,1,2208.48,12183.22,0.231145,0.0734275317787025,0.639238,97.3,0.658
2475,1,2209.13,12181.0,0.145783,0.07342529902035114,0.551825,98.3,0.651
2476,1,2209.78,12178.76,0.142512,0.07342306471231573,0.385994,98.8,0.648
2477,1,2210.43,12176.56,0.132915,0.07342082885469368,0.555287,97.9,0.6537
2478,1,2211.08,12174.32,0.16537,0.07341859144758246,0.528647,98.9,0.6472
2479,1,2211.73,12172.12,0.212576,0.07341635249107958,0.53595,97.9,0.6537
2480,1,2212.38,12169.88,0.174236,0.07341411198528267,0.467312,98.8,0.6476
2481,1,2213.04,12167.7,0.162146,0.07341186993028936,0.608089,98.0,0.6528
2482,1,2213.69,12165.47,0.13241,0.07340962632619742,0.478842,98.7,0.6482
2483,1,2214.34,12163.25,0.141185,0.07340738117310462,0.505109,98.7,0.6483
2484,1,2214.99,12161.03,0.107762,0.07340513447110886,0.473248,98.6,0.6493
2485,1,2215.64,12158.8,0.160418,0.07340288622030805,0.995105,98.8,0.6481
2486,1,2216.29,12156.58,0.184005,0.0734006364208002,1.051343,98.7,0.6483
2487,1,2216.93,12154.36,0.175278,0.0733983850726834,1.134867,98.8,0.6481
2488,1,2217.59,12152.16,0.197496,0.07339613217605578,0.987399,98.1,0.6521
2489,1,2218.24,12149.97,0.209068,0.07339387773101554,1.081614,97.8,0.6541
2490,1,2218.89,12147.76,0.148494,0.07339162173766095,0.76888,98.7,0.6481
2491,1,2219.54,12145.54,0.105787,0.07338936419609036,0.434045,98.7,0.6487
2492,1,2220.19,12143.33,0.11624,0.07338710510640217,0.383577,98.7,0.6481
2493,1,2220.84,12141.12,0.143904,0.07338484446869488,0.706844,98.7,0.6484
2494,1,2221.49,12138.9,0.219129,0.073382582283067,1.736759,98.7,0.6483
2495,1,2222.14,12136.71,0.208564,0.07338031854961717,0.818043,98.3,0.6511
2496,1,2222.79,12134.5,0.206525,0.07337805326844406,0.636783,98.6,0.6493
2497,1,2223.44,12132.29,0.20057,0.07337578643964641,0.578027,98.7,0.6481
2498,1,2224.09,12130.1,0.189281,0.07337351806332305,0.468258,98.5,0.65
2499,1,2224.74,12127.89,0.104717,0.07337124813957284,0.329494,98.9,0.647
2500,1,2225.39,12125.69,0.176982,0.07336897666849475,0.357045,98.5,0.6496
2501,1,2226.04,12123.51,0.173682,0.07336670365018777,0.45718,98.6,0.6494
2502,1,2226.69,12121.33,0.130198,0.073364429084751,0.386037,98.0,0.6534
2503,1,2227.35,12119.17,0.210731,0.0733621529722836,0.428335,97.6,0.6556
2504,1,2228.0,12116.98,0.15714,0.07335987531288479,0.447877,98.7,0.6484
2505,1,2228.65,12114.78,0.178794,0.07335759610665385,0.364456,98.7,0.6487
2506,1,2229.3,12112.58,0.151499,0.07335531535369012,0.567031,98.7,0.6487
2507,1,2229.95,12110.4,0.196392,0.07335303305409303,0.476939,98.5,0.6495
2508,1,2230.6,12108.2,0.203625,0.07335074920796207,0.889986,98.7,0.6486
2509,1,2231.25,12106.02,0.140592,0.0733484638153968,0.531415,98.6,0.6494
2510,1,2231.9,12103.83,0.158706,0.07334617687649683,0.425027,98.4,0.6503
2511,1,2232.55,12101.65,0.172116,0.07334388839136187,0.487156,98.5,0.6497
2512,1,2233.2,12099.48,0.153954,0.07334159836009166,0.478749,98.2,0.6516
2513,1,2233.85,12097.29,0.148362,0.07333930678278602,0.629817,98.7,0.6485
2514,1,2234.51,12095.14,0.081461,0.07333701365954487,0.465217,97.7,0.6548
2515,1,2235.16,12092.96,0.170308,0.07333471899046816,0.458051,98.5,0.6494
2516,1,2235.85,12091.01,0.264935,0.07333242277565591,0.930275,92.6,0.6913
2517,1,2236.5,12088.83,0.181669,0.07333012501520822,0.610039,98.5,0.6494
2518,1,2237.15,12086.66,0.15897,0.07332782570922525,0.465288,98.3,0.6514
2519,1,2237.8,12084.49,0.148494,0.07332552485780723,0.460184,98.4,0.6501
2520,1,2238.46,12082.33,0.17106,0.07332322246105447,0.40921,98.2,0.6519
2521,1,2239.11,12080.19,0.106428,0.0733209185190673,0.473056,98.5,0.6496
2522,1,2239.76,12078.03,0.179112,0.07331861303194619,0.463309,98.1,0.6523
2523,1,2240.41,12075.86,0.140713,0.07331630599979161,0.64277,98.6,0.649
2524,1,2241.06,12073.68,0.214332,0.07331399742270414,0.613013,98.6,0.6491
2525,1,2241.72,12071.55,0.166634,0.07331168730078441,0.481044,97.7,0.6552
2526,1,2242.37,12069.38,0.198005,0.07330937563413314,0.654911,98.6,0.649
2527,1,2243.03,12067.25,0.147715,0.0733070624228511,0.566852,97.5,0.6561
2528,1,2243.68,12065.12,0.201558,0.07330474766703908,0.568554,97.4,0.6568
2529,1,2244.33,12062.96,0.202886,0.07330243136679801,0.704988,98.6,0.649
2530,1,2244.99,12060.85,0.158263,0.07330011352222887,0.5771,97.0,0.6598
2531,1,2245.65,12058.71,0.183343,0.0732977941334327,0.53104,98.0,0.6528
2532,1,2246.3,12056.55,0.189849,0.0732954732005106,0.551582,98.6,0.6493
2533,1,2246.95,12054.39,0.136156,0.07329315072356372,0.378455,98.6,0.6493
2534,1,2247.6,12052.24,0.186493,0.07329082670269334,0.558276,98.4,0.6504
2535,1,2248.25,12050.08,0.183711,0.07328850113800073,0.495483,98.6,0.649
2536,1,2248.9,12047.95,0.169566,0.07328617402958729,0.599957,97.9,0.6537
2537,1,2249.56,12045.81,0.205182,0.07328384537755445,0.410609,98.3,0.6508
2538,1,2250.21,12043.66,0.161256,0.07328151518200371,0.404106,98.2,0.6516
2539,1,2250.86,12041.51,0.146771,0.07327918344303667,0.571445,98.6,0.6492
2540,1,2251.51,12039.36,0.095625,0.07327685016075496,0.573828,98.5,0.6497
2541,1,2252.16,12037.23,0.175581,0.07327451533526028,0.518656,98.6,0.6492
2542,1,2252.81,12035.1,0.145694,0.07327217896665443,0.465064,98.1,0.6525
2543,1,2253.47,12032.96,0.148918,0.07326984105503924,0.463048,98.3,0.6508
2544,1,2254.12,12030.82,0.206125,0.07326750160051664,0.602707,98.4,0.6502
2545,1,2254.77,12028.7,0.141715,0.07326516060318859,1.132813,97.9,0.6537
2546,1,2255.42,12026.56,0.189556,0.07326281806315714,0.605873,98.4,0.6507
2547,1,2256.07,12024.42,0.206676,0.07326047398052442,0.500754,98.4,0.6507
2548,1,2256.73,12022.3,0.20008,0.0732581283553926,0.63498,98.1,0.6522
2549,1,2257.38,12020.16,0.154545,0.07325578118786392,0.53592,98.5,0.6497
2550,1,2258.03,12018.02,0.17844,0.07325343247804071,0.500622,98.5,0.6496
2551,1,2258.68,12015.89,0.105041,0.07325108222602535,0.32769,98.4,0.6506
2552,1,2259.33,12013.76,0.179132,0.07324873043192028,0.476009,98.4,0.6502
2553,1,2259.99,12011.66,0.179241,0.07324637709582804,0.446418,97.7,0.655
2554,1,2260.64,12009.55,0.116167,0.07324402221785119,0.813736,97.9,0.6539
2555,1,2261.29,12007.41,0.207566,0.07324166579809241,0.405567,98.5,0.6496
2556,1,2261.94,12005.29,0.16592,0.07323930783665439,0.658631,98.3,0.6508
2557,1,2262.6,12003.19,0.168524,0.07323694833363993,0.395916,97.8,0.6543
2558,1,2263.26,12001.09,0.152718,0.07323458728915189,0.441266,97.5,0.6562
2559,1,2263.91,11998.97,0.117593,0.07323222470329319,0.478618,98.5,0.6499
2560,1,2264.56,11996.86,0.137104,0.07322986057616682,0.436053,97.9,0.6536
2561,1,2265.22,11994.8,0.183656,0.0732274949078758,0.714431,97.5,0.6566
2562,1,2265.87,11992.68,0.136761,0.0732251276985233,0.419841,98.3,0.6508
2563,1,2266.53,11990.58,0.137281,0.0732227589482125,0.78563,97.9,0.6541
2564,1,2267.18,11988.46,0.180033,0.07322038865704662,1.046673,98.4,0.6501
2565,1,2267.83,11986.36,0.234159,0.07321801682512905,0.604681,97.9,0.6535
2566,1,2268.5,11984.34,0.192079,0.07321564345256311,0.810786,95.8,0.668
2567,1,2269.15,11982.23,0.192675,0.0732132685394523,0.634623,98.3,0.6508
2568,1,2269.81,11980.13,0.186296,0.07321089208590015,0.522892,98.0,0.6533
2569,1,2270.46,11978.03,0.16267,0.07320851409201022,0.532506,98.2,0.6519
2570,1,2271.11,11975.93,0.163717,0.0732061345578862,0.678203,98.2,0.652
2571,1,2271.77,11973.86,0.170872,0.07320375348363181,0.620407,97.3,0.6579
2572,1,2272.43,11971.76,0.201021,0.07320137086935084,0.642999,98.0,0.6529
2573,1,2273.08,11969.67,0.170484,0.07319898671514716,1.265925,98.0,0.6532
2574,1,2273.73,11967.56,0.210162,0.07319660102112469,0.69481,98.3,0.6508
2575,1,2274.39,11965.51,0.128554,0.07319421378738743,0.573411,97.1,0.6591
2576,1,2275.04,11963.41,0.185125,0.07319182501403942,0.846987,98.0,0.6529
2577,1,2275.7,11961.34,0.227543,0.07318943470118483,1.366808,97.6,0.6556
2578,1,2276.36,11959.25,0.199378,0.07318704284892782,0.593982,98.0,0.6533
2579,1,2277.01,11957.15,0.14399,0.07318464945737269,0.721133,98.5,0.6499
2580,1,2277.66,11955.07,0.129869,0.07318225452662373,0.489825,97.9,0.6538
2581,1,2278.32,11953.0,0.148115,0.07317985805678537,0.449046,98.0,0.6532
2582,1,2278.97,11950.9,0.181805,0.07317746004796206,0.598795,98.5,0.6495
2583,1,2279.62,11948.81,0.151519,0.07317506050025833,0.525923,98.4,0.6504
2584,1,2280.28,11946.74,0.178482,0.0731726594137788,0.583514,97.7,0.6548
2585,1,2280.93,11944.66,0.136453,0.07317025678862811,0.428485,98.1,0.6527
2586,1,2281.6,11942.67,0.120421,0.07316785262491102,0.472868,95.4,0.6708
2587,1,2282.4,11941.37,0.200174,0.0731654469227323,0.714272,79.9,0.8005
2588,1,2283.21,11940.1,0.189281,0.07316303968219684,0.947407,79.4,0.8064
2589,1,2284.07,11939.12,0.223414,0.07316063090340956,1.069068,74.2,0.862
2590,1,2284.73,11937.03,0.163293,0.07315822058647549,0.402255,98.5,0.6499
2591,1,2285.39,11934.99,0.173409,0.07315580873149966,0.61629,97.1,0.6594
2592,1,2286.04,11932.92,0.166991,0.07315339533858724,0.579169,97.9,0.6536
2593,1,2286.69,11930.85,0.15627,0.07315098040784342,0.423207,97.9,0.6539
2594,1,2287.46,11929.38,0.176692,0.07314856393937347,0.549551,83.3,0.768
2595,1,2288.26,11928.05,0.177904,0.07314614593328272,0.901964,80.7,0.793
2596,1,2289.1,11926.96,0.143854,0.07314372638967657,0.536878,76.2,0.8399
2597,1,2289.76,11924.89,0.141882,0.07314130530866052,0.365979,98.0,0.6531
2598,1,2290.41,11922.84,0.181855,0.07313888269034008,0.465337,97.5,0.6562
2599,1,2291.06,11920.76,0.21661,0.07313645853482087,0.601946,98.4,0.6504
2600,1,2291.71,11918.68,0.180152,0.07313403284220855,0.465742,98.4,0.6501
2601,1,2292.37,11916.61,0.170677,0.07313160561260885,0.489807,98.5,0.6495
2602,1,2293.02,11914.55,0.116842,0.07312917684612762,0.336215,97.9,0.6536
2603,1,2293.68,11912.49,0.239918,0.07312674654287069,0.650757,97.9,0.6539
2604,1,2294.33,11910.42,0.125825,0.07312431470294402,0.585884,98.4,0.6507
2605,1,2294.98,11908.34,0.184104,0.07312188132645361,0.723961,98.3,0.6508
2606,1,2295.63,11906.28,0.131354,0.07311944641350553,0.871433,98.0,0.6528
2607,1,2296.28,11904.21,0.167343,0.07311700996420593,0.8692,98.5,0.65
2608,1,2296.94,11902.15,0.154834,0.07311457197866102,0.619892,98.0,0.6532
2609,1,2297.59,11900.1,0.159112,0.07311213245697706,0.448321,98.0,0.653
2610,1,2298.25,11898.05,0.219773,0.07310969139926041,0.523327,97.8,0.6547
2611,1,2298.9,11895.99,0.127652,0.07310724880561748,0.577085,98.3,0.6512
2612,1,2299.55,11893.92,0.166256,0.07310480467615471,0.701082,98.6,0.6493
2613,1,2300.21,11891.89,0.142193,0.07310235901097868,0.764102,97.4,0.6573
2614,1,2300.86,11889.82,0.177925,0.073099911810196,0.437555,98.5,0.6495
2615,1,2301.51,11887.75,0.2014,0.07309746307391332,0.65723,98.5,0.6496
2616,1,2302.16,11885.69,0.16384,0.07309501280223742,0.581824,98.2,0.6515
2617,1,2302.81,11883.63,0.124856,0.07309256099527507,0.594704,98.6,0.6492
2618,1,2303.46,11881.57,0.173258,0.07309010765313317,0.870799,98.4,0.6502
2619,1,2304.12,11879.57,0.147599,0.07308765277591867,0.869272,96.6,0.6627
2620,1,2304.78,11877.51,0.197614,0.07308519636373856,0.926744,98.5,0.6499
2621,1,2305.43,11875.47,0.164071,0.07308273841669995,0.391437,98.5,0.6498
2622,1,2306.09,11873.44,0.155132,0.07308027893490994,0.599506,97.7,0.6552
2623,1,2306.74,11871.4,0.160185,0.07307781791847578,0.480307,98.5,0.6497
2624,1,2307.41,11869.43,0.117575,0.07307535536750474,0.386378,96.0,0.6666
2625,1,2308.06,11867.37,0.183384,0.07307289128210417,0.551677,98.4,0.6505
2626,1,2308.71,11865.32,0.159764,0.07307042566238146,1.09213,98.4,0.6504
2627,1,2309.36,11863.27,0.19759,0.07306795850844412,1.493745,98.5,0.65
2628,1,2310.01,11861.22,0.172193,0.07306548982039969,0.735736,98.5,0.65
2629,1,2310.66,11859.16,0.16807,0.07306301959835577,0.479403,98.7,0.6487
2630,1,2311.31,11857.11,0.16272,0.07306054784242004,0.494741,98.6,0.6491
2631,1,2311.96,11855.06,0.192189,0.07305807455270026,0.491228,98.6,0.6491
2632,1,2312.61,11853.01,0.14559,0.07305559972930423,0.623644,98.2,0.6514
2633,1,2313.26,11850.96,0.130649,0.07305312337233982,0.491985,98.7,0.6487
2634,1,2313.91,11848.91,0.112603,0.07305064548191502,0.627172,98.5,0.6495
2635,1,2314.56,11846.86,0.131629,0.0730481660581378,0.701639,98.6,0.6489
2636,1,2315.21,11844.82,0.211045,0.07304568510111627,0.748199,98.3,0.6508
2637,1,2315.86,11842.78,0.162816,0.07304320261095858,0.501447,98.7,0.6485
2638,1,2316.51,11840.73,0.145325,0.07304071858777292,0.598323,98.7,0.6487
2639,1,2317.16,11838.7,0.118684,0.0730382330316676,0.595321,98.1,0.6527
2640,1,2317.82,11836.67,0.197864,0.07303574594275095,0.969101,98.4,0.6506
2641,1,2318.47,11834.64,0.179591,0.07303325732113138,0.430875,98.5,0.6499
2642,1,2319.12,11832.6,0.187152,0.07303076716691738,0.744912,98.5,0.6497
2643,1,2319.77,11830.57,0.127336,0.07302827548021751,0.685782,98.4,0.6501
2644,1,2320.42,11828.53,0.150542,0.07302578226114037,0.557357,98.7,0.6484
2645,1,2321.07,11826.48,0.13886,0.07302328750979466,0.496296,98.8,0.6479
2646,1,2321.72,11824.44,0.168817,0.07302079122628911,0.578311,98.7,0.6487
2647,1,2322.37,11822.42,0.156207,0.07301829341073256,0.613939,98.3,0.6509
2648,1,2323.02,11820.38,0.146464,0.07301579406323387,0.542314,98.6,0.6489
2649,1,2323.67,11818.35,0.114875,0.07301329318390198,0.752901,98.6,0.6488
2650,1,2324.32,11816.31,0.157209,0.07301079077284595,0.958361,98.5,0.6495
2651,1,2324.97,11814.28,0.13328,0.07300828683017482,0.808475,98.7,0.6483
2652,1,2325.62,11812.24,0.212905,0.07300578135599778,0.622085,98.7,0.6484
2653,1,2326.28,11810.26,0.171264,0.073003274350424,0.640805,97.2,0.6582
2654,1,2326.93,11808.23,0.156313,0.07300076581356281,0.61544,98.6,0.6489
2655,1,2327.58,11806.21,0.179283,0.07299825574552353,0.913749,98.4,0.6505
2656,1,2328.23,11804.19,0.129505,0.07299574414641559,0.815432,98.6,0.6493
2657,1,2328.88,11802.16,0.14777,0.07299323101634847,0.418086,98.6,0.6494
2658,1,2329.53,11800.14,0.10037,0.07299071635543171,0.568138,98.3,0.6509
2659,1,2330.18,11798.13,0.16433,0.07298820016377496,0.801653,98.5,0.65
2660,1,2330.83,11796.1,0.215873,0.07298568244148786,0.553298,98.6,0.6489
2661,1,2331.48,11794.1,0.181447,0.0729831631886802,0.597385,98.6,0.6491
2662,1,2332.13,11792.07,0.219997,0.07298064240546176,0.752181,98.7,0.6485
2663,1,2332.78,11790.05,0.158982,0.07297812009194246,0.756455,98.6,0.6489
2664,1,2333.43,11788.03,0.128834,0.07297559624823224,0.546608,98.7,0.6481
2665,1,2334.08,11786.01,0.164749,0.0729730708744411,0.519009,98.7,0.6484
2666,1,2334.73,11783.99,0.219239,0.07297054397067915,0.759651,98.7,0.6487
2667,1,2335.38,11781.97,0.162924,0.07296801553705652,0.529374,98.6,0.6493
2668,1,2336.03,11779.96,0.151042,0.07296548557368344,0.586944,98.6,0.6489
2669,1,2336.68,11777.94,0.139105,0.0729629540806702,0.562638,98.6,0.6489
2670,1,2337.33,11775.93,0.162651,0.07296042105812713,0.419213,98.7,0.6487
2671,1,2337.98,11773.92,0.171589,0.07295788650616467,0.631203,98.7,0.6484
2672,1,2338.63,11771.9,0.129672,0.07295535042489328,0.546744,98.8,0.6475
2673,1,2339.28,11769.93,0.154333,0.07295281281442353,0.689256,97.4,0.6573
2674,1,2340.0,11768.26,0.157646,0.07295027367486605,0.43018,89.4,0.7162
2675,1,2340.71,11766.55,0.181729,0.07294773300633149,0.676208,90.4,0.708
2676,1,2341.38,11764.63,0.16866,0.07294519080893062,0.697466,96.0,0.6667
2677,1,2342.11,11763.02,0.126243,0.07294264708277427,0.524556,88.1,0.7262
2678,1,2342.85,11761.47,0.164764,0.07294010182797331,0.617341,86.6,0.7388
2679,1,2343.53,11759.63,0.213049,0.0729375550446387,0.665259,94.1,0.6803
2680,1,2344.22,11757.83,0.16441,0.07293500673288142,0.706567,92.8,0.6898
2681,1,2344.88,11755.87,0.169862,0.0729324568928126,0.656697,98.1,0.6523
2682,1,2345.53,11753.86,0.228518,0.07292990552454337,0.540846,98.7,0.6485
2683,1,2346.18,11751.87,0.168304,0.07292735262818495,0.415983,98.4,0.6505
2684,1,2346.83,11749.87,0.154158,0.07292479820384863,0.392819,98.7,0.6485
2685,1,2347.48,11747.87,0.187365,0.07292224225164577,0.576806,98.6,0.6493
2686,1,2348.12,11745.87,0.142506,0.07291968477168777,0.498276,98.7,0.6482
2687,1,2435.08,12175.4,0.19943,0.07291712576408611,0.793,0.3,86.9543
2688,2,2438.81,12188.61,0.168739,0.07291456522895234,0.764293,76.6,0.836
2689,2,2439.6,12187.11,0.155194,0.07291200316639809,0.495933,82.1,0.7795
2690,2,2440.44,12185.87,0.156713,0.07290943957653505,0.39424,95.0,0.6739
2691,2,2441.11,12183.78,0.131572,0.07290687445947494,0.456962,95.6,0.6691
2692,2,2441.78,12181.69,0.18723,0.07290430781532961,0.521708,95.6,0.6696
2693,2,2442.45,12179.59,0.1721,0.07290173964421094,0.416257,96.0,0.6669
2694,2,2443.13,12177.56,0.212637,0.07289916994623086,0.589386,94.1,0.6799
2695,2,2443.8,12175.48,0.154822,0.07289659872150138,0.531825,95.4,0.6707
2696,2,2444.47,12173.38,0.138839,0.07289402597013463,0.560504,96.0,0.6666
2697,2,2445.14,12171.28,0.186729,0.07289145169224272,0.631418,96.0,0.6664
2698,2,2445.8,12169.15,0.165778,0.07288887588793787,0.436446,97.2,0.6584
2699,2,2446.46,12167.05,0.21737,0.07288629855733236,0.40972,95.9,0.6671
2700,2,2447.13,12164.93,0.147184,0.07288371970053856,0.43205,96.8,0.661
2701,2,2461.92,12233.02,0.138748,0.07288113931766886,0.376967,93.7,0.6827
2702,2,2462.57,12230.83,0.192324,0.07287855740883577,0.542936,97.9,0.6536
2703,2,2463.22,12228.63,0.135187,0.0728759739741518,0.469807,98.3,0.651
2704,2,2463.88,12226.46,0.230329,0.0728733890137296,0.745043,97.4,0.657
2705,2,2464.54,12224.29,0.187913,0.07287080252768184,1.164596,97.6,0.6557
2706,2,2465.19,12222.1,0.202158,0.07286821451612127,0.957221,98.1,0.6525
2707,2,2465.85,12219.95,0.22077,0.07286562497916071,0.865538,97.1,0.6594
2708,2,2466.51,12217.78,0.221383,0.07286303391691303,0.566891,97.5,0.6561
2709,2,2467.16,12215.59,0.194485,0.07286044132949117,0.732134,98.2,0.6515
2710,2,2467.81,12213.4,0.213383,0.07285784721700818,0.571171,98.2,0.652
2711,2,2468.47,12211.23,0.177586,0.0728552515795771,0.566804,97.9,0.6537
2712,2,2469.12,12209.05,0.179351,0.0728526544173111,0.399268,98.0,0.6534
2713,2,2469.77,12206.84,0.189005,0.0728500557303234,0.503241,98.8,0.6477
2714,2,2470.42,12204.66,0.114113,0.07284745551872725,0.33804,98.4,0.6505
2715,2,2471.07,12202.45,0.179537,0.07284485378263603,0.74254,98.9,0.6469
2716,2,2471.72,12200.26,0.20388,0.07284225052216312,0.577823,98.5,0.6499
2717,2,2472.37,12198.06,0.187404,0.07283964573742203,0.47691,98.7,0.6483
2718,2,2473.02,12195.86,0.155798,0.0728370394285263,0.429224,98.9,0.647
2719,2,2473.67,12193.66,0.18197,0.07283443159558954,0.647299,98.9,0.6474
2720,2,2474.31,12191.46,0.172127,0.07283182223872542,0.502243,98.9,0.6468
2721,2,2474.97,12189.28,0.134708,0.0728292113580477,0.637288,98.9,0.6474
2722,2,2475.61,12187.08,0.166899,0.07282659895367016,0.566325,99.0,0.6465
2723,2,2476.26,12184.88,0.16846,0.07282398502570672,0.718147,99.0,0.6466
2724,2,2476.91,12182.69,0.21767,0.07282136957427131,0.84463,98.9,0.647
2725,2,2477.56,12180.51,0.188651,0.07281875259947793,0.492645,98.4,0.6506
2726,2,2478.21,12178.32,0.165098,0.07281613410144065,0.44102,98.9,0.6474
2727,2,2478.86,12176.13,0.204243,0.07281351408027363,0.553508,98.9,0.6473
2728,2,2479.51,12173.96,0.189277,0.07281089253609109,0.518585,98.2,0.6517
2729,2,2480.16,12171.77,0.166242,0.07280826946900729,0.568333,98.8,0.648
2730,2,2480.81,12169.59,0.145431,0.07280564487913657,0.648496,98.8,0.6476
2731,2,2481.46,12167.4,0.158091,0.07280301876659336,0.708914,98.9,0.6473
2732,2,2482.1,12165.21,0.156177,0.0728003911314921,0.439491,99.0,0.6464
2733,2,2482.75,12163.03,0.134268,0.07279776197394736,0.573966,98.9,0.6471
2734,2,2483.4,12160.85,0.158805,0.07279513129407375,0.714415,98.7,0.6486
2735,2,2484.05,12158.66,0.1716,0.07279249909198594,1.165064,98.9,0.6471
2736,2,2484.7,12156.5,0.204928,0.07278986536779868,0.835968,98.5,0.65
2737,2,2485.35,12154.33,0.161005,0.07278723012162674,0.446782,98.4,0.6504
2738,2,2486.0,12152.18,0.12688,0.07278459335358504,0.538913,98.2,0.6515
2739,2,2486.65,12150.01,0.224186,0.07278195506378848,0.518426,98.4,0.6504
2740,2,2487.31,12147.86,0.164148,0.0727793152523521,0.509349,98.1,0.6521
2741,2,2487.96,12145.73,0.15755,0.07277667391939095,0.485544,98.3,0.6508
2742,2,2488.61,12143.56,0.146324,0.07277403106502019,0.661079,98.7,0.6482
2743,2,2489.26,12141.4,0.167982,0.072771386689355,0.48433,98.3,0.6509
2744,2,2489.92,12139.27,0.15439,0.07276874079251067,0.533557,97.6,0.6556
2745,2,2490.57,12137.12,0.169537,0.07276609337460255,0.573667,98.3,0.6511
2746,2,2491.22,12134.96,0.174066,0.072763444435746,0.690039,98.6,0.6491
2747,2,2491.87,12132.8,0.182211,0.07276079397605653,0.388592,98.4,0.6501
2748,2,2492.53,12130.65,0.214346,0.07275814199564967,0.593033,98.3,0.6507
2749,2,2493.18,12128.5,0.201634,0.07275548849464102,0.469952,98.5,0.6496
2750,2,2493.83,12126.35,0.139754,0.07275283347314623,0.451549,98.3,0.6508
2751,2,2494.48,12124.2,0.14449,0.07275017693128107,0.862152,98.3,0.651
2752,2,2495.13,12122.07,0.185472,0.07274751886916132,0.844269,98.0,0.6533
2753,2,2495.78,12119.92,0.191459,0.07274485928690287,1.183851,98.5,0.6495
2754,2,2496.44,12117.78,0.217843,0.07274219818462163,1.708878,98.1,0.6524
2755,2,2497.08,12115.62,0.150668,0.07273953556243361,0.776068,98.9,0.6469
2756,2,2497.73,12113.46,0.193579,0.07273687142045487,0.571238,98.9,0.6468
2757,2,2498.38,12111.3,0.164329,0.07273420575880156,0.39157,98.8,0.6475
2758,2,2499.03,12109.15,0.173402,0.07273153857758988,0.741541,98.8,0.6476
2759,2,2499.68,12107.0,0.170316,0.07272886987693607,0.561661,98.6,0.6494
2760,2,2500.34,12104.89,0.145066,0.07272619965695648,0.41284,97.6,0.6558
2761,2,2500.99,12102.75,0.189241,0.07272352791776751,0.682466,98.8,0.6476
2762,2,2501.64,12100.6,0.141375,0.07272085465948563,0.480023,98.8,0.6478
2763,2,2502.29,12098.47,0.133213,0.07271817988222737,0.46,98.4,0.6501
2764,2,2502.94,12096.34,0.240418,0.07271550358610931,0.906461,98.2,0.6514
2765,2,2503.59,12094.2,0.179427,0.07271282577124813,0.894929,98.6,0.6488
2766,2,2504.24,12092.05,0.15938,0.07271014643776054,0.492963,98.8,0.6477
2767,2,2504.89,12089.9,0.121933,0.07270746558576335,0.597595,98.8,0.6475
2768,2,2505.54,12087.79,0.195332,0.07270478321537344,0.775103,97.9,0.6536
2769,2,2506.19,12085.65,0.176763,0.0727020993267077,0.611427,98.8,0.6479
2770,2,2506.84,12083.52,0.168274,0.07269941391988313,0.566134,98.3,0.6513
2771,2,2507.49,12081.38,0.174497,0.07269672699501682,0.489665,98.9,0.6473
2772,2,2508.14,12079.25,0.162058,0.07269403855222586,0.562305,98.8,0.6476
2773,2,2508.79,12077.11,0.143132,0.07269134859162749,0.756118,98.8,0.6479
2774,2,2509.44,12074.97,0.153202,0.07268865711333891,0.694847,98.8,0.6477
2775,2,2510.09,12072.84,0.151977,0.07268596411747749,0.450859,98.8,0.6478
2776,2,2510.74,12070.73,0.180861,0.0726832696041606,0.757129,97.8,0.6541
2777,2,2511.39,12068.6,0.162994,0.07268057357350573,0.758661,98.9,0.6471
2778,2,2512.04,12066.46,0.128425,0.07267787602563036,0.401919,99.0,0.6468
2779,2,2512.68,12064.32,0.179776,0.0726751769606521,0.451421,98.9,0.6471
2780,2,2513.34,12062.2,0.194063,0.07267247637868861,0.492439,98.5,0.6498
2781,2,2513.99,12060.09,0.1446,0.07266977427985759,0.490503,98.9,0.6473
2782,2,2514.64,12057.96,0.187018,0.07266707066427686,0.512326,98.9,0.6474
2783,2,2515.29,12055.85,0.239451,0.07266436553206425,0.514324,98.5,0.6501
2784,2,2515.94,12053.72,0.139635,0.07266165888333768,0.669107,98.9,0.6472
2785,2,2516.58,12051.59,0.226771,0.07265895071821515,0.810908,98.9,0.6474
2786,2,2517.23,12049.47,0.115402,0.07265624103681471,0.721417,98.9,0.6473
2787,2,2517.88,12047.34,0.157404,0.07265352983925447,0.847654,98.8,0.648
2788,2,2518.53,12045.22,0.153413,0.07265081712565262,0.496118,98.7,0.6482
2789,2,2519.18,12043.12,0.172037,0.07264810289612741,0.555588,98.3,0.6508
2790,2,2519.83,12041.01,0.172817,0.07264538715079717,0.610033,98.3,0.651
2791,2,2520.48,12038.89,0.209514,0.07264266988978026,0.64554,98.9,0.6473
2792,2,2521.13,12036.77,0.136732,0.07263995111319514,0.661651,98.8,0.6477
2793,2,2521.78,12034.66,0.121544,0.07263723082116032,0.406701,98.7,0.6483
2794,2,2522.43,12032.55,0.161428,0.07263450901379438,1.028001,98.8,0.6477
2795,2,2523.08,12030.43,0.13273,0.07263178569121598,0.719301,98.8,0.6476
2796,2,2523.73,12028.33,0.164385,0.07262906085354383,0.703679,98.3,0.6508
2797,2,2524.38,12026.24,0.094763,0.0726263345008967,0.515016,98.3,0.6514
2798,2,2525.03,12024.14,0.178525,0.07262360663339344,0.534947,98.2,0.6515
2799,2,2525.68,12022.03,0.198089,0.07262087725115296,0.398347,98.7,0.6481
2800,2,2526.33,12019.92,0.203455,0.07261814635429426,0.597903,98.9,0.6469
2801,2,2527.02,12017.98,0.16876,0.07261541394293633,0.469866,98.3,0.6511
2802,2,2527.67,12015.89,0.156941,0.07261268001719834,0.694707,98.4,0.6506
2803,2,2528.32,12013.79,0.21696,0.07260994457719941,0.894846,98.8,0.6479
2804,2,2528.97,12011.68,0.152222,0.07260720762305882,0.364038,98.8,0.6481
2805,2,2529.61,12009.58,0.173841,0.07260446915489586,0.454712,98.8,0.6476
2806,2,2530.26,12007.47,0.174954,0.0726017291728299,0.804159,98.8,0.6477
2807,2,2530.91,12005.37,0.166084,0.07259898767698042,0.482973,98.8,0.6477
2808,2,2531.56,12003.29,0.111898,0.07259624466746688,0.489558,98.1,0.6526
2809,2,2532.21,12001.19,0.15915,0.07259350014440885,0.366856,98.7,0.6483
2810,2,2532.87,11999.11,0.138406,0.072590754107926,0.448349,98.3,0.6513
2811,2,2533.51,11997.02,0.191588,0.072588006558138,0.836538,98.8,0.648
2812,2,2534.16,11994.93,0.144781,0.07258525749516465,1.213399,98.6,0.649
2813,2,2534.82,11992.85,0.126601,0.07258250691912577,1.705566,98.2,0.6516
2814,2,2535.47,11990.75,0.191029,0.07257975483014126,0.633817,98.8,0.6479
2815,2,2536.11,11988.66,0.118075,0.07257700122833109,0.412354,98.8,0.6479
2816,2,2536.79,11986.7,0.152843,0.07257424611381529,0.417382,94.9,0.6743
2817,2,2537.44,11984.61,0.161653,0.07257148948671396,0.836581,98.8,0.648
2818,2,2538.09,11982.53,0.193331,0.07256873134714727,0.818943,98.3,0.6511
2819,2,2538.74,11980.44,0.162202,0.07256597169523545,0.824678,98.8,0.6477
2820,2,2539.39,11978.37,0.196968,0.07256321053109878,0.471514,98.4,0.6504
2821,2,2540.05,11976.3,0.157945,0.07256044785485764,0.678878,98.7,0.6482
2822,2,2540.7,11974.23,0.139786,0.07255768366663246,0.421009,98.3,0.6513
2823,2,2541.35,11972.16,0.200651,0.07255491796654373,0.621429,98.3,0.651
2824,2,2542.01,11970.12,0.134309,0.07255215075471201,0.455102,97.5,0.6566
2825,2,2542.66,11968.03,0.168808,0.07254938203125794,0.67591,98.8,0.648
2826,2,2543.3,11965.95,0.123097,0.07254661179630217,1.23678,98.8,0.6475
2827,2,2543.96,11963.89,0.261934,0.0725438400499655,1.349141,98.2,0.6516
2828,2,2544.61,11961.81,0.214557,0.07254106679236876,0.484367,98.7,0.6486
2829,2,2545.26,11959.74,0.166539,0.0725382920236328,0.563163,98.3,0.6509
2830,2,2545.91,11957.67,0.161229,0.07253551574387859,0.664891,98.7,0.6484
2831,2,2546.56,11955.61,0.174957,0.07253273795322716,0.602728,98.4,0.6507
2832,2,2547.21,11953.54,0.16503,0.07252995865179962,0.44314,98.4,0.6507
2833,2,2547.86,11951.47,0.184167,0.07252717783971709,0.538001,98.7,0.6481
2834,2,2548.51,11949.39,0.185565,0.07252439551710078,0.412702,98.8,0.6475
2835,2,2549.16,11947.32,0.154552,0.07252161168407201,0.770914,98.8,0.6478
2836,2,2549.81,11945.25,0.203243,0.07251882634075213,0.594944,98.8,0.648
2837,2,2550.46,11943.2,0.161046,0.07251603948726251,0.499817,98.1,0.6521
2838,2,2551.11,11941.15,0.19534,0.07251325112372468,0.665419,98.2,0.6517
2839,2,2551.77,11939.1,0.147049,0.07251046125026017,0.841497,98.2,0.6516
2840,2,2552.42,11937.05,0.175113,0.07250766986699062,0.698652,98.2,0.6519
2841,2,2553.07,11935.01,0.146348,0.07250487697403765,0.477048,98.4,0.6504
2842,2,2553.72,11932.94,0.157236,0.07250208257152306,0.595491,98.8,0.6477
2843,2,2554.37,11930.88,0.124039,0.07249928665956865,0.3399,98.8,0.6477
2844,2,2555.02,11928.82,0.14353,0.07249648923829627,0.553188,98.4,0.6506
2845,2,2555.67,11926.77,0.1623,0.07249369030782789,0.673873,98.6,0.6493
2846,2,2556.32,11924.71,0.202769,0.07249088986828553,0.558417,98.8,0.6479
2847,2,2556.97,11922.65,0.221229,0.07248808791979125,0.959259,98.7,0.6485
2848,2,2557.62,11920.61,0.203055,0.07248528446246717,0.719356,98.2,0.6517
2849,2,2558.28,11918.57,0.176922,0.07248247949643552,0.592187,98.2,0.6518
2850,2,2558.93,11916.52,0.20771,0.07247967302181857,0.600171,98.4,0.6505
2851,2,2559.58,11914.48,0.162318,0.07247686503873867,0.396856,98.4,0.6505
2852,2,2560.23,11912.43,0.174185,0.0724740555473182,0.488781,98.6,0.6493
2853,2,2560.88,11910.39,0.214933,0.07247124454767963,0.630395,98.3,0.6514
2854,2,2561.53,11908.33,0.183394,0.07246843203994552,0.643473,98.9,0.6472
2855,2,2562.18,11906.28,0.21495,0.07246561802423844,0.539625,98.8,0.648
2856,2,2562.83,11904.24,0.163513,0.07246280250068107,0.80083,98.2,0.6517
2857,2,2563.48,11902.19,0.151455,0.07245998546939617,0.725822,98.8,0.6475
2858,2,2564.13,11900.15,0.148146,0.07245716693050648,0.375457,98.4,0.6506
2859,2,2564.78,11898.1,0.140477,0.07245434688413492,0.476788,98.8,0.6476
2860,2,2565.43,11896.05,0.196213,0.07245152533040439,0.728676,98.8,0.6477
2861,2,2566.08,11894.02,0.199804,0.07244870226943789,0.962315,98.9,0.6471
2862,2,2566.73,11891.97,0.177011,0.07244587770135848,0.541806,98.9,0.647
2863,2,2567.38,11889.94,0.163987,0.07244305162628928,0.544516,98.2,0.6517
2864,2,2568.03,11887.9,0.12691,0.07244022404435349,0.47827,98.6,0.6494
2865,2,2568.68,11885.86,0.135074,0.07243739495567438,0.419533,98.7,0.6487
2866,2,2569.33,11883.82,0.144859,0.07243456436037524,0.532403,98.8,0.6476
2867,2,2569.98,11881.77,0.166742,0.07243173225857949,0.500368,98.9,0.6473
2868,2,2570.62,11879.73,0.230227,0.07242889865041058,0.741321,98.9,0.6473
2869,2,2571.27,11877.69,0.135888,0.07242606353599203,0.472501,98.9,0.6473
2870,2,2571.92,11875.64,0.140518,0.07242322691544742,0.727574,98.9,0.6474
2871,2,2572.57,11873.61,0.200136,0.0724203887889004,0.472945,98.8,0.6479
2872,2,2573.23,11871.61,0.158497,0.0724175491564747,0.891696,97.4,0.6571
2873,2,2573.88,11869.58,0.174787,0.07241470801829411,1.043083,98.8,0.648
2874,2,2574.53,11867.54,0.131706,0.07241186537448245,0.834415,98.7,0.6483
2875,2,2575.17,11865.51,0.143709,0.07240902122516366,1.027078,98.8,0.6475
2876,2,2575.82,11863.47,0.173789,0.0724061755704617,0.785171,98.8,0.6479
2877,2,2576.47,11861.44,0.151663,0.07240332841050062,0.797509,98.8,0.6479
2878,2,2577.12,11859.41,0.151126,0.07240047974540455,0.641408,98.9,0.6472
2879,2,2577.77,11857.38,0.157044,0.07239762957529765,0.522116,98.7,0.6483
2880,2,2578.42,11855.38,0.189852,0.07239477790030416,0.599245,97.8,0.6541
2881,2,2579.08,11853.37,0.15823,0.07239192472054841,0.421572,98.8,0.6479
2882,2,2579.73,11851.34,0.229121,0.07238907003615475,0.66951,98.7,0.6487
2883,2,2580.37,11849.32,0.159462,0.07238621384724762,0.741939,98.7,0.6482
2884,2,2581.03,11847.3,0.234581,0.07238335615395156,0.459116,98.4,0.6502
2885,2,2581.68,11845.28,0.178716,0.07238049695639108,0.405072,98.7,0.6487
2886,2,2582.32,11843.26,0.125367,0.07237763625469087,0.389113,98.8,0.6477
2887,2,2582.97,11841.24,0.138321,0.07237477404897562,0.630388,98.8,0.6476
2888,2,2583.62,11839.23,0.133858,0.07237191033937007,0.498661,98.4,0.6504
2889,2,2584.27,11837.21,0.216545,0.07236904512599908,1.102344,98.7,0.6481
2890,2,2584.92,11835.19,0.162517,0.07236617840898756,1.35305,98.8,0.6477
2891,2,2585.57,11833.17,0.208204,0.07236331018846044,1.691009,98.7,0.6483
2892,2,2586.22,11831.15,0.22814,0.07236044046454276,1.075818,98.7,0.6483
2893,2,2586.87,11829.14,0.129189,0.07235756923735961,0.565846,98.8,0.6479
2894,2,2587.52,11827.13,0.143017,0.07235469650703619,0.332029,98.4,0.6507
2895,2,2588.17,11825.13,0.152512,0.07235182227369766,0.505083,98.3,0.6508
2896,2,2588.82,11823.13,0.15665,0.07234894653746937,0.428167,98.3,0.6508
2897,2,2589.47,11821.12,0.165609,0.07234606929847666,0.54798,98.7,0.6483
2898,2,2590.12,11819.12,0.201389,0.07234319055684495,0.506576,98.4,0.6507
2899,2,2590.77,11817.11,0.124546,0.0723403103126997,0.450099,98.8,0.6477
2900,2,2591.42,11815.1,0.149303,0.07233742856616648,0.343897,98.9,0.6474
2901,2,2592.07,11813.1,0.152485,0.07233454531737095,0.765763,98.6,0.6491
2902,2,2592.73,11811.11,0.140441,0.07233166056643875,0.557882,98.4,0.6506
2903,2,2593.37,11809.1,0.152977,0.07232877431349564,0.371419,98.7,0.6484
2904,2,2594.03,11807.12,0.198786,0.07232588655866744,0.56561,98.0,0.6533
2905,2,2594.68,11805.11,0.154011,0.07232299730208001,0.925541,98.8,0.6479
2906,2,2595.33,11803.11,0.16135,0.07232010654385934,0.554325,98.7,0.6481
2907,2,2595.97,11801.1,0.189588,0.0723172142841314,0.409838,98.8,0.6481
2908,2,2596.62,11799.1,0.239937,0.0723143205230223,0.437882,98.8,0.6475
2909,2,2597.27,11797.11,0.170875,0.07231142526065816,0.437879,98.5,0.6497
2910,2,2597.92,11795.11,0.1955,0.07230852849716521,0.624066,98.7,0.6482
2911,2,2598.57,11793.11,0.155777,0.07230563023266968,1.208023,98.8,0.648
2912,2,2599.22,11791.11,0.173383,0.07230273046729796,1.19684,98.8,0.648
2913,2,2599.87,11789.11,0.154335,0.07229982920117643,0.886841,98.8,0.6478
2914,2,2600.52,11787.12,0.199094,0.07229692643443157,0.772316,98.6,0.6491
2915,2,2601.17,11785.12,0.136348,0.0722940221671899,0.410341,98.8,0.6475
2916,2,2601.82,11783.12,0.177803,0.07229111639957803,1.040567,98.8,0.6476
2917,2,2602.46,11781.13,0.167604,0.07228820913172262,0.50113,98.9,0.6469
2918,2,2603.11,11779.13,0.195393,0.07228530036375042,0.61083,98.8,0.6477
2919,2,2603.76,11777.14,0.181842,0.0722823900957882,0.748591,98.8,0.6481
2920,2,2604.42,11775.19,0.141011,0.07227947832796285,0.56988,97.5,0.6562
2921,2,2605.07,11773.21,0.185837,0.07227656506040127,0.382718,98.8,0.648
2922,2,2605.72,11771.23,0.153185,0.07227365029323046,0.491728,98.7,0.6486
2923,2,2606.37,11769.24,0.226235,0.07227073402657751,1.210597,98.8,0.6479
2924,2,2607.02,11767.26,0.190161,0.07226781626056951,1.164188,98.7,0.6482
2925,2,2607.67,11765.28,0.203142,0.07226489699533366,0.75543,98.4,0.6505
2926,2,2608.32,11763.3,0.157411,0.07226197623099721,0.424522,98.8,0.6481
2927,2,2608.97,11761.33,0.16179,0.07225905396768749,0.467901,98.1,0.6526
2928,2,2609.62,11759.35,0.204813,0.07225613020553187,0.547539,98.8,0.6478
2929,2,2610.27,11757.36,0.158323,0.07225320494465781,0.440542,98.8,0.648
2930,2,2610.92,11755.38,0.193692,0.07225027818519283,0.460871,98.8,0.6475
2931,2,2611.57,11753.4,0.20071,0.07224734992726452,0.390453,98.7,0.6483
2932,2,2612.22,11751.42,0.130369,0.07224442017100051,0.435682,98.8,0.6476
2933,2,2612.87,11749.43,0.12584,0.07224148891652851,0.597432,98.8,0.6475
2934,2,2613.52,11747.46,0.168397,0.0722385561639763,0.466945,98.7,0.6481
2935,2,2614.17,11745.5,0.189439,0.07223562191347173,0.515563,97.9,0.6536
2936,2,2614.82,11743.53,0.140378,0.0722326861651427,1.026013,98.8,0.6478
2937,2,2615.47,11741.55,0.207597,0.07222974891911718,0.711823,98.7,0.6483
2938,2,2616.12,11739.57,0.172665,0.07222681017552322,0.667344,98.8,0.6476
2939,2,2616.76,11737.6,0.21189,0.07222386993448893,0.927417,98.8,0.6475
2940,2,2617.41,11735.63,0.189557,0.07222092819614245,0.423298,98.7,0.6482
2941,2,2618.06,11733.66,0.207663,0.07221798496061203,0.644077,98.9,0.6474
2942,2,2618.71,11731.69,0.153868,0.07221504022802598,0.457732,98.8,0.6478
2943,2,2619.37,11729.75,0.110417,0.07221209399851265,0.483217,97.9,0.6539
2944,2,2620.02,11727.78,0.168009,0.07220914627220047,0.669492,98.8,0.6479
2945,2,2620.67,11725.81,0.184842,0.07220619704921795,0.581596,98.8,0.6477
2946,2,2621.31,11723.84,0.121726,0.07220324632969363,0.529556,98.9,0.6474
2947,2,2621.96,11721.88,0.119641,0.07220029411375616,0.534148,98.7,0.6486
2948,2,2622.62,11719.93,0.155352,0.07219734040153421,1.0097,98.2,0.6519
2949,2,2623.27,11717.96,0.170809,0.07219438519315653,0.838306,98.7,0.6482
2950,2,2623.91,11716.0,0.176191,0.07219142848875199,0.582006,98.7,0.6487
2951,2,2624.57,11714.07,0.180723,0.07218847028844942,0.715236,97.7,0.6549
2952,2,2625.22,11712.11,0.174434,0.07218551059237781,0.565704,98.7,0.6482
2953,2,2625.87,11710.15,0.205356,0.07218254940066615,0.672558,98.7,0.6486
2954,2,2626.52,11708.19,0.178368,0.07217958671344353,0.616724,98.8,0.6479
2955,2,2627.17,11706.23,0.178276,0.0721766225308391,0.488839,98.8,0.6478
2956,2,2627.81,11704.27,0.204905,0.07217365685298209,0.447888,98.8,0.6477
2957,2,2628.46,11702.31,0.175961,0.07217068968000175,0.529232,98.7,0.6485
2958,2,2629.11,11700.36,0.164541,0.07216772101202742,0.393039,98.8,0.648
2959,2,2629.77,11698.43,0.126269,0.07216475084918852,0.507589,97.8,0.6543
2960,2,2630.42,11696.47,0.201688,0.07216177919161455,0.445323,98.7,0.6486
2961,2,2631.07,11694.54,0.191153,0.07215880603943502,0.683745,98.6,0.6491
2962,2,2631.72,11692.59,0.18927,0.07215583139277953,0.438083,98.7,0.6481
2963,2,2632.37,11690.64,0.140384,0.07215285525177775,0.360595,98.7,0.6486
2964,2,2633.02,11688.69,0.200121,0.07214987761655944,0.526711,98.7,0.6486
2965,2,2633.67,11686.74,0.172962,0.07214689848725436,0.472967,98.7,0.6483
2966,2,2634.32,11684.79,0.15467,0.07214391786399241,0.405981,98.7,0.6483
2967,2,2634.97,11682.84,0.217918,0.0721409357469035,0.65629,98.7,0.6486
2968,2,2635.62,11680.9,0.193968,0.07213795213611761,0.536964,98.5,0.65
2969,2,2636.27,11678.96,0.197355,0.07213496703176482,0.412247,98.7,0.6485
2970,2,2636.92,11677.01,0.139149,0.07213198043397526,0.499838,98.7,0.6481
2971,2,2637.57,11675.07,0.212269,0.0721289923428791,0.566356,98.7,0.6485
2972,2,2638.21,11673.12,0.16929,0.07212600275860663,0.560493,98.8,0.6479
2973,2,2638.86,11671.19,0.168159,0.07212301168128814,0.45897,98.7,0.6486
2974,2,2639.51,11669.24,0.170499,0.072120019111054,0.444174,98.7,0.6484
2975,2,2640.17,11667.31,0.147659,0.07211702504803469,0.61233,98.5,0.6498
2976,2,2640.82,11665.39,0.166092,0.07211402949236072,0.478221,98.2,0.6516
2977,2,2641.47,11663.45,0.130432,0.07211103244416266,0.538357,98.6,0.6488
2978,2,2642.12,11661.51,0.20335,0.07210803390357115,0.833588,98.6,0.6489
2979,2,2642.77,11659.57,0.156442,0.07210503387071693,0.679368,98.8,0.6479
2980,2,2643.41,11657.64,0.177634,0.07210203234573075,0.432106,98.7,0.6484
2981,2,2644.07,11655.71,0.173315,0.07209902932874344,0.512454,98.7,0.6482
2982,2,2644.71,11653.77,0.190216,0.07209602481988595,0.717259,98.9,0.6474
2983,2,2645.36,11651.84,0.183579,0.0720930188192892,0.477627,98.8,0.6481
2984,2,2646.01,11649.91,0.165393,0.07209001132708426,0.652769,98.7,0.6484
2985,2,2646.66,11647.97,0.156161,0.07208700234340222,0.684382,98.7,0.6484
2986,2,2647.31,11646.04,0.225428,0.07208399186837423,0.941577,98.8,0.6481
2987,2,2647.96,11644.11,0.173405,0.07208097990213154,0.893623,98.7,0.6487
2988,2,2648.61,11642.2,0.205898,0.07207796644480544,0.663841,98.2,0.6517
2989,2,2649.26,11640.27,0.154402,0.07207495149652729,0.407349,98.6,0.6492
2990,2,2649.91,11638.35,0.214164,0.07207193505742852,0.530767,98.7,0.6486
2991,2,2650.57,11636.45,0.131028,0.07206891712764063,0.658189,97.6,0.6559
2992,2,2651.22,11634.53,0.182687,0.07206589770729516,0.964889,98.6,0.6491
2993,2,2651.87,11632.61,0.163488,0.07206287679652373,0.497727,98.5,0.6497
2994,2,2652.52,11630.69,0.184491,0.07205985439545802,0.532992,98.7,0.6487
2995,2,2653.17,11628.79,0.177243,0.0720568305042298,0.505879,98.0,0.6528
2996,2,2653.83,11626.87,0.176152,0.07205380512297085,0.340359,98.4,0.6501
2997,2,2654.48,11624.96,0.129455,0.0720507782518131,0.317072,98.6,0.6492
2998,2,2655.13,11623.04,0.133042,0.07204774989088847,0.474328,98.6,0.6492
2999,2,2655.78,11621.14,0.218009,0.07204472004032896,0.786946,97.8,0.6541
3000,2,2656.43,11619.22,0.193379,0.07204168870026666,0.528785,98.7,0.6482
3001,2,2729.12,11932.27,0.136061,0.07203865587083369,0.781089,94.6,0.6763
3002,2,2729.76,11930.22,0.18454,0.0720356215521623,1.786287,98.8,0.6477
3003,2,2730.41,11928.17,0.267698,0.0720325857443847,0.556861,98.6,0.6488
3004,2,2731.06,11926.13,0.149484,0.07202954844763328,0.882496,98.8,0.6478
3005,2,2731.71,11924.08,0.18172,0.0720265096620404,0.52467,98.9,0.6474
3006,2,2732.36,11922.04,0.145363,0.07202346938773854,0.723544,98.8,0.6475
3007,2,2733.01,11919.99,0.142206,0.07202042762486023,0.423091,98.7,0.6481
3008,2,2733.66,11917.95,0.175949,0.07201738437353807,0.441777,98.8,0.6478
3009,2,2734.31,11915.91,0.14656,0.0720143396339047,0.58142,98.6,0.6488
3010,2,2734.96,11913.88,0.149737,0.07201129340609287,0.725389,98.4,0.6503
3011,2,2735.61,11911.84,0.235566,0.07200824569023534,1.241476,98.7,0.6482
3012,2,2736.26,11909.8,0.161031,0.07200519648646499,0.540744,98.8,0.6476
3013,2,2736.9,11907.76,0.168751,0.07200214579491473,1.000149,98.9,0.6469
3014,2,2737.55,11905.72,0.185555,0.07199909361571753,1.295137,98.9,0.6474
3015,2,2738.2,11903.69,0.175391,0.07199603994900647,0.472769,98.7,0.6483
3016,2,2738.85,11901.65,0.167417,0.07199298479491463,0.444086,98.8,0.648
3017,2,2739.5,11899.62,0.210792,0.0719899281535752,0.632202,98.7,0.6483
3018,2,2740.15,11897.59,0.180696,0.07198687002512144,1.589239,98.7,0.6484
3019,2,2740.8,11895.55,0.158622,0.07198381040968664,1.083393,98.9,0.6471
3020,2,2741.45,11893.52,0.152904,0.07198074930740417,0.440196,98.8,0.6479
3021,2,2742.1,11891.5,0.185045,0.07197768671840747,0.710738,98.8,0.6477
3022,2,2742.75,11889.47,0.190058,0.07197462264283006,0.487092,98.9,0.6471
3023,2,2743.39,11887.43,0.18389,0.07197155708080548,0.584267,98.9,0.6469
3024,2,2744.04,11885.4,0.135461,0.07196849003246736,0.502705,98.9,0.6468
3025,2,2744.69,11883.37,0.126516,0.07196542149794943,0.707653,98.8,0.6477
3026,2,2745.34,11881.34,0.151847,0.07196235147738544,0.555552,98.8,0.6481
3027,2,2745.99,11879.32,0.133377,0.0719592799709092,0.564726,98.8,0.648
3028,2,2746.64,11877.29,0.170579,0.07195620697865461,0.530236,98.9,0.6473
3029,2,2747.28,11875.27,0.193231,0.07195313250075563,1.267349,98.9,0.6472
3030,2,2747.93,11873.24,0.190905,0.07195005653734626,0.880971,98.8,0.6475
3031,2,2748.58,11871.22,0.175312,0.07194697908856061,0.853756,98.8,0.6476
3032,2,2749.23,11869.2,0.203039,0.07194390015453282,0.585362,98.8,0.6478
3033,2,2749.88,11867.18,0.164922,0.07194081973539712,0.479096,98.8,0.6479
3034,2,2750.53,11865.16,0.190642,0.07193773783128776,0.650517,98.6,0.6488
3035,2,2751.18,11863.14,0.162433,0.07193465444233911,0.563767,98.8,0.6481
3036,2,2751.82,11861.13,0.156847,0.07193156956868557,0.53838,98.8,0.6475
3037,2,2752.47,11859.11,0.194461,0.07192848321046161,0.347353,98.8,0.6475
3038,2,2753.12,11857.09,0.208153,0.07192539536780175,0.670142,98.9,0.6472
3039,2,2753.77,11855.07,0.201836,0.07192230604084064,0.636393,98.9,0.6468
3040,2,2754.42,11853.08,0.159118,0.07191921522971292,0.424019,97.9,0.6539
3041,2,2755.08,11851.08,0.186057,0.07191612293455332,0.865333,98.9,0.6469
3042,2,2755.72,11849.07,0.213705,0.07191302915549665,0.582743,98.9,0.647
3043,2,2756.37,11847.05,0.14457,0.07190993389267775,0.484822,98.9,0.6469
3044,2,2757.02,11845.04,0.179703,0.07190683714623156,1.019381,98.8,0.6475
3045,2,2757.67,11843.03,0.16949,0.07190373891629306,0.315948,98.9,0.6471
3046,2,2758.32,11841.02,0.133898,0.07190063920299733,0.699387,98.8,0.6475
3047,2,2758.96,11839.01,0.138895,0.07189753800647948,0.480701,98.9,0.647
3048,2,2759.61,11837.01,0.201569,0.0718944353268747,1.215879,98.6,0.6491
3049,2,2760.26,11835.0,0.210621,0.07189133116431821,0.483288,98.8,0.6474
3050,2,2760.91,11832.99,0.171127,0.07188822551894536,0.714911,98.8,0.6476
3051,2,2761.56,11830.98,0.188096,0.07188511839089151,0.534031,98.9,0.6472
3052,2,2762.21,11828.98,0.218905,0.0718820097802921,0.899931,98.9,0.6473
3053,2,2762.86,11826.98,0.159151,0.07187889968728267,0.481122,98.8,0.6479
3054,2,2763.5,11824.97,0.156235,0.07187578811199877,0.801038,98.8,0.6478
3055,2,2764.15,11822.97,0.167176,0.07187267505457602,1.002489,98.9,0.6471
3056,2,2764.8,11820.99,0.10729,0.07186956051515016,0.587651,98.2,0.6514
3057,2,2765.45,11818.99,0.170491,0.07186644449385693,1.16077,98.8,0.6478
3058,2,2766.1,11816.99,0.193929,0.07186332699083217,0.945735,98.8,0.6475
3059,2,2766.75,11814.99,0.116119,0.07186020800621178,0.731454,98.8,0.6476
3060,2,2767.4,11812.99,0.160155,0.0718570875401317,0.838323,98.7,0.6483
3061,2,2768.05,11811.02,0.144929,0.071853965592728,0.701639,98.4,0.6501
3062,2,2768.7,11809.03,0.195322,0.07185084216413672,0.506509,98.9,0.6474
3063,2,2769.35,11807.05,0.142876,0.07184771725449404,0.376761,98.2,0.6515
3064,2,2770.01,11805.08,0.115712,0.07184459086393617,0.628473,98.0,0.6533
3065,2,2770.66,11803.11,0.153959,0.07184146299259941,0.50903,98.2,0.6514
3066,2,2771.31,11801.12,0.180153,0.0718383336406201,0.592602,98.8,0.6481
3067,2,2771.96,11799.12,0.172156,0.07183520280813463,0.665611,98.8,0.6477
3068,2,2772.61,11797.14,0.167743,0.0718320704952795,0.53424,98.8,0.6477
3069,2,2773.26,11795.15,0.148081,0.07182893670219125,0.563948,98.8,0.6477
3070,2,2773.9,11793.16,0.16131,0.07182580142900648,1.136277,98.9,0.647
3071,2,2774.55,11791.18,0.177118,0.07182266467586187,1.119568,98.7,0.6484
3072,2,2775.2,11789.19,0.160874,0.07181952644289415,0.685066,98.7,0.6482
3073,2,2775.85,11787.21,0.120101,0.07181638673024011,0.845807,98.8,0.6481
3074,2,2776.5,11785.22,0.123256,0.07181324553803663,0.925343,98.8,0.6475
3075,2,2777.15,11783.24,0.172169,0.07181010286642063,0.819382,98.8,0.6475
3076,2,2777.8,11781.26,0.12579,0.0718069587155291,0.264419,98.7,0.6483
3077,2,2778.45,11779.28,0.16995,0.0718038130854991,0.873989,98.8,0.6475
3078,2,2779.1,11777.3,0.255849,0.07180066597646777,0.572318,98.8,0.6478
3079,2,2779.74,11775.32,0.1763,0.07179751738857228,0.592425,98.8,0.6475
3080,2,2780.4,11773.36,0.178193,0.07179436732194987,0.363388,97.9,0.6537
3081,2,2781.05,11771.4,0.166914,0.07179121577673786,0.768689,98.8,0.6476
3082,2,2781.7,11769.43,0.176294,0.07178806275307366,0.701059,98.8,0.6479
3083,2,2782.35,11767.45,0.236478,0.07178490825109468,0.585963,98.8,0.6475
3084,2,2783.0,11765.47,0.08728,0.07178175227093844,0.25532,98.9,0.647
3085,2,2783.65,11763.5,0.185428,0.07177859481274253,0.543887,98.8,0.6478
3086,2,2784.29,11761.52,0.151663,0.07177543587664456,0.456561,98.8,0.6475
3087,2,2784.94,11759.55,0.195407,0.07177227546278224,0.367322,98.8,0.6475
3088,2,2785.6,11757.6,0.167338,0.07176911357129334,0.451248,97.8,0.6547
3089,2,2786.25,11755.63,0.212118,0.0717659502023157,0.526129,98.8,0.6475
3090,2,2786.89,11753.66,0.148365,0.0717627853559872,0.349994,98.9,0.6473
3091,2,2787.54,11751.69,0.138407,0.0717596190324458,0.38282,98.8,0.6478
3092,2,2788.19,11749.72,0.184127,0.07175645123182955,0.582291,98.8,0.648
3093,2,2788.84,11747.75,0.173566,0.07175328195427651,0.442347,98.8,0.6478
3094,2,2789.49,11745.78,0.120721,0.07175011119992485,0.468279,98.8,0.6475
3095,2,2790.14,11743.82,0.168915,0.07174693896891278,0.530607,98.8,0.6478
3096,2,2790.79,11741.85,0.165163,0.07174376526137857,0.420059,98.8,0.6479
3097,2,2791.44,11739.89,0.131621,0.07174059007746059,0.403096,98.6,0.6488
3098,2,2792.08,11737.93,0.160315,0.07173741341729722,0.705076,98.9,0.6474
3099,2,2792.73,11735.97,0.227273,0.07173423528102697,0.810246,98.8,0.6476
3100,2,2793.38,11734.0,0.187875,0.07173105566878836,1.193201,98.9,0.647
3101,2,2794.03,11732.05,0.197466,0.07172787458071998,1.163949,98.9,0.6474
3102,2,2794.68,11730.09,0.201521,0.07172469201696052,0.664707,98.7,0.6481
3103,2,2795.33,11728.13,0.159076,0.07172150797764872,0.433542,98.9,0.6474
3104,2,2795.98,11726.17,0.16423,0.07171832246292334,0.521047,98.9,0.6472
3105,2,2796.63,11724.22,0.128738,0.07171513547292328,0.497645,98.5,0.65
3106,2,2797.28,11722.27,0.161009,0.07171194700778744,0.935717,98.7,0.6482
3107,2,2797.93,11720.31,0.176413,0.07170875706765482,0.542699,98.9,0.6472
3108,2,2798.57,11718.36,0.15233,0.07170556565266448,0.490114,98.7,0.6486
3109,2,2799.22,11716.4,0.15523,0.0717023727629555,0.532085,98.8,0.6479
3110,2,2799.87,11714.45,0.200274,0.07169917839866712,0.72806,98.8,0.6476
3111,2,2800.52,11712.51,0.190553,0.07169598255993855,0.81588,98.3,0.6512
3112,2,2801.17,11710.56,0.19018,0.0716927852469091,0.968898,98.7,0.6482
3113,2,2801.82,11708.62,0.146138,0.07168958645971815,0.981865,98.4,0.6502
3114,2,2802.47,11706.67,0.18379,0.07168638619850515,0.563559,98.8,0.6481
3115,2,2803.12,11704.73,0.165718,0.0716831844634096,0.821883,98.7,0.6485
3116,2,2803.77,11702.78,0.160226,0.07167998125457106,0.522856,98.8,0.6479
3117,2,2804.42,11700.83,0.167825,0.07167677657212917,0.489187,98.8,0.648
3118,2,2805.07,11698.89,0.218394,0.07167357041622363,0.441756,98.7,0.6484
3119,2,2805.72,11696.94,0.159898,0.07167036278699418,0.404438,98.8,0.6481
3120,2,2806.37,11695.01,0.186917,0.07166715368458065,0.933643,98.3,0.6514
3121,2,2807.02,11693.09,0.16241,0.07166394310912295,0.78313,98.8,0.648
3122,2,2807.67,11691.14,0.111029,0.07166073106076103,0.649752,98.8,0.648
3123,2,2808.32,11689.2,0.131418,0.07165751753963488,0.865255,98.8,0.6478
3124,2,2808.97,11687.26,0.180143,0.07165430254588462,0.824419,98.7,0.6484
3125,2,2809.62,11685.33,0.160164,0.07165108607965036,0.63483,98.6,0.6488
3126,2,2810.27,11683.39,0.200698,0.07164786814107232,0.632686,98.7,0.6485
3127,2,2810.92,11681.45,0.156918,0.07164464873029079,0.698462,98.6,0.6489
3128,2,2811.57,11679.53,0.209438,0.07164142784744609,0.561699,98.3,0.6513
3129,2,2812.22,11677.6,0.151032,0.07163820549267863,0.652928,98.4,0.6505
3130,2,2812.87,11675.67,0.173369,0.07163498166612889,0.497425,98.7,0.6482
3131,2,2813.52,11673.73,0.163472,0.07163175636793735,0.401945,98.8,0.6477
3132,2,2814.17,11671.8,0.191607,0.07162852959824467,0.380816,98.8,0.648
3133,2,2814.82,11669.86,0.18493,0.07162530135719147,0.689203,98.7,0.6482
3134,2,2815.47,11667.94,0.179414,0.07162207164491849,0.902898,98.7,0.6487
3135,2,2816.12,11666.01,0.217936,0.07161884046156651,0.91536,98.7,0.6485
3136,2,2816.77,11664.08,0.142356,0.07161560780727638,0.654131,98.8,0.6481
3137,2,2817.42,11662.15,0.184955,0.07161237368218903,0.751064,98.4,0.6503
3138,2,2818.07,11660.23,0.171239,0.07160913808644542,0.865628,98.7,0.6482
3139,2,2818.72,11658.3,0.190191,0.07160590102018662,0.902155,98.8,0.6478
3140,2,2819.37,11656.37,0.137112,0.0716026624835537,0.571939,98.7,0.6487
3141,2,2820.02,11654.46,0.193788,0.07159942247668785,0.658641,98.7,0.6485
3142,2,2820.67,11652.53,0.196106,0.07159618099973032,0.903811,98.7,0.6482
3143,2,2821.32,11650.61,0.193765,0.0715929380528224,0.820315,98.8,0.6479
3144,2,2821.97,11648.7,0.196403,0.07158969363610544,0.55989,98.2,0.6517
3145,2,2822.63,11646.82,0.213426,0.0715864477497209,0.434064,97.1,0.6594
3146,2,2823.28,11644.91,0.193169,0.07158320039381023,0.512673,98.5,0.6496
3147,2,2823.93,11643.0,0.154399,0.07157995156851503,0.462898,98.1,0.6525
3148,2,2824.59,11641.1,0.119868,0.0715767012739769,0.392904,98.1,0.6522
3149,2,2825.24,11639.19,0.202453,0.07157344951033752,0.50328,98.3,0.6509
3150,2,2825.89,11637.28,0.192906,0.07157019627773864,0.553642,98.5,0.65
3151,2,2826.54,11635.37,0.156097,0.07156694157632208,0.363299,98.6,0.649
3152,2,2827.19,11633.45,0.190039,0.07156368540622972,0.529968,98.6,0.6489
3153,2,2827.84,11631.56,0.153089,0.07156042776760348,0.598559,97.8,0.6545
3154,2,2828.5,11629.66,0.183563,0.07155716866058538,0.708493,98.2,0.6517
3155,2,2829.15,11627.75,0.169348,0.0715539080853175,1.014313,98.6,0.6488
3156,2,2829.8,11625.85,0.246183,0.07155064604194196,2.060268,98.1,0.6522
3157,2,2830.45,11623.96,0.257015,0.07154738253060094,0.974848,98.0,0.6529
3158,2,2831.11,11622.06,0.207293,0.07154411755143673,1.618121,98.1,0.6521
3159,2,2831.76,11620.16,0.179171,0.07154085110459164,1.009115,98.2,0.6514
3160,2,2832.41,11618.27,0.183843,0.07153758319020806,0.84168,98.1,0.6525
3161,2,2833.07,11616.4,0.18222,0.07153431380842845,0.418233,97.9,0.654
3162,2,2833.72,11614.5,0.172118,0.07153104295939532,0.571215,98.6,0.6493
3163,2,2834.37,11612.59,0.20191,0.07152777064325125,0.583556,98.6,0.6489
3164,2,2835.02,11610.69,0.189552,0.07152449686013888,0.493668,98.6,0.649
3165,2,2835.67,11608.78,0.157889,0.07152122161020093,0.563079,98.6,0.649
3166,2,2836.32,11606.88,0.208848,0.07151794489358015,0.76709,98.7,0.6483
3167,2,2836.97,11604.97,0.210243,0.07151466671041941,0.40557,98.7,0.6483
3168,2,2837.62,11603.07,0.220785,0.07151138706086159,0.431495,98.7,0.6483
3169,2,2838.27,11601.18,0.149718,0.07150810594504965,0.308659,98.0,0.653
3170,2,2838.92,11599.28,0.126815,0.07150482336312664,0.650074,98.7,0.6482
3171,2,2839.57,11597.38,0.220261,0.07150153931523563,0.608196,98.6,0.6492
3172,2,2840.22,11595.48,0.158923,0.07149825380151979,0.635191,98.5,0.6495
3173,2,2840.87,11593.59,0.134734,0.07149496682212234,0.935044,98.7,0.6487
3174,2,2841.52,11591.69,0.145863,0.07149167837718655,0.779308,98.7,0.6486
3175,2,2842.17,11589.79,0.14768,0.07148838846685576,0.500949,98.8,0.6479
3176,2,2842.82,11587.89,0.120491,0.0714850970912734,0.389896,98.6,0.6489
3177,2,2843.47,11586.0,0.158131,0.07148180425058295,0.608675,98.5,0.6499
3178,2,2844.12,11584.1,0.244016,0.07147850994492795,0.612763,98.7,0.6484
3179,2,2844.77,11582.21,0.133721,0.07147521417445199,0.393485,98.5,0.6495
3180,2,2845.42,11580.32,0.209539,0.07147191693929873,0.465512,98.7,0.6486
3181,2,2846.07,11578.44,0.130152,0.07146861823961191,0.388794,98.7,0.6487
3182,2,2846.72,11576.55,0.134081,0.07146531807553533,0.433716,98.7,0.6484
3183,2,2847.37,11574.65,0.231358,0.07146201644721284,0.744248,98.7,0.6481
3184,2,2848.02,11572.76,0.150499,0.07145871335478839,0.948058,98.7,0.6484
3185,2,2848.67,11570.87,0.198298,0.07145540879840592,0.614367,98.6,0.6488
3186,2,2849.32,11568.98,0.151256,0.07145210277820951,0.405147,98.8,0.6481
3187,2,2849.97,11567.09,0.188515,0.07144879529434327,0.756876,98.7,0.6487
3188,2,2850.62,11565.2,0.180402,0.07144548634695137,0.449266,98.8,0.648
3189,2,2851.27,11563.32,0.14751,0.07144217593617808,0.685046,98.7,0.6482
3190,2,2851.91,11561.43,0.179912,0.07143886406216765,1.569851,98.8,0.648
3191,2,2852.56,11559.54,0.181444,0.07143555072506448,0.6096,98.7,0.6484
3192,2,2853.21,11557.66,0.150378,0.07143223592501301,0.702592,98.8,0.6478
3193,2,2853.86,11555.77,0.201593,0.07142891966215774,1.318871,98.7,0.6486
3194,2,2854.51,11553.89,0.197777,0.07142560193664321,0.786947,98.6,0.6488
3195,2,2855.16,11552.01,0.13908,0.07142228274861406,0.50371,98.8,0.648
3196,2,2855.81,11550.13,0.129885,0.07141896209821497,0.526558,98.7,0.6481
3197,2,2856.46,11548.24,0.167118,0.07141563998559068,0.620744,98.7,0.6484
3198,2,2857.11,11546.36,0.204092,0.07141231641088604,0.979641,98.9,0.6473
3199,2,2857.76,11544.48,0.203596,0.07140899137424589,0.707851,98.6,0.6488
3200,2,2858.41,11542.62,0.19682,0.07140566487581519,0.556685,98.2,0.6518
3201,2,2859.1,11540.89,0.141252,0.07140233691573894,0.955481,98.5,0.6496
3202,2,2859.74,11539.01,0.191641,0.07139900749416223,0.614611,98.8,0.6478
3203,2,2860.39,11537.13,0.158414,0.07139567661123018,0.602167,98.7,0.6484
3204,2,2861.04,11535.25,0.204802,0.07139234426708797,0.493803,98.8,0.648
3205,2,2861.69,11533.38,0.174165,0.0713890104618809,0.748978,98.7,0.6485
3206,2,2862.35,11531.52,0.159898,0.07138567519575427,0.740747,98.1,0.6522
3207,2,2862.99,11529.65,0.205182,0.07138233846885346,0.940828,98.7,0.6484
3208,2,2863.65,11527.79,0.127631,0.07137900028132393,0.450504,98.2,0.6515
3209,2,2864.3,11525.92,0.19716,0.07137566063331122,0.775824,98.6,0.6493
3210,2,2864.95,11524.05,0.140404,0.07137231952496087,0.784587,98.7,0.6484
3211,2,2865.6,11522.18,0.216293,0.07136897695641856,1.134778,98.7,0.6485
3212,2,2866.25,11520.31,0.161294,0.07136563292782995,0.754376,98.6,0.6488
3213,2,2866.89,11518.44,0.202521,0.07136228743934087,0.643457,98.7,0.6483
3214,2,2867.55,11516.57,0.18855,0.0713589404910971,0.470807,98.6,0.6492
3215,2,2868.19,11514.71,0.194091,0.07135559208324459,0.752602,98.7,0.6484
3216,2,2868.84,11512.84,0.221917,0.07135224221592926,2.095238,98.6,0.6488
3217,2,2869.5,11511.0,0.196512,0.07134889088929715,0.632742,97.8,0.6544
3218,2,2870.15,11509.14,0.198876,0.07134553810349435,0.957319,98.7,0.6486
3219,2,2870.8,11507.28,0.199575,0.07134218385866702,0.736315,98.5,0.6497
3220,2,2871.45,11505.42,0.140247,0.07133882815496136,0.643215,98.6,0.6488
3221,2,2872.1,11503.57,0.144234,0.07133547099252366,0.456808,98.8,0.6481
3222,2,2872.76,11501.72,0.128759,0.07133211237150025,0.767657,98.1,0.6524
3223,2,2873.41,11499.86,0.149168,0.07132875229203754,0.417315,98.6,0.6492
3224,2,2874.06,11498.01,0.128884,0.07132539075428203,0.564935,98.5,0.6497
3225,2,2874.71,11496.16,0.194697,0.0713220277583802,0.595156,98.2,0.6515
3226,2,2875.36,11494.3,0.171697,0.0713186633044787,0.517745,98.7,0.6481
3227,2,2876.01,11492.45,0.166143,0.07131529739272416,0.575472,98.4,0.6505
3228,2,2876.66,11490.59,0.165542,0.07131193002326332,0.307891,98.7,0.6482
3229,2,2877.31,11488.73,0.147511,0.07130856119624294,0.546205,98.8,0.648
3230,2,2877.95,11486.87,0.179612,0.07130519091180991,0.449978,98.8,0.648
3231,2,2878.6,11485.02,0.155633,0.07130181917011112,0.648039,98.6,0.6489
3232,2,2879.26,11483.17,0.178193,0.07129844597129358,0.684036,98.5,0.6495
3233,2,2879.91,11481.33,0.140001,0.07129507131550428,0.446274,98.0,0.6527
3234,2,2880.56,11479.48,0.17795,0.07129169520289036,0.674587,98.5,0.6498
3235,2,2881.21,11477.63,0.138918,0.07128831763359898,0.969761,98.6,0.6489
3236,2,2881.86,11475.78,0.196331,0.07128493860777739,0.570486,98.8,0.648
3237,2,2882.51,11473.93,0.185543,0.07128155812557285,0.795881,98.7,0.6487
3238,2,2883.16,11472.08,0.177289,0.07127817618713277,0.622652,98.8,0.648
3239,2,2883.81,11470.23,0.206186,0.07127479279260453,0.454508,98.7,0.6483
3240,2,2884.46,11468.38,0.156772,0.07127140794213561,0.718071,98.7,0.6482
3241,2,2885.11,11466.55,0.171738,0.07126802163587362,1.111264,98.6,0.649
3242,2,2885.76,11464.7,0.1735,0.07126463387396612,0.992393,98.7,0.6481
3243,2,2886.41,11462.85,0.212499,0.0712612446565608,0.629504,98.7,0.6482
3244,2,2887.06,11461.02,0.149849,0.0712578539838054,0.47713,98.3,0.6511
3245,2,2887.71,11459.19,0.19175,0.07125446185584772,0.516018,98.0,0.6528
3246,2,2888.36,11457.35,0.201132,0.07125106827283563,0.970493,98.6,0.6494
3247,2,2889.01,11455.51,0.190622,0.07124767323491708,0.404855,98.8,0.6479
3248,2,2889.66,11453.67,0.177279,0.07124427674224004,0.742753,98.7,0.6487
3249,2,2890.31,11451.83,0.172137,0.07124087879495258,0.949472,98.7,0.6484
3250,2,2890.96,11449.98,0.125463,0.07123747939320282,0.663444,98.8,0.6478
3251,2,2891.61,11448.14,0.174899,0.07123407853713894,0.397329,98.7,0.6485
3252,2,2892.26,11446.3,0.204496,0.07123067622690918,0.859184,98.7,0.6484
3253,2,2892.91,11444.46,0.229996,0.07122727246266186,0.695956,98.8,0.6477
3254,2,2893.56,11442.62,0.143884,0.07122386724454537,1.0263,98.7,0.6485
3255,2,2894.21,11440.79,0.175219,0.07122046057270812,0.788541,98.4,0.6502
3256,2,2894.86,11438.96,0.124795,0.07121705244729862,0.58717,98.6,0.6488
3257,2,2895.51,11437.13,0.109527,0.07121364286846545,0.658285,98.4,0.6501
3258,2,2896.16,11435.31,0.179118,0.07121023183635722,1.204076,98.2,0.6518
3259,2,2896.81,11433.48,0.198838,0.07120681935112264,0.681669,98.6,0.6493
3260,2,2897.46,11431.64,0.182205,0.07120340541291043,0.686808,98.7,0.6486
3261,2,2898.12,11429.82,0.205848,0.07119999002186943,0.763515,98.7,0.6487
3262,2,2898.77,11428.0,0.213924,0.07119657317814854,0.4092,98.5,0.6498
3263,2,2899.42,11426.17,0.213566,0.07119315488189666,0.660076,98.7,0.6486
3264,2,2900.07,11424.35,0.155895,0.07118973513326285,0.51975,98.1,0.6524
3265,2,2900.72,11422.52,0.174034,0.07118631393239615,1.003029,98.6,0.6489
3266,2,2901.37,11420.69,0.165005,0.07118289127944569,0.717164,98.7,0.6486
3267,2,2902.02,11418.89,0.201473,0.0711794671745607,0.865707,98.0,0.6533
3268,2,2902.67,11417.06,0.175695,0.0711760416178904,0.459742,98.6,0.6488
3269,2,2903.32,11415.23,0.197662,0.07117261460958414,0.589928,98.6,0.6489
3270,2,2903.97,11413.41,0.198983,0.07116918614979131,0.650914,98.5,0.6495
3271,2,2904.62,11411.59,0.15227,0.07116575623866135,1.38785,98.8,0.6481
3272,2,2905.28,11409.78,0.162048,0.07116232487634377,0.531343,98.1,0.6523
3273,2,2905.93,11407.96,0.132311,0.07115889206298816,0.333202,98.6,0.6493
3274,2,2906.58,11406.14,0.133303,0.07115545779874415,0.392866,98.5,0.6494
3275,2,2907.23,11404.31,0.154073,0.07115202208376144,0.419219,98.7,0.6485
3276,2,2907.88,11402.5,0.183372,0.07114858491818982,0.681436,98.2,0.6519
3277,2,2908.53,11400.7,0.141562,0.07114514630217911,0.705506,98.1,0.6525
3278,2,2909.18,11398.88,0.1906,0.07114170623587919,1.084541,98.5,0.6495
3279,2,2909.84,11397.08,0.169372,0.07113826471944004,0.647216,98.1,0.6525
3280,2,2910.49,11395.27,0.143187,0.07113482175301167,0.44622,98.2,0.6518
3281,2,2911.14,11393.47,0.196246,0.07113137733674416,0.518052,98.7,0.6485
3282,2,2911.79,11391.66,0.154843,0.07112793147078765,0.632097,98.5,0.65
3283,2,2912.44,11389.84,0.174662,0.07112448415529236,1.042288,98.6,0.6493
3284,2,2913.09,11388.03,0.227964,0.07112103539040857,0.420431,98.6,0.6488
3285,2,2913.74,11386.22,0.170336,0.07111758517628661,0.555911,98.6,0.6493
3286,2,2914.39,11384.41,0.157632,0.07111413351307685,0.583508,98.6,0.6488
3287,2,2915.04,11382.6,0.211433,0.07111068040092981,1.690436,98.5,0.65
3288,2,2915.69,11380.78,0.226327,0.07110722583999597,0.87344,98.8,0.6478
3289,2,2916.34,11378.97,0.173595,0.07110376983042593,0.679301,98.7,0.6483
3290,2,2916.99,11377.15,0.204457,0.07110031237237037,0.785953,98.7,0.6482
3291,2,2917.64,11375.34,0.146495,0.07109685346597996,0.45896,98.8,0.648
3292,2,2918.3,11373.55,0.188133,0.0710933931114055,0.72671,97.8,0.6545
3293,2,2918.94,11371.74,0.206981,0.07108993130879783,0.923123,98.7,0.6485
3294,2,2919.59,11369.93,0.215031,0.07108646805830787,0.411484,98.6,0.6488
3295,2,2920.24,11368.12,0.203849,0.07108300336008658,0.620233,98.7,0.6481
3296,2,2920.89,11366.31,0.154676,0.07107953721428496,0.407627,98.7,0.6482
3297,2,2921.55,11364.55,0.17349,0.07107606962105413,0.598667,96.9,0.6602
3298,2,2922.2,11362.75,0.192524,0.07107260058054525,0.642922,98.7,0.6487
3299,2,2922.85,11360.94,0.183492,0.07106913009290952,0.432724,98.8,0.6479
3300,2,2923.5,11359.14,0.204515,0.07106565815829824,0.683558,98.2,0.6514
3301,2,2940.96,11422.63,0.212505,0.07106218477686276,0.676681,93.4,0.6853
3302,2,2941.61,11420.8,0.164635,0.07105870994875449,0.509149,98.9,0.6472
3303,2,2942.26,11418.97,0.147647,0.07105523367412488,0.621245,98.7,0.6483
3304,2,2942.92,11417.16,0.153133,0.07105175595312549,0.608961,98.1,0.6521
3305,2,2943.56,11415.33,0.156172,0.0710482767859079,0.457271,98.8,0.6475
3306,2,2944.21,11413.5,0.170856,0.0710447961726238,0.459834,98.7,0.6482
3307,2,2944.86,11411.67,0.267339,0.07104131411342489,1.143798,98.9,0.6473
3308,2,2945.51,11409.86,0.225216,0.07103783060846294,0.82067,98.3,0.6511
3309,2,2946.16,11408.03,0.176967,0.07103434565788985,0.511716,98.8,0.6477
3310,2,2946.81,11406.2,0.16985,0.07103085926185748,0.493001,98.8,0.6477
3311,2,2947.46,11404.38,0.191294,0.07102737142051785,0.506106,98.8,0.6479
3312,2,2948.11,11402.56,0.198025,0.07102388213402298,0.489232,98.5,0.6497
3313,2,2948.76,11400.74,0.155955,0.07102039140252497,0.573334,98.7,0.6483
3314,2,2949.41,11398.92,0.144144,0.07101689922617599,0.690793,98.8,0.6479
3315,2,2950.06,11397.1,0.119815,0.07101340560512828,0.707979,98.4,0.6501
3316,2,2950.71,11395.28,0.184249,0.07100991053953412,0.445271,98.7,0.6481
3317,2,2951.36,11393.46,0.161419,0.07100641402954586,0.822596,98.8,0.6481
3318,2,2952.01,11391.64,0.163435,0.07100291607531592,0.887726,98.7,0.6481
3319,2,2952.65,11389.83,0.169224,0.07099941667699679,0.520165,98.7,0.6485
3320,2,2953.3,11388.01,0.201814,0.070995915834741,0.39389,98.7,0.6486
3321,2,2953.96,11386.21,0.199944,0.07099241354870116,0.519403,98.8,0.648
3322,2,2954.6,11384.39,0.176992,0.07098890981902994,0.661774,98.9,0.6474
3323,2,2955.25,11382.57,0.186586,0.07098540464588007,0.627766,98.9,0.6472
3324,2,2955.9,11380.75,0.18485,0.07098189802940436,0.338421,98.9,0.6474
3325,2,2956.55,11378.94,0.190573,0.07097838996975565,0.624932,98.9,0.6472
3326,2,2957.2,11377.12,0.196179,0.07097488046708687,0.630427,98.9,0.6472
3327,2,2957.85,11375.31,0.183996,0.070971369521551,1.006373,98.7,0.6482
3328,2,2958.5,11373.5,0.167176,0.07096785713330109,0.575257,98.5,0.6495
3329,2,2959.15,11371.69,0.197656,0.07096434330249025,0.438825,98.8,0.6475
3330,2,2959.79,11369.88,0.235688,0.07096082802927166,0.504156,98.8,0.6481
3331,2,2960.45,11368.08,0.14477,0.07095731131379854,0.540389,98.2,0.6515
3332,2,2961.1,11366.27,0.187367,0.07095379315622419,0.488447,98.8,0.6477
3333,2,2961.74,11364.46,0.195572,0.07095027355670198,0.497889,98.8,0.6477
3334,2,2962.39,11362.65,0.186094,0.07094675251538533,0.448161,98.8,0.648
3335,2,2963.04,11360.84,0.215163,0.07094323003242772,0.641708,98.9,0.6474
3336,2,2963.69,11359.05,0.165674,0.0709397061079827,0.331052,98.2,0.6516
3337,2,2964.34,11357.24,0.175813,0.0709361807422039,0.452448,98.8,0.6481
3338,2,2964.99,11355.44,0.193739,0.07093265393524498,0.423153,98.7,0.6484
3339,2,2965.64,11353.63,0.160467,0.07092912568725966,0.379244,98.9,0.6473
3340,2,2966.29,11351.83,0.186846,0.07092559599840179,0.418615,98.8,0.6478
3341,2,2966.94,11350.05,0.204651,0.07092206486882519,0.722823,98.4,0.6504
3342,2,2967.59,11348.25,0.212346,0.0709185322986838,0.350449,98.7,0.6486
3343,2,2968.24,11346.45,0.167077,0.07091499828813164,0.435377,98.8,0.6479
3344,2,2968.89,11344.64,0.153789,0.0709114628373227,0.407066,98.8,0.6477
3345,2,2969.54,11342.84,0.208009,0.07090792594641115,0.534663,98.8,0.6477
3346,2,2970.19,11341.04,0.163576,0.07090438761555115,0.655302,98.7,0.6483
3347,2,2970.84,11339.25,0.201291,0.07090084784489693,0.423067,98.7,0.6483
3348,2,2971.49,11337.45,0.189064,0.07089730663460281,0.393848,98.8,0.6476
3349,2,2972.14,11335.65,0.24372,0.07089376398482314,0.508407,98.8,0.6478
3350,2,2972.78,11333.85,0.107662,0.07089021989571236,0.532191,98.8,0.648
3351,2,2973.43,11332.05,0.158637,0.07088667436742495,0.545412,98.9,0.647
3352,2,2974.08,11330.26,0.144384,0.07088312740011547,0.463805,98.5,0.6497
3353,2,2974.73,11328.47,0.133784,0.07087957899393854,0.528457,98.7,0.6482
3354,2,2975.38,11326.69,0.187062,0.07087602914904884,0.971357,98.3,0.6508
3355,2,2976.03,11324.89,0.178227,0.07087247786560111,0.857142,98.8,0.6478
3356,2,2976.68,11323.1,0.20894,0.07086892514375015,1.195386,98.9,0.6471
3357,2,2977.33,11321.3,0.183729,0.07086537098365084,0.873155,98.8,0.6476
3358,2,2977.98,11319.51,0.153874,0.07086181538545809,0.464509,98.8,0.6476
3359,2,2978.63,11317.72,0.181659,0.07085825834932691,1.132215,98.8,0.648
3360,2,2979.28,11315.94,0.187579,0.07085469987541236,0.619907,98.3,0.651
3361,2,2979.93,11314.16,0.186042,0.07085113996386955,0.536029,98.7,0.6483
3362,2,2980.58,11312.37,0.131745,0.07084757861485365,0.513219,98.7,0.6485
3363,2,2981.23,11310.6,0.192104,0.07084401582851993,0.504392,98.1,0.6522
3364,2,2981.88,11308.82,0.185338,0.07084045160502368,0.648517,98.6,0.649
3365,2,2982.53,11307.03,0.223326,0.07083688594452027,0.522538,98.8,0.6481
3366,2,2983.18,11305.25,0.170842,0.07083331884716514,0.637663,98.8,0.648
3367,2,2983.83,11303.46,0.116475,0.07082975031311378,0.719784,98.9,0.6473
3368,2,2984.48,11301.68,0.176915,0.07082618034252174,0.997905,98.6,0.6489
3369,2,2985.13,11299.89,0.172647,0.07082260893554464,0.8855,98.8,0.6477
3370,2,2985.78,11298.1,0.218539,0.07081903609233815,0.604212,98.8,0.6475
3371,2,2986.42,11296.32,0.198766,0.07081546181305805,0.830828,98.7,0.6481
3372,2,2987.07,11294.54,0.117079,0.07081188609786014,0.434103,98.7,0.6486
3373,2,2987.72,11292.76,0.202726,0.07080830894690028,0.499957,98.9,0.6473
3374,2,2988.37,11290.99,0.159469,0.07080473036033438,0.517634,98.3,0.6509
3375,2,2989.02,11289.21,0.175234,0.07080115033831848,1.037642,98.8,0.6475
3376,2,2989.67,11287.43,0.222318,0.0707975688810086,1.249444,98.8,0.6478
3377,2,2990.32,11285.65,0.199613,0.07079398598856088,1.44087,98.8,0.648
3378,2,2990.97,11283.87,0.178607,0.0707904016611315,1.139083,98.8,0.6478
3379,2,2991.62,11282.09,0.162381,0.07078681589887671,0.733519,98.9,0.6469
3380,2,2992.27,11280.31,0.138021,0.0707832287019528,1.044799,98.7,0.6487
3381,2,2992.92,11278.55,0.214982,0.07077964007051617,1.285144,98.7,0.6483
3382,2,2993.57,11276.78,0.170414,0.07077605000472323,0.603555,98.8,0.6478
3383,2,2994.22,11275.0,0.206859,0.07077245850473048,0.425209,98.8,0.648
3384,2,2994.87,11273.23,0.214562,0.07076886557069448,0.581162,98.7,0.6484
3385,2,2995.52,11271.46,0.154069,0.07076527120277185,0.993507,98.8,0.6477
3386,2,2996.16,11269.68,0.185282,0.07076167540111926,0.527084,98.8,0.6478
3387,2,2996.81,11267.91,0.198899,0.07075807816589347,0.799159,98.7,0.6482
3388,2,2997.46,11266.14,0.200877,0.0707544794972513,0.549493,98.9,0.6472
3389,2,2998.11,11264.36,0.161892,0.07075087939534962,0.701518,98.9,0.6471
3390,2,2998.76,11262.59,0.205817,0.07074727786034533,0.881666,98.8,0.6479
3391,2,2999.41,11260.83,0.197163,0.07074367489239547,0.563058,98.5,0.6494
3392,2,3000.06,11259.08,0.130235,0.07074007049165706,0.583842,98.0,0.6529
3393,2,3000.71,11257.31,0.181764,0.07073646465828723,0.82826,98.8,0.6478
3394,2,3001.36,11255.54,0.168932,0.07073285739244317,0.622343,98.8,0.6475
3395,2,3002.01,11253.77,0.173371,0.07072924869428213,0.372747,98.8,0.6479
3396,2,3002.66,11252.01,0.155414,0.0707256385639614,0.352348,98.7,0.6488
3397,2,3003.31,11250.24,0.133581,0.07072202700163838,0.559748,98.6,0.6488
3398,2,3003.96,11248.49,0.143165,0.07071841400747048,0.464645,98.3,0.6512
3399,2,3004.61,11246.73,0.160994,0.0707147995816152,0.731407,98.7,0.6485
3400,2,3005.26,11244.97,0.196041,0.0707111837242301,1.080297,98.7,0.6483
3401,2,3005.91,11243.22,0.211939,0.0707075664354728,1.317808,98.8,0.6479
3402,2,3006.56,11241.46,0.147275,0.07070394771550098,0.833153,98.7,0.6483
3403,2,3007.21,11239.71,0.188014,0.07070032756447238,0.516175,98.2,0.6517
3404,2,3007.86,11237.95,0.189893,0.07069670598254481,0.654084,98.7,0.6486
3405,2,3008.51,11236.2,0.186907,0.07069308296987614,1.541338,98.4,0.6503
3406,2,3009.16,11234.44,0.218581,0.0706894585266243,0.642867,98.8,0.6478
3407,2,3009.81,11232.68,0.179285,0.07068583265294728,0.880439,98.7,0.6484
3408,2,3010.46,11230.92,0.178027,0.07068220534900317,0.797798,98.8,0.648
3409,2,3011.11,11229.17,0.148473,0.07067857661495006,0.434538,98.7,0.6484
3410,2,3011.76,11227.41,0.190928,0.07067494645094612,0.518005,98.6,0.6488
3411,2,3012.41,11225.66,0.164088,0.0706713148571496,0.911419,98.6,0.649
3412,2,3013.06,11223.9,0.134892,0.07066768183371883,1.262069,98.8,0.6479
3413,2,3013.71,11222.15,0.145487,0.07066404738081214,0.527666,98.9,0.6471
3414,2,3014.35,11220.39,0.176381,0.07066041149858801,0.637395,98.8,0.6479
3415,2,3015.0,11218.64,0.16115,0.0706567741872049,0.614907,98.8,0.6478
3416,2,3015.66,11216.9,0.168836,0.07065313544682135,0.592215,98.1,0.6523
3417,2,3016.31,11215.16,0.182825,0.07064949527759602,0.386566,98.0,0.653
3418,2,3016.96,11213.41,0.117069,0.07064585367968756,0.570862,98.8,0.648
3419,2,3017.61,11211.66,0.171116,0.07064221065325473,0.422071,98.8,0.648
3420,2,3018.26,11209.92,0.215772,0.0706385661984563,0.42573,98.7,0.6486
3421,2,3018.91,11208.18,0.143043,0.07063492031545118,0.32949,98.8,0.6476
3422,2,3019.56,11206.43,0.126949,0.07063127300439827,0.358913,98.6,0.6493
3423,2,3020.21,11204.69,0.147047,0.07062762426545657,0.528599,98.7,0.6484
3424,2,3020.86,11202.96,0.15346,0.07062397409878514,0.738852,97.8,0.6544
3425,2,3021.51,11201.21,0.231499,0.07062032250454309,1.338162,98.7,0.6484
3426,2,3022.16,11199.47,0.186629,0.0706166694828896,1.026516,98.7,0.6484
3427,2,3022.81,11197.73,0.223916,0.0706130150339839,0.779685,98.3,0.651
3428,2,3023.46,11195.99,0.173802,0.0706093591579853,0.781084,98.8,0.6477
3429,2,3024.11,11194.24,0.189291,0.07060570185505316,1.308162,98.8,0.6481
3430,2,3024.76,11192.5,0.183967,0.07060204312534692,0.421605,98.8,0.6478
3431,2,3025.41,11190.76,0.142967,0.07059838296902606,0.396519,98.6,0.6489
3432,2,3026.06,11189.02,0.133315,0.07059472138625011,0.529469,98.6,0.6488
3433,2,3026.71,11187.28,0.181305,0.07059105837717872,0.99947,98.5,0.6497
3434,2,3027.36,11185.54,0.144337,0.07058739394197155,1.078803,98.8,0.6481
3435,2,3028.01,11183.8,0.124145,0.07058372808078835,1.51238,98.6,0.6489
3436,2,3028.66,11182.07,0.21214,0.0705800607937889,0.972029,98.6,0.6491
3437,2,3029.31,11180.33,0.143854,0.07057639208113306,0.567182,98.8,0.648
3438,2,3029.96,11178.59,0.200879,0.07057272194298075,1.049549,98.6,0.649
3439,2,3030.61,11176.87,0.154785,0.07056905037949197,0.486773,98.3,0.6513
3440,2,3031.28,11175.19,0.164999,0.07056537739082677,0.602856,96.4,0.6638
3441,2,3031.93,11173.47,0.190704,0.07056170297714527,1.591368,98.7,0.6483
3442,2,3032.58,11171.74,0.13975,0.07055802713860762,1.052352,98.7,0.6483
3443,2,3033.23,11170.0,0.180088,0.07055434987537405,0.887986,98.8,0.6478
3444,2,3033.88,11168.26,0.183163,0.07055067118760489,0.912578,98.8,0.6481
3445,2,3034.53,11166.53,0.170915,0.07054699107546047,1.078407,98.7,0.6485
3446,2,3035.18,11164.8,0.156675,0.07054330953910122,0.607442,98.7,0.6482
3447,2,3035.83,11163.07,0.149801,0.07053962657868763,0.44104,98.6,0.6489
3448,2,3036.48,11161.36,0.169433,0.07053594219438024,0.607721,97.7,0.6553
3449,2,3037.13,11159.63,0.18987,0.07053225638633964,0.622351,98.8,0.6478
3450,2,3037.78,11157.9,0.181936,0.07052856915472654,0.418441,98.7,0.6484
3451,2,3038.43,11156.17,0.145137,0.07052488049970163,0.558556,98.8,0.6478
3452,2,3039.08,11154.44,0.181445,0.07052119042142573,0.53096,98.8,0.6476
3453,2,3039.73,11152.7,0.166318,0.07051749892005967,0.495326,98.9,0.6472
3454,2,3040.37,11150.97,0.196915,0.07051380599576437,0.854687,98.8,0.6479
3455,2,3041.02,11149.24,0.147854,0.07051011164870084,0.514286,98.8,0.6481
3456,2,3041.68,11147.54,0.213535,0.0705064158790301,0.492645,97.7,0.6548
3457,2,3042.33,11145.81,0.207084,0.07050271868691325,0.653592,98.8,0.648
3458,2,3042.98,11144.09,0.176699,0.07049902007251148,0.772644,98.7,0.6483
3459,2,3043.63,11142.36,0.166323,0.07049532003598599,0.998517,98.7,0.6482
3460,2,3044.27,11140.64,0.180541,0.07049161857749807,0.738185,98.8,0.6477
3461,2,3044.93,11138.92,0.182015,0.0704879156972091,0.557524,98.8,0.648
3462,2,3045.58,11137.2,0.187763,0.07048421139528045,0.654192,98.7,0.6487
3463,2,3046.23,11135.48,0.161439,0.07048050567187363,0.61003,98.8,0.6479
3464,2,3046.88,11133.77,0.139845,0.07047679852715015,0.629032,98.2,0.6517
3465,2,3047.53,11132.05,0.140905,0.07047308996127163,0.349659,98.8,0.6477
3466,2,3048.18,11130.32,0.203205,0.07046937997439974,0.600922,98.8,0.648
3467,2,3048.82,11128.61,0.164207,0.07046566856669619,0.595086,98.7,0.6485
3468,2,3049.47,11126.88,0.207216,0.07046195573832274,0.743188,98.8,0.6477
3469,2,3050.12,11125.17,0.147506,0.07045824148944127,1.173582,98.7,0.6483
3470,2,3050.77,11123.45,0.167424,0.07045452582021369,0.81274,98.8,0.6478
3471,2,3051.42,11121.73,0.218495,0.07045080873080196,0.586956,98.8,0.6477
3472,2,3052.07,11120.03,0.137006,0.07044709022136812,0.969594,97.9,0.6539
3473,2,3052.72,11118.32,0.172514,0.07044337029207424,0.598041,98.5,0.6496
3474,2,3053.37,11116.6,0.164428,0.07043964894308251,0.878584,98.8,0.648
3475,2,3054.02,11114.89,0.133226,0.07043592617455513,0.406564,98.7,0.6483
3476,2,3054.67,11113.17,0.166985,0.0704322019866544,0.5991,98.8,0.6476
3477,2,3055.32,11111.46,0.167419,0.07042847637954262,0.659616,98.7,0.6485
3478,2,3055.97,11109.74,0.145679,0.07042474935338223,0.420156,98.7,0.6482
3479,2,3056.62,11108.03,0.13903,0.0704210209083357,0.560237,98.7,0.6483
3480,2,3057.27,11106.32,0.159388,0.07041729104456554,0.531698,98.8,0.6479
3481,2,3057.92,11104.61,0.213898,0.07041355976223433,0.423759,98.8,0.6477
3482,2,3058.57,11102.9,0.19442,0.07040982706150474,0.743561,98.8,0.6479
3483,2,3059.22,11101.19,0.151547,0.07040609294253948,0.596033,98.7,0.6483
3484,2,3059.87,11099.48,0.16424,0.07040235740550133,0.592248,98.8,0.648
3485,2,3060.51,11097.77,0.146607,0.07039862045055312,0.437056,98.8,0.6477
3486,2,3061.16,11096.06,0.168511,0.07039488207785774,0.954119,98.8,0.648
3487,2,3061.81,11094.35,0.176589,0.07039114228757817,0.47879,98.9,0.6474
3488,2,3062.46,11092.64,0.21239,0.07038740107987743,0.574721,98.6,0.6492
3489,2,3063.11,11090.94,0.206304,0.07038365845491858,0.929053,98.8,0.6481
3490,2,3063.76,11089.23,0.181647,0.07037991441286479,0.995075,98.8,0.6479
3491,2,3064.41,11087.52,0.103429,0.07037616895387926,0.690183,98.8,0.648
3492,2,3065.06,11085.82,0.159324,0.07037242207812525,1.171329,98.7,0.6483
3493,2,3065.71,11084.11,0.194725,0.07036867378576611,0.763204,98.7,0.6481
3494,2,3066.36,11082.41,0.149168,0.07036492407696522,0.479473,98.7,0.6485
3495,2,3067.0,11080.71,0.172663,0.07036117295188604,0.516113,98.8,0.6477
3496,2,3067.65,11079.0,0.17773,0.0703574204106921,0.591408,98.8,0.6479
3497,2,3068.3,11077.3,0.152969,0.07035366645354695,0.315927,98.7,0.6486
3498,2,3068.95,11075.6,0.158232,0.07034991108061424,0.525627,98.8,0.6479
3499,2,3069.6,11073.9,0.135797,0.07034615429205769,0.52881,98.8,0.6481
3500,2,3070.25,11072.2,0.185825,0.07034239608804103,0.833515,98.7,0.6485
3501,2,3070.9,11070.51,0.1998,0.07033863646872812,0.684276,98.7,0.6481
3502,2,3071.55,11068.82,0.1568,0.07033487543428281,0.397165,98.7,0.6483
3503,2,3072.2,11067.12,0.141776,0.07033111298486909,0.517571,98.7,0.6487
3504,2,3072.85,11065.42,0.189547,0.07032734912065094,0.771942,98.8,0.6476
3505,2,3073.5,11063.72,0.19639,0.07032358384179245,0.517096,98.9,0.6474
3506,2,3074.15,11062.03,0.205881,0.07031981714845773,0.49161,98.8,0.6481
3507,2,3074.8,11060.33,0.154451,0.07031604904081099,0.441075,98.8,0.6477
3508,2,3075.45,11058.63,0.164804,0.07031227951901649,0.318974,98.8,0.6476
3509,2,3076.1,11056.94,0.12115,0.07030850858323853,0.43303,98.7,0.6486
3510,2,3076.74,11055.24,0.176776,0.07030473623364152,0.587745,98.8,0.648
3511,2,3077.39,11053.55,0.141072,0.07030096247038987,0.617607,98.8,0.6479
3512,2,3078.04,11051.86,0.176529,0.0702971872936481,1.090208,98.6,0.649
3513,2,3078.69,11050.17,0.19793,0.07029341070358079,0.485179,98.6,0.6488
3514,2,3079.35,11048.49,0.156555,0.07028963270035254,0.503933,98.2,0.6517
3515,2,3080.0,11046.8,0.137183,0.07028585328412805,0.844988,98.5,0.6494
3516,2,3080.65,11045.11,0.195747,0.07028207245507208,0.472798,98.7,0.6487
3517,2,3081.29,11043.42,0.171621,0.07027829021334941,0.991502,98.7,0.6486
3518,2,3081.94,11041.73,0.123866,0.07027450655912494,0.605666,98.8,0.6479
3519,2,3082.59,11040.04,0.133563,0.0702707214925636,0.360771,98.8,0.6478
3520,2,3083.24,11038.35,0.152224,0.07026693501383037,0.69634,98.7,0.6484
3521,2,3083.89,11036.68,0.165635,0.07026314712309033,0.962763,98.8,0.6481
3522,2,3084.54,11034.99,0.154905,0.0702593578205086,1.559127,98.6,0.649
3523,2,3085.19,11033.3,0.161934,0.07025556710625033,1.018052,98.8,0.6477
3524,2,3085.84,11031.62,0.124085,0.07025177498048078,0.412268,98.7,0.6482
3525,2,3086.49,11029.93,0.194791,0.07024798144336526,0.623907,98.7,0.6483
3526,2,3087.14,11028.25,0.142255,0.07024418649506914,0.584302,98.7,0.6482
3527,2,3087.79,11026.57,0.163904,0.07024039013575784,0.442199,98.6,0.649
3528,2,3088.44,11024.88,0.185705,0.07023659236559683,0.65587,98.7,0.6482
3529,2,3089.09,11023.2,0.166694,0.07023279318475169,0.999604,98.7,0.6487
3530,2,3089.74,11021.53,0.211488,0.07022899259338801,1.506903,98.5,0.6495
3531,2,3090.39,11019.85,0.157066,0.07022519059167148,0.473571,98.8,0.648
3532,2,3091.04,11018.17,0.13012,0.07022138717976782,0.435106,98.6,0.6493
3533,2,3091.69,11016.49,0.128255,0.07021758235784283,0.480199,98.5,0.6497
3534,2,3092.34,11014.82,0.161345,0.07021377612606236,0.693428,98.5,0.6497
3535,2,3092.99,11013.14,0.125808,0.07020996848459234,0.47944,98.7,0.6486
3536,2,3093.64,11011.46,0.225495,0.07020615943359874,0.873993,98.7,0.6483
3537,2,3094.29,11009.8,0.134196,0.07020234897324762,0.698125,98.2,0.6519
3538,2,3094.94,11008.12,0.191967,0.07019853710370506,1.366092,98.6,0.6493
3539,2,3095.59,11006.45,0.171471,0.07019472382513724,0.79573,98.7,0.6482
3540,2,3096.24,11004.78,0.133909,0.07019090913771038,0.564748,98.5,0.6496
3541,2,3096.89,11003.11,0.188678,0.07018709304159076,0.462301,98.7,0.6483
3542,2,3097.54,11001.44,0.137814,0.07018327553694476,0.505494,98.6,0.649
3543,2,3098.19,10999.77,0.144225,0.07017945662393874,0.311272,98.7,0.6486
3544,2,3098.84,10998.09,0.187534,0.07017563630273921,0.407382,98.8,0.6479
3545,2,3099.49,10996.42,0.170142,0.07017181457351268,0.664623,98.6,0.6493
3546,2,3100.14,10994.75,0.163733,0.07016799143642576,0.41751,98.8,0.6478
3547,2,3100.79,10993.07,0.150646,0.07016416689164509,0.657916,98.7,0.6482
3548,2,3101.44,10991.41,0.201827,0.07016034093933742,0.615433,98.7,0.6485
3549,2,3102.09,10989.74,0.12732,0.07015651357966948,0.638864,98.7,0.6485
3550,2,3102.74,10988.07,0.147762,0.07015268481280815,0.922307,98.7,0.6484
3551,2,3103.39,10986.4,0.157076,0.0701488546389203,0.916378,98.7,0.6485
3552,2,3104.04,10984.73,0.210945,0.07014502305817294,1.640633,98.8,0.6481
3553,2,3104.69,10983.06,0.209327,0.07014119007073304,0.800911,98.6,0.6492
3554,2,3105.34,10981.4,0.184381,0.0701373556767677,0.375672,98.6,0.6494
3555,2,3105.99,10979.73,0.166992,0.07013351987644408,0.298744,98.7,0.6484
3556,2,3106.64,10978.06,0.159437,0.07012968266992937,0.468426,98.7,0.6482
3557,2,3107.29,10976.4,0.172478,0.07012584405739086,0.620442,98.5,0.6498
3558,2,3107.94,10974.73,0.208683,0.07012200403899589,0.459054,98.7,0.6486
3559,2,3108.59,10973.07,0.188878,0.0701181626149118,0.571365,98.6,0.6492
3560,2,3109.24,10971.41,0.159607,0.07011431978530609,0.36623,98.6,0.6488
3561,2,3109.89,10969.76,0.158019,0.07011047555034625,0.384247,98.7,0.6485
3562,2,3110.54,10968.09,0.203894,0.07010662991019986,0.613371,98.7,0.6482
3563,2,3111.19,10966.43,0.200034,0.07010278286503457,0.729835,98.7,0.6487
3564,2,3111.84,10964.77,0.19818,0.07009893441501806,0.664671,98.6,0.6491
3565,2,3112.49,10963.11,0.156229,0.0700950845603181,0.632543,98.6,0.6488
3566,2,3113.14,10961.45,0.20683,0.0700912333011025,0.553038,98.7,0.6485
3567,2,3113.79,10959.79,0.148085,0.07008738063753915,0.426683,98.7,0.6483
3568,2,3114.44,10958.16,0.139933,0.070083526569796,1.444973,97.4,0.6569
3569,2,3115.09,10956.5,0.215483,0.07007967109804103,0.983055,98.7,0.6487
3570,2,3115.74,10954.85,0.177262,0.07007581422244233,0.469359,98.5,0.6495
3571,2,3116.39,10953.19,0.185748,0.07007195594316801,0.778548,98.6,0.6488
3572,2,3117.04,10951.54,0.18436,0.07006809626038626,0.944213,98.6,0.6494
3573,2,3117.7,10949.89,0.135649,0.07006423517426534,0.423298,98.2,0.6519
3574,2,3118.35,10948.24,0.185655,0.07006037268497355,0.723485,98.7,0.6488
3575,2,3119.0,10946.58,0.151094,0.07005650879267926,0.545588,98.7,0.6484
3576,2,3119.65,10944.93,0.117588,0.0700526434975509,0.493665,98.5,0.6496
3577,2,3120.29,10943.28,0.167245,0.07004877679975698,0.403432,98.7,0.6482
3578,2,3120.94,10941.62,0.167244,0.07004490869946603,0.462589,98.7,0.6482
3579,2,3121.6,10939.98,0.176445,0.07004103919684669,0.890166,98.2,0.6516
3580,2,3122.25,10938.33,0.203444,0.07003716829206762,0.75393,98.6,0.649
3581,2,3122.9,10936.69,0.083144,0.07003329598529756,0.376215,98.7,0.6483
3582,2,3123.55,10935.04,0.140923,0.0700294222767053,0.686107,98.6,0.6489
3583,2,3124.2,10933.39,0.238603,0.07002554716645973,0.367969,98.6,0.6488
3584,2,3124.85,10931.74,0.181204,0.07002167065472974,0.468514,98.6,0.649
3585,2,3125.5,10930.09,0.151781,0.07001779274168433,0.586213,98.8,0.648
3586,2,3126.15,10928.44,0.146402,0.07001391342749254,1.433615,98.7,0.6487
3587,2,3126.8,10926.79,0.17939,0.07001003271232346,1.215783,98.7,0.6485
3588,2,3127.45,10925.14,0.210948,0.07000615059634627,0.387469,98.7,0.6483
3589,2,3128.09,10923.49,0.155853,0.0700022670797302,0.626088,98.7,0.6483
3590,2,3128.74,10921.84,0.149839,0.06999838216264453,0.455493,98.7,0.6483
3591,2,3129.39,10920.2,0.153839,0.06999449584525862,0.424231,98.8,0.648
3592,2,3130.04,10918.55,0.207732,0.06999060812774184,0.56261,98.7,0.6487
3593,2,3130.69,10916.9,0.156253,0.06998671901026372,0.489332,98.7,0.6482
3594,2,3131.34,10915.26,0.167535,0.06998282849299375,0.59576,98.7,0.6485
3595,2,3131.99,10913.62,0.159786,0.06997893657610153,0.805914,98.6,0.6492
3596,2,3132.64,10911.98,0.170249,0.06997504325975673,1.288965,98.3,0.6514
3597,2,3133.29,10910.34,0.21317,0.06997114854412906,0.267349,98.6,0.649
3598,2,3133.94,10908.7,0.195229,0.06996725242938828,0.446839,98.6,0.6491
3599,2,3134.59,10907.06,0.155411,0.06996335491570423,0.503298,98.7,0.6486
3600,2,3135.24,10905.42,0.196796,0.06995945600324682,0.592836,98.8,0.6479
3601,2,3202.09,11133.94,0.219055,0.069955555692186,0.575936,98.8,0.648
3602,2,3202.74,11132.22,0.198177,0.0699516539826918,0.607003,98.6,0.6489
3603,2,3203.39,11130.5,0.139941,0.06994775087493428,0.701447,98.6,0.6493
3604,2,3204.04,11128.79,0.239229,0.0699438463690836,0.45736,98.4,0.6503
3605,2,3204.69,11127.07,0.162288,0.06993994046530995,0.422961,98.8,0.648
3606,2,3205.34,11125.36,0.099289,0.0699360331637836,0.49992,98.3,0.6514
3607,2,3205.99,11123.64,0.185995,0.0699321244646749,1.349174,98.7,0.6484
3608,2,3206.64,11121.92,0.175734,0.06992821436815419,0.91453,98.7,0.6483
3609,2,3207.29,11120.21,0.174208,0.06992430287439193,0.603186,98.3,0.651
3610,2,3207.94,11118.49,0.168176,0.06992038998355864,0.36037,98.8,0.648
3611,2,3208.59,11116.77,0.179612,0.06991647569582488,0.619445,98.8,0.6478
3612,2,3209.24,11115.05,0.147007,0.06991256001136127,0.565044,98.8,0.6475
3613,2,3209.89,11113.34,0.194952,0.06990864293033854,0.721424,98.3,0.6512
3614,2,3210.54,11111.63,0.176323,0.06990472445292739,0.394565,98.7,0.6485
3615,2,3211.19,11109.91,0.132672,0.06990080457929865,0.663974,98.7,0.6482
3616,2,3211.84,11108.2,0.185347,0.0698968833096232,0.751884,98.8,0.6479
3617,2,3212.49,11106.48,0.204397,0.06989296064407197,1.052148,98.8,0.6475
3618,2,3213.13,11104.76,0.179001,0.06988903658281595,0.693517,98.8,0.6477
3619,2,3213.78,11103.05,0.177343,0.0698851111260262,0.476293,98.8,0.648
3620,2,3214.43,11101.33,0.198658,0.06988118427387384,0.350221,98.8,0.6476
3621,2,3215.08,11099.63,0.215622,0.06987725602653003,0.461652,98.8,0.648
3622,2,3215.73,11097.91,0.160408,0.06987332638416602,0.658343,98.8,0.648
3623,2,3216.38,11096.21,0.135711,0.0698693953469531,1.041485,98.3,0.6514
3624,2,3217.03,11094.5,0.165698,0.06986546291506264,0.676487,98.7,0.6483
3625,2,3217.68,11092.79,0.180204,0.06986152908866605,0.337236,98.7,0.6485
3626,2,3218.33,11091.09,0.221677,0.06985759386793482,0.894054,98.7,0.6486
3627,2,3218.98,11089.38,0.167839,0.06985365725304048,0.802848,98.8,0.6481
3628,2,3219.63,11087.67,0.180556,0.06984971924415463,0.539942,98.7,0.6482
3629,2,3220.28,11085.96,0.208951,0.06984577984144895,0.397916,98.8,0.648
3630,2,3220.93,11084.27,0.138025,0.06984183904509515,0.465544,98.2,0.6518
3631,2,3221.58,11082.56,0.196904,0.06983789685526504,0.469592,98.8,0.6477
3632,2,3222.23,11080.85,0.172593,0.06983395327213042,0.365198,98.8,0.648
3633,2,3222.88,11079.14,0.161209,0.06983000829586324,0.584324,98.8,0.6475
3634,2,3223.53,11077.43,0.204943,0.06982606192663543,0.429725,98.8,0.648
3635,2,3224.18,11075.73,0.147886,0.06982211416461905,0.391081,98.8,0.648
3636,2,3224.83,11074.04,0.184538,0.06981816500998615,0.485778,98.2,0.6514
3637,2,3225.48,11072.34,0.184515,0.06981421446290892,0.261843,98.6,0.6489
3638,2,3226.13,11070.63,0.201539,0.06981026252355955,0.484042,98.7,0.6482
3639,2,3226.78,11068.93,0.193837,0.06980630919211031,0.464537,98.8,0.6479
3640,2,3227.42,11067.23,0.204509,0.06980235446873352,0.585476,98.7,0.6482
3641,2,3228.08,11065.55,0.189572,0.0697983983536016,0.464301,98.2,0.6516
3642,2,3228.73,11063.86,0.147597,0.06979444084688698,0.306096,98.2,0.6515
3643,2,3229.39,11062.17,0.199362,0.0697904819487622,0.534486,98.2,0.6517
3644,2,3230.03,11060.48,0.178718,0.06978652165939979,0.693215,98.7,0.6484
3645,2,3230.68,11058.78,0.217916,0.06978255997897241,0.518977,98.7,0.6482
3646,2,3231.33,11057.08,0.195491,0.06977859690765276,1.050017,98.7,0.6483
3647,2,3231.99,11055.4,0.218204,0.06977463244561356,1.024768,98.1,0.6523
3648,2,3232.64,11053.7,0.162591,0.06977066659302768,0.580581,98.7,0.6485
3649,2,3233.29,11052.0,0.155654,0.06976669935006796,0.641306,98.7,0.6486
3650,2,3233.94,11050.33,0.182131,0.06976273071690735,0.549799,97.8,0.6541
3651,2,3234.59,11048.64,0.181749,0.06975876069371884,0.420369,98.5,0.6498
3652,2,3235.24,11046.96,0.183622,0.0697547892806755,0.38115,98.3,0.651
3653,2,3235.89,11045.26,0.172217,0.06975081647795044,0.478284,98.7,0.6487
3654,2,3236.54,11043.57,0.19028,0.06974684228571684,0.354485,98.7,0.6484
3655,2,3237.19,11041.88,0.175272,0.06974286670414795,0.649657,98.6,0.6488
3656,2,3237.84,11040.19,0.16841,0.06973888973341705,1.395525,98.8,0.648
3657,2,3238.49,11038.5,0.191152,0.06973491137369751,0.981913,98.6,0.6492
3658,2,3239.15,11036.82,0.167752,0.06973093162516278,0.538071,98.0,0.6528
3659,2,3239.8,11035.15,0.198637,0.0697269504879863,0.281802,98.2,0.6519
3660,2,3240.45,11033.46,0.154312,0.06972296796234165,0.723903,98.6,0.6488
3661,2,3241.1,11031.78,0.173542,0.0697189840484024,0.718089,98.8,0.6481
3662,2,3241.75,11030.09,0.189273,0.06971499874634225,0.864687,98.8,0.648
3663,2,3242.4,11028.4,0.202008,0.06971101205633488,0.93991,98.8,0.648
3664,2,3243.05,11026.72,0.146626,0.0697070239785541,0.430439,98.8,0.6481
3665,2,3243.7,11025.04,0.180031,0.06970303451317376,0.745116,98.2,0.6514
3666,2,3244.35,11023.35,0.133861,0.06969904366036778,0.794839,98.7,0.6483
3667,2,3245.0,11021.67,0.168532,0.06969505142031009,0.84195,98.7,0.6484
3668,2,3245.65,11019.98,0.180203,0.06969105779317473,0.654577,98.7,0.6486
3669,2,3246.3,11018.3,0.192344,0.06968706277913579,0.504706,98.6,0.649
3670,2,3246.95,11016.62,0.190317,0.06968306637836744,0.584687,98.7,0.6482
3671,2,3247.6,11014.93,0.153267,0.06967906859104385,0.310577,98.8,0.6478
3672,2,3248.25,11013.25,0.152798,0.06967506941733931,0.66244,98.7,0.6484
3673,2,3248.89,11011.57,0.208273,0.06967106885742815,0.916143,98.7,0.6485
3674,2,3249.55,11009.9,0.160816,0.06966706691148475,0.624634,97.9,0.6538
3675,2,3250.2,11008.23,0.228382,0.06966306357968356,0.928892,98.6,0.6489
3676,2,3250.85,11006.56,0.18314,0.0696590588621991,0.350911,98.2,0.6519
3677,2,3251.5,11004.88,0.203934,0.06965505275920594,0.286233,98.9,0.6474
3678,2,3252.15,11003.2,0.188764,0.0696510452708787,0.413168,98.5,0.6498
3679,2,3252.8,11001.52,0.150135,0.06964703639739209,0.39031,98.7,0.6484
3680,2,3253.45,10999.84,0.190558,0.06964302613892084,0.396063,98.8,0.648
3681,2,3254.1,10998.17,0.188535,0.06963901449563979,0.513623,98.7,0.6486
3682,2,3254.77,10996.55,0.220489,0.06963500146772379,0.39331,96.3,0.6647
3683,2,3255.42,10994.87,0.140926,0.06963098705534779,0.335107,98.7,0.6482
3684,2,3256.06,10993.2,0.221087,0.06962697125868676,0.415507,98.8,0.6479
3685,2,3256.72,10991.53,0.17213,0.06962295407791577,0.656629,98.5,0.6497
3686,2,3257.36,10989.85,0.184984,0.06961893551320993,0.584146,98.7,0.6486
3687,2,3258.01,10988.17,0.178551,0.0696149155647444,0.384795,98.8,0.6476
3688,2,3258.66,10986.5,0.1798,0.06961089423269445,0.490147,98.7,0.6484
3689,2,3259.31,10984.83,0.173824,0.06960687151723535,0.662904,98.7,0.6483
3690,2,3259.96,10983.16,0.211725,0.06960284741854246,0.837135,98.3,0.6508
3691,2,3260.61,10981.49,0.204808,0.0695988219367912,0.317168,98.7,0.6487
3692,2,3261.26,10979.82,0.191914,0.06959479507215706,0.575289,98.6,0.6489
3693,2,3261.91,10978.15,0.146591,0.06959076682481555,0.507803,98.8,0.6481
3694,2,3262.56,10976.48,0.211171,0.06958673719494227,0.601157,98.7,0.6487
3695,2,3263.21,10974.81,0.18237,0.06958270618271287,0.985685,98.8,0.6478
3696,2,3263.86,10973.14,0.16492,0.0695786737883031,0.447707,98.6,0.6489
3697,2,3264.51,10971.47,0.170153,0.0695746400118887,0.68275,98.6,0.6489
3698,2,3265.16,10969.81,0.196996,0.06957060485364554,0.453199,98.3,0.6509
3699,2,3265.81,10968.15,0.210926,0.0695665683137495,0.348605,98.5,0.6495
3700,2,3266.46,10966.48,0.188279,0.06956253039237653,0.428844,98.6,0.6489
3701,2,3267.13,10964.9,0.217862,0.06955849108970268,0.40114,95.7,0.669
3702,2,3267.79,10963.23,0.170022,0.06955445040590398,0.616295,98.5,0.6496
3703,2,3268.43,10961.57,0.179163,0.06955040834115661,0.442638,98.8,0.648
3704,2,3269.08,10959.9,0.145581,0.06954636489563677,0.802844,98.8,0.6478
3705,2,3269.73,10958.23,0.181426,0.06954232006952069,2.209016,98.8,0.648
3706,2,3270.38,10956.57,0.229773,0.06953827386298471,0.785747,98.7,0.6483
3707,2,3271.03,10954.91,0.170287,0.06953422627620519,0.857896,98.6,0.6488
3708,2,3271.68,10953.25,0.178181,0.06953017730935858,1.604951,98.7,0.6485
3709,2,3272.33,10951.58,0.203329,0.06952612696262139,0.618396,98.7,0.6485
3710,2,3272.98,10949.92,0.131214,0.06952207523617017,0.546181,98.6,0.6489
3711,2,3273.63,10948.27,0.139848,0.06951802213018154,0.983013,98.2,0.6518
3712,2,3274.28,10946.61,0.218791,0.0695139676448322,3.212174,98.7,0.6485
3713,2,3274.93,10944.96,0.236465,0.06950991178029885,0.505423,98.6,0.649
3714,2,3275.58,10943.31,0.219847,0.06950585453675832,0.928257,98.2,0.6516
3715,2,3276.24,10941.66,0.23088,0.06950179591438747,0.421708,98.2,0.6519
3716,2,3276.89,10940.01,0.165513,0.06949773591336321,0.177229,98.6,0.6493
3717,2,3277.54,10938.35,0.215182,0.06949367453386253,0.56411,98.8,0.648
3718,2,3278.19,10936.69,0.215427,0.06948961177606246,0.549265,98.5,0.6499
3719,2,3278.84,10935.04,0.238523,0.06948554764014012,0.71186,98.6,0.6489
3720,2,3279.49,10933.38,0.182187,0.06948148212627264,0.464516,98.7,0.6485
3721,2,3280.14,10931.75,0.167707,0.06947741523463728,0.35812,98.1,0.6526
3722,2,3280.79,10930.1,0.170388,0.06947334696541128,0.667608,98.3,0.6511
3723,2,3281.45,10928.46,0.208344,0.06946927731877202,0.532434,98.0,0.6528
3724,2,3282.1,10926.81,0.182243,0.06946520629489687,0.422729,98.6,0.6491
3725,2,3282.75,10925.16,0.135306,0.0694611338939633,0.539688,98.6,0.649
3726,2,3283.4,10923.51,0.202985,0.06945706011614886,0.685331,98.7,0.6482
3727,2,3284.05,10921.86,0.156229,0.06945298496163109,0.610295,98.7,0.6484
3728,2,3284.7,10920.22,0.230277,0.06944890843058765,1.45412,98.1,0.6525
3729,2,3285.35,10918.57,0.195007,0.06944483052319624,0.863624,98.6,0.6493
3730,2,3286.0,10916.92,0.119072,0.06944075123963461,0.840313,98.7,0.6486
3731,2,3286.65,10915.27,0.216113,0.0694366705800806,1.619821,98.7,0.6487
3732,2,3287.3,10913.64,0.178957,0.06943258854471208,0.831388,97.9,0.6536
3733,2,3287.95,10911.99,0.17166,0.06942850513370699,0.629007,98.6,0.649
3734,2,3288.6,10910.34,0.151361,0.06942442034724335,0.736654,98.6,0.6489
3735,2,3289.25,10908.69,0.16691,0.06942033418549919,0.829891,98.7,0.6482
3736,2,3289.9,10907.04,0.170321,0.06941624664865265,0.781227,98.8,0.648
3737,2,3290.55,10905.41,0.169906,0.0694121577368819,0.477192,98.2,0.6519
3738,2,3291.21,10903.79,0.161625,0.06940806745036521,0.463272,97.2,0.6586
3739,2,3291.86,10902.15,0.188428,0.06940397578928084,0.438655,98.6,0.6493
3740,2,3292.51,10900.51,0.21334,0.0693998827538072,0.470068,98.5,0.6494
3741,2,3293.17,10898.87,0.204118,0.06939578834412266,0.61102,98.7,0.6485
3742,2,3293.82,10897.23,0.125176,0.06939169256040573,0.395673,98.6,0.6492
3743,2,3294.47,10895.6,0.15347,0.06938759540283493,0.821652,98.2,0.652
3744,2,3295.12,10893.96,0.160243,0.06938349687158889,0.531701,98.6,0.6488
3745,2,3295.77,10892.31,0.156562,0.06937939696684625,0.456179,98.7,0.6483
3746,2,3296.42,10890.68,0.143558,0.06937529568878573,0.845765,98.1,0.6522
3747,2,3297.07,10889.04,0.195759,0.06937119303758611,0.397922,98.6,0.6493
3748,2,3297.72,10887.4,0.128444,0.06936708901342625,0.911052,98.7,0.6487
3749,2,3298.37,10885.76,0.164287,0.06936298361648503,1.227735,98.7,0.6485
3750,2,3299.02,10884.13,0.172808,0.0693588768469414,0.868551,98.5,0.6494
3751,2,3299.67,10882.49,0.169825,0.06935476870497441,0.424075,98.7,0.6481
3752,2,3300.32,10880.85,0.161924,0.06935065919076311,0.430109,98.6,0.6493
3753,2,3300.97,10879.21,0.212488,0.06934654830448667,0.605623,98.6,0.6491
3754,2,3301.62,10877.58,0.18586,0.06934243604632426,0.839501,98.7,0.6485
3755,2,3302.27,10875.94,0.118864,0.06933832241645514,0.540378,98.7,0.6482
3756,2,3302.92,10874.3,0.171408,0.06933420741505866,0.642251,98.7,0.6481
3757,2,3303.57,10872.66,0.139324,0.06933009104231416,0.392472,98.8,0.6478
3758,2,3304.21,10871.02,0.187724,0.06932597329840111,0.6797,98.8,0.6477
3759,2,3304.86,10869.38,0.234647,0.06932185418349898,1.448983,98.8,0.648
3760,2,3305.51,10867.75,0.226988,0.06931773369778735,1.037259,98.7,0.6484
3761,2,3306.16,10866.12,0.156919,0.06931361184144581,0.339568,98.8,0.648
3762,2,3306.81,10864.49,0.227788,0.06930948861465407,0.598202,98.8,0.6477
3763,2,3307.46,10862.85,0.171362,0.06930536401759184,0.717246,98.8,0.6475
3764,2,3308.11,10861.22,0.195657,0.06930123805043893,0.728318,98.8,0.6481
3765,2,3308.76,10859.58,0.218682,0.0692971107133752,0.324073,98.7,0.6487
3766,2,3309.41,10857.95,0.162553,0.06929298200658056,0.56292,98.9,0.6474
3767,2,3310.06,10856.32,0.174894,0.06928885193023497,0.608477,98.7,0.6484
3768,2,3310.71,10854.69,0.156726,0.06928472048451849,0.37199,98.6,0.649
3769,2,3311.36,10853.06,0.190974,0.0692805876696112,0.393741,98.8,0.6475
3770,2,3312.01,10851.44,0.228079,0.06927645348569328,0.990356,98.2,0.6514
3771,2,3312.66,10849.8,0.226601,0.06927231793294492,0.847966,98.9,0.6473
3772,2,3313.3,10848.17,0.166187,0.0692681810115464,0.364373,98.9,0.6474
3773,2,3313.95,10846.54,0.144705,0.06926404272167805,0.626738,98.7,0.6482
3774,2,3314.6,10844.91,0.184186,0.06925990306352027,0.439581,98.8,0.648
3775,2,3315.25,10843.29,0.180861,0.0692557620372535,0.51416,98.8,0.6479
3776,2,3315.9,10841.66,0.211424,0.06925161964305827,0.562814,98.9,0.6474
3777,2,3316.55,10840.03,0.21039,0.06924747588111514,0.616567,98.7,0.6482
3778,2,3317.2,10838.4,0.158181,0.06924333075160476,0.780285,98.8,0.6481
3779,2,3317.85,10836.77,0.162563,0.06923918425470779,1.014313,98.9,0.6473
3780,2,3318.49,10835.15,0.129697,0.06923503639060502,0.98129,98.7,0.6482
3781,2,3319.15,10833.54,0.188801,0.06923088715947723,0.459559,98.7,0.6484
3782,2,3319.8,10831.91,0.152068,0.0692267365615053,1.086953,98.7,0.6485
3783,2,3320.45,10830.29,0.195839,0.06922258459687017,1.682352,98.7,0.6484
3784,2,3321.1,10828.67,0.161599,0.0692184312657528,0.62541,98.7,0.6482
3785,2,3321.74,10827.04,0.14758,0.06921427656833429,0.534145,98.7,0.6485
3786,2,3322.41,10825.46,0.135565,0.06921012050479569,0.499101,97.0,0.6599
3787,2,3323.05,10823.84,0.191108,0.06920596307531822,1.101191,98.7,0.6486
3788,2,3323.7,10822.22,0.229649,0.06920180428008307,0.652827,98.7,0.6481
3789,2,3324.36,10820.61,0.16132,0.06919764411927154,0.360089,98.3,0.6511
3790,2,3325.01,10819.0,0.193652,0.069193482593065,0.664138,98.3,0.6511
3791,2,3325.66,10817.39,0.178484,0.06918931970164481,0.601863,98.2,0.6519
3792,2,3326.31,10815.77,0.143517,0.06918515544519248,0.544793,98.7,0.6487
3793,2,3326.96,10814.16,0.149276,0.06918098982388951,0.936155,98.6,0.6488
3794,2,3327.62,10812.57,0.205602,0.0691768228379175,0.674297,97.1,0.6589
3795,2,3328.27,10810.96,0.148722,0.06917265448745807,0.578327,98.6,0.649
3796,2,3328.92,10809.34,0.166314,0.06916848477269294,1.34996,98.7,0.6481
3797,2,3329.57,10807.72,0.204856,0.06916431369380388,0.606863,98.8,0.648
3798,2,3330.22,10806.11,0.175917,0.06916014125097271,0.391519,98.8,0.6477
3799,2,3330.87,10804.49,0.171479,0.06915596744438131,0.704292,98.8,0.648
3800,2,3331.52,10802.88,0.194502,0.06915179227421162,0.414517,98.6,0.6488
3801,2,3332.17,10801.27,0.169704,0.06914761574064562,0.377071,98.6,0.6488
3802,2,3332.82,10799.68,0.168015,0.06914343784386541,0.587861,97.7,0.6548
3803,2,3333.48,10798.08,0.167263,0.06913925858405309,0.693386,98.2,0.6517
3804,2,3334.13,10796.47,0.173782,0.06913507796139085,0.955975,98.7,0.6484
3805,2,3334.78,10794.86,0.225356,0.0691308959760609,0.8503,98.6,0.6494
3806,2,3335.43,10793.25,0.173116,0.06912671262824556,0.421714,98.8,0.6481
3807,2,3336.07,10791.63,0.186441,0.0691225279181272,0.459736,98.8,0.6478
3808,2,3336.72,10790.02,0.17961,0.0691183418458882,0.53181,98.8,0.6478
3809,2,3337.37,10788.41,0.165935,0.06911415441171109,0.40725,98.7,0.6482
3810,2,3338.02,10786.8,0.197268,0.06910996561577835,0.693046,98.6,0.649
3811,2,3338.67,10785.2,0.168065,0.06910577545827261,0.542872,98.3,0.6511
3812,2,3339.32,10783.6,0.210639,0.0691015839393765,0.684372,98.7,0.6484
3813,2,3339.97,10781.99,0.18324,0.06909739105927276,1.961279,98.7,0.6482
3814,2,3340.62,10780.38,0.213329,0.06909319681814416,0.830054,98.7,0.6487
3815,2,3341.27,10778.77,0.163678,0.0690890012161735,0.429362,98.8,0.6479
3816,2,3341.92,10777.17,0.145324,0.06908480425354371,0.686902,98.7,0.6481
3817,2,3342.57,10775.56,0.187915,0.06908060593043773,0.471862,98.7,0.6486
3818,2,3343.23,10773.99,0.169247,0.06907640624703856,0.699747,97.1,0.6595
3819,2,3343.88,10772.38,0.141275,0.06907220520352929,0.718787,98.8,0.6477
3820,2,3344.53,10770.78,0.132711,0.06906800280009302,0.583416,98.7,0.6482
3821,2,3345.18,10769.2,0.261239,0.06906379903691295,0.986951,98.3,0.6513
3822,2,3345.83,10767.59,0.178247,0.06905959391417234,0.659195,98.7,0.6487
3823,2,3346.48,10765.99,0.178828,0.06905538743205449,0.570509,98.7,0.6487
3824,2,3347.13,10764.39,0.161472,0.06905117959074275,0.650036,98.7,0.6486
3825,2,3347.78,10762.79,0.148465,0.06904697039042057,0.430839,98.8,0.648
3826,2,3348.44,10761.2,0.156906,0.06904275983127142,0.543982,98.0,0.6531
3827,2,3349.08,10759.6,0.215466,0.06903854791347887,0.833593,98.8,0.648
3828,2,3349.73,10758.0,0.170256,0.06903433463722647,0.846169,98.8,0.648
3829,2,3350.39,10756.41,0.135785,0.06903012000269794,1.016636,98.2,0.6514
3830,2,3351.03,10754.81,0.253766,0.06902590401007695,1.565576,98.8,0.648
3831,2,3351.69,10753.22,0.170472,0.06902168665954732,0.688821,98.2,0.6518
3832,2,3352.34,10751.63,0.199907,0.06901746795129286,0.394455,98.6,0.6488
3833,2,3352.99,10750.03,0.186919,0.0690132478854975,0.468361,98.7,0.6486
3834,2,3353.64,10748.45,0.147674,0.06900902646234518,0.734,97.7,0.6553
3835,2,3354.29,10746.86,0.239763,0.0690048036820199,0.527402,98.7,0.6483
3836,2,3354.94,10745.27,0.184276,0.06900057954470579,0.291506,98.3,0.6514
3837,2,3355.59,10743.67,0.194352,0.06899635405058692,0.334387,98.7,0.6483
3838,2,3356.24,10742.08,0.197894,0.06899212719984753,0.418858,98.7,0.6483
3839,2,3356.89,10740.48,0.151215,0.06898789899267187,0.569455,98.7,0.6482
3840,2,3357.54,10738.89,0.165716,0.06898366942924422,0.443865,98.8,0.6481
3841,2,3358.19,10737.3,0.177259,0.068979438509749,1.131646,98.7,0.6484
3842,2,3358.85,10735.72,0.167585,0.0689752062343706,0.801564,97.8,0.6541
3843,2,3359.5,10734.13,0.142759,0.06897097260329353,0.689262,98.6,0.6488
3844,2,3360.15,10732.54,0.210526,0.06896673761670234,0.568108,98.6,0.6489
3845,2,3360.8,10730.95,0.169532,0.06896250127478164,0.498596,98.7,0.6484
3846,2,3361.45,10729.36,0.182478,0.06895826357771608,0.46803,98.7,0.6484
3847,2,3362.09,10727.76,0.177395,0.0689540245256904,0.802083,98.8,0.6478
3848,2,3362.74,10726.17,0.197014,0.0689497841188894,0.62268,98.7,0.6481
3849,2,3363.39,10724.58,0.168459,0.06894554235749789,1.084347,98.7,0.6485
3850,2,3364.05,10723.01,0.200441,0.06894129924170081,0.760761,98.0,0.6527
3851,2,3364.7,10721.42,0.172941,0.0689370547716831,0.637569,98.7,0.6483
3852,2,3365.34,10719.83,0.135657,0.06893280894762979,0.646714,98.7,0.6483
3853,2,3365.99,10718.24,0.126866,0.06892856176972596,0.877199,98.7,0.6486
3854,2,3366.64,10716.65,0.198354,0.06892431323815677,0.824341,98.7,0.6482
3855,2,3367.29,10715.07,0.21239,0.06892006335310738,0.858093,98.7,0.6485
3856,2,3367.94,10713.48,0.171339,0.06891581211476307,0.343269,98.7,0.6487
3857,2,3368.59,10711.89,0.20505,0.06891155952330916,0.661159,98.7,0.6484
3858,2,3369.24,10710.32,0.229534,0.06890730557893102,0.959791,98.3,0.6511
3859,2,3369.89,10708.73,0.166454,0.06890305028181408,0.429511,98.7,0.6487
3860,2,3370.54,10707.15,0.212905,0.06889879363214385,0.477424,98.5,0.6497
3861,2,3371.2,10705.58,0.176603,0.06889453563010586,0.608226,98.5,0.6495
3862,2,3371.85,10704.0,0.152631,0.06889027627588575,0.799041,98.6,0.6488
3863,2,3372.5,10702.42,0.184311,0.06888601556966915,1.400755,98.6,0.6489
3864,2,3373.15,10700.84,0.196217,0.06888175351164184,0.403547,98.6,0.6488
3865,2,3373.8,10699.26,0.143175,0.06887749010198958,0.570825,98.6,0.6489
3866,2,3374.45,10697.7,0.179152,0.06887322534089822,0.519926,97.5,0.6561
3867,2,3375.1,10696.12,0.186089,0.06886895922855367,0.483713,98.7,0.6484
3868,2,3375.75,10694.54,0.202488,0.06886469176514189,0.881109,98.6,0.6492
3869,2,3376.4,10692.96,0.178051,0.0688604229508489,0.471992,98.7,0.6484
3870,2,3377.05,10691.38,0.138377,0.0688561527858608,0.452244,98.7,0.6486
3871,2,3377.7,10689.81,0.104794,0.06885188127036372,0.749563,98.6,0.649
3872,2,3378.35,10688.23,0.152751,0.06884760840454386,0.512338,98.5,0.6494
3873,2,3379.0,10686.65,0.192311,0.06884333418858748,1.233171,98.6,0.6493
3874,2,3379.66,10685.09,0.159773,0.06883905862268092,0.998163,98.2,0.652
3875,2,3380.31,10683.52,0.204752,0.06883478170701053,0.439836,98.4,0.6507
3876,2,3380.96,10681.94,0.170524,0.06883050344176275,0.487867,98.7,0.6487
3877,2,3381.61,10680.37,0.156633,0.06882622382712408,0.387574,98.6,0.6489
3878,2,3382.26,10678.79,0.162249,0.0688219428632811,0.700717,98.6,0.6488
3879,2,3382.91,10677.22,0.242829,0.06881766055042038,0.658909,98.7,0.6483
3880,2,3383.56,10675.64,0.155259,0.0688133768887286,0.443035,98.6,0.6489
3881,2,3384.21,10674.08,0.165477,0.06880909187839251,0.522002,98.6,0.6489
3882,2,3384.87,10672.54,0.158937,0.0688048055195989,0.352942,97.0,0.6596
3883,2,3385.52,10670.97,0.129119,0.0688005178125346,0.468145,98.6,0.6494
3884,2,3386.17,10669.4,0.198283,0.06879622875738652,1.713127,98.7,0.6484
3885,2,3386.82,10667.83,0.177157,0.06879193835434164,0.839346,98.5,0.6495
3886,2,3387.47,10666.26,0.188969,0.06878764660358697,0.62301,98.6,0.6488
3887,2,3388.12,10664.69,0.184258,0.06878335350530959,0.490162,98.6,0.6493
3888,2,3388.77,10663.12,0.184757,0.06877905905969665,0.653587,98.6,0.6491
3889,2,3389.42,10661.55,0.203652,0.06877476326693535,0.913445,98.6,0.649
3890,2,3390.08,10660.02,0.195439,0.06877046612721294,0.905175,97.0,0.6601
3891,2,3390.73,10658.45,0.216119,0.06876616764071676,1.347397,98.6,0.6491
3892,2,3391.38,10656.88,0.188819,0.06876186780763416,1.026249,98.6,0.6491
3893,2,3392.03,10655.31,0.164968,0.0687575666281526,0.500733,98.7,0.6487
3894,2,3392.68,10653.75,0.228216,0.06875326410245956,0.481161,98.6,0.6493
3895,2,3393.33,10652.18,0.18962,0.06874896023074259,0.289604,98.7,0.6482
3896,2,3393.98,10650.62,0.154149,0.06874465501318931,0.530431,98.2,0.6518
3897,2,3394.63,10649.06,0.211303,0.06874034844998739,0.564308,98.5,0.6495
3898,2,3395.28,10647.49,0.216178,0.06873604054132457,0.400782,98.6,0.6489
3899,2,3395.93,10645.93,0.199532,0.0687317312873886,0.657401,98.7,0.6486
3900,2,3396.59,10644.38,0.218739,0.06872742068836736,0.757237,98.0,0.6532
3901,2,3409.95,10682.64,0.212586,0.06872310874444873,0.534077,94.3,0.6787
3902,2,3410.6,10681.06,0.231755,0.0687187954558207,0.605052,98.9,0.6474
3903,2,3411.25,10679.48,0.221342,0.06871448082267127,1.035896,98.8,0.6479
3904,2,3411.89,10677.9,0.207169,0.06871016484518853,0.351651,98.8,0.6479
3905,2,3412.54,10676.32,0.173158,0.06870584752356063,0.499899,98.9,0.6474
3906,2,3413.19,10674.74,0.194046,0.06870152885797574,0.757455,98.8,0.6476
3907,2,3413.84,10673.17,0.220192,0.06869720884862214,0.553597,98.7,0.6485
3908,2,3414.49,10671.59,0.222426,0.06869288749568815,0.777514,98.7,0.6483
3909,2,3415.14,10670.02,0.207011,0.06868856479936211,1.079372,98.6,0.649
3910,2,3415.79,10668.45,0.212116,0.06868424075983247,0.827776,98.6,0.6491
3911,2,3416.45,10666.9,0.201717,0.06867991537728774,0.536477,97.4,0.6573
3912,2,3417.1,10665.34,0.141062,0.06867558865191645,0.494308,98.0,0.6532
3913,2,3417.75,10663.78,0.21519,0.0686712605839072,0.877189,98.3,0.6514
3914,2,3418.4,10662.21,0.230582,0.06866693117344869,0.307915,98.6,0.6491
3915,2,3419.05,10660.64,0.194727,0.0686626004207296,0.698658,98.6,0.649
3916,2,3419.7,10659.07,0.13407,0.06865826832593873,0.479842,98.7,0.6485
3917,2,3420.35,10657.5,0.192745,0.06865393488926493,0.969702,98.6,0.649
3918,2,3421.0,10655.93,0.167169,0.06864960011089709,0.635479,98.7,0.6485
3919,2,3421.65,10654.36,0.173681,0.06864526399102418,0.46707,98.4,0.6506
3920,2,3422.31,10652.82,0.140084,0.06864092652983521,0.734909,97.5,0.6566
3921,2,3422.97,10651.27,0.20033,0.06863658772751925,0.476798,98.1,0.6522
3922,2,3423.62,10649.72,0.119477,0.06863224758426546,0.646162,98.2,0.652
3923,2,3424.27,10648.15,0.197821,0.068627906100263,0.81952,98.7,0.6487
3924,2,3424.92,10646.59,0.195198,0.06862356327570113,0.756043,98.2,0.6516
3925,2,3425.58,10645.04,0.21606,0.06861921911076918,1.29545,98.1,0.6524
3926,2,3426.23,10643.48,0.190366,0.06861487360565649,0.845917,98.2,0.652
3927,2,3426.89,10641.93,0.2019,0.0686105267605525,0.464883,97.9,0.6537
3928,2,3427.54,10640.38,0.193111,0.06860617857564669,0.584532,98.3,0.6513
3929,2,3428.19,10638.82,0.126019,0.0686018290511286,0.830555,98.2,0.6515
3930,2,3428.84,10637.26,0.15278,0.06859747818718785,1.065037,98.7,0.6487
3931,2,3429.49,10635.69,0.195849,0.06859312598401408,0.861061,98.8,0.6476
3932,2,3430.14,10634.12,0.146409,0.06858877244179701,0.861216,98.8,0.648
3933,2,3430.79,10632.57,0.203769,0.06858441756072643,0.538773,98.2,0.6516
3934,2,3431.45,10631.03,0.186633,0.06858006134099216,0.352941,97.6,0.6555
3935,2,3432.1,10629.48,0.117021,0.06857570378278412,0.51428,98.3,0.6512
3936,2,3432.75,10627.92,0.20147,0.06857134488629223,0.795848,98.2,0.6515
3937,2,3433.4,10626.37,0.203217,0.0685669846517065,0.559952,98.2,0.652
3938,2,3434.06,10624.82,0.075863,0.06856262307921702,0.551802,98.2,0.6517
3939,2,3434.71,10623.26,0.186231,0.06855826016901391,0.659129,98.6,0.6494
3940,2,3435.36,10621.71,0.17402,0.06855389592128736,0.404967,98.3,0.6514
3941,2,3436.01,10620.17,0.152551,0.06854953033622758,0.662135,98.6,0.649
3942,2,3436.67,10618.63,0.196574,0.0685451634140249,1.240858,97.8,0.6547
3943,2,3437.32,10617.07,0.188393,0.06854079515486969,0.786547,98.5,0.6495
3944,2,3437.97,10615.51,0.175285,0.06853642555895234,1.270428,98.7,0.6485
3945,2,3438.62,10613.95,0.16296,0.06853205462646336,0.379827,98.7,0.6483
3946,2,3439.27,10612.39,0.178644,0.06852768235759327,0.542382,98.8,0.6477
3947,2,3439.92,10610.84,0.174617,0.06852330875253265,1.235037,98.7,0.6484
3948,2,3440.57,10609.28,0.177223,0.06851893381147216,0.504601,98.6,0.6489
3949,2,3441.22,10607.74,0.202147,0.0685145575346025,0.922683,98.3,0.6512
3950,2,3441.87,10606.2,0.203923,0.06851017992211446,2.291873,97.9,0.6538
3951,2,3442.52,10604.64,0.202772,0.06850580097419884,1.031248,98.7,0.6486
3952,2,3443.17,10603.08,0.124971,0.06850142069104655,1.474604,98.8,0.6475
3953,2,3443.82,10601.54,0.210491,0.0684970390728485,0.503971,98.3,0.6512
3954,2,3444.47,10599.98,0.181601,0.06849265611979571,0.457144,98.7,0.6483
3955,2,3445.12,10598.43,0.173125,0.06848827183207926,0.403036,98.7,0.6487
3956,2,3445.77,10596.88,0.224927,0.06848388620989022,0.570588,98.8,0.648
3957,2,3446.42,10595.32,0.172611,0.06847949925341981,0.371863,98.6,0.6488
3958,2,3447.07,10593.77,0.132267,0.06847511096285924,0.771927,98.8,0.648
3959,2,3447.72,10592.22,0.17622,0.0684707213383998,2.225189,98.8,0.6479
3960,2,3448.37,10590.68,0.212529,0.06846633038023285,1.099254,98.2,0.6521
3961,2,3449.02,10589.14,0.147328,0.06846193808854979,0.335587,98.7,0.6484
3962,2,3449.67,10587.59,0.188217,0.06845754446354209,0.425267,98.8,0.6479
3963,2,3450.32,10586.04,0.201417,0.06845314950540127,0.370468,98.6,0.6493
3964,2,3450.97,10584.49,0.189992,0.06844875321431891,0.437714,98.6,0.649
3965,2,3451.62,10582.94,0.162439,0.06844435559048666,0.643809,98.8,0.6481
3966,2,3452.27,10581.39,0.130592,0.06843995663409619,0.364582,98.8,0.6479
3967,2,3452.92,10579.84,0.221269,0.0684355563453393,0.595987,98.9,0.6474
3968,2,3453.57,10578.3,0.187877,0.06843115472440776,0.650729,98.4,0.6504
3969,2,3454.22,10576.77,0.175831,0.06842675177149347,0.364722,98.1,0.6521
3970,2,3454.87,10575.22,0.19536,0.06842234748678837,0.58602,98.7,0.6486
3971,2,3455.53,10573.68,0.156676,0.06841794187048442,0.413523,98.2,0.6516
3972,2,3456.18,10572.14,0.13108,0.06841353492277367,0.514264,98.6,0.6488
3973,2,3456.83,10570.6,0.215308,0.06840912664384825,0.653776,98.6,0.6489
3974,2,3457.48,10569.05,0.165633,0.0684047170339003,0.499921,98.8,0.6479
3975,2,3458.13,10567.51,0.202475,0.06840030609312207,0.327766,98.3,0.651
3976,2,3458.78,10565.97,0.16332,0.0683958938217058,0.413251,98.7,0.6484
3977,2,3459.43,10564.43,0.200707,0.06839148021984386,0.367525,98.6,0.6488
3978,2,3460.08,10562.9,0.158425,0.0683870652877286,0.553539,98.1,0.6522
3979,2,3460.73,10561.37,0.149296,0.06838264902555251,0.343946,98.2,0.6515
3980,2,3461.39,10559.84,0.130252,0.0683782314335081,0.50969,98.1,0.6521
3981,2,3462.04,10558.32,0.16728,0.06837381251178792,0.713102,98.0,0.6528
3982,2,3462.7,10556.79,0.222403,0.06836939226058462,1.509827,98.2,0.6519
3983,2,3463.35,10555.25,0.182486,0.06836497068009086,0.87835,98.8,0.6481
3984,2,3464.0,10553.72,0.225192,0.0683605477704994,0.706907,98.2,0.6517
3985,2,3464.65,10552.18,0.203569,0.06835612353200303,0.636585,98.7,0.6485
3986,2,3465.3,10550.64,0.141569,0.06835169796479461,0.503624,98.7,0.6485
3987,2,3465.95,10549.1,0.172309,0.06834727106906706,0.687315,98.6,0.649
3988,2,3466.6,10547.56,0.158673,0.06834284284501335,0.347895,98.7,0.6481
3989,2,3467.25,10546.03,0.171211,0.06833841329282651,0.505261,98.7,0.6484
3990,2,3467.9,10544.51,0.137723,0.06833398241269964,0.60105,97.8,0.6541
3991,2,3468.55,10542.97,0.17919,0.0683295502048259,0.621871,98.7,0.6487
3992,2,3469.2,10541.43,0.18989,0.06832511666939846,0.317518,98.7,0.6485
3993,2,3469.85,10539.9,0.156052,0.0683206818066106,0.44168,98.7,0.6481
3994,2,3470.5,10538.36,0.15445,0.06831624561665565,0.367721,98.7,0.6487
3995,2,3471.15,10536.84,0.14054,0.06831180809972698,0.288058,98.3,0.6512
3996,2,3471.8,10535.3,0.137545,0.06830736925601803,0.765025,98.6,0.6492
3997,2,3472.45,10533.77,0.160839,0.0683029290857223,0.69314,98.7,0.6484
3998,2,3473.11,10532.26,0.140936,0.06829848758903334,0.429581,97.7,0.655
3999,2,3473.76,10530.72,0.155349,0.06829404476614474,0.868184,98.7,0.6486
4000,2,3474.41,10529.2,0.167447,0.06828960061725022,0.636639,98.6,0.6494
4001,2,3475.09,10527.77,0.132553,0.06828515514254345,0.564425,98.7,0.6486
4002,2,3475.74,10526.24,0.167968,0.06828070834221824,0.428617,98.6,0.6489
4003,2,3476.39,10524.7,0.231659,0.06827626021646842,0.447764,98.7,0.6481
4004,2,3477.04,10523.18,0.216024,0.0682718107654879,0.561561,98.1,0.6521
4005,2,3477.69,10521.66,0.199027,0.06826735998947064,0.430303,98.7,0.6487
4006,2,3478.35,10520.14,0.187374,0.06826290788861065,0.548677,97.9,0.654
4007,2,3479.0,10518.62,0.192342,0.068258454463102,0.755411,98.2,0.6517
4008,2,3479.65,10517.09,0.199731,0.06825399971313884,0.507284,98.7,0.6484
4009,2,3480.31,10515.58,0.163035,0.06824954363891533,0.636917,97.6,0.6556
4010,2,3480.96,10514.07,0.21211,0.06824508624062572,1.119999,98.2,0.6521
4011,2,3481.61,10512.54,0.174724,0.06824062751846434,0.743114,98.5,0.6495
4012,2,3482.26,10511.01,0.179267,0.06823616747262552,0.31917,98.7,0.6483
4013,2,3482.91,10509.5,0.157126,0.06823170610330372,0.751121,98.2,0.6519
4014,2,3483.57,10507.99,0.149316,0.06822724341069338,0.79442,97.8,0.6543
4015,2,3484.22,10506.46,0.158439,0.06822277939498904,0.957058,98.7,0.6487
4016,2,3484.87,10504.94,0.162021,0.06821831405638529,0.898457,98.3,0.6512
4017,2,3485.52,10503.42,0.147727,0.0682138473950768,1.225982,98.7,0.6482
4018,2,3486.17,10501.9,0.199214,0.06820937941125825,0.680624,98.2,0.6521
4019,2,3486.83,10500.39,0.16999,0.06820491010512443,0.419095,98.2,0.6517
4020,2,3487.48,10498.86,0.172182,0.06820043947687016,0.55514,98.7,0.6486
4021,2,3488.13,10497.35,0.161982,0.0681959675266903,0.615387,98.6,0.6488
4022,2,3488.78,10495.84,0.210041,0.0681914942547798,0.404312,98.2,0.6517
4023,2,3489.44,10494.33,0.207168,0.06818701966133368,0.477931,97.8,0.6544
4024,2,3490.09,10492.82,0.150824,0.06818254374654696,0.628703,98.1,0.6526
4025,2,3490.74,10491.31,0.171232,0.06817806651061477,1.912741,98.2,0.6515
4026,2,3491.4,10489.8,0.185714,0.06817358795373227,0.991647,98.1,0.6522
4027,2,3492.05,10488.28,0.220225,0.06816910807609466,0.415061,98.7,0.6485
4028,2,3492.7,10486.76,0.164945,0.06816462687789727,0.584793,98.7,0.6484
4029,2,3493.35,10485.24,0.176703,0.06816014435933544,0.560941,98.6,0.6488
4030,2,3494.01,10483.75,0.24264,0.06815566052060452,0.548517,97.0,0.6599
4031,2,3494.66,10482.23,0.106976,0.06815117536190002,0.473011,98.6,0.6492
4032,2,3495.31,10480.72,0.153146,0.06814668888341742,0.486517,98.6,0.649
4033,2,3495.96,10479.2,0.186961,0.06814220108535231,0.833486,98.7,0.6487
4034,2,3496.61,10477.68,0.220814,0.06813771196790029,0.804426,98.6,0.6489
4035,2,3497.26,10476.17,0.151524,0.06813322153125709,0.376651,98.7,0.6486
4036,2,3497.91,10474.66,0.19695,0.06812872977561842,0.449004,98.3,0.6514
4037,2,3498.56,10473.14,0.219188,0.06812423670118009,0.470738,98.7,0.6481
4038,2,3499.22,10471.65,0.133785,0.06811974230813797,0.433051,97.2,0.6587
4039,2,3499.87,10470.14,0.204693,0.06811524659668798,0.840023,98.7,0.6483
4040,2,3500.51,10468.62,0.206505,0.06811074956702608,0.435541,98.8,0.6478
4041,2,3501.17,10467.12,0.162832,0.0681062512193483,0.499342,98.6,0.6488
4042,2,3501.82,10465.6,0.212782,0.06810175155385072,0.864052,98.6,0.6488
4043,2,3502.48,10464.14,0.192741,0.0680972505707295,0.521412,96.2,0.6655
4044,2,3503.13,10462.63,0.17464,0.06809274827018086,0.82893,98.6,0.6488
4045,2,3503.79,10461.12,0.18513,0.06808824465240104,0.739873,98.3,0.651
4046,2,3504.44,10459.62,0.208881,0.06808373971758636,0.407518,98.0,0.6531
4047,2,3505.09,10458.11,0.185875,0.06807923346593318,0.764514,98.7,0.6487
4048,2,3505.74,10456.6,0.201326,0.06807472589763797,0.758248,98.7,0.6487
4049,2,3506.39,10455.09,0.16741,0.0680702170128972,0.461361,98.7,0.6486
4050,2,3507.04,10453.57,0.169403,0.06806570681190743,0.654054,98.6,0.6489
4051,2,3507.69,10452.06,0.138489,0.06806119529486525,0.971081,98.7,0.6485
4052,2,3508.34,10450.56,0.235218,0.06805668246196733,1.798589,98.2,0.6518
4053,2,3508.99,10449.05,0.153325,0.06805216831341039,0.65802,98.6,0.649
4054,2,3509.65,10447.56,0.181175,0.06804765284939122,0.488431,97.8,0.6541
4055,2,3510.3,10446.05,0.184529,0.06804313607010663,0.743747,98.7,0.6483
4056,2,3510.95,10444.55,0.162622,0.06803861797575353,0.521046,98.3,0.6509
4057,2,3511.6,10443.04,0.155374,0.06803409856652887,0.399417,98.7,0.6482
4058,2,3512.25,10441.54,0.103813,0.06802957784262964,0.489811,98.2,0.6515
4059,2,3512.9,10440.04,0.177526,0.06802505580425292,0.439175,98.7,0.6484
4060,2,3513.55,10438.53,0.17804,0.06802053245159584,0.973776,98.7,0.6483
4061,2,3514.2,10437.03,0.174358,0.06801600778485556,1.668193,98.6,0.6489
4062,2,3514.86,10435.55,0.223734,0.06801148180422932,2.05641,97.6,0.6559
4063,2,3515.51,10434.04,0.205542,0.06800695450991441,0.971963,98.8,0.6475
4064,2,3516.16,10432.53,0.197532,0.0680024259021082,0.503888,98.7,0.6482
4065,2,3516.8,10431.02,0.207946,0.06799789598100807,0.542681,98.9,0.6474
4066,2,3517.45,10429.52,0.154719,0.06799336474681152,0.35689,98.7,0.6483
4067,2,3518.1,10428.01,0.183306,0.06798883219971603,0.51004,98.7,0.6483
4068,2,3518.75,10426.51,0.160454,0.06798429833991922,0.443004,98.8,0.6479
4069,2,3519.4,10425.0,0.168939,0.0679797631676187,0.511009,98.8,0.648
4070,2,3520.05,10423.51,0.175385,0.06797522668301216,0.761011,98.4,0.6505
4071,2,3520.7,10422.0,0.164947,0.06797068888629737,1.178456,98.8,0.6478
4072,2,3521.35,10420.5,0.243767,0.06796614977767214,2.444361,98.8,0.6477
4073,2,3522.0,10418.99,0.23306,0.06796160935733432,0.945391,98.8,0.648
4074,2,3522.65,10417.49,0.186273,0.06795706762548184,0.394087,98.8,0.648
4075,2,3523.3,10415.99,0.226344,0.0679525245823127,0.495078,98.7,0.6483
4076,2,3523.94,10414.48,0.150942,0.06794798022802491,0.351021,98.8,0.6477
4077,2,3524.59,10412.98,0.164505,0.06794343456281657,0.840529,98.7,0.6486
4078,2,3525.25,10411.51,0.185357,0.06793888758688583,0.453863,97.4,0.6572
4079,2,3525.9,10410.01,0.165439,0.0679343393004309,0.453835,98.8,0.6481
4080,2,3526.55,10408.51,0.181423,0.06792978970365006,0.671104,98.7,0.6483
4081,2,3527.2,10407.02,0.16815,0.06792523879674162,0.660199,98.7,0.6485
4082,2,3527.85,10405.53,0.128715,0.06792068657990395,0.753573,98.7,0.6487
4083,2,3528.5,10404.03,0.148084,0.0679161330533355,1.401157,98.7,0.6485
4084,2,3529.15,10402.53,0.180893,0.06791157821723477,0.585564,98.7,0.6481
4085,2,3529.8,10401.04,0.170229,0.06790702207180031,0.484852,98.5,0.65
4086,2,3530.46,10399.56,0.157065,0.0679024646172307,0.437047,97.7,0.6553
4087,2,3531.11,10398.07,0.18966,0.06789790585372465,0.492629,98.7,0.6485
4088,2,3531.78,10396.62,0.16812,0.06789334578148086,0.528791,96.2,0.6655
4089,2,3532.42,10395.13,0.160299,0.06788878440069811,0.672759,98.6,0.6488
4090,2,3533.07,10393.63,0.154513,0.06788422171157522,1.032262,98.8,0.648
4091,2,3533.72,10392.13,0.167164,0.0678796577143111,0.589677,98.7,0.6485
4092,2,3534.37,10390.64,0.22009,0.0678750924091047,0.749812,98.7,0.6485
4093,2,3535.02,10389.14,0.195207,0.06787052579615505,0.860325,98.8,0.6479
4094,2,3535.67,10387.66,0.164106,0.06786595787566117,1.058878,98.2,0.6516
4095,2,3536.33,10386.18,0.178346,0.06786138864782222,0.841428,98.2,0.6516
4096,2,3536.98,10384.68,0.188569,0.06785681811283736,0.783591,98.7,0.6487
4097,2,3537.62,10383.19,0.183032,0.06785224627090583,0.591486,98.7,0.6483
4098,2,3538.27,10381.7,0.180977,0.0678476731222269,0.477298,98.6,0.6492
4099,2,3538.92,10380.21,0.169781,0.06784309866699996,0.522553,98.7,0.6483
4100,2,3539.57,10378.72,0.23839,0.06783852290542439,0.736305,98.8,0.6481
4101,2,3540.23,10377.24,0.19374,0.06783394583769965,0.510625,98.7,0.6483
4102,2,3540.87,10375.75,0.191909,0.06782936746402529,0.793881,98.8,0.648
4103,2,3541.52,10374.26,0.142803,0.06782478778460085,1.04893,98.7,0.6482
4104,2,3542.17,10372.77,0.234617,0.067820206799626,2.30809,98.7,0.6481
4105,2,3542.82,10371.28,0.196967,0.06781562450930041,1.007325,98.6,0.6494
4106,2,3543.47,10369.79,0.219819,0.06781104091382384,0.346528,98.5,0.6498
4107,2,3544.13,10368.32,0.176884,0.06780645601339609,0.626845,98.2,0.6515
4108,2,3544.78,10366.83,0.134709,0.067801869808217,0.809524,98.7,0.6486
4109,2,3545.43,10365.34,0.187991,0.06779728229848651,1.299467,98.6,0.6488
4110,2,3546.07,10363.86,0.189055,0.0677926934844046,1.04619,98.7,0.6487
4111,2,3546.72,10362.37,0.115852,0.06778810336617128,0.690995,98.7,0.6487
4112,2,3547.37,10360.88,0.21546,0.06778351194398667,0.747708,98.8,0.6479
4113,2,3548.02,10359.4,0.179081,0.06777891921805089,0.548242,98.7,0.6484
4114,2,3548.67,10357.91,0.165943,0.06777432518856416,0.555571,98.7,0.6485
4115,2,3549.32,10356.43,0.185233,0.06776972985572674,0.787069,98.8,0.648
4116,2,3549.97,10354.94,0.186221,0.06776513321973893,0.377853,98.7,0.6483
4117,2,3550.62,10353.46,0.164618,0.06776053528080112,0.388402,98.6,0.6488
4118,2,3551.27,10351.98,0.182318,0.06775593603911371,0.588321,98.4,0.6506
4119,2,3551.92,10350.5,0.148632,0.06775133549487723,0.276883,98.6,0.6488
4120,2,3552.57,10349.02,0.127714,0.0677467336482922,0.36555,98.7,0.6486
4121,2,3553.22,10347.54,0.142813,0.06774213049955922,0.510497,98.7,0.6482
4122,2,3553.87,10346.07,0.172809,0.06773752604887896,0.313092,98.5,0.6494
4123,2,3554.53,10344.59,0.119961,0.06773292029645211,0.442598,98.2,0.6518
4124,2,3555.18,10343.11,0.181505,0.06772831324247948,0.55743,98.7,0.6483
4125,2,3555.82,10341.63,0.110438,0.06772370488716187,0.378645,98.7,0.6485
4126,2,3556.48,10340.17,0.14781,0.06771909523070016,0.282811,97.6,0.6554
4127,2,3557.13,10338.69,0.178136,0.0677144842732953,0.70124,98.6,0.649
4128,2,3557.78,10337.22,0.245019,0.06770987201514828,0.744446,98.6,0.6492
4129,2,3558.43,10335.74,0.211327,0.06770525845646017,0.754136,98.7,0.6483
4130,2,3559.08,10334.26,0.194973,0.06770064359743207,0.344083,98.8,0.648
4131,2,3559.73,10332.78,0.153917,0.06769602743826515,0.468683,98.7,0.6485
4132,2,3560.38,10331.3,0.158682,0.06769140997916064,0.696225,98.7,0.6487
4133,2,3561.03,10329.83,0.221032,0.0676867912203198,1.036937,98.2,0.6515
4134,2,3561.69,10328.37,0.126763,0.06768217116194401,0.505664,97.7,0.6554
4135,2,3562.34,10326.9,0.229491,0.06767754980423463,0.630444,98.7,0.6483
4136,2,3562.99,10325.42,0.204342,0.0676729271473931,0.5191,98.7,0.6486
4137,2,3563.64,10323.96,0.206413,0.06766830319162095,0.616636,97.8,0.6543
4138,2,3564.29,10322.49,0.160026,0.06766367793711976,0.511184,98.6,0.649
4139,2,3564.94,10321.01,0.180983,0.06765905138409112,0.496045,98.7,0.6487
4140,2,3565.59,10319.54,0.193501,0.06765442353273671,0.868659,98.8,0.648
4141,2,3566.24,10318.07,0.138962,0.06764979438325827,0.277503,98.7,0.6484
4142,2,3566.9,10316.62,0.175674,0.06764516393585761,0.419858,97.8,0.6546
4143,2,3567.55,10315.14,0.159743,0.06764053219073654,0.660671,98.7,0.6483
4144,2,3568.2,10313.67,0.111442,0.067635899148097,1.140519,98.7,0.6484
4145,2,3568.85,10312.2,0.216943,0.06763126480814094,0.605057,98.6,0.6493
4146,2,3569.5,10310.75,0.235264,0.06762662917107037,0.647355,97.6,0.6555
4147,2,3570.16,10309.3,0.174166,0.06762199223708737,0.520988,97.6,0.6558
4148,2,3570.82,10307.86,0.179608,0.06761735400639406,1.364645,97.0,0.66
4149,2,3571.47,10306.39,0.185356,0.06761271447919263,0.879488,98.7,0.6487
4150,2,3572.12,10304.93,0.208644,0.06760807365568533,0.62321,97.8,0.6546
4151,2,3572.78,10303.48,0.143446,0.06760343153607445,0.790074,98.0,0.6534
4152,2,3573.43,10302.01,0.192583,0.06759878812056236,0.580778,98.7,0.6483
4153,2,3574.08,10300.54,0.194383,0.06759414340935145,0.424724,98.7,0.6483
4154,2,3574.73,10299.07,0.133841,0.06758949740264421,0.720929,98.6,0.6488
4155,2,3575.38,10297.6,0.209217,0.06758485010064315,2.46035,98.7,0.6485
4156,2,3576.03,10296.13,0.23309,0.06758020150355087,0.962495,98.7,0.6487
4157,2,3576.68,10294.67,0.193824,0.06757555161157,0.639228,98.7,0.6486
4158,2,3577.33,10293.2,0.174748,0.06757090042490323,0.419977,98.4,0.6506
4159,2,3577.98,10291.75,0.155933,0.06756624794375332,0.456351,98.0,0.653
4160,2,3578.63,10290.29,0.191374,0.06756159416832307,0.519357,98.3,0.6512
4161,2,3579.29,10288.84,0.153726,0.06755693909881534,0.700563,98.5,0.6495
4162,2,3579.94,10287.38,0.195264,0.06755228273543307,0.888274,98.6,0.6493
4163,2,3580.59,10285.91,0.197522,0.06754762507837922,1.020663,98.6,0.6491
4164,2,3581.24,10284.45,0.153024,0.06754296612785682,1.001269,98.4,0.6505
4165,2,3581.89,10282.99,0.164188,0.06753830588406896,1.084011,98.6,0.6491
4166,2,3582.54,10281.53,0.252932,0.0675336443472188,1.109057,98.7,0.6488
4167,2,3583.19,10280.08,0.195482,0.06752898151750955,0.774211,97.9,0.6538
4168,2,3583.84,10278.62,0.202854,0.06752431739514445,0.462666,98.5,0.6496
4169,2,3584.5,10277.17,0.210998,0.0675196519803268,0.586997,97.8,0.6547
4170,2,3585.16,10275.73,0.165731,0.06751498527326001,0.886608,97.7,0.6547
4171,2,3585.81,10274.27,0.169418,0.06751031727414748,0.714065,98.6,0.6489
4172,2,3586.46,10272.81,0.173782,0.06750564798319271,0.794078,98.4,0.6503
4173,2,3587.11,10271.35,0.199499,0.06750097740059924,0.819395,98.5,0.6494
4174,2,3587.76,10269.89,0.185003,0.06749630552657065,0.607608,98.6,0.6493
4175,2,3588.41,10268.43,0.196108,0.0674916323613106,0.480649,98.6,0.6491
4176,2,3589.06,10266.98,0.214364,0.0674869579050228,0.611547,98.4,0.6502
4177,2,3589.71,10265.52,0.137655,0.06748228215791102,0.433735,98.5,0.6498
4178,2,3590.36,10264.07,0.179536,0.06747760512017908,0.53065,98.2,0.652
4179,2,3591.01,10262.61,0.129302,0.06747292679203089,0.473046,98.6,0.6489
4180,2,3591.66,10261.15,0.177355,0.06746824717367031,0.391748,98.6,0.6492
4181,2,3592.31,10259.71,0.191547,0.0674635662653014,0.500012,98.7,0.6485
4182,2,3592.96,10258.25,0.163608,0.06745888406712816,0.479689,98.6,0.649
4183,2,3593.61,10256.79,0.179558,0.06745420057935474,0.64194,98.6,0.6493
4184,2,3594.26,10255.34,0.197451,0.06744951580218526,1.289823,98.7,0.6487
4185,2,3594.91,10253.88,0.228529,0.06744482973582396,0.718007,98.7,0.6487
4186,2,3595.57,10252.44,0.183496,0.06744014238047509,0.500368,97.9,0.6537
4187,2,3596.22,10250.98,0.143929,0.06743545373634299,0.560585,98.6,0.649
4188,2,3596.87,10249.53,0.200076,0.06743076380363204,0.484265,98.7,0.6483
4189,2,3597.52,10248.07,0.191785,0.06742607258254668,0.607585,98.6,0.6491
4190,2,3598.17,10246.63,0.181374,0.06742138007329142,1.260788,97.9,0.6537
4191,2,3598.82,10245.18,0.222552,0.0674166862760708,1.016442,98.6,0.6493
4192,2,3599.47,10243.73,0.210345,0.06741199119108943,0.840971,98.5,0.6498
4193,2,3600.12,10242.28,0.197479,0.06740729481855198,0.382005,98.7,0.6484
4194,2,3600.77,10240.82,0.163213,0.06740259715866316,1.19778,98.6,0.649
4195,2,3601.42,10239.38,0.11488,0.06739789821162775,0.553299,98.4,0.6506
4196,2,3602.07,10237.93,0.206398,0.0673931979776506,0.79431,98.5,0.6494
4197,2,3602.72,10236.48,0.177207,0.06738849645693658,1.29427,98.6,0.6488
4198,2,3603.37,10235.02,0.200728,0.06738379364969063,1.293357,98.7,0.6487
4199,2,3604.02,10233.57,0.131921,0.06737908955611778,0.707706,98.7,0.6485
4200,2,3604.67,10232.12,0.154048,0.06737438417642308,0.394405,98.6,0.6493
