step,epoch,elapsed_sec,eta_sec,train_loss,lr,grad_norm,imgs_per_s,sec_per_step,true_imgs_per_s,data_wait_pct
1,1,70.63,1518146.21,0.419399,1.3838606290519237e-08,1.018552,1.1,58.7922,1.0,12.1
2,1,70.87,761686.07,0.46162,1.5798580572009085e-08,1.000217,275.3,0.2325,1.9,12.1
3,1,71.55,512608.32,0.459395,1.7758554853498933e-08,0.957185,269.8,0.2372,2.8,12.0
4,1,72.22,388058.67,0.431158,1.971852913498878e-08,0.545386,272.7,0.2347,3.8,12.0
5,1,72.9,313326.03,0.399381,2.1678503416478628e-08,0.825519,275.7,0.2322,4.7,12.0
6,1,73.57,263515.64,0.482299,2.3638477697968476e-08,0.961682,272.4,0.235,5.6,11.9
7,1,74.25,227937.65,0.456273,2.5598451979458327e-08,0.893212,271.1,0.2361,6.6,11.9
8,1,74.93,201254.1,0.41241,2.7558426260948174e-08,0.868337,272.4,0.235,7.5,11.8
9,1,75.6,180500.62,0.416078,2.9518400542438022e-08,0.815814,271.1,0.2361,8.4,11.8
10,1,76.28,163899.24,0.436882,3.147837482392787e-08,1.01788,270.5,0.2366,9.3,11.8
11,1,76.96,150312.62,0.429421,3.3438349105417724e-08,0.804175,272.0,0.2353,10.2,11.7
12,1,77.64,138994.21,0.427925,3.539832338690757e-08,0.624953,271.2,0.236,11.0,11.7
13,1,78.32,129420.01,0.412939,3.735829766839741e-08,0.603837,270.5,0.2366,11.9,11.7
14,1,78.99,121211.54,0.459452,3.9318271949887263e-08,0.684199,270.2,0.2368,12.8,11.6
15,1,79.67,114097.66,0.416877,4.1278246231377114e-08,0.674866,270.4,0.2367,13.7,11.6
16,1,80.35,107871.01,0.43764,4.323822051286696e-08,0.628851,271.0,0.2361,14.5,11.5
17,1,81.03,102379.31,0.392361,4.519819479435681e-08,0.900082,271.4,0.2358,15.4,11.5
18,1,81.71,97498.17,0.463037,4.715816907584666e-08,0.81458,269.6,0.2374,16.2,11.5
19,1,82.39,93128.69,0.431537,4.911814335733651e-08,0.891216,269.8,0.2372,17.1,11.4
20,1,83.07,89197.81,0.484846,5.107811763882636e-08,0.740181,271.2,0.236,17.9,11.4
21,1,83.77,85666.37,0.434384,5.3038091920316214e-08,0.842691,270.9,0.2363,269.9,0.6
22,1,84.45,82429.5,0.465245,5.499806620180606e-08,0.842288,269.2,0.2377,269.6,0.6
23,1,85.13,79479.77,0.440656,5.695804048329591e-08,0.796526,264.4,0.2421,269.2,0.6
24,1,85.84,76801.86,0.456884,5.891801476478576e-08,0.782804,235.1,0.2722,267.0,0.6
25,1,86.49,74277.16,0.448904,6.08779890462756e-08,0.700608,273.5,0.234,266.9,0.7
26,1,87.17,71980.82,0.413893,6.283796332776546e-08,0.716327,270.5,0.2366,266.7,0.7
27,1,87.85,69851.48,0.402782,6.47979376092553e-08,0.635701,270.0,0.2371,266.7,0.7
28,1,88.53,67876.96,0.435275,6.675791189074516e-08,0.78984,267.9,0.2389,266.4,0.7
29,1,89.21,66035.03,0.441195,6.871788617223501e-08,0.910187,270.0,0.237,266.3,0.7
30,1,89.89,64317.4,0.438355,7.067786045372486e-08,0.962469,271.2,0.236,266.3,0.7
31,1,90.57,62711.39,0.46003,7.26378347352147e-08,0.669405,270.9,0.2362,266.3,0.7
32,1,91.25,61206.55,0.396952,7.459780901670455e-08,0.76476,269.9,0.2371,266.2,0.7
33,1,91.93,59792.3,0.445246,7.655778329819439e-08,0.611483,269.8,0.2372,266.0,0.8
34,1,92.61,58461.44,0.418516,7.851775757968424e-08,0.630697,270.5,0.2366,266.0,0.8
35,1,93.29,57205.57,0.385842,8.047773186117409e-08,0.706027,269.4,0.2376,266.0,0.8
36,1,93.98,56024.41,0.41539,8.243770614266393e-08,0.745549,269.1,0.2378,265.9,0.8
37,1,94.66,54902.29,0.424444,8.439768042415376e-08,0.610241,271.4,0.2358,265.9,0.8
38,1,95.35,53841.19,0.451849,8.635765470564361e-08,0.779937,268.8,0.2381,265.8,0.8
39,1,96.03,52833.7,0.442956,8.831762898713346e-08,0.632747,269.4,0.2376,265.8,0.8
40,1,96.71,51876.57,0.521816,9.027760326862332e-08,0.963932,270.0,0.237,265.7,0.8
41,1,97.42,50978.29,0.428916,9.223757755011317e-08,0.692656,271.0,0.2362,265.7,0.8
42,1,98.1,50110.75,0.466364,9.4197551831603e-08,0.990243,267.9,0.2389,265.6,0.8
43,1,98.78,49284.12,0.437822,9.615752611309286e-08,0.629421,266.8,0.2399,265.7,0.8
44,1,99.46,48492.52,0.414137,9.81175003945827e-08,0.577076,269.7,0.2373,267.7,0.8
45,1,100.15,47738.92,0.402717,1.0007747467607256e-07,0.509676,266.9,0.2398,267.3,0.8
46,1,100.83,47017.19,0.411131,1.0203744895756241e-07,0.662302,268.2,0.2387,267.2,0.8
47,1,101.52,46327.59,0.399371,1.0399742323905225e-07,0.457343,266.2,0.2404,267.0,0.8
48,1,102.2,45664.89,0.412566,1.0595739752054208e-07,0.570253,269.5,0.2375,267.1,0.8
49,1,102.88,45031.15,0.398374,1.0791737180203193e-07,0.789669,268.4,0.2384,267.0,0.8
50,1,103.56,44420.99,0.419063,1.0987734608352179e-07,0.584546,270.8,0.2363,267.1,0.8
51,1,104.25,43836.04,0.42124,1.1183732036501164e-07,0.521431,268.0,0.2388,266.9,0.8
52,1,104.93,43272.3,0.468818,1.1379729464650149e-07,0.774836,269.8,0.2372,267.0,0.8
53,1,105.62,42730.31,0.46075,1.1575726892799135e-07,0.590314,270.3,0.2368,267.1,0.7
54,1,106.3,42209.63,0.482721,1.177172432094812e-07,0.905216,269.0,0.2379,267.1,0.7
55,1,106.99,41707.64,0.419649,1.1967721749097104e-07,0.535044,269.3,0.2376,267.0,0.7
56,1,107.67,41223.17,0.423485,1.2163719177246088e-07,0.496973,269.6,0.2374,267.1,0.7
57,1,108.36,40756.49,0.417418,1.2359716605395072e-07,0.458149,267.6,0.2392,266.9,0.7
58,1,109.04,40305.19,0.464189,1.2555714033544055e-07,0.674377,267.5,0.2393,266.8,0.7
59,1,109.73,39868.04,0.410855,1.275171146169304e-07,0.522952,270.1,0.2369,266.8,0.8
60,1,110.41,39446.81,0.423191,1.2947708889842023e-07,0.643758,266.8,0.2399,266.6,0.8
61,1,111.12,39047.09,0.448179,1.3143706317991007e-07,0.63379,270.6,0.2365,266.7,0.7
62,1,111.81,38652.45,0.400399,1.333970374613999e-07,0.55031,268.2,0.2387,266.7,0.7
63,1,112.49,38270.89,0.469371,1.3535701174288977e-07,0.944192,267.6,0.2392,266.7,0.8
64,1,113.18,37899.56,0.428458,1.373169860243796e-07,0.629029,270.1,0.2369,266.7,0.8
65,1,113.89,37552.02,0.449084,1.3927696030586947e-07,0.556114,234.9,0.2725,264.9,0.7
66,1,114.55,37193.18,0.488131,1.4123693458735934e-07,0.557193,268.3,0.2385,264.9,0.8
67,1,115.23,36856.16,0.421578,1.4319690886884917e-07,0.726101,267.6,0.2392,265.0,0.7
68,1,115.92,36528.92,0.393329,1.4515688315033904e-07,0.962644,267.7,0.2391,264.9,0.7
69,1,116.61,36210.13,0.416072,1.471168574318289e-07,0.697019,268.7,0.2382,264.9,0.7
70,1,117.29,35901.03,0.403665,1.4907683171331877e-07,0.979231,268.2,0.2387,264.8,0.7
71,1,117.98,35600.38,0.441552,1.5103680599480863e-07,0.808223,266.3,0.2403,264.7,0.7
72,1,118.66,35308.35,0.418114,1.529967802762985e-07,0.696909,268.5,0.2384,264.6,0.7
73,1,119.35,35024.7,0.472259,1.5495675455778833e-07,0.775119,266.7,0.24,264.5,0.7
74,1,120.03,34748.19,0.429298,1.569167288392782e-07,0.665906,269.5,0.2374,264.5,0.7
75,1,120.73,34480.69,0.387776,1.5887670312076806e-07,0.506118,263.7,0.2427,264.3,0.7
76,1,121.41,34217.24,0.4344,1.608366774022579e-07,0.672166,265.8,0.2407,264.1,0.7
77,1,122.09,33962.91,0.438597,1.6279665168374776e-07,1.23291,269.3,0.2376,264.1,0.7
78,1,122.78,33714.65,0.428582,1.6475662596523763e-07,0.560668,266.6,0.2401,264.1,0.7
79,1,123.47,33472.22,0.400677,1.667166002467275e-07,0.612709,267.5,0.2393,264.0,0.7
80,1,124.15,33235.5,0.400383,1.6867657452821733e-07,0.646475,268.8,0.2381,264.1,0.7
81,1,124.86,33011.71,0.439723,1.706365488097072e-07,0.736219,267.9,0.2389,264.0,0.7
82,1,125.55,32786.64,0.460772,1.7259652309119703e-07,0.585373,267.8,0.2389,263.9,0.7
83,1,126.24,32568.49,0.450272,1.7455649737268687e-07,0.75204,264.4,0.2421,263.8,0.7
84,1,126.93,32353.83,0.501466,1.7651647165417673e-07,0.80908,267.6,0.2391,263.7,0.7
85,1,127.61,32144.53,0.450933,1.7847644593566657e-07,0.643768,268.8,0.2381,265.6,0.7
86,1,128.3,31941.44,0.424738,1.804364202171564e-07,0.5274,264.6,0.2419,265.4,0.7
87,1,128.99,31741.75,0.411593,1.8239639449864625e-07,0.676473,267.1,0.2397,265.3,0.7
88,1,129.68,31546.94,0.472471,1.843563687801361e-07,0.758278,267.5,0.2393,265.3,0.7
89,1,130.37,31356.51,0.425316,1.8631634306162597e-07,0.748036,267.6,0.2391,265.3,0.7
90,1,131.05,31170.21,0.453228,1.882763173431158e-07,0.657187,266.9,0.2398,265.2,0.7
91,1,131.74,30987.42,0.464657,1.9023629162460565e-07,0.923638,268.7,0.2381,265.3,0.7
92,1,132.43,30809.13,0.463141,1.921962659060955e-07,0.579009,267.4,0.2393,265.3,0.7
93,1,133.11,30634.08,0.409587,1.9415624018758532e-07,0.711038,268.3,0.2385,265.4,0.7
94,1,133.8,30462.92,0.425509,1.961162144690752e-07,0.72254,268.2,0.2386,265.3,0.7
95,1,134.48,30295.49,0.393967,1.9807618875056505e-07,0.499183,267.5,0.2393,265.4,0.7
96,1,135.17,30131.84,0.447368,2.000361630320549e-07,0.794581,266.1,0.2405,265.4,0.7
97,1,135.87,29973.83,0.429544,2.0199613731354473e-07,0.661829,257.6,0.2485,264.9,0.7
98,1,136.55,29815.85,0.427432,2.039561115950346e-07,0.665089,268.6,0.2382,265.0,0.7
99,1,137.24,29662.73,0.431936,2.0591608587652446e-07,0.582003,264.3,0.2422,264.8,0.8
100,1,137.93,29511.9,0.458147,2.0787606015801432e-07,0.505409,265.1,0.2415,264.6,0.8
101,1,138.64,29367.94,0.430286,2.0983603443950416e-07,0.678568,268.5,0.2384,264.6,0.8
102,1,139.32,29222.64,0.445476,2.11796008720994e-07,0.902902,267.8,0.239,264.7,0.7
103,1,140.01,29080.82,0.437482,2.1375598300248383e-07,0.883039,266.6,0.2401,264.8,0.7
104,1,140.7,28941.3,0.445539,2.1571595728397367e-07,0.862941,267.1,0.2396,264.7,0.7
105,1,141.39,28804.37,0.426503,2.1767593156546354e-07,0.623734,267.9,0.2389,264.7,0.7
106,1,142.08,28671.4,0.444454,2.1963590584695337e-07,0.704283,260.4,0.2458,264.5,0.7
107,1,142.77,28539.41,0.487622,2.215958801284432e-07,0.564757,265.6,0.241,264.5,0.7
108,1,143.46,28410.41,0.430681,2.2355585440993305e-07,0.776109,266.2,0.2404,264.4,0.7
109,1,144.15,28283.27,0.430374,2.2551582869142291e-07,0.63836,266.0,0.2406,264.4,0.7
110,1,144.84,28159.36,0.432942,2.2747580297291275e-07,0.992752,264.0,0.2425,264.2,0.7
111,1,145.53,28036.67,0.484823,2.294357772544026e-07,0.873045,267.0,0.2397,264.1,0.7
112,1,146.22,27917.3,0.469653,2.3139575153589245e-07,0.768147,263.0,0.2433,263.8,0.7
113,1,146.9,27798.77,0.437461,2.333557258173823e-07,0.636674,266.5,0.2402,263.7,0.7
114,1,147.59,27682.89,0.436035,2.3531570009887216e-07,0.533251,266.4,0.2402,263.7,0.7
115,1,148.28,27568.96,0.466193,2.37275674380362e-07,0.821529,267.2,0.2395,263.6,0.7
116,1,148.97,27457.13,0.443468,2.392356486618518e-07,0.703878,265.9,0.2407,263.7,0.7
117,1,149.69,27352.4,0.458065,2.4119562294334167e-07,0.897855,240.0,0.2667,262.6,0.7
118,1,150.35,27238.99,0.470763,2.4315559722483153e-07,0.689825,267.1,0.2396,262.6,0.7
119,1,151.04,27132.96,0.407145,2.451155715063214e-07,0.780154,265.0,0.2415,262.7,0.7
120,1,151.73,27027.78,0.441716,2.470755457878112e-07,0.619667,266.3,0.2404,262.8,0.7
121,1,152.44,26928.92,0.386964,2.4903552006930107e-07,0.541113,270.2,0.2368,262.8,0.7
122,1,153.13,26827.83,0.405346,2.509954943507909e-07,0.794831,265.1,0.2414,262.7,0.7
123,1,153.82,26728.45,0.434954,2.5295546863228075e-07,0.561707,265.5,0.2411,262.7,0.7
124,1,154.51,26630.34,0.401565,2.549154429137706e-07,0.468897,266.6,0.2401,262.6,0.7
125,1,155.2,26534.47,0.468327,2.568754171952605e-07,0.685681,262.9,0.2434,262.4,0.7
126,1,155.89,26439.26,0.389535,2.5883539147675034e-07,1.024428,266.0,0.2406,262.6,0.7
127,1,156.58,26345.96,0.44294,2.607953657582402e-07,0.630835,266.3,0.2404,262.6,0.7
128,1,157.27,26253.97,0.51877,2.6275534003973e-07,0.736071,267.3,0.2394,262.7,0.7
129,1,157.96,26164.09,0.473224,2.647153143212199e-07,0.937915,261.1,0.2451,262.4,0.7
130,1,158.68,26079.29,0.413355,2.666752886027097e-07,0.713636,235.3,0.272,260.9,0.7
131,1,159.33,25986.14,0.473902,2.6863526288419956e-07,0.798702,267.0,0.2397,260.9,0.7
132,1,160.02,25899.59,0.424112,2.705952371656894e-07,0.507475,266.1,0.2405,261.1,0.7
133,1,160.71,25814.35,0.378408,2.725552114471793e-07,0.598742,265.7,0.2409,261.1,0.7
134,1,161.4,25730.38,0.413165,2.745151857286691e-07,0.75977,265.3,0.2413,261.0,0.7
135,1,162.09,25647.89,0.423019,2.7647516001015896e-07,0.565713,266.3,0.2403,261.0,0.7
136,1,162.78,25566.44,0.389105,2.784351342916488e-07,0.887001,266.4,0.2402,261.0,0.7
137,1,163.5,25490.17,0.449675,2.803951085731387e-07,0.755228,242.1,0.2643,261.1,0.7
138,1,164.17,25407.51,0.428607,2.823550828546285e-07,0.658317,266.1,0.2405,261.1,0.7
139,1,164.86,25329.66,0.450077,2.843150571361183e-07,0.959038,266.8,0.2399,261.1,0.7
140,1,165.54,25252.49,0.420273,2.862750314176082e-07,0.58959,266.2,0.2404,261.1,0.7
141,1,166.26,25180.11,0.418535,2.8823500569909804e-07,0.591031,267.8,0.239,261.0,0.7
142,1,166.95,25105.56,0.418533,2.9019497998058785e-07,0.723206,265.7,0.2409,261.0,0.7
143,1,167.64,25031.81,0.390727,2.921549542620777e-07,0.705537,266.5,0.2401,261.0,0.7
144,1,168.33,24959.25,0.401485,2.941149285435676e-07,0.723034,266.7,0.24,261.0,0.7
145,1,169.02,24887.85,0.419247,2.9607490282505744e-07,0.793073,265.3,0.2412,261.1,0.7
146,1,169.71,24817.61,0.470454,2.9803487710654725e-07,0.679988,262.1,0.2442,260.9,0.7
147,1,170.4,24747.7,0.441809,2.999948513880371e-07,0.537216,265.3,0.2412,260.9,0.7
148,1,171.09,24678.93,0.484689,3.01954825669527e-07,0.839236,265.8,0.2408,260.8,0.7
149,1,171.78,24611.18,0.421748,3.0391479995101685e-07,0.757899,264.5,0.242,260.9,0.7
150,1,172.47,24543.93,0.40288,3.058747742325067e-07,0.647697,268.9,0.238,262.8,0.7
151,1,173.16,24478.09,0.424392,3.078347485139966e-07,0.857956,265.6,0.2409,262.7,0.7
152,1,173.85,24412.67,0.474655,3.097947227954864e-07,0.724212,265.7,0.2409,262.7,0.7
153,1,174.55,24349.11,0.460307,3.117546970769762e-07,0.501004,260.8,0.2454,262.4,0.7
154,1,175.24,24285.06,0.437383,3.1371467135846606e-07,0.617103,266.2,0.2404,262.5,0.7
155,1,175.93,24222.12,0.475965,3.156746456399559e-07,0.81366,267.0,0.2397,262.6,0.7
156,1,176.62,24160.68,0.425876,3.176346199214458e-07,0.840384,264.9,0.2416,262.5,0.7
157,1,177.31,24099.48,0.459748,3.195945942029356e-07,0.772236,264.8,0.2417,263.8,0.7
158,1,178.0,24038.96,0.455407,3.2155456848442547e-07,0.865355,266.2,0.2404,263.8,0.7
159,1,178.69,23979.52,0.410629,3.2351454276591533e-07,0.485279,263.4,0.2429,263.6,0.7
160,1,179.38,23920.3,0.499274,3.254745170474052e-07,0.774036,266.6,0.2401,263.6,0.7
161,1,180.09,23865.05,0.467511,3.27434491328895e-07,0.763996,267.4,0.2394,263.6,0.7
162,1,180.79,23807.87,0.452437,3.293944656103848e-07,0.952355,263.2,0.2432,263.5,0.7
163,1,181.47,23750.8,0.460966,3.313544398918747e-07,0.875998,265.8,0.2408,263.4,0.7
164,1,182.16,23694.65,0.439017,3.3331441417336455e-07,0.774316,265.1,0.2414,263.3,0.7
165,1,182.85,23639.26,0.43782,3.352743884548544e-07,0.869845,266.7,0.2399,263.4,0.7
166,1,183.55,23584.61,0.418896,3.372343627363443e-07,0.618843,264.8,0.2417,263.5,0.7
167,1,184.24,23530.44,0.414143,3.3919433701783414e-07,0.718571,265.8,0.2408,263.6,0.7
168,1,184.93,23477.07,0.410388,3.41154311299324e-07,0.550942,265.1,0.2415,263.6,0.7
169,1,185.62,23423.99,0.450379,3.4311428558081387e-07,0.709492,266.6,0.2401,263.7,0.7
170,1,186.31,23372.1,0.47394,3.4507425986230373e-07,0.603449,266.2,0.2404,263.4,0.7
171,1,187.01,23322.18,0.413305,3.470342341437936e-07,0.553912,252.6,0.2534,262.7,0.8
172,1,187.7,23270.34,0.480643,3.4899420842528346e-07,0.55209,265.4,0.2411,262.7,0.7
173,1,188.39,23219.9,0.478358,3.5095418270677327e-07,0.76284,265.1,0.2414,263.0,0.7
174,1,189.11,23173.47,0.461741,3.5291415698826313e-07,0.78667,237.9,0.269,261.4,0.7
175,1,189.78,23122.09,0.403969,3.5487413126975295e-07,0.68439,265.7,0.2409,261.3,0.8
176,1,190.47,23073.38,0.43493,3.568341055512428e-07,0.710585,265.7,0.2409,261.4,0.7
177,1,191.17,23025.52,0.395949,3.587940798327326e-07,0.74047,263.4,0.243,261.3,0.8
178,1,191.86,22977.71,0.434058,3.6075405411422243e-07,0.813808,265.1,0.2414,261.3,0.7
179,1,192.55,22930.8,0.460238,3.6271402839571224e-07,0.940912,263.5,0.2429,261.3,0.7
180,1,193.24,22883.9,0.447428,3.646740026772021e-07,0.616011,266.6,0.24,261.3,0.7
181,1,193.95,22840.48,0.432667,3.6663397695869197e-07,0.620376,267.0,0.2397,261.2,0.7
182,1,194.65,22794.99,0.403564,3.6859395124018184e-07,0.589935,264.6,0.2419,261.3,0.8
183,1,195.34,22749.92,0.401653,3.7055392552167165e-07,0.671493,264.5,0.242,261.2,0.8
184,1,196.03,22705.14,0.403188,3.725138998031615e-07,0.577014,266.0,0.2406,261.2,0.8
185,1,196.72,22660.99,0.439242,3.744738740846513e-07,0.665053,265.0,0.2415,261.2,0.8
186,1,197.41,22617.25,0.446711,3.764338483661412e-07,0.622302,265.1,0.2415,261.2,0.8
187,1,198.1,22574.05,0.46942,3.7839382264763105e-07,0.756648,265.5,0.241,261.2,0.8
188,1,198.79,22531.33,0.435906,3.803537969291209e-07,0.762988,265.5,0.241,261.2,0.8
189,1,199.52,22492.78,0.395389,3.823137712106108e-07,0.47448,234.6,0.2728,259.4,0.8
190,1,200.18,22447.2,0.441125,3.842737454921006e-07,0.650536,265.3,0.2413,259.5,0.7
191,1,200.87,22405.71,0.437443,3.862337197735904e-07,0.572661,265.0,0.2415,260.1,0.7
192,1,201.56,22364.46,0.429603,3.8819369405508027e-07,0.608044,266.5,0.2402,260.2,0.7
193,1,202.25,22323.88,0.40201,3.9015366833657013e-07,0.493697,266.0,0.2406,260.2,0.7
194,1,202.94,22283.64,0.448039,3.9211364261806e-07,0.580746,265.6,0.241,261.7,0.7
195,1,203.63,22243.93,0.47042,3.940736168995498e-07,0.648364,262.8,0.2435,261.5,0.7
196,1,204.32,22204.15,0.438027,3.9603359118103967e-07,0.645996,266.6,0.2401,261.6,0.7
197,1,205.01,22165.1,0.447314,3.979935654625295e-07,0.477015,266.6,0.2401,261.8,0.7
198,1,205.73,22129.98,0.446896,3.9995353974401935e-07,0.680737,235.1,0.2722,260.1,0.7
199,1,206.42,22090.95,0.467441,4.0191351402550916e-07,0.794262,241.4,0.2652,258.9,0.7
200,1,207.09,22050.6,0.453658,4.03873488306999e-07,0.761655,264.7,0.2418,258.8,0.7
201,1,261.21,27673.51,0.432745,4.058334625884889e-07,0.805912,246.6,0.2596,257.8,0.7
202,1,261.87,27604.78,0.458618,4.0779343686997875e-07,0.767723,273.8,0.2337,258.4,0.7
203,1,262.54,27538.74,0.469377,4.097534111514686e-07,0.750283,273.5,0.234,258.9,0.6
204,1,263.23,27474.06,0.420217,4.117133854329585e-07,0.832965,269.1,0.2378,259.1,0.6
205,1,263.91,27409.67,0.426338,4.1367335971444834e-07,0.686271,270.8,0.2363,259.4,0.6
206,1,264.6,27345.89,0.423771,4.156333339959382e-07,0.675969,269.6,0.2374,259.7,0.6
207,1,265.28,27282.75,0.414842,4.1759330827742807e-07,0.542934,268.9,0.238,259.9,0.5
208,1,265.96,27220.31,0.417953,4.19553282558918e-07,0.537818,267.3,0.2394,260.1,0.5
209,1,266.65,27158.27,0.415302,4.215132568404078e-07,0.807946,269.6,0.2373,262.1,0.5
210,1,267.33,27096.86,0.419256,4.2347323112189766e-07,0.931748,268.6,0.2383,262.3,0.4
211,1,268.01,27036.22,0.373634,4.2543320540338753e-07,0.604624,269.1,0.2378,262.6,0.4
212,1,268.69,26975.94,0.424199,4.2739317968487744e-07,1.033418,271.1,0.236,262.8,0.4
213,1,269.38,26916.32,0.442977,4.293531539663673e-07,0.597463,268.7,0.2381,263.0,0.4
214,1,270.06,26857.48,0.437493,4.313131282478571e-07,0.535519,268.1,0.2387,263.2,0.4
215,1,270.75,26799.27,0.424146,4.33273102529347e-07,0.733255,266.9,0.2398,263.4,0.4
216,1,271.44,26741.56,0.414438,4.3523307681083685e-07,0.596664,266.7,0.2399,263.5,0.3
217,1,272.12,26684.2,0.423747,4.3719305109232666e-07,0.635672,268.0,0.2388,263.6,0.3
218,1,272.8,26627.15,0.444896,4.3915302537381647e-07,0.640374,269.2,0.2377,265.5,0.3
219,1,273.49,26570.71,0.470896,4.411129996553064e-07,0.606371,271.2,0.236,267.2,0.3
220,1,274.17,26515.05,0.436831,4.430729739367962e-07,0.7602,269.4,0.2376,267.5,0.3
221,1,274.87,26461.07,0.445487,4.4503294821828606e-07,0.660675,269.2,0.2378,268.7,0.3
222,1,275.56,26406.26,0.4311,4.4699292249977593e-07,1.025812,269.1,0.2378,268.5,0.3
223,1,276.24,26352.0,0.419248,4.489528967812658e-07,0.73311,269.0,0.2379,268.2,0.3
224,1,276.93,26298.38,0.414155,4.5091287106275566e-07,0.557741,268.6,0.2383,268.2,0.3
225,1,277.62,26245.23,0.451012,4.528728453442455e-07,0.666859,267.9,0.2389,268.0,0.3
226,1,278.3,26192.5,0.453089,4.548328196257354e-07,0.690731,267.5,0.2393,267.9,0.3
227,1,278.99,26140.31,0.461043,4.567927939072252e-07,0.852617,267.3,0.2395,267.8,0.3
228,1,279.68,26088.66,0.438686,4.58752768188715e-07,0.711784,268.8,0.2381,267.9,0.3
229,1,280.37,26037.5,0.470739,4.6071274247020487e-07,0.837415,266.8,0.2399,267.7,0.3
230,1,281.05,25986.55,0.462235,4.6267271675169474e-07,0.639119,268.4,0.2384,267.7,0.3
231,1,281.74,25936.0,0.435359,4.6463269103318455e-07,0.710606,267.6,0.2392,267.6,0.3
232,1,282.43,25885.91,0.456751,4.6659266531467446e-07,0.618151,268.9,0.238,267.4,0.3
233,1,283.11,25836.3,0.425429,4.6855263959616433e-07,0.96346,268.9,0.238,267.4,0.4
234,1,283.8,25787.18,0.4476,4.705126138776542e-07,0.552597,267.5,0.2392,267.3,0.4
235,1,284.5,25738.94,0.451384,4.7247258815914406e-07,0.68344,263.9,0.2425,267.1,0.4
236,1,285.18,25690.69,0.506149,4.744325624406339e-07,0.73859,266.5,0.2401,267.0,0.4
237,1,285.87,25642.81,0.479742,4.7639253672212373e-07,0.823503,265.7,0.2409,266.8,0.5
238,1,286.56,25595.23,0.482122,4.783525110036136e-07,0.640929,268.1,0.2387,266.8,0.5
239,1,287.25,25548.2,0.442047,4.803124852851034e-07,0.599959,266.7,0.24,266.5,0.5
240,1,287.93,25501.35,0.472174,4.822724595665932e-07,0.89723,268.7,0.2382,266.4,0.5
241,1,288.65,25457.47,0.427284,4.84232433848083e-07,0.843675,264.4,0.2421,266.2,0.5
242,1,289.33,25411.17,0.426455,4.861924081295728e-07,0.616178,266.1,0.2405,265.9,0.5
243,1,290.02,25365.57,0.440703,4.881523824110627e-07,0.679929,266.4,0.2402,265.8,0.5
244,1,290.71,25320.4,0.44856,4.901123566925526e-07,0.899403,267.1,0.2396,265.7,0.6
245,1,291.4,25275.73,0.42444,4.920723309740424e-07,0.766019,265.7,0.2408,265.5,0.6
246,1,292.09,25231.35,0.432949,4.940323052555323e-07,0.545496,267.9,0.2389,265.5,0.6
247,1,292.78,25187.4,0.444035,4.959922795370222e-07,0.655097,266.5,0.2402,265.3,0.6
248,1,293.47,25143.83,0.408568,4.97952253818512e-07,0.789583,266.9,0.2398,265.2,0.7
249,1,294.16,25100.67,0.42825,4.999122281000018e-07,0.652883,266.6,0.2401,265.1,0.7
250,1,294.85,25057.94,0.452914,5.018722023814916e-07,0.7864,264.8,0.2417,264.9,0.7
251,1,295.55,25015.38,0.430121,5.038321766629816e-07,0.738363,266.1,0.2405,264.8,0.7
252,1,296.24,24973.23,0.435123,5.057921509444714e-07,0.813756,265.5,0.2411,264.7,0.7
253,1,296.93,24931.36,0.433993,5.077521252259612e-07,0.648943,266.7,0.24,264.5,0.7
254,1,297.62,24889.72,0.430125,5.097120995074511e-07,0.816835,268.1,0.2387,264.6,0.7
255,1,298.31,24848.59,0.432501,5.116720737889409e-07,0.664815,265.8,0.2408,264.8,0.7
256,1,299.0,24807.8,0.486033,5.136320480704307e-07,0.805179,265.9,0.2407,264.7,0.7
257,1,299.69,24767.15,0.428512,5.155920223519206e-07,0.623934,267.0,0.2397,264.8,0.7
258,1,300.38,24726.87,0.462717,5.175519966334105e-07,0.808588,266.8,0.2399,264.7,0.7
259,1,301.08,24687.14,0.451188,5.195119709149004e-07,0.647842,265.3,0.2412,264.6,0.7
260,1,301.77,24647.55,0.376633,5.214719451963902e-07,0.572958,265.6,0.2409,264.5,0.7
261,1,302.48,24610.12,0.451136,5.2343191947788e-07,0.775381,266.9,0.2398,264.6,0.7
262,1,303.17,24571.05,0.412921,5.253918937593698e-07,0.821609,265.6,0.241,264.6,0.7
263,1,303.87,24532.31,0.430635,5.273518680408596e-07,0.715772,264.9,0.2416,264.5,0.7
264,1,304.56,24493.8,0.413068,5.293118423223494e-07,0.905807,266.1,0.2405,264.5,0.7
265,1,305.25,24455.91,0.420161,5.312718166038392e-07,0.841381,264.6,0.2419,264.4,0.7
266,1,305.94,24417.97,0.375801,5.332317908853291e-07,0.614184,265.6,0.241,264.3,0.7
267,1,306.63,24380.34,0.38401,5.351917651668189e-07,0.507622,266.2,0.2405,264.2,0.7
268,1,307.33,24343.1,0.428734,5.371517394483088e-07,0.72301,263.6,0.2428,264.1,0.7
269,1,308.02,24306.17,0.458426,5.391117137297986e-07,0.695788,265.5,0.241,264.0,0.7
270,1,308.71,24269.4,0.438103,5.410716880112884e-07,0.700837,266.9,0.2398,264.1,0.7
271,1,309.4,24232.5,0.487622,5.430316622927782e-07,0.7497,272.3,0.235,264.5,0.7
272,1,310.1,24196.85,0.438139,5.449916365742681e-07,0.83358,258.2,0.2479,264.0,0.7
273,1,310.81,24162.63,0.446642,5.469516108557579e-07,0.641585,237.2,0.2698,262.5,0.7
274,1,311.47,24124.34,0.465543,5.489115851372478e-07,0.695781,265.1,0.2414,262.3,0.7
275,1,312.16,24088.51,0.404213,5.508715594187377e-07,0.97081,266.9,0.2398,262.3,0.7
276,1,312.85,24053.01,0.433027,5.528315337002275e-07,0.646649,266.7,0.2399,262.4,0.7
277,1,313.54,24017.71,0.444047,5.547915079817173e-07,0.706167,267.9,0.2389,262.4,0.7
278,1,314.22,23982.63,0.44226,5.567514822632072e-07,0.825762,268.3,0.2385,262.5,0.7
279,1,314.91,23948.08,0.447671,5.587114565446971e-07,0.534773,266.5,0.2401,262.6,0.7
280,1,315.6,23913.52,0.389709,5.60671430826187e-07,0.577558,267.1,0.2396,262.6,0.7
281,1,316.32,23881.46,0.400119,5.626314051076769e-07,0.518016,261.6,0.2446,262.4,0.7
282,1,317.0,23847.19,0.448318,5.645913793891667e-07,0.756032,264.2,0.2423,262.3,0.7
283,1,317.69,23813.25,0.398302,5.665513536706566e-07,0.663491,267.6,0.2392,262.4,0.7
284,1,318.41,23781.8,0.407278,5.685113279521464e-07,0.844486,239.9,0.2668,261.0,0.7
285,1,319.07,23746.7,0.416728,5.704713022336363e-07,0.569044,268.4,0.2384,261.2,0.7
286,1,319.76,23713.83,0.415166,5.724312765151261e-07,0.714708,266.4,0.2402,261.3,0.7
287,1,320.45,23680.92,0.435683,5.74391250796616e-07,0.903266,267.1,0.2396,261.3,0.7
288,1,321.14,23648.12,0.402902,5.763512250781059e-07,0.5608,267.1,0.2396,261.5,0.7
289,1,321.83,23615.79,0.447405,5.783111993595958e-07,0.602728,266.3,0.2403,261.6,0.6
290,1,322.52,23583.69,0.458308,5.802711736410856e-07,0.589817,267.3,0.2394,261.6,0.6
291,1,323.2,23551.72,0.404003,5.822311479225755e-07,0.736587,267.7,0.2391,261.3,0.7
292,1,323.89,23520.01,0.383703,5.841911222040653e-07,0.476659,267.0,0.2397,261.8,0.7
293,1,324.58,23488.54,0.413991,5.861510964855551e-07,0.769095,267.5,0.2393,263.4,0.7
294,1,325.27,23457.36,0.414931,5.88111070767045e-07,0.567544,269.4,0.2376,263.5,0.7
295,1,325.96,23426.38,0.447208,5.900710450485349e-07,0.677438,265.8,0.2408,263.5,0.7
296,1,326.65,23395.44,0.453399,5.920310193300247e-07,0.713031,268.2,0.2386,263.5,0.7
297,1,327.34,23364.74,0.504934,5.939909936115146e-07,0.900626,268.5,0.2384,263.5,0.7
298,1,328.03,23334.01,0.422881,5.959509678930045e-07,0.737914,272.5,0.2348,263.7,0.7
299,1,328.72,23303.82,0.39865,5.979109421744943e-07,0.764935,267.5,0.2392,263.7,0.7
300,1,329.41,23273.71,0.412436,5.998709164559841e-07,0.578389,267.0,0.2397,263.8,0.7
301,1,330.12,23245.67,0.473876,6.018308907374739e-07,0.684415,267.0,0.2397,264.1,0.7
302,1,330.81,23215.82,0.40153,6.037908650189638e-07,0.47151,266.5,0.2402,264.1,0.7
303,1,331.49,23185.97,0.441756,6.057508393004537e-07,0.6031,270.7,0.2364,264.4,0.7
304,1,332.18,23156.71,0.479731,6.077108135819435e-07,0.841298,267.3,0.2394,265.9,0.7
305,1,332.87,23127.33,0.422747,6.096707878634334e-07,0.69904,269.4,0.2376,265.9,0.7
306,1,333.56,23098.66,0.440237,6.116307621449233e-07,0.679202,263.9,0.2425,265.8,0.7
307,1,334.25,23069.75,0.444086,6.135907364264131e-07,0.61815,268.3,0.2386,265.9,0.7
308,1,334.94,23041.02,0.418582,6.155507107079029e-07,0.749261,269.7,0.2373,266.0,0.7
309,1,335.63,23012.77,0.430618,6.175106849893927e-07,0.747623,266.1,0.2405,265.9,0.7
310,1,336.32,22984.43,0.413915,6.194706592708827e-07,0.834874,268.1,0.2387,266.0,0.7
311,1,337.0,22956.4,0.435923,6.214306335523725e-07,0.650123,267.6,0.2392,266.0,0.7
312,1,337.69,22928.43,0.432164,6.233906078338623e-07,0.869674,268.2,0.2386,266.0,0.7
313,1,338.38,22900.68,0.458302,6.253505821153522e-07,0.74127,268.5,0.2384,266.1,0.7
314,1,339.07,22873.27,0.462566,6.27310556396842e-07,0.619242,266.1,0.2405,266.0,0.7
315,1,339.76,22846.1,0.427396,6.292705306783318e-07,0.611792,263.4,0.243,266.0,0.7
316,1,340.47,22820.27,0.393579,6.312305049598216e-07,0.503822,241.0,0.2655,264.5,0.6
317,1,341.14,22791.74,0.397448,6.331904792413115e-07,0.450516,267.9,0.2389,264.5,0.6
318,1,341.83,22764.89,0.423065,6.351504535228015e-07,0.629824,264.9,0.2416,264.1,0.6
319,1,342.51,22737.86,0.434329,6.371104278042914e-07,0.716522,269.6,0.2374,264.3,0.6
320,1,343.2,22711.42,0.439437,6.390704020857813e-07,0.781107,268.1,0.2387,264.3,0.6
321,1,343.91,22686.4,0.507497,6.410303763672711e-07,0.739609,269.2,0.2377,264.4,0.6
322,1,344.6,22660.24,0.448843,6.42990350648761e-07,0.811491,266.5,0.2402,264.4,0.6
323,1,345.29,22634.19,0.453272,6.449503249302508e-07,0.782141,266.4,0.2402,264.1,0.7
324,1,345.98,22608.29,0.494727,6.469102992117406e-07,0.618652,267.5,0.2392,264.2,0.6
325,1,346.67,22582.52,0.455587,6.488702734932305e-07,0.620009,266.1,0.2405,264.0,0.7
326,1,347.36,22556.8,0.385701,6.508302477747203e-07,0.674946,268.2,0.2386,264.2,0.6
327,1,348.04,22531.35,0.430131,6.527902220562101e-07,0.649294,265.9,0.2407,264.1,0.6
328,1,348.73,22505.84,0.460406,6.547501963376999e-07,0.81932,268.1,0.2387,264.1,0.6
329,1,349.42,22480.94,0.425803,6.567101706191898e-07,0.720373,266.0,0.2406,264.1,0.6
330,1,350.11,22455.91,0.427609,6.586701449006796e-07,0.711631,264.6,0.2419,263.9,0.6
331,1,350.8,22431.08,0.413853,6.606301191821694e-07,0.652802,266.2,0.2404,263.8,0.6
332,1,351.49,22406.29,0.412599,6.625900934636593e-07,0.533111,267.7,0.239,263.8,0.6
333,1,352.18,22381.96,0.433935,6.645500677451493e-07,0.7725,262.3,0.244,263.5,0.6
334,1,352.86,22357.05,0.418503,6.665100420266391e-07,0.674474,270.0,0.237,263.7,0.6
335,1,353.55,22332.82,0.435574,6.684700163081289e-07,0.641318,266.9,0.2398,263.8,0.7
336,1,354.24,22308.57,0.536082,6.704299905896187e-07,0.833448,268.2,0.2386,265.3,0.6
337,1,354.93,22284.58,0.437422,6.723899648711086e-07,0.943051,268.6,0.2383,265.3,0.6
338,1,355.62,22261.09,0.421976,6.743499391525984e-07,0.597744,267.6,0.2391,265.4,0.7
339,1,356.31,22237.28,0.501773,6.763099134340883e-07,0.755763,267.6,0.2392,265.3,0.7
340,1,357.0,22213.73,0.454848,6.782698877155783e-07,0.651382,265.6,0.241,265.2,0.7
341,1,357.7,22191.34,0.49394,6.802298619970682e-07,0.6874,271.2,0.236,265.3,0.7
342,1,358.4,22168.18,0.442945,6.82189836278558e-07,0.540062,265.0,0.2415,265.2,0.7
343,1,359.08,22144.86,0.442239,6.841498105600479e-07,0.688889,268.2,0.2386,265.3,0.7
344,1,359.77,22121.82,0.371811,6.861097848415378e-07,0.554178,266.9,0.2398,265.3,0.7
345,1,360.46,22098.95,0.506314,6.880697591230277e-07,0.9891,266.2,0.2404,265.3,0.6
346,1,361.15,22076.31,0.430228,6.900297334045176e-07,0.604305,264.8,0.2417,265.1,0.7
347,1,361.84,22053.63,0.440418,6.919897076860074e-07,0.602323,264.7,0.2418,265.1,0.7
348,1,362.53,22031.01,0.391617,6.939496819674973e-07,0.779441,267.6,0.2391,265.1,0.6
349,1,363.22,22008.59,0.40486,6.959096562489871e-07,0.564245,267.7,0.2391,265.2,0.6
350,1,363.91,21986.41,0.427512,6.97869630530477e-07,0.56692,264.6,0.2419,265.2,0.6
351,1,364.6,21964.19,0.445804,6.998296048119668e-07,1.134203,267.4,0.2393,265.3,0.6
352,1,365.29,21942.15,0.454486,7.017895790934567e-07,0.590138,267.7,0.2391,265.3,0.6
353,1,365.98,21920.32,0.404658,7.037495533749467e-07,0.628707,265.7,0.2409,265.5,0.6
354,1,366.67,21898.49,0.404467,7.057095276564365e-07,0.561964,266.5,0.2401,265.3,0.6
355,1,367.35,21876.73,0.38969,7.076695019379263e-07,0.71727,265.4,0.2412,265.3,0.6
356,1,368.04,21855.12,0.441016,7.096294762194162e-07,0.7114,265.5,0.241,265.1,0.6
357,1,368.73,21833.79,0.412232,7.11589450500906e-07,0.613794,264.5,0.242,264.9,0.6
358,1,369.42,21812.52,0.421574,7.135494247823959e-07,0.924403,264.8,0.2417,264.8,0.6
359,1,370.11,21791.03,0.44536,7.155093990638857e-07,0.609805,267.8,0.239,264.8,0.6
360,1,370.8,21770.06,0.426906,7.174693733453755e-07,0.694613,265.5,0.2411,264.7,0.6
361,1,371.51,21750.3,0.459695,7.194293476268654e-07,0.915765,268.8,0.2381,264.5,0.6
362,1,372.2,21729.44,0.398591,7.213893219083552e-07,0.806121,267.1,0.2396,264.6,0.7
363,1,372.89,21708.64,0.432597,7.233492961898451e-07,0.775575,268.8,0.2381,264.6,0.7
364,1,373.58,21687.98,0.440189,7.253092704713349e-07,0.707768,267.1,0.2396,264.6,0.7
365,1,374.27,21667.5,0.434778,7.272692447528248e-07,0.719956,266.7,0.24,264.6,0.7
366,1,374.96,21647.13,0.388975,7.292292190343147e-07,0.914891,266.3,0.2404,264.7,0.7
367,1,375.65,21626.78,0.452251,7.311891933158045e-07,0.50946,267.2,0.2395,264.8,0.7
368,1,376.34,21606.72,0.451938,7.331491675972945e-07,0.51545,264.2,0.2422,264.6,0.7
369,1,377.03,21586.53,0.444181,7.351091418787843e-07,0.620856,266.2,0.2404,264.5,0.7
370,1,377.71,21566.43,0.461264,7.370691161602742e-07,0.811122,267.7,0.2391,264.6,0.7
371,1,378.4,21546.49,0.412144,7.39029090441764e-07,0.709986,267.5,0.2393,264.6,0.7
372,1,379.09,21526.6,0.41615,7.409890647232538e-07,0.500364,268.4,0.2384,264.7,0.7
373,1,379.78,21507.0,0.448632,7.429490390047437e-07,1.086865,265.9,0.2407,264.7,0.7
374,1,380.47,21487.46,0.401156,7.449090132862335e-07,0.579051,265.6,0.241,264.6,0.7
375,1,381.16,21468.12,0.431658,7.468689875677235e-07,0.573904,261.5,0.2448,264.4,0.7
376,1,381.85,21448.74,0.416294,7.488289618492133e-07,0.54891,265.8,0.2408,264.5,0.7
377,1,382.54,21429.45,0.455227,7.507889361307031e-07,0.75186,267.0,0.2397,264.6,0.7
378,1,383.26,21412.04,0.421465,7.52748910412193e-07,0.931524,236.3,0.2708,263.0,0.7
379,1,383.92,21391.33,0.420946,7.547088846936828e-07,0.688438,267.0,0.2397,262.9,0.7
380,1,384.61,21372.25,0.404716,7.566688589751726e-07,0.545519,268.4,0.2385,263.1,0.7
381,1,385.32,21354.46,0.430764,7.586288332566625e-07,0.673015,270.9,0.2363,263.2,0.7
382,1,386.01,21335.82,0.401656,7.605888075381523e-07,0.668465,264.2,0.2422,263.1,0.7
383,1,386.7,21316.83,0.426843,7.625487818196422e-07,0.652871,267.8,0.239,263.1,0.7
384,1,387.39,21298.14,0.425806,7.645087561011321e-07,0.806275,267.4,0.2394,263.1,0.7
385,1,388.08,21279.68,0.446194,7.66468730382622e-07,0.60236,265.4,0.2412,263.0,0.7
386,1,388.77,21261.25,0.45219,7.684287046641118e-07,0.586421,265.2,0.2413,262.9,0.7
387,1,389.45,21242.69,0.411556,7.703886789456016e-07,0.677362,269.4,0.2375,263.1,0.7
388,1,390.14,21224.36,0.395471,7.723486532270915e-07,0.643319,267.9,0.2389,263.3,0.7
389,1,390.83,21206.18,0.417712,7.743086275085813e-07,0.607686,267.7,0.239,263.4,0.7
390,1,391.52,21188.12,0.423282,7.762686017900713e-07,1.013886,266.2,0.2404,263.4,0.6
391,1,392.2,21170.01,0.396991,7.782285760715611e-07,0.789055,270.0,0.2371,263.5,0.7
392,1,392.9,21152.32,0.438173,7.801885503530509e-07,1.057609,264.5,0.242,263.3,0.7
393,1,393.59,21134.61,0.429914,7.821485246345408e-07,0.605393,261.4,0.2448,263.1,0.7
394,1,394.27,21116.48,0.422934,7.841084989160307e-07,0.505047,267.4,0.2393,263.2,0.6
395,1,394.96,21098.76,0.469333,7.860684731975205e-07,0.69601,267.6,0.2391,263.5,0.6
396,1,395.65,21081.16,0.46145,7.880284474790103e-07,1.016196,268.8,0.2381,263.5,0.7
397,1,396.34,21063.69,0.441248,7.899884217605002e-07,0.775416,267.6,0.2392,263.6,0.7
398,1,397.02,21046.29,0.465144,7.9194839604199e-07,0.61163,266.6,0.24,265.3,0.7
399,1,397.71,21028.86,0.465666,7.939083703234799e-07,0.801272,268.6,0.2383,265.4,0.7
400,1,398.4,21011.81,0.421802,7.958683446049697e-07,0.570522,266.7,0.24,265.2,0.7
401,1,602.97,31719.61,0.403313,7.978283188864596e-07,0.636117,196.9,0.3251,260.3,0.7
402,1,603.6,31672.4,0.44124,7.997882931679494e-07,0.586583,262.4,0.2439,260.3,0.7
403,1,604.28,31627.85,0.43889,8.017482674494393e-07,0.844244,269.6,0.2374,260.4,0.7
404,1,604.97,31584.16,0.455245,8.037082417309291e-07,1.127502,265.8,0.2408,260.3,0.7
405,1,605.65,31540.35,0.426629,8.056682160124191e-07,0.628322,266.7,0.24,260.5,0.7
406,1,606.35,31497.18,0.468204,8.076281902939089e-07,0.645946,265.3,0.2412,260.5,0.6
407,1,607.03,31453.94,0.435516,8.095881645753987e-07,0.987646,263.8,0.2426,260.2,0.7
408,1,607.72,31411.0,0.399333,8.115481388568885e-07,0.675511,262.9,0.2434,260.0,0.6
409,1,608.42,31368.38,0.413888,8.135081131383783e-07,0.506341,262.0,0.2443,259.7,0.6
410,1,609.1,31325.77,0.440381,8.154680874198682e-07,0.838335,266.6,0.2401,259.8,0.6
411,1,609.79,31283.42,0.422156,8.174280617013581e-07,0.555096,265.1,0.2414,259.6,0.6
412,1,610.48,31241.17,0.456313,8.19388035982848e-07,0.862128,265.6,0.241,259.7,0.6
413,1,611.17,31199.5,0.417536,8.213480102643379e-07,0.627352,263.1,0.2433,259.8,0.6
414,1,611.86,31157.67,0.395337,8.233079845458277e-07,0.59696,264.9,0.2416,259.8,0.5
415,1,612.55,31116.11,0.422925,8.252679588273176e-07,0.862692,265.5,0.2411,259.7,0.5
416,1,613.24,31074.73,0.434588,8.272279331088075e-07,0.613661,265.8,0.2408,259.7,0.5
417,1,613.94,31034.01,0.425711,8.291879073902974e-07,0.554468,256.9,0.2492,259.2,0.5
418,1,614.62,30992.83,0.455629,8.311478816717872e-07,0.6358,263.5,0.2429,259.1,0.4
419,1,615.31,30952.05,0.441429,8.331078559532771e-07,0.748096,265.1,0.2414,259.0,0.4
420,1,616.0,30911.51,0.478116,8.35067830234767e-07,0.654225,264.5,0.2419,259.0,0.4
421,1,616.72,30872.66,0.42727,8.370278045162569e-07,0.814484,264.2,0.2422,263.6,0.3
422,1,617.41,30832.32,0.423553,8.389877787977467e-07,0.817832,264.0,0.2424,263.6,0.3
423,1,618.09,30792.21,0.464779,8.409477530792365e-07,0.805575,268.6,0.2383,263.5,0.4
424,1,618.79,30752.46,0.45375,8.429077273607263e-07,0.920125,264.3,0.2421,263.4,0.4
425,1,619.48,30712.89,0.398455,8.448677016422162e-07,0.777511,264.4,0.2421,263.3,0.4
426,1,620.18,30673.95,0.428543,8.468276759237062e-07,0.721174,252.6,0.2534,262.6,0.4
427,1,620.86,30634.2,0.402301,8.48787650205196e-07,0.751866,263.9,0.2425,262.7,0.4
428,1,621.54,30595.05,0.493957,8.507476244866858e-07,0.702833,264.8,0.2417,262.7,0.4
429,1,622.23,30556.06,0.474103,8.527075987681756e-07,0.549309,266.4,0.2402,262.9,0.4
430,1,622.92,30517.4,0.439963,8.546675730496654e-07,0.592732,265.8,0.2408,262.8,0.4
431,1,623.61,30478.91,0.414052,8.566275473311552e-07,0.570444,265.3,0.2413,262.8,0.4
432,1,624.3,30440.63,0.399008,8.585875216126451e-07,0.607298,264.0,0.2424,262.7,0.4
433,1,624.99,30402.43,0.48568,8.60547495894135e-07,0.865513,265.3,0.2412,262.7,0.5
434,1,625.69,30364.52,0.368535,8.625074701756249e-07,0.612962,264.7,0.2418,262.6,0.5
435,1,626.38,30326.72,0.426477,8.644674444571147e-07,0.642565,265.4,0.2412,262.6,0.5
436,1,627.07,30289.15,0.467815,8.664274187386045e-07,0.676424,263.4,0.243,262.4,0.6
437,1,627.76,30251.63,0.49782,8.683873930200944e-07,0.874515,264.3,0.2421,262.7,0.6
438,1,628.45,30214.36,0.465202,8.703473673015843e-07,0.697969,263.7,0.2427,262.6,0.6
439,1,629.14,30177.13,0.425265,8.723073415830742e-07,0.607854,266.2,0.2404,262.6,0.6
440,1,629.83,30140.25,0.469212,8.742673158645642e-07,0.7475,263.0,0.2433,262.5,0.6
441,1,630.55,30104.61,0.406716,8.762272901460541e-07,0.817926,266.7,0.24,262.6,0.6
442,1,631.25,30068.45,0.426457,8.78187264427544e-07,0.706268,254.2,0.2518,262.0,0.7
443,1,631.93,30031.64,0.427857,8.801472387090339e-07,0.555109,267.0,0.2397,262.0,0.7
444,1,632.62,29995.38,0.467019,8.821072129905237e-07,0.710961,265.0,0.2415,262.0,0.7
445,1,633.31,29959.25,0.389998,8.840671872720135e-07,0.634419,264.0,0.2425,261.9,0.7
446,1,634.0,29923.11,0.435435,8.860271615535033e-07,0.53813,267.3,0.2395,262.6,0.7
447,1,634.69,29887.39,0.417596,8.879871358349932e-07,0.611799,264.1,0.2423,262.6,0.7
448,1,635.38,29851.55,0.420459,8.89947110116483e-07,0.555991,266.9,0.2397,262.7,0.7
449,1,636.08,29816.21,0.494429,8.919070843979728e-07,0.630118,263.8,0.2427,262.6,0.7
450,1,636.76,29780.75,0.432648,8.938670586794626e-07,0.881409,264.6,0.2418,262.5,0.7
451,1,637.46,29745.65,0.40478,8.958270329609525e-07,1.057316,263.8,0.2426,262.4,0.7
452,1,638.17,29711.76,0.401286,8.977870072424423e-07,0.718497,239.9,0.2668,261.1,0.7
453,1,638.84,29675.88,0.404477,8.997469815239322e-07,0.489533,264.2,0.2423,261.0,0.7
454,1,639.57,29642.94,0.411857,9.01706955805422e-07,0.660609,229.4,0.279,259.1,0.7
455,1,640.23,29606.65,0.412964,9.03666930086912e-07,0.5923,264.7,0.2417,259.0,0.7
456,1,640.92,29572.38,0.457818,9.056269043684018e-07,0.807503,261.2,0.245,258.9,0.7
457,1,641.61,29537.9,0.408886,9.075868786498917e-07,0.73061,266.3,0.2403,259.0,0.7
458,1,642.3,29503.77,0.443966,9.095468529313815e-07,0.509683,266.0,0.2406,259.1,0.7
459,1,642.99,29469.63,0.462171,9.115068272128713e-07,0.893454,265.2,0.2413,259.1,0.7
460,1,643.68,29435.68,0.427054,9.134668014943612e-07,0.639417,267.5,0.2392,259.3,0.7
461,1,644.39,29402.94,0.451679,9.154267757758511e-07,0.677139,267.3,0.2394,259.3,0.7
462,1,645.08,29369.23,0.463887,9.17386750057341e-07,0.586806,266.2,0.2404,259.9,0.7
463,1,645.77,29335.81,0.444186,9.193467243388308e-07,0.590471,266.7,0.24,259.9,0.7
464,1,646.48,29303.54,0.441381,9.213066986203206e-07,0.66838,242.8,0.2636,258.7,0.7
465,1,647.15,29269.38,0.44383,9.232666729018104e-07,0.814288,264.9,0.2416,258.8,0.7
466,1,647.85,29236.44,0.38686,9.252266471833002e-07,0.790543,263.6,0.2428,258.6,0.7
467,1,648.53,29203.48,0.443295,9.271866214647899e-07,0.557059,265.2,0.2414,258.6,0.7
468,1,649.22,29170.72,0.438858,9.291465957462797e-07,1.076099,265.3,0.2412,258.6,0.7
469,1,649.91,29137.99,0.410855,9.311065700277696e-07,0.730266,266.6,0.24,258.7,0.7
470,1,650.61,29105.59,0.436244,9.330665443092594e-07,0.638321,263.4,0.243,258.6,0.7
471,1,651.29,29073.18,0.391121,9.350265185907494e-07,0.568546,265.0,0.2415,258.7,0.7
472,1,651.99,29041.18,0.400971,9.369864928722393e-07,0.731327,260.0,0.2461,259.8,0.7
473,1,652.67,29008.84,0.40332,9.389464671537292e-07,0.577932,266.9,0.2398,260.0,0.7
474,1,653.37,28977.08,0.40096,9.409064414352191e-07,0.529302,262.7,0.2436,261.8,0.7
475,1,654.06,28945.14,0.406724,9.42866415716709e-07,0.720461,266.9,0.2398,261.9,0.7
476,1,654.75,28913.54,0.430805,9.448263899981988e-07,0.561353,264.4,0.2421,262.1,0.7
477,1,655.44,28881.99,0.417096,9.467863642796888e-07,0.651789,264.8,0.2417,262.0,0.7
478,1,656.13,28850.71,0.432789,9.487463385611787e-07,0.57591,261.7,0.2446,261.8,0.7
479,1,656.82,28819.28,0.429245,9.507063128426686e-07,0.630713,265.2,0.2413,261.8,0.7
480,1,657.51,28788.14,0.386928,9.526662871241584e-07,0.480949,264.7,0.2418,261.7,0.7
481,1,658.23,28758.25,0.463491,9.546262614056481e-07,0.825643,264.7,0.2418,261.6,0.7
482,1,658.92,28727.17,0.419368,9.56586235687138e-07,0.587088,267.4,0.2394,261.7,0.7
483,1,659.61,28696.39,0.431377,9.58546209968628e-07,0.61258,266.1,0.2405,261.6,0.7
484,1,660.3,28665.7,0.45315,9.605061842501178e-07,0.820619,266.1,0.2405,262.9,0.7
485,1,660.99,28635.19,0.441446,9.624661585316076e-07,0.771128,264.7,0.2418,262.9,0.7
486,1,661.69,28605.28,0.414963,9.644261328130974e-07,1.079812,265.5,0.2411,262.9,0.7
487,1,662.38,28575.01,0.403917,9.663861070945872e-07,0.57793,265.1,0.2414,262.9,0.7
488,1,663.07,28544.74,0.402824,9.68346081376077e-07,0.589293,266.1,0.2405,262.9,0.7
489,1,663.76,28514.73,0.447489,9.70306055657567e-07,0.713539,263.6,0.2428,262.7,0.8
490,1,664.45,28484.72,0.443949,9.722660299390568e-07,0.840652,265.1,0.2415,262.8,0.8
491,1,665.15,28454.99,0.4293,9.742260042205466e-07,0.681846,263.3,0.2431,262.7,0.8
492,1,665.84,28425.26,0.434139,9.761859785020365e-07,0.63955,264.8,0.2417,262.9,0.8
493,1,666.53,28395.69,0.370375,9.781459527835265e-07,0.945045,264.8,0.2417,262.8,0.8
494,1,667.22,28366.32,0.400884,9.801059270650165e-07,0.754042,263.9,0.2425,263.0,0.7
495,1,667.94,28338.28,0.414168,9.820659013465063e-07,0.812231,234.7,0.2727,261.2,0.7
496,1,668.6,28307.81,0.454155,9.840258756279961e-07,0.880769,263.0,0.2433,261.1,0.7
497,1,669.29,28278.66,0.419891,9.859858499094861e-07,0.726435,264.3,0.2421,261.1,0.7
498,1,669.99,28249.72,0.418101,9.87945824190976e-07,0.63754,263.2,0.2432,261.2,0.7
499,1,670.68,28220.87,0.402756,9.899057984724658e-07,0.661858,265.7,0.2409,261.2,0.7
500,1,671.37,28192.12,0.45425,9.918657727539556e-07,0.770368,264.8,0.2417,261.2,0.8
501,1,672.09,28164.58,0.423035,9.938257470354456e-07,0.590559,263.4,0.243,261.1,0.8
502,1,672.78,28135.99,0.385882,9.957857213169354e-07,0.659365,264.1,0.2424,260.9,0.8
503,1,673.47,28107.57,0.458548,9.977456955984252e-07,0.861937,264.9,0.2416,260.9,0.8
504,1,674.16,28079.33,0.424901,9.997056698799153e-07,0.731568,264.0,0.2424,260.8,0.8
505,1,674.85,28051.12,0.45615,1.001665644161405e-06,0.703823,263.8,0.2426,260.7,0.8
506,1,675.54,28022.98,0.406309,1.003625618442895e-06,0.611381,265.9,0.2407,260.8,0.7
507,1,676.24,27995.08,0.440567,1.005585592724385e-06,0.729715,264.3,0.2422,260.8,0.7
508,1,676.93,27967.23,0.493685,1.0075455670058747e-06,0.696775,263.6,0.2428,260.7,0.7
509,1,677.62,27939.56,0.441913,1.0095055412873645e-06,0.979221,263.8,0.2426,260.7,0.7
510,1,678.31,27911.89,0.434769,1.0114655155688543e-06,0.724397,262.2,0.2441,260.6,0.7
511,1,679.0,27884.29,0.433877,1.0134254898503441e-06,0.774242,264.8,0.2417,260.7,0.7
512,1,679.7,27856.95,0.417765,1.015385464131834e-06,0.948091,263.8,0.2426,260.7,0.7
513,1,680.39,27829.57,0.4952,1.0173454384133238e-06,0.903861,265.7,0.2409,260.7,0.7
514,1,681.1,27803.16,0.404854,1.0193054126948136e-06,0.685368,245.5,0.2607,259.7,0.7
515,1,681.77,27775.33,0.416611,1.0212653869763034e-06,0.620588,262.6,0.2437,261.3,0.7
516,1,682.49,27749.44,0.406787,1.0232253612577932e-06,0.637426,235.8,0.2714,259.7,0.7
517,1,683.16,27721.37,0.424454,1.025185335539283e-06,0.784641,264.0,0.2424,259.7,0.7
518,1,683.85,27694.49,0.417841,1.0271453098207728e-06,0.728969,265.9,0.2407,259.9,0.7
519,1,684.54,27667.9,0.38078,1.0291052841022626e-06,0.835986,262.7,0.2436,259.8,0.7
520,1,685.23,27641.27,0.426653,1.0310652583837527e-06,0.674323,266.7,0.24,259.8,0.7
521,1,685.96,27615.94,0.456987,1.0330252326652427e-06,0.976285,262.0,0.2442,259.8,0.7
522,1,686.65,27589.47,0.424781,1.0349852069467325e-06,0.544012,262.1,0.2442,259.7,0.7
523,1,687.34,27563.21,0.498162,1.0369451812282223e-06,1.278231,264.8,0.2417,259.7,0.7
524,1,688.03,27536.93,0.454866,1.0389051555097123e-06,1.047479,266.5,0.2401,259.8,0.7
525,1,688.72,27510.92,0.443748,1.0408651297912023e-06,0.587589,264.5,0.242,259.9,0.7
526,1,689.42,27484.95,0.409515,1.0428251040726922e-06,0.710626,264.1,0.2423,259.8,0.7
527,1,690.11,27459.1,0.489055,1.044785078354182e-06,0.742147,262.8,0.2435,259.7,0.7
528,1,690.8,27433.26,0.449641,1.046745052635672e-06,0.703242,265.2,0.2414,259.8,0.7
529,1,691.5,27407.72,0.461372,1.0487050269171618e-06,0.858239,265.1,0.2414,259.8,0.7
530,1,692.19,27382.17,0.390372,1.0506650011986516e-06,0.578562,264.4,0.2421,259.9,0.7
531,1,692.89,27356.71,0.449468,1.0526249754801414e-06,0.554515,262.7,0.2436,259.7,0.7
532,1,693.58,27331.29,0.42001,1.0545849497616314e-06,0.600001,263.2,0.2432,259.7,0.7
533,1,694.31,27307.45,0.421814,1.0565449240431213e-06,0.467985,227.4,0.2815,257.6,0.7
534,1,694.97,27280.66,0.466866,1.058504898324611e-06,0.892009,264.2,0.2422,258.6,0.7
535,1,695.66,27255.58,0.428447,1.060464872606101e-06,0.634933,263.8,0.2426,258.6,0.7
536,1,696.35,27230.53,0.447556,1.0624248468875911e-06,0.879222,263.0,0.2433,260.1,0.7
537,1,697.05,27205.53,0.434245,1.064384821169081e-06,0.524651,264.5,0.242,260.1,0.7
538,1,697.74,27180.58,0.407604,1.0663447954505707e-06,0.701967,262.7,0.2436,260.0,0.7
539,1,698.43,27155.77,0.402028,1.0683047697320608e-06,0.786114,264.0,0.2424,260.0,0.7
540,1,699.12,27131.07,0.425215,1.0702647440135506e-06,0.773456,263.3,0.2431,259.8,0.7
541,1,699.84,27107.39,0.458938,1.0722247182950404e-06,0.731924,264.0,0.2424,259.9,0.7
542,1,700.53,27082.82,0.435226,1.0741846925765302e-06,0.533253,265.7,0.2409,260.1,0.7
543,1,701.23,27058.55,0.475181,1.07614466685802e-06,0.810381,259.8,0.2464,259.8,0.7
544,1,701.91,27034.04,0.460663,1.07810464113951e-06,0.61647,264.1,0.2424,259.7,0.8
545,1,702.61,27009.79,0.470737,1.0800646154209998e-06,0.639865,264.5,0.242,259.6,0.8
546,1,703.33,26986.64,0.403966,1.0820245897024897e-06,0.817689,236.2,0.2709,258.2,0.8
547,1,703.99,26961.57,0.450558,1.0839845639839795e-06,0.800689,265.4,0.2412,258.3,0.7
548,1,704.68,26937.47,0.436701,1.0859445382654693e-06,0.697898,266.1,0.2405,258.3,0.8
549,1,705.38,26913.58,0.460428,1.087904512546959e-06,0.616643,264.5,0.242,258.4,0.7
550,1,706.07,26889.75,0.461256,1.089864486828449e-06,1.003206,265.6,0.2409,258.4,0.7
551,1,706.77,26866.13,0.484202,1.091824461109939e-06,0.951102,262.1,0.2442,258.4,0.7
552,1,707.45,26842.2,0.430462,1.0937844353914287e-06,0.52261,269.2,0.2377,258.7,0.7
553,1,708.15,26818.71,0.435902,1.0957444096729185e-06,0.80562,265.4,0.2412,260.9,0.7
554,1,708.84,26795.23,0.430592,1.0977043839544084e-06,0.723986,264.4,0.242,260.9,0.7
555,1,709.53,26771.72,0.478754,1.0996643582358982e-06,1.084934,265.8,0.2408,261.0,0.7
556,1,710.23,26748.41,0.439351,1.1016243325173882e-06,0.728858,265.1,0.2414,261.1,0.7
557,1,710.91,26725.04,0.424676,1.103584306798878e-06,1.002581,267.7,0.2391,261.3,0.7
558,1,711.61,26702.0,0.434576,1.105544281080368e-06,0.97983,264.4,0.2421,261.3,0.7
559,1,712.3,26678.86,0.468506,1.1075042553618578e-06,0.650417,265.9,0.2407,261.4,0.7
560,1,713.0,26655.94,0.425139,1.1094642296433479e-06,0.779464,264.7,0.2418,261.4,0.7
561,1,713.74,26634.88,0.471106,1.1114242039248379e-06,0.815271,264.7,0.2418,261.4,0.7
562,1,714.43,26612.04,0.451015,1.1133841782063277e-06,0.86358,263.1,0.2433,261.3,0.7
563,1,715.13,26589.2,0.43766,1.1153441524878175e-06,0.552837,265.7,0.2409,261.6,0.7
564,1,715.82,26566.56,0.40481,1.1173041267693073e-06,0.556584,263.3,0.2431,261.6,0.7
565,1,716.51,26544.0,0.423373,1.1192641010507973e-06,0.539779,261.2,0.245,261.4,0.7
566,1,717.21,26521.39,0.485471,1.1212240753322871e-06,0.896991,265.4,0.2412,263.0,0.7
567,1,717.9,26499.01,0.431844,1.123184049613777e-06,0.753243,264.7,0.2418,263.0,0.7
568,1,718.59,26476.58,0.358591,1.1251440238952668e-06,0.531308,264.2,0.2423,262.9,0.7
569,1,719.29,26454.31,0.43892,1.1271039981767566e-06,1.065999,262.1,0.2442,262.8,0.7
570,1,719.98,26432.04,0.443016,1.1290639724582466e-06,0.752528,264.0,0.2424,262.7,0.7
571,1,720.67,26409.88,0.393235,1.1310239467397364e-06,0.828241,264.1,0.2423,262.8,0.7
572,1,721.37,26387.91,0.45555,1.1329839210212264e-06,0.656325,262.9,0.2434,262.6,0.7
573,1,722.06,26365.95,0.512714,1.1349438953027163e-06,0.779811,262.0,0.2443,262.3,0.7
574,1,722.75,26343.93,0.477859,1.136903869584206e-06,0.809168,264.1,0.2423,262.3,0.7
575,1,723.44,26322.07,0.459471,1.138863843865696e-06,0.674372,265.5,0.2411,262.3,0.7
576,1,724.14,26300.41,0.480553,1.140823818147186e-06,0.89311,263.1,0.2432,262.1,0.7
577,1,724.84,26278.73,0.472993,1.142783792428676e-06,0.90266,262.3,0.244,261.9,0.8
578,1,725.53,26257.14,0.424059,1.1447437667101657e-06,0.640195,262.3,0.244,261.8,0.7
579,1,726.22,26235.52,0.488529,1.1467037409916555e-06,0.943749,265.0,0.2415,261.8,0.7
580,1,726.91,26213.95,0.407094,1.1486637152731454e-06,0.582161,265.7,0.2409,261.8,0.7
581,1,727.63,26193.39,0.421802,1.1506236895546352e-06,0.562185,267.1,0.2396,262.0,0.7
582,1,728.32,26172.13,0.400251,1.152583663836125e-06,0.710311,261.1,0.2451,261.9,0.7
583,1,729.02,26150.95,0.412212,1.1545436381176148e-06,0.772755,262.5,0.2438,261.7,0.7
584,1,729.71,26129.69,0.381361,1.1565036123991046e-06,0.872406,264.6,0.2419,261.7,0.8
585,1,730.4,26108.52,0.414819,1.1584635866805944e-06,0.713131,263.6,0.2428,261.8,0.7
586,1,731.1,26087.49,0.434051,1.1604235609620844e-06,1.10166,262.5,0.2439,261.7,0.7
587,1,731.79,26066.33,0.472726,1.1623835352435742e-06,0.734805,268.5,0.2384,261.9,0.7
588,1,732.48,26045.32,0.410655,1.164343509525064e-06,0.604463,265.0,0.2415,261.9,0.8
589,1,733.16,26024.18,0.429745,1.1663034838065539e-06,0.528072,268.9,0.238,262.3,0.7
590,1,733.85,26003.32,0.421943,1.1682634580880437e-06,0.639916,265.7,0.2409,262.3,0.8
591,1,734.54,25982.37,0.454018,1.1702234323695337e-06,0.75354,266.6,0.2401,262.4,0.8
592,1,735.24,25961.93,0.4434,1.1721834066510235e-06,0.854014,268.6,0.2383,262.6,0.8
593,1,735.93,25941.23,0.432099,1.1741433809325135e-06,0.707448,266.2,0.2405,262.8,0.8
594,1,736.62,25920.62,0.396342,1.1761033552140033e-06,0.585097,265.5,0.2411,262.9,0.8
595,1,737.31,25900.04,0.454791,1.1780633294954934e-06,0.696718,266.0,0.2406,262.9,0.8
596,1,738.0,25879.61,0.432106,1.1800233037769834e-06,0.820017,265.5,0.2411,263.0,0.8
597,1,738.72,25860.23,0.445989,1.1819832780584732e-06,0.667171,236.8,0.2702,261.6,0.8
598,1,739.38,25838.76,0.453413,1.183943252339963e-06,0.910455,266.1,0.2405,261.8,0.8
599,1,740.07,25818.52,0.46582,1.1859032266214528e-06,0.745128,264.6,0.2419,261.7,0.8
600,1,740.77,25798.43,0.407843,1.1878632009029388e-06,0.7103,264.3,0.2421,261.7,0.8
601,1,772.74,26865.86,0.446806,1.18786319701593e-06,0.552689,237.0,0.27,260.1,0.8
602,1,773.4,26843.04,0.379768,1.1878631853549041e-06,0.569968,268.7,0.2382,260.4,0.8
603,1,774.09,26820.94,0.434555,1.187863165919861e-06,0.728382,269.8,0.2372,261.0,0.7
604,1,774.78,26799.03,0.470314,1.1878631387108017e-06,0.725236,267.2,0.2395,261.2,0.7
605,1,775.46,26777.25,0.423339,1.1878631037277262e-06,0.671421,265.2,0.2413,261.3,0.7
606,1,776.15,26755.4,0.407008,1.1878630609706355e-06,0.890533,265.2,0.2413,261.5,0.7
607,1,776.83,26733.61,0.451152,1.1878630104395306e-06,0.6148,267.1,0.2396,261.5,0.6
608,1,777.52,26711.98,0.470387,1.1878629521344129e-06,1.230346,265.8,0.2408,261.5,0.6
609,1,778.21,26690.44,0.40909,1.1878628860552832e-06,0.727406,264.9,0.2416,261.4,0.6
610,1,778.9,26668.9,0.451151,1.1878628122021434e-06,0.717169,265.3,0.2412,261.4,0.6
611,1,779.58,26647.48,0.440825,1.187862730574995e-06,0.887388,265.9,0.2407,261.5,0.6
612,1,780.27,26626.18,0.407883,1.18786264117384e-06,0.810139,264.7,0.2417,261.4,0.5
613,1,780.96,26604.81,0.454107,1.18786254399868e-06,0.73187,266.3,0.2404,261.5,0.5
614,1,781.65,26583.57,0.436101,1.1878624390495179e-06,0.512751,265.8,0.2408,261.5,0.5
615,1,782.33,26562.49,0.440405,1.1878623263263552e-06,0.943878,265.6,0.241,261.6,0.4
616,1,783.02,26541.41,0.442928,1.187862205829195e-06,0.623791,265.7,0.2409,261.7,0.4
617,1,783.71,26520.34,0.4553,1.18786207755804e-06,0.67142,267.1,0.2396,263.4,0.4
618,1,784.4,26499.4,0.428616,1.1878619415128928e-06,0.7729,266.4,0.2402,263.4,0.4
619,1,785.08,26478.5,0.452929,1.1878617976937572e-06,0.658328,268.0,0.2388,263.6,0.4
620,1,785.77,26457.74,0.440335,1.1878616461006357e-06,0.552476,266.8,0.2399,263.7,0.4
621,1,786.48,26437.75,0.472171,1.187861486733532e-06,0.69775,267.0,0.2397,265.4,0.4
622,1,787.17,26416.92,0.396307,1.1878613195924496e-06,0.507697,269.2,0.2378,265.5,0.4
623,1,787.85,26396.19,0.425896,1.1878611446773925e-06,0.663757,269.3,0.2377,265.5,0.4
624,1,788.56,26376.35,0.387503,1.1878609619883645e-06,0.738172,264.4,0.242,265.2,0.4
625,1,789.25,26355.82,0.438791,1.1878607715253696e-06,0.8188,265.3,0.2412,265.2,0.4
626,1,789.93,26335.34,0.404579,1.1878605732884123e-06,0.742842,267.1,0.2396,265.3,0.4
627,1,790.64,26315.68,0.425541,1.1878603672774973e-06,0.758062,263.6,0.2428,265.0,0.5
628,1,791.33,26295.49,0.475213,1.1878601534926287e-06,1.006184,264.1,0.2423,264.9,0.4
629,1,792.02,26275.28,0.456484,1.1878599319338118e-06,0.633633,267.0,0.2397,265.0,0.4
630,1,792.71,26255.2,0.394935,1.1878597026010514e-06,0.628654,264.5,0.242,265.0,0.4
631,1,793.4,26235.02,0.397314,1.1878594654943527e-06,0.728404,266.6,0.2401,265.0,0.5
632,1,794.09,26214.91,0.418513,1.187859220613721e-06,0.625207,266.7,0.2399,265.1,0.5
633,1,794.78,26194.96,0.443146,1.187858967959162e-06,0.650455,265.8,0.2408,265.0,0.5
634,1,795.46,26174.97,0.405792,1.1878587075306813e-06,0.702457,266.0,0.2406,265.0,0.5
635,1,796.15,26155.06,0.429127,1.1878584393282848e-06,0.626853,266.8,0.2399,265.0,0.5
636,1,796.84,26135.26,0.41725,1.1878581633519785e-06,0.766727,265.3,0.2412,264.9,0.5
637,1,797.52,26115.41,0.371398,1.1878578796017687e-06,0.53236,266.5,0.2401,264.9,0.6
638,1,798.21,26095.69,0.384985,1.1878575880776619e-06,0.748869,266.4,0.2402,264.9,0.5
639,1,798.9,26076.0,0.385748,1.1878572887796646e-06,0.845313,267.9,0.2389,264.9,0.5
640,1,799.58,26056.45,0.454475,1.1878569817077835e-06,0.863843,266.5,0.2401,264.8,0.6
641,1,800.28,26037.26,0.367134,1.1878566668620257e-06,0.553521,268.7,0.2382,264.9,0.6
642,1,800.97,26017.85,0.410338,1.187856344242398e-06,0.7895,266.0,0.2406,264.7,0.6
643,1,801.66,25998.46,0.418664,1.1878560138489084e-06,0.781266,267.2,0.2395,264.5,0.6
644,1,802.35,25979.22,0.462993,1.1878556756815637e-06,0.777011,265.1,0.2415,264.6,0.6
645,1,803.04,25959.89,0.445609,1.1878553297403717e-06,0.793907,267.0,0.2397,264.6,0.6
646,1,803.73,25940.76,0.484531,1.1878549760253403e-06,0.602972,265.1,0.2415,264.5,0.6
647,1,804.42,25921.58,0.479884,1.1878546145364772e-06,0.621151,266.6,0.2401,264.7,0.6
648,1,805.1,25902.44,0.446643,1.1878542452737912e-06,0.67587,268.7,0.2382,264.9,0.6
649,1,805.79,25883.37,0.391951,1.18785386823729e-06,0.68879,269.4,0.2376,265.0,0.6
650,1,806.48,25864.54,0.432556,1.1878534834269826e-06,0.883546,263.0,0.2434,264.9,0.6
651,1,807.18,25845.76,0.470615,1.1878530908428772e-06,0.751032,260.8,0.2454,264.6,0.6
652,1,807.86,25826.67,0.423531,1.1878526904849831e-06,0.666024,268.2,0.2387,264.6,0.6
653,1,808.55,25807.97,0.443777,1.1878522823533093e-06,0.913926,265.2,0.2413,264.6,0.7
654,1,809.27,25790.15,0.421826,1.1878518664478648e-06,0.651217,237.8,0.2691,263.0,0.7
655,1,809.93,25770.6,0.460968,1.1878514427686592e-06,0.675036,266.2,0.2405,262.9,0.7
656,1,810.62,25751.94,0.494878,1.1878510113157023e-06,0.684455,266.6,0.2401,263.0,0.7
657,1,811.33,25734.08,0.427064,1.1878505720890032e-06,0.871319,256.6,0.2495,262.5,0.7
658,1,812.01,25715.16,0.427835,1.1878501250885722e-06,0.575765,265.8,0.2408,262.4,0.7
659,1,812.69,25696.69,0.435852,1.1878496703144195e-06,0.553325,267.1,0.2396,262.3,0.7
660,1,813.38,25678.29,0.464546,1.1878492077665553e-06,0.695975,266.2,0.2404,262.3,0.7
661,1,814.11,25660.98,0.40775,1.18784873744499e-06,0.778049,253.9,0.2521,261.6,0.7
662,1,814.78,25642.24,0.391066,1.187848259349734e-06,0.716373,266.9,0.2398,261.6,0.7
663,1,815.47,25624.01,0.41589,1.1878477734807986e-06,0.678116,266.1,0.2405,261.6,0.7
664,1,816.16,25605.75,0.453084,1.1878472798381945e-06,0.558057,267.4,0.2393,261.7,0.7
665,1,816.85,25587.54,0.421433,1.187846778421933e-06,1.015732,267.8,0.239,261.7,0.7
666,1,817.53,25569.42,0.391878,1.1878462692320255e-06,0.629243,267.1,0.2396,261.8,0.7
667,1,818.22,25551.38,0.422863,1.187845752268483e-06,0.686621,266.1,0.2405,261.8,0.7
668,1,818.91,25533.3,0.40262,1.1878452275313177e-06,0.629385,268.8,0.2381,261.8,0.7
669,1,819.6,25515.46,0.459485,1.1878446950205413e-06,0.812311,264.5,0.242,261.5,0.7
670,1,820.29,25497.57,0.39077,1.1878441547361658e-06,0.69176,266.0,0.2406,261.7,0.7
671,1,820.98,25479.72,0.461107,1.1878436066782035e-06,0.737911,266.2,0.2404,261.9,0.7
672,1,821.67,25462.0,0.442444,1.1878430508466666e-06,0.709504,263.2,0.2431,261.7,0.7
673,1,822.36,25444.22,0.414561,1.1878424872415678e-06,0.61298,266.6,0.2401,261.8,0.7
674,1,823.05,25426.56,0.455949,1.1878419158629199e-06,0.846043,265.2,0.2413,263.3,0.7
675,1,823.74,25409.01,0.421667,1.187841336710736e-06,0.781175,265.9,0.2407,263.3,0.7
676,1,824.43,25391.41,0.417843,1.1878407497850286e-06,0.792252,265.7,0.2408,263.2,0.7
677,1,825.12,25373.98,0.427575,1.1878401550858116e-06,0.713612,263.9,0.2425,263.6,0.7
678,1,825.81,25356.58,0.400819,1.187839552613098e-06,0.566424,265.3,0.2413,263.6,0.7
679,1,826.5,25339.08,0.459323,1.1878389423669015e-06,0.765453,266.9,0.2398,263.6,0.7
680,1,827.19,25321.72,0.382718,1.1878383243472363e-06,0.523773,265.4,0.2412,263.5,0.7
681,1,827.92,25305.56,0.399508,1.1878376985541159e-06,0.579579,262.3,0.244,263.9,0.7
682,1,828.61,25288.26,0.453564,1.1878370649875545e-06,1.06494,266.0,0.2406,263.8,0.7
683,1,829.3,25271.06,0.393486,1.1878364236475666e-06,0.536978,264.4,0.242,263.8,0.7
684,1,829.98,25253.84,0.420036,1.1878357745341663e-06,0.797669,265.3,0.2413,263.7,0.7
685,1,830.67,25236.67,0.473447,1.187835117647369e-06,0.692811,266.3,0.2403,263.5,0.8
686,1,831.36,25219.53,0.406912,1.1878344529871889e-06,0.702673,266.7,0.24,263.5,0.8
687,1,832.05,25202.51,0.449496,1.187833780553641e-06,0.555634,265.9,0.2407,263.5,0.8
688,1,832.74,25185.5,0.463381,1.187833100346741e-06,0.558394,265.7,0.2408,263.4,0.8
689,1,833.43,25168.56,0.457179,1.187832412366504e-06,0.553075,265.7,0.2409,263.4,0.8
690,1,834.12,25151.64,0.443541,1.1878317166129458e-06,0.686976,266.4,0.2403,263.5,0.7
691,1,834.81,25134.81,0.422282,1.1878310130860819e-06,0.755978,266.4,0.2402,263.5,0.7
692,1,835.49,25117.96,0.444281,1.187830301785928e-06,0.534457,269.4,0.2375,263.8,0.7
693,1,836.19,25101.31,0.432646,1.1878295827125002e-06,0.731199,265.6,0.241,263.8,0.7
694,1,836.88,25084.65,0.427937,1.187828855865815e-06,0.608499,266.4,0.2403,263.8,0.7
695,1,837.57,25067.92,0.408028,1.1878281212458887e-06,0.821063,266.7,0.24,263.9,0.7
696,1,838.26,25051.42,0.439032,1.187827378852738e-06,0.788391,262.4,0.2439,263.7,0.7
697,1,838.95,25034.77,0.431273,1.18782662868638e-06,0.83567,265.8,0.2408,263.8,0.7
698,1,839.63,25018.23,0.453113,1.187825870746831e-06,0.680862,265.8,0.2407,263.9,0.7
699,1,840.32,25001.76,0.43779,1.1878251050341085e-06,0.839959,266.6,0.24,263.8,0.7
700,1,841.02,24985.37,0.444147,1.1878243315482297e-06,0.858964,266.2,0.2404,263.9,0.7
701,1,841.73,24969.61,0.3996,1.1878235502892122e-06,0.731072,268.3,0.2385,264.2,0.7
702,1,842.42,24953.35,0.368024,1.1878227612570734e-06,0.793726,264.8,0.2417,264.2,0.7
703,1,843.11,24937.17,0.494511,1.1878219644518314e-06,0.87574,263.1,0.2432,264.2,0.7
704,1,843.8,24920.9,0.482207,1.187821159873504e-06,1.167573,264.4,0.2421,264.1,0.7
705,1,844.49,24904.66,0.433042,1.1878203475221097e-06,0.778565,266.7,0.24,264.2,0.7
706,1,845.18,24888.46,0.381921,1.1878195273976666e-06,0.695752,266.6,0.2401,264.2,0.7
707,1,845.87,24872.34,0.438842,1.1878186995001933e-06,0.702522,266.3,0.2403,264.2,0.7
708,1,846.56,24856.33,0.501803,1.1878178638297086e-06,0.84258,264.6,0.2419,264.1,0.7
709,1,847.25,24840.31,0.439855,1.1878170203862311e-06,0.713709,265.2,0.2413,264.1,0.7
710,1,847.94,24824.38,0.458643,1.1878161691697803e-06,0.812514,264.7,0.2418,264.0,0.7
711,1,848.63,24808.45,0.470633,1.1878153101803752e-06,0.770453,265.8,0.2408,264.0,0.7
712,1,849.32,24792.64,0.42117,1.1878144434180352e-06,0.708037,265.1,0.2415,263.8,0.7
713,1,850.02,24776.81,0.481241,1.1878135688827798e-06,0.703423,263.8,0.2426,263.7,0.7
714,1,850.7,24760.95,0.40015,1.187812686574629e-06,0.703745,267.0,0.2397,263.7,0.7
715,1,851.4,24745.47,0.392801,1.1878117964936028e-06,0.503663,256.2,0.2498,263.2,0.7
716,1,852.09,24729.51,0.481464,1.187810898639721e-06,0.749659,265.5,0.241,263.4,0.7
717,1,852.78,24713.92,0.374164,1.187809993013004e-06,0.701283,263.6,0.2428,263.2,0.7
718,1,853.47,24698.31,0.385134,1.1878090796134724e-06,0.671246,266.3,0.2404,263.3,0.7
719,1,854.19,24683.72,0.402646,1.1878081584411467e-06,0.659578,233.2,0.2744,261.5,0.6
720,1,854.86,24667.34,0.39732,1.1878072294960476e-06,0.506369,261.8,0.2445,261.3,0.6
721,1,855.57,24652.64,0.435839,1.1878062927781965e-06,0.831409,263.1,0.2433,261.0,0.6
722,1,856.29,24637.81,0.419123,1.1878053482876145e-06,0.898753,240.0,0.2667,259.6,0.7
723,1,856.96,24621.75,0.462341,1.1878043960243227e-06,0.583409,263.0,0.2433,259.6,0.7
724,1,857.65,24606.37,0.442215,1.1878034359883428e-06,0.715104,265.5,0.2411,259.6,0.7
725,1,858.34,24591.07,0.419847,1.1878024681796963e-06,0.667923,264.4,0.2421,259.5,0.7
726,1,859.03,24575.79,0.442901,1.1878014925984053e-06,0.8438,265.1,0.2414,259.4,0.7
727,1,859.72,24560.6,0.456258,1.1878005092444917e-06,1.070205,262.9,0.2434,259.3,0.7
728,1,860.41,24545.36,0.456871,1.1877995181179777e-06,0.583895,265.6,0.2409,259.3,0.7
729,1,861.1,24530.26,0.426663,1.187798519218886e-06,0.939438,265.0,0.2415,259.4,0.7
730,1,861.8,24515.14,0.422539,1.1877975125472387e-06,0.528789,265.4,0.2411,259.4,0.7
731,1,862.49,24500.16,0.418333,1.187796498103059e-06,0.709314,261.7,0.2445,259.2,0.6
732,1,863.21,24485.8,0.451698,1.1877954758863697e-06,0.990558,238.7,0.2681,257.9,0.6
733,1,863.87,24470.05,0.449622,1.1877944458971938e-06,0.947353,263.6,0.2428,257.9,0.6
734,1,864.56,24455.14,0.460378,1.1877934081355546e-06,0.803361,265.2,0.2413,257.8,0.6
735,1,865.26,24440.25,0.478296,1.1877923626014755e-06,0.588623,264.9,0.2416,258.2,0.6
736,1,865.95,24425.37,0.434548,1.1877913092949803e-06,0.552914,264.9,0.2416,258.1,0.6
737,1,866.64,24410.53,0.426346,1.1877902482160928e-06,1.038715,264.4,0.242,258.1,0.7
738,1,867.33,24395.68,0.410237,1.1877891793648367e-06,0.525046,266.1,0.2405,258.1,0.7
739,1,868.02,24380.95,0.40851,1.1877881027412365e-06,0.613511,264.9,0.2416,259.8,0.7
740,1,868.71,24366.17,0.468349,1.1877870183453165e-06,0.642803,266.1,0.2405,260.0,0.7
741,1,869.42,24352.11,0.419726,1.1877859261771009e-06,0.676641,267.8,0.2389,260.3,0.7
742,1,870.12,24337.51,0.499677,1.1877848262366147e-06,0.857466,264.5,0.242,261.6,0.7
743,1,870.81,24322.88,0.422159,1.187783718523883e-06,0.702985,263.3,0.2431,261.7,0.6
744,1,871.52,24308.85,0.43099,1.1877826030389302e-06,0.767444,263.7,0.2427,261.6,0.7
745,1,872.21,24294.39,0.424426,1.187781479781782e-06,0.665391,262.7,0.2436,261.5,0.7
746,1,872.9,24279.86,0.415533,1.1877803487524636e-06,0.54543,264.6,0.2419,261.4,0.7
747,1,873.6,24265.44,0.431416,1.1877792099510005e-06,0.833595,263.5,0.2429,261.4,0.7
748,1,874.29,24251.06,0.465417,1.1877780633774184e-06,0.893301,263.7,0.2427,261.3,0.7
749,1,874.98,24236.61,0.419097,1.1877769090317435e-06,0.671298,266.4,0.2402,261.3,0.7
750,1,875.67,24222.24,0.398515,1.1877757469140017e-06,0.720116,266.0,0.2406,261.4,0.7
751,1,876.36,24207.97,0.438145,1.1877745770242193e-06,0.807031,265.1,0.2414,261.5,0.7
752,1,877.06,24193.72,0.43666,1.1877733993624226e-06,0.633297,265.4,0.2412,262.9,0.7
753,1,877.75,24179.45,0.431333,1.1877722139286384e-06,0.76114,268.4,0.2385,263.1,0.7
754,1,878.44,24165.27,0.461408,1.1877710207228937e-06,0.640589,264.6,0.2419,263.1,0.7
755,1,879.14,24151.21,0.427979,1.1877698197452151e-06,0.641208,260.9,0.2453,263.0,0.7
756,1,879.82,24136.92,0.451585,1.1877686109956298e-06,0.997893,266.1,0.2405,263.0,0.7
757,1,880.52,24123.1,0.431004,1.1877673944741652e-06,0.768732,255.0,0.2509,262.6,0.7
758,1,881.21,24108.78,0.424362,1.187766170180849e-06,0.625041,266.1,0.2405,262.6,0.7
759,1,881.9,24094.72,0.39884,1.1877649381157085e-06,0.665254,266.3,0.2403,262.7,0.7
760,1,882.59,24080.82,0.466514,1.1877636982787718e-06,0.861955,263.2,0.2432,262.6,0.7
761,1,883.3,24067.4,0.401062,1.1877624506700668e-06,0.54947,267.5,0.2393,262.5,0.7
762,1,883.99,24053.45,0.408521,1.1877611952896216e-06,0.640135,266.0,0.2406,262.6,0.7
763,1,884.69,24039.72,0.419973,1.1877599321374648e-06,0.494268,258.6,0.2475,262.3,0.7
764,1,885.38,24025.7,0.401493,1.1877586612136248e-06,0.653396,264.3,0.2421,262.4,0.7
765,1,886.07,24011.91,0.451682,1.1877573825181306e-06,0.701795,264.6,0.2419,262.5,0.7
766,1,886.76,23998.1,0.440371,1.1877560960510107e-06,0.927005,265.4,0.2411,262.5,0.7
767,1,887.45,23984.26,0.420789,1.1877548018122944e-06,0.617815,270.4,0.2367,262.9,0.7
768,1,888.15,23970.73,0.461014,1.1877534998020109e-06,0.795495,262.1,0.2442,262.8,0.7
769,1,888.84,23957.05,0.35684,1.1877521900201898e-06,0.52401,261.7,0.2446,262.6,0.7
770,1,889.53,23943.36,0.384667,1.1877508724668604e-06,0.61432,263.7,0.2427,262.4,0.7
771,1,890.22,23929.72,0.493796,1.1877495471420529e-06,0.611464,265.3,0.2413,262.4,0.7
772,1,890.91,23916.15,0.438379,1.1877482140457968e-06,0.794168,264.8,0.2417,262.4,0.7
773,1,891.6,23902.62,0.405093,1.1877468731781223e-06,0.715153,265.2,0.2413,262.3,0.7
774,1,892.3,23889.12,0.415281,1.1877455245390599e-06,0.543894,265.5,0.241,262.3,0.7
775,1,892.99,23875.69,0.468015,1.18774416812864e-06,0.70522,263.4,0.243,262.4,0.7
776,1,893.68,23862.26,0.400989,1.1877428039468933e-06,0.720179,264.0,0.2424,262.3,0.7
777,1,894.37,23848.81,0.413536,1.1877414319938508e-06,0.716173,264.8,0.2417,262.8,0.7
778,1,895.07,23835.44,0.410228,1.1877400522695431e-06,0.508941,265.0,0.2415,262.7,0.7
779,1,895.76,23822.22,0.445886,1.187738664774002e-06,0.62814,260.1,0.2461,262.4,0.7
780,1,896.45,23808.83,0.427315,1.187737269507258e-06,0.623999,265.5,0.2411,262.4,0.7
781,1,897.17,23796.28,0.491582,1.1877358664693434e-06,1.07411,261.7,0.2446,262.2,0.7
782,1,897.86,23782.88,0.477537,1.1877344556602897e-06,0.768698,267.0,0.2397,262.2,0.7
783,1,898.55,23769.74,0.398937,1.1877330370801284e-06,0.864492,262.8,0.2435,262.4,0.7
784,1,899.24,23756.5,0.416009,1.1877316107288922e-06,0.611812,264.8,0.2417,262.4,0.8
785,1,899.96,23744.04,0.44176,1.1877301766066127e-06,0.585888,238.0,0.2689,260.9,0.8
786,1,900.62,23730.2,0.424891,1.1877287347133228e-06,0.550033,265.6,0.241,261.0,0.7
787,1,901.32,23717.19,0.400677,1.187727285049055e-06,0.70644,263.5,0.2429,260.6,0.7
788,1,902.01,23704.11,0.394168,1.1877258276138419e-06,0.631633,265.2,0.2413,260.8,0.7
789,1,902.7,23691.0,0.396739,1.1877243624077165e-06,0.786994,267.6,0.2392,261.1,0.7
790,1,903.39,23678.0,0.449219,1.187722889430712e-06,0.770495,267.5,0.2393,261.3,0.7
791,1,904.09,23665.1,0.461619,1.1877214086828617e-06,0.68304,266.1,0.2405,261.3,0.7
792,1,904.78,23652.23,0.415819,1.187719920164199e-06,0.570963,263.0,0.2433,261.3,0.7
793,1,905.47,23639.27,0.454877,1.1877184238747577e-06,0.735921,267.6,0.2392,261.4,0.7
794,1,906.16,23626.46,0.460275,1.1877169198145714e-06,0.731042,264.0,0.2424,261.3,0.7
795,1,906.86,23613.68,0.400192,1.1877154079836744e-06,0.698873,261.9,0.2444,261.3,0.7
796,1,907.55,23600.78,0.467762,1.1877138883821004e-06,0.6624,264.6,0.2418,261.3,0.7
797,1,908.24,23588.07,0.383152,1.1877123610098842e-06,0.59166,262.5,0.2438,261.2,0.7
798,1,908.93,23575.31,0.428061,1.1877108258670598e-06,0.716093,264.7,0.2417,261.2,0.7
799,1,909.62,23562.55,0.436726,1.1877092829536626e-06,0.698758,266.0,0.2406,261.6,0.7
800,1,910.32,23549.86,0.410205,1.187707732269727e-06,0.608745,266.3,0.2403,261.6,0.7
801,1,1061.72,27431.07,0.449666,1.1877061738152882e-06,0.594205,231.6,0.2763,259.9,0.7
802,1,1062.39,27412.84,0.482499,1.1877046075903813e-06,0.873999,262.5,0.2438,259.7,0.7
803,1,1063.09,27395.34,0.41529,1.1877030335950419e-06,0.759557,261.2,0.245,259.7,0.6
804,1,1063.78,27377.71,0.474719,1.1877014518293053e-06,0.902327,264.6,0.2418,259.8,0.6
805,1,1064.46,27360.04,0.445563,1.1876998622932074e-06,0.795645,268.2,0.2387,261.5,0.6
806,1,1065.16,27342.52,0.432146,1.1876982649867842e-06,0.572258,263.6,0.2428,261.4,0.5
807,1,1065.85,27325.06,0.454529,1.1876966599100718e-06,0.715687,263.2,0.2432,261.5,0.5
808,1,1066.55,27307.96,0.417815,1.1876950470631065e-06,0.717689,252.0,0.2539,260.8,0.5
809,1,1067.24,27290.41,0.461803,1.1876934264459245e-06,0.675234,261.2,0.2451,260.6,0.5
810,1,1067.93,27273.06,0.435055,1.1876917980585628e-06,0.515658,264.0,0.2424,260.5,0.5
811,1,1068.62,27255.73,0.436897,1.1876901619010578e-06,0.642039,265.4,0.2412,260.4,0.5
812,1,1069.31,27238.52,0.491319,1.187688517973447e-06,0.774702,263.7,0.2427,260.4,0.5
813,1,1070.01,27221.43,0.401586,1.187686866275767e-06,0.642741,258.8,0.2473,260.0,0.5
814,1,1070.7,27204.25,0.391768,1.1876852068080554e-06,0.905591,262.0,0.2443,260.0,0.4
815,1,1071.39,27187.09,0.443535,1.1876835395703498e-06,0.883346,265.7,0.2408,260.2,0.4
816,1,1072.09,27170.05,0.432435,1.187681864562688e-06,0.706053,263.5,0.2429,260.2,0.4
817,1,1072.78,27153.01,0.416777,1.1876801817851073e-06,0.75072,264.3,0.2421,260.3,0.4
818,1,1073.47,27136.04,0.428281,1.1876784912376462e-06,0.820185,263.9,0.2425,260.3,0.4
819,1,1074.17,27119.12,0.451918,1.187676792920343e-06,0.680063,263.0,0.2433,260.1,0.4
820,1,1074.86,27102.21,0.407517,1.1876750868332358e-06,0.876643,262.4,0.2439,260.0,0.4
821,1,1075.58,27085.9,0.426061,1.187673372976363e-06,0.78271,267.2,0.2395,262.1,0.3
822,1,1076.27,27069.09,0.430235,1.1876716513497639e-06,0.581385,264.6,0.2419,262.2,0.4
823,1,1076.97,27052.42,0.462025,1.187669921953477e-06,0.707095,262.8,0.2436,262.2,0.4
824,1,1077.66,27035.67,0.449082,1.1876681847875415e-06,0.74063,264.8,0.2417,262.2,0.4
825,1,1078.36,27019.05,0.466679,1.1876664398519966e-06,0.794742,263.2,0.2431,262.0,0.4
826,1,1079.05,27002.3,0.399052,1.1876646871468819e-06,0.708403,264.2,0.2422,262.0,0.4
827,1,1079.74,26985.71,0.449437,1.1876629266722367e-06,0.754781,262.3,0.244,261.9,0.4
828,1,1080.43,26969.08,0.456193,1.1876611584281013e-06,0.663463,265.3,0.2412,262.6,0.4
829,1,1081.13,26952.64,0.3976,1.1876593824145154e-06,0.475393,261.1,0.2451,262.6,0.4
830,1,1081.82,26936.13,0.39019,1.187657598631519e-06,0.675486,260.0,0.2462,262.4,0.4
831,1,1082.51,26919.53,0.456848,1.1876558070791524e-06,0.740938,265.2,0.2413,262.4,0.4
832,1,1083.2,26903.06,0.450382,1.1876540077574565e-06,0.752277,266.8,0.2399,262.6,0.4
833,1,1083.9,26886.72,0.398952,1.1876522006664715e-06,0.606464,264.3,0.2422,262.8,0.4
834,1,1084.59,26870.33,0.455308,1.1876503858062386e-06,0.969449,264.7,0.2418,262.9,0.4
835,1,1085.28,26853.96,0.396158,1.1876485631767986e-06,0.785834,265.3,0.2413,262.8,0.4
836,1,1085.98,26837.76,0.426734,1.1876467327781929e-06,0.658133,265.5,0.241,262.8,0.5
837,1,1086.68,26821.56,0.440125,1.1876448946104627e-06,0.703311,262.7,0.2437,262.7,0.5
838,1,1087.37,26805.32,0.416294,1.1876430486736495e-06,0.597421,262.9,0.2434,262.7,0.5
839,1,1088.06,26789.21,0.424799,1.1876411949677953e-06,0.669441,258.9,0.2472,262.4,0.5
840,1,1088.76,26773.02,0.448965,1.1876393334929415e-06,0.911717,260.2,0.246,262.3,0.5
841,1,1089.47,26757.31,0.484778,1.1876374642491308e-06,0.783172,270.0,0.237,262.3,0.5
842,1,1090.16,26741.3,0.446286,1.187635587236405e-06,0.755155,263.4,0.243,262.2,0.5
843,1,1090.86,26725.4,0.432391,1.187633702454807e-06,0.751127,260.2,0.246,262.1,0.6
844,1,1091.55,26709.33,0.404012,1.187631809904379e-06,0.729681,263.2,0.2431,261.9,0.6
845,1,1092.24,26693.38,0.395144,1.1876299095851636e-06,0.851226,260.6,0.2456,261.7,0.6
846,1,1092.94,26677.51,0.474993,1.1876280014972042e-06,0.784604,261.1,0.2451,261.5,0.6
847,1,1093.63,26661.63,0.476581,1.1876260856405436e-06,0.714511,261.0,0.2452,261.4,0.6
848,1,1094.33,26645.79,0.459,1.1876241620152255e-06,0.646058,259.7,0.2465,261.1,0.7
849,1,1095.02,26629.94,0.425043,1.187622230621293e-06,0.679708,263.4,0.243,261.1,0.7
850,1,1095.71,26614.21,0.459364,1.1876202914587898e-06,0.667743,261.6,0.2447,261.1,0.7
851,1,1096.4,26598.37,0.455921,1.1876183445277599e-06,0.542748,266.0,0.2406,261.2,0.7
852,1,1097.09,26582.63,0.433443,1.1876163898282472e-06,0.666083,265.0,0.2415,261.1,0.7
853,1,1097.79,26566.98,0.378447,1.1876144273602958e-06,0.714231,262.9,0.2435,261.0,0.7
854,1,1098.48,26551.3,0.41321,1.1876124571239504e-06,0.598038,264.9,0.2416,261.0,0.7
855,1,1099.17,26535.75,0.474001,1.1876104791192551e-06,0.693218,261.7,0.2446,260.8,0.7
856,1,1099.87,26520.34,0.425722,1.1876084933462549e-06,0.704744,256.9,0.2491,260.3,0.7
857,1,1100.56,26504.7,0.438621,1.1876064998049945e-06,0.705031,264.8,0.2417,260.5,0.7
858,1,1101.26,26489.21,0.461927,1.1876044984955192e-06,0.642477,264.2,0.2422,260.5,0.7
859,1,1101.95,26473.68,0.38473,1.187602489417874e-06,0.639109,264.3,0.2421,260.8,0.7
860,1,1102.64,26458.21,0.450697,1.1876004725721046e-06,0.912773,265.2,0.2413,261.0,0.7
861,1,1103.35,26443.31,0.446128,1.1875984479582563e-06,0.608309,266.4,0.2403,260.8,0.7
862,1,1104.05,26427.95,0.414577,1.1875964155763747e-06,0.623568,262.7,0.2437,260.8,0.7
863,1,1104.74,26412.6,0.417166,1.187594375426506e-06,0.64542,263.7,0.2427,261.0,0.7
864,1,1105.46,26398.02,0.413836,1.1875923275086963e-06,0.824837,233.8,0.2737,259.4,0.7
865,1,1106.12,26381.97,0.503677,1.187590271822992e-06,0.779395,264.5,0.2419,259.6,0.7
866,1,1106.81,26366.69,0.43328,1.1875882083694396e-06,0.870412,264.4,0.242,259.8,0.7
867,1,1107.51,26351.5,0.426984,1.1875861371480856e-06,0.814776,262.8,0.2435,259.9,0.7
868,1,1108.2,26336.31,0.405239,1.187584058158977e-06,0.518965,262.9,0.2434,260.0,0.7
869,1,1108.89,26321.16,0.455073,1.1875819714021604e-06,1.038522,262.4,0.2439,260.0,0.7
870,1,1109.58,26306.04,0.427685,1.1875798768776832e-06,0.725693,262.8,0.2435,260.1,0.7
871,1,1110.27,26290.94,0.42345,1.1875777745855928e-06,0.627685,265.6,0.2409,260.1,0.7
872,1,1110.97,26275.89,0.421572,1.1875756645259364e-06,0.719326,263.9,0.2425,260.0,0.7
873,1,1111.66,26260.89,0.484794,1.187573546698762e-06,0.670314,264.0,0.2424,260.1,0.7
874,1,1112.35,26245.85,0.420002,1.1875714211041173e-06,0.465433,264.0,0.2424,260.0,0.7
875,1,1113.04,26230.92,0.486571,1.1875692877420508e-06,1.38641,263.8,0.2426,260.2,0.7
876,1,1113.73,26215.97,0.404416,1.1875671466126101e-06,0.727283,264.9,0.2416,260.6,0.7
877,1,1114.43,26201.15,0.426029,1.187564997715844e-06,0.663398,262.2,0.2441,260.5,0.7
878,1,1115.12,26186.18,0.414869,1.1875628410518008e-06,0.504036,266.9,0.2398,260.6,0.7
879,1,1115.81,26171.37,0.463724,1.1875606766205295e-06,0.62687,266.6,0.2401,260.8,0.7
880,1,1116.5,26156.62,0.457393,1.1875585044220787e-06,0.684619,263.3,0.2431,260.7,0.6
881,1,1117.22,26142.43,0.460783,1.187556324456498e-06,0.679241,265.5,0.241,260.7,0.6
882,1,1117.91,26127.64,0.442815,1.1875541367238362e-06,0.580928,266.2,0.2404,260.8,0.6
883,1,1118.61,26113.05,0.375629,1.187551941224143e-06,0.69887,262.9,0.2434,260.8,0.6
884,1,1119.3,26098.38,0.428854,1.187549737957468e-06,0.671243,263.9,0.2425,262.5,0.7
885,1,1119.99,26083.76,0.446654,1.187547526923861e-06,1.152799,266.3,0.2403,262.5,0.7
886,1,1120.71,26069.8,0.456812,1.187545308123372e-06,0.865394,238.0,0.2689,261.1,0.7
887,1,1121.38,26054.62,0.430222,1.1875430815560508e-06,0.762306,264.1,0.2424,261.1,0.7
888,1,1122.07,26040.05,0.440838,1.1875408472219482e-06,0.501099,265.3,0.2413,261.3,0.7
889,1,1122.76,26025.63,0.412226,1.1875386051211145e-06,0.660365,262.6,0.2438,261.3,0.6
890,1,1123.46,26011.2,0.46342,1.1875363552536005e-06,0.707633,262.4,0.2439,261.3,0.6
891,1,1124.15,25996.71,0.433967,1.1875340976194568e-06,0.751987,265.3,0.2412,261.3,0.6
892,1,1124.84,25982.34,0.46436,1.1875318322187347e-06,1.002461,263.9,0.2425,261.2,0.7
893,1,1125.54,25968.01,0.411274,1.1875295590514852e-06,0.770751,263.1,0.2432,261.2,0.7
894,1,1126.23,25953.7,0.461792,1.1875272781177597e-06,0.826543,260.6,0.2456,261.0,0.7
895,1,1126.92,25939.42,0.39605,1.18752498941761e-06,0.546738,262.6,0.2437,260.9,0.7
896,1,1127.62,25925.17,0.424184,1.1875226929510878e-06,0.887944,262.6,0.2437,260.8,0.7
897,1,1128.31,25910.93,0.416834,1.1875203887182447e-06,0.651591,263.6,0.2428,260.9,0.7
898,1,1129.01,25896.74,0.441281,1.187518076719133e-06,0.79096,263.6,0.2428,260.7,0.7
899,1,1129.7,25882.65,0.389426,1.1875157569538049e-06,0.579482,262.2,0.2441,260.4,0.7
900,1,1130.4,25868.47,0.463429,1.1875134294223128e-06,0.773255,263.6,0.2428,260.4,0.7
901,1,1131.12,25854.98,0.490214,1.1875110941247094e-06,1.039906,266.8,0.2399,260.5,0.7
902,1,1131.81,25840.93,0.466073,1.1875087510610475e-06,0.756601,262.1,0.2442,260.3,0.7
903,1,1132.51,25826.88,0.432714,1.18750640023138e-06,0.886465,261.7,0.2445,260.2,0.7
904,1,1133.21,25813.15,0.423751,1.18750404163576e-06,0.795718,260.8,0.2454,260.0,0.7
905,1,1133.9,25799.12,0.446156,1.1875016752742408e-06,0.960704,264.7,0.2417,260.0,0.7
906,1,1134.6,25785.18,0.449519,1.187499301146876e-06,0.732411,264.5,0.242,261.4,0.7
907,1,1135.29,25771.31,0.380353,1.187496919253719e-06,0.768333,261.6,0.2447,261.3,0.7
908,1,1135.99,25757.4,0.390193,1.1874945295948238e-06,0.647396,262.6,0.2437,261.1,0.7
909,1,1136.68,25743.5,0.418737,1.1874921321702446e-06,0.707841,263.5,0.2429,261.1,0.7
910,1,1137.37,25729.65,0.45069,1.1874897269800356e-06,0.921723,264.2,0.2422,261.2,0.8
911,1,1138.07,25715.88,0.449263,1.187487314024251e-06,0.955935,262.7,0.2436,261.1,0.8
912,1,1138.76,25702.01,0.446118,1.1874848933029454e-06,0.706766,267.1,0.2396,261.2,0.7
913,1,1139.46,25688.32,0.442392,1.1874824648161734e-06,0.648618,263.5,0.2429,261.2,0.8
914,1,1140.15,25674.59,0.397654,1.1874800285639902e-06,0.624753,263.6,0.2428,261.4,0.8
915,1,1140.84,25660.88,0.427295,1.1874775845464502e-06,0.666105,262.7,0.2436,261.4,0.8
916,1,1141.54,25647.21,0.470183,1.1874751327636094e-06,1.134007,264.1,0.2424,261.5,0.7
917,1,1142.23,25633.58,0.480557,1.1874726732155228e-06,0.796564,264.4,0.2421,261.6,0.7
918,1,1142.93,25619.98,0.452277,1.1874702059022462e-06,1.008717,263.0,0.2433,261.6,0.7
919,1,1143.62,25606.36,0.433668,1.1874677308238352e-06,0.588553,263.0,0.2434,261.7,0.7
920,1,1144.31,25592.81,0.394984,1.1874652479803457e-06,0.606797,263.9,0.2425,261.7,0.7
921,1,1145.03,25579.79,0.450126,1.1874627573718339e-06,0.848459,265.7,0.2409,261.7,0.7
922,1,1145.72,25566.26,0.440421,1.1874602589983561e-06,0.655167,264.4,0.242,261.8,0.7
923,1,1146.42,25552.82,0.465893,1.1874577528599687e-06,0.890322,264.0,0.2424,261.9,0.7
924,1,1147.12,25539.56,0.510687,1.1874552389567285e-06,0.70655,256.2,0.2498,261.7,0.7
925,1,1147.81,25526.08,0.418449,1.1874527172886925e-06,0.843108,261.4,0.2448,261.5,0.7
926,1,1148.5,25512.67,0.37238,1.1874501878559174e-06,0.70391,261.3,0.2449,261.4,0.7
927,1,1149.2,25499.35,0.418939,1.1874476506584602e-06,0.919375,261.0,0.2452,261.3,0.7
928,1,1149.89,25486.01,0.430095,1.1874451056963787e-06,0.561332,264.2,0.2422,261.4,0.7
929,1,1150.59,25472.74,0.393956,1.1874425529697302e-06,0.908871,262.4,0.2439,261.3,0.7
930,1,1151.28,25459.43,0.458987,1.1874399924785722e-06,1.025072,263.4,0.243,261.3,0.7
931,1,1152.01,25446.9,0.439468,1.1874374242229629e-06,0.512316,231.0,0.2771,259.6,0.7
932,1,1152.67,25432.97,0.405767,1.1874348482029602e-06,0.631542,263.7,0.2427,259.4,0.7
933,1,1153.37,25419.8,0.480334,1.1874322644186223e-06,0.663887,263.8,0.2426,259.4,0.7
934,1,1154.06,25406.68,0.411613,1.1874296728700078e-06,0.639189,263.0,0.2433,259.4,0.6
935,1,1154.76,25393.52,0.417705,1.187427073557175e-06,0.526526,262.6,0.2437,259.4,0.7
936,1,1155.45,25380.49,0.438712,1.1874244664801828e-06,0.702252,260.5,0.2457,259.2,0.7
937,1,1156.15,25367.38,0.447548,1.1874218516390902e-06,0.635152,262.9,0.2435,259.1,0.7
938,1,1156.84,25354.32,0.411822,1.1874192290339563e-06,0.581904,263.2,0.2432,259.1,0.7
939,1,1157.53,25341.24,0.405442,1.1874165986648403e-06,1.083797,264.4,0.2421,259.1,0.7
940,1,1158.23,25328.27,0.475497,1.1874139605318017e-06,0.811741,264.0,0.2424,259.1,0.7
941,1,1158.94,25315.66,0.438389,1.1874113146349e-06,0.78098,267.6,0.2392,259.2,0.7
942,1,1159.64,25302.74,0.429148,1.187408660974195e-06,0.710807,263.3,0.2431,259.1,0.7
943,1,1160.33,25289.85,0.38953,1.187405999549747e-06,0.737236,261.2,0.245,259.0,0.7
944,1,1161.03,25276.94,0.388542,1.1874033303616156e-06,0.624329,264.0,0.2424,259.4,0.7
945,1,1161.72,25264.03,0.447471,1.1874006534098619e-06,1.186501,265.4,0.2411,259.6,0.7
946,1,1162.41,25251.17,0.433522,1.1873979686945457e-06,0.504593,264.2,0.2423,259.8,0.7
947,1,1163.11,25238.37,0.432861,1.187395276215728e-06,0.942576,264.1,0.2423,260.0,0.7
948,1,1163.8,25225.58,0.425128,1.1873925759734697e-06,0.548047,263.9,0.2425,259.9,0.7
949,1,1164.5,25212.92,0.457564,1.1873898679678317e-06,0.719275,258.4,0.2476,259.8,0.7
950,1,1165.2,25200.14,0.494707,1.1873871521988751e-06,1.064016,262.7,0.2436,259.8,0.7
951,1,1165.89,25187.45,0.480313,1.1873844286666616e-06,0.834239,262.4,0.2439,261.5,0.7
952,1,1166.58,25174.7,0.413803,1.1873816973712527e-06,0.528203,263.6,0.2428,261.5,0.7
953,1,1167.29,25162.29,0.413655,1.1873789583127101e-06,0.654447,252.6,0.2534,260.9,0.7
954,1,1167.98,25149.42,0.464506,1.1873762114910958e-06,0.722348,265.2,0.2413,261.0,0.7
955,1,1168.67,25136.81,0.395826,1.1873734569064715e-06,0.620745,265.6,0.241,261.2,0.7
956,1,1169.37,25124.23,0.434066,1.1873706945588997e-06,0.642303,262.3,0.244,261.3,0.7
957,1,1170.06,25111.65,0.431958,1.187367924448443e-06,0.949532,263.7,0.2427,261.3,0.7
958,1,1170.75,25099.03,0.460337,1.1873651465751636e-06,0.651131,264.5,0.242,261.4,0.7
959,1,1171.45,25086.57,0.429873,1.1873623609391248e-06,0.755072,262.0,0.2442,261.2,0.7
960,1,1172.14,25074.11,0.46092,1.187359567540389e-06,0.69154,261.0,0.2452,261.1,0.7
961,1,1172.86,25062.03,0.41892,1.1873567663790199e-06,0.959595,264.7,0.2418,260.9,0.7
962,1,1173.56,25049.71,0.407633,1.1873539574550807e-06,0.472662,257.9,0.2481,260.6,0.7
963,1,1174.25,25037.2,0.401152,1.1873511407686346e-06,0.849015,264.3,0.2421,260.8,0.7
964,1,1174.95,25024.89,0.40302,1.1873483163197454e-06,0.804847,258.9,0.2472,260.6,0.7
965,1,1175.64,25012.42,0.548167,1.187345484108477e-06,0.763984,263.7,0.2427,260.5,0.7
966,1,1176.33,25000.09,0.423857,1.1873426441348935e-06,0.628007,263.2,0.2431,260.4,0.7
967,1,1177.03,24987.75,0.409621,1.187339796399059e-06,0.77376,263.9,0.2425,260.4,0.7
968,1,1177.72,24975.45,0.40009,1.1873369409010379e-06,0.514259,264.4,0.2421,260.4,0.7
969,1,1178.42,24963.18,0.380509,1.1873340776408945e-06,0.683118,263.9,0.2425,260.7,0.7
970,1,1179.11,24950.91,0.401264,1.1873312066186938e-06,0.475962,263.4,0.243,260.7,0.7
971,1,1179.81,24938.72,0.389022,1.1873283278345007e-06,0.760034,263.1,0.2432,260.7,0.7
972,1,1180.5,24926.49,0.482268,1.18732544128838e-06,1.235165,263.5,0.2429,260.7,0.7
973,1,1181.19,24914.26,0.398257,1.1873225469803971e-06,0.498109,265.6,0.241,261.4,0.7
974,1,1181.89,24902.17,0.451447,1.1873196449106178e-06,0.680062,261.6,0.2446,261.2,0.7
975,1,1182.59,24890.15,0.473289,1.187316735079107e-06,0.654131,258.5,0.2475,260.9,0.7
976,1,1183.28,24877.93,0.42117,1.187313817485931e-06,1.054942,265.5,0.2411,261.0,0.7
977,1,1183.98,24865.91,0.445106,1.1873108921311556e-06,0.595959,263.8,0.2426,261.0,0.7
978,1,1184.67,24853.77,0.464539,1.1873079590148468e-06,0.719619,266.4,0.2403,261.1,0.7
979,1,1185.36,24841.74,0.44975,1.187305018137071e-06,0.563787,263.0,0.2433,261.2,0.7
980,1,1186.06,24829.74,0.415985,1.1873020694978945e-06,0.477212,263.5,0.2429,261.4,0.7
981,1,1186.81,24818.89,0.438725,1.1872991130973843e-06,0.927539,233.6,0.274,259.7,0.7
982,1,1187.47,24806.23,0.458179,1.187296148935607e-06,0.914421,262.4,0.2439,259.9,0.7
983,1,1188.16,24794.26,0.427875,1.1872931770126294e-06,0.700429,264.1,0.2423,259.9,0.7
984,1,1188.86,24782.38,0.44845,1.1872901973285191e-06,0.593054,261.2,0.2451,260.0,0.7
985,1,1189.56,24770.55,0.428463,1.1872872098833433e-06,0.8696,259.5,0.2466,259.8,0.7
986,1,1190.25,24758.65,0.466541,1.1872842146771696e-06,0.868413,261.6,0.2446,259.7,0.7
987,1,1190.94,24746.77,0.39704,1.1872812117100654e-06,0.555039,264.0,0.2424,259.7,0.7
988,1,1191.64,24734.9,0.4387,1.1872782009820989e-06,0.860209,264.8,0.2417,259.7,0.7
989,1,1192.33,24723.07,0.404267,1.1872751824933378e-06,0.512384,264.0,0.2424,259.7,0.7
990,1,1193.02,24711.28,0.435039,1.1872721562438505e-06,0.606461,264.7,0.2417,259.8,0.7
991,1,1193.72,24699.58,0.442464,1.1872691222337056e-06,0.788474,262.4,0.2439,259.8,0.7
992,1,1194.42,24687.87,0.365793,1.1872660804629715e-06,0.505007,260.6,0.2456,259.6,0.7
993,1,1195.11,24676.17,0.420923,1.1872630309317172e-06,0.517285,259.9,0.2463,259.3,0.7
994,1,1195.81,24664.44,0.472096,1.1872599736400113e-06,0.651209,262.8,0.2435,259.4,0.7
995,1,1196.5,24652.79,0.434502,1.187256908587923e-06,0.683605,263.2,0.2432,259.6,0.7
996,1,1197.2,24641.09,0.407597,1.1872538357755215e-06,0.587572,264.2,0.2422,259.5,0.7
997,1,1197.91,24629.9,0.398873,1.1872507552028765e-06,0.908278,240.4,0.2663,258.3,0.7
998,1,1198.59,24618.0,0.428105,1.1872476668700574e-06,0.653062,262.2,0.244,258.1,0.7
999,1,1199.28,24606.33,0.440659,1.187244570777134e-06,0.750029,265.8,0.2408,258.2,0.7
1000,1,1199.98,24594.78,0.474058,1.1872414669241766e-06,0.696936,262.8,0.2435,258.1,0.7
1001,1,1236.84,25323.73,0.464634,1.187238355311255e-06,0.728153,239.7,0.267,258.4,0.7
1002,1,1237.51,25310.87,0.397288,1.1872352359384395e-06,1.052627,268.7,0.2382,258.8,0.7
1003,1,1238.19,25298.37,0.38819,1.187232108805801e-06,0.65091,270.1,0.237,259.2,0.7
1004,1,1238.88,25286.03,0.406979,1.1872289739134096e-06,0.798468,265.9,0.2407,259.4,0.6
1005,1,1239.57,25273.68,0.449363,1.1872258312613368e-06,0.668572,263.7,0.2427,259.7,0.6
1006,1,1240.26,25261.3,0.447025,1.1872226808496532e-06,0.953493,266.2,0.2404,260.0,0.6
1007,1,1240.95,25249.0,0.387142,1.1872195226784303e-06,0.618845,263.3,0.2431,260.0,0.6
1008,1,1241.63,25236.68,0.45791,1.1872163567477394e-06,0.945283,266.4,0.2403,260.2,0.5
1009,1,1242.32,25224.44,0.411123,1.187213183057652e-06,0.594303,264.5,0.242,260.3,0.5
1010,1,1243.01,25212.22,0.44153,1.1872100016082398e-06,0.675038,264.9,0.2416,260.3,0.5
1011,1,1243.7,25199.91,0.40374,1.1872068123995746e-06,0.689413,268.6,0.2383,260.6,0.5
1012,1,1244.39,25187.74,0.389944,1.1872036154317288e-06,0.734882,264.5,0.242,260.8,0.5
1013,1,1245.07,25175.49,0.46247,1.1872004107047744e-06,1.172505,269.2,0.2378,261.3,0.5
1014,1,1245.76,25163.35,0.411027,1.187197198218784e-06,1.052911,267.9,0.2389,261.6,0.5
1015,1,1246.45,25151.21,0.445161,1.1871939779738303e-06,0.948163,267.3,0.2394,261.9,0.4
1016,1,1247.15,25139.32,0.442838,1.1871907499699858e-06,0.643009,255.8,0.2502,261.5,0.4
1017,1,1247.83,25127.1,0.485002,1.1871875142073237e-06,0.65982,269.3,0.2377,263.1,0.4
1018,1,1248.52,25115.04,0.493474,1.1871842706859168e-06,0.947601,266.9,0.2397,263.4,0.4
1019,1,1249.21,25103.04,0.432048,1.187181019405839e-06,0.822957,262.0,0.2443,263.3,0.4
1020,1,1249.9,25091.06,0.473272,1.1871777603671634e-06,0.769796,264.4,0.242,263.4,0.3
1021,1,1250.61,25079.5,0.407187,1.1871744935699635e-06,0.811432,268.5,0.2383,265.1,0.3
1022,1,1251.29,25067.52,0.421198,1.1871712190143135e-06,0.640585,266.3,0.2403,264.9,0.3
1023,1,1252.0,25055.99,0.423115,1.1871679367002872e-06,0.540694,267.8,0.239,264.7,0.4
1024,1,1252.69,25044.08,0.462593,1.187164646627959e-06,0.571963,266.7,0.24,264.7,0.4
1025,1,1253.38,25032.15,0.442333,1.187161348797403e-06,0.711872,267.6,0.2391,264.9,0.4
1026,1,1254.07,25020.31,0.422692,1.1871580432086939e-06,0.65243,264.4,0.2421,264.8,0.4
1027,1,1254.76,25008.43,0.457054,1.1871547298619063e-06,0.982976,265.8,0.2408,264.9,0.4
1028,1,1255.45,24996.57,0.4179,1.187151408757115e-06,1.147894,265.3,0.2413,264.8,0.4
1029,1,1256.13,24984.75,0.422695,1.1871480798943957e-06,0.56808,266.7,0.24,264.8,0.4
1030,1,1256.82,24972.93,0.456809,1.1871447432738231e-06,0.689746,267.3,0.2395,264.9,0.4
1031,1,1257.51,24961.14,0.508273,1.1871413988954727e-06,0.821993,267.5,0.2392,264.8,0.4
1032,1,1258.2,24949.44,0.424372,1.18713804675942e-06,0.559085,265.2,0.2413,264.9,0.5
1033,1,1258.89,24937.67,0.404943,1.187134686865741e-06,0.580477,266.3,0.2403,264.7,0.5
1034,1,1259.58,24925.99,0.41727,1.1871313192145116e-06,0.700655,265.2,0.2413,264.5,0.5
1035,1,1260.27,24914.35,0.446168,1.1871279438058077e-06,0.970668,264.1,0.2423,264.3,0.5
1036,1,1260.96,24902.7,0.470835,1.1871245606397057e-06,0.703173,265.0,0.2415,264.7,0.5
1037,1,1261.66,24891.33,0.433732,1.187121169716282e-06,0.703408,251.9,0.2541,263.8,0.5
1038,1,1262.34,24879.49,0.422538,1.1871177710356137e-06,0.734812,265.4,0.2411,263.7,0.6
1039,1,1263.03,24867.96,0.405267,1.187114364597777e-06,1.049357,263.5,0.2429,263.7,0.6
1040,1,1263.72,24856.39,0.49201,1.1871109504028495e-06,0.69387,265.7,0.2408,263.7,0.6
1041,1,1264.44,24845.38,0.420818,1.1871075284509076e-06,0.795589,264.4,0.2421,263.5,0.6
1042,1,1265.13,24833.87,0.398925,1.1871040987420295e-06,0.711799,266.0,0.2406,263.4,0.6
1043,1,1265.82,24822.37,0.466368,1.1871006612762922e-06,0.828182,265.2,0.2413,263.4,0.6
1044,1,1266.51,24810.91,0.491077,1.1870972160537736e-06,0.593993,265.1,0.2414,263.3,0.6
1045,1,1267.2,24799.47,0.46185,1.1870937630745511e-06,0.855934,265.2,0.2413,263.1,0.6
1046,1,1267.89,24788.07,0.458973,1.1870903023387035e-06,1.007987,265.6,0.241,263.1,0.6
1047,1,1268.58,24776.68,0.464539,1.1870868338463085e-06,0.876119,265.6,0.241,263.1,0.6
1048,1,1269.27,24765.25,0.419592,1.1870833575974446e-06,0.78942,268.0,0.2388,263.2,0.6
1049,1,1269.96,24753.9,0.415329,1.1870798735921906e-06,0.563434,264.5,0.242,263.1,0.6
1050,1,1270.65,24742.54,0.393041,1.1870763818306249e-06,0.58723,266.0,0.2406,263.0,0.6
1051,1,1271.34,24731.23,0.42026,1.1870728823128268e-06,0.676797,264.1,0.2423,262.8,0.7
1052,1,1272.06,24720.53,0.417013,1.187069375038875e-06,0.843787,234.7,0.2727,261.2,0.6
1053,1,1272.72,24708.63,0.468667,1.1870658600088492e-06,0.924563,265.9,0.2407,261.1,0.7
1054,1,1273.41,24697.36,0.43671,1.1870623372228286e-06,1.001513,266.8,0.2399,261.1,0.7
1055,1,1274.1,24686.14,0.432985,1.1870588066808928e-06,0.628622,264.2,0.2423,261.1,0.7
1056,1,1274.79,24674.92,0.419665,1.1870552683831217e-06,0.721881,264.4,0.2421,261.1,0.7
1057,1,1275.48,24663.74,0.413811,1.1870517223295954e-06,0.825456,265.3,0.2412,261.8,0.7
1058,1,1276.17,24652.55,0.373085,1.1870481685203938e-06,0.790071,266.1,0.2405,261.8,0.7
1059,1,1276.86,24641.36,0.418866,1.1870446069555972e-06,0.703232,267.4,0.2394,261.9,0.7
1060,1,1277.55,24630.24,0.438353,1.1870410376352863e-06,0.855008,265.1,0.2414,261.9,0.7
1061,1,1278.27,24619.59,0.40184,1.1870374605595417e-06,0.669222,267.5,0.2393,262.0,0.7
1062,1,1278.98,24608.88,0.421692,1.1870338757284443e-06,0.464579,244.6,0.2617,260.9,0.7
1063,1,1279.65,24597.51,0.456918,1.187030283142075e-06,0.739497,264.7,0.2418,260.8,0.7
1064,1,1280.35,24586.5,0.476104,1.1870266828005152e-06,0.570851,263.6,0.2428,260.8,0.7
1065,1,1281.04,24575.47,0.469756,1.1870230747038461e-06,0.66988,266.1,0.2405,260.8,0.7
1066,1,1281.73,24564.44,0.426075,1.1870194588521493e-06,0.657452,266.7,0.2399,260.8,0.7
1067,1,1282.42,24553.45,0.397972,1.1870158352455068e-06,0.505934,266.9,0.2398,260.9,0.7
1068,1,1283.11,24542.48,0.38223,1.1870122038840001e-06,0.815004,265.2,0.2414,260.8,0.7
1069,1,1283.8,24531.56,0.429415,1.1870085647677117e-06,0.772018,264.6,0.2419,260.8,0.7
1070,1,1284.49,24520.65,0.417885,1.1870049178967235e-06,0.659653,264.2,0.2422,260.7,0.7
1071,1,1285.19,24509.74,0.418626,1.187001263271118e-06,0.907385,263.2,0.2431,260.7,0.7
1072,1,1285.88,24498.88,0.3791,1.1869976008909777e-06,0.577226,263.6,0.2428,262.3,0.7
1073,1,1286.57,24487.95,0.419617,1.1869939307563856e-06,0.609555,266.0,0.2406,262.4,0.7
1074,1,1287.28,24477.58,0.443061,1.1869902528674244e-06,0.545537,240.2,0.2664,260.9,0.7
1075,1,1287.96,24466.42,0.410694,1.1869865672241778e-06,0.910541,264.2,0.2422,261.0,0.7
1076,1,1288.65,24455.59,0.419868,1.1869828738267286e-06,0.910534,264.9,0.2416,261.0,0.7
1077,1,1289.34,24444.79,0.447313,1.1869791726751603e-06,0.934076,264.8,0.2417,261.0,0.7
1078,1,1290.03,24434.02,0.443701,1.1869754637695568e-06,0.919019,265.1,0.2414,261.0,0.7
1079,1,1290.72,24423.21,0.426809,1.1869717471100016e-06,0.730608,267.1,0.2396,261.0,0.7
1080,1,1291.42,24412.54,0.456125,1.186968022696579e-06,0.773857,263.6,0.2428,260.9,0.7
1081,1,1292.13,24402.27,0.436248,1.1869642905293732e-06,0.667734,265.9,0.2407,260.8,0.7
1082,1,1292.82,24391.56,0.443309,1.1869605506084683e-06,0.748471,263.4,0.243,261.8,0.7
1083,1,1293.51,24380.84,0.417243,1.1869568029339491e-06,0.875822,267.5,0.2393,262.0,0.7
1084,1,1294.2,24370.16,0.416808,1.1869530475059004e-06,0.644926,265.4,0.2411,262.1,0.7
1085,1,1294.91,24359.91,0.454778,1.1869492843244067e-06,0.623358,242.5,0.2639,260.8,0.7
1086,1,1295.58,24348.84,0.398266,1.1869455133895533e-06,0.969839,266.7,0.2399,260.8,0.7
1087,1,1296.27,24338.2,0.438248,1.1869417347014252e-06,0.715323,267.0,0.2397,260.8,0.7
1088,1,1296.97,24327.63,0.466621,1.1869379482601082e-06,0.954853,264.8,0.2417,260.8,0.6
1089,1,1297.66,24317.05,0.443238,1.1869341540656874e-06,0.682076,266.8,0.2399,261.0,0.6
1090,1,1298.35,24306.54,0.429146,1.1869303521182492e-06,0.494647,265.1,0.2415,261.0,0.6
1091,1,1299.04,24295.96,0.420858,1.186926542417879e-06,0.58916,264.2,0.2423,261.0,0.7
1092,1,1299.73,24285.39,0.420921,1.1869227249646632e-06,0.620038,265.4,0.2412,261.1,0.7
1093,1,1300.42,24274.84,0.440909,1.186918899758688e-06,0.742805,266.8,0.2398,261.2,0.6
1094,1,1301.11,24264.37,0.423143,1.1869150668000396e-06,0.655895,267.3,0.2394,262.6,0.6
1095,1,1301.8,24253.91,0.45494,1.1869112260888051e-06,0.827833,267.1,0.2396,262.7,0.6
1096,1,1302.49,24243.47,0.426672,1.186907377625071e-06,0.576582,264.8,0.2417,262.7,0.7
1097,1,1303.19,24233.07,0.448484,1.1869035214089242e-06,0.688041,264.1,0.2423,262.7,0.7
1098,1,1303.88,24222.64,0.399965,1.1868996574404522e-06,0.645672,265.9,0.2407,262.7,0.7
1099,1,1304.56,24212.19,0.431818,1.186895785719742e-06,0.638148,267.5,0.2392,262.7,0.7
1100,1,1305.26,24201.82,0.453677,1.1868919062468814e-06,0.622434,265.6,0.2409,262.8,0.7
1101,1,1305.96,24191.78,0.445106,1.1868880190219581e-06,0.555434,270.7,0.2364,263.1,0.6
1102,1,1306.66,24181.45,0.41508,1.1868841240450599e-06,0.757905,266.5,0.2401,263.3,0.6
1103,1,1307.35,24171.19,0.451283,1.1868802213162746e-06,0.538307,263.7,0.2427,263.1,0.6
1104,1,1308.04,24160.86,0.490699,1.1868763108356906e-06,0.833229,264.4,0.242,263.0,0.7
1105,1,1308.73,24150.59,0.452919,1.1868723926033964e-06,0.770432,265.7,0.2409,264.3,0.6
1106,1,1309.43,24140.31,0.442787,1.1868684666194805e-06,0.82851,264.9,0.2416,264.1,0.7
1107,1,1310.12,24130.08,0.431027,1.1868645328840315e-06,0.792013,263.5,0.2429,264.0,0.7
1108,1,1310.82,24119.95,0.416028,1.1868605913971385e-06,0.621509,259.2,0.247,263.7,0.7
1109,1,1311.5,24109.57,0.399384,1.1868566421588905e-06,0.699292,267.3,0.2394,263.7,0.7
1110,1,1312.19,24099.39,0.408582,1.1868526851693767e-06,0.578227,264.8,0.2417,263.7,0.7
1111,1,1312.88,24089.22,0.415982,1.1868487204286867e-06,0.68099,263.9,0.2425,263.7,0.7
1112,1,1313.58,24079.08,0.394851,1.18684474793691e-06,0.950484,263.5,0.2429,263.6,0.7
1113,1,1314.27,24068.91,0.432159,1.1868407676941363e-06,1.118954,263.0,0.2434,263.4,0.7
1114,1,1314.96,24058.76,0.419322,1.1868367797004557e-06,0.677246,265.4,0.2412,263.3,0.7
1115,1,1315.65,24048.61,0.468334,1.1868327839559585e-06,0.672955,267.2,0.2395,263.3,0.7
1116,1,1316.34,24038.55,0.414595,1.1868287804607347e-06,0.868354,263.7,0.2427,263.3,0.7
1117,1,1317.03,24028.51,0.409721,1.186824769214875e-06,0.634181,264.2,0.2422,263.3,0.7
1118,1,1317.73,24018.47,0.475463,1.18682075021847e-06,0.76122,262.5,0.2438,263.1,0.7
1119,1,1318.42,24008.44,0.480231,1.1868167234716106e-06,0.652845,264.9,0.2416,262.9,0.7
1120,1,1319.12,23998.51,0.438197,1.1868126889743878e-06,0.731149,258.5,0.2475,262.5,0.7
1121,1,1319.82,23988.72,0.436523,1.1868086467268928e-06,0.73499,269.2,0.2378,262.5,0.7
1122,1,1320.51,23978.76,0.487222,1.186804596729217e-06,1.298028,263.4,0.2429,262.3,0.7
1123,1,1321.21,23968.8,0.428607,1.1868005389814518e-06,0.636513,265.8,0.2408,262.4,0.7
1124,1,1321.9,23958.86,0.478356,1.186796473483689e-06,0.695573,265.9,0.2407,262.5,0.7
1125,1,1322.59,23948.91,0.433105,1.1867924002360204e-06,0.708337,266.3,0.2403,262.5,0.7
1126,1,1323.29,23939.02,0.407569,1.1867883192385383e-06,0.984382,264.6,0.2418,262.5,0.7
1127,1,1323.98,23929.08,0.446179,1.1867842304913346e-06,0.831202,266.7,0.24,262.7,0.7
1128,1,1324.67,23919.23,0.448278,1.1867801339945019e-06,0.674879,263.4,0.243,262.9,0.7
1129,1,1325.36,23909.34,0.392972,1.186776029748133e-06,0.683981,264.7,0.2418,262.8,0.7
1130,1,1326.05,23899.41,0.376052,1.1867719177523204e-06,0.670201,269.8,0.2372,263.0,0.7
1131,1,1326.74,23889.61,0.400169,1.186767798007157e-06,0.624952,265.0,0.2415,263.0,0.7
1132,1,1327.44,23879.84,0.462612,1.1867636705127363e-06,0.632789,262.8,0.2435,263.0,0.7
1133,1,1328.13,23870.03,0.427548,1.1867595352691512e-06,0.731578,263.6,0.2428,263.0,0.7
1134,1,1328.83,23860.3,0.387714,1.1867553922764953e-06,0.645252,261.7,0.2446,262.8,0.7
1135,1,1329.51,23850.44,0.462869,1.1867512415348622e-06,0.814304,265.7,0.2409,262.7,0.7
1136,1,1330.21,23840.69,0.456599,1.1867470830443458e-06,1.077595,264.8,0.2417,262.8,0.7
1137,1,1330.9,23830.94,0.44145,1.1867429168050403e-06,0.982637,266.5,0.2402,262.9,0.7
1138,1,1331.59,23821.25,0.424267,1.1867387428170397e-06,0.891659,263.9,0.2426,263.0,0.7
1139,1,1332.29,23811.57,0.401549,1.186734561080438e-06,0.568648,263.6,0.2428,263.0,0.7
1140,1,1332.98,23801.86,0.396232,1.18673037159533e-06,0.62731,264.7,0.2418,263.3,0.7
1141,1,1333.71,23792.96,0.438502,1.1867261743618106e-06,0.739227,267.7,0.2391,263.1,0.7
1142,1,1334.41,23783.29,0.409398,1.1867219693799745e-06,0.506474,265.1,0.2414,263.2,0.7
1143,1,1335.1,23773.65,0.458463,1.1867177566499166e-06,0.49626,264.9,0.2416,263.1,0.7
1144,1,1335.79,23764.0,0.470706,1.1867135361717323e-06,0.607831,264.0,0.2424,263.0,0.7
1145,1,1336.49,23754.45,0.397357,1.186709307945517e-06,0.764535,261.4,0.2448,262.8,0.7
1146,1,1337.18,23744.86,0.453243,1.1867050719713662e-06,0.579362,259.9,0.2462,262.5,0.7
1147,1,1337.87,23735.18,0.435899,1.1867008282493759e-06,0.959564,268.1,0.2387,262.6,0.7
1148,1,1338.56,23725.68,0.414647,1.1866965767796416e-06,0.7966,263.1,0.2433,262.5,0.8
1149,1,1339.26,23716.12,0.43486,1.1866923175622596e-06,0.916515,264.6,0.2419,262.6,0.7
1150,1,1339.94,23706.53,0.413603,1.186688050597326e-06,0.525037,266.7,0.24,262.5,0.7
1151,1,1340.64,23697.07,0.443687,1.1866837758849376e-06,0.844883,264.0,0.2424,262.4,0.7
1152,1,1341.34,23687.72,0.430259,1.1866794934251907e-06,0.629799,266.7,0.24,262.6,0.7
1153,1,1342.04,23678.27,0.429751,1.186675203218182e-06,0.670454,263.6,0.2428,262.6,0.7
1154,1,1342.73,23668.75,0.405485,1.1866709052640092e-06,0.580776,266.4,0.2402,262.8,0.7
1155,1,1343.42,23659.37,0.434427,1.1866665995627688e-06,0.746933,260.9,0.2453,262.5,0.7
1156,1,1344.11,23649.82,0.455972,1.1866622861145582e-06,0.898467,265.8,0.2408,262.6,0.7
1157,1,1344.8,23640.42,0.42003,1.186657964919475e-06,0.626354,265.4,0.2411,262.5,0.7
1158,1,1345.5,23631.04,0.399124,1.1866536359776171e-06,0.950661,264.4,0.242,262.5,0.8
1159,1,1346.19,23621.68,0.398309,1.186649299289082e-06,0.510655,262.9,0.2434,262.5,0.7
1160,1,1346.88,23612.24,0.403882,1.1866449548539676e-06,0.685304,267.4,0.2394,262.6,0.8
1161,1,1347.61,23603.56,0.394971,1.1866406026723725e-06,0.531553,261.7,0.2446,262.4,0.7
1162,1,1348.3,23594.14,0.426187,1.186636242744395e-06,0.647681,265.9,0.2407,262.4,0.7
1163,1,1349.0,23584.89,0.464381,1.1866318750701334e-06,0.82771,262.7,0.2436,262.3,0.7
1164,1,1349.7,23575.63,0.43199,1.1866274996496867e-06,0.585377,261.1,0.2451,262.2,0.7
1165,1,1350.39,23566.27,0.453418,1.1866231164831535e-06,0.76374,263.4,0.2429,262.4,0.7
1166,1,1351.08,23556.98,0.432114,1.186618725570633e-06,0.841284,265.1,0.2414,262.6,0.7
1167,1,1351.78,23547.77,0.423639,1.1866143269122247e-06,0.611886,261.4,0.2448,262.3,0.7
1168,1,1352.47,23538.45,0.454787,1.1866099205080277e-06,0.629107,265.2,0.2413,262.4,0.7
1169,1,1353.16,23529.21,0.446966,1.1866055063581417e-06,0.700783,266.1,0.2405,262.4,0.7
1170,1,1353.85,23519.99,0.410722,1.1866010844626667e-06,0.692551,266.4,0.2403,262.4,0.7
1171,1,1354.54,23510.76,0.433496,1.1865966548217021e-06,0.705238,265.0,0.2415,262.4,0.7
1172,1,1355.23,23501.52,0.452008,1.1865922174353485e-06,1.022786,266.7,0.24,262.5,0.7
1173,1,1355.93,23492.41,0.37272,1.186587772303706e-06,1.046522,263.4,0.2429,262.5,0.7
1174,1,1356.62,23483.19,0.475424,1.1865833194268753e-06,0.658825,265.3,0.2412,262.4,0.7
1175,1,1357.31,23474.02,0.461624,1.186578858804957e-06,0.895638,266.0,0.2406,262.7,0.7
1176,1,1358.01,23464.86,0.421361,1.1865743904380516e-06,0.796151,265.8,0.2408,262.7,0.7
1177,1,1358.7,23455.72,0.399455,1.1865699143262603e-06,0.686168,265.4,0.2412,262.7,0.7
1178,1,1359.39,23446.58,0.389046,1.1865654304696844e-06,0.865114,264.3,0.2421,262.7,0.7
1179,1,1360.08,23437.48,0.420086,1.186560938868425e-06,0.631278,264.5,0.2419,262.8,0.7
1180,1,1360.79,23428.58,0.434026,1.1865564395225838e-06,0.750065,251.3,0.2547,262.0,0.7
1181,1,1361.5,23419.86,0.429979,1.1865519324322624e-06,0.646722,261.7,0.2446,262.0,0.7
1182,1,1362.19,23410.79,0.439276,1.1865474175975628e-06,0.679978,263.4,0.2429,261.9,0.7
1183,1,1362.88,23401.72,0.47424,1.1865428950185871e-06,1.143561,263.0,0.2434,261.9,0.7
1184,1,1363.57,23392.66,0.438181,1.1865383646954374e-06,0.65452,267.2,0.2396,262.3,0.7
1185,1,1364.27,23383.65,0.434877,1.186533826628216e-06,0.943851,264.9,0.2416,262.2,0.7
1186,1,1364.96,23374.67,0.457529,1.1865292808170256e-06,0.657022,264.8,0.2417,262.3,0.7
1187,1,1365.65,23365.64,0.454358,1.186524727261969e-06,0.918541,267.2,0.2395,262.5,0.7
1188,1,1366.35,23356.73,0.435537,1.186520165963149e-06,0.716692,262.1,0.2442,262.4,0.7
1189,1,1367.04,23347.7,0.471658,1.186515596920669e-06,0.69786,265.7,0.2409,262.4,0.7
1190,1,1367.73,23338.74,0.388223,1.1865110201346318e-06,0.639333,266.4,0.2402,262.4,0.7
1191,1,1368.42,23329.78,0.466144,1.1865064356051412e-06,0.723439,266.7,0.24,262.5,0.7
1192,1,1369.12,23320.94,0.3841,1.1865018433323008e-06,0.741528,262.8,0.2436,262.3,0.7
1193,1,1369.81,23311.99,0.438013,1.1864972433162142e-06,0.615393,262.8,0.2435,262.4,0.6
1194,1,1370.5,23303.07,0.442458,1.1864926355569856e-06,0.688712,265.4,0.2411,262.3,0.6
1195,1,1371.19,23294.21,0.417841,1.186488020054719e-06,0.598873,264.2,0.2422,262.2,0.6
1196,1,1371.88,23285.31,0.393498,1.1864833968095186e-06,0.804197,266.7,0.24,262.3,0.6
1197,1,1372.58,23276.47,0.42535,1.1864787658214893e-06,0.560676,264.8,0.2417,262.2,0.7
1198,1,1373.27,23267.64,0.459555,1.1864741270907355e-06,0.694065,264.5,0.242,262.3,0.6
1199,1,1373.96,23258.83,0.430731,1.1864694806173621e-06,0.549347,264.5,0.242,262.2,0.7
1200,1,1374.66,23250.02,0.423811,1.1864648264014742e-06,0.614715,264.1,0.2424,262.9,0.7
1201,1,1524.41,25760.11,0.450155,1.1864601644431769e-06,0.56489,246.1,0.26,262.1,0.7
1202,1,1525.08,25748.79,0.489332,1.1864554947425757e-06,1.052054,267.7,0.2391,262.3,0.6
1203,1,1525.77,25737.77,0.470116,1.186450817299776e-06,0.769785,268.6,0.2383,262.6,0.6
1204,1,1526.47,25726.78,0.364398,1.1864461321148835e-06,0.814396,268.1,0.2387,262.7,0.6
1205,1,1527.16,25715.8,0.4264,1.1864414391880043e-06,0.53064,266.0,0.2406,262.8,0.6
1206,1,1527.85,25704.8,0.428424,1.1864367385192442e-06,0.699238,266.7,0.2399,263.0,0.6
1207,1,1528.54,25693.83,0.44321,1.1864320301087098e-06,0.964134,265.9,0.2407,263.0,0.5
1208,1,1529.23,25682.93,0.409996,1.1864273139565074e-06,0.81232,263.7,0.2427,263.2,0.5
1209,1,1529.92,25671.96,0.440475,1.1864225900627433e-06,0.74433,267.0,0.2397,263.2,0.5
1210,1,1530.61,25661.07,0.410059,1.1864178584275246e-06,0.969487,265.7,0.2409,263.2,0.5
1211,1,1531.3,25650.2,0.439998,1.1864131190509584e-06,0.551276,264.4,0.242,263.1,0.5
1212,1,1532.01,25639.72,0.438781,1.1864083719331514e-06,0.792231,243.5,0.2628,262.1,0.5
1213,1,1532.68,25628.52,0.474001,1.1864036170742112e-06,0.935473,264.9,0.2416,262.2,0.5
1214,1,1533.37,25617.72,0.380418,1.186398854474245e-06,0.548469,265.1,0.2414,262.3,0.4
1215,1,1534.07,25606.96,0.393631,1.1863940841333606e-06,0.62964,262.1,0.2442,262.2,0.4
1216,1,1534.76,25596.18,0.402354,1.186389306051666e-06,0.555084,265.6,0.2409,262.2,0.4
1217,1,1535.46,25585.47,0.434697,1.1863845202292689e-06,0.90951,263.2,0.2431,262.2,0.4
1218,1,1536.14,25574.66,0.384537,1.1863797266662777e-06,0.838433,268.3,0.2386,262.3,0.4
1219,1,1536.87,25564.41,0.414711,1.1863749253628007e-06,1.175933,238.5,0.2684,261.1,0.4
1220,1,1537.54,25553.34,0.453539,1.1863701163189462e-06,1.122378,266.4,0.2402,261.2,0.3
1221,1,1538.25,25543.02,0.390631,1.1863652995348234e-06,0.617413,267.1,0.2396,262.4,0.3
1222,1,1538.94,25532.35,0.416959,1.1863604750105406e-06,0.735061,265.5,0.241,262.3,0.3
1223,1,1539.64,25521.75,0.424787,1.1863556427462072e-06,0.536901,262.6,0.2437,262.0,0.3
1224,1,1540.33,25511.05,0.425335,1.1863508027419325e-06,0.67863,267.5,0.2392,262.0,0.3
1225,1,1541.02,25500.48,0.432595,1.1863459549978256e-06,0.877603,264.1,0.2424,261.9,0.3
1226,1,1541.72,25489.88,0.399085,1.1863410995139964e-06,0.729387,265.1,0.2414,261.8,0.3
1227,1,1542.41,25479.29,0.437681,1.1863362362905545e-06,0.801426,264.1,0.2424,261.7,0.3
1228,1,1543.1,25468.76,0.390414,1.1863313653276096e-06,0.53078,265.5,0.2411,261.8,0.3
1229,1,1543.8,25458.25,0.425362,1.1863264866252722e-06,0.896667,265.9,0.2407,261.7,0.3
1230,1,1544.49,25447.75,0.42891,1.1863216001836524e-06,0.536654,264.2,0.2422,261.7,0.3
1231,1,1545.19,25437.28,0.404212,1.1863167060028607e-06,0.572036,263.6,0.2428,261.7,0.3
1232,1,1545.89,25426.8,0.461597,1.1863118040830076e-06,1.121912,263.3,0.2431,262.6,0.3
1233,1,1546.58,25416.3,0.411445,1.1863068944242038e-06,1.036014,264.9,0.2416,262.6,0.3
1234,1,1547.27,25405.86,0.395946,1.1863019770265607e-06,0.532014,262.6,0.2437,262.4,0.4
1235,1,1547.96,25395.4,0.39895,1.1862970518901888e-06,0.870219,264.7,0.2418,262.5,0.4
1236,1,1548.66,25385.0,0.444898,1.1862921190152e-06,0.681142,264.3,0.2421,262.4,0.4
1237,1,1549.36,25374.61,0.439286,1.1862871784017056e-06,0.732212,263.7,0.2427,262.4,0.4
1238,1,1550.05,25364.21,0.417385,1.1862822300498173e-06,0.553361,265.3,0.2413,262.3,0.4
1239,1,1550.75,25353.9,0.469941,1.1862772739596468e-06,0.584139,262.4,0.2439,263.5,0.4
1240,1,1551.44,25343.53,0.446511,1.1862723101313063e-06,0.688451,265.2,0.2414,263.4,0.4
1241,1,1552.16,25333.55,0.442608,1.1862673385649082e-06,0.753857,265.7,0.2409,263.3,0.5
1242,1,1552.85,25323.22,0.392208,1.1862623592605644e-06,0.746524,266.0,0.2406,263.3,0.5
1243,1,1553.55,25312.92,0.439949,1.1862573722183879e-06,1.070253,265.7,0.2408,263.4,0.5
1244,1,1554.24,25302.63,0.460097,1.186252377438491e-06,1.147804,264.5,0.242,263.2,0.5
1245,1,1554.94,25292.39,0.434358,1.1862473749209868e-06,0.584109,264.6,0.2419,263.2,0.5
1246,1,1555.63,25282.16,0.415071,1.1862423646659885e-06,1.118616,264.8,0.2417,263.1,0.6
1247,1,1556.33,25271.97,0.397243,1.186237346673609e-06,0.692132,261.3,0.2449,262.9,0.6
1248,1,1557.03,25261.75,0.551033,1.186232320943962e-06,0.849831,261.6,0.2446,262.6,0.6
1249,1,1557.72,25251.5,0.443567,1.1862272874771611e-06,0.653982,265.9,0.2407,262.6,0.6
1250,1,1558.41,25241.27,0.436256,1.18622224627332e-06,0.810639,266.0,0.2406,262.6,0.6
1251,1,1559.11,25231.1,0.426064,1.1862171973325525e-06,0.70548,264.2,0.2423,262.6,0.6
1252,1,1559.81,25221.06,0.405103,1.186212140654973e-06,0.623154,258.4,0.2477,262.3,0.7
1253,1,1560.5,25210.86,0.416374,1.1862070762406959e-06,0.571337,262.6,0.2437,262.2,0.7
1254,1,1561.22,25201.05,0.401321,1.1862020040898353e-06,0.835341,257.8,0.2483,261.9,0.7
1255,1,1561.91,25190.94,0.440773,1.1861969242025061e-06,0.66835,263.6,0.2428,261.8,0.7
1256,1,1562.6,25180.83,0.448847,1.1861918365788231e-06,0.749806,265.8,0.2408,261.9,0.7
1257,1,1563.3,25170.82,0.425505,1.186186741218901e-06,0.637872,259.6,0.2466,261.7,0.7
1258,1,1564.0,25160.74,0.441992,1.1861816381228552e-06,0.641355,259.9,0.2462,261.4,0.7
1259,1,1564.69,25150.62,0.454802,1.186176527290801e-06,0.622216,266.2,0.2404,261.6,0.7
1260,1,1565.38,25140.54,0.417939,1.1861714087228541e-06,0.647078,263.9,0.2425,261.6,0.7
1261,1,1566.09,25130.71,0.447959,1.1861662824191302e-06,0.903153,268.0,0.2388,261.7,0.7
1262,1,1566.78,25120.65,0.435577,1.1861611483797448e-06,1.013764,265.8,0.2408,261.6,0.7
1263,1,1567.48,25110.72,0.392759,1.1861560066048142e-06,0.568434,256.6,0.2494,261.1,0.7
1264,1,1568.17,25100.66,0.427071,1.1861508570944547e-06,0.664312,262.4,0.2439,261.1,0.7
1265,1,1568.87,25090.68,0.432917,1.1861456998487827e-06,0.575201,260.7,0.2455,260.9,0.7
1266,1,1569.55,25080.64,0.427424,1.1861405348679147e-06,0.713564,265.7,0.2408,260.9,0.7
1267,1,1570.25,25070.64,0.481656,1.1861353621519671e-06,0.934422,264.9,0.2416,261.1,0.7
1268,1,1570.94,25060.63,0.466859,1.1861301817010575e-06,0.69671,267.1,0.2396,261.4,0.7
1269,1,1571.63,25050.68,0.435013,1.1861249935153025e-06,0.62183,266.3,0.2403,261.4,0.7
1270,1,1572.32,25040.78,0.44465,1.1861197975948197e-06,0.694418,263.5,0.2429,261.3,0.7
1271,1,1573.01,25030.81,0.427395,1.1861145939397262e-06,0.491542,266.2,0.2404,261.4,0.7
1272,1,1573.7,25020.84,0.415271,1.1861093825501398e-06,0.711174,267.0,0.2397,261.8,0.7
1273,1,1574.39,25010.94,0.423978,1.1861041634261782e-06,0.584857,265.2,0.2413,262.0,0.7
1274,1,1575.08,25001.02,0.485264,1.1860989365679592e-06,0.676544,266.9,0.2398,262.5,0.7
1275,1,1575.77,24991.14,0.384317,1.1860937019756014e-06,0.606688,266.3,0.2403,262.6,0.7
1276,1,1576.46,24981.27,0.428143,1.186088459649223e-06,0.611287,264.5,0.242,262.6,0.6
1277,1,1577.16,24971.42,0.439238,1.1860832095889424e-06,0.771157,263.7,0.2427,262.8,0.6
1278,1,1577.85,24961.56,0.415187,1.186077951794878e-06,0.761153,265.0,0.2415,263.0,0.7
1279,1,1578.54,24951.73,0.465059,1.186072686267149e-06,0.588844,266.4,0.2403,263.0,0.7
1280,1,1579.23,24941.92,0.377359,1.1860674130058744e-06,0.659429,264.8,0.2417,263.1,0.6
1281,1,1579.94,24932.41,0.43068,1.1860621320111734e-06,0.614602,267.0,0.2397,263.1,0.6
1282,1,1580.63,24922.64,0.450322,1.186056843283165e-06,0.689882,263.8,0.2426,263.0,0.6
1283,1,1581.33,24913.07,0.450635,1.1860515468219692e-06,0.585601,264.9,0.2416,263.4,0.6
1284,1,1582.03,24903.35,0.388047,1.1860462426277056e-06,0.625338,262.3,0.244,263.4,0.6
1285,1,1582.71,24893.58,0.444623,1.186040930700494e-06,0.840429,263.9,0.2425,263.6,0.6
1286,1,1583.4,24883.79,0.492622,1.1860356110404546e-06,0.712644,266.5,0.2402,263.6,0.6
1287,1,1584.09,24874.1,0.429826,1.1860302836477075e-06,0.753727,265.5,0.241,263.7,0.6
1288,1,1584.79,24864.51,0.470863,1.1860249485223733e-06,0.900477,256.8,0.2493,263.1,0.6
1289,1,1585.48,24854.8,0.459113,1.1860196056645723e-06,0.889427,261.2,0.245,262.8,0.6
1290,1,1586.17,24845.05,0.432737,1.1860142550744253e-06,0.642049,267.1,0.2396,263.0,0.6
1291,1,1586.86,24835.42,0.458792,1.1860088967520535e-06,0.594421,265.2,0.2413,262.9,0.7
1292,1,1587.55,24825.8,0.484763,1.1860035306975778e-06,0.695677,262.9,0.2434,262.8,0.6
1293,1,1588.24,24816.12,0.426674,1.1859981569111197e-06,0.700185,266.8,0.2399,262.8,0.7
1294,1,1588.93,24806.53,0.429741,1.1859927753928006e-06,0.806438,264.4,0.242,262.7,0.7
1295,1,1589.64,24797.11,0.434226,1.185987386142742e-06,0.683339,267.4,0.2393,262.7,0.7
1296,1,1590.33,24787.51,0.40503,1.1859819891610658e-06,0.84164,265.2,0.2413,262.7,0.7
1297,1,1591.02,24777.95,0.440462,1.185976584447894e-06,0.712054,264.1,0.2423,262.7,0.7
1298,1,1591.71,24768.31,0.424128,1.1859711720033487e-06,0.604317,267.5,0.2393,262.9,0.7
1299,1,1592.4,24758.79,0.41082,1.1859657518275524e-06,0.758053,265.3,0.2413,262.8,0.7
1300,1,1593.09,24749.26,0.420901,1.1859603239206273e-06,0.989645,264.2,0.2422,262.8,0.7
1301,1,1593.8,24740.02,0.415205,1.1859548882826964e-06,0.623878,268.5,0.2384,262.9,0.7
1302,1,1594.49,24730.52,0.393522,1.1859494449138826e-06,0.655331,265.3,0.2412,263.0,0.7
1303,1,1595.18,24720.95,0.413642,1.1859439938143089e-06,0.930111,268.6,0.2383,263.1,0.7
1304,1,1595.87,24711.48,0.4173,1.1859385349840983e-06,0.513636,265.7,0.2408,263.3,0.7
1305,1,1596.56,24702.02,0.426221,1.1859330684233742e-06,0.646314,266.3,0.2403,263.4,0.7
1306,1,1597.25,24692.56,0.413784,1.1859275941322603e-06,0.683301,265.4,0.2411,263.3,0.7
1307,1,1597.94,24683.1,0.451865,1.1859221121108801e-06,0.628651,265.6,0.241,263.3,0.7
1308,1,1598.63,24673.62,0.420966,1.1859166223593579e-06,0.696882,268.0,0.2388,263.9,0.7
1309,1,1599.32,24664.21,0.448035,1.1859111248778176e-06,0.923377,265.4,0.2412,264.0,0.7
1310,1,1600.01,24654.78,0.392344,1.1859056196663836e-06,0.635832,266.8,0.2399,264.0,0.7
1311,1,1600.7,24645.36,0.394543,1.18590010672518e-06,1.004821,267.0,0.2397,264.2,0.7
1312,1,1601.39,24635.98,0.432342,1.1858945860543317e-06,0.668734,266.8,0.2399,264.3,0.7
1313,1,1602.08,24626.62,0.422934,1.1858890576539632e-06,0.550867,265.7,0.2409,264.3,0.7
1314,1,1602.77,24617.29,0.467532,1.1858835215241997e-06,0.695933,264.4,0.2421,264.3,0.7
1315,1,1603.46,24607.94,0.44574,1.1858779776651665e-06,0.593906,264.4,0.2421,264.2,0.7
1316,1,1604.15,24598.62,0.433502,1.1858724260769886e-06,0.730914,265.2,0.2413,264.2,0.7
1317,1,1604.84,24589.3,0.430566,1.1858668667597913e-06,0.544458,266.4,0.2403,264.3,0.7
1318,1,1605.54,24580.12,0.395909,1.185861299713701e-06,0.557747,259.3,0.2468,263.9,0.7
1319,1,1606.23,24570.77,0.392239,1.1858557249388427e-06,0.707637,264.1,0.2423,263.8,0.7
1320,1,1606.91,24561.45,0.419479,1.1858501424353429e-06,0.613391,267.7,0.2391,263.9,0.7
1321,1,1607.64,24552.64,0.446249,1.1858445522033277e-06,0.586616,265.1,0.2414,263.7,0.7
1322,1,1608.32,24543.38,0.441419,1.1858389542429235e-06,0.627892,266.6,0.24,263.8,0.7
1323,1,1609.03,24534.4,0.398756,1.1858333485542568e-06,0.649619,268.9,0.238,263.6,0.8
1324,1,1609.73,24525.23,0.438792,1.1858277351374542e-06,0.728516,263.0,0.2434,263.5,0.8
1325,1,1610.42,24516.09,0.43495,1.1858221139926428e-06,0.732517,261.5,0.2447,263.3,0.8
1326,1,1611.11,24506.8,0.37082,1.1858164851199493e-06,0.519197,269.3,0.2376,263.5,0.8
1327,1,1611.81,24497.84,0.452037,1.185810848519501e-06,0.659909,266.5,0.2401,263.5,0.8
1328,1,1612.5,24488.66,0.381305,1.1858052041914258e-06,0.790756,265.7,0.2409,263.4,0.8
1329,1,1613.19,24479.48,0.407776,1.185799552135851e-06,0.729556,266.6,0.24,263.5,0.8
1330,1,1613.88,24470.31,0.4346,1.185793892352904e-06,0.773164,268.0,0.2388,263.6,0.7
1331,1,1614.57,24461.18,0.412817,1.1857882248427133e-06,0.740351,265.2,0.2413,263.5,0.7
1332,1,1615.26,24452.06,0.446314,1.1857825496054065e-06,0.760384,265.1,0.2414,263.4,0.8
1333,1,1615.95,24442.92,0.408715,1.1857768666411121e-06,0.818525,266.9,0.2398,263.5,0.8
1334,1,1616.64,24433.85,0.468656,1.1857711759499586e-06,0.777987,264.0,0.2424,263.4,0.8
1335,1,1617.33,24424.78,0.41614,1.1857654775320745e-06,0.565309,266.5,0.2401,263.6,0.7
1336,1,1618.04,24415.88,0.446385,1.1857597713875887e-06,0.638039,261.4,0.2448,263.4,0.8
1337,1,1618.73,24406.83,0.483837,1.1857540575166302e-06,0.837997,267.2,0.2395,263.4,0.7
1338,1,1619.42,24397.82,0.441958,1.185748335919328e-06,0.830398,263.9,0.2425,263.7,0.7
1339,1,1620.11,24388.83,0.447325,1.1857426065958118e-06,0.632308,263.1,0.2432,263.6,0.7
1340,1,1620.81,24379.81,0.484882,1.1857368695462106e-06,0.909189,265.3,0.2413,263.5,0.7
1341,1,1621.52,24371.19,0.445532,1.1857311247706545e-06,0.615505,266.4,0.2403,263.6,0.7
1342,1,1622.21,24362.17,0.451402,1.1857253722692731e-06,0.768157,266.3,0.2404,263.6,0.7
1343,1,1622.9,24353.21,0.415499,1.1857196120421966e-06,0.994947,264.6,0.2419,263.5,0.7
1344,1,1623.59,24344.22,0.427306,1.1857138440895549e-06,0.775331,265.1,0.2414,263.6,0.7
1345,1,1624.29,24335.29,0.42568,1.1857080684114786e-06,0.781608,263.0,0.2434,263.8,0.7
1346,1,1624.97,24326.33,0.441645,1.1857022850080983e-06,0.678148,266.2,0.2404,263.6,0.7
1347,1,1625.67,24317.41,0.445033,1.1856964938795448e-06,0.700891,266.9,0.2398,263.7,0.6
1348,1,1626.36,24308.53,0.437132,1.1856906950259486e-06,0.829227,264.2,0.2422,263.6,0.6
1349,1,1627.05,24299.61,0.463736,1.185684888447441e-06,0.7157,266.7,0.2399,263.5,0.7
1350,1,1627.74,24290.7,0.427321,1.1856790741441536e-06,0.656515,266.7,0.24,263.5,0.7
1351,1,1628.43,24281.87,0.438755,1.1856732521162175e-06,0.76843,266.4,0.2402,263.5,0.7
1352,1,1629.13,24273.0,0.421321,1.185667422363764e-06,0.808971,265.0,0.2415,263.5,0.7
1353,1,1629.81,24264.12,0.428522,1.1856615848869251e-06,0.652598,266.3,0.2403,263.5,0.7
1354,1,1630.51,24255.32,0.449767,1.185655739685833e-06,0.910339,264.3,0.2422,263.4,0.7
1355,1,1631.2,24246.47,0.401356,1.1856498867606195e-06,0.824468,265.9,0.2407,263.4,0.7
1356,1,1631.89,24237.69,0.457312,1.1856440261114172e-06,0.820906,265.4,0.2411,263.6,0.7
1357,1,1632.58,24228.88,0.465099,1.1856381577383581e-06,0.734931,265.5,0.241,263.6,0.7
1358,1,1633.27,24220.07,0.43079,1.1856322816415754e-06,0.595124,265.6,0.241,263.7,0.7
1359,1,1633.97,24211.31,0.471737,1.1856263978212017e-06,0.893494,266.4,0.2402,263.8,0.7
1360,1,1634.66,24202.55,0.441931,1.1856205062773698e-06,0.904365,264.6,0.2419,263.8,0.7
1361,1,1635.37,24194.14,0.411594,1.185614607010213e-06,0.564543,266.3,0.2403,263.7,0.7
1362,1,1636.06,24185.4,0.417198,1.1856087000198648e-06,0.601867,263.2,0.2432,263.6,0.7
1363,1,1636.75,24176.64,0.423444,1.1856027853064586e-06,0.63227,266.9,0.2398,263.7,0.7
1364,1,1637.44,24167.91,0.477341,1.1855968628701281e-06,0.691298,267.4,0.2393,263.8,0.7
1365,1,1638.14,24159.22,0.423251,1.185590932711007e-06,0.568652,265.1,0.2414,263.9,0.7
1366,1,1638.83,24150.58,0.441737,1.1855849948292295e-06,0.745343,261.7,0.2445,263.7,0.7
1367,1,1639.52,24141.86,0.413371,1.1855790492249299e-06,0.685212,264.2,0.2423,263.6,0.7
1368,1,1640.21,24133.16,0.411257,1.1855730958982425e-06,0.61522,266.2,0.2404,263.7,0.7
1369,1,1640.9,24124.51,0.412368,1.1855671348493019e-06,0.861157,265.3,0.2412,263.6,0.7
1370,1,1641.6,24115.87,0.438151,1.1855611660782426e-06,0.753055,266.1,0.2405,263.6,0.7
1371,1,1642.29,24107.25,0.454867,1.1855551895851997e-06,0.759562,263.2,0.2432,263.5,0.7
1372,1,1642.98,24098.61,0.43814,1.1855492053703084e-06,0.660917,265.7,0.2408,263.5,0.6
1373,1,1643.67,24090.0,0.415689,1.185543213433704e-06,0.547097,263.7,0.2427,263.4,0.7
1374,1,1644.36,24081.37,0.494394,1.1855372137755217e-06,0.709292,266.7,0.24,263.5,0.6
1375,1,1645.05,24072.79,0.412382,1.185531206395897e-06,0.756047,264.0,0.2424,263.4,0.7
1376,1,1645.75,24064.25,0.404906,1.1855251912949662e-06,0.556531,262.4,0.2439,263.2,0.7
1377,1,1646.43,24055.64,0.434452,1.1855191684728648e-06,0.618954,266.3,0.2403,263.2,0.7
1378,1,1647.13,24047.11,0.435377,1.1855131379297292e-06,0.877696,264.6,0.2419,263.2,0.7
1379,1,1647.82,24038.52,0.432206,1.1855070996656954e-06,0.674814,266.4,0.2402,263.2,0.7
1380,1,1648.51,24030.0,0.384794,1.1855010536809004e-06,0.554915,263.8,0.2427,263.2,0.7
1381,1,1649.23,24021.86,0.426139,1.1854949999754805e-06,0.577035,270.2,0.2369,263.4,0.7
1382,1,1649.92,24013.36,0.413187,1.1854889385495726e-06,0.567206,265.2,0.2413,263.5,0.7
1383,1,1650.63,24005.21,0.38209,1.1854828694033138e-06,0.650793,240.2,0.2664,262.1,0.7
1384,1,1651.3,23996.3,0.479267,1.185476792536841e-06,0.755252,267.6,0.2392,262.1,0.7
1385,1,1651.99,23987.8,0.434964,1.1854707079502918e-06,0.703184,268.3,0.2385,262.2,0.7
1386,1,1652.68,23979.33,0.382279,1.1854646156438037e-06,0.828459,265.9,0.2407,262.4,0.7
1387,1,1653.37,23970.86,0.430752,1.1854585156175142e-06,0.688338,265.4,0.2411,262.5,0.7
1388,1,1654.06,23962.41,0.437529,1.1854524078715615e-06,0.615867,267.3,0.2395,262.5,0.7
1389,1,1654.75,23953.98,0.420694,1.1854462924060836e-06,0.887552,264.0,0.2424,262.4,0.7
1390,1,1655.44,23945.52,0.43436,1.1854401692212186e-06,0.778782,266.4,0.2402,262.5,0.7
1391,1,1656.13,23937.11,0.488014,1.185434038317105e-06,0.708992,264.3,0.2422,262.5,0.7
1392,1,1656.82,23928.67,0.395768,1.1854278996938811e-06,0.845573,268.1,0.2387,262.6,0.7
1393,1,1657.51,23920.26,0.453315,1.1854217533516861e-06,0.711788,266.0,0.2406,262.7,0.7
1394,1,1658.2,23911.89,0.442956,1.1854155992906586e-06,0.640796,266.3,0.2403,262.7,0.7
1395,1,1658.9,23903.58,0.450438,1.1854094375109378e-06,0.708288,263.0,0.2434,262.6,0.7
1396,1,1659.59,23895.19,0.416537,1.185403268012663e-06,0.75808,266.5,0.2401,262.8,0.7
1397,1,1660.28,23886.84,0.424796,1.1853970907959737e-06,0.579515,266.9,0.2398,262.9,0.7
1398,1,1660.97,23878.48,0.442647,1.1853909058610095e-06,0.569754,266.2,0.2404,262.9,0.7
1399,1,1661.65,23870.09,0.460259,1.1853847132079102e-06,0.777716,269.9,0.2371,263.1,0.7
1400,1,1662.34,23861.76,0.379399,1.1853785128368157e-06,0.649677,268.1,0.2387,263.3,0.7
1401,1,1700.31,24388.13,0.440833,1.1853723047478662e-06,0.685837,239.5,0.2672,261.6,0.7
1402,1,1700.98,24379.15,0.421153,1.185366088941202e-06,0.61306,267.9,0.2389,261.8,0.7
1403,1,1701.67,24370.4,0.421203,1.1853598654169635e-06,0.670902,267.9,0.2389,263.3,0.7
1404,1,1702.35,24361.61,0.423308,1.1853536341752916e-06,0.657761,268.3,0.2385,263.4,0.6
1405,1,1703.04,24352.85,0.429669,1.1853473952163271e-06,0.767021,269.9,0.2371,263.6,0.6
1406,1,1703.73,24344.15,0.440879,1.1853411485402108e-06,0.902647,268.5,0.2384,263.8,0.6
1407,1,1704.42,24335.51,0.438891,1.1853348941470842e-06,0.655297,267.3,0.2395,263.9,0.6
1408,1,1705.11,24326.85,0.426974,1.1853286320370884e-06,0.711424,265.5,0.2411,263.8,0.6
1409,1,1705.8,24318.23,0.42865,1.1853223622103652e-06,0.56559,262.5,0.2438,263.8,0.5
1410,1,1706.49,24309.59,0.44774,1.185316084667056e-06,0.711936,265.6,0.2409,263.8,0.5
1411,1,1707.18,24300.96,0.413638,1.185309799407303e-06,0.629791,266.7,0.2399,264.0,0.5
1412,1,1707.87,24292.38,0.418665,1.185303506431248e-06,0.702366,264.9,0.2416,263.9,0.5
1413,1,1708.56,24283.81,0.410476,1.1852972057390335e-06,0.818875,264.8,0.2417,263.9,0.5
1414,1,1709.25,24275.27,0.438003,1.185290897330802e-06,0.584759,263.2,0.2432,263.6,0.5
1415,1,1709.94,24266.68,0.479049,1.1852845812066957e-06,0.931797,266.7,0.24,263.8,0.5
1416,1,1710.63,24258.12,0.429942,1.1852782573668577e-06,0.546635,266.5,0.2402,263.8,0.5
1417,1,1711.32,24249.58,0.440273,1.1852719258114307e-06,0.663406,266.0,0.2406,263.8,0.5
1418,1,1712.02,24241.21,0.464358,1.185265586540558e-06,0.829174,254.4,0.2516,263.2,0.5
1419,1,1712.71,24232.58,0.389234,1.1852592395543826e-06,0.815657,268.2,0.2386,263.2,0.5
1420,1,1713.4,24224.1,0.441163,1.1852528848530482e-06,0.801818,270.5,0.2366,263.1,0.5
1421,1,1714.12,24215.95,0.42216,1.1852465224366987e-06,0.584328,265.9,0.2407,264.5,0.5
1422,1,1714.81,24207.46,0.451091,1.1852401523054774e-06,0.868798,265.7,0.2408,264.3,0.6
1423,1,1715.5,24198.97,0.454185,1.1852337744595285e-06,0.820503,267.0,0.2397,264.3,0.6
1424,1,1716.19,24190.53,0.427916,1.1852273888989962e-06,0.521789,266.1,0.2405,264.1,0.6
1425,1,1716.88,24182.07,0.432326,1.1852209956240248e-06,0.635871,267.1,0.2396,263.9,0.6
1426,1,1717.57,24173.69,0.411061,1.1852145946347588e-06,0.800643,262.9,0.2434,263.6,0.6
1427,1,1718.26,24165.21,0.411415,1.1852081859313428e-06,0.587296,267.1,0.2396,263.6,0.7
1428,1,1718.95,24156.77,0.478781,1.185201769513922e-06,0.797552,267.1,0.2396,263.7,0.6
1429,1,1719.64,24148.38,0.423458,1.185195345382641e-06,0.728928,265.8,0.2408,263.9,0.6
1430,1,1720.33,24139.98,0.42477,1.1851889135376453e-06,0.60189,266.0,0.2406,263.8,0.7
1431,1,1721.03,24131.77,0.456057,1.1851824739790802e-06,0.611838,267.2,0.2395,263.7,0.7
1432,1,1721.73,24123.39,0.444179,1.1851760267070914e-06,0.754563,266.5,0.2402,263.8,0.7
1433,1,1722.42,24115.02,0.418587,1.1851695717218245e-06,0.56697,266.8,0.2398,263.9,0.7
1434,1,1723.11,24106.66,0.476183,1.1851631090234251e-06,0.726213,265.4,0.2411,264.1,0.7
1435,1,1723.8,24098.34,0.400433,1.1851566386120397e-06,0.507537,262.0,0.2443,263.9,0.7
1436,1,1724.49,24090.0,0.412978,1.1851501604878145e-06,1.090444,263.2,0.2432,263.7,0.7
1437,1,1725.18,24081.65,0.460347,1.1851436746508958e-06,1.126506,266.8,0.2399,263.7,0.7
1438,1,1725.87,24073.37,0.440145,1.18513718110143e-06,0.955692,264.5,0.242,264.3,0.7
1439,1,1726.56,24065.05,0.456283,1.1851306798395643e-06,0.74725,266.1,0.2405,264.2,0.7
1440,1,1727.25,24056.78,0.427884,1.1851241708654454e-06,0.596695,263.7,0.2427,264.0,0.6
1441,1,1727.96,24048.79,0.445585,1.1851176541792205e-06,0.580474,267.5,0.2392,264.1,0.6
1442,1,1728.65,24040.51,0.384714,1.1851111297810367e-06,0.493675,267.5,0.2393,264.2,0.6
1443,1,1729.34,24032.25,0.438107,1.1851045976710419e-06,1.043564,267.1,0.2396,264.2,0.6
1444,1,1730.04,24024.04,0.428887,1.1850980578493834e-06,0.561272,262.5,0.2438,264.1,0.6
1445,1,1730.73,24015.77,0.42191,1.185091510316209e-06,0.543726,265.6,0.2409,263.9,0.6
1446,1,1731.42,24007.56,0.387169,1.185084955071667e-06,0.612912,265.1,0.2415,264.0,0.6
1447,1,1732.11,23999.35,0.397054,1.1850783921159053e-06,0.616737,265.6,0.241,263.9,0.6
1448,1,1732.8,23991.15,0.471826,1.1850718214490724e-06,0.67877,264.7,0.2418,263.7,0.7
1449,1,1733.49,23982.92,0.418813,1.1850652430713167e-06,0.758097,267.0,0.2397,263.7,0.7
1450,1,1734.18,23974.76,0.448713,1.1850586569827872e-06,0.698025,265.2,0.2413,263.7,0.7
1451,1,1734.87,23966.58,0.398854,1.1850520631836322e-06,0.609064,265.9,0.2407,263.7,0.6
1452,1,1735.56,23958.41,0.455451,1.1850454616740012e-06,0.713015,265.0,0.2415,263.6,0.7
1453,1,1736.26,23950.29,0.375053,1.1850388524540431e-06,0.562753,263.5,0.2429,263.4,0.7
1454,1,1736.95,23942.18,0.45215,1.1850322355239075e-06,0.697364,261.8,0.2444,263.2,0.7
1455,1,1737.64,23933.99,0.443938,1.185025610883744e-06,0.79621,266.4,0.2403,263.4,0.7
1456,1,1738.33,23925.87,0.44716,1.1850189785337024e-06,0.728882,264.5,0.242,263.5,0.7
1457,1,1739.02,23917.75,0.516744,1.1850123384739325e-06,0.886849,265.8,0.2408,263.5,0.7
1458,1,1739.71,23909.67,0.428298,1.1850056907045842e-06,0.762282,266.5,0.2401,263.6,0.7
1459,1,1740.4,23901.62,0.409019,1.184999035225808e-06,0.758612,263.3,0.2431,263.4,0.7
1460,1,1741.09,23893.52,0.382712,1.1849923720377543e-06,0.652789,266.2,0.2404,263.5,0.7
1461,1,1741.83,23886.02,0.436864,1.1849857011405738e-06,0.770148,244.5,0.2618,262.3,0.7
1462,1,1742.5,23877.76,0.421733,1.184979022534417e-06,0.640462,264.0,0.2424,262.1,0.7
1463,1,1743.19,23869.69,0.390624,1.184972336219435e-06,0.607664,265.9,0.2407,262.1,0.7
1464,1,1743.88,23861.67,0.433874,1.1849656421957791e-06,0.993027,266.0,0.2406,262.2,0.7
1465,1,1744.6,23854.05,0.48025,1.1849589404636004e-06,0.658065,237.1,0.2699,260.7,0.7
1466,1,1745.27,23845.64,0.396628,1.1849522310230504e-06,0.532751,264.9,0.2416,260.7,0.7
1467,1,1745.96,23837.6,0.434976,1.1849455138742808e-06,0.575685,266.1,0.2405,260.7,0.7
1468,1,1746.65,23829.6,0.425531,1.1849387890174437e-06,0.477813,266.3,0.2403,260.8,0.7
1469,1,1747.34,23821.64,0.453279,1.1849320564526905e-06,0.673226,264.4,0.242,260.6,0.7
1470,1,1748.03,23813.66,0.438474,1.1849253161801739e-06,0.89892,266.2,0.2404,260.7,0.7
1471,1,1748.72,23805.69,0.473304,1.184918568200046e-06,0.908488,266.4,0.2403,260.7,0.7
1472,1,1749.42,23797.79,0.448923,1.1849118125124595e-06,0.568654,259.9,0.2462,260.4,0.7
1473,1,1750.11,23789.82,0.464818,1.184905049117567e-06,0.593986,265.4,0.2411,260.5,0.7
1474,1,1750.8,23781.91,0.480265,1.1848982780155212e-06,0.765681,265.0,0.2415,260.7,0.7
1475,1,1751.52,23774.4,0.462083,1.1848914992064753e-06,0.771934,233.8,0.2738,258.9,0.7
1476,1,1752.18,23766.0,0.448815,1.1848847126905829e-06,1.12209,267.3,0.2395,259.0,0.7
1477,1,1752.87,23758.12,0.435164,1.1848779184679967e-06,0.819823,264.4,0.242,259.0,0.7
1478,1,1753.56,23750.2,0.439951,1.1848711165388706e-06,0.951595,267.0,0.2397,259.0,0.7
1479,1,1754.25,23742.33,0.425681,1.1848643069033587e-06,0.601488,265.3,0.2412,259.1,0.7
1480,1,1754.96,23734.63,0.469213,1.1848574895616143e-06,0.765642,252.1,0.2539,258.4,0.7
1481,1,1755.66,23726.95,0.447747,1.1848506645137918e-06,0.734071,268.2,0.2386,259.6,0.7
1482,1,1756.35,23719.06,0.402509,1.1848438317600456e-06,0.568908,267.1,0.2396,259.8,0.7
1483,1,1757.05,23711.24,0.434583,1.18483699130053e-06,0.600869,265.7,0.2408,259.8,0.7
1484,1,1757.73,23703.35,0.458218,1.1848301431353993e-06,0.935545,269.5,0.2374,259.9,0.7
1485,1,1758.43,23695.58,0.383388,1.1848232872648091e-06,0.57304,264.9,0.2416,261.4,0.7
1486,1,1759.12,23687.73,0.411547,1.1848164236889135e-06,0.602182,267.3,0.2394,261.5,0.7
1487,1,1759.81,23679.94,0.503328,1.1848095524078682e-06,0.670545,267.0,0.2397,261.5,0.7
1488,1,1760.51,23672.21,0.408699,1.1848026734218283e-06,0.705985,260.6,0.2455,261.2,0.7
1489,1,1761.22,23664.76,0.422744,1.1847957867309494e-06,0.749,236.4,0.2708,259.7,0.7
1490,1,1761.88,23656.55,0.441739,1.184788892335387e-06,0.657812,267.3,0.2394,259.8,0.7
1491,1,1762.58,23648.79,0.515229,1.1847819902352968e-06,0.791759,266.2,0.2404,259.8,0.7
1492,1,1763.27,23641.06,0.45241,1.1847750804308351e-06,0.746223,265.6,0.241,260.0,0.7
1493,1,1763.96,23633.29,0.38618,1.1847681629221582e-06,0.543497,265.9,0.2407,260.1,0.7
1494,1,1764.65,23625.56,0.47386,1.184761237709422e-06,0.8214,267.0,0.2397,260.2,0.7
1495,1,1765.35,23617.87,0.439793,1.1847543047927836e-06,0.915791,262.7,0.2436,261.8,0.7
1496,1,1766.04,23610.15,0.437271,1.1847473641723993e-06,0.855505,265.8,0.2408,261.7,0.7
1497,1,1766.73,23602.43,0.509049,1.184740415848426e-06,0.796345,266.3,0.2404,261.7,0.7
1498,1,1767.43,23594.79,0.445155,1.1847334598210208e-06,0.692632,262.5,0.2438,261.6,0.7
1499,1,1768.12,23587.08,0.406816,1.184726496090341e-06,0.708774,264.7,0.2418,261.5,0.7
1500,1,1768.81,23579.39,0.452901,1.184719524656544e-06,0.590686,265.3,0.2412,262.2,0.7
1501,1,1769.52,23571.99,0.42022,1.1847125455197874e-06,0.781124,269.1,0.2378,262.3,0.7
1502,1,1770.21,23564.36,0.388762,1.1847055586802288e-06,0.599096,263.7,0.2427,262.1,0.7
1503,1,1770.91,23556.72,0.440737,1.1846985641380263e-06,0.879847,264.5,0.242,262.1,0.7
1504,1,1771.6,23549.06,0.411142,1.184691561893338e-06,0.689551,265.7,0.2408,261.9,0.7
1505,1,1772.29,23541.42,0.421352,1.184684551946322e-06,0.669905,263.6,0.2428,261.9,0.7
1506,1,1772.98,23533.76,0.422771,1.184677534297137e-06,0.80879,267.8,0.239,261.9,0.7
1507,1,1773.67,23526.12,0.385326,1.1846705089459414e-06,0.593055,267.4,0.2394,262.0,0.7
1508,1,1774.36,23518.52,0.472108,1.1846634758928943e-06,0.549576,265.8,0.2408,262.2,0.7
1509,1,1775.05,23510.93,0.435298,1.1846564351381544e-06,0.837287,265.9,0.2407,263.9,0.7
1510,1,1775.74,23503.31,0.428751,1.1846493866818809e-06,0.445807,266.7,0.24,263.8,0.7
1511,1,1776.44,23495.74,0.42029,1.1846423305242328e-06,1.025492,264.4,0.2421,263.7,0.7
1512,1,1777.13,23488.19,0.458257,1.18463526666537e-06,0.821162,264.5,0.2419,263.7,0.7
1513,1,1777.82,23480.68,0.482835,1.1846281951054522e-06,0.908308,265.4,0.2411,263.6,0.7
1514,1,1778.52,23473.12,0.473135,1.184621115844639e-06,0.780953,264.3,0.2422,263.5,0.7
1515,1,1779.21,23465.62,0.444461,1.1846140288830904e-06,0.743936,260.9,0.2453,263.4,0.7
1516,1,1779.91,23458.13,0.383642,1.1846069342209668e-06,0.746813,258.3,0.2478,263.0,0.7
1517,1,1780.59,23450.5,0.395908,1.1845998318584285e-06,0.577522,267.1,0.2396,263.0,0.7
1518,1,1781.29,23443.13,0.422989,1.184592721795636e-06,0.789165,254.8,0.2512,262.6,0.7
1519,1,1781.98,23435.51,0.394888,1.1845856040327502e-06,0.721646,264.1,0.2424,262.6,0.7
1520,1,1782.67,23427.98,0.42414,1.1845784785699318e-06,0.764972,267.2,0.2395,262.7,0.7
1521,1,1783.39,23420.87,0.486391,1.1845713454073417e-06,0.734494,266.2,0.2404,262.5,0.7
1522,1,1784.11,23413.77,0.389198,1.1845642045451415e-06,0.678774,235.5,0.2717,261.0,0.7
1523,1,1784.77,23405.88,0.426102,1.1845570559834923e-06,0.633096,265.7,0.2409,261.0,0.7
1524,1,1785.46,23398.39,0.475528,1.1845498997225559e-06,0.730194,265.0,0.2415,261.0,0.7
1525,1,1786.15,23390.95,0.411489,1.184542735762494e-06,0.718726,265.0,0.2415,261.1,0.7
1526,1,1786.86,23383.78,0.484184,1.1845355641034684e-06,0.809721,244.4,0.2619,259.8,0.7
1527,1,1787.54,23376.1,0.456928,1.184528384745641e-06,0.723821,266.4,0.2403,259.8,0.7
1528,1,1788.23,23368.67,0.47884,1.1845211976891748e-06,0.776497,265.9,0.2407,259.7,0.7
1529,1,1788.92,23361.26,0.459551,1.1845140029342316e-06,0.664003,263.9,0.2425,259.7,0.7
1530,1,1789.61,23353.84,0.394225,1.1845068004809745e-06,0.682678,266.1,0.2405,259.6,0.7
1531,1,1790.33,23346.79,0.449296,1.1844995903295657e-06,0.744215,238.6,0.2682,258.3,0.7
1532,1,1791.0,23339.05,0.403461,1.1844923724801687e-06,0.756019,265.2,0.2413,258.3,0.7
1533,1,1791.69,23331.69,0.400194,1.1844851469329462e-06,0.595206,264.1,0.2424,258.3,0.7
1534,1,1792.38,23324.3,0.433861,1.1844779136880619e-06,0.792459,267.2,0.2395,258.5,0.7
1535,1,1793.07,23316.98,0.418332,1.1844706727456793e-06,0.588706,263.4,0.243,258.6,0.7
1536,1,1793.78,23309.76,0.440524,1.1844634241059618e-06,1.000626,264.3,0.2422,258.9,0.7
1537,1,1794.47,23302.4,0.437213,1.1844561677690735e-06,0.641082,264.9,0.2416,258.8,0.7
1538,1,1795.16,23295.09,0.418835,1.1844489037351783e-06,0.721446,263.8,0.2426,259.2,0.7
1539,1,1795.86,23287.78,0.450917,1.1844416320044404e-06,0.628365,263.9,0.2425,259.1,0.7
1540,1,1796.55,23280.5,0.407924,1.1844343525770242e-06,0.698893,262.0,0.2443,258.9,0.7
1541,1,1797.27,23273.59,0.458903,1.1844270654530943e-06,0.793452,266.8,0.2398,258.9,0.7
1542,1,1797.97,23266.29,0.399319,1.1844197706328153e-06,0.554681,264.7,0.2418,260.5,0.7
1543,1,1798.66,23258.97,0.398237,1.1844124681163522e-06,0.54686,266.9,0.2398,260.6,0.7
1544,1,1799.35,23251.69,0.427174,1.1844051579038697e-06,0.711251,265.3,0.2413,260.6,0.7
1545,1,1800.04,23244.41,0.432675,1.1843978399955334e-06,0.771218,265.4,0.2411,260.6,0.7
1546,1,1800.73,23237.13,0.409186,1.1843905143915085e-06,0.669347,267.0,0.2397,261.8,0.7
1547,1,1801.43,23229.89,0.438681,1.1843831810919608e-06,0.73074,264.7,0.2418,261.7,0.7
1548,1,1802.12,23222.65,0.436717,1.184375840097056e-06,0.692895,265.1,0.2414,261.7,0.7
1549,1,1802.81,23215.42,0.4403,1.1843684914069601e-06,0.650379,264.4,0.242,261.8,0.7
1550,1,1803.5,23208.17,0.428388,1.1843611350218392e-06,0.492667,265.8,0.2408,261.8,0.7
1551,1,1804.2,23200.97,0.467217,1.1843537709418594e-06,0.799952,263.3,0.243,263.1,0.7
1552,1,1804.89,23193.78,0.450671,1.184346399167187e-06,0.886237,262.2,0.2441,262.9,0.7
1553,1,1805.58,23186.55,0.457486,1.184339019697989e-06,0.68364,264.7,0.2418,262.9,0.7
1554,1,1806.27,23179.35,0.429384,1.1843316325344318e-06,1.016137,266.5,0.2401,262.8,0.7
1555,1,1806.97,23172.21,0.403876,1.1843242376766827e-06,0.792294,261.0,0.2452,262.7,0.7
1556,1,1807.66,23164.98,0.420888,1.184316835124909e-06,0.765431,266.1,0.2405,262.9,0.7
1557,1,1808.35,23157.8,0.402444,1.1843094248792777e-06,0.844238,265.1,0.2414,262.9,0.7
1558,1,1809.04,23150.65,0.433794,1.1843020069399564e-06,0.552079,263.3,0.2431,262.9,0.7
1559,1,1809.73,23143.48,0.432104,1.1842945813071127e-06,0.621023,265.0,0.2415,262.9,0.7
1560,1,1810.43,23136.33,0.3976,1.1842871479809144e-06,0.675383,266.5,0.2401,263.2,0.7
1561,1,1811.14,23129.47,0.444312,1.1842797069615299e-06,0.603297,268.6,0.2383,263.3,0.7
1562,1,1811.84,23122.36,0.384466,1.184272258249127e-06,0.567619,262.5,0.2438,263.2,0.7
1563,1,1812.53,23115.22,0.418933,1.1842648018438743e-06,0.692881,264.1,0.2423,263.0,0.7
1564,1,1813.22,23108.13,0.472388,1.1842573377459404e-06,0.711222,263.7,0.2427,262.9,0.7
1565,1,1813.91,23101.04,0.380193,1.1842498659554936e-06,0.597445,265.8,0.2408,262.9,0.7
1566,1,1814.61,23093.92,0.404716,1.184242386472703e-06,0.508202,264.7,0.2418,262.8,0.7
1567,1,1815.3,23086.82,0.461125,1.184234899297738e-06,0.836325,266.5,0.2401,262.9,0.7
1568,1,1815.99,23079.73,0.461773,1.184227404430767e-06,0.684447,266.2,0.2404,263.0,0.7
1569,1,1816.68,23072.66,0.428227,1.1842199018719604e-06,0.701577,266.6,0.2401,263.1,0.7
1570,1,1817.38,23065.65,0.386258,1.1842123916214871e-06,0.809477,261.1,0.2451,262.9,0.7
1571,1,1818.07,23058.55,0.408335,1.1842048736795172e-06,0.76223,266.2,0.2404,263.0,0.7
1572,1,1818.76,23051.5,0.47566,1.1841973480462204e-06,0.731028,265.5,0.2411,263.2,0.7
1573,1,1819.45,23044.45,0.439676,1.1841898147217669e-06,0.930038,265.7,0.2408,263.3,0.6
1574,1,1820.15,23037.48,0.422202,1.184182273706327e-06,0.648762,262.9,0.2435,263.2,0.6
1575,1,1820.84,23030.46,0.423501,1.1841747250000713e-06,0.60142,265.6,0.241,263.4,0.6
1576,1,1821.53,23023.45,0.412611,1.1841671686031702e-06,0.56197,265.5,0.241,263.4,0.6
1577,1,1822.23,23016.45,0.466481,1.1841596045157944e-06,0.670452,264.7,0.2418,263.4,0.6
1578,1,1822.92,23009.48,0.473629,1.1841520327381152e-06,0.846201,263.0,0.2434,263.4,0.6
1579,1,1823.61,23002.47,0.449478,1.1841444532703035e-06,0.86917,264.4,0.242,263.4,0.6
1580,1,1824.3,22995.47,0.414257,1.1841368661125308e-06,0.834688,264.7,0.2417,263.3,0.6
1581,1,1825.02,22988.81,0.392705,1.1841292712649686e-06,0.716207,264.7,0.2418,263.1,0.6
1582,1,1825.74,22982.2,0.379785,1.1841216687277883e-06,0.621643,236.3,0.2708,261.6,0.6
1583,1,1826.4,22974.84,0.459309,1.184114058501162e-06,0.562153,266.7,0.24,261.7,0.6
1584,1,1827.1,22967.92,0.448597,1.1841064405852617e-06,0.646927,263.7,0.2427,261.7,0.6
1585,1,1827.79,22960.97,0.442338,1.1840988149802595e-06,0.612131,264.5,0.2419,261.7,0.6
1586,1,1828.48,22954.02,0.448542,1.1840911816863278e-06,0.478455,264.1,0.2423,261.7,0.6
1587,1,1829.18,22947.1,0.457013,1.1840835407036392e-06,0.731926,263.6,0.2428,261.5,0.6
1588,1,1829.87,22940.16,0.469286,1.1840758920323662e-06,0.666295,265.7,0.2408,261.5,0.6
1589,1,1830.56,22933.25,0.421751,1.184068235672682e-06,0.517922,266.7,0.24,261.5,0.6
1590,1,1831.25,22926.36,0.376474,1.1840605716247593e-06,0.757,263.7,0.2427,261.6,0.6
1591,1,1831.94,22919.45,0.421497,1.1840528998887715e-06,0.664758,264.2,0.2422,261.5,0.6
1592,1,1832.64,22912.56,0.480866,1.184045220464892e-06,0.798984,264.1,0.2424,261.4,0.6
1593,1,1833.33,22905.73,0.421501,1.1840375333532946e-06,0.662333,263.9,0.2425,261.2,0.7
1594,1,1834.03,22898.85,0.39227,1.1840298385541527e-06,0.57712,262.9,0.2434,261.3,0.7
1595,1,1834.75,22892.39,0.462934,1.1840221360676405e-06,0.790065,232.7,0.2751,259.5,0.6
1596,1,1835.41,22885.14,0.392159,1.184014425893932e-06,0.589313,263.0,0.2433,259.3,0.7
1597,1,1836.1,22878.3,0.47206,1.1840067080332014e-06,0.613883,264.7,0.2418,259.3,0.7
1598,1,1836.8,22871.51,0.428349,1.1839989824856234e-06,0.604979,260.9,0.2453,259.2,0.6
1599,1,1837.49,22864.61,0.443885,1.1839912492513722e-06,0.64409,267.0,0.2397,259.3,0.7
1600,1,1838.18,22857.8,0.438063,1.1839835083306231e-06,0.724071,263.5,0.2429,259.2,0.7
1601,1,1986.47,24685.09,0.416086,1.1839757597235506e-06,0.505187,239.1,0.2677,257.8,0.7
1602,1,1987.14,24676.77,0.407358,1.18396800343033e-06,0.723186,267.9,0.2389,259.6,0.7
1603,1,1987.83,24668.73,0.481284,1.1839602394511368e-06,0.658168,262.8,0.2435,259.4,0.7
1604,1,1988.52,24660.64,0.421773,1.1839524677861464e-06,0.724006,268.9,0.238,259.6,0.7
1605,1,1989.22,24652.64,0.422568,1.1839446884355343e-06,0.985264,265.0,0.2415,259.6,0.7
1606,1,1989.91,24644.67,0.492177,1.1839369013994765e-06,0.654608,261.7,0.2445,259.5,0.7
1607,1,1990.6,24636.63,0.430201,1.1839291066781491e-06,0.685979,264.8,0.2417,259.5,0.7
1608,1,1991.29,24628.62,0.448224,1.1839213042717282e-06,0.626492,264.7,0.2418,259.5,0.7
1609,1,1991.98,24620.62,0.467831,1.1839134941803899e-06,0.985686,265.9,0.2407,259.5,0.7
1610,1,1992.68,24612.65,0.481786,1.1839056764043113e-06,0.722286,265.8,0.2407,259.7,0.6
1611,1,1993.37,24604.69,0.443641,1.1838978509436686e-06,0.865634,265.4,0.2412,259.8,0.6
1612,1,1994.07,24596.78,0.384595,1.1838900177986389e-06,0.724232,263.4,0.243,259.7,0.6
1613,1,1994.76,24588.82,0.45697,1.183882176969399e-06,0.627107,263.9,0.2425,259.8,0.6
1614,1,1995.45,24580.85,0.435316,1.1838743284561267e-06,0.584412,265.6,0.241,259.9,0.6
1615,1,1996.14,24572.93,0.416441,1.183866472258999e-06,0.720028,265.8,0.2408,261.8,0.6
1616,1,1996.83,24565.0,0.396027,1.1838586083781934e-06,0.850945,266.3,0.2403,262.0,0.6
1617,1,1997.53,24557.11,0.43934,1.183850736813888e-06,0.590862,262.7,0.2436,262.0,0.6
1618,1,1998.22,24549.22,0.44428,1.18384285756626e-06,0.77282,263.9,0.2425,262.1,0.5
1619,1,1998.92,24541.36,0.456024,1.1838349706354884e-06,0.731862,263.0,0.2434,262.0,0.5
1620,1,1999.61,24533.48,0.426827,1.183827076021751e-06,0.616392,264.6,0.2418,262.1,0.5
1621,1,2000.33,24525.9,0.410409,1.1838191737252262e-06,0.578425,264.1,0.2423,263.6,0.5
1622,1,2001.02,24518.05,0.469039,1.1838112637460928e-06,0.854954,264.6,0.2418,263.4,0.5
1623,1,2001.72,24510.23,0.426479,1.1838033460845297e-06,0.602916,262.7,0.2436,263.5,0.4
1624,1,2002.41,24502.39,0.452296,1.1837954207407154e-06,0.590997,265.8,0.2408,263.4,0.4
1625,1,2003.1,24494.57,0.432506,1.1837874877148296e-06,0.523212,263.2,0.2432,263.4,0.4
1626,1,2003.8,24486.74,0.459111,1.1837795470070512e-06,0.712283,265.8,0.2407,263.6,0.4
1627,1,2004.49,24478.97,0.387555,1.18377159861756e-06,0.809681,262.2,0.2441,263.6,0.3
1628,1,2005.19,24471.17,0.437765,1.1837636425465353e-06,0.839676,269.0,0.238,263.8,0.3
1629,1,2005.88,24463.41,0.392755,1.1837556787941573e-06,0.78272,265.0,0.2415,263.7,0.4
1630,1,2006.58,24455.62,0.475144,1.1837477073606058e-06,0.897262,265.8,0.2408,263.7,0.4
1631,1,2007.27,24447.85,0.454319,1.1837397282460609e-06,0.815337,265.1,0.2414,263.6,0.4
1632,1,2007.96,24440.08,0.430056,1.1837317414507029e-06,1.224274,263.4,0.243,263.7,0.4
1633,1,2008.66,24432.31,0.448698,1.1837237469747127e-06,0.74137,265.3,0.2413,263.8,0.4
1634,1,2009.35,24424.55,0.392799,1.1837157448182708e-06,0.614388,264.3,0.2421,263.7,0.4
1635,1,2010.05,24416.87,0.438154,1.183707734981558e-06,0.516492,260.2,0.2459,263.4,0.4
1636,1,2010.74,24409.1,0.425174,1.1836997174647555e-06,0.727194,265.2,0.2413,263.2,0.4
1637,1,2011.43,24401.36,0.442738,1.1836916922680446e-06,0.595048,266.8,0.2399,263.4,0.4
1638,1,2012.13,24393.64,0.473822,1.1836836593916063e-06,0.774846,265.8,0.2408,263.4,0.4
1639,1,2012.82,24385.93,0.428379,1.1836756188356226e-06,0.549287,264.7,0.2418,263.5,0.5
1640,1,2013.51,24378.2,0.431248,1.183667570600275e-06,0.941156,265.8,0.2408,263.5,0.5
1641,1,2014.23,24370.79,0.420315,1.1836595146857455e-06,0.772472,267.8,0.239,263.6,0.5
1642,1,2014.92,24363.08,0.484425,1.183651451092216e-06,0.996473,267.8,0.239,263.7,0.5
1643,1,2015.65,24355.87,0.426475,1.183643379819869e-06,0.72104,230.5,0.2776,261.7,0.6
1644,1,2016.31,24347.75,0.465508,1.183635300868887e-06,0.625112,266.6,0.2401,261.8,0.6
1645,1,2017.0,24340.1,0.452591,1.1836272142394522e-06,0.722881,264.9,0.2416,261.8,0.6
1646,1,2017.69,24332.4,0.403233,1.1836191199317477e-06,0.628368,266.4,0.2403,261.8,0.6
1647,1,2018.38,24324.7,0.451189,1.1836110179459567e-06,0.6479,268.3,0.2386,262.1,0.6
1648,1,2019.07,24317.05,0.395776,1.1836029082822618e-06,0.860858,266.8,0.2399,261.9,0.6
1649,1,2019.76,24309.42,0.43397,1.1835947909408466e-06,0.695074,265.6,0.241,261.9,0.6
1650,1,2020.46,24301.79,0.448923,1.1835866659218948e-06,0.623881,265.7,0.2409,261.9,0.7
1651,1,2021.15,24294.15,0.376721,1.1835785332255898e-06,0.608032,265.8,0.2407,261.9,0.7
1652,1,2021.84,24286.53,0.435271,1.1835703928521153e-06,0.654149,265.9,0.2407,262.0,0.7
1653,1,2022.53,24278.94,0.434054,1.1835622448016555e-06,0.706943,264.5,0.242,261.9,0.7
1654,1,2023.25,24271.61,0.500306,1.1835540890743943e-06,0.734555,241.5,0.265,260.7,0.7
1655,1,2023.91,24263.7,0.467945,1.1835459256705162e-06,0.522911,267.6,0.2392,261.0,0.7
1656,1,2024.6,24256.12,0.529745,1.183537754590206e-06,0.941859,266.7,0.24,261.1,0.7
1657,1,2025.29,24248.52,0.435587,1.1835295758336481e-06,0.666105,268.7,0.2382,261.2,0.7
1658,1,2025.98,24240.94,0.422814,1.1835213894010275e-06,0.536839,266.9,0.2398,261.3,0.7
1659,1,2026.68,24233.44,0.513588,1.183513195292529e-06,0.933911,263.1,0.2433,261.2,0.7
1660,1,2027.37,24225.89,0.406995,1.183504993508338e-06,0.624011,264.3,0.2421,261.1,0.7
1661,1,2028.08,24218.55,0.450954,1.18349678404864e-06,0.859476,270.6,0.2365,261.3,0.7
1662,1,2028.78,24211.05,0.462207,1.1834885669136203e-06,0.67152,263.9,0.2426,261.1,0.7
1663,1,2029.47,24203.55,0.454805,1.1834803421034649e-06,0.767564,264.7,0.2418,263.0,0.7
1664,1,2030.16,24196.03,0.402834,1.1834721096183594e-06,0.597465,265.9,0.2407,262.9,0.7
1665,1,2030.86,24188.53,0.407146,1.1834638694584901e-06,0.753018,263.7,0.2427,262.9,0.7
1666,1,2031.57,24181.34,0.456854,1.183455621624043e-06,0.771249,237.5,0.2694,261.3,0.7
1667,1,2032.24,24173.51,0.408488,1.183447366115205e-06,0.631007,263.7,0.2427,261.1,0.7
1668,1,2032.93,24166.03,0.387259,1.1834391029321624e-06,0.595178,263.0,0.2433,260.9,0.7
1669,1,2033.62,24158.53,0.460408,1.1834308320751022e-06,0.79413,264.3,0.2422,260.8,0.7
1670,1,2034.31,24151.04,0.426781,1.183422553544211e-06,0.676846,266.6,0.24,260.9,0.7
1671,1,2035.0,24143.59,0.423241,1.183414267339676e-06,0.585629,264.7,0.2417,260.8,0.7
1672,1,2035.7,24136.16,0.487032,1.1834059734616846e-06,0.997262,263.7,0.2427,260.7,0.7
1673,1,2036.39,24128.68,0.399047,1.1833976719104244e-06,0.653338,266.5,0.2402,260.9,0.7
1674,1,2037.08,24121.23,0.435878,1.1833893626860826e-06,1.162718,265.7,0.2409,262.1,0.7
1675,1,2037.77,24113.79,0.462417,1.1833810457888476e-06,0.558176,265.6,0.241,262.0,0.7
1676,1,2038.46,24106.39,0.455674,1.183372721218907e-06,0.789304,264.8,0.2416,261.9,0.7
1677,1,2039.15,24098.97,0.402989,1.183364388976449e-06,0.549692,266.8,0.2398,261.8,0.7
1678,1,2039.84,24091.54,0.417941,1.183356049061662e-06,0.810308,267.0,0.2397,261.9,0.7
1679,1,2040.56,24084.45,0.42874,1.1833477014747347e-06,0.746329,240.5,0.2661,260.7,0.7
1680,1,2041.24,24076.87,0.440825,1.1833393462158555e-06,0.87116,264.7,0.2418,260.7,0.7
1681,1,2041.95,24069.7,0.504462,1.1833309832852134e-06,0.633441,268.5,0.2384,260.5,0.7
1682,1,2042.64,24062.34,0.423769,1.1833226126829974e-06,0.60444,264.0,0.2424,260.5,0.7
1683,1,2043.33,24054.95,0.406867,1.1833142344093968e-06,0.503933,265.1,0.2414,260.5,0.7
1684,1,2044.02,24047.57,0.417532,1.1833058484646007e-06,0.725102,265.1,0.2414,260.5,0.7
1685,1,2044.71,24040.19,0.404214,1.183297454848799e-06,0.520968,264.5,0.242,260.6,0.7
1686,1,2045.4,24032.82,0.412362,1.183289053562181e-06,0.565464,267.5,0.2393,262.2,0.7
1687,1,2046.09,24025.45,0.398553,1.183280644604937e-06,0.738383,266.7,0.2399,262.4,0.7
1688,1,2046.78,24018.11,0.481573,1.183272227977257e-06,0.94281,267.8,0.2389,262.6,0.7
1689,1,2047.47,24010.8,0.434691,1.1832638036793309e-06,0.88639,265.9,0.2407,262.7,0.7
1690,1,2048.16,24003.48,0.463495,1.1832553717113495e-06,0.753763,265.7,0.2409,262.7,0.7
1691,1,2048.85,23996.13,0.441717,1.1832469320735031e-06,0.869073,267.7,0.239,262.8,0.7
1692,1,2049.54,23988.85,0.475128,1.1832384847659827e-06,0.623437,264.8,0.2417,262.8,0.7
1693,1,2050.23,23981.56,0.453976,1.1832300297889794e-06,0.715652,264.5,0.242,262.7,0.7
1694,1,2050.92,23974.25,0.444184,1.183221567142684e-06,0.660987,266.2,0.2404,262.8,0.7
1695,1,2051.61,23966.98,0.461053,1.1832130968272878e-06,0.648251,266.2,0.2404,262.8,0.7
1696,1,2052.3,23959.68,0.434668,1.1832046188429824e-06,0.477115,268.4,0.2384,263.1,0.6
1697,1,2052.99,23952.38,0.383815,1.1831961331899592e-06,0.792885,268.0,0.2388,263.1,0.7
1698,1,2053.68,23945.13,0.437269,1.18318763986841e-06,0.610141,264.6,0.2419,262.9,0.7
1699,1,2054.37,23937.83,0.379915,1.1831791388785272e-06,0.514017,267.0,0.2397,264.3,0.7
1700,1,2055.06,23930.59,0.447978,1.1831706302205025e-06,0.620667,266.0,0.2406,264.4,0.7
1701,1,2055.77,23923.6,0.395727,1.1831621138945287e-06,0.6086,267.8,0.2389,264.4,0.7
1702,1,2056.46,23916.37,0.407516,1.1831535899007978e-06,0.606913,265.8,0.2407,264.5,0.7
1703,1,2057.16,23909.16,0.451385,1.1831450582395027e-06,0.686602,264.1,0.2423,264.5,0.6
1704,1,2057.85,23901.92,0.411554,1.1831365189108364e-06,0.804862,265.2,0.2413,264.5,0.6
1705,1,2058.53,23894.7,0.436608,1.1831279719149915e-06,0.556688,264.4,0.2421,264.5,0.6
1706,1,2059.22,23887.48,0.441153,1.1831194172521615e-06,0.65316,266.3,0.2403,264.5,0.6
1707,1,2059.91,23880.25,0.45236,1.1831108549225395e-06,0.62595,269.4,0.2376,264.6,0.6
1708,1,2060.6,23873.07,0.435959,1.1831022849263194e-06,0.650576,267.0,0.2397,264.5,0.6
1709,1,2061.29,23865.89,0.46059,1.1830937072636948e-06,0.860953,265.1,0.2414,264.5,0.7
1710,1,2061.98,23858.66,0.392629,1.1830851219348595e-06,0.655526,267.9,0.2389,264.6,0.6
1711,1,2062.67,23851.47,0.404099,1.1830765289400077e-06,0.545921,268.0,0.2388,264.6,0.6
1712,1,2063.36,23844.31,0.402978,1.1830679282793333e-06,0.637011,266.0,0.2406,264.7,0.6
1713,1,2064.04,23837.12,0.450366,1.1830593199530312e-06,0.57736,266.2,0.2404,264.8,0.6
1714,1,2064.73,23829.95,0.351726,1.1830507039612955e-06,0.528757,266.0,0.2406,264.8,0.6
1715,1,2065.44,23822.97,0.368363,1.1830420803043213e-06,0.523539,250.1,0.2559,263.9,0.6
1716,1,2066.12,23815.74,0.405419,1.1830334489823032e-06,0.495301,266.5,0.2401,263.8,0.7
1717,1,2066.81,23808.62,0.441574,1.1830248099954365e-06,0.852005,266.7,0.24,263.7,0.7
1718,1,2067.5,23801.54,0.433962,1.1830161633439166e-06,0.769227,264.2,0.2423,263.6,0.7
1719,1,2068.19,23794.41,0.457036,1.1830075090279385e-06,0.577412,267.3,0.2394,263.7,0.7
1720,1,2068.88,23787.35,0.394835,1.1829988470476982e-06,0.641536,262.5,0.2438,263.5,0.7
1721,1,2069.59,23780.48,0.416714,1.1829901774033916e-06,0.652001,267.2,0.2395,263.5,0.7
1722,1,2070.28,23773.37,0.396561,1.1829815000952143e-06,0.534292,266.9,0.2398,263.5,0.7
1723,1,2070.97,23766.29,0.420679,1.1829728151233624e-06,0.566702,267.3,0.2395,263.6,0.7
1724,1,2071.67,23759.28,0.455469,1.1829641224880325e-06,0.673616,262.6,0.2437,263.5,0.7
1725,1,2072.36,23752.21,0.448611,1.182955422189421e-06,0.671102,264.4,0.2421,263.5,0.7
1726,1,2073.04,23745.12,0.429772,1.1829467142277246e-06,0.674143,267.4,0.2393,263.6,0.7
1727,1,2073.76,23738.38,0.410486,1.18293799860314e-06,0.770847,241.0,0.2656,262.1,0.7
1728,1,2074.42,23731.03,0.423304,1.1829292753158644e-06,0.791068,267.0,0.2397,262.1,0.7
1729,1,2075.11,23723.97,0.470823,1.1829205443660948e-06,0.724375,268.2,0.2386,262.3,0.7
1730,1,2075.8,23716.95,0.468882,1.1829118057540286e-06,0.659188,267.8,0.239,262.2,0.7
1731,1,2076.49,23709.95,0.427328,1.1829030594798631e-06,0.789125,266.4,0.2403,262.1,0.7
1732,1,2077.18,23702.9,0.442581,1.1828943055437963e-06,0.569672,267.8,0.239,262.2,0.7
1733,1,2077.87,23695.88,0.427626,1.1828855439460262e-06,0.640344,267.7,0.2391,262.2,0.7
1734,1,2078.56,23688.88,0.413617,1.1828767746867506e-06,0.771259,265.6,0.2409,262.2,0.7
1735,1,2079.25,23681.92,0.35812,1.1828679977661675e-06,0.529796,261.5,0.2448,262.9,0.7
1736,1,2079.94,23674.89,0.383173,1.1828592131844756e-06,0.462261,264.8,0.2417,262.8,0.7
1737,1,2080.63,23667.89,0.429503,1.1828504209418734e-06,0.933311,268.4,0.2384,262.8,0.7
1738,1,2081.32,23660.93,0.402951,1.1828416210385595e-06,0.68736,265.4,0.2411,262.9,0.7
1739,1,2082.04,23654.31,0.470159,1.182832813474733e-06,0.942084,236.6,0.2705,261.3,0.6
1740,1,2082.7,23647.01,0.422752,1.182823998250593e-06,0.769435,266.6,0.24,261.5,0.7
1741,1,2083.41,23640.28,0.423908,1.1828151753663386e-06,0.663911,269.7,0.2373,261.6,0.7
1742,1,2084.1,23633.34,0.441967,1.1828063448221692e-06,1.00724,267.4,0.2393,261.6,0.7
1743,1,2084.79,23626.42,0.45941,1.1827975066182847e-06,0.877837,265.8,0.2407,261.5,0.7
1744,1,2085.48,23619.47,0.381671,1.1827886607548845e-06,0.652439,267.5,0.2393,261.8,0.7
1745,1,2086.17,23612.56,0.425204,1.1827798072321688e-06,0.823123,265.8,0.2408,261.9,0.7
1746,1,2086.86,23605.62,0.428876,1.1827709460503377e-06,0.632145,267.7,0.239,261.9,0.7
1747,1,2087.55,23598.74,0.402467,1.1827620772095914e-06,0.605199,265.0,0.2415,263.2,0.7
1748,1,2088.24,23591.85,0.432086,1.1827532007101304e-06,0.575331,266.5,0.2401,263.1,0.7
1749,1,2088.93,23584.95,0.439734,1.1827443165521553e-06,1.067792,267.5,0.2393,263.1,0.7
1750,1,2089.62,23578.09,0.43225,1.182735424735867e-06,0.861226,264.7,0.2418,262.9,0.7
1751,1,2090.31,23571.2,0.403879,1.1827265252614665e-06,0.755371,267.4,0.2394,263.0,0.7
1752,1,2091.0,23564.38,0.35842,1.1827176181291546e-06,0.735477,265.0,0.2415,262.8,0.7
1753,1,2091.7,23557.53,0.440575,1.182708703339133e-06,0.978807,264.4,0.242,262.7,0.7
1754,1,2092.38,23550.66,0.400374,1.1826997808916032e-06,0.795405,266.2,0.2405,262.7,0.7
1755,1,2093.07,23543.8,0.411716,1.1826908507867667e-06,0.85686,267.0,0.2397,263.0,0.7
1756,1,2093.76,23536.93,0.40094,1.1826819130248255e-06,0.66941,268.7,0.2382,263.1,0.7
1757,1,2094.45,23530.1,0.417416,1.1826729676059818e-06,0.719562,268.5,0.2384,263.1,0.7
1758,1,2095.15,23523.31,0.424488,1.1826640145304373e-06,0.606419,264.5,0.242,263.1,0.7
1759,1,2095.83,23516.48,0.4381,1.1826550537983947e-06,0.636411,266.1,0.2405,264.7,0.7
1760,1,2096.53,23509.7,0.478756,1.1826460854100564e-06,0.928201,265.1,0.2415,264.6,0.7
1761,1,2097.26,23503.41,0.462496,1.1826371093656253e-06,0.878256,260.6,0.2456,264.1,0.7
1762,1,2097.95,23496.6,0.405521,1.1826281256653043e-06,0.925905,266.6,0.24,264.1,0.7
1763,1,2098.64,23489.79,0.470307,1.1826191343092963e-06,0.4692,267.6,0.2392,264.2,0.7
1764,1,2099.33,23483.02,0.398192,1.1826101352978044e-06,0.542041,265.3,0.2412,264.2,0.7
1765,1,2100.03,23476.28,0.420114,1.1826011286310325e-06,0.66825,265.3,0.2412,264.1,0.7
1766,1,2100.72,23469.54,0.412035,1.1825921143091836e-06,0.630933,263.3,0.2431,263.9,0.7
1767,1,2101.41,23462.75,0.432912,1.182583092332462e-06,0.611773,265.3,0.2412,263.9,0.7
1768,1,2102.1,23456.01,0.457793,1.182574062701071e-06,0.636676,265.6,0.241,263.9,0.7
1769,1,2102.79,23449.28,0.452557,1.1825650254152151e-06,0.648784,265.2,0.2413,263.7,0.7
1770,1,2103.48,23442.51,0.429841,1.1825559804750986e-06,0.797764,268.2,0.2386,264.0,0.7
1771,1,2104.17,23435.79,0.441354,1.1825469278809259e-06,0.54179,266.2,0.2404,263.9,0.7
1772,1,2104.86,23429.08,0.445739,1.1825378676329017e-06,0.632405,263.9,0.2425,263.9,0.7
1773,1,2105.55,23422.36,0.405016,1.1825287997312305e-06,0.624602,263.9,0.2425,263.9,0.7
1774,1,2106.24,23415.64,0.482854,1.1825197241761173e-06,1.140735,266.4,0.2402,263.9,0.7
1775,1,2106.94,23408.94,0.445613,1.1825106409677675e-06,0.813483,266.9,0.2398,263.8,0.7
1776,1,2107.63,23402.24,0.409306,1.1825015501063863e-06,0.604754,269.4,0.2376,263.8,0.7
1777,1,2108.32,23395.56,0.417099,1.1824924515921793e-06,0.600183,267.0,0.2397,263.8,0.7
1778,1,2109.01,23388.89,0.400279,1.182483345425352e-06,0.990758,265.2,0.2414,263.8,0.7
1779,1,2109.7,23382.21,0.39902,1.1824742316061104e-06,0.591196,267.7,0.239,263.9,0.7
1780,1,2110.42,23375.86,0.391288,1.1824651101346604e-06,0.544982,238.0,0.2689,262.4,0.7
1781,1,2111.11,23369.17,0.461186,1.1824559810112081e-06,0.753516,267.9,0.2389,262.8,0.7
1782,1,2111.8,23362.5,0.475999,1.1824468442359599e-06,0.814562,266.8,0.2398,262.8,0.7
1783,1,2112.49,23355.88,0.446325,1.1824376998091223e-06,0.593942,265.1,0.2414,262.7,0.7
1784,1,2113.18,23349.26,0.443865,1.182428547730902e-06,0.741636,265.1,0.2414,262.6,0.7
1785,1,2113.91,23342.97,0.455574,1.182419388001506e-06,0.778873,236.1,0.2711,261.0,0.7
1786,1,2114.57,23336.03,0.454937,1.182410220621141e-06,0.790577,264.5,0.242,261.1,0.7
1787,1,2115.26,23329.41,0.406455,1.1824010455900145e-06,0.720524,265.9,0.2407,261.1,0.7
1788,1,2115.95,23322.8,0.428214,1.1823918629083338e-06,0.628442,265.9,0.2407,261.1,0.7
1789,1,2116.65,23316.27,0.45633,1.1823826725763065e-06,0.55236,262.6,0.2437,261.0,0.7
1790,1,2117.34,23309.64,0.43148,1.1823734745941405e-06,0.530843,264.7,0.2418,260.8,0.7
1791,1,2118.03,23303.06,0.455236,1.1823642689620434e-06,0.731958,264.5,0.242,260.7,0.7
1792,1,2118.72,23296.47,0.397114,1.1823550556802234e-06,0.552086,264.8,0.2417,260.8,0.7
1793,1,2119.41,23289.9,0.445737,1.1823458347488886e-06,0.714213,264.6,0.2419,260.8,0.7
1794,1,2120.1,23283.33,0.378414,1.1823366061682478e-06,0.68896,265.3,0.2413,260.7,0.7
1795,1,2120.8,23276.78,0.440944,1.182327369938509e-06,0.683348,265.4,0.2411,260.7,0.7
1796,1,2121.49,23270.21,0.414765,1.1823181260598818e-06,0.676623,265.5,0.2411,260.6,0.7
1797,1,2122.18,23263.66,0.405143,1.1823088745325746e-06,0.93095,265.6,0.241,260.5,0.7
1798,1,2122.87,23257.09,0.431992,1.1822996153567966e-06,0.561152,267.9,0.2389,260.6,0.7
1799,1,2123.56,23250.58,0.439142,1.1822903485327569e-06,0.657417,264.8,0.2417,260.5,0.7
1800,1,2124.25,23244.05,0.472299,1.1822810740606652e-06,1.140783,266.1,0.2405,262.0,0.7
1801,1,2154.17,23557.17,0.485558,1.1822717919407313e-06,0.61168,237.9,0.269,260.4,0.7
1802,1,2154.85,23550.24,0.41375,1.1822625021731647e-06,0.617484,267.5,0.2393,260.5,0.6
1803,1,2155.53,23543.5,0.420937,1.1822532047581753e-06,0.603827,268.9,0.238,260.7,0.6
1804,1,2156.22,23536.77,0.434015,1.1822438996959735e-06,0.61422,269.0,0.2379,261.0,0.6
1805,1,2156.91,23530.08,0.419586,1.1822345869867696e-06,0.599791,264.4,0.2421,262.6,0.6
1806,1,2157.6,23523.37,0.41361,1.182225266630774e-06,0.759366,264.8,0.2417,262.7,0.5
1807,1,2158.29,23516.68,0.438266,1.1822159386281974e-06,0.542208,266.3,0.2403,262.7,0.5
1808,1,2158.99,23510.02,0.469719,1.1822066029792509e-06,0.560947,263.7,0.2427,262.7,0.5
1809,1,2159.68,23503.34,0.491891,1.182197259684145e-06,0.779337,266.3,0.2403,262.9,0.5
1810,1,2160.37,23496.66,0.446976,1.182187908743091e-06,0.720272,269.0,0.2379,263.1,0.5
1811,1,2161.06,23490.0,0.478931,1.1821785501563007e-06,0.662228,267.0,0.2397,263.3,0.5
1812,1,2161.75,23483.35,0.427804,1.1821691839239855e-06,0.663536,265.8,0.2408,263.4,0.5
1813,1,2162.44,23476.71,0.408151,1.1821598100463568e-06,0.582628,265.3,0.2413,263.5,0.4
1814,1,2163.13,23470.09,0.468137,1.182150428523627e-06,0.732657,265.5,0.241,263.5,0.4
1815,1,2163.82,23463.47,0.424373,1.1821410393560075e-06,0.955995,263.2,0.2431,263.5,0.4
1816,1,2164.52,23456.86,0.409319,1.1821316425437108e-06,0.687227,264.1,0.2424,263.4,0.4
1817,1,2165.2,23450.22,0.406157,1.1821222380869493e-06,0.618197,266.5,0.2401,263.5,0.4
1818,1,2165.89,23443.61,0.416914,1.1821128259859357e-06,0.532635,267.4,0.2393,263.4,0.4
1819,1,2166.62,23437.33,0.469745,1.1821034062408828e-06,0.671251,239.2,0.2676,262.1,0.4
1820,1,2167.28,23430.43,0.407946,1.1820939788520032e-06,0.751404,266.8,0.2398,262.1,0.4
1821,1,2167.99,23424.07,0.487736,1.1820845438195103e-06,0.88378,267.0,0.2397,263.8,0.3
1822,1,2168.68,23417.47,0.429712,1.1820751011436173e-06,0.620875,266.1,0.2405,263.7,0.4
1823,1,2169.39,23411.12,0.439558,1.1820656508245374e-06,0.587601,246.6,0.2595,262.6,0.3
1824,1,2170.08,23404.45,0.417905,1.1820561928624845e-06,0.537865,262.3,0.244,262.2,0.4
1825,1,2170.76,23397.87,0.424365,1.1820467272576721e-06,0.690857,266.8,0.2399,262.3,0.4
1826,1,2171.46,23391.32,0.416532,1.1820372540103144e-06,0.707989,265.9,0.2407,262.4,0.4
1827,1,2172.15,23384.78,0.439719,1.1820277731206255e-06,0.783005,266.6,0.2401,262.4,0.4
1828,1,2172.84,23378.26,0.463209,1.1820182845888197e-06,0.77365,265.6,0.2409,262.5,0.4
1829,1,2173.53,23371.74,0.426292,1.1820087884151113e-06,0.761053,265.5,0.2411,262.5,0.3
1830,1,2174.25,23365.48,0.452213,1.1819992845997152e-06,0.726074,240.7,0.2659,261.0,0.3
1831,1,2174.92,23358.75,0.383386,1.1819897731428461e-06,0.603406,266.5,0.2402,260.9,0.4
1832,1,2175.62,23352.27,0.452081,1.181980254044719e-06,0.63859,264.1,0.2424,260.8,0.4
1833,1,2176.31,23345.72,0.440689,1.1819707273055488e-06,0.896868,267.7,0.2391,260.9,0.4
1834,1,2177.0,23339.24,0.451597,1.1819611929255513e-06,0.886865,265.0,0.2415,260.9,0.4
1835,1,2177.69,23332.76,0.433435,1.1819516509049416e-06,0.602009,265.8,0.2408,260.9,0.4
1836,1,2178.38,23326.28,0.433285,1.1819421012439355e-06,0.837054,265.6,0.241,261.1,0.4
1837,1,2179.08,23319.81,0.407177,1.181932543942749e-06,0.561273,265.3,0.2413,261.0,0.4
1838,1,2179.77,23313.32,0.446561,1.181922979001598e-06,0.695041,264.9,0.2416,260.9,0.4
1839,1,2180.46,23306.86,0.41096,1.1819134064206988e-06,0.657773,265.0,0.2415,262.3,0.4
1840,1,2181.15,23300.39,0.453467,1.181903826200268e-06,0.667928,266.0,0.2406,262.1,0.4
1841,1,2181.87,23294.22,0.438218,1.1818942383405216e-06,0.777367,263.0,0.2433,261.9,0.4
1842,1,2182.56,23287.73,0.455188,1.1818846428416764e-06,0.70989,266.0,0.2406,261.8,0.5
1843,1,2183.25,23281.32,0.378714,1.1818750397039496e-06,0.743496,263.3,0.243,262.6,0.5
1844,1,2183.94,23274.87,0.411804,1.1818654289275583e-06,0.740602,264.1,0.2423,262.6,0.5
1845,1,2184.63,23268.43,0.43804,1.1818558105127193e-06,0.853783,265.7,0.2409,262.5,0.6
1846,1,2185.33,23262.01,0.411049,1.1818461844596506e-06,0.728459,265.5,0.241,262.5,0.6
1847,1,2186.02,23255.63,0.471461,1.1818365507685694e-06,0.821962,261.7,0.2445,262.2,0.6
1848,1,2186.71,23249.22,0.451832,1.1818269094396935e-06,0.774276,265.1,0.2414,262.1,0.6
1849,1,2187.41,23242.82,0.412146,1.1818172604732407e-06,1.013475,264.8,0.2417,262.0,0.6
1850,1,2188.1,23236.41,0.464524,1.1818076038694294e-06,0.84079,266.2,0.2404,263.3,0.7
1851,1,2188.79,23230.01,0.429192,1.1817979396284774e-06,0.590538,263.3,0.243,263.2,0.7
1852,1,2189.48,23223.6,0.414823,1.1817882677506037e-06,0.675372,265.3,0.2413,263.2,0.7
1853,1,2190.17,23217.23,0.451565,1.1817785882360267e-06,0.790474,264.8,0.2417,263.0,0.7
1854,1,2190.86,23210.86,0.409291,1.1817689010849653e-06,0.83362,264.5,0.2419,262.9,0.7
1855,1,2191.56,23204.5,0.41898,1.181759206297638e-06,0.691645,265.8,0.2408,262.9,0.7
1856,1,2192.25,23198.12,0.381888,1.1817495038742644e-06,0.499961,266.0,0.2406,263.0,0.7
1857,1,2192.94,23191.77,0.437508,1.1817397938150637e-06,0.669534,265.3,0.2412,262.9,0.7
1858,1,2193.63,23185.39,0.463512,1.1817300761202553e-06,0.624716,268.3,0.2386,263.1,0.7
1859,1,2194.32,23179.06,0.473421,1.181720350790059e-06,0.678551,266.6,0.2401,263.2,0.7
1860,1,2195.01,23172.72,0.414285,1.1817106178246945e-06,0.873863,266.7,0.2399,263.2,0.7
1861,1,2195.73,23166.61,0.429919,1.1817008772243817e-06,0.657498,266.0,0.2406,263.4,0.7
1862,1,2196.42,23160.27,0.430865,1.181691128989341e-06,0.80399,266.2,0.2405,263.4,0.7
1863,1,2197.11,23153.95,0.471695,1.1816813731197926e-06,0.867444,264.5,0.242,263.4,0.7
1864,1,2197.8,23147.64,0.436148,1.1816716096159572e-06,0.642242,263.7,0.2427,263.5,0.7
1865,1,2198.49,23141.29,0.4735,1.1816618384780551e-06,0.850279,266.5,0.2401,263.5,0.7
1866,1,2199.18,23135.01,0.441538,1.1816520597063076e-06,0.874616,265.2,0.2413,263.4,0.7
1867,1,2199.87,23128.7,0.468015,1.1816422733009357e-06,0.773316,265.6,0.241,263.7,0.7
1868,1,2200.56,23122.39,0.447979,1.18163247926216e-06,0.728096,267.0,0.2397,263.8,0.7
1869,1,2201.25,23116.08,0.421487,1.1816226775902026e-06,0.634002,268.1,0.2387,263.9,0.7
1870,1,2201.95,23109.83,0.385367,1.1816128682852849e-06,0.618583,263.2,0.2431,263.9,0.7
1871,1,2202.64,23103.54,0.445814,1.1816030513476282e-06,0.920549,265.0,0.2415,263.9,0.7
1872,1,2203.33,23097.25,0.425391,1.181593226777455e-06,1.005926,265.1,0.2414,263.9,0.7
1873,1,2204.02,23091.0,0.424895,1.1815833945749867e-06,0.747845,265.0,0.2415,264.0,0.7
1874,1,2204.71,23084.73,0.466594,1.181573554740446e-06,0.741379,267.4,0.2394,264.1,0.7
1875,1,2205.4,23078.52,0.428776,1.1815637072740554e-06,0.550132,265.2,0.2414,264.1,0.7
1876,1,2206.09,23072.25,0.446717,1.1815538521760373e-06,0.898606,267.0,0.2397,264.1,0.7
1877,1,2206.79,23066.02,0.459663,1.1815439894466145e-06,0.842707,265.7,0.2408,264.1,0.7
1878,1,2207.48,23059.77,0.402072,1.1815341190860097e-06,0.815923,266.8,0.2399,264.1,0.7
1879,1,2208.17,23053.56,0.415884,1.181524241094446e-06,0.629636,265.1,0.2414,264.0,0.7
1880,1,2208.86,23047.36,0.409183,1.1815143554721473e-06,0.584018,263.7,0.2427,263.8,0.7
1881,1,2209.57,23041.36,0.387882,1.1815044622193366e-06,0.810415,266.2,0.2404,263.8,0.7
1882,1,2210.27,23035.15,0.504573,1.1814945613362375e-06,0.772653,266.0,0.2406,263.8,0.7
1883,1,2210.96,23028.95,0.47191,1.1814846528230736e-06,0.469757,265.7,0.2409,263.9,0.7
1884,1,2211.65,23022.75,0.40868,1.181474736680069e-06,0.633299,265.2,0.2413,264.0,0.7
1885,1,2212.34,23016.55,0.429639,1.1814648129074483e-06,0.606246,266.8,0.2399,264.0,0.7
1886,1,2213.03,23010.36,0.419133,1.1814548815054353e-06,0.663735,265.1,0.2414,264.1,0.6
1887,1,2213.72,23004.18,0.415947,1.1814449424742548e-06,0.744897,265.5,0.241,264.0,0.7
1888,1,2214.41,22998.0,0.414363,1.181434995814131e-06,0.707266,267.3,0.2394,264.0,0.7
1889,1,2215.11,22991.84,0.429027,1.181425041525289e-06,0.809786,265.6,0.241,263.9,0.7
1890,1,2215.8,22985.68,0.466044,1.181415079607954e-06,0.691378,262.4,0.2439,263.8,0.7
1891,1,2216.49,22979.48,0.446193,1.181405110062351e-06,0.643217,266.4,0.2402,263.9,0.7
1892,1,2217.18,22973.32,0.429159,1.1813951328887052e-06,0.792798,265.8,0.2408,263.9,0.7
1893,1,2217.87,22967.16,0.400556,1.1813851480872424e-06,0.719932,267.1,0.2396,264.0,0.7
1894,1,2218.56,22961.04,0.440622,1.1813751556581882e-06,0.54899,264.3,0.2421,263.8,0.7
1895,1,2219.25,22954.92,0.432914,1.1813651556017684e-06,0.937085,265.4,0.2411,263.8,0.7
1896,1,2219.94,22948.77,0.450897,1.181355147918209e-06,0.676095,266.2,0.2404,263.8,0.7
1897,1,2220.63,22942.64,0.43589,1.1813451326077362e-06,0.693159,264.2,0.2422,263.7,0.7
1898,1,2221.32,22936.52,0.447166,1.1813351096705765e-06,0.763842,265.1,0.2414,263.7,0.7
1899,1,2222.02,22930.41,0.366757,1.1813250791069564e-06,0.555793,265.4,0.2412,263.7,0.7
1900,1,2222.71,22924.31,0.410043,1.1813150409171024e-06,0.700906,266.1,0.2405,263.8,0.7
1901,1,2223.43,22918.49,0.463879,1.1813049951012417e-06,0.849911,264.3,0.2422,263.8,0.6
1902,1,2224.12,22912.38,0.42155,1.1812949416596013e-06,0.701734,264.9,0.2416,263.7,0.7
1903,1,2224.83,22906.49,0.428956,1.1812848805924083e-06,0.830712,245.5,0.2607,262.6,0.7
1904,1,2225.52,22900.37,0.412082,1.1812748118998902e-06,0.778629,262.4,0.2439,262.4,0.7
1905,1,2226.21,22894.29,0.433518,1.1812647355822747e-06,0.619079,265.0,0.2416,262.3,0.7
1906,1,2226.9,22888.23,0.42501,1.1812546516397893e-06,0.730826,266.5,0.2402,262.4,0.7
1907,1,2227.59,22882.18,0.442926,1.1812445600726624e-06,0.667277,265.2,0.2414,262.4,0.7
1908,1,2228.31,22876.41,0.402213,1.1812344608811217e-06,0.615754,239.8,0.2669,261.0,0.6
1909,1,2228.99,22870.16,0.413228,1.1812243540653954e-06,0.785219,265.4,0.2412,260.9,0.7
1910,1,2229.68,22864.12,0.415536,1.1812142396257124e-06,0.639114,265.9,0.2407,261.0,0.7
1911,1,2230.37,22858.12,0.396973,1.181204117562301e-06,0.551948,262.8,0.2435,260.9,0.7
1912,1,2231.07,22852.09,0.406848,1.18119398787539e-06,0.610844,264.5,0.242,260.9,0.7
1913,1,2231.79,22846.43,0.436413,1.1811838505652084e-06,0.606271,231.8,0.2761,259.0,0.6
1914,1,2232.45,22840.06,0.436425,1.1811737056319855e-06,0.735128,267.2,0.2395,259.1,0.7
1915,1,2233.14,22834.05,0.423883,1.1811635530759503e-06,0.711516,266.3,0.2404,259.1,0.6
1916,1,2233.84,22828.04,0.384238,1.1811533928973324e-06,0.641591,267.2,0.2395,259.2,0.6
1917,1,2234.53,22822.05,0.411047,1.1811432250963616e-06,0.638996,264.4,0.2421,259.2,0.7
1918,1,2235.22,22816.04,0.476261,1.1811330496732677e-06,0.658042,266.3,0.2403,259.2,0.7
1919,1,2235.92,22810.07,0.413049,1.1811228666282805e-06,0.552326,265.3,0.2412,259.2,0.7
1920,1,2236.61,22804.12,0.397366,1.1811126759616303e-06,0.717075,264.1,0.2423,259.0,0.7
1921,1,2237.33,22798.41,0.434976,1.1811024776735475e-06,0.663806,265.6,0.241,259.1,0.7
1922,1,2238.02,22792.44,0.381763,1.1810922717642626e-06,0.636695,265.2,0.2413,259.1,0.7
1923,1,2238.72,22786.49,0.416724,1.1810820582340063e-06,0.938032,265.9,0.2407,260.2,0.7
1924,1,2239.41,22780.56,0.433788,1.1810718370830095e-06,0.795393,263.3,0.2431,260.3,0.7
1925,1,2240.1,22774.58,0.374103,1.1810616083115028e-06,0.61379,268.4,0.2384,260.4,0.7
1926,1,2240.8,22768.68,0.454033,1.1810513719197178e-06,0.642955,265.2,0.2413,260.3,0.7
1927,1,2241.49,22762.74,0.449008,1.181041127907886e-06,0.762573,265.3,0.2412,260.3,0.7
1928,1,2242.19,22756.8,0.456949,1.1810308762762386e-06,0.68836,263.6,0.2428,261.7,0.7
1929,1,2242.88,22750.89,0.404774,1.1810206170250075e-06,0.631746,264.6,0.2419,261.7,0.7
1930,1,2243.57,22744.96,0.390168,1.1810103501544245e-06,0.794061,266.3,0.2403,261.7,0.6
1931,1,2244.3,22739.38,0.403416,1.181000075664722e-06,0.746599,234.1,0.2734,260.1,0.6
1932,1,2244.96,22733.15,0.443059,1.1809897935561317e-06,0.643241,265.0,0.2415,260.1,0.7
1933,1,2245.66,22727.24,0.422969,1.1809795038288864e-06,0.955061,266.5,0.2401,262.0,0.7
1934,1,2246.35,22721.35,0.457006,1.1809692064832184e-06,0.92655,265.6,0.241,261.9,0.7
1935,1,2247.04,22715.45,0.42497,1.1809589015193609e-06,0.578349,269.1,0.2378,262.1,0.7
1936,1,2247.74,22709.58,0.428228,1.1809485889375465e-06,0.525618,265.3,0.2412,262.0,0.7
1937,1,2248.43,22703.7,0.375385,1.1809382687380083e-06,0.518945,265.7,0.2409,262.0,0.7
1938,1,2249.15,22698.04,0.402111,1.1809279409209795e-06,0.527094,242.4,0.264,260.8,0.7
1939,1,2249.82,22691.97,0.426443,1.180917605486694e-06,0.901624,265.4,0.2412,260.8,0.7
1940,1,2250.52,22686.12,0.439698,1.180907262435385e-06,0.703836,263.5,0.2428,260.8,0.6
1941,1,2251.23,22680.45,0.410706,1.1808969117672862e-06,0.844905,264.8,0.2417,260.8,0.6
1942,1,2251.92,22674.58,0.397013,1.180886553482632e-06,0.625455,265.8,0.2408,260.8,0.6
1943,1,2252.62,22668.75,0.408943,1.180876187581656e-06,0.806265,263.7,0.2427,260.7,0.6
1944,1,2253.31,22662.91,0.464148,1.180865814064593e-06,0.859621,264.3,0.2421,260.8,0.6
1945,1,2254.0,22657.06,0.449701,1.180855432931677e-06,0.949344,264.4,0.242,260.6,0.6
1946,1,2254.69,22651.22,0.391174,1.180845044183143e-06,0.746801,265.1,0.2414,260.5,0.7
1947,1,2255.39,22645.41,0.467141,1.1808346478192257e-06,0.883937,263.3,0.2431,260.4,0.7
1948,1,2256.08,22639.58,0.448319,1.18082424384016e-06,0.876701,263.1,0.2433,260.4,0.7
1949,1,2256.78,22633.78,0.415766,1.1808138322461814e-06,0.564421,263.9,0.2425,260.3,0.7
1950,1,2257.47,22627.97,0.450044,1.180803413037525e-06,0.913815,265.2,0.2413,260.2,0.7
1951,1,2258.17,22622.2,0.47059,1.1807929862144263e-06,0.752187,260.9,0.2453,261.6,0.7
1952,1,2258.86,22616.36,0.442616,1.180782551777121e-06,0.784803,264.7,0.2418,261.6,0.7
1953,1,2259.55,22610.55,0.415418,1.1807721097258451e-06,0.639419,267.2,0.2395,261.7,0.7
1954,1,2260.25,22604.81,0.44063,1.1807616600608344e-06,0.840947,262.1,0.2442,261.5,0.7
1955,1,2260.94,22598.98,0.408621,1.1807512027823251e-06,0.591716,267.4,0.2394,261.5,0.7
1956,1,2261.66,22593.46,0.394288,1.1807407378905538e-06,0.644675,239.8,0.2669,260.1,0.7
1957,1,2262.32,22587.41,0.469169,1.1807302653857566e-06,0.79006,265.9,0.2407,260.1,0.7
1958,1,2263.02,22581.61,0.432911,1.1807197852681707e-06,0.722286,267.5,0.2393,261.4,0.7
1959,1,2263.71,22575.84,0.433042,1.1807092975380327e-06,0.876247,266.8,0.2399,261.5,0.7
1960,1,2264.4,22570.09,0.37608,1.1806988021955798e-06,0.637649,264.7,0.2417,261.5,0.7
1961,1,2265.12,22564.53,0.388462,1.1806882992410493e-06,0.540754,268.9,0.238,261.7,0.7
1962,1,2265.81,22558.8,0.461147,1.1806777886746783e-06,0.69657,262.2,0.244,261.5,0.7
1963,1,2266.5,22553.02,0.438429,1.1806672704967046e-06,0.561421,267.9,0.2389,261.7,0.7
1964,1,2267.19,22547.26,0.440766,1.1806567447073659e-06,0.638952,266.3,0.2403,261.8,0.7
1965,1,2267.89,22541.52,0.452594,1.1806462113069001e-06,0.677785,266.7,0.2399,262.0,0.7
1966,1,2268.58,22535.81,0.429521,1.1806356702955454e-06,0.75034,263.8,0.2426,261.9,0.7
1967,1,2269.28,22530.11,0.4161,1.18062512167354e-06,0.739302,260.4,0.2458,261.8,0.7
1968,1,2269.97,22524.35,0.430188,1.1806145654411224e-06,0.641366,263.2,0.2432,261.7,0.7
1969,1,2270.66,22518.61,0.42963,1.180604001598531e-06,0.596441,264.5,0.2419,261.8,0.7
1970,1,2271.35,22512.87,0.420828,1.1805934301460046e-06,0.633983,265.1,0.2414,261.9,0.7
1971,1,2272.04,22507.15,0.465295,1.1805828510837823e-06,0.663336,264.2,0.2423,262.0,0.7
1972,1,2272.73,22501.41,0.405723,1.180572264412103e-06,0.449259,266.1,0.2405,262.1,0.7
1973,1,2273.43,22495.77,0.422586,1.1805616701312065e-06,0.917164,262.0,0.2443,261.9,0.7
1974,1,2274.12,22490.07,0.420634,1.1805510682413317e-06,0.770771,264.0,0.2425,261.9,0.7
1975,1,2274.81,22484.36,0.451767,1.1805404587427185e-06,0.623048,264.8,0.2417,261.9,0.7
1976,1,2275.51,22478.69,0.402425,1.1805298416356069e-06,0.69574,264.3,0.2421,263.2,0.7
1977,1,2276.2,22472.99,0.40213,1.1805192169202363e-06,0.546017,264.3,0.2421,263.2,0.7
1978,1,2276.89,22467.31,0.449481,1.1805085845968476e-06,0.762381,264.7,0.2418,263.0,0.6
1979,1,2277.58,22461.64,0.452,1.1804979446656806e-06,0.725078,262.5,0.2438,262.8,0.6
1980,1,2278.27,22455.94,0.408652,1.1804872971269757e-06,0.738483,266.4,0.2402,262.9,0.6
1981,1,2278.99,22450.51,0.422263,1.180476641980974e-06,0.993899,267.3,0.2394,262.8,0.6
1982,1,2279.68,22444.89,0.475141,1.1804659792279164e-06,0.696434,261.1,0.2451,262.8,0.6
1983,1,2280.37,22439.18,0.456662,1.1804553088680432e-06,0.653884,267.0,0.2397,262.7,0.6
1984,1,2281.07,22433.55,0.415014,1.1804446309015963e-06,0.613624,264.4,0.2421,262.6,0.6
1985,1,2281.76,22427.9,0.449422,1.1804339453288169e-06,0.67525,266.2,0.2404,262.6,0.6
1986,1,2282.45,22422.27,0.458747,1.1804232521499462e-06,0.744644,266.2,0.2405,262.8,0.6
1987,1,2283.15,22416.65,0.456226,1.1804125513652263e-06,0.706017,266.1,0.2405,263.0,0.6
1988,1,2283.84,22411.01,0.395162,1.1804018429748988e-06,0.612825,267.7,0.2391,263.2,0.7
1989,1,2284.53,22405.39,0.464448,1.180391126979206e-06,0.771879,265.6,0.241,263.3,0.7
1990,1,2285.22,22399.76,0.454345,1.1803804033783899e-06,1.058821,267.0,0.2397,263.3,0.7
1991,1,2285.92,22394.17,0.429022,1.180369672172693e-06,0.485966,264.5,0.242,263.3,0.7
1992,1,2286.61,22388.54,0.427499,1.180358933362358e-06,0.541173,267.1,0.2396,263.4,0.7
1993,1,2287.33,22383.2,0.410693,1.1803481869476273e-06,0.66649,239.1,0.2677,262.1,0.7
1994,1,2287.99,22377.35,0.422214,1.1803374329287439e-06,0.654702,263.1,0.2432,262.1,0.7
1995,1,2288.69,22371.76,0.462825,1.180326671305951e-06,0.61951,266.3,0.2403,262.2,0.7
1996,1,2289.38,22366.17,0.489087,1.180315902079492e-06,0.927852,264.7,0.2418,262.1,0.7
1997,1,2290.07,22360.61,0.470843,1.18030512524961e-06,0.751196,263.8,0.2426,262.1,0.7
1998,1,2290.76,22355.01,0.429784,1.1802943408165488e-06,1.11815,265.5,0.2411,262.1,0.7
1999,1,2291.46,22349.45,0.440998,1.1802835487805519e-06,0.83913,264.7,0.2418,262.2,0.7
2000,1,2292.15,22343.89,0.413025,1.1802727491418633e-06,0.611267,264.8,0.2417,262.1,0.7
2001,1,2433.01,23703.87,0.440676,1.1802619419007273e-06,0.75811,232.4,0.2754,260.2,0.7
2002,1,2433.68,23697.34,0.411608,1.1802511270573882e-06,0.885404,265.1,0.2414,260.4,0.7
2003,1,2434.37,23691.01,0.47852,1.1802403046120904e-06,0.889541,267.3,0.2394,260.5,0.7
2004,1,2435.06,23684.69,0.416141,1.1802294745650783e-06,0.603211,266.5,0.2402,260.7,0.6
2005,1,2435.74,23678.35,0.460512,1.180218636916597e-06,0.692524,267.3,0.2395,260.8,0.6
2006,1,2436.43,23671.95,0.411654,1.1802077916668912e-06,0.678727,277.0,0.2311,261.3,0.6
2007,1,2437.12,23665.68,0.438416,1.1801969388162063e-06,1.042206,264.8,0.2417,261.3,0.6
2008,1,2437.81,23659.43,0.380751,1.1801860783647875e-06,0.725568,264.0,0.2424,261.2,0.5
2009,1,2438.51,23653.16,0.438063,1.1801752103128802e-06,0.919144,265.3,0.2412,261.2,0.5
2010,1,2439.2,23646.87,0.393932,1.1801643346607303e-06,0.577063,265.2,0.2413,261.2,0.5
2011,1,2439.89,23640.58,0.48541,1.1801534514085835e-06,0.948554,264.4,0.2421,261.3,0.5
2012,1,2440.57,23634.26,0.448035,1.1801425605566855e-06,0.973514,267.7,0.2391,261.3,0.5
2013,1,2441.26,23628.0,0.454063,1.1801316621052828e-06,0.837946,265.3,0.2412,262.7,0.5
2014,1,2441.96,23621.75,0.433057,1.1801207560546216e-06,0.551912,263.9,0.2425,262.8,0.5
2015,1,2442.67,23615.75,0.408711,1.1801098424049485e-06,0.787947,239.8,0.2669,261.4,0.4
2016,1,2443.34,23609.28,0.428076,1.1800989211565102e-06,0.721462,266.4,0.2403,261.6,0.4
2017,1,2444.03,23603.04,0.427141,1.1800879923095537e-06,0.800947,266.9,0.2398,261.8,0.4
2018,1,2444.73,23596.82,0.392999,1.1800770558643258e-06,0.576742,264.8,0.2416,261.8,0.4
2019,1,2445.42,23590.57,0.402451,1.1800661118210739e-06,0.739501,269.0,0.2379,262.1,0.4
2020,1,2446.11,23584.36,0.446255,1.1800551601800448e-06,0.593408,265.6,0.241,262.1,0.3
2021,1,2446.82,23578.37,0.423931,1.1800442009414868e-06,0.639786,267.5,0.2393,264.2,0.3
2022,1,2447.52,23572.17,0.477686,1.1800332341056472e-06,0.664957,263.5,0.2429,264.0,0.3
2023,1,2448.21,23565.96,0.406642,1.180022259672774e-06,0.691435,266.7,0.2399,264.0,0.3
2024,1,2448.9,23559.8,0.49452,1.1800112776431151e-06,0.959042,265.4,0.2412,263.8,0.4
2025,1,2449.6,23553.62,0.423035,1.180000288016919e-06,0.680754,263.3,0.2431,263.6,0.4
2026,1,2450.28,23547.39,0.458552,1.179989290794434e-06,0.738967,269.7,0.2373,263.3,0.4
2027,1,2450.98,23541.25,0.452545,1.1799782859759084e-06,0.631747,265.2,0.2414,263.3,0.4
2028,1,2451.67,23535.1,0.431967,1.1799672735615914e-06,0.71865,265.4,0.2411,263.4,0.4
2029,1,2452.37,23528.94,0.405652,1.1799562535517316e-06,0.77255,264.8,0.2417,263.4,0.4
2030,1,2453.09,23523.11,0.41908,1.1799452259465781e-06,0.829572,233.4,0.2742,261.6,0.4
2031,1,2453.75,23516.64,0.460107,1.1799341907463805e-06,1.145583,265.6,0.241,261.6,0.4
2032,1,2454.45,23510.52,0.426793,1.179923147951388e-06,0.622882,263.2,0.2431,261.4,0.4
2033,1,2455.14,23504.39,0.428524,1.1799120975618502e-06,0.633512,263.0,0.2434,261.2,0.4
2034,1,2455.83,23498.22,0.449772,1.1799010395780167e-06,0.80568,266.4,0.2403,261.3,0.4
2035,1,2456.53,23492.11,0.44652,1.1798899740001378e-06,0.767555,266.1,0.2405,262.7,0.5
2036,1,2457.22,23486.02,0.433548,1.1798789008284635e-06,0.602929,264.6,0.2418,262.5,0.5
2037,1,2457.92,23479.92,0.438789,1.1798678200632438e-06,0.812172,263.6,0.2428,262.3,0.5
2038,1,2458.61,23473.82,0.488416,1.1798567317047295e-06,0.657571,265.7,0.2408,262.3,0.5
2039,1,2459.31,23467.76,0.420527,1.1798456357531709e-06,0.666699,263.0,0.2434,262.0,0.5
2040,1,2460.0,23461.65,0.429796,1.179834532208819e-06,0.561552,263.9,0.2425,261.8,0.5
2041,1,2460.72,23455.78,0.446377,1.179823421071925e-06,0.699347,266.8,0.2399,261.7,0.6
2042,1,2461.41,23449.71,0.466041,1.1798123023427399e-06,0.773562,264.6,0.2418,261.8,0.6
2043,1,2462.11,23443.66,0.428529,1.1798011760215148e-06,0.81799,262.7,0.2436,261.6,0.6
2044,1,2462.8,23437.61,0.371394,1.1797900421085013e-06,0.58748,261.8,0.2445,261.5,0.6
2045,1,2463.5,23431.54,0.43078,1.1797789006039512e-06,0.735504,263.5,0.2429,261.4,0.6
2046,1,2464.19,23425.51,0.416892,1.1797677515081164e-06,0.662008,261.6,0.2447,260.9,0.6
2047,1,2464.89,23419.44,0.42544,1.1797565948212486e-06,0.732238,263.3,0.2431,260.8,0.6
2048,1,2465.58,23413.4,0.432352,1.1797454305436003e-06,0.524483,266.7,0.2399,260.8,0.6
2049,1,2466.28,23407.37,0.451083,1.1797342586754237e-06,0.800738,262.8,0.2435,260.7,0.7
2050,1,2466.98,23401.39,0.480813,1.1797230792169714e-06,0.701401,264.6,0.2419,262.4,0.7
2051,1,2467.67,23395.38,0.424442,1.1797118921684959e-06,0.777641,262.1,0.2442,262.2,0.7
2052,1,2468.39,23389.54,0.390955,1.1797006975302502e-06,0.615944,262.3,0.244,262.1,0.7
2053,1,2469.08,23383.54,0.416681,1.1796894953024873e-06,0.840015,263.7,0.2427,262.1,0.7
2054,1,2469.78,23377.55,0.454886,1.1796782854854606e-06,0.637705,261.7,0.2445,261.9,0.7
2055,1,2470.48,23371.58,0.395355,1.1796670680794232e-06,0.552494,261.2,0.245,261.7,0.7
2056,1,2471.18,23365.65,0.422309,1.1796558430846287e-06,0.510467,255.8,0.2502,261.3,0.7
2057,1,2471.88,23359.68,0.390289,1.179644610501331e-06,0.658785,262.1,0.2442,261.2,0.7
2058,1,2472.58,23353.71,0.440814,1.1796333703297836e-06,0.725784,263.7,0.2427,261.1,0.7
2059,1,2473.28,23347.77,0.445934,1.179622122570241e-06,0.833936,260.9,0.2453,261.0,0.7
2060,1,2473.97,23341.81,0.41123,1.1796108672229575e-06,0.741976,262.9,0.2434,260.9,0.7
2061,1,2474.69,23336.05,0.426785,1.1795996042881872e-06,0.485366,264.3,0.2421,260.9,0.7
2062,1,2475.39,23330.12,0.451083,1.1795883337661847e-06,1.104783,262.5,0.2438,260.8,0.7
2063,1,2476.08,23324.15,0.429929,1.1795770556572048e-06,0.557245,262.8,0.2436,260.8,0.7
2064,1,2476.78,23318.19,0.418893,1.1795657699615026e-06,0.74068,263.5,0.2429,260.9,0.7
2065,1,2477.47,23312.22,0.398563,1.179554476679333e-06,0.921304,263.7,0.2427,260.9,0.6
2066,1,2478.16,23306.25,0.427604,1.1795431758109514e-06,0.71682,264.0,0.2424,261.0,0.6
2067,1,2478.86,23300.33,0.451634,1.1795318673566131e-06,0.584221,263.3,0.2431,261.0,0.6
2068,1,2479.55,23294.36,0.449851,1.1795205513165737e-06,0.593896,266.4,0.2402,261.0,0.6
2069,1,2480.25,23288.45,0.445875,1.1795092276910891e-06,0.809852,262.1,0.2441,261.0,0.6
2070,1,2480.95,23282.56,0.408818,1.179497896480415e-06,0.545823,262.0,0.2443,260.8,0.7
2071,1,2481.64,23276.64,0.441941,1.1794865576848076e-06,0.609953,265.1,0.2414,260.9,0.7
2072,1,2482.34,23270.77,0.392815,1.1794752113045237e-06,0.478218,261.8,0.2445,260.9,0.7
2073,1,2483.04,23264.85,0.395761,1.179463857339819e-06,0.576193,261.6,0.2446,260.8,0.7
2074,1,2483.73,23258.9,0.432634,1.1794524957909507e-06,0.626065,266.5,0.2401,261.1,0.7
2075,1,2484.42,23253.01,0.405831,1.1794411266581755e-06,0.588059,266.1,0.2405,261.3,0.7
2076,1,2485.12,23247.12,0.413996,1.1794297499417502e-06,0.575663,265.2,0.2413,261.7,0.7
2077,1,2485.81,23241.23,0.389766,1.179418365641932e-06,0.819789,265.8,0.2407,261.9,0.7
2078,1,2486.51,23235.34,0.42105,1.1794069737589784e-06,0.721111,266.2,0.2404,262.1,0.7
2079,1,2487.2,23229.46,0.381923,1.1793955742931468e-06,0.666346,266.4,0.2403,262.4,0.7
2080,1,2487.9,23223.6,0.398824,1.1793841672446948e-06,0.506318,265.2,0.2414,262.5,0.7
2081,1,2488.62,23217.91,0.38601,1.1793727526138803e-06,0.566961,265.6,0.2409,262.6,0.7
2082,1,2489.31,23212.04,0.466071,1.179361330400961e-06,0.595405,263.7,0.2427,262.6,0.7
2083,1,2490.0,23206.16,0.41543,1.1793499006061957e-06,0.634293,266.0,0.2406,262.8,0.6
2084,1,2490.7,23200.35,0.489454,1.1793384632298421e-06,0.699764,262.5,0.2438,262.7,0.7
2085,1,2491.4,23194.5,0.432193,1.1793270182721594e-06,0.668185,263.1,0.2433,262.7,0.7
2086,1,2492.09,23188.62,0.501822,1.1793155657334057e-06,1.031962,266.8,0.2399,262.8,0.7
2087,1,2492.79,23182.85,0.43359,1.1793041056138404e-06,0.873887,260.1,0.246,262.6,0.7
2088,1,2493.49,23177.01,0.422215,1.1792926379137221e-06,0.694321,260.3,0.2458,262.3,0.7
2089,1,2494.18,23171.17,0.415829,1.1792811626333102e-06,0.557019,262.7,0.2436,262.3,0.7
2090,1,2494.87,23165.32,0.496563,1.1792696797728639e-06,0.65511,265.9,0.2406,262.6,0.7
2091,1,2495.58,23159.62,0.436061,1.179258189332643e-06,0.892629,253.4,0.2526,262.0,0.7
2092,1,2496.27,23153.76,0.425864,1.1792466913129068e-06,0.816596,265.0,0.2415,262.2,0.7
2093,1,2496.97,23147.94,0.393225,1.1792351857139157e-06,0.641848,265.8,0.2407,262.4,0.7
2094,1,2497.66,23142.15,0.462378,1.1792236725359296e-06,0.767959,262.8,0.2436,262.2,0.7
2095,1,2498.39,23136.64,0.417931,1.1792121517792087e-06,0.56126,235.6,0.2717,260.5,0.7
2096,1,2499.08,23130.82,0.441863,1.1792006234440133e-06,0.610691,239.0,0.2678,259.1,0.7
2097,1,2499.75,23124.81,0.409284,1.1791890875306043e-06,0.821387,260.6,0.2456,258.8,0.6
2098,1,2500.45,23119.02,0.411939,1.1791775440392421e-06,0.628731,262.6,0.2438,258.7,0.7
2099,1,2501.14,23113.2,0.408715,1.179165992970188e-06,0.645345,265.7,0.2409,258.6,0.7
2100,1,2501.83,23107.41,0.463875,1.1791544343237025e-06,0.860423,267.1,0.2396,258.7,0.7
2101,1,2502.57,23102.02,0.407384,1.1791428681000472e-06,0.548565,269.8,0.2372,258.7,0.7
2102,1,2503.27,23096.27,0.410428,1.1791312942994838e-06,1.089427,262.0,0.2442,258.7,0.7
2103,1,2503.96,23090.51,0.407939,1.1791197129222738e-06,0.491745,263.6,0.2428,258.5,0.7
2104,1,2504.65,23084.72,0.425372,1.1791081239686785e-06,0.671677,263.1,0.2433,258.5,0.7
2105,1,2505.35,23078.97,0.424274,1.1790965274389603e-06,0.769491,265.6,0.241,258.7,0.7
2106,1,2506.04,23073.2,0.452389,1.1790849233333813e-06,0.623133,265.9,0.2406,258.7,0.7
2107,1,2506.74,23067.46,0.457991,1.1790733116522036e-06,0.677304,264.3,0.2421,258.9,0.7
2108,1,2507.43,23061.71,0.453346,1.17906169239569e-06,0.906679,266.5,0.2402,259.2,0.7
2109,1,2508.13,23055.98,0.418846,1.1790500655641026e-06,0.674469,265.4,0.2412,259.4,0.7
2110,1,2508.82,23050.24,0.438504,1.1790384311577046e-06,0.675991,264.2,0.2423,259.3,0.7
2111,1,2509.52,23044.51,0.444252,1.179026789176759e-06,0.648387,266.8,0.2399,259.9,0.7
2112,1,2510.21,23038.76,0.438686,1.1790151396215287e-06,0.941917,269.6,0.2374,260.2,0.7
2113,1,2510.9,23033.03,0.440233,1.1790034824922771e-06,0.694531,267.7,0.2391,260.2,0.7
2114,1,2511.6,23027.35,0.410588,1.1789918177892678e-06,0.773238,263.6,0.2428,260.3,0.7
2115,1,2512.29,23021.65,0.420736,1.1789801455127645e-06,0.610792,261.5,0.2447,261.7,0.7
2116,1,2512.98,23015.9,0.453047,1.1789684656630308e-06,0.765703,267.0,0.2397,263.3,0.7
2117,1,2513.68,23010.2,0.437062,1.178956778240331e-06,0.722587,265.1,0.2414,263.5,0.7
2118,1,2514.37,23004.49,0.406862,1.178945083244929e-06,0.503796,264.9,0.2416,263.6,0.7
2119,1,2515.07,22998.81,0.391672,1.1789333806770891e-06,0.704953,262.4,0.2439,263.4,0.7
2120,1,2515.76,22993.07,0.404151,1.1789216705370762e-06,0.705378,267.0,0.2397,263.4,0.7
2121,1,2516.47,22987.57,0.453445,1.1789099528251547e-06,0.764571,265.8,0.2407,263.4,0.7
2122,1,2517.17,22981.9,0.435965,1.1788982275415893e-06,0.585624,263.2,0.2431,263.4,0.7
2123,1,2517.86,22976.26,0.475529,1.1788864946866455e-06,0.785569,260.1,0.246,263.2,0.7
2124,1,2518.55,22970.53,0.40263,1.1788747542605884e-06,0.404243,266.0,0.2406,263.4,0.6
2125,1,2519.25,22964.86,0.465338,1.1788630062636832e-06,0.920912,264.7,0.2418,263.3,0.7
2126,1,2519.94,22959.19,0.401994,1.1788512506961953e-06,0.653816,266.1,0.2405,263.3,0.7
2127,1,2520.63,22953.52,0.427416,1.1788394875583906e-06,1.416632,265.4,0.2412,263.3,0.7
2128,1,2521.33,22947.89,0.387147,1.1788277168505352e-06,0.858451,266.0,0.2406,263.3,0.7
2129,1,2522.02,22942.24,0.419286,1.1788159385728948e-06,0.597467,265.0,0.2415,263.3,0.7
2130,1,2522.71,22936.56,0.41644,1.1788041527257358e-06,0.787007,268.3,0.2386,263.5,0.7
2131,1,2523.41,22930.94,0.451543,1.1787923593093245e-06,0.654378,262.3,0.244,263.3,0.7
2132,1,2524.12,22925.45,0.461081,1.1787805583239275e-06,1.083358,262.2,0.2441,262.9,0.7
2133,1,2524.82,22919.85,0.409755,1.1787687497698116e-06,0.521915,261.0,0.2453,262.6,0.7
2134,1,2525.51,22914.19,0.390773,1.1787569336472437e-06,0.769528,264.9,0.2416,262.7,0.7
2135,1,2526.2,22908.55,0.448051,1.1787451099564909e-06,0.950062,264.2,0.2422,262.8,0.7
2136,1,2526.89,22902.9,0.407946,1.1787332786978205e-06,0.542769,264.9,0.2416,262.7,0.7
2137,1,2527.58,22897.27,0.396844,1.1787214398715e-06,0.752848,265.7,0.2408,262.7,0.7
2138,1,2528.28,22891.66,0.467552,1.1787095934777967e-06,0.71865,264.1,0.2423,262.6,0.7
2139,1,2528.97,22886.03,0.446814,1.1786977395169785e-06,0.867035,265.9,0.2406,262.8,0.7
2140,1,2529.66,22880.42,0.423973,1.1786858779893135e-06,0.725391,265.4,0.2411,262.7,0.7
2141,1,2530.38,22875.03,0.415017,1.1786740088950694e-06,0.566358,268.2,0.2386,262.8,0.7
2142,1,2531.07,22869.43,0.419087,1.178662132234515e-06,0.651948,266.0,0.2406,262.9,0.7
2143,1,2531.76,22863.82,0.460394,1.1786502480079183e-06,0.888747,266.6,0.2401,263.3,0.7
2144,1,2532.45,22858.22,0.406273,1.1786383562155481e-06,0.758186,266.0,0.2406,263.3,0.7
2145,1,2533.14,22852.62,0.417417,1.1786264568576734e-06,0.832456,266.3,0.2404,263.3,0.7
2146,1,2533.84,22847.03,0.395723,1.178614549934563e-06,0.70386,266.8,0.2399,263.4,0.7
2147,1,2534.53,22841.47,0.409002,1.1786026354464858e-06,0.664644,264.7,0.2418,263.3,0.7
2148,1,2535.24,22836.02,0.38925,1.1785907133937116e-06,0.760231,249.6,0.2564,262.5,0.7
2149,1,2535.92,22830.36,0.434982,1.1785787837765097e-06,0.63794,265.1,0.2414,262.5,0.7
2150,1,2536.61,22824.78,0.41451,1.1785668465951493e-06,0.740761,266.4,0.2402,262.3,0.7
2151,1,2537.3,22819.21,0.424751,1.1785549018499008e-06,0.925451,266.5,0.2401,262.6,0.7
2152,1,2538.0,22813.65,0.453153,1.178542949541034e-06,0.828442,265.0,0.2415,262.8,0.7
2153,1,2538.69,22808.11,0.512351,1.1785309896688188e-06,1.162019,264.0,0.2424,262.9,0.7
2154,1,2539.38,22802.57,0.466122,1.1785190222335261e-06,1.086944,265.3,0.2413,262.9,0.7
2155,1,2540.07,22797.02,0.461188,1.178507047235426e-06,0.625495,266.6,0.2401,263.0,0.7
2156,1,2540.77,22791.5,0.447548,1.1784950646747893e-06,0.91016,268.6,0.2383,263.2,0.7
2157,1,2541.49,22786.18,0.468905,1.1784830745518869e-06,0.735153,262.3,0.244,263.1,0.7
2158,1,2542.18,22780.62,0.381631,1.1784710768669894e-06,0.556589,268.4,0.2385,263.3,0.7
2159,1,2542.87,22775.1,0.448091,1.1784590716203683e-06,0.839473,266.7,0.24,263.3,0.7
2160,1,2543.56,22769.59,0.42504,1.1784470588122951e-06,0.792304,265.1,0.2414,263.3,0.7
2161,1,2544.28,22764.28,0.401169,1.1784350384430413e-06,0.614036,265.8,0.2408,263.2,0.7
2162,1,2544.97,22758.73,0.426868,1.1784230105128783e-06,0.699073,267.5,0.2393,263.3,0.7
2163,1,2545.66,22753.24,0.48033,1.1784109750220782e-06,0.845167,263.2,0.2432,263.2,0.7
2164,1,2546.36,22747.83,0.418188,1.1783989319709133e-06,0.88574,249.0,0.257,262.3,0.7
2165,1,2547.04,22742.22,0.462931,1.1783868813596555e-06,1.127636,266.4,0.2402,262.3,0.7
2166,1,2547.74,22736.77,0.380469,1.178374823188577e-06,0.745186,264.6,0.2419,262.2,0.7
2167,1,2548.44,22731.32,0.404993,1.1783627574579506e-06,0.646772,259.8,0.2463,261.9,0.7
2168,1,2549.13,22725.81,0.410362,1.178350684168049e-06,0.749313,266.1,0.2405,262.8,0.7
2169,1,2549.82,22720.3,0.453789,1.1783386033191452e-06,0.850023,268.0,0.2388,262.9,0.7
2170,1,2550.51,22714.83,0.425386,1.1783265149115121e-06,0.717314,265.8,0.2408,262.9,0.7
2171,1,2551.2,22709.35,0.429499,1.178314418945423e-06,0.718995,265.7,0.2408,262.8,0.7
2172,1,2551.9,22703.91,0.472379,1.1783023154211514e-06,0.628248,261.1,0.2451,262.6,0.7
2173,1,2552.59,22698.46,0.433515,1.1782902043389706e-06,0.821155,265.5,0.2411,262.6,0.7
2174,1,2553.28,22692.99,0.40512,1.1782780856991548e-06,0.644424,266.4,0.2403,262.6,0.7
2175,1,2553.98,22687.54,0.408946,1.1782659595019774e-06,0.665842,264.6,0.2419,262.6,0.7
2176,1,2554.67,22682.09,0.426,1.178253825747713e-06,0.797806,264.1,0.2424,262.3,0.7
2177,1,2555.36,22676.6,0.437031,1.1782416844366353e-06,0.662114,268.2,0.2386,262.6,0.7
2178,1,2556.05,22671.14,0.403989,1.1782295355690193e-06,0.782991,267.5,0.2393,262.6,0.7
2179,1,2556.74,22665.69,0.394216,1.1782173791451391e-06,0.59004,266.2,0.2404,262.6,0.7
2180,1,2557.43,22660.24,0.434193,1.17820521516527e-06,0.872389,267.0,0.2397,262.7,0.7
2181,1,2558.14,22654.98,0.415594,1.1781930436296867e-06,0.565239,268.8,0.2381,262.9,0.7
2182,1,2558.84,22649.56,0.401778,1.1781808645386643e-06,0.586415,265.2,0.2413,262.7,0.7
2183,1,2559.52,22644.11,0.471791,1.1781686778924782e-06,0.855757,268.9,0.238,263.0,0.7
2184,1,2560.22,22638.7,0.491253,1.1781564836914036e-06,0.94447,267.1,0.2396,263.9,0.7
2185,1,2560.91,22633.29,0.440178,1.1781442819357162e-06,0.629504,265.2,0.2413,263.9,0.7
2186,1,2561.6,22627.86,0.446764,1.1781320726256919e-06,0.820239,266.2,0.2404,264.0,0.7
2187,1,2562.29,22622.45,0.470037,1.1781198557616066e-06,0.682795,265.6,0.241,264.3,0.7
2188,1,2562.98,22617.05,0.428973,1.1781076313437366e-06,0.624883,265.9,0.2407,264.2,0.7
2189,1,2563.68,22611.69,0.438741,1.1780953993723582e-06,0.775558,262.3,0.244,263.9,0.7
2190,1,2564.37,22606.25,0.420409,1.1780831598477476e-06,0.759667,265.8,0.2408,264.0,0.7
2191,1,2565.06,22600.86,0.427593,1.1780709127701818e-06,0.735029,265.1,0.2415,264.0,0.7
2192,1,2565.75,22595.46,0.404673,1.1780586581399374e-06,0.597767,266.7,0.2399,264.3,0.7
2193,1,2566.44,22590.08,0.427794,1.1780463959572915e-06,0.695554,265.7,0.2409,264.4,0.7
2194,1,2567.13,22584.69,0.447719,1.1780341262225212e-06,0.622179,265.2,0.2413,264.4,0.6
2195,1,2567.83,22579.33,0.451374,1.1780218489359037e-06,0.787887,265.6,0.2409,264.4,0.6
2196,1,2568.52,22573.96,0.426222,1.1780095640977168e-06,1.056806,266.2,0.2404,264.5,0.6
2197,1,2569.21,22568.58,0.404401,1.177997271708238e-06,0.595923,267.4,0.2394,264.5,0.6
2198,1,2569.9,22563.22,0.46422,1.1779849717677454e-06,0.940885,266.7,0.24,264.5,0.6
2199,1,2570.59,22557.87,0.411763,1.1779726642765168e-06,0.628077,265.1,0.2414,264.4,0.6
2200,1,2571.28,22552.48,0.40997,1.1779603492348302e-06,0.643232,268.0,0.2388,264.5,0.6
2201,1,2597.46,22770.52,0.4364,1.1779480266429642e-06,0.692611,235.3,0.272,262.6,0.6
2202,1,2598.13,22764.91,0.418216,1.1779356965011975e-06,0.640456,263.3,0.243,262.6,0.6
2203,1,2598.82,22759.43,0.404796,1.1779233588098084e-06,0.651349,268.0,0.2388,262.6,0.6
2204,1,2599.51,22753.96,0.425614,1.1779110135690761e-06,0.555518,266.5,0.2401,262.7,0.5
2205,1,2600.2,22748.52,0.4068,1.1778986607792796e-06,0.623168,266.5,0.2402,262.8,0.5
2206,1,2600.89,22743.07,0.407007,1.1778863004406982e-06,0.889654,266.6,0.2401,262.9,0.5
2207,1,2601.58,22737.64,0.445155,1.1778739325536109e-06,0.583304,262.7,0.2436,262.8,0.5
2208,1,2602.28,22732.22,0.457285,1.1778615571182974e-06,0.580934,263.6,0.2428,262.8,0.4
2209,1,2602.98,22726.84,0.400402,1.1778491741350376e-06,0.533307,262.4,0.2439,262.8,0.4
2210,1,2603.67,22721.41,0.408376,1.1778367836041112e-06,0.588603,265.8,0.2408,262.9,0.4
2211,1,2604.36,22716.0,0.418053,1.1778243855257985e-06,0.652003,262.5,0.2438,262.8,0.4
2212,1,2605.05,22710.59,0.440262,1.1778119799003796e-06,0.768647,265.6,0.241,262.8,0.4
2213,1,2605.75,22705.23,0.457338,1.177799566728135e-06,0.646667,258.0,0.2481,262.4,0.4
2214,1,2606.46,22699.95,0.384328,1.1777871460093452e-06,0.565069,264.8,0.2417,262.3,0.4
2215,1,2607.15,22694.55,0.442181,1.1777747177442909e-06,0.538753,263.7,0.2427,262.2,0.4
2216,1,2607.84,22689.17,0.426518,1.1777622819332531e-06,0.567546,264.0,0.2424,262.1,0.4
2217,1,2608.53,22683.77,0.4222,1.177749838576513e-06,0.87273,268.3,0.2386,262.2,0.4
2218,1,2609.26,22678.68,0.41469,1.1777373876743517e-06,0.756325,234.3,0.2731,260.5,0.4
2219,1,2609.92,22673.05,0.444421,1.1777249292270506e-06,0.902736,264.8,0.2416,260.5,0.3
2220,1,2610.62,22667.7,0.421285,1.1777124632348913e-06,0.601049,262.4,0.2439,260.2,0.3
2221,1,2611.33,22662.49,0.440129,1.1776999896981555e-06,0.678303,265.7,0.2409,262.0,0.3
2222,1,2612.02,22657.13,0.378107,1.1776875086171255e-06,0.673111,264.6,0.2418,262.0,0.3
2223,1,2612.71,22651.75,0.417263,1.1776750199920832e-06,0.862521,267.2,0.2395,262.0,0.3
2224,1,2613.41,22646.44,0.418686,1.1776625238233108e-06,0.592335,262.6,0.2437,261.8,0.3
2225,1,2614.1,22641.07,0.418118,1.1776500201110908e-06,0.770993,268.5,0.2384,261.9,0.3
2226,1,2614.8,22635.78,0.402065,1.1776375088557062e-06,0.642983,261.6,0.2446,261.6,0.3
2227,1,2615.5,22630.47,0.389803,1.1776249900574392e-06,0.694826,265.4,0.2411,261.7,0.3
2228,1,2616.19,22625.15,0.503896,1.1776124637165733e-06,0.876524,263.4,0.243,261.7,0.3
2229,1,2616.89,22619.82,0.403552,1.177599929833391e-06,0.513312,266.6,0.2401,261.9,0.4
2230,1,2617.59,22614.53,0.448781,1.1775873884081762e-06,0.535264,260.0,0.2462,261.5,0.4
2231,1,2618.28,22609.21,0.398455,1.1775748394412121e-06,0.699345,264.0,0.2424,261.6,0.4
2232,1,2618.97,22603.9,0.422264,1.1775622829327825e-06,0.729989,264.7,0.2417,261.5,0.4
2233,1,2619.67,22598.62,0.427804,1.177549718883171e-06,0.713695,261.7,0.2446,261.6,0.4
2234,1,2620.37,22593.32,0.41121,1.1775371472926619e-06,0.528247,265.0,0.2415,261.7,0.4
2235,1,2621.06,22588.01,0.39959,1.177524568161539e-06,0.514492,266.7,0.24,261.8,0.4
2236,1,2621.75,22582.73,0.43566,1.1775119814900868e-06,0.628977,263.2,0.2432,261.7,0.4
2237,1,2622.45,22577.44,0.455246,1.1774993872785897e-06,0.960204,262.8,0.2435,261.4,0.4
2238,1,2623.14,22572.15,0.383152,1.1774867855273326e-06,0.739925,264.3,0.2421,263.0,0.5
2239,1,2623.84,22566.87,0.424098,1.1774741762366003e-06,0.633296,263.9,0.2426,262.9,0.5
2240,1,2624.53,22561.6,0.431824,1.1774615594066776e-06,0.668635,264.4,0.2421,262.9,0.5
2241,1,2625.24,22556.49,0.471784,1.1774489350378498e-06,0.751279,269.0,0.2379,263.1,0.5
2242,1,2625.94,22551.23,0.408329,1.1774363031304024e-06,0.622759,264.2,0.2422,263.0,0.6
2243,1,2626.64,22545.98,0.463467,1.1774236636846209e-06,1.066715,262.6,0.2437,262.7,0.6
2244,1,2627.33,22540.7,0.433826,1.1774110167007907e-06,0.746172,265.4,0.2411,262.7,0.6
2245,1,2628.03,22535.48,0.391776,1.177398362179198e-06,0.62359,261.7,0.2445,262.4,0.6
2246,1,2628.72,22530.19,0.463734,1.1773857001201285e-06,0.745194,264.1,0.2424,262.5,0.6
2247,1,2629.41,22524.96,0.448717,1.1773730305238686e-06,0.844218,263.1,0.2433,262.3,0.6
2248,1,2630.11,22519.71,0.449749,1.1773603533907048e-06,0.879958,264.7,0.2418,262.3,0.7
2249,1,2630.8,22514.48,0.395457,1.1773476687209233e-06,0.70228,264.0,0.2424,262.2,0.7
2250,1,2631.5,22509.27,0.452105,1.1773349765148113e-06,0.927651,262.1,0.2442,262.3,0.7
2251,1,2632.19,22504.03,0.355549,1.1773222767726555e-06,0.751437,265.4,0.2411,262.3,0.7
2252,1,2632.89,22498.8,0.413721,1.1773095694947427e-06,0.554912,264.2,0.2422,262.4,0.7
2253,1,2633.59,22493.64,0.424599,1.1772968546813605e-06,0.641463,256.8,0.2492,262.1,0.7
2254,1,2634.28,22488.37,0.421176,1.1772841323327958e-06,0.755261,263.9,0.2425,262.1,0.6
2255,1,2634.97,22483.14,0.393508,1.1772714024493365e-06,0.596226,265.3,0.2412,262.0,0.6
2256,1,2635.67,22477.94,0.422498,1.1772586650312704e-06,0.682395,263.1,0.2433,262.0,0.6
2257,1,2636.36,22472.73,0.428857,1.1772459200788853e-06,0.586635,266.5,0.2402,262.2,0.6
2258,1,2637.06,22467.54,0.451346,1.1772331675924691e-06,0.860862,265.9,0.2407,262.4,0.6
2259,1,2637.75,22462.34,0.461872,1.1772204075723105e-06,0.868387,264.5,0.2419,262.4,0.6
2260,1,2638.45,22457.14,0.456961,1.1772076400186975e-06,0.563882,266.2,0.2404,262.5,0.6
2261,1,2639.15,22452.04,0.439459,1.1771948649319191e-06,0.865546,268.8,0.2381,262.5,0.6
2262,1,2639.85,22446.87,0.465467,1.1771820823122637e-06,0.723295,264.3,0.2422,262.5,0.6
2263,1,2640.54,22441.7,0.438451,1.1771692921600203e-06,0.715693,262.3,0.244,262.4,0.6
2264,1,2641.23,22436.48,0.43835,1.177156494475478e-06,0.682342,267.3,0.2394,262.5,0.6
2265,1,2641.93,22431.3,0.431427,1.1771436892589262e-06,0.907836,265.9,0.2407,262.7,0.6
2266,1,2642.63,22426.21,0.410367,1.1771308765106543e-06,0.886024,264.6,0.2419,262.7,0.7
2267,1,2643.32,22421.02,0.418077,1.1771180562309518e-06,0.999111,266.2,0.2404,262.8,0.7
2268,1,2644.02,22415.88,0.435663,1.1771052284201085e-06,0.973674,263.4,0.243,262.8,0.6
2269,1,2644.71,22410.7,0.44825,1.1770923930784145e-06,0.554652,264.3,0.2422,262.8,0.6
2270,1,2645.41,22405.54,0.400358,1.1770795502061598e-06,0.981819,265.3,0.2412,263.0,0.7
2271,1,2646.1,22400.38,0.439338,1.1770666998036347e-06,0.612424,266.0,0.2406,263.0,0.7
2272,1,2646.79,22395.22,0.433645,1.1770538418711296e-06,0.903511,265.9,0.2407,263.0,0.7
2273,1,2647.49,22390.07,0.457854,1.1770409764089353e-06,0.648804,265.0,0.2415,263.5,0.7
2274,1,2648.18,22384.91,0.424714,1.1770281034173426e-06,0.800916,265.1,0.2415,263.4,0.7
2275,1,2648.87,22379.78,0.461661,1.1770152228966423e-06,1.081356,264.8,0.2417,263.4,0.7
2276,1,2649.56,22374.62,0.448768,1.1770023348471256e-06,0.978117,266.5,0.2402,263.6,0.7
2277,1,2650.26,22369.47,0.419692,1.176989439269084e-06,0.939491,267.7,0.2391,263.7,0.7
2278,1,2650.95,22364.35,0.447446,1.1769765361628088e-06,0.992684,265.4,0.2411,263.6,0.7
2279,1,2651.65,22359.23,0.464583,1.1769636255285918e-06,0.864442,265.7,0.2409,263.7,0.7
2280,1,2652.34,22354.1,0.418969,1.1769507073667245e-06,0.541549,266.0,0.2406,263.7,0.7
2281,1,2653.06,22349.18,0.433333,1.1769377816774991e-06,0.995649,264.2,0.2423,263.4,0.7
2282,1,2653.75,22344.04,0.46507,1.1769248484612078e-06,0.764713,265.6,0.241,263.5,0.7
2283,1,2654.45,22338.97,0.462932,1.176911907718143e-06,0.750789,262.4,0.2439,263.5,0.7
2284,1,2655.13,22333.81,0.404286,1.176898959448597e-06,0.650548,265.5,0.241,263.5,0.7
2285,1,2655.83,22328.7,0.385249,1.1768860036528626e-06,0.648547,264.8,0.2417,263.4,0.7
2286,1,2656.52,22323.62,0.423746,1.1768730403312324e-06,0.655174,262.9,0.2434,263.4,0.6
2287,1,2657.21,22318.49,0.470833,1.1768600694839997e-06,0.806892,265.9,0.2407,263.5,0.6
2288,1,2657.9,22313.38,0.42592,1.1768470911114578e-06,0.777237,267.9,0.2389,263.6,0.6
2289,1,2658.6,22308.28,0.38391,1.1768341052138998e-06,0.707967,264.6,0.2419,263.7,0.6
2290,1,2659.29,22303.18,0.459381,1.1768211117916193e-06,0.674854,267.6,0.2392,263.8,0.6
2291,1,2660.01,22298.31,0.445328,1.17680811084491e-06,0.671698,241.5,0.265,262.5,0.6
2292,1,2660.68,22293.03,0.438628,1.176795102374066e-06,0.547045,265.2,0.2413,262.5,0.6
2293,1,2661.37,22287.93,0.447284,1.176782086379381e-06,0.517469,265.7,0.2409,262.5,0.6
2294,1,2662.06,22282.84,0.417139,1.176769062861149e-06,0.73968,267.6,0.2391,262.6,0.6
2295,1,2662.76,22277.81,0.430942,1.176756031819665e-06,0.701391,261.9,0.2444,262.5,0.6
2296,1,2663.45,22272.72,0.426455,1.1767429932552232e-06,0.681841,264.5,0.242,262.3,0.6
2297,1,2664.14,22267.63,0.416821,1.1767299471681182e-06,0.687729,266.1,0.2405,262.3,0.6
2298,1,2664.83,22262.58,0.438889,1.1767168935586452e-06,0.570367,265.5,0.2411,262.2,0.6
2299,1,2665.52,22257.54,0.411765,1.176703832427099e-06,0.845319,263.0,0.2433,262.2,0.6
2300,1,2666.23,22252.59,0.424753,1.176690763773775e-06,0.612634,250.8,0.2551,261.4,0.6
2301,1,2666.93,22247.63,0.404438,1.1766776875989683e-06,0.481705,266.0,0.2406,261.5,0.6
2302,1,2667.62,22242.56,0.474468,1.176664603902975e-06,0.714274,266.3,0.2403,261.5,0.6
2303,1,2668.32,22237.53,0.399463,1.1766515126860903e-06,0.608034,264.6,0.2419,261.6,0.6
2304,1,2669.01,22232.49,0.417303,1.1766384139486102e-06,0.658231,265.8,0.2408,261.6,0.6
2305,1,2669.7,22227.46,0.360717,1.176625307690831e-06,0.717506,263.4,0.243,261.5,0.6
2306,1,2670.39,22222.41,0.423717,1.176612193913049e-06,1.108156,266.0,0.2406,261.7,0.6
2307,1,2671.09,22217.42,0.425973,1.1765990726155601e-06,0.646016,261.9,0.2444,261.4,0.6
2308,1,2671.79,22212.4,0.437601,1.1765859437986615e-06,0.564472,264.1,0.2423,261.2,0.7
2309,1,2672.5,22207.58,0.441624,1.1765728074626494e-06,0.64715,239.7,0.267,259.9,0.7
2310,1,2673.18,22202.42,0.406711,1.1765596636078213e-06,0.527344,262.2,0.2441,259.7,0.6
2311,1,2673.87,22197.41,0.42259,1.1765465122344738e-06,0.703348,264.1,0.2423,260.9,0.6
2312,1,2674.57,22192.42,0.388752,1.1765333533429046e-06,0.720178,262.1,0.2442,260.8,0.6
2313,1,2675.26,22187.41,0.423094,1.1765201869334109e-06,0.588916,264.4,0.242,260.7,0.6
2314,1,2675.95,22182.43,0.446127,1.17650701300629e-06,0.609617,263.8,0.2426,260.5,0.6
2315,1,2676.65,22177.46,0.450987,1.1764938315618404e-06,1.158862,262.3,0.244,260.5,0.6
2316,1,2677.34,22172.46,0.442104,1.1764806426003595e-06,1.12915,264.9,0.2416,260.6,0.6
2317,1,2678.04,22167.49,0.435772,1.1764674461221455e-06,0.829208,262.9,0.2435,260.4,0.6
2318,1,2678.73,22162.51,0.416457,1.1764542421274968e-06,0.561344,265.5,0.2411,260.4,0.6
2319,1,2679.43,22157.55,0.412083,1.1764410306167116e-06,0.961691,264.7,0.2417,260.5,0.6
2320,1,2680.12,22152.57,0.4285,1.176427811590089e-06,0.498079,265.3,0.2412,261.2,0.6
2321,1,2680.84,22147.8,0.438706,1.1764145850479274e-06,0.897372,263.2,0.2431,261.1,0.6
2322,1,2681.54,22142.88,0.437226,1.1764013509905257e-06,0.608373,260.7,0.2454,260.8,0.6
2323,1,2682.23,22137.89,0.409579,1.1763881094181834e-06,0.88387,267.6,0.2391,260.9,0.7
2324,1,2682.92,22132.97,0.429878,1.1763748603311998e-06,0.957579,262.4,0.2439,260.7,0.7
2325,1,2683.62,22128.0,0.462467,1.176361603729874e-06,0.667731,266.2,0.2404,260.8,0.7
2326,1,2684.31,22123.08,0.39023,1.1763483396145057e-06,0.530218,264.5,0.242,260.7,0.7
2327,1,2685.03,22118.35,0.412057,1.1763350679853948e-06,0.610696,238.0,0.2689,259.5,0.7
2328,1,2685.71,22113.23,0.42685,1.1763217888428417e-06,0.689148,263.7,0.2427,259.4,0.7
2329,1,2686.4,22108.29,0.422797,1.1763085021871462e-06,0.811641,264.7,0.2418,260.8,0.7
2330,1,2687.09,22103.35,0.417028,1.1762952080186085e-06,0.687333,266.0,0.2406,261.0,0.7
2331,1,2687.82,22098.73,0.442982,1.176281906337529e-06,0.659876,231.9,0.276,259.2,0.7
2332,1,2688.48,22093.52,0.428842,1.1762685971442086e-06,0.771492,267.5,0.2393,259.4,0.7
2333,1,2689.18,22088.62,0.48342,1.1762552804389482e-06,0.824238,265.0,0.2415,259.5,0.7
2334,1,2689.88,22083.73,0.388263,1.1762419562220486e-06,0.597038,263.8,0.2426,259.5,0.6
2335,1,2690.57,22078.81,0.410496,1.1762286244938112e-06,0.579172,265.3,0.2412,259.7,0.6
2336,1,2691.27,22073.94,0.396542,1.1762152852545371e-06,0.837104,261.9,0.2443,259.4,0.7
2337,1,2691.99,22069.23,0.4567,1.176201938504528e-06,0.627297,239.6,0.2671,258.2,0.7
2338,1,2692.67,22064.19,0.431533,1.1761885842440856e-06,0.79021,263.7,0.2427,258.1,0.7
2339,1,2693.36,22059.29,0.424531,1.1761752224735117e-06,0.563782,264.5,0.242,258.1,0.7
2340,1,2694.05,22054.4,0.415461,1.1761618531931081e-06,0.507624,265.4,0.2412,258.1,0.7
2341,1,2694.77,22049.71,0.38781,1.1761484764031772e-06,0.839414,267.0,0.2397,258.3,0.7
2342,1,2695.47,22044.85,0.366829,1.1761350921040214e-06,0.538673,262.3,0.244,258.3,0.7
2343,1,2696.16,22039.96,0.384319,1.1761217002959431e-06,0.937142,263.6,0.2428,258.2,0.7
2344,1,2696.87,22035.14,0.420282,1.1761083009792451e-06,0.812856,259.4,0.2467,258.1,0.7
2345,1,2697.56,22030.25,0.429239,1.1760948941542303e-06,0.625341,265.3,0.2412,258.1,0.6
2346,1,2698.25,22025.39,0.463817,1.1760814798212017e-06,1.045014,263.7,0.2427,258.0,0.6
2347,1,2698.95,22020.52,0.455866,1.1760680579804624e-06,0.679509,265.8,0.2407,259.5,0.6
2348,1,2699.65,22015.68,0.425954,1.1760546286323158e-06,0.868116,264.7,0.2418,259.6,0.6
2349,1,2700.34,22010.84,0.430699,1.1760411917770658e-06,0.82813,262.3,0.244,259.4,0.6
2350,1,2701.04,22005.99,0.414206,1.1760277474150154e-06,0.714584,263.2,0.2432,259.3,0.6
2351,1,2701.74,22001.17,0.395974,1.1760142955464694e-06,0.462395,262.5,0.2438,261.0,0.7
2352,1,2702.43,21996.34,0.41495,1.1760008361717312e-06,0.843892,261.9,0.2443,260.7,0.7
2353,1,2703.13,21991.5,0.424534,1.175987369291105e-06,0.611639,265.4,0.2411,260.7,0.7
2354,1,2703.82,21986.64,0.378634,1.1759738949048955e-06,0.59042,264.9,0.2416,260.8,0.6
2355,1,2704.51,21981.79,0.415697,1.1759604130134072e-06,0.775094,267.6,0.2392,260.9,0.6
2356,1,2705.21,21976.99,0.39371,1.1759469236169448e-06,0.50507,262.8,0.2435,261.0,0.6
2357,1,2705.91,21972.16,0.463675,1.175933426715813e-06,0.727992,264.5,0.242,262.4,0.6
2358,1,2706.61,21967.35,0.402863,1.1759199223103174e-06,0.686535,262.8,0.2436,262.3,0.6
2359,1,2707.3,21962.51,0.416184,1.1759064104007628e-06,0.657734,265.4,0.2412,262.4,0.6
2360,1,2707.99,21957.68,0.433552,1.1758928909874548e-06,0.611308,266.5,0.2402,262.5,0.6
2361,1,2708.71,21953.06,0.425609,1.1758793640706988e-06,0.791994,266.7,0.24,262.5,0.6
2362,1,2709.41,21948.27,0.446947,1.175865829650801e-06,0.680249,262.1,0.2442,262.5,0.6
2363,1,2710.1,21943.43,0.412522,1.1758522877280666e-06,0.629022,265.1,0.2414,262.6,0.6
2364,1,2710.81,21938.72,0.430526,1.1758387383028024e-06,0.592442,265.6,0.2409,262.9,0.6
2365,1,2711.5,21933.94,0.482769,1.1758251813753144e-06,0.755745,262.3,0.244,262.8,0.6
2366,1,2712.2,21929.15,0.448423,1.1758116169459088e-06,0.737824,263.8,0.2427,262.8,0.6
2367,1,2712.89,21924.34,0.438954,1.1757980450148924e-06,0.688786,265.4,0.2411,262.8,0.6
2368,1,2713.59,21919.56,0.421998,1.175784465582572e-06,0.583637,265.6,0.241,262.8,0.6
2369,1,2714.28,21914.77,0.457139,1.1757708786492546e-06,0.724232,265.5,0.2411,263.0,0.6
2370,1,2714.98,21909.98,0.430259,1.175757284215247e-06,0.678238,265.4,0.2412,263.1,0.5
2371,1,2715.67,21905.19,0.462248,1.175743682280857e-06,0.923505,264.1,0.2424,263.2,0.6
2372,1,2716.36,21900.4,0.426404,1.1757300728463916e-06,0.8629,266.8,0.2399,263.4,0.6
2373,1,2717.06,21895.63,0.446453,1.1757164559121585e-06,0.614089,264.5,0.2419,263.4,0.5
2374,1,2717.75,21890.84,0.420925,1.1757028314784656e-06,0.55367,264.8,0.2417,263.4,0.5
2375,1,2718.45,21886.08,0.407451,1.1756891995456208e-06,0.61235,262.9,0.2434,263.2,0.5
2376,1,2719.14,21881.28,0.366724,1.1756755601139322e-06,0.647544,266.6,0.2401,263.4,0.5
2377,1,2719.83,21876.51,0.400096,1.1756619131837081e-06,0.526204,265.8,0.2408,263.5,0.5
2378,1,2720.53,21871.75,0.390638,1.175648258755257e-06,0.546377,265.2,0.2413,263.6,0.5
2379,1,2721.22,21867.0,0.404369,1.1756345968288877e-06,0.641105,266.8,0.2399,263.6,0.5
2380,1,2721.92,21862.27,0.419242,1.1756209274049089e-06,0.595959,261.8,0.2445,263.4,0.6
2381,1,2722.63,21857.66,0.460508,1.1756072504836292e-06,0.815459,268.7,0.2381,263.5,0.5
2382,1,2723.33,21852.91,0.425545,1.1755935660653583e-06,0.879082,266.0,0.2406,263.6,0.6
2383,1,2724.02,21848.17,0.424623,1.1755798741504054e-06,0.687224,263.8,0.2426,263.6,0.6
2384,1,2724.72,21843.44,0.398384,1.1755661747390796e-06,0.572624,263.8,0.2426,263.5,0.5
2385,1,2725.41,21838.7,0.3736,1.175552467831691e-06,0.77464,263.7,0.2427,263.5,0.6
2386,1,2726.1,21833.95,0.388043,1.1755387534285492e-06,0.635947,265.5,0.241,263.6,0.6
2387,1,2726.8,21829.21,0.446346,1.1755250315299642e-06,0.716224,264.6,0.2419,263.5,0.6
2388,1,2727.49,21824.49,0.437174,1.1755113021362462e-06,0.846119,264.7,0.2418,263.4,0.6
2389,1,2728.18,21819.76,0.490124,1.1754975652477054e-06,1.115612,266.1,0.2405,263.5,0.6
2390,1,2728.88,21815.06,0.441433,1.1754838208646527e-06,0.627644,264.4,0.2421,263.4,0.6
2391,1,2729.57,21810.34,0.403461,1.1754700689873984e-06,0.5086,265.4,0.2412,263.5,0.6
2392,1,2730.3,21805.87,0.455167,1.1754563096162535e-06,0.572863,236.0,0.2712,261.7,0.6
2393,1,2730.98,21801.02,0.463204,1.1754425427515289e-06,0.758725,263.4,0.243,261.6,0.6
2394,1,2731.67,21796.29,0.434274,1.1754287683935357e-06,0.924196,265.3,0.2413,261.6,0.7
2395,1,2732.36,21791.58,0.410395,1.1754149865425855e-06,0.515757,266.4,0.2402,261.8,0.7
2396,1,2733.06,21786.9,0.450993,1.1754011971989896e-06,0.620811,264.0,0.2424,261.7,0.7
2397,1,2733.75,21782.2,0.424418,1.1753874003630597e-06,0.77516,264.6,0.2419,261.6,0.7
2398,1,2734.45,21777.51,0.418178,1.175373596035108e-06,0.690672,264.3,0.2421,261.6,0.6
2399,1,2735.14,21772.84,0.417473,1.175359784215446e-06,0.940838,263.0,0.2433,261.4,0.6
2400,1,2735.84,21768.13,0.40895,1.1753459649043863e-06,0.795954,266.6,0.2401,261.7,0.6
2401,1,2883.75,22934.3,0.45049,1.175332138102241e-06,0.824799,236.7,0.2704,259.8,0.7
2402,1,2884.42,22928.87,0.446603,1.1753183038093228e-06,0.690579,267.0,0.2397,260.0,0.6
2403,1,2885.11,22923.59,0.458876,1.1753044620259445e-06,0.668849,267.3,0.2394,260.2,0.6
2404,1,2885.8,22918.33,0.418961,1.1752906127524188e-06,0.920427,268.6,0.2383,260.4,0.6
2405,1,2886.48,22913.04,0.458594,1.1752767559890586e-06,1.05014,271.1,0.2361,260.9,0.6
2406,1,2887.17,22907.78,0.467802,1.1752628917361773e-06,0.58474,267.5,0.2392,261.0,0.6
2407,1,2887.86,22902.55,0.424982,1.1752490199940883e-06,0.678673,265.2,0.2413,261.0,0.6
2408,1,2888.55,22897.3,0.449552,1.175235140763105e-06,0.789417,267.6,0.2392,261.2,0.5
2409,1,2889.24,22892.07,0.419096,1.1752212540435413e-06,0.873929,268.3,0.2385,261.4,0.5
2410,1,2889.94,22886.87,0.406181,1.175207359835711e-06,0.707503,265.5,0.2411,261.5,0.5
2411,1,2890.63,22881.64,0.428944,1.1751934581399281e-06,0.879914,267.1,0.2396,261.6,0.5
2412,1,2891.32,22876.42,0.467846,1.175179548956507e-06,0.803272,268.0,0.2388,263.5,0.5
2413,1,2892.01,22871.22,0.411652,1.1751656322857619e-06,0.720479,265.4,0.2412,263.5,0.5
2414,1,2892.7,22866.01,0.450771,1.1751517081280074e-06,0.772508,265.7,0.2409,263.6,0.4
2415,1,2893.39,22860.8,0.424704,1.1751377764835582e-06,0.614218,266.6,0.24,263.7,0.4
2416,1,2894.09,22855.64,0.387381,1.1751238373527295e-06,0.638203,264.5,0.2419,263.7,0.4
2417,1,2894.78,22850.45,0.449637,1.1751098907358358e-06,0.815647,263.2,0.2431,263.7,0.4
2418,1,2895.47,22845.24,0.433792,1.1750959366331928e-06,0.614045,268.4,0.2385,263.9,0.4
2419,1,2896.16,22840.04,0.441236,1.1750819750451159e-06,0.733787,267.2,0.2395,264.2,0.4
2420,1,2896.85,22834.87,0.450988,1.1750680059719204e-06,0.668437,266.2,0.2404,264.1,0.4
2421,1,2897.57,22829.88,0.429708,1.1750540294139225e-06,0.728936,265.7,0.2409,265.8,0.4
2422,1,2898.26,22824.71,0.424633,1.1750400453714376e-06,0.731402,264.2,0.2422,265.7,0.4
2423,1,2898.95,22819.55,0.461129,1.175026053844782e-06,0.974733,265.2,0.2413,265.6,0.4
2424,1,2899.65,22814.39,0.440445,1.1750120548342723e-06,0.910081,263.6,0.2428,265.3,0.4
2425,1,2900.34,22809.21,0.433322,1.1749980483402242e-06,0.879653,267.2,0.2395,265.1,0.4
2426,1,2901.03,22804.05,0.504639,1.174984034362955e-06,1.06136,266.0,0.2406,265.1,0.4
2427,1,2901.72,22798.92,0.452187,1.174970012902781e-06,0.806568,266.2,0.2404,265.2,0.3
2428,1,2902.42,22793.79,0.466032,1.1749559839600194e-06,0.75304,265.2,0.2413,265.1,0.3
2429,1,2903.11,22788.66,0.394678,1.174941947534987e-06,1.211276,266.0,0.2406,265.0,0.3
2430,1,2903.81,22783.55,0.426019,1.1749279036280015e-06,0.611062,259.9,0.2462,264.7,0.3
2431,1,2904.5,22778.37,0.421084,1.17491385223938e-06,0.612114,268.7,0.2382,264.7,0.4
2432,1,2905.19,22773.25,0.39772,1.1748997933694402e-06,0.76345,265.0,0.2415,264.5,0.4
2433,1,2905.89,22768.15,0.391035,1.1748857270185e-06,0.511811,265.0,0.2415,264.5,0.4
2434,1,2906.58,22763.02,0.416339,1.1748716531868772e-06,0.739066,266.5,0.2401,264.5,0.4
2435,1,2907.27,22757.91,0.448437,1.17485757187489e-06,0.974559,265.7,0.2409,264.4,0.4
2436,1,2907.97,22752.82,0.443102,1.1748434830828566e-06,0.706763,263.2,0.2432,264.4,0.4
2437,1,2908.69,22747.96,0.442199,1.1748293868110953e-06,0.668899,235.1,0.2723,262.7,0.4
2438,1,2909.35,22742.61,0.42023,1.174815283059925e-06,0.606595,265.6,0.241,262.5,0.4
2439,1,2910.05,22737.54,0.481625,1.1748011718296646e-06,0.798516,260.2,0.246,262.1,0.5
2440,1,2910.75,22732.45,0.427136,1.1747870531206328e-06,0.852549,263.4,0.2429,262.0,0.4
2441,1,2911.46,22727.53,0.426362,1.1747729269331487e-06,0.595581,266.6,0.2401,262.0,0.5
2442,1,2912.19,22722.7,0.397531,1.1747587932675316e-06,0.715508,235.3,0.272,260.3,0.5
2443,1,2912.85,22717.39,0.447456,1.1747446521241013e-06,0.687754,265.2,0.2413,260.3,0.5
2444,1,2913.55,22712.33,0.426324,1.1747305035031771e-06,0.655576,264.2,0.2422,260.3,0.5
2445,1,2914.25,22707.27,0.461504,1.174716347405079e-06,0.555472,262.7,0.2436,260.0,0.6
2446,1,2914.94,22702.21,0.465129,1.174702183830127e-06,0.569099,265.2,0.2413,259.9,0.6
2447,1,2915.64,22697.18,0.405058,1.174688012778641e-06,0.758947,262.2,0.2441,259.6,0.6
2448,1,2916.33,22692.13,0.426863,1.1746738342509417e-06,0.630698,262.6,0.2437,259.4,0.6
2449,1,2917.03,22687.06,0.443901,1.174659648247349e-06,0.54127,265.2,0.2413,259.3,0.6
2450,1,2917.72,22682.03,0.42373,1.174645454768184e-06,0.749084,264.0,0.2424,259.5,0.7
2451,1,2918.42,22676.99,0.473475,1.1746312538137673e-06,0.70594,263.1,0.2433,259.2,0.7
2452,1,2919.11,22671.95,0.477811,1.17461704538442e-06,0.581315,265.3,0.2413,259.3,0.6
2453,1,2919.81,22666.93,0.409484,1.1746028294804635e-06,0.673659,264.6,0.2419,259.3,0.6
2454,1,2920.5,22661.87,0.423538,1.1745886061022188e-06,0.834107,266.1,0.2405,259.2,0.7
2455,1,2921.2,22656.84,0.391908,1.1745743752500073e-06,0.745556,266.1,0.2405,259.2,0.7
2456,1,2921.89,22651.78,0.417998,1.174560136924151e-06,0.811496,266.7,0.2399,259.4,0.7
2457,1,2922.58,22646.73,0.483869,1.1745458911249717e-06,0.555552,265.4,0.2411,261.1,0.7
2458,1,2923.27,22641.69,0.444126,1.1745316378527911e-06,0.855739,265.7,0.2408,261.1,0.7
2459,1,2923.97,22636.66,0.426246,1.1745173771079317e-06,0.513012,264.9,0.2416,261.3,0.7
2460,1,2924.68,22631.82,0.425051,1.1745031088907155e-06,0.557335,240.9,0.2657,260.1,0.6
2461,1,2925.37,22626.75,0.437103,1.1744888332014653e-06,0.645248,268.7,0.2382,260.2,0.6
2462,1,2926.06,22621.73,0.37296,1.1744745500405036e-06,0.592303,264.3,0.2422,261.9,0.6
2463,1,2926.79,22616.97,0.453814,1.1744602594081533e-06,0.815225,234.0,0.2735,260.2,0.6
2464,1,2927.45,22611.73,0.439025,1.1744459613047376e-06,0.747818,264.1,0.2424,260.1,0.6
2465,1,2928.15,22606.71,0.457122,1.1744316557305793e-06,1.138242,264.5,0.242,260.3,0.6
2466,1,2928.84,22601.68,0.409314,1.1744173426860022e-06,0.555771,266.0,0.2406,260.3,0.6
2467,1,2929.53,22596.69,0.474082,1.1744030221713297e-06,0.626627,265.6,0.241,260.5,0.6
2468,1,2930.22,22591.68,0.413906,1.1743886941868851e-06,0.782935,266.4,0.2402,260.6,0.6
2469,1,2930.91,22586.68,0.41801,1.1743743587329928e-06,0.548938,265.3,0.2412,260.6,0.6
2470,1,2931.61,22581.69,0.435899,1.1743600158099766e-06,0.717843,266.0,0.2406,260.7,0.6
2471,1,2932.3,22576.72,0.424066,1.1743456654181606e-06,0.696084,264.9,0.2416,260.8,0.6
2472,1,2932.99,22571.72,0.420219,1.1743313075578693e-06,0.710988,267.9,0.2389,260.9,0.6
2473,1,2933.69,22566.74,0.473808,1.174316942229427e-06,0.770581,265.8,0.2408,261.0,0.6
2474,1,2934.4,22561.91,0.424156,1.174302569433159e-06,0.558457,245.9,0.2603,259.9,0.6
2475,1,2935.08,22556.84,0.472082,1.1742881891693894e-06,0.74198,263.1,0.2433,259.7,0.7
2476,1,2935.77,22551.86,0.422763,1.1742738014384438e-06,0.591444,265.6,0.241,259.6,0.7
2477,1,2936.47,22546.9,0.487466,1.1742594062406472e-06,0.840136,263.6,0.2428,259.5,0.7
2478,1,2937.16,22541.91,0.458003,1.174245003576325e-06,0.571121,267.1,0.2396,259.5,0.7
2479,1,2937.85,22536.97,0.40498,1.1742305934458028e-06,0.565469,263.9,0.2425,259.5,0.7
2480,1,2938.55,22532.01,0.429987,1.1742161758494062e-06,0.663659,265.0,0.2415,260.8,0.7
2481,1,2939.26,22527.19,0.442191,1.1742017507874615e-06,0.607421,266.6,0.2401,260.7,0.7
2482,1,2939.95,22522.24,0.445412,1.1741873182602941e-06,1.025879,264.6,0.2419,260.7,0.7
2483,1,2940.65,22517.32,0.469017,1.1741728782682306e-06,0.868855,262.2,0.2441,262.3,0.7
2484,1,2941.34,22512.35,0.408704,1.1741584308115972e-06,0.77206,265.7,0.2409,262.4,0.7
2485,1,2942.03,22507.43,0.385116,1.1741439758907207e-06,0.600481,261.6,0.2447,262.2,0.7
2486,1,2942.72,22502.45,0.41755,1.1741295135059276e-06,0.516989,266.3,0.2404,262.2,0.7
2487,1,2943.42,22497.55,0.416976,1.174115043657545e-06,0.532042,264.1,0.2424,262.2,0.7
2488,1,2944.11,22492.6,0.515853,1.1741005663459e-06,0.737602,265.7,0.2409,262.2,0.7
2489,1,2944.8,22487.66,0.48389,1.1740860815713196e-06,0.88067,266.1,0.2405,262.2,0.7
2490,1,2945.49,22482.71,0.441923,1.1740715893341313e-06,0.827383,266.8,0.2399,262.2,0.7
2491,1,2946.18,22477.78,0.415763,1.1740570896346627e-06,0.601526,266.9,0.2398,262.4,0.7
2492,1,2946.87,22472.87,0.387572,1.1740425824732417e-06,0.638214,264.8,0.2417,262.2,0.7
2493,1,2947.57,22467.97,0.429071,1.1740280678501962e-06,0.579173,263.5,0.2429,262.1,0.7
2494,1,2948.26,22463.05,0.460743,1.1740135457658537e-06,0.986853,267.3,0.2395,263.2,0.7
2495,1,2948.95,22458.15,0.412723,1.1739990162205432e-06,0.797744,265.9,0.2407,263.3,0.7
2496,1,2949.65,22453.24,0.392447,1.1739844792145927e-06,0.952546,265.6,0.241,263.4,0.7
2497,1,2950.34,22448.31,0.482439,1.1739699347483308e-06,0.856186,267.7,0.2391,263.6,0.7
2498,1,2951.03,22443.41,0.511487,1.1739553828220864e-06,1.049493,265.7,0.2409,263.6,0.6
2499,1,2951.72,22438.5,0.453069,1.1739408234361884e-06,0.835264,266.2,0.2404,263.7,0.6
2500,1,2952.41,22433.59,0.410139,1.1739262565909658e-06,0.535092,266.2,0.2404,263.8,0.6
2501,1,2953.13,22428.87,0.418138,1.173911682286748e-06,0.466124,266.7,0.2399,263.8,0.6
2502,1,2953.82,22423.98,0.449998,1.1738971005238644e-06,0.641088,265.3,0.2413,263.8,0.6
2503,1,2954.53,22419.29,0.450169,1.1738825113026445e-06,0.982122,241.4,0.2652,262.7,0.6
2504,1,2955.2,22414.2,0.418036,1.1738679146234181e-06,0.450195,267.0,0.2397,262.7,0.6
2505,1,2955.89,22409.33,0.435656,1.1738533104865151e-06,0.656691,263.8,0.2426,262.9,0.6
2506,1,2956.58,22404.42,0.428246,1.1738386988922659e-06,0.693627,269.0,0.2379,263.0,0.6
2507,1,2957.28,22399.56,0.38496,1.1738240798410003e-06,0.662812,265.0,0.2415,263.1,0.6
2508,1,2958.0,22394.91,0.444434,1.173809453333049e-06,0.573611,237.7,0.2693,261.5,0.6
2509,1,2958.66,22389.83,0.426384,1.1737948193687427e-06,0.614703,264.2,0.2422,261.4,0.6
2510,1,2959.37,22385.11,0.470618,1.1737801779484119e-06,0.646673,246.0,0.2601,260.4,0.6
2511,1,2960.05,22380.12,0.450284,1.1737655290723877e-06,0.668469,264.7,0.2417,260.2,0.6
2512,1,2960.74,22375.28,0.395889,1.1737508727410011e-06,0.589695,264.6,0.2419,260.2,0.6
2513,1,2961.46,22370.65,0.405641,1.1737362089545836e-06,0.655597,235.9,0.2713,258.7,0.6
2514,1,2962.12,22365.56,0.398222,1.1737215377134664e-06,0.577303,266.0,0.2406,258.7,0.6
2515,1,2962.81,22360.7,0.421186,1.1737068590179815e-06,0.554993,267.1,0.2396,258.8,0.6
2516,1,2963.5,22355.84,0.417167,1.1736921728684604e-06,1.000629,266.0,0.2406,258.8,0.6
2517,1,2964.2,22351.02,0.424696,1.173677479265235e-06,0.831795,263.0,0.2433,258.5,0.6
2518,1,2964.89,22346.16,0.419079,1.1736627782086375e-06,0.8165,265.7,0.2409,258.5,0.6
2519,1,2965.58,22341.33,0.39642,1.1736480696990002e-06,0.54711,265.9,0.2407,258.3,0.7
2520,1,2966.27,22336.51,0.451818,1.1736333537366557e-06,0.758934,263.7,0.2427,258.2,0.7
2521,1,2966.99,22331.85,0.400816,1.1736186303219366e-06,0.602848,266.1,0.2405,258.1,0.7
2522,1,2967.68,22327.01,0.409268,1.1736038994551755e-06,0.705284,268.4,0.2385,258.3,0.7
2523,1,2968.37,22322.19,0.435964,1.1735891611367054e-06,0.616913,265.1,0.2414,259.6,0.7
2524,1,2969.06,22317.34,0.470618,1.1735744153668596e-06,1.004918,268.5,0.2383,259.7,0.7
2525,1,2969.75,22312.53,0.437189,1.1735596621459714e-06,0.850906,266.4,0.2402,259.7,0.7
2526,1,2970.44,22307.72,0.404154,1.173544901474374e-06,0.624914,264.9,0.2416,259.6,0.7
2527,1,2971.13,22302.91,0.415925,1.1735301333524015e-06,0.810366,265.6,0.241,259.6,0.7
2528,1,2971.83,22298.1,0.43375,1.1735153577803871e-06,0.530822,266.0,0.2406,261.1,0.7
2529,1,2972.52,22293.3,0.430802,1.1735005747586654e-06,0.554745,266.4,0.2402,261.2,0.7
2530,1,2973.21,22288.49,0.432571,1.1734857842875702e-06,0.89888,266.8,0.2399,262.3,0.7
2531,1,2973.9,22283.68,0.450478,1.173470986367436e-06,1.149007,265.8,0.2408,262.3,0.7
2532,1,2974.59,22278.86,0.425577,1.173456180998597e-06,1.242419,268.0,0.2388,262.5,0.7
2533,1,2975.28,22274.07,0.421098,1.173441368181388e-06,0.606235,268.0,0.2388,264.3,0.7
2534,1,2975.97,22269.29,0.402666,1.173426547916144e-06,0.813391,262.0,0.2442,264.1,0.7
2535,1,2976.66,22264.46,0.449899,1.1734117202031996e-06,0.879448,266.4,0.2403,264.1,0.7
2536,1,2977.35,22259.67,0.442113,1.1733968850428902e-06,0.804166,267.8,0.239,264.2,0.7
2537,1,2978.04,22254.89,0.448509,1.1733820424355513e-06,0.780135,267.6,0.2392,264.4,0.7
2538,1,2978.73,22250.08,0.436775,1.173367192381518e-06,0.755971,269.1,0.2378,264.6,0.7
2539,1,2979.42,22245.32,0.351051,1.1733523348811262e-06,0.629834,268.9,0.238,264.8,0.7
2540,1,2980.11,22240.56,0.408157,1.1733374699347116e-06,0.467448,265.1,0.2414,264.9,0.7
2541,1,2980.83,22235.98,0.460164,1.1733225975426105e-06,0.745372,266.0,0.2406,264.9,0.7
2542,1,2981.53,22231.28,0.435807,1.1733077177051587e-06,1.072094,267.0,0.2397,264.7,0.7
2543,1,2982.22,22226.52,0.423854,1.1732928304226926e-06,0.608366,266.9,0.2398,264.7,0.7
2544,1,2982.91,22221.77,0.45567,1.1732779356955491e-06,1.153916,266.7,0.24,264.6,0.7
2545,1,2983.6,22216.99,0.448503,1.1732630335240643e-06,0.748815,268.8,0.2381,264.8,0.7
2546,1,2984.3,22212.27,0.448898,1.1732481239085754e-06,0.75358,263.5,0.2429,264.7,0.7
2547,1,2984.99,22207.51,0.409311,1.1732332068494193e-06,0.837654,265.6,0.2409,264.7,0.7
2548,1,2985.68,22202.75,0.448282,1.1732182823469331e-06,0.906359,267.2,0.2396,264.7,0.7
2549,1,2986.37,22198.02,0.380866,1.1732033504014544e-06,0.635301,264.0,0.2424,264.6,0.7
2550,1,2987.06,22193.28,0.448799,1.1731884110133205e-06,0.714085,263.6,0.2427,264.5,0.7
2551,1,2987.75,22188.52,0.421395,1.1731734641828693e-06,0.853571,267.3,0.2395,264.5,0.7
2552,1,2988.44,22183.8,0.481949,1.1731585099104382e-06,0.734335,265.0,0.2415,264.4,0.7
2553,1,2989.13,22179.07,0.441074,1.1731435481963656e-06,0.621074,265.2,0.2413,264.2,0.7
2554,1,2989.83,22174.35,0.425446,1.1731285790409895e-06,0.992255,263.6,0.2428,264.3,0.7
2555,1,2990.51,22169.6,0.423059,1.1731136024446483e-06,0.446211,267.0,0.2397,264.4,0.7
2556,1,2991.21,22164.9,0.446547,1.1730986184076807e-06,0.884696,262.9,0.2434,264.1,0.7
2557,1,2991.89,22160.14,0.41171,1.173083626930425e-06,0.92006,267.5,0.2393,264.1,0.7
2558,1,2992.58,22155.41,0.431922,1.1730686280132204e-06,0.585797,267.8,0.239,264.1,0.7
2559,1,2993.28,22150.71,0.396992,1.173053621656406e-06,0.664162,265.3,0.2412,263.9,0.7
2560,1,2993.97,22146.02,0.469669,1.1730386078603206e-06,0.955657,264.0,0.2424,263.9,0.7
2561,1,2994.68,22141.46,0.403869,1.1730235866253037e-06,0.609473,270.9,0.2362,264.1,0.7
2562,1,2995.37,22136.76,0.401741,1.1730085579516951e-06,0.52158,265.7,0.2409,264.1,0.7
2563,1,2996.06,22132.07,0.467717,1.1729935218398342e-06,0.79933,264.0,0.2424,264.0,0.7
2564,1,2996.75,22127.35,0.440786,1.172978478290061e-06,0.782288,265.4,0.2412,264.0,0.6
2565,1,2997.44,22122.65,0.454006,1.1729634273027156e-06,0.564568,265.9,0.2407,263.8,0.6
2566,1,2998.14,22117.97,0.428706,1.172948368878138e-06,0.990294,263.2,0.2432,263.8,0.6
2567,1,2998.83,22113.32,0.467325,1.1729333030166688e-06,1.254497,265.3,0.2413,263.4,0.8
2568,1,2999.52,22108.62,0.44537,1.1729182297186484e-06,1.059813,265.8,0.2408,263.4,0.8
2569,1,3000.21,22103.93,0.456539,1.1729031489844175e-06,0.99278,267.9,0.2389,263.7,0.7
2570,1,3000.9,22099.23,0.435076,1.1728880608143168e-06,0.565684,269.5,0.2374,264.1,0.7
2571,1,3001.59,22094.52,0.401816,1.1728729652086879e-06,0.674225,269.9,0.2372,264.3,0.7
2572,1,3002.28,22089.84,0.426297,1.1728578621678714e-06,0.762352,268.9,0.238,264.5,0.6
2573,1,3002.96,22085.15,0.42345,1.172842751692209e-06,0.547833,269.8,0.2372,264.9,0.6
2574,1,3003.65,22080.48,0.370986,1.1728276337820424e-06,0.658966,268.3,0.2386,265.1,0.6
2575,1,3004.34,22075.79,0.450588,1.172812508437713e-06,0.624677,271.3,0.2359,265.4,0.6
2576,1,3005.03,22071.11,0.412581,1.1727973756595629e-06,0.526226,269.7,0.2373,265.8,0.6
2577,1,3005.72,22066.44,0.452839,1.172782235447934e-06,0.676607,270.7,0.2364,266.0,0.5
2578,1,3006.41,22061.76,0.416964,1.1727670878031682e-06,0.641012,271.5,0.2357,266.3,0.5
2579,1,3007.1,22057.1,0.438976,1.1727519327256088e-06,0.577924,270.8,0.2364,266.6,0.5
2580,1,3007.79,22052.44,0.463475,1.1727367702155976e-06,0.666189,273.6,0.2339,267.1,0.5
2581,1,3008.48,22047.85,0.388152,1.1727216002734775e-06,0.865449,271.1,0.236,267.2,0.4
2582,1,3009.17,22043.16,0.447533,1.1727064228995916e-06,0.710019,272.0,0.2353,267.6,0.4
2583,1,3009.86,22038.52,0.424451,1.1726912380942826e-06,0.816665,270.7,0.2364,268.0,0.4
2584,1,3010.55,22033.84,0.383718,1.172676045857894e-06,0.516121,273.3,0.2342,268.5,0.3
2585,1,3011.24,22029.21,0.405788,1.172660846190769e-06,0.545938,269.1,0.2378,268.7,0.3
2586,1,3011.92,22024.54,0.455364,1.1726456390932516e-06,0.68802,271.6,0.2357,269.3,0.3
2587,1,3012.62,22019.93,0.454948,1.1726304245656849e-06,0.803194,268.9,0.238,269.9,0.1
2588,1,3013.3,22015.27,0.414656,1.172615202608413e-06,0.625934,269.8,0.2372,270.1,0.1
2589,1,3013.99,22010.63,0.432043,1.1725999732217801e-06,0.628875,268.5,0.2384,270.2,0.1
2590,1,3014.68,22005.99,0.400084,1.1725847364061306e-06,0.47948,270.0,0.2371,270.2,0.1
2591,1,3015.37,22001.36,0.435245,1.1725694921618086e-06,0.730616,270.5,0.2366,270.2,0.1
2592,1,3016.06,21996.75,0.448988,1.1725542404891586e-06,0.811279,267.9,0.2389,270.2,0.1
2593,1,3016.75,21992.14,0.410461,1.1725389813885256e-06,0.608867,269.5,0.2375,270.1,0.1
2594,1,3017.44,21987.53,0.445201,1.1725237148602545e-06,0.660233,268.9,0.238,270.2,0.1
2595,1,3018.13,21982.92,0.412307,1.1725084409046904e-06,0.833911,268.1,0.2387,270.0,0.1
2596,1,3018.82,21978.28,0.436079,1.1724931595221785e-06,0.620529,272.8,0.2346,270.2,0.1
2597,1,3019.51,21973.68,0.484626,1.172477870713064e-06,0.796171,272.5,0.2349,270.3,0.1
2598,1,3020.2,21969.1,0.461297,1.1724625744776929e-06,0.77293,266.2,0.2405,270.0,0.1
2599,1,3020.89,21964.48,0.44955,1.1724472708164103e-06,0.651425,271.0,0.2362,270.0,0.1
2600,1,3021.58,21959.89,0.430847,1.1724319597295626e-06,0.708426,269.2,0.2378,269.8,0.1
2601,1,3051.83,22170.09,0.47153,1.1724166412174957e-06,0.612409,242.2,0.2642,268.2,0.1
2602,1,3052.51,22165.28,0.442854,1.1724013152805562e-06,0.648019,266.6,0.2401,267.9,0.1
2603,1,3053.19,22160.59,0.434999,1.17238598191909e-06,0.667261,268.6,0.2383,267.8,0.1
2604,1,3053.88,22155.91,0.40069,1.1723706411334442e-06,0.576114,267.4,0.2393,267.5,0.1
2605,1,3054.57,22151.23,0.486441,1.1723552929239652e-06,0.632709,267.2,0.2395,267.4,0.1
2606,1,3055.26,22146.56,0.414016,1.172339937291e-06,0.571906,267.4,0.2394,267.2,0.1
2607,1,3055.95,22141.89,0.425467,1.1723245742348956e-06,0.857469,269.2,0.2378,267.2,0.1
2608,1,3056.65,22137.24,0.427208,1.1723092037559994e-06,0.713277,266.6,0.2401,267.1,0.1
2609,1,3057.33,22132.57,0.414056,1.172293825854659e-06,0.782893,268.9,0.238,267.1,0.1
2610,1,3058.02,22127.9,0.412165,1.1722784405312217e-06,0.530349,271.2,0.236,267.1,0.1
2611,1,3058.71,22123.25,0.446482,1.1722630477860352e-06,0.57995,270.1,0.237,267.1,0.1
2612,1,3059.41,22118.61,0.415537,1.1722476476194476e-06,0.823694,267.5,0.2393,267.1,0.1
2613,1,3060.1,22113.96,0.426009,1.172232240031807e-06,0.661591,268.7,0.2382,267.0,0.1
2614,1,3060.78,22109.3,0.422433,1.1722168250234615e-06,0.626009,272.3,0.235,267.2,0.1
2615,1,3061.48,22104.68,0.408677,1.1722014025947596e-06,0.731738,266.3,0.2403,267.1,0.1
2616,1,3062.16,22100.03,0.456122,1.17218597274605e-06,0.661807,269.5,0.2375,267.0,0.1
2617,1,3062.86,22095.41,0.406778,1.1721705354776816e-06,0.831203,268.4,0.2384,266.7,0.1
2618,1,3063.55,22090.8,0.370803,1.172155090790003e-06,0.661343,267.2,0.2395,266.8,0.1
2619,1,3064.24,22086.16,0.436903,1.1721396386833635e-06,0.626932,270.0,0.237,266.7,0.1
2620,1,3064.93,22081.55,0.432979,1.1721241791581122e-06,0.80211,269.4,0.2376,266.7,0.1
2621,1,3065.65,22077.12,0.430469,1.1721087122145988e-06,0.725983,271.8,0.2355,268.4,0.1
2622,1,3066.34,22072.52,0.429208,1.1720932378531728e-06,0.742448,269.9,0.2371,268.6,0.1
2623,1,3067.03,22067.91,0.426558,1.172077756074184e-06,0.591305,268.5,0.2384,268.5,0.1
2624,1,3067.73,22063.31,0.422223,1.1720622668779821e-06,0.621232,269.6,0.2374,268.6,0.1
2625,1,3068.42,22058.71,0.394617,1.1720467702649176e-06,0.672237,269.4,0.2376,268.8,0.1
2626,1,3069.11,22054.12,0.445603,1.1720312662353406e-06,0.842787,268.8,0.2381,268.8,0.1
2627,1,3069.8,22049.53,0.444424,1.1720157547896013e-06,0.73364,268.0,0.2388,268.8,0.1
2628,1,3070.49,22044.93,0.393713,1.1720002359280504e-06,0.540235,270.3,0.2368,268.9,0.1
2629,1,3071.19,22040.34,0.437001,1.1719847096510391e-06,0.593198,270.3,0.2368,269.0,0.1
2630,1,3071.88,22035.8,0.457486,1.171969175958918e-06,0.673318,264.2,0.2422,268.7,0.1
2631,1,3072.57,22031.2,0.422667,1.1719536348520382e-06,0.649618,269.6,0.2374,268.7,0.1
2632,1,3073.26,22026.62,0.425542,1.171938086330751e-06,0.971387,269.6,0.2374,268.8,0.1
2633,1,3073.96,22022.07,0.453465,1.1719225303954078e-06,0.580595,266.7,0.24,268.7,0.1
2634,1,3074.65,22017.51,0.461738,1.1719069670463604e-06,0.693391,269.2,0.2378,268.5,0.1
2635,1,3075.34,22012.91,0.409576,1.1718913962839605e-06,0.898778,271.1,0.236,268.7,0.1
2636,1,3076.03,22008.34,0.439283,1.17187581810856e-06,0.533406,269.7,0.2373,268.8,0.1
2637,1,3076.72,22003.76,0.443435,1.1718602325205112e-06,0.758462,269.3,0.2376,268.8,0.1
2638,1,3077.41,21999.2,0.406062,1.171844639520166e-06,0.754562,267.9,0.2389,268.9,0.1
2639,1,3078.11,21994.63,0.433349,1.1718290391078774e-06,0.669041,267.2,0.2396,268.7,0.1
2640,1,3078.79,21990.06,0.426395,1.1718134312839975e-06,0.73999,268.9,0.238,268.7,0.1
2641,1,3079.49,21985.53,0.425417,1.1717978160488794e-06,0.630107,272.4,0.235,268.7,0.1
2642,1,3080.18,21980.97,0.492493,1.171782193402876e-06,0.937514,270.6,0.2365,268.8,0.1
2643,1,3080.87,21976.44,0.435393,1.1717665633463404e-06,0.57054,267.7,0.2391,268.7,0.1
2644,1,3081.57,21971.9,0.387118,1.171750925879626e-06,0.648943,267.0,0.2397,268.6,0.1
2645,1,3082.26,21967.36,0.401037,1.1717352810030859e-06,0.671808,266.7,0.24,268.5,0.1
2646,1,3082.95,21962.81,0.389472,1.1717196287170742e-06,0.488124,268.9,0.238,268.5,0.1
2647,1,3083.64,21958.27,0.413705,1.1717039690219443e-06,0.605109,267.5,0.2393,268.5,0.1
2648,1,3084.33,21953.72,0.384487,1.1716883019180505e-06,0.65098,269.3,0.2376,268.4,0.1
2649,1,3085.02,21949.21,0.443675,1.1716726274057466e-06,0.600114,269.0,0.2379,268.4,0.1
2650,1,3085.72,21944.68,0.446948,1.1716569454853873e-06,0.733589,268.5,0.2384,268.6,0.1
2651,1,3086.41,21940.17,0.472929,1.1716412561573267e-06,0.83155,266.4,0.2402,268.4,0.1
2652,1,3087.1,21935.64,0.367386,1.1716255594219194e-06,0.665821,268.0,0.2388,268.3,0.1
2653,1,3087.79,21931.11,0.464538,1.1716098552795204e-06,0.662435,269.8,0.2373,268.5,0.1
2654,1,3088.48,21926.59,0.407159,1.1715941437304848e-06,0.65273,269.4,0.2376,268.5,0.1
2655,1,3089.17,21922.09,0.432946,1.1715784247751675e-06,0.657675,269.6,0.2374,268.5,0.1
2656,1,3089.87,21917.57,0.411941,1.1715626984139238e-06,0.780628,270.3,0.2367,268.5,0.1
2657,1,3090.56,21913.09,0.48205,1.1715469646471093e-06,0.747849,267.0,0.2397,268.4,0.1
2658,1,3091.25,21908.58,0.418003,1.1715312234750794e-06,0.541747,268.4,0.2385,268.4,0.1
2659,1,3091.94,21904.08,0.415527,1.17151547489819e-06,0.637996,269.2,0.2377,268.5,0.1
2660,1,3092.64,21899.6,0.431734,1.1714997189167975e-06,0.875094,268.0,0.2388,268.4,0.1
2661,1,3093.34,21895.16,0.424853,1.1714839555312574e-06,0.668714,269.6,0.2374,268.3,0.1
2662,1,3094.03,21890.66,0.419183,1.1714681847419262e-06,0.639616,270.3,0.2367,268.3,0.1
2663,1,3094.72,21886.2,0.454234,1.1714524065491608e-06,0.743857,267.0,0.2397,268.2,0.1
2664,1,3095.42,21881.71,0.409207,1.1714366209533171e-06,0.688621,268.9,0.238,268.3,0.1
2665,1,3096.11,21877.23,0.455457,1.1714208279547524e-06,0.679826,266.8,0.2399,268.3,0.1
2666,1,3096.8,21872.78,0.380011,1.1714050275538236e-06,0.646826,265.5,0.2411,268.2,0.1
2667,1,3097.5,21868.32,0.436712,1.1713892197508878e-06,0.754481,266.0,0.2406,268.1,0.1
2668,1,3098.19,21863.84,0.408245,1.1713734045463024e-06,0.619003,268.2,0.2387,268.0,0.1
2669,1,3098.88,21859.36,0.444377,1.1713575819404248e-06,0.602502,269.2,0.2378,268.0,0.1
2670,1,3099.57,21854.9,0.45176,1.1713417519336125e-06,0.600336,269.9,0.2372,268.1,0.1
2671,1,3100.27,21850.44,0.42009,1.1713259145262238e-06,0.626059,267.9,0.2389,268.2,0.1
2672,1,3100.96,21846.0,0.3983,1.171310069718616e-06,0.686711,267.1,0.2396,268.1,0.1
2673,1,3101.65,21841.51,0.427231,1.1712942175111477e-06,0.574732,269.9,0.2371,268.1,0.1
2674,1,3102.35,21837.08,0.443408,1.171278357904177e-06,0.653171,269.4,0.2376,268.1,0.1
2675,1,3103.04,21832.63,0.367939,1.1712624908980627e-06,0.67299,269.0,0.2379,268.1,0.1
2676,1,3103.73,21828.18,0.372308,1.1712466164931631e-06,0.58855,268.2,0.2386,268.0,0.1
2677,1,3104.42,21823.71,0.448347,1.1712307346898374e-06,0.622696,271.2,0.236,268.2,0.1
2678,1,3105.11,21819.27,0.409353,1.1712148454884442e-06,0.629436,270.2,0.2369,268.3,0.1
2679,1,3105.8,21814.82,0.450594,1.1711989488893426e-06,0.64072,269.1,0.2378,268.3,0.1
2680,1,3106.5,21810.39,0.479489,1.1711830448928924e-06,1.065204,267.9,0.2389,268.3,0.1
2681,1,3107.2,21806.02,0.45044,1.1711671334994526e-06,0.583517,269.8,0.2372,268.3,0.1
2682,1,3107.89,21801.59,0.407847,1.171151214709383e-06,0.78857,268.1,0.2387,268.2,0.1
2683,1,3108.58,21797.17,0.393901,1.1711352885230435e-06,0.592118,268.4,0.2384,268.2,0.1
2684,1,3109.28,21792.73,0.424271,1.171119354940794e-06,0.749751,271.2,0.236,268.4,0.1
2685,1,3109.97,21788.31,0.437397,1.1711034139629948e-06,0.758484,268.7,0.2382,268.5,0.1
2686,1,3110.66,21783.9,0.49898,1.1710874655900061e-06,1.006611,269.0,0.238,268.6,0.1
2687,1,3147.83,22034.78,0.438704,1.1710715098221884e-06,0.814512,0.6,36.7092,30.0,0.0
2688,2,3156.71,22087.57,0.416607,1.1710555466599022e-06,0.546648,152.9,0.4185,7.3,95.3
2689,2,3166.6,22147.35,0.420922,1.1710395761035086e-06,0.485699,189.9,0.337,7.0,95.8
2690,2,3167.28,22142.69,0.437092,1.1710235981533684e-06,0.929103,273.6,0.2339,10.4,94.6
2691,2,3167.97,22138.14,0.471391,1.1710076128098427e-06,1.046642,270.5,0.2366,13.7,93.4
2692,2,3168.67,22133.62,0.454535,1.1709916200732929e-06,0.691942,266.1,0.2405,16.9,92.2
2693,2,3169.37,22129.07,0.427945,1.1709756199440805e-06,0.70922,265.6,0.2409,20.1,91.1
2694,2,3170.06,22124.54,0.433733,1.1709596124225675e-06,0.740255,262.9,0.2434,23.1,89.9
2695,2,3170.76,22119.99,0.440412,1.1709435975091152e-06,0.770013,265.5,0.2411,26.1,88.8
2696,2,3171.45,22115.43,0.402921,1.170927575204086e-06,0.693535,269.0,0.2379,29.0,87.8
2697,2,3172.15,22110.97,0.476418,1.170911545507842e-06,0.736767,255.6,0.2504,31.8,86.7
2698,2,3172.84,22106.36,0.436135,1.170895508420745e-06,0.664799,266.4,0.2403,34.6,85.7
2699,2,3173.53,22101.82,0.445442,1.170879463943158e-06,0.837849,270.0,0.237,37.3,84.7
2700,2,3174.22,22097.29,0.392029,1.1708634120754437e-06,0.883134,268.6,0.2383,39.9,83.7
2701,2,3174.94,22092.91,0.426692,1.1708473528179646e-06,0.609962,258.8,0.2473,42.5,82.7
2702,2,3175.62,22088.29,0.416846,1.1708312861710838e-06,0.576387,274.0,0.2336,45.0,81.8
2703,2,3176.32,22083.86,0.383408,1.1708152121351644e-06,0.564457,257.9,0.2482,47.5,80.9
2704,2,3177.01,22079.25,0.443232,1.17079913071057e-06,0.669595,273.5,0.234,49.9,80.0
2705,2,3177.7,22074.75,0.443614,1.170783041897664e-06,0.629884,270.7,0.2365,52.3,79.1
2706,2,3178.4,22070.24,0.470793,1.17076694569681e-06,0.859547,269.9,0.2371,54.6,78.3
2707,2,3179.09,22065.73,0.444231,1.170750842108372e-06,0.652511,269.0,0.2379,56.9,77.5
2708,2,3179.79,22061.23,0.38529,1.1707347311327135e-06,0.776706,265.8,0.2408,91.9,64.9
2709,2,3180.47,22056.69,0.406467,1.170718612770199e-06,0.740152,274.7,0.233,266.6,0.3
2710,2,3181.17,22052.22,0.437004,1.170702487021193e-06,0.599752,270.0,0.2371,266.4,0.3
2711,2,3181.87,22047.71,0.381775,1.1706863538860598e-06,0.578555,270.5,0.2366,266.4,0.3
2712,2,3182.57,22043.26,0.405841,1.170670213365164e-06,0.623334,266.0,0.2406,266.4,0.3
2713,2,3183.26,22038.76,0.459832,1.1706540654588706e-06,0.575687,269.8,0.2372,266.6,0.3
2714,2,3183.95,22034.25,0.395762,1.1706379101675443e-06,0.731508,273.1,0.2344,267.1,0.3
2715,2,3184.65,22029.81,0.425522,1.1706217474915507e-06,0.642837,266.7,0.2399,267.2,0.3
2716,2,3185.34,22025.29,0.415587,1.1706055774312548e-06,0.762149,272.6,0.2348,267.4,0.3
2717,2,3186.04,22020.83,0.374655,1.1705893999870221e-06,0.675936,269.4,0.2375,268.1,0.3
2718,2,3186.74,22016.38,0.39118,1.1705732151592185e-06,0.52059,268.3,0.2385,268.2,0.3
2719,2,3187.43,22011.9,0.389982,1.1705570229482096e-06,0.874597,271.9,0.2354,268.3,0.3
2720,2,3188.13,22007.45,0.425849,1.1705408233543615e-06,0.58421,269.1,0.2378,268.3,0.3
2721,2,3188.83,22003.06,0.47348,1.1705246163780405e-06,0.545593,269.8,0.2372,268.9,0.3
2722,2,3189.52,21998.58,0.460875,1.1705084020196129e-06,0.657553,270.3,0.2367,268.7,0.3
2723,2,3190.22,21994.12,0.43997,1.1704921802794447e-06,0.731712,270.7,0.2364,269.4,0.2
2724,2,3190.92,21989.67,0.38583,1.1704759511579032e-06,0.708555,268.6,0.2383,269.2,0.2
2725,2,3191.62,21985.27,0.420888,1.170459714655355e-06,0.603557,261.6,0.2447,268.7,0.2
2726,2,3192.31,21980.78,0.393092,1.1704434707721669e-06,0.569351,266.3,0.2403,268.6,0.2
2727,2,3193.0,21976.33,0.473873,1.1704272195087064e-06,0.792082,269.2,0.2377,268.6,0.2
2728,2,3193.7,21971.9,0.416551,1.1704109608653407e-06,0.59825,268.4,0.2385,268.7,0.2
2729,2,3194.4,21967.47,0.37688,1.1703946948424372e-06,0.530888,267.5,0.2392,268.3,0.2
2730,2,3195.09,21963.04,0.450858,1.1703784214403638e-06,0.67379,269.0,0.2379,268.3,0.2
2731,2,3195.79,21958.59,0.45207,1.1703621406594881e-06,0.823705,271.6,0.2356,268.3,0.2
2732,2,3196.49,21954.2,0.475128,1.1703458525001782e-06,0.636088,267.2,0.2395,268.4,0.2
2733,2,3197.18,21949.75,0.480681,1.1703295569628021e-06,1.082321,271.3,0.2359,268.5,0.2
2734,2,3197.88,21945.34,0.412887,1.1703132540477287e-06,0.710475,269.4,0.2376,268.3,0.2
2735,2,3198.57,21940.92,0.462928,1.1702969437553258e-06,0.663712,267.9,0.2389,268.3,0.2
2736,2,3199.27,21936.52,0.420302,1.1702806260859625e-06,0.753013,267.9,0.2389,268.1,0.2
2737,2,3199.98,21932.2,0.444471,1.1702643010400075e-06,0.688863,256.4,0.2496,267.4,0.2
2738,2,3200.66,21927.71,0.448728,1.1702479686178296e-06,0.737868,271.6,0.2356,267.6,0.2
2739,2,3201.37,21923.34,0.431396,1.1702316288197983e-06,0.760619,267.9,0.2389,267.4,0.2
2740,2,3202.06,21918.92,0.426767,1.1702152816462828e-06,0.564576,270.0,0.237,267.5,0.2
2741,2,3202.78,21914.69,0.449584,1.1701989270976526e-06,0.579591,257.3,0.2487,266.8,0.2
2742,2,3203.47,21910.21,0.413009,1.1701825651742775e-06,0.760382,268.3,0.2385,266.7,0.2
2743,2,3204.17,21905.84,0.443438,1.170166195876527e-06,0.696155,267.5,0.2393,266.5,0.2
2744,2,3204.86,21901.43,0.462652,1.1701498192047715e-06,0.676484,271.0,0.2362,266.6,0.3
2745,2,3205.56,21897.07,0.42382,1.1701334351593808e-06,0.692731,267.3,0.2394,266.9,0.3
2746,2,3206.26,21892.71,0.434284,1.1701170437407254e-06,1.08184,267.7,0.2391,267.0,0.3
2747,2,3206.96,21888.34,0.448112,1.1701006449491756e-06,0.687101,266.9,0.2398,266.9,0.3
2748,2,3207.66,21883.97,0.444149,1.1700842387851026e-06,0.774342,267.0,0.2397,266.8,0.3
2749,2,3208.35,21879.57,0.407955,1.170067825248877e-06,0.614075,273.0,0.2344,267.0,0.3
2750,2,3209.05,21875.23,0.439915,1.1700514043408697e-06,0.650745,267.6,0.2391,267.0,0.3
2751,2,3209.75,21870.88,0.442729,1.1700349760614519e-06,0.669132,266.4,0.2402,266.7,0.3
2752,2,3210.44,21866.48,0.378954,1.1700185404109947e-06,0.660967,274.3,0.2333,267.0,0.3
2753,2,3211.15,21862.17,0.403042,1.17000209738987e-06,0.781646,264.4,0.2421,266.7,0.3
2754,2,3211.85,21857.83,0.414976,1.169985646998449e-06,0.540366,265.8,0.2408,266.5,0.3
2755,2,3212.54,21853.46,0.456804,1.1699691892371042e-06,0.573195,267.7,0.2391,266.5,0.3
2756,2,3213.24,21849.11,0.387346,1.169952724106207e-06,0.588232,267.4,0.2393,266.5,0.3
2757,2,3213.94,21844.76,0.425229,1.16993625160613e-06,0.800436,268.2,0.2387,267.1,0.3
2758,2,3214.64,21840.45,0.428971,1.169919771737245e-06,0.845316,265.3,0.2412,266.8,0.3
2759,2,3215.34,21836.1,0.394985,1.1699032844999248e-06,0.619039,267.6,0.2392,266.8,0.3
2760,2,3216.05,21831.86,0.434705,1.1698867898945424e-06,0.803478,254.4,0.2515,266.0,0.3
2761,2,3216.76,21827.56,0.453425,1.1698702879214703e-06,0.893553,268.3,0.2385,266.5,0.3
2762,2,3217.45,21823.23,0.440692,1.1698537785810814e-06,0.737172,269.5,0.2374,266.6,0.3
2763,2,3218.16,21818.93,0.407906,1.169837261873749e-06,0.611395,266.1,0.2405,266.5,0.3
2764,2,3218.86,21814.63,0.439966,1.1698207377998464e-06,0.854155,266.4,0.2403,266.3,0.3
2765,2,3219.56,21810.31,0.428991,1.1698042063597472e-06,0.776026,269.7,0.2373,266.4,0.3
2766,2,3220.27,21806.08,0.407266,1.169787667553825e-06,0.848407,257.2,0.2488,265.8,0.3
2767,2,3220.97,21801.77,0.382729,1.1697711213824535e-06,1.000989,258.4,0.2476,265.4,0.3
2768,2,3221.66,21797.41,0.407127,1.169754567846007e-06,0.700729,267.0,0.2397,265.4,0.3
2769,2,3222.36,21793.12,0.450624,1.1697380069448593e-06,0.922736,264.7,0.2418,265.0,0.3
2770,2,3223.06,21788.82,0.386979,1.169721438679385e-06,0.497534,265.7,0.2409,264.9,0.3
2771,2,3223.76,21784.51,0.426174,1.1697048630499586e-06,0.629608,267.0,0.2397,264.9,0.3
2772,2,3224.46,21780.23,0.432366,1.1696882800569548e-06,0.856909,266.3,0.2404,264.6,0.3
2773,2,3225.16,21775.95,0.474328,1.169671689700748e-06,0.821431,267.5,0.2393,264.7,0.3
2774,2,3225.86,21771.66,0.479951,1.1696550919817136e-06,0.822063,266.7,0.24,264.8,0.3
2775,2,3226.58,21767.48,0.415073,1.1696384869002267e-06,0.680265,252.4,0.2536,264.0,0.3
2776,2,3227.27,21763.15,0.416459,1.1696218744566627e-06,0.720682,263.3,0.2431,263.8,0.3
2777,2,3227.97,21758.84,0.466291,1.1696052546513971e-06,0.621611,268.0,0.2388,263.8,0.3
2778,2,3228.67,21754.6,0.391797,1.1695886274848054e-06,0.675808,264.3,0.2422,263.7,0.3
2779,2,3229.37,21750.33,0.436112,1.1695719929572635e-06,0.807813,267.4,0.2393,263.7,0.3
2780,2,3230.07,21746.05,0.384902,1.1695553510691472e-06,0.633439,269.3,0.2377,264.4,0.3
2781,2,3230.78,21741.83,0.42348,1.169538701820833e-06,0.920547,270.2,0.2368,264.5,0.3
2782,2,3231.48,21737.6,0.449646,1.1695220452126972e-06,0.944244,266.5,0.2401,264.4,0.3
2783,2,3232.19,21733.34,0.429718,1.169505381245116e-06,0.589251,267.4,0.2393,264.4,0.3
2784,2,3232.89,21729.09,0.447184,1.1694887099184662e-06,0.778189,266.5,0.2401,264.5,0.3
2785,2,3233.59,21724.85,0.391517,1.169472031233125e-06,0.773896,267.2,0.2395,264.3,0.3
2786,2,3234.29,21720.59,0.444059,1.1694553451894687e-06,0.751189,268.7,0.2382,265.0,0.3
2787,2,3235.0,21716.39,0.396702,1.169438651787875e-06,0.612835,262.3,0.244,265.2,0.3
2788,2,3235.7,21712.12,0.430521,1.169421951028721e-06,0.659186,267.9,0.2389,265.2,0.3
2789,2,3236.4,21707.91,0.4462,1.1694052429123844e-06,0.637824,265.1,0.2414,265.2,0.3
2790,2,3237.1,21703.66,0.424508,1.1693885274392427e-06,0.638994,265.3,0.2412,265.2,0.3
2791,2,3237.8,21699.4,0.436683,1.1693718046096737e-06,0.862727,269.1,0.2378,265.3,0.3
2792,2,3238.5,21695.18,0.399292,1.1693550744240555e-06,0.566322,266.7,0.2399,265.4,0.3
2793,2,3239.21,21690.96,0.41896,1.169338336882766e-06,0.972416,264.9,0.2416,265.2,0.3
2794,2,3239.91,21686.73,0.392276,1.169321591986184e-06,0.631114,267.6,0.2392,265.3,0.3
2795,2,3240.61,21682.49,0.403194,1.1693048397346874e-06,0.556927,267.1,0.2396,266.1,0.3
2796,2,3241.31,21678.3,0.424258,1.1692880801286553e-06,0.59803,262.2,0.2441,266.0,0.3
2797,2,3242.01,21674.05,0.399727,1.1692713131684664e-06,0.553159,265.9,0.2407,265.9,0.3
2798,2,3242.71,21669.82,0.391095,1.1692545388544998e-06,0.599551,266.6,0.24,266.0,0.3
2799,2,3243.41,21665.59,0.423672,1.1692377571871344e-06,0.779569,269.4,0.2375,266.1,0.3
2800,2,3244.12,21661.43,0.398386,1.1692209681667499e-06,0.668959,259.3,0.2468,265.6,0.3
2801,2,3388.93,22619.06,0.446552,1.1692041717937253e-06,1.018185,231.7,0.2762,263.4,0.3
2802,2,3389.6,22614.27,0.433484,1.1691873680684406e-06,0.768797,267.4,0.2393,263.5,0.3
2803,2,3390.3,22609.68,0.43763,1.1691705569912755e-06,0.903029,266.7,0.24,263.4,0.3
2804,2,3391.0,22605.08,0.442533,1.1691537385626102e-06,0.700756,265.8,0.2408,263.4,0.3
2805,2,3391.71,22600.49,0.417013,1.1691369127828245e-06,0.747412,263.1,0.2433,263.2,0.3
2806,2,3392.4,22595.86,0.415896,1.1691200796522989e-06,0.559301,269.4,0.2376,263.2,0.3
2807,2,3393.1,22591.28,0.41015,1.1691032391714138e-06,0.790964,264.6,0.2419,263.3,0.3
2808,2,3393.8,22586.68,0.458631,1.1690863913405498e-06,0.682448,268.2,0.2387,263.3,0.3
2809,2,3394.52,22582.17,0.425715,1.1690695361600882e-06,0.717584,253.3,0.2526,262.7,0.3
2810,2,3395.2,22577.49,0.388153,1.1690526736304095e-06,0.600067,269.7,0.2373,262.9,0.3
2811,2,3395.9,22572.91,0.430999,1.1690358037518947e-06,0.532623,266.5,0.2402,262.8,0.3
2812,2,3396.6,22568.32,0.401555,1.1690189265249256e-06,0.492696,270.3,0.2368,263.0,0.3
2813,2,3397.3,22563.73,0.495423,1.1690020419498833e-06,0.706331,269.3,0.2377,263.2,0.3
2814,2,3398.0,22559.15,0.397814,1.1689851500271498e-06,0.463938,267.4,0.2394,263.2,0.3
2815,2,3398.7,22554.59,0.434349,1.1689682507571068e-06,0.673939,268.6,0.2383,263.2,0.3
2816,2,3399.4,22550.02,0.456282,1.1689513441401361e-06,0.803646,267.9,0.2389,263.5,0.3
2817,2,3400.1,22545.45,0.443477,1.16893443017662e-06,0.663384,269.7,0.2373,263.8,0.3
2818,2,3400.81,22540.91,0.39742,1.1689175088669407e-06,0.553235,266.6,0.2401,263.8,0.3
2819,2,3401.51,22536.37,0.418932,1.1689005802114808e-06,0.888487,263.6,0.2428,263.5,0.2
2820,2,3402.21,22531.8,0.412047,1.1688836442106231e-06,0.836715,267.8,0.239,263.9,0.2
2821,2,3402.92,22527.29,0.484847,1.1688667008647502e-06,0.606033,270.5,0.2366,266.2,0.2
2822,2,3403.62,22522.77,0.444379,1.1688497501742448e-06,0.806472,266.7,0.24,266.1,0.2
2823,2,3404.33,22518.24,0.379784,1.1688327921394907e-06,0.662706,267.6,0.2391,266.2,0.2
2824,2,3405.03,22513.7,0.430795,1.1688158267608706e-06,0.838361,268.5,0.2384,266.3,0.2
2825,2,3405.74,22509.2,0.465139,1.1687988540387683e-06,0.714654,261.8,0.2444,266.3,0.2
2826,2,3406.44,22504.67,0.432331,1.1687818739735673e-06,0.77417,263.4,0.243,266.0,0.2
2827,2,3407.14,22500.13,0.413272,1.1687648865656516e-06,0.848979,268.6,0.2383,266.2,0.2
2828,2,3407.84,22495.61,0.429552,1.1687478918154048e-06,0.849636,265.8,0.2407,266.2,0.2
2829,2,3408.56,22491.17,0.403708,1.1687308897232116e-06,0.503064,254.8,0.2512,266.2,0.2
2830,2,3409.25,22486.59,0.409651,1.1687138802894556e-06,0.740182,264.5,0.2419,266.0,0.2
2831,2,3409.95,22482.08,0.401396,1.1686968635145218e-06,0.698014,265.2,0.2414,265.9,0.2
2832,2,3410.66,22477.59,0.398398,1.1686798393987947e-06,0.662541,261.4,0.2448,265.4,0.2
2833,2,3411.36,22473.06,0.412229,1.168662807942659e-06,0.898138,264.4,0.2421,265.1,0.2
2834,2,3412.07,22468.6,0.424079,1.1686457691464999e-06,0.702408,260.8,0.2454,264.8,0.2
2835,2,3412.76,22464.06,0.46607,1.1686287230107023e-06,0.751205,270.7,0.2364,264.9,0.2
2836,2,3413.47,22459.58,0.361981,1.1686116695356518e-06,0.700945,268.6,0.2383,264.9,0.2
2837,2,3414.18,22455.1,0.433809,1.1685946087217335e-06,0.696013,264.4,0.2421,264.7,0.2
2838,2,3414.88,22450.6,0.429434,1.1685775405693332e-06,0.769474,266.4,0.2402,264.6,0.2
2839,2,3415.59,22446.16,0.446353,1.1685604650788365e-06,0.825811,261.0,0.2452,264.5,0.2
2840,2,3416.3,22441.69,0.461018,1.1685433822506298e-06,0.922773,261.5,0.2447,264.2,0.2
2841,2,3417.0,22437.24,0.458765,1.168526292085099e-06,0.703898,268.5,0.2384,264.1,0.2
2842,2,3417.71,22432.76,0.445706,1.1685091945826304e-06,1.063017,267.3,0.2394,264.1,0.2
2843,2,3418.41,22428.29,0.445419,1.1684920897436103e-06,0.788337,266.8,0.2399,264.0,0.2
2844,2,3419.12,22423.84,0.421864,1.1684749775684255e-06,0.572597,264.3,0.2422,263.8,0.3
2845,2,3419.82,22419.37,0.418619,1.1684578580574629e-06,0.644134,268.8,0.2381,264.1,0.3
2846,2,3420.53,22414.93,0.447969,1.1684407312111091e-06,0.593809,265.3,0.2413,264.2,0.3
2847,2,3421.23,22410.45,0.458371,1.1684235970297517e-06,0.749034,266.1,0.2405,264.0,0.3
2848,2,3421.94,22406.0,0.398795,1.1684064555137775e-06,0.859005,268.5,0.2383,264.1,0.3
2849,2,3422.64,22401.56,0.427692,1.1683893066635742e-06,0.765386,265.5,0.2411,264.6,0.3
2850,2,3423.35,22397.13,0.407536,1.1683721504795296e-06,0.541504,264.7,0.2418,264.7,0.3
2851,2,3424.05,22392.67,0.402577,1.1683549869620313e-06,0.579058,267.4,0.2393,264.7,0.3
2852,2,3424.76,22388.22,0.420639,1.1683378161114673e-06,0.575895,266.8,0.2398,265.0,0.3
2853,2,3425.47,22383.8,0.415021,1.1683206379282254e-06,0.629324,264.3,0.2422,265.0,0.3
2854,2,3426.17,22379.36,0.482567,1.1683034524126943e-06,0.762309,266.2,0.2405,265.3,0.3
2855,2,3426.88,22374.95,0.408064,1.1682862595652623e-06,0.794239,265.6,0.241,265.1,0.3
2856,2,3427.59,22370.52,0.397864,1.168269059386318e-06,0.641993,265.6,0.241,264.9,0.3
2857,2,3428.29,22366.09,0.399387,1.1682518518762501e-06,0.748118,268.6,0.2383,265.1,0.3
2858,2,3429.0,22361.69,0.410576,1.1682346370354478e-06,0.719289,258.2,0.2479,264.7,0.3
2859,2,3429.71,22357.3,0.385913,1.1682174148642999e-06,0.657962,253.2,0.2528,264.3,0.3
2860,2,3430.4,22352.76,0.383524,1.1682001853631961e-06,0.880491,267.3,0.2394,264.6,0.3
2861,2,3431.11,22348.38,0.398325,1.1681829485325255e-06,0.701504,269.9,0.2371,264.6,0.3
2862,2,3431.81,22343.94,0.406511,1.1681657043726778e-06,0.615832,268.1,0.2387,264.7,0.3
2863,2,3432.51,22339.52,0.414941,1.1681484528840427e-06,0.935976,264.2,0.2423,264.5,0.3
2864,2,3433.21,22335.06,0.411841,1.1681311940670102e-06,0.581248,269.1,0.2379,264.8,0.3
2865,2,3433.92,22330.64,0.447219,1.1681139279219705e-06,0.908393,266.4,0.2402,264.7,0.3
2866,2,3434.62,22326.2,0.436357,1.168096654449314e-06,0.603173,266.9,0.2398,264.8,0.3
2867,2,3435.32,22321.79,0.372528,1.1680793736494307e-06,0.691404,266.5,0.2402,264.8,0.3
2868,2,3436.02,22317.36,0.423632,1.1680620855227115e-06,0.89723,266.6,0.24,264.7,0.3
2869,2,3436.72,22312.95,0.444326,1.168044790069547e-06,0.557768,266.5,0.2402,264.8,0.3
2870,2,3437.44,22308.62,0.451245,1.1680274872903283e-06,0.693033,252.1,0.2538,264.1,0.3
2871,2,3438.12,22304.1,0.459484,1.1680101771854465e-06,0.667288,268.4,0.2384,264.2,0.3
2872,2,3438.83,22299.7,0.41301,1.1679928597552928e-06,0.768339,267.4,0.2394,264.2,0.3
2873,2,3439.53,22295.29,0.428259,1.1679755350002587e-06,0.830577,265.0,0.2415,264.3,0.3
2874,2,3440.23,22290.85,0.440644,1.1679582029207357e-06,0.607889,267.2,0.2395,264.3,0.3
2875,2,3440.93,22286.45,0.446744,1.1679408635171157e-06,1.047183,266.6,0.24,264.3,0.3
2876,2,3441.63,22282.04,0.445746,1.1679235167897905e-06,0.62482,268.6,0.2383,264.5,0.3
2877,2,3442.33,22277.63,0.417702,1.1679061627391523e-06,0.512133,268.2,0.2386,264.5,0.3
2878,2,3443.04,22273.26,0.392128,1.1678888013655932e-06,0.810971,264.6,0.2419,264.8,0.3
2879,2,3443.73,22268.84,0.417058,1.1678714326695058e-06,0.782454,267.1,0.2396,265.5,0.3
2880,2,3444.44,22264.46,0.444649,1.1678540566512824e-06,0.579899,267.0,0.2397,265.5,0.3
2881,2,3445.15,22260.13,0.431076,1.1678366733113164e-06,0.726073,266.9,0.2398,265.3,0.3
2882,2,3445.85,22255.73,0.453458,1.16781928265e-06,0.737609,268.9,0.238,265.4,0.3
2883,2,3446.55,22251.37,0.434087,1.1678018846677268e-06,0.843114,264.2,0.2422,265.4,0.3
2884,2,3447.26,22246.99,0.402804,1.1677844793648897e-06,0.65602,264.5,0.242,265.2,0.3
2885,2,3447.95,22242.59,0.406243,1.1677670667418823e-06,0.896114,268.5,0.2384,265.2,0.3
2886,2,3448.65,22238.2,0.427876,1.1677496467990982e-06,0.571174,267.9,0.2389,265.3,0.3
2887,2,3449.36,22233.83,0.403399,1.167732219536931e-06,0.572695,267.4,0.2393,265.3,0.3
2888,2,3450.06,22229.45,0.414602,1.1677147849557747e-06,0.786421,269.1,0.2378,265.5,0.3
2889,2,3450.76,22225.08,0.477313,1.1676973430560232e-06,0.625703,267.7,0.239,265.5,0.3
2890,2,3451.47,22220.8,0.396206,1.1676798938380712e-06,0.715693,252.1,0.2539,265.5,0.3
2891,2,3452.16,22216.34,0.394729,1.1676624373023127e-06,0.752468,266.9,0.2398,265.4,0.3
2892,2,3452.86,22211.97,0.403884,1.1676449734491424e-06,0.668228,266.4,0.2403,265.4,0.3
2893,2,3453.56,22207.59,0.400335,1.1676275022789551e-06,0.830222,271.2,0.236,265.7,0.3
2894,2,3454.27,22203.31,0.444308,1.1676100237921457e-06,0.785414,255.9,0.2501,265.1,0.3
2895,2,3454.97,22198.91,0.44485,1.1675925379891092e-06,0.604705,264.7,0.2418,265.0,0.3
2896,2,3455.67,22194.57,0.446601,1.167575044870241e-06,0.656193,262.4,0.2439,264.7,0.3
2897,2,3456.37,22190.21,0.434953,1.1675575444359363e-06,0.812442,266.3,0.2404,264.6,0.3
2898,2,3457.07,22185.85,0.441932,1.1675400366865907e-06,0.804959,266.3,0.2403,264.7,0.3
2899,2,3457.77,22181.51,0.429451,1.1675225216226e-06,0.723786,266.5,0.2401,264.7,0.3
2900,2,3458.48,22177.18,0.430432,1.1675049992443602e-06,0.861459,264.6,0.2419,264.6,0.3
2901,2,3459.18,22172.87,0.414066,1.1674874695522672e-06,0.597863,268.7,0.2382,264.7,0.3
2902,2,3459.88,22168.54,0.419179,1.1674699325467172e-06,0.559254,265.7,0.2408,264.5,0.3
2903,2,3460.59,22164.21,0.460179,1.1674523882281067e-06,0.7787,264.7,0.2418,264.5,0.3
2904,2,3461.29,22159.86,0.403558,1.1674348365968323e-06,0.609959,269.9,0.2371,264.8,0.3
2905,2,3461.99,22155.53,0.390072,1.1674172776532906e-06,0.54004,267.1,0.2396,264.8,0.3
2906,2,3462.69,22151.2,0.427366,1.1673997113978784e-06,0.914408,267.5,0.2392,264.8,0.3
2907,2,3463.39,22146.87,0.438623,1.167382137830993e-06,1.001634,269.0,0.2379,264.8,0.3
2908,2,3464.09,22142.57,0.428604,1.1673645569530317e-06,0.461516,263.6,0.2428,264.5,0.3
2909,2,3464.79,22138.23,0.397631,1.1673469687643917e-06,0.510573,267.5,0.2393,264.5,0.3
2910,2,3465.49,22133.9,0.436062,1.1673293732654707e-06,0.853433,267.4,0.2393,265.3,0.3
2911,2,3466.2,22129.6,0.42274,1.167311770456666e-06,0.836912,264.4,0.242,265.2,0.3
2912,2,3466.9,22125.27,0.417454,1.167294160338376e-06,0.799934,265.2,0.2413,265.1,0.3
2913,2,3467.6,22120.98,0.411309,1.1672765429109984e-06,0.586732,260.7,0.2455,264.6,0.3
2914,2,3468.3,22116.64,0.449773,1.1672589181749314e-06,0.655566,267.6,0.2391,265.2,0.3
2915,2,3469.0,22112.32,0.444628,1.1672412861305738e-06,0.767491,267.5,0.2393,265.4,0.3
2916,2,3469.7,22108.01,0.43481,1.1672236467783238e-06,0.525521,268.5,0.2383,265.7,0.3
2917,2,3470.4,22103.71,0.431267,1.1672060001185801e-06,0.792868,266.6,0.2401,265.7,0.3
2918,2,3471.1,22099.41,0.410707,1.1671883461517416e-06,0.772155,268.0,0.2388,265.7,0.3
2919,2,3471.8,22095.1,0.404426,1.1671706848782076e-06,0.690167,269.0,0.2379,265.9,0.3
2920,2,3472.5,22090.79,0.437088,1.167153016298377e-06,0.636686,267.5,0.2393,266.0,0.3
2921,2,3473.21,22086.56,0.439392,1.1671353404126491e-06,0.606773,268.7,0.2382,266.0,0.3
2922,2,3473.91,22082.27,0.413946,1.1671176572214235e-06,0.582886,268.0,0.2388,266.1,0.3
2923,2,3474.61,22077.97,0.403972,1.1670999667251001e-06,0.749763,268.2,0.2386,266.3,0.3
2924,2,3475.31,22073.69,0.426644,1.1670822689240787e-06,0.547,267.3,0.2395,266.2,0.3
2925,2,3476.01,22069.41,0.424518,1.1670645638187593e-06,0.755388,266.5,0.2402,266.1,0.3
2926,2,3476.71,22065.11,0.402523,1.167046851409542e-06,0.780323,269.3,0.2377,266.2,0.3
2927,2,3477.42,22060.86,0.439414,1.1670291316968272e-06,0.527672,264.0,0.2424,266.0,0.3
2928,2,3478.11,22056.54,0.443063,1.1670114046810156e-06,0.792885,270.3,0.2368,266.3,0.3
2929,2,3478.81,22052.27,0.438778,1.1669936703625078e-06,0.63341,269.1,0.2378,266.4,0.3
2930,2,3479.51,22047.99,0.431284,1.1669759287417045e-06,0.783005,267.5,0.2393,266.4,0.3
2931,2,3480.21,22043.7,0.438115,1.1669581798190068e-06,0.793766,269.6,0.2374,266.6,0.3
2932,2,3480.91,22039.44,0.444591,1.166940423594816e-06,0.52126,268.4,0.2385,266.8,0.3
2933,2,3481.61,22035.18,0.459475,1.1669226600695332e-06,0.719843,265.2,0.2413,267.0,0.3
2934,2,3482.31,22030.9,0.420667,1.1669048892435601e-06,0.538468,268.3,0.2385,267.1,0.3
2935,2,3483.01,22026.64,0.462996,1.1668871111172985e-06,0.858047,267.0,0.2397,267.0,0.3
2936,2,3483.71,22022.38,0.428408,1.1668693256911503e-06,0.625981,268.8,0.2381,267.0,0.3
2937,2,3484.41,22018.12,0.400348,1.1668515329655171e-06,0.914571,268.7,0.2382,267.1,0.3
2938,2,3485.11,22013.87,0.411027,1.1668337329408016e-06,0.608513,267.1,0.2396,267.1,0.3
2939,2,3485.81,22009.59,0.474634,1.1668159256174055e-06,0.814529,271.6,0.2357,267.2,0.3
2940,2,3486.51,22005.36,0.442591,1.1667981109957318e-06,0.773558,265.9,0.2407,267.1,0.3
2941,2,3487.22,22001.16,0.492946,1.166780289076183e-06,1.08339,270.1,0.2369,267.2,0.3
2942,2,3487.92,21996.91,0.405313,1.166762459859162e-06,0.828398,269.3,0.2376,267.3,0.3
2943,2,3488.62,21992.67,0.436832,1.1667446233450717e-06,1.145544,267.8,0.239,267.3,0.3
2944,2,3489.33,21988.45,0.462269,1.1667267795343152e-06,0.554777,263.5,0.2429,267.1,0.3
2945,2,3490.02,21984.18,0.413539,1.166708928427296e-06,0.66055,268.1,0.2387,267.2,0.3
2946,2,3490.72,21979.94,0.394488,1.1666910700244174e-06,0.630775,268.1,0.2387,267.1,0.3
2947,2,3491.42,21975.69,0.424466,1.1666732043260835e-06,0.753893,267.3,0.2394,267.3,0.3
2948,2,3492.12,21971.48,0.425832,1.1666553313326977e-06,0.62782,264.9,0.2416,267.0,0.3
2949,2,3492.82,21967.23,0.434405,1.166637451044664e-06,0.78551,267.7,0.2391,267.0,0.3
2950,2,3493.52,21963.0,0.455066,1.1666195634623867e-06,0.610992,266.9,0.2398,266.9,0.3
2951,2,3494.22,21958.78,0.406982,1.1666016685862701e-06,0.553391,267.3,0.2394,266.9,0.3
2952,2,3494.92,21954.54,0.436101,1.1665837664167188e-06,0.782347,267.9,0.2389,266.8,0.3
2953,2,3495.62,21950.31,0.43327,1.1665658569541373e-06,0.584226,269.2,0.2377,267.0,0.3
2954,2,3496.32,21946.09,0.428278,1.1665479401989304e-06,1.129934,266.4,0.2403,266.9,0.3
2955,2,3497.02,21941.87,0.411703,1.166530016151503e-06,0.642092,266.4,0.2402,266.9,0.3
2956,2,3497.72,21937.64,0.454386,1.1665120848122605e-06,1.198707,268.3,0.2385,266.9,0.3
2957,2,3498.42,21933.45,0.4167,1.166494146181608e-06,0.844291,263.4,0.243,266.6,0.3
2958,2,3499.11,21929.2,0.37266,1.1664762002599513e-06,0.512091,270.0,0.2371,266.8,0.3
2959,2,3499.82,21925.0,0.462043,1.1664582470476956e-06,0.663614,266.2,0.2404,266.5,0.3
2960,2,3500.51,21920.78,0.448993,1.1664402865452467e-06,0.870163,269.1,0.2378,266.7,0.3
2961,2,3501.22,21916.61,0.418005,1.166422318753011e-06,0.630759,271.0,0.2362,266.7,0.3
2962,2,3501.92,21912.45,0.45379,1.1664043436713945e-06,0.813709,260.8,0.2454,266.3,0.3
2963,2,3502.62,21908.2,0.454821,1.1663863613008031e-06,0.616799,272.0,0.2353,266.5,0.3
2964,2,3503.32,21904.02,0.422113,1.1663683716416437e-06,0.821219,266.4,0.2402,266.7,0.3
2965,2,3504.03,21899.9,0.434223,1.1663503746943228e-06,0.662762,255.9,0.2501,266.0,0.3
2966,2,3504.72,21895.63,0.478983,1.1663323704592474e-06,0.763872,268.6,0.2383,266.1,0.3
2967,2,3505.42,21891.46,0.395126,1.1663143589368239e-06,0.588199,264.5,0.242,265.9,0.3
2968,2,3506.12,21887.27,0.434131,1.1662963401274598e-06,0.68521,267.6,0.2391,266.0,0.3
2969,2,3506.82,21883.08,0.428534,1.1662783140315626e-06,0.570276,267.6,0.2392,266.0,0.3
2970,2,3507.52,21878.92,0.421347,1.1662602806495392e-06,0.645003,264.7,0.2418,265.9,0.3
2971,2,3508.22,21874.7,0.474278,1.1662422399817975e-06,0.951692,272.1,0.2352,266.1,0.3
2972,2,3508.93,21870.6,0.442422,1.1662241920287454e-06,0.836957,258.2,0.2478,265.6,0.3
2973,2,3509.62,21866.38,0.395781,1.1662061367907906e-06,0.599001,266.0,0.2406,265.4,0.3
2974,2,3510.32,21862.2,0.428507,1.1661880742683414e-06,0.834921,267.5,0.2393,265.5,0.3
2975,2,3511.02,21858.04,0.449135,1.1661700044618062e-06,0.767085,264.5,0.242,265.4,0.3
2976,2,3511.73,21853.89,0.412477,1.166151927371593e-06,0.764981,264.4,0.2421,265.2,0.3
2977,2,3512.42,21849.69,0.478036,1.166133842998111e-06,0.591422,269.9,0.2371,265.5,0.3
2978,2,3513.12,21845.53,0.437136,1.1661157513417683e-06,0.660794,268.7,0.2382,265.5,0.3
2979,2,3513.83,21841.39,0.478276,1.1660976524029741e-06,0.585012,265.5,0.241,265.5,0.3
2980,2,3514.53,21837.23,0.421949,1.1660795461821378e-06,0.691354,267.9,0.2389,265.4,0.3
2981,2,3515.25,21833.25,0.438568,1.1660614326796681e-06,0.80405,256.6,0.2494,264.6,0.3
2982,2,3515.95,21829.08,0.435225,1.166043311895975e-06,0.578233,261.1,0.2451,264.6,0.3
2983,2,3516.65,21824.9,0.442689,1.1660251838314678e-06,0.642099,266.1,0.2405,264.3,0.3
2984,2,3517.35,21820.76,0.397103,1.1660070484865561e-06,0.73913,263.9,0.2426,264.2,0.3
2985,2,3518.04,21816.58,0.4219,1.16598890586165e-06,1.020452,269.8,0.2372,264.9,0.3
2986,2,3518.75,21812.46,0.447249,1.1659707559571598e-06,0.930335,266.7,0.24,264.8,0.3
2987,2,3519.45,21808.31,0.475534,1.1659525987734954e-06,0.6949,268.2,0.2386,265.0,0.3
2988,2,3520.15,21804.21,0.41059,1.1659344343110672e-06,0.967104,263.1,0.2433,264.8,0.3
2989,2,3520.85,21800.08,0.471398,1.1659162625702862e-06,0.703299,265.1,0.2414,264.7,0.3
2990,2,3521.55,21795.94,0.489481,1.1658980835515627e-06,1.070746,268.0,0.2388,264.9,0.3
2991,2,3522.26,21791.82,0.426961,1.165879897255308e-06,0.987834,266.2,0.2404,264.6,0.3
2992,2,3522.96,21787.71,0.470666,1.165861703681933e-06,0.604994,266.2,0.2404,265.0,0.3
2993,2,3523.67,21783.62,0.484845,1.1658435028318486e-06,0.795047,262.2,0.2441,264.8,0.3
2994,2,3524.36,21779.49,0.444074,1.1658252947054666e-06,0.842005,266.5,0.2401,264.8,0.3
2995,2,3525.07,21775.38,0.42341,1.1658070793031983e-06,0.570634,265.5,0.241,264.8,0.3
2996,2,3525.77,21771.27,0.408359,1.1657888566254556e-06,0.619831,268.2,0.2387,265.0,0.3
2997,2,3526.47,21767.18,0.494789,1.1657706266726506e-06,0.936694,268.3,0.2385,264.9,0.3
2998,2,3527.18,21763.07,0.4016,1.165752389445195e-06,0.589924,265.9,0.2407,264.8,0.3
2999,2,3527.88,21758.97,0.466253,1.1657341449435012e-06,0.874464,265.7,0.2408,264.8,0.3
3000,2,3528.58,21754.87,0.473142,1.1657158931679815e-06,0.940852,265.4,0.2411,264.7,0.3
3001,2,3553.64,21900.9,0.422084,1.1656976341190486e-06,1.134329,235.5,0.2717,263.3,0.3
3002,2,3554.32,21896.63,0.429447,1.165679367797115e-06,0.635048,264.7,0.2417,263.5,0.3
3003,2,3555.03,21892.49,0.399184,1.1656610942025938e-06,0.693899,262.9,0.2434,263.4,0.3
3004,2,3555.73,21888.35,0.38657,1.1656428133358978e-06,0.800728,263.0,0.2434,263.3,0.3
3005,2,3556.43,21884.16,0.448193,1.1656245251974404e-06,0.648629,270.6,0.2365,263.4,0.3
3006,2,3557.13,21880.04,0.460807,1.1656062297876351e-06,0.613642,264.8,0.2417,263.3,0.3
3007,2,3557.83,21875.89,0.480348,1.1655879271068952e-06,0.855368,266.1,0.2405,263.2,0.3
3008,2,3558.53,21871.73,0.46599,1.1655696171556344e-06,0.887288,267.5,0.2392,263.4,0.3
3009,2,3559.24,21867.59,0.461155,1.1655512999342667e-06,1.040535,265.5,0.2411,263.4,0.3
3010,2,3559.94,21863.47,0.409667,1.1655329754432062e-06,0.730166,260.5,0.2457,263.1,0.3
3011,2,3560.64,21859.32,0.428207,1.1655146436828667e-06,0.541861,264.0,0.2424,263.0,0.3
3012,2,3561.34,21855.18,0.432098,1.1654963046536628e-06,0.565364,268.1,0.2387,263.1,0.3
3013,2,3562.04,21851.06,0.431035,1.1654779583560092e-06,0.537784,265.1,0.2415,263.2,0.3
3014,2,3562.74,21846.91,0.444019,1.1654596047903204e-06,0.86927,267.2,0.2395,263.3,0.3
3015,2,3563.44,21842.76,0.400142,1.1654412439570112e-06,0.720203,268.5,0.2384,263.4,0.3
3016,2,3564.14,21838.64,0.421342,1.1654228758564968e-06,0.713585,266.4,0.2403,263.3,0.3
3017,2,3564.85,21834.58,0.454142,1.1654045004891921e-06,0.794617,256.2,0.2498,262.7,0.3
3018,2,3565.54,21830.39,0.46065,1.1653861178555128e-06,0.888256,268.0,0.2388,262.8,0.3
3019,2,3566.24,21826.25,0.446238,1.1653677279558744e-06,0.659866,269.8,0.2372,263.0,0.3
3020,2,3566.94,21822.12,0.395362,1.1653493307906922e-06,0.479691,267.9,0.2389,263.1,0.3
3021,2,3567.65,21818.04,0.394815,1.1653309263603823e-06,0.656288,270.6,0.2365,265.2,0.3
3022,2,3568.34,21813.9,0.419695,1.1653125146653606e-06,0.61235,268.8,0.2381,265.4,0.2
3023,2,3569.05,21809.83,0.382297,1.1652940957060434e-06,0.822599,257.4,0.2486,265.1,0.2
3024,2,3569.74,21805.63,0.372315,1.1652756694828467e-06,0.665869,269.2,0.2378,265.4,0.2
3025,2,3570.44,21801.5,0.453709,1.1652572359961875e-06,0.608081,269.3,0.2377,265.3,0.3
3026,2,3571.14,21797.38,0.420445,1.165238795246482e-06,0.689192,270.1,0.2369,265.6,0.3
3027,2,3571.84,21793.27,0.36978,1.1652203472341475e-06,0.654052,267.3,0.2395,265.6,0.3
3028,2,3572.54,21789.16,0.398026,1.1652018919596005e-06,0.706853,268.3,0.2386,265.7,0.3
3029,2,3573.24,21785.05,0.443196,1.1651834294232583e-06,0.859589,266.0,0.2406,265.7,0.2
3030,2,3573.93,21780.93,0.441575,1.1651649596255384e-06,0.954835,270.9,0.2363,266.2,0.2
3031,2,3574.63,21776.82,0.407644,1.165146482566858e-06,0.637412,270.1,0.2369,266.5,0.2
3032,2,3575.33,21772.7,0.461035,1.165127998247635e-06,0.855277,271.0,0.2362,266.7,0.3
3033,2,3576.03,21768.63,0.41413,1.165109506668287e-06,0.888118,264.2,0.2422,266.6,0.3
3034,2,3576.73,21764.52,0.446438,1.1650910078292323e-06,0.868594,265.3,0.2413,266.5,0.3
3035,2,3577.43,21760.42,0.425805,1.1650725017308888e-06,0.755772,267.0,0.2397,266.4,0.3
3036,2,3578.12,21756.29,0.417258,1.165053988373675e-06,0.740936,272.0,0.2353,266.6,0.3
3037,2,3578.82,21752.2,0.43266,1.1650354677580088e-06,0.84534,270.3,0.2367,267.3,0.3
3038,2,3579.52,21748.11,0.40561,1.1650169398843094e-06,0.758757,268.0,0.2388,267.3,0.3
3039,2,3580.21,21744.0,0.433781,1.1649984047529953e-06,0.693159,270.0,0.237,267.4,0.3
3040,2,3580.92,21739.94,0.432659,1.1649798623644858e-06,0.588689,266.8,0.2399,267.4,0.3
3041,2,3581.63,21735.91,0.405678,1.1649613127191997e-06,0.788599,266.7,0.24,267.2,0.3
3042,2,3582.32,21731.79,0.442813,1.1649427558175565e-06,0.86232,269.8,0.2372,267.2,0.3
3043,2,3583.02,21727.71,0.420047,1.1649241916599753e-06,0.794012,269.6,0.2373,267.8,0.3
3044,2,3583.72,21723.62,0.464865,1.164905620246876e-06,0.835263,269.0,0.2379,267.8,0.3
3045,2,3584.41,21719.54,0.393486,1.1648870415786783e-06,0.645917,269.3,0.2376,267.9,0.3
3046,2,3585.11,21715.46,0.403025,1.164868455655802e-06,0.631075,270.2,0.2368,267.9,0.3
3047,2,3585.81,21711.4,0.433045,1.1648498624786675e-06,0.660728,266.7,0.2399,267.8,0.3
3048,2,3586.51,21707.32,0.466641,1.164831262047695e-06,0.676947,269.9,0.2371,267.9,0.3
3049,2,3587.21,21703.25,0.42992,1.1648126543633045e-06,0.647162,267.8,0.239,268.0,0.3
3050,2,3587.9,21699.17,0.427884,1.1647940394259173e-06,0.846947,270.7,0.2365,267.9,0.3
3051,2,3588.6,21695.1,0.414704,1.1647754172359537e-06,0.603214,268.1,0.2387,267.8,0.3
3052,2,3589.31,21691.08,0.413556,1.1647567877938345e-06,0.660908,260.1,0.2461,267.3,0.3
3053,2,3589.99,21686.95,0.481605,1.1647381510999813e-06,0.741887,271.1,0.2361,267.6,0.3
3054,2,3590.7,21682.91,0.417374,1.164719507154815e-06,0.537833,267.5,0.2393,267.7,0.3
3055,2,3591.39,21678.84,0.380842,1.164700855958757e-06,0.631183,270.4,0.2367,267.9,0.3
3056,2,3592.09,21674.78,0.474932,1.1646821975122291e-06,1.351077,270.5,0.2366,267.8,0.3
3057,2,3592.79,21670.72,0.448906,1.164663531815653e-06,1.027923,272.1,0.2352,268.0,0.3
3058,2,3593.49,21666.68,0.40997,1.1646448588694504e-06,0.581842,268.7,0.2382,268.0,0.3
3059,2,3594.19,21662.64,0.413895,1.1646261786740435e-06,0.702968,267.6,0.2392,267.9,0.3
3060,2,3594.88,21658.59,0.414771,1.1646074912298547e-06,0.541729,270.3,0.2367,268.0,0.3
3061,2,3595.6,21654.63,0.428532,1.1645887965373063e-06,0.680162,265.2,0.2413,267.9,0.3
3062,2,3596.29,21650.56,0.445777,1.1645700945968207e-06,0.893113,269.0,0.2379,267.9,0.3
3063,2,3596.99,21646.51,0.409246,1.1645513854088206e-06,0.646966,269.5,0.2375,267.9,0.3
3064,2,3597.68,21642.46,0.4297,1.1645326689737291e-06,0.688562,273.6,0.2339,268.1,0.3
3065,2,3598.38,21638.44,0.382639,1.164513945291969e-06,0.643709,268.7,0.2382,268.1,0.3
3066,2,3599.09,21634.43,0.39489,1.1644952143639637e-06,0.779536,265.2,0.2413,267.8,0.3
3067,2,3599.78,21630.39,0.459637,1.1644764761901367e-06,0.828819,267.8,0.239,267.8,0.3
3068,2,3600.48,21626.35,0.444834,1.1644577307709114e-06,0.62013,266.5,0.2401,267.7,0.3
3069,2,3601.18,21622.31,0.462017,1.1644389781067115e-06,0.869448,270.3,0.2368,267.8,0.3
3070,2,3601.88,21618.3,0.446279,1.164420218197961e-06,0.814943,267.8,0.239,267.7,0.3
3071,2,3602.57,21614.26,0.429105,1.1644014510450839e-06,0.846655,269.0,0.2379,267.7,0.3
3072,2,3603.27,21610.26,0.403509,1.1643826766485042e-06,0.59491,269.0,0.2379,268.1,0.3
3073,2,3603.97,21606.23,0.398414,1.1643638950086463e-06,0.984907,268.6,0.2383,268.0,0.3
3074,2,3604.67,21602.21,0.377892,1.164345106125935e-06,0.59394,270.4,0.2367,268.2,0.3
3075,2,3605.37,21598.2,0.422395,1.1643263100007945e-06,0.751342,268.9,0.238,268.1,0.3
3076,2,3606.07,21594.2,0.444406,1.1643075066336502e-06,0.630238,268.5,0.2384,268.0,0.3
3077,2,3606.76,21590.18,0.443732,1.164288696024927e-06,0.799924,269.9,0.2371,267.9,0.3
3078,2,3607.46,21586.18,0.458904,1.1642698781750498e-06,0.760499,267.0,0.2397,267.8,0.3
3079,2,3608.16,21582.17,0.439576,1.1642510530844441e-06,1.11953,268.4,0.2384,267.9,0.3
3080,2,3608.86,21578.18,0.379845,1.1642322207535355e-06,0.588847,267.8,0.239,267.8,0.3
3081,2,3609.57,21574.24,0.444393,1.1642133811827496e-06,0.676825,266.8,0.2399,267.8,0.3
3082,2,3610.27,21570.22,0.369411,1.1641945343725125e-06,0.864878,268.7,0.2382,267.8,0.3
3083,2,3610.96,21566.22,0.430201,1.1641756803232499e-06,0.592494,269.2,0.2378,267.8,0.3
3084,2,3611.66,21562.22,0.442449,1.1641568190353877e-06,0.88008,269.8,0.2372,267.7,0.3
3085,2,3612.36,21558.22,0.410522,1.164137950509353e-06,0.786723,271.5,0.2358,267.8,0.3
3086,2,3613.06,21554.25,0.420456,1.1641190747455715e-06,0.647941,267.6,0.2392,267.9,0.3
3087,2,3613.76,21550.27,0.450127,1.1641001917444703e-06,0.885154,266.0,0.2406,267.8,0.3
3088,2,3614.46,21546.27,0.418125,1.1640813015064762e-06,0.720102,267.5,0.2392,267.9,0.3
3089,2,3615.16,21542.3,0.427689,1.164062404032016e-06,0.672875,268.3,0.2385,267.7,0.3
3090,2,3615.85,21538.32,0.396298,1.164043499321517e-06,0.540659,267.8,0.239,267.7,0.3
3091,2,3616.55,21534.34,0.448363,1.1640245873754062e-06,0.706132,267.6,0.2392,267.7,0.3
3092,2,3617.26,21530.39,0.420348,1.1640056681941116e-06,0.609088,265.0,0.2415,267.5,0.3
3093,2,3617.97,21526.49,0.457697,1.1639867417780606e-06,0.883921,252.9,0.2531,266.7,0.3
3094,2,3618.66,21522.47,0.446054,1.1639678081276808e-06,0.819395,264.0,0.2424,266.4,0.3
3095,2,3619.35,21518.49,0.450074,1.1639488672434003e-06,0.505302,266.1,0.2405,266.2,0.3
3096,2,3620.05,21514.53,0.417192,1.1639299191256474e-06,0.546283,267.4,0.2394,266.2,0.3
3097,2,3620.75,21510.56,0.451284,1.1639109637748501e-06,0.632033,268.1,0.2387,266.1,0.3
3098,2,3621.45,21506.6,0.488415,1.1638920011914372e-06,0.783236,269.6,0.2374,266.2,0.3
3099,2,3622.15,21502.65,0.423027,1.163873031375837e-06,0.838734,267.1,0.2396,266.1,0.3
3100,2,3622.86,21498.75,0.40581,1.1638540543284785e-06,0.549811,260.9,0.2453,265.8,0.3
3101,2,3623.57,21494.84,0.422439,1.1638350700497904e-06,0.499352,264.0,0.2424,265.7,0.3
3102,2,3624.27,21490.9,0.448507,1.1638160785402023e-06,0.848741,265.8,0.2407,265.5,0.3
3103,2,3624.97,21486.96,0.403704,1.1637970798001428e-06,0.798902,266.4,0.2402,265.4,0.3
3104,2,3625.67,21483.0,0.406853,1.1637780738300416e-06,0.665359,269.8,0.2372,265.4,0.3
3105,2,3626.37,21479.07,0.452717,1.1637590606303288e-06,0.856183,267.3,0.2395,265.2,0.3
3106,2,3627.07,21475.13,0.437573,1.1637400402014335e-06,0.93549,267.4,0.2393,265.2,0.3
3107,2,3627.77,21471.2,0.447301,1.1637210125437858e-06,0.799255,267.4,0.2394,265.2,0.3
3108,2,3628.47,21467.26,0.417953,1.1637019776578158e-06,0.630377,267.4,0.2393,265.2,0.3
3109,2,3629.16,21463.31,0.411943,1.163682935543954e-06,0.685048,272.0,0.2353,265.4,0.3
3110,2,3629.86,21459.37,0.464919,1.1636638862026307e-06,0.927216,268.7,0.2382,265.5,0.3
3111,2,3630.57,21455.46,0.398489,1.1636448296342761e-06,0.720544,265.7,0.2408,265.4,0.3
3112,2,3631.27,21451.55,0.432385,1.1636257658393213e-06,0.784894,265.8,0.2407,265.4,0.3
3113,2,3631.97,21447.61,0.413341,1.163606694818197e-06,0.701005,269.5,0.2374,266.3,0.3
3114,2,3632.66,21443.68,0.441922,1.1635876165713349e-06,0.745955,271.1,0.2361,266.6,0.3
3115,2,3633.37,21439.78,0.43097,1.1635685310991654e-06,0.764037,268.6,0.2383,266.7,0.3
3116,2,3634.07,21435.89,0.405732,1.1635494384021201e-06,0.70111,263.1,0.2432,266.5,0.3
3117,2,3634.77,21431.96,0.396001,1.1635303384806312e-06,0.555624,266.0,0.2406,266.3,0.3
3118,2,3635.47,21428.05,0.474434,1.1635112313351296e-06,0.649097,267.6,0.2392,266.3,0.3
3119,2,3636.17,21424.15,0.476413,1.1634921169660476e-06,0.852379,267.3,0.2394,266.3,0.3
3120,2,3636.87,21420.26,0.432896,1.1634729953738172e-06,0.832511,267.3,0.2395,266.6,0.3
3121,2,3637.58,21416.4,0.393003,1.1634538665588703e-06,0.556855,269.4,0.2375,266.8,0.3
3122,2,3638.29,21412.51,0.425809,1.1634347305216397e-06,0.662963,266.6,0.2401,266.9,0.3
3123,2,3638.99,21408.62,0.447191,1.1634155872625578e-06,0.884778,265.2,0.2413,266.8,0.3
3124,2,3639.69,21404.71,0.44241,1.1633964367820574e-06,1.006353,267.2,0.2395,266.7,0.3
3125,2,3640.39,21400.82,0.425933,1.163377279080571e-06,0.655252,266.3,0.2403,266.6,0.3
3126,2,3641.09,21396.92,0.400547,1.163358114158532e-06,0.739169,268.7,0.2382,266.7,0.3
3127,2,3641.79,21393.02,0.428482,1.1633389420163735e-06,0.746834,270.6,0.2365,266.9,0.3
3128,2,3642.5,21389.22,0.392601,1.1633197626545289e-06,0.866661,251.5,0.2545,266.1,0.3
3129,2,3643.19,21385.28,0.450772,1.1633005760734315e-06,0.92761,262.2,0.2441,265.6,0.3
3130,2,3643.89,21381.37,0.421776,1.1632813822735154e-06,0.847285,267.9,0.2389,265.5,0.3
3131,2,3644.59,21377.49,0.421835,1.1632621812552139e-06,0.599065,267.5,0.2393,265.6,0.3
3132,2,3645.29,21373.61,0.444743,1.1632429730189613e-06,0.703607,266.7,0.24,265.7,0.3
3133,2,3645.99,21369.72,0.433743,1.1632237575651919e-06,0.763186,268.3,0.2386,265.6,0.3
3134,2,3646.69,21365.84,0.50122,1.16320453489434e-06,1.099884,268.0,0.2388,265.5,0.3
3135,2,3647.39,21361.98,0.409468,1.1631853050068399e-06,0.648481,263.7,0.2427,265.2,0.3
3136,2,3648.09,21358.1,0.417814,1.1631660679031264e-06,0.694374,267.1,0.2396,265.5,0.3
3137,2,3648.79,21354.23,0.399248,1.1631468235836341e-06,0.647842,266.2,0.2404,265.5,0.3
3138,2,3649.5,21350.38,0.417108,1.1631275720487984e-06,0.93678,264.4,0.242,265.3,0.3
3139,2,3650.2,21346.49,0.460775,1.1631083132990542e-06,0.75347,267.5,0.2392,265.3,0.3
3140,2,3650.9,21342.63,0.42542,1.1630890473348369e-06,0.660613,266.4,0.2403,265.3,0.3
3141,2,3651.61,21338.85,0.445693,1.1630697741565816e-06,0.633232,269.4,0.2376,265.3,0.3
3142,2,3652.31,21335.0,0.468484,1.1630504937647242e-06,0.752311,267.0,0.2397,265.3,0.3
3143,2,3653.01,21331.14,0.442573,1.163031206159701e-06,0.732521,267.4,0.2394,265.4,0.3
3144,2,3653.72,21327.29,0.448197,1.163011911341947e-06,0.695863,266.5,0.2402,265.4,0.3
3145,2,3654.42,21323.44,0.412943,1.162992609311899e-06,0.592492,265.0,0.2415,265.3,0.3
3146,2,3655.11,21319.56,0.432823,1.1629733000699931e-06,0.698844,269.1,0.2378,265.4,0.3
3147,2,3655.82,21315.72,0.395141,1.1629539836166658e-06,0.712867,265.1,0.2414,265.1,0.3
3148,2,3656.52,21311.87,0.458707,1.1629346599523538e-06,0.874225,265.8,0.2408,265.9,0.3
3149,2,3657.22,21308.01,0.420783,1.1629153290774937e-06,0.681276,268.0,0.2388,266.1,0.3
3150,2,3657.92,21304.17,0.427457,1.1628959909925225e-06,0.644327,266.3,0.2403,266.0,0.3
3151,2,3658.62,21300.37,0.374787,1.1628766456978772e-06,0.459727,259.4,0.2467,265.6,0.3
3152,2,3659.33,21296.54,0.447658,1.1628572931939954e-06,0.541909,257.8,0.2483,265.2,0.3
3153,2,3660.02,21292.65,0.428265,1.1628379334813142e-06,0.582376,269.1,0.2378,265.2,0.3
3154,2,3660.72,21288.82,0.481341,1.1628185665602713e-06,0.836283,268.3,0.2385,265.2,0.3
3155,2,3661.42,21284.99,0.415295,1.1627991924313047e-06,0.524174,267.0,0.2397,265.4,0.3
3156,2,3662.12,21281.15,0.448148,1.1627798110948519e-06,0.86678,266.8,0.2399,265.4,0.3
3157,2,3662.82,21277.31,0.433299,1.162760422551351e-06,0.793112,270.7,0.2364,265.5,0.3
3158,2,3663.52,21273.49,0.430865,1.1627410268012405e-06,0.837347,268.0,0.2388,265.7,0.3
3159,2,3664.23,21269.68,0.48616,1.162721623844959e-06,0.939967,265.6,0.241,265.6,0.3
3160,2,3664.93,21265.85,0.485393,1.1627022136829446e-06,0.968376,266.9,0.2398,265.6,0.3
3161,2,3665.64,21262.08,0.384587,1.1626827963156364e-06,0.666159,267.2,0.2395,265.5,0.3
3162,2,3666.33,21258.24,0.415574,1.1626633717434731e-06,0.579643,268.2,0.2387,265.6,0.3
3163,2,3667.03,21254.42,0.403795,1.1626439399668938e-06,0.55762,269.8,0.2372,265.7,0.3
3164,2,3667.73,21250.6,0.439599,1.1626245009863377e-06,0.658092,267.7,0.2391,265.8,0.3
3165,2,3668.43,21246.77,0.386255,1.1626050548022444e-06,0.699823,269.0,0.2379,266.0,0.3
3166,2,3669.13,21242.96,0.405294,1.1625856014150532e-06,0.603337,267.4,0.2394,265.9,0.3
3167,2,3669.83,21239.15,0.387161,1.1625661408252037e-06,0.855239,268.5,0.2383,266.1,0.3
3168,2,3670.53,21235.33,0.415735,1.162546673033136e-06,0.628053,269.7,0.2373,266.3,0.3
3169,2,3671.23,21231.51,0.450851,1.1625271980392901e-06,0.71058,268.9,0.238,266.3,0.3
3170,2,3671.93,21227.72,0.363027,1.1625077158441063e-06,0.714673,266.2,0.2404,266.3,0.3
3171,2,3672.63,21223.89,0.435361,1.1624882264480247e-06,0.643054,270.6,0.2365,266.9,0.3
3172,2,3673.34,21220.11,0.432639,1.162468729851486e-06,0.901587,265.9,0.2407,267.3,0.3
3173,2,3674.03,21216.3,0.392504,1.162449226054931e-06,0.604686,268.3,0.2386,267.3,0.3
3174,2,3674.74,21212.51,0.445693,1.1624297150588004e-06,0.870611,265.3,0.2412,267.1,0.3
3175,2,3675.44,21208.71,0.444491,1.162410196863535e-06,0.617829,264.9,0.2416,267.0,0.3
3176,2,3676.13,21204.89,0.427766,1.1623906714695762e-06,0.694051,268.5,0.2383,267.1,0.3
3177,2,3676.83,21201.11,0.420995,1.1623711388773656e-06,0.691721,266.2,0.2404,266.9,0.3
3178,2,3677.53,21197.3,0.455537,1.1623515990873443e-06,0.797983,269.4,0.2375,266.9,0.3
3179,2,3678.23,21193.52,0.45746,1.1623320520999542e-06,0.786988,267.0,0.2397,267.0,0.3
3180,2,3678.94,21189.78,0.444624,1.1623124979156373e-06,0.814168,256.3,0.2497,266.5,0.3
3181,2,3679.64,21186.01,0.484254,1.162292936534835e-06,0.776403,270.3,0.2368,266.6,0.3
3182,2,3680.35,21182.23,0.457754,1.16227336795799e-06,0.847311,267.2,0.2395,266.5,0.3
3183,2,3681.06,21178.52,0.405696,1.1622537921855442e-06,0.685812,253.1,0.2529,265.7,0.3
3184,2,3681.74,21174.65,0.425227,1.1622342092179403e-06,0.553272,268.8,0.2381,265.8,0.3
3185,2,3682.44,21170.87,0.376407,1.1622146190556211e-06,0.805818,268.8,0.2381,265.7,0.3
3186,2,3683.14,21167.08,0.475518,1.1621950216990293e-06,0.569377,269.5,0.2375,265.8,0.3
3187,2,3683.84,21163.31,0.397515,1.1621754171486076e-06,0.700224,268.5,0.2384,265.8,0.3
3188,2,3684.54,21159.54,0.404219,1.1621558054047993e-06,0.614567,266.3,0.2403,265.6,0.3
3189,2,3685.24,21155.77,0.429138,1.162136186468048e-06,0.768914,267.1,0.2396,265.5,0.3
3190,2,3685.94,21151.97,0.40141,1.1621165603387969e-06,0.734598,271.4,0.2358,265.8,0.3
3191,2,3686.64,21148.21,0.453997,1.1620969270174894e-06,0.753367,267.3,0.2394,265.6,0.3
3192,2,3687.34,21144.43,0.398804,1.1620772865045693e-06,0.731943,270.5,0.2366,265.8,0.3
3193,2,3688.04,21140.66,0.398752,1.162057638800481e-06,0.654392,268.4,0.2385,265.8,0.3
3194,2,3688.75,21136.99,0.39765,1.1620379839056683e-06,0.612985,252.7,0.2533,265.2,0.3
3195,2,3689.44,21133.15,0.475194,1.1620183218205754e-06,0.688102,266.8,0.2399,265.3,0.3
3196,2,3690.13,21129.37,0.390381,1.1619986525456468e-06,0.841866,270.6,0.2365,265.4,0.3
3197,2,3690.84,21125.62,0.486936,1.161978976081327e-06,0.768653,267.2,0.2395,265.4,0.3
3198,2,3691.54,21121.9,0.422973,1.161959292428061e-06,0.566537,258.7,0.2474,264.9,0.3
3199,2,3692.23,21118.1,0.424967,1.1619396015862936e-06,0.625876,267.1,0.2396,264.9,0.3
3200,2,3692.93,21114.33,0.424524,1.1619199035564699e-06,0.635066,269.4,0.2376,265.6,0.3
3201,2,3830.29,21891.67,0.445281,1.161900198339035e-06,0.718672,232.1,0.2757,263.3,0.3
3202,2,3830.97,21887.5,0.418035,1.1618804859344346e-06,0.586045,265.5,0.2411,263.2,0.3
3203,2,3831.67,21883.44,0.433731,1.161860766343114e-06,0.816698,267.1,0.2396,264.0,0.3
3204,2,3832.37,21879.41,0.402307,1.161841039565519e-06,0.484051,263.5,0.2429,263.7,0.3
3205,2,3833.06,21875.33,0.452857,1.1618213056020953e-06,0.708059,269.9,0.2371,263.8,0.3
3206,2,3833.75,21871.26,0.410073,1.1618015644532893e-06,0.663407,269.4,0.2375,263.8,0.3
3207,2,3834.45,21867.23,0.389978,1.161781816119547e-06,0.584256,266.6,0.2401,263.7,0.3
3208,2,3835.14,21863.17,0.368245,1.1617620606013149e-06,0.536648,268.6,0.2383,263.9,0.3
3209,2,3835.84,21859.12,0.436125,1.1617422978990395e-06,0.607405,268.5,0.2384,263.9,0.3
3210,2,3836.53,21855.09,0.43344,1.1617225280131676e-06,0.742317,266.6,0.24,263.7,0.3
3211,2,3837.23,21851.04,0.457426,1.1617027509441458e-06,0.7861,269.8,0.2372,263.8,0.3
3212,2,3837.93,21847.03,0.4472,1.1616829666924211e-06,0.612041,267.9,0.2389,263.7,0.3
3213,2,3838.62,21842.98,0.433861,1.1616631752584412e-06,0.795797,269.9,0.2372,263.8,0.3
3214,2,3839.32,21838.94,0.399429,1.161643376642653e-06,0.538364,268.5,0.2384,264.6,0.3
3215,2,3840.01,21834.91,0.417104,1.1616235708455042e-06,0.930678,271.0,0.2362,264.8,0.3
3216,2,3840.71,21830.89,0.440009,1.1616037578674424e-06,0.735365,270.1,0.237,264.8,0.3
3217,2,3841.4,21826.87,0.421842,1.1615839377089154e-06,0.740479,269.2,0.2378,264.9,0.3
3218,2,3842.09,21822.8,0.405173,1.1615641103703714e-06,0.809001,273.9,0.2337,265.7,0.3
3219,2,3842.79,21818.78,0.455878,1.1615442758522583e-06,0.59353,272.3,0.235,266.0,0.3
3220,2,3843.49,21814.77,0.399413,1.1615244341550245e-06,0.844255,271.5,0.2358,266.1,0.3
3221,2,3844.19,21810.8,0.458888,1.1615045852791188e-06,0.564483,271.1,0.236,268.5,0.2
3222,2,3844.89,21806.78,0.429798,1.1614847292249895e-06,0.628113,269.7,0.2373,268.7,0.2
3223,2,3845.58,21802.77,0.448066,1.1614648659930855e-06,0.729196,268.3,0.2385,268.8,0.2
3224,2,3846.28,21798.76,0.41792,1.1614449955838559e-06,0.655659,270.5,0.2366,269.1,0.2
3225,2,3846.97,21794.75,0.39781,1.1614251179977497e-06,0.789995,268.5,0.2384,269.0,0.2
3226,2,3847.67,21790.72,0.386021,1.1614052332352162e-06,0.583921,271.3,0.2359,269.1,0.2
3227,2,3848.36,21786.71,0.425099,1.1613853412967047e-06,0.612628,270.9,0.2362,269.3,0.2
3228,2,3849.06,21782.7,0.497459,1.1613654421826652e-06,0.866064,272.7,0.2347,269.5,0.2
3229,2,3849.76,21778.74,0.449742,1.1613455358935472e-06,1.095936,265.4,0.2411,269.4,0.2
3230,2,3850.45,21774.72,0.422912,1.1613256224298008e-06,0.640713,270.6,0.2365,269.6,0.2
3231,2,3851.15,21770.73,0.40219,1.1613057017918759e-06,0.654011,269.2,0.2377,269.6,0.2
3232,2,3851.84,21766.72,0.405306,1.1612857739802231e-06,0.585686,272.6,0.2348,269.8,0.2
3233,2,3852.54,21762.72,0.512468,1.1612658389952927e-06,0.723927,272.0,0.2353,269.9,0.2
3234,2,3853.24,21758.75,0.466256,1.1612458968375352e-06,1.075431,266.3,0.2403,269.8,0.2
3235,2,3853.93,21754.74,0.392517,1.1612259475074015e-06,0.70556,271.6,0.2356,269.8,0.2
3236,2,3854.62,21750.75,0.461203,1.1612059910053425e-06,0.520133,272.0,0.2353,269.9,0.2
3237,2,3855.32,21746.76,0.472537,1.1611860273318093e-06,0.741532,271.9,0.2354,270.0,0.2
3238,2,3856.01,21742.78,0.484624,1.1611660564872528e-06,1.027419,271.2,0.236,269.9,0.2
3239,2,3856.71,21738.8,0.479615,1.161146078472125e-06,0.936327,269.0,0.2379,269.7,0.2
3240,2,3857.41,21734.82,0.390559,1.1611260932868772e-06,0.61015,267.4,0.2394,269.5,0.2
3241,2,3858.11,21730.9,0.433585,1.161106100931961e-06,0.644316,270.7,0.2364,269.5,0.2
3242,2,3858.81,21726.93,0.430477,1.1610861014078282e-06,0.769747,271.0,0.2361,269.5,0.2
3243,2,3859.51,21722.96,0.427485,1.1610660947149312e-06,0.783247,270.3,0.2368,269.6,0.2
3244,2,3860.2,21718.99,0.473286,1.1610460808537222e-06,0.719051,267.8,0.2389,269.5,0.2
3245,2,3860.9,21715.01,0.429335,1.1610260598246532e-06,0.537507,271.2,0.236,269.6,0.2
3246,2,3861.59,21711.06,0.441462,1.1610060316281774e-06,0.737644,270.7,0.2364,269.6,0.2
3247,2,3862.29,21707.12,0.447067,1.1609859962647467e-06,0.643773,265.1,0.2414,269.3,0.2
3248,2,3862.99,21703.13,0.45197,1.1609659537348145e-06,0.559059,272.5,0.2348,269.3,0.2
3249,2,3863.69,21699.19,0.402863,1.1609459040388338e-06,0.729805,267.8,0.239,269.4,0.2
3250,2,3864.38,21695.24,0.406515,1.1609258471772573e-06,0.812744,267.7,0.2391,269.2,0.3
3251,2,3865.08,21691.29,0.395804,1.160905783150539e-06,0.71962,267.9,0.2389,269.1,0.3
3252,2,3865.77,21687.31,0.457184,1.1608857119591322e-06,0.938318,272.3,0.2351,269.1,0.2
3253,2,3866.47,21683.38,0.458164,1.1608656336034904e-06,0.677836,269.9,0.2371,269.0,0.2
3254,2,3867.17,21679.42,0.416812,1.1608455480840676e-06,0.60527,271.9,0.2354,269.3,0.2
3255,2,3867.86,21675.48,0.391851,1.1608254554013177e-06,0.532999,270.7,0.2365,269.3,0.2
3256,2,3868.56,21671.55,0.424847,1.1608053555556951e-06,0.811928,266.3,0.2403,269.0,0.2
3257,2,3869.26,21667.6,0.449484,1.1607852485476538e-06,0.5247,269.8,0.2372,268.9,0.2
3258,2,3869.95,21663.67,0.458681,1.1607651343776487e-06,0.88607,269.7,0.2373,268.8,0.2
3259,2,3870.65,21659.72,0.446767,1.160745013046134e-06,0.67366,272.2,0.2351,269.0,0.2
3260,2,3871.35,21655.81,0.431453,1.1607248845535646e-06,0.593425,267.8,0.239,269.0,0.2
3261,2,3872.05,21651.91,0.434237,1.1607047489003956e-06,0.570191,273.0,0.2344,269.2,0.2
3262,2,3872.75,21648.0,0.450735,1.1606846060870822e-06,0.739448,268.9,0.238,269.0,0.2
3263,2,3873.45,21644.07,0.395877,1.1606644561140797e-06,0.63717,269.9,0.2371,269.0,0.2
3264,2,3874.15,21640.16,0.405308,1.1606442989818432e-06,0.717191,267.7,0.2391,269.0,0.2
3265,2,3874.84,21636.23,0.468787,1.1606241346908287e-06,0.792286,270.4,0.2366,269.0,0.2
3266,2,3875.54,21632.3,0.421798,1.1606039632414919e-06,0.924542,272.0,0.2353,269.0,0.2
3267,2,3876.24,21628.41,0.407634,1.1605837846342888e-06,0.581274,267.4,0.2394,269.1,0.2
3268,2,3876.93,21624.46,0.4252,1.1605635988696752e-06,0.708654,271.6,0.2356,269.1,0.2
3269,2,3877.63,21620.56,0.411663,1.1605434059481079e-06,0.630025,271.2,0.236,269.3,0.2
3270,2,3878.33,21616.64,0.480626,1.1605232058700428e-06,0.960229,270.9,0.2362,269.4,0.2
3271,2,3879.03,21612.76,0.399478,1.1605029986359367e-06,0.573491,267.1,0.2396,269.3,0.3
3272,2,3879.73,21608.86,0.434464,1.1604827842462464e-06,0.719116,268.1,0.2387,269.1,0.3
3273,2,3880.43,21604.96,0.433788,1.1604625627014287e-06,0.531074,267.5,0.2393,269.0,0.3
3274,2,3881.13,21601.07,0.438022,1.1604423340019407e-06,0.71231,264.8,0.2417,268.6,0.3
3275,2,3881.82,21597.15,0.404688,1.1604220981482397e-06,0.686247,269.9,0.2371,268.6,0.3
3276,2,3882.52,21593.27,0.426378,1.1604018551407832e-06,0.831235,265.1,0.2414,268.5,0.3
3277,2,3883.22,21589.37,0.442008,1.1603816049800285e-06,0.748675,268.4,0.2385,268.4,0.3
3278,2,3883.92,21585.48,0.400379,1.1603613476664335e-06,0.651867,268.4,0.2385,268.4,0.3
3279,2,3884.61,21581.58,0.496517,1.160341083200456e-06,0.806091,269.6,0.2374,268.2,0.3
3280,2,3885.31,21577.7,0.3832,1.160320811582554e-06,0.664259,268.7,0.2382,268.3,0.3
3281,2,3886.02,21573.88,0.452711,1.1603005328131859e-06,1.064218,269.8,0.2372,268.1,0.3
3282,2,3886.72,21569.99,0.433439,1.1602802468928098e-06,0.737134,270.1,0.237,268.1,0.3
3283,2,3887.42,21566.12,0.393305,1.1602599538218846e-06,0.723946,269.1,0.2379,268.1,0.3
3284,2,3888.12,21562.25,0.469535,1.1602396536008687e-06,0.800619,267.4,0.2393,268.1,0.3
3285,2,3888.82,21558.36,0.389331,1.160219346230221e-06,0.772623,271.1,0.2361,268.1,0.3
3286,2,3889.51,21554.49,0.466057,1.1601990317104005e-06,0.793898,269.1,0.2379,268.0,0.3
3287,2,3890.22,21550.64,0.40597,1.1601787100418665e-06,0.643815,267.8,0.239,268.0,0.3
3288,2,3890.91,21546.75,0.434628,1.1601583812250783e-06,0.635825,271.9,0.2354,268.0,0.3
3289,2,3891.61,21542.89,0.435009,1.1601380452604952e-06,0.743005,269.8,0.2373,268.0,0.3
3290,2,3892.31,21539.03,0.460454,1.1601177021485772e-06,0.75219,268.5,0.2383,267.9,0.3
3291,2,3893.01,21535.17,0.453304,1.160097351889784e-06,0.833855,268.6,0.2382,268.0,0.2
3292,2,3893.71,21531.29,0.398493,1.1600769944845754e-06,0.634652,271.3,0.2359,268.2,0.2
3293,2,3894.4,21527.43,0.439295,1.160056629933412e-06,0.817582,270.7,0.2364,268.3,0.2
3294,2,3895.1,21523.59,0.389319,1.1600362582367535e-06,0.581082,270.6,0.2365,268.6,0.2
3295,2,3895.8,21519.74,0.399236,1.1600158793950608e-06,0.613684,267.3,0.2395,268.5,0.2
3296,2,3896.5,21515.88,0.392443,1.1599954934087942e-06,0.593939,268.8,0.2381,268.7,0.2
3297,2,3897.2,21512.02,0.437789,1.1599751002784149e-06,0.89369,269.2,0.2378,268.7,0.2
3298,2,3897.9,21508.17,0.429826,1.1599547000043835e-06,0.630346,270.0,0.2371,268.8,0.2
3299,2,3898.6,21504.34,0.395554,1.1599342925871611e-06,0.51351,265.3,0.2413,268.6,0.2
3300,2,3899.3,21500.49,0.368795,1.1599138780272095e-06,0.543254,268.4,0.2384,268.6,0.2
3301,2,3900.01,21496.7,0.45023,1.1598934563249895e-06,0.780372,269.6,0.2374,268.6,0.2
3302,2,3900.71,21492.87,0.454029,1.1598730274809629e-06,0.893465,268.5,0.2383,268.5,0.2
3303,2,3901.42,21489.11,0.420803,1.1598525914955915e-06,0.553513,255.3,0.2507,267.8,0.2
3304,2,3902.1,21485.2,0.425788,1.1598321483693373e-06,0.661785,270.1,0.237,267.9,0.2
3305,2,3902.8,21481.35,0.40188,1.1598116981026625e-06,0.845248,272.7,0.2347,268.0,0.2
3306,2,3903.5,21477.52,0.470316,1.159791240696029e-06,1.225864,270.0,0.2371,268.0,0.3
3307,2,3904.21,21473.72,0.475577,1.1597707761498996e-06,0.880363,266.0,0.2406,267.9,0.3
3308,2,3904.9,21469.87,0.407324,1.1597503044647365e-06,0.686211,271.3,0.2359,267.8,0.3
3309,2,3905.6,21466.06,0.432003,1.1597298256410025e-06,0.51127,266.6,0.2401,267.7,0.3
3310,2,3906.3,21462.24,0.410238,1.1597093396791607e-06,0.653769,266.4,0.2402,267.6,0.3
3311,2,3907.0,21458.4,0.431134,1.159688846579674e-06,0.738801,270.1,0.237,267.6,0.3
3312,2,3907.7,21454.58,0.417695,1.1596683463430056e-06,0.607495,268.9,0.238,267.5,0.3
3313,2,3908.4,21450.77,0.404212,1.159647838969619e-06,1.096244,269.8,0.2373,267.4,0.3
3314,2,3909.1,21446.95,0.43327,1.1596273244599773e-06,0.663868,269.3,0.2376,267.3,0.3
3315,2,3909.8,21443.14,0.404363,1.1596068028145448e-06,0.639025,269.1,0.2378,267.4,0.3
3316,2,3910.49,21439.32,0.429162,1.159586274033785e-06,0.646889,270.6,0.2365,267.5,0.3
3317,2,3911.19,21435.51,0.44899,1.1595657381181623e-06,0.840539,270.6,0.2365,267.6,0.3
3318,2,3911.89,21431.71,0.395508,1.1595451950681402e-06,0.641951,267.0,0.2397,267.4,0.3
3319,2,3912.59,21427.9,0.473034,1.159524644884184e-06,0.606928,270.0,0.237,267.7,0.3
3320,2,3913.29,21424.1,0.439966,1.1595040875667571e-06,0.739707,270.5,0.2366,267.8,0.3
3321,2,3914.0,21420.34,0.442911,1.1594835231163249e-06,0.612795,273.4,0.2341,268.0,0.3
3322,2,3914.7,21416.55,0.404556,1.1594629515333521e-06,0.572919,268.5,0.2384,268.0,0.3
3323,2,3915.4,21412.75,0.443955,1.1594423728183035e-06,0.624958,267.3,0.2395,268.6,0.3
3324,2,3916.1,21408.95,0.397916,1.1594217869716445e-06,0.688331,268.2,0.2386,268.5,0.3
3325,2,3916.8,21405.17,0.457464,1.1594011939938403e-06,0.569323,267.6,0.2392,268.3,0.3
3326,2,3917.5,21401.37,0.467114,1.1593805938853564e-06,0.849638,268.1,0.2387,268.2,0.3
3327,2,3918.2,21397.58,0.43806,1.1593599866466582e-06,0.614736,268.7,0.2382,268.4,0.3
3328,2,3918.9,21393.8,0.420435,1.1593393722782117e-06,0.681669,266.3,0.2403,268.2,0.3
3329,2,3919.6,21390.02,0.404536,1.159318750780483e-06,0.783105,266.4,0.2402,268.2,0.3
3330,2,3920.3,21386.26,0.44105,1.1592981221539379e-06,0.652276,265.0,0.2415,268.1,0.3
3331,2,3921.0,21382.47,0.460793,1.159277486399043e-06,0.612081,268.2,0.2386,268.0,0.2
3332,2,3921.7,21378.7,0.38305,1.1592568435162646e-06,0.675613,267.4,0.2394,267.9,0.2
3333,2,3922.4,21374.9,0.458849,1.1592361935060693e-06,0.998518,268.6,0.2383,267.9,0.2
3334,2,3923.1,21371.13,0.426657,1.1592155363689238e-06,0.68223,267.5,0.2393,267.8,0.2
3335,2,3923.8,21367.36,0.400739,1.159194872105295e-06,0.491601,267.5,0.2392,267.7,0.2
3336,2,3924.5,21363.59,0.43501,1.15917420071565e-06,0.733381,270.2,0.2369,267.7,0.2
3337,2,3925.21,21359.87,0.376626,1.159153522200456e-06,0.602113,258.0,0.2481,267.1,0.2
3338,2,3925.9,21356.06,0.412672,1.1591328365601807e-06,0.529123,269.2,0.2377,267.2,0.2
3339,2,3926.6,21352.29,0.443345,1.1591121437952913e-06,0.633435,267.9,0.2389,267.1,0.2
3340,2,3927.3,21348.52,0.419984,1.1590914439062554e-06,0.580566,270.6,0.2365,267.1,0.2
3341,2,3928.01,21344.82,0.437824,1.1590707368935414e-06,0.578115,267.3,0.2394,266.7,0.2
3342,2,3928.72,21341.11,0.420973,1.159050022757617e-06,0.59122,259.1,0.247,266.3,0.2
3343,2,3929.41,21337.31,0.392218,1.1590293014989506e-06,0.708804,266.1,0.2405,266.2,0.2
3344,2,3930.11,21333.56,0.417281,1.1590085731180104e-06,0.595419,267.7,0.2391,266.2,0.3
3345,2,3930.81,21329.81,0.429535,1.1589878376152653e-06,0.668626,267.9,0.2389,266.1,0.3
3346,2,3931.51,21326.05,0.425263,1.1589670949911837e-06,0.657828,268.7,0.2382,266.2,0.3
3347,2,3932.22,21322.33,0.450115,1.1589463452462343e-06,0.593195,265.3,0.2413,266.0,0.3
3348,2,3932.92,21318.58,0.417069,1.1589255883808863e-06,0.725179,267.0,0.2397,266.0,0.3
3349,2,3933.63,21314.89,0.398066,1.1589048243956088e-06,0.584484,255.2,0.2507,265.4,0.3
3350,2,3934.32,21311.09,0.362414,1.1588840532908712e-06,0.572737,263.7,0.2427,265.4,0.3
3351,2,3935.02,21307.34,0.409109,1.158863275067143e-06,0.640351,268.7,0.2382,265.4,0.3
3352,2,3935.72,21303.58,0.422222,1.1588424897248939e-06,0.875718,270.9,0.2363,265.5,0.3
3353,2,3936.42,21299.88,0.377972,1.1588216972645937e-06,0.692774,265.0,0.2415,265.4,0.3
3354,2,3937.12,21296.12,0.43446,1.1588008976867123e-06,0.615807,269.4,0.2376,265.5,0.3
3355,2,3937.82,21292.38,0.444283,1.1587800909917197e-06,0.717613,269.8,0.2372,265.6,0.3
3356,2,3938.53,21288.7,0.405306,1.1587592771800866e-06,0.680935,261.5,0.2448,265.1,0.3
3357,2,3939.22,21284.94,0.440164,1.158738456252283e-06,0.890151,265.8,0.2408,265.5,0.3
3358,2,3939.92,21281.2,0.460295,1.15871762820878e-06,0.974081,270.5,0.2366,265.6,0.3
3359,2,3940.62,21277.46,0.387241,1.1586967930500481e-06,0.726675,270.4,0.2367,265.7,0.3
3360,2,3941.32,21273.76,0.461106,1.1586759507765583e-06,0.620165,264.0,0.2424,265.4,0.3
3361,2,3942.03,21270.08,0.428312,1.1586551013887817e-06,0.742047,270.0,0.237,265.5,0.3
3362,2,3942.73,21266.36,0.451155,1.1586342448871894e-06,0.738314,269.3,0.2377,266.0,0.3
3363,2,3943.43,21262.63,0.417994,1.1586133812722533e-06,0.772777,267.2,0.2395,266.1,0.3
3364,2,3944.13,21258.9,0.409139,1.1585925105444446e-06,0.762811,270.1,0.2369,266.2,0.3
3365,2,3944.83,21255.19,0.439671,1.1585716327042349e-06,1.012722,269.9,0.2371,266.4,0.3
3366,2,3945.53,21251.47,0.435462,1.1585507477520966e-06,0.679168,268.3,0.2386,266.4,0.3
3367,2,3946.23,21247.75,0.422842,1.1585298556885014e-06,0.602628,270.0,0.237,266.6,0.2
3368,2,3946.93,21244.05,0.396574,1.1585089565139219e-06,0.744875,264.2,0.2423,266.5,0.2
3369,2,3947.63,21240.35,0.478459,1.15848805022883e-06,0.811792,265.4,0.2411,267.0,0.2
3370,2,3948.33,21236.65,0.432251,1.1584671368336985e-06,0.563069,265.1,0.2415,267.1,0.2
3371,2,3949.03,21232.93,0.487602,1.1584462163290002e-06,0.980399,268.7,0.2382,267.1,0.2
3372,2,3949.74,21229.24,0.444533,1.1584252887152078e-06,0.790841,266.2,0.2405,266.9,0.2
3373,2,3950.43,21225.53,0.421725,1.1584043539927944e-06,0.718594,267.9,0.2389,267.0,0.3
3374,2,3951.14,21221.84,0.457829,1.1583834121622332e-06,0.662685,266.6,0.24,266.8,0.3
3375,2,3951.83,21218.13,0.434702,1.1583624632239977e-06,0.696006,268.3,0.2385,266.8,0.2
3376,2,3952.53,21214.43,0.382566,1.1583415071785612e-06,0.562433,269.3,0.2376,267.2,0.2
3377,2,3953.24,21210.76,0.457591,1.1583205440263975e-06,0.874804,266.0,0.2406,267.2,0.2
3378,2,3953.94,21207.05,0.401005,1.1582995737679804e-06,0.721148,268.8,0.2381,267.1,0.2
3379,2,3954.64,21203.36,0.461846,1.1582785964037838e-06,0.803462,268.9,0.2381,267.1,0.2
3380,2,3955.33,21199.65,0.450308,1.158257611934282e-06,0.661273,269.4,0.2375,267.3,0.2
3381,2,3956.04,21196.0,0.453734,1.1582366203599492e-06,0.900464,270.7,0.2364,267.4,0.2
3382,2,3956.75,21192.36,0.417775,1.1582156216812601e-06,0.734676,261.3,0.2449,266.9,0.2
3383,2,3957.45,21188.65,0.415796,1.158194615898689e-06,0.460988,268.1,0.2387,267.0,0.2
3384,2,3958.15,21185.0,0.357372,1.1581736030127113e-06,0.647107,265.5,0.2411,266.8,0.2
3385,2,3958.85,21181.31,0.466114,1.1581525830238012e-06,0.743474,270.1,0.237,266.7,0.3
3386,2,3959.55,21177.64,0.474057,1.1581315559324344e-06,0.654071,266.6,0.2401,266.6,0.3
3387,2,3960.25,21173.94,0.439203,1.1581105217390857e-06,0.532712,269.0,0.2379,266.6,0.3
3388,2,3960.95,21170.3,0.432834,1.158089480444231e-06,0.753708,262.1,0.2442,266.5,0.3
3389,2,3961.65,21166.6,0.41456,1.1580684320483457e-06,0.781888,265.9,0.2407,266.5,0.3
3390,2,3962.35,21162.92,0.386446,1.1580473765519056e-06,0.599812,268.6,0.2382,266.7,0.3
3391,2,3963.05,21159.23,0.417244,1.1580263139553865e-06,0.961031,271.3,0.2359,266.8,0.3
3392,2,3963.75,21155.58,0.464504,1.1580052442592646e-06,0.780331,266.1,0.2405,266.8,0.2
3393,2,3964.45,21151.91,0.451263,1.1579841674640163e-06,0.630891,268.1,0.2387,266.9,0.2
3394,2,3965.16,21148.3,0.373928,1.1579630835701177e-06,0.618404,255.0,0.251,266.3,0.2
3395,2,3965.85,21144.59,0.406308,1.1579419925780456e-06,0.687642,266.5,0.2402,266.1,0.2
3396,2,3966.56,21140.95,0.37342,1.1579208944882767e-06,0.51595,266.5,0.2401,266.0,0.3
3397,2,3967.25,21137.28,0.406752,1.1578997893012879e-06,0.648872,268.6,0.2383,266.1,0.3
3398,2,3967.96,21133.63,0.424765,1.157878677017556e-06,0.570968,267.1,0.2396,266.0,0.3
3399,2,3968.65,21129.95,0.442395,1.1578575576375586e-06,0.542112,271.4,0.2358,266.2,0.3
3400,2,3969.35,21126.3,0.408456,1.1578364311617726e-06,0.711348,268.5,0.2383,266.1,0.3
3401,2,3998.79,21275.55,0.422068,1.157815297590676e-06,0.84807,237.9,0.269,264.2,0.3
3402,2,3999.47,21271.72,0.370073,1.1577941569247462e-06,0.697267,267.0,0.2397,264.5,0.3
3403,2,4000.16,21267.95,0.427333,1.1577730091644612e-06,0.623537,274.0,0.2336,264.8,0.3
3404,2,4000.85,21264.23,0.427072,1.1577518543102989e-06,0.726524,269.5,0.2374,265.0,0.3
3405,2,4001.55,21260.5,0.378284,1.1577306923627375e-06,0.587841,269.0,0.2379,265.0,0.3
3406,2,4002.24,21256.76,0.458478,1.1577095233222552e-06,0.669717,271.9,0.2354,265.2,0.3
3407,2,4002.93,21253.02,0.468582,1.1576883471893308e-06,0.834483,271.8,0.2355,265.3,0.3
3408,2,4003.63,21249.32,0.420293,1.1576671639644427e-06,0.897727,269.2,0.2377,265.7,0.3
3409,2,4004.32,21245.57,0.438893,1.15764597364807e-06,0.569093,272.3,0.235,266.0,0.3
3410,2,4005.02,21241.85,0.407153,1.1576247762406912e-06,0.556396,269.7,0.2373,266.1,0.3
3411,2,4005.71,21238.15,0.468227,1.1576035717427857e-06,0.602753,265.9,0.2407,265.9,0.3
3412,2,4006.4,21234.41,0.423115,1.157582360154833e-06,0.706277,270.4,0.2367,266.1,0.3
3413,2,4007.1,21230.69,0.429344,1.1575611414773125e-06,0.659457,272.3,0.235,266.3,0.3
3414,2,4007.79,21226.99,0.419382,1.1575399157107034e-06,0.796519,268.7,0.2382,267.0,0.3
3415,2,4008.49,21223.27,0.410798,1.1575186828554856e-06,0.688837,270.6,0.2365,267.2,0.3
3416,2,4009.18,21219.56,0.42786,1.1574974429121395e-06,0.623941,268.2,0.2386,267.3,0.2
3417,2,4009.88,21215.86,0.428845,1.1574761958811447e-06,0.872871,263.9,0.2425,267.1,0.2
3418,2,4010.57,21212.13,0.393731,1.1574549417629817e-06,0.618025,270.2,0.2369,267.2,0.2
3419,2,4011.26,21208.42,0.411781,1.1574336805581309e-06,0.783256,268.9,0.238,267.1,0.2
3420,2,4011.96,21204.71,0.484543,1.1574124122670727e-06,0.815597,270.1,0.2369,267.2,0.2
3421,2,4012.66,21201.08,0.452385,1.1573911368902881e-06,0.829338,265.6,0.2409,268.9,0.2
3422,2,4013.36,21197.37,0.428696,1.1573698544282576e-06,0.629697,270.2,0.2369,269.1,0.2
3423,2,4014.06,21193.71,0.392439,1.1573485648814626e-06,0.708496,260.9,0.2453,268.3,0.2
3424,2,4014.74,21189.96,0.442088,1.1573272682503844e-06,0.679192,271.9,0.2353,268.5,0.2
3425,2,4015.44,21186.29,0.442131,1.157305964535504e-06,0.988773,267.4,0.2393,268.4,0.2
3426,2,4016.14,21182.6,0.472367,1.157284653737303e-06,1.28453,269.6,0.2374,268.3,0.2
3427,2,4016.83,21178.91,0.440192,1.1572633358562635e-06,0.588271,270.4,0.2367,268.3,0.2
3428,2,4017.53,21175.22,0.4226,1.157242010892867e-06,0.847878,272.2,0.2351,268.4,0.2
3429,2,4018.23,21171.56,0.370972,1.1572206788475953e-06,0.468681,268.4,0.2384,268.2,0.2
3430,2,4018.92,21167.86,0.411033,1.1571993397209313e-06,0.501912,267.9,0.2389,268.1,0.2
3431,2,4019.62,21164.19,0.440772,1.1571779935133568e-06,0.818692,266.5,0.2401,268.1,0.2
3432,2,4020.31,21160.49,0.441802,1.1571566402253543e-06,0.567003,271.8,0.2355,268.2,0.2
3433,2,4021.0,21156.81,0.431098,1.1571352798574066e-06,0.723914,271.5,0.2358,268.2,0.2
3434,2,4021.7,21153.18,0.382213,1.1571139124099965e-06,0.775883,258.8,0.2473,267.6,0.2
3435,2,4022.39,21149.48,0.426327,1.157092537883607e-06,0.70986,266.3,0.2403,267.4,0.2
3436,2,4023.09,21145.8,0.478022,1.1570711562787211e-06,1.049776,269.2,0.2378,267.4,0.2
3437,2,4023.79,21142.15,0.415557,1.1570497675958224e-06,0.942601,268.2,0.2386,267.7,0.2
3438,2,4024.48,21138.47,0.463711,1.1570283718353939e-06,0.753848,271.2,0.236,267.7,0.2
3439,2,4025.17,21134.8,0.425805,1.1570069689979196e-06,1.047617,272.1,0.2352,267.8,0.2
3440,2,4025.87,21131.15,0.387234,1.156985559083883e-06,0.668305,268.1,0.2387,267.7,0.3
3441,2,4026.58,21127.54,0.447299,1.1569641420937685e-06,0.588606,272.1,0.2352,268.0,0.3
3442,2,4027.27,21123.87,0.423117,1.1569427180280597e-06,0.592783,270.4,0.2367,268.0,0.3
3443,2,4027.97,21120.21,0.432569,1.156921286887241e-06,0.669058,270.1,0.2369,268.6,0.2
3444,2,4028.67,21116.58,0.462595,1.1568998486717968e-06,0.629486,265.7,0.2409,268.2,0.2
3445,2,4029.36,21112.92,0.449768,1.1568784033822118e-06,0.925573,268.6,0.2382,268.3,0.2
3446,2,4030.06,21109.26,0.398294,1.1568569510189707e-06,1.00035,269.9,0.2372,268.3,0.2
3447,2,4030.75,21105.62,0.434403,1.1568354915825581e-06,0.627514,269.6,0.2374,268.2,0.3
3448,2,4031.45,21101.97,0.43668,1.1568140250734594e-06,0.605958,268.5,0.2383,268.0,0.3
3449,2,4032.15,21098.34,0.448856,1.1567925514921599e-06,0.707853,270.9,0.2362,268.1,0.3
3450,2,4032.85,21094.72,0.431425,1.1567710708391447e-06,0.590619,266.7,0.24,268.0,0.3
3451,2,4033.54,21091.07,0.389866,1.1567495831148994e-06,0.521595,269.9,0.2371,268.2,0.3
3452,2,4034.24,21087.43,0.417198,1.1567280883199096e-06,0.613349,267.9,0.2389,268.0,0.3
3453,2,4034.93,21083.79,0.424718,1.1567065864546615e-06,0.556175,270.2,0.2369,267.9,0.3
3454,2,4035.63,21080.16,0.444011,1.1566850775196408e-06,0.926907,272.7,0.2347,268.6,0.3
3455,2,4036.33,21076.54,0.420289,1.1566635615153337e-06,0.66794,269.0,0.2379,268.8,0.3
3456,2,4037.03,21072.91,0.438843,1.1566420384422267e-06,0.528629,270.1,0.237,268.8,0.3
3457,2,4037.72,21069.27,0.435726,1.1566205083008063e-06,0.833995,269.9,0.2371,268.9,0.3
3458,2,4038.42,21065.65,0.417663,1.156598971091559e-06,0.643998,268.0,0.2388,268.8,0.3
3459,2,4039.12,21062.03,0.428703,1.1565774268149716e-06,0.712654,267.3,0.2394,268.5,0.3
3460,2,4039.81,21058.4,0.481975,1.1565558754715312e-06,0.707659,268.6,0.2383,268.6,0.3
3461,2,4040.51,21054.79,0.47174,1.1565343170617247e-06,0.831806,274.6,0.2331,268.7,0.3
3462,2,4041.21,21051.17,0.391514,1.1565127515860397e-06,0.743431,270.1,0.237,268.7,0.3
3463,2,4041.9,21047.55,0.425801,1.1564911790449636e-06,0.698497,270.6,0.2365,268.7,0.3
3464,2,4042.6,21043.93,0.459432,1.156469599438984e-06,0.759231,270.9,0.2363,269.0,0.3
3465,2,4043.31,21040.38,0.416834,1.1564480127685885e-06,0.942716,258.1,0.248,268.4,0.3
3466,2,4044.0,21036.74,0.439935,1.1564264190342653e-06,0.716219,264.2,0.2423,268.2,0.3
3467,2,4044.69,21033.11,0.437962,1.1564048182365021e-06,0.777333,270.2,0.2369,268.2,0.3
3468,2,4045.4,21029.53,0.427224,1.1563832103757876e-06,0.718549,263.6,0.2428,268.0,0.3
3469,2,4046.09,21025.9,0.409242,1.1563615954526097e-06,0.945524,269.2,0.2378,267.9,0.2
3470,2,4046.79,21022.29,0.419889,1.1563399734674575e-06,0.835109,270.1,0.237,268.0,0.2
3471,2,4047.48,21018.68,0.474489,1.1563183444208194e-06,0.669428,271.1,0.2361,268.1,0.2
3472,2,4048.18,21015.09,0.392359,1.1562967083131843e-06,0.618957,268.9,0.238,268.1,0.2
3473,2,4048.88,21011.49,0.432741,1.1562750651450412e-06,0.743107,270.9,0.2362,268.2,0.3
3474,2,4049.58,21007.91,0.458144,1.1562534149168798e-06,0.569959,269.9,0.2371,268.0,0.3
3475,2,4050.28,21004.32,0.402434,1.156231757629189e-06,0.585176,266.6,0.24,267.9,0.2
3476,2,4050.97,21000.72,0.433169,1.1562100932824585e-06,0.549764,268.0,0.2388,267.8,0.2
3477,2,4051.67,20997.13,0.410285,1.1561884218771779e-06,0.703291,269.8,0.2372,267.8,0.2
3478,2,4052.37,20993.55,0.421336,1.156166743413837e-06,0.562759,269.4,0.2376,267.9,0.2
3479,2,4053.06,20989.95,0.388735,1.156145057892926e-06,0.686472,271.8,0.2355,268.1,0.3
3480,2,4053.76,20986.38,0.371029,1.1561233653149347e-06,0.827314,267.1,0.2396,268.0,0.3
3481,2,4054.47,20982.83,0.430046,1.1561016656803536e-06,0.61076,269.7,0.2373,267.8,0.3
3482,2,4055.16,20979.24,0.399822,1.1560799589896735e-06,0.715952,269.4,0.2376,267.7,0.3
3483,2,4055.86,20975.67,0.441898,1.1560582452433846e-06,0.758999,270.4,0.2366,267.7,0.3
3484,2,4056.56,20972.1,0.401036,1.1560365244419782e-06,0.707768,267.8,0.239,267.5,0.3
3485,2,4057.27,20968.57,0.417707,1.1560147965859447e-06,0.594077,258.4,0.2477,267.5,0.3
3486,2,4057.96,20964.96,0.480837,1.1559930616757758e-06,0.883218,268.9,0.238,267.7,0.3
3487,2,4058.66,20961.39,0.39986,1.1559713197119622e-06,0.779357,268.5,0.2383,267.7,0.3
3488,2,4059.36,20957.85,0.454574,1.1559495706949957e-06,0.609171,262.5,0.2438,267.6,0.3
3489,2,4060.06,20954.27,0.405696,1.155927814625368e-06,0.86629,266.3,0.2403,267.5,0.3
3490,2,4060.76,20950.71,0.42212,1.1559060515035705e-06,0.709049,265.4,0.2411,267.2,0.3
3491,2,4061.45,20947.12,0.392669,1.1558842813300954e-06,1.119335,272.5,0.2349,267.3,0.3
3492,2,4062.15,20943.56,0.455471,1.1558625041054346e-06,0.983791,268.2,0.2387,267.2,0.3
3493,2,4062.85,20940.02,0.453643,1.1558407198300804e-06,0.647173,267.7,0.239,267.1,0.3
3494,2,4063.55,20936.46,0.463215,1.1558189285045253e-06,1.031058,268.1,0.2387,267.0,0.3
3495,2,4064.24,20932.89,0.407645,1.1557971301292617e-06,0.718136,270.4,0.2367,267.2,0.3
3496,2,4064.95,20929.39,0.351934,1.1557753247047823e-06,0.494712,257.4,0.2486,266.6,0.3
3497,2,4065.64,20925.79,0.396647,1.1557535122315802e-06,0.602476,266.7,0.24,266.5,0.3
3498,2,4066.34,20922.24,0.367486,1.1557316927101482e-06,0.986513,270.5,0.2366,266.5,0.3
3499,2,4067.04,20918.71,0.476824,1.1557098661409795e-06,1.166944,267.4,0.2393,266.3,0.3
3500,2,4067.74,20915.16,0.43972,1.1556880325245677e-06,0.763392,268.3,0.2385,266.4,0.3
3501,2,4068.45,20911.69,0.447839,1.1556661918614063e-06,0.752549,268.5,0.2384,266.3,0.3
3502,2,4069.15,20908.14,0.447273,1.1556443441519888e-06,0.769257,268.2,0.2386,266.3,0.3
3503,2,4069.85,20904.59,0.436213,1.1556224893968088e-06,1.004874,269.8,0.2372,266.3,0.3
3504,2,4070.55,20901.04,0.416176,1.1556006275963608e-06,0.881112,269.9,0.2371,266.4,0.3
3505,2,4071.25,20897.51,0.415315,1.1555787587511385e-06,0.642694,268.3,0.2386,266.9,0.3
3506,2,4071.94,20893.97,0.448212,1.1555568828616365e-06,0.725251,268.6,0.2382,266.9,0.3
3507,2,4072.64,20890.44,0.418417,1.1555349999283492e-06,1.046548,270.0,0.2371,266.9,0.3
3508,2,4073.34,20886.91,0.457176,1.1555131099517713e-06,0.767981,269.6,0.2374,267.3,0.3
3509,2,4074.04,20883.39,0.451179,1.1554912129323974e-06,1.106241,269.5,0.2375,267.4,0.3
3510,2,4074.74,20879.85,0.43979,1.1554693088707226e-06,0.935829,269.0,0.2379,267.6,0.3
3511,2,4075.44,20876.33,0.466359,1.1554473977672419e-06,0.739709,268.7,0.2382,267.4,0.3
3512,2,4076.14,20872.83,0.419922,1.1554254796224508e-06,0.616297,263.3,0.2431,267.2,0.3
3513,2,4076.84,20869.28,0.418367,1.1554035544368445e-06,0.528992,268.5,0.2384,267.2,0.3
3514,2,4077.54,20865.76,0.419085,1.1553816222109184e-06,0.80128,269.7,0.2373,267.4,0.3
3515,2,4078.24,20862.24,0.41945,1.1553596829451685e-06,0.683577,266.4,0.2403,267.1,0.3
3516,2,4078.93,20858.7,0.394011,1.1553377366400908e-06,0.540416,271.1,0.2361,267.9,0.3
3517,2,4079.63,20855.19,0.484824,1.1553157832961813e-06,0.733552,268.2,0.2386,267.9,0.3
3518,2,4080.33,20851.67,0.410149,1.1552938229139363e-06,0.623613,270.5,0.2366,267.9,0.3
3519,2,4081.03,20848.18,0.406911,1.1552718554938518e-06,0.593257,266.3,0.2403,267.9,0.3
3520,2,4081.73,20844.64,0.442378,1.1552498810364247e-06,0.651861,270.6,0.2365,268.0,0.3
3521,2,4082.44,20841.19,0.471253,1.1552278995421515e-06,0.861745,269.2,0.2378,268.0,0.3
3522,2,4083.14,20837.67,0.404696,1.1552059110115293e-06,0.738743,268.7,0.2382,268.0,0.3
3523,2,4083.84,20834.17,0.460833,1.1551839154450548e-06,0.773707,270.3,0.2368,268.0,0.3
3524,2,4084.54,20830.67,0.441774,1.1551619128432252e-06,0.696951,268.2,0.2386,268.0,0.3
3525,2,4085.24,20827.17,0.427302,1.1551399032065382e-06,0.538315,268.4,0.2385,267.9,0.3
3526,2,4085.93,20823.66,0.425123,1.1551178865354909e-06,0.810443,271.6,0.2356,268.1,0.3
3527,2,4086.64,20820.18,0.425869,1.155095862830581e-06,0.604205,267.7,0.2391,268.0,0.3
3528,2,4087.34,20816.68,0.4333,1.1550738320923064e-06,0.64909,268.9,0.238,267.9,0.3
3529,2,4088.03,20813.16,0.450171,1.1550517943211653e-06,0.752974,272.2,0.2351,268.0,0.3
3530,2,4088.74,20809.69,0.412776,1.1550297495176555e-06,0.585794,268.2,0.2387,268.0,0.3
3531,2,4089.43,20806.19,0.449897,1.1550076976822753e-06,0.717272,269.5,0.2374,268.0,0.3
3532,2,4090.13,20802.7,0.409217,1.1549856388155233e-06,0.527637,271.4,0.2358,268.4,0.3
3533,2,4090.84,20799.23,0.377869,1.154963572917898e-06,0.60314,264.6,0.2419,268.2,0.3
3534,2,4091.53,20795.72,0.417989,1.1549414999898982e-06,0.530783,270.2,0.2369,268.2,0.3
3535,2,4092.23,20792.24,0.427348,1.1549194200320228e-06,0.839679,268.8,0.2381,268.4,0.3
3536,2,4092.93,20788.77,0.440071,1.1548973330447709e-06,0.680864,267.1,0.2396,268.2,0.3
3537,2,4093.63,20785.28,0.401312,1.1548752390286418e-06,0.781333,268.3,0.2385,268.2,0.3
3538,2,4094.34,20781.82,0.431333,1.1548531379841349e-06,0.779772,266.2,0.2404,267.9,0.3
3539,2,4095.03,20778.33,0.386411,1.1548310299117496e-06,0.528882,266.6,0.2401,267.9,0.3
3540,2,4095.73,20774.84,0.437613,1.1548089148119858e-06,0.585642,269.3,0.2376,267.9,0.3
3541,2,4096.44,20771.42,0.441144,1.1547867926853431e-06,0.744894,268.7,0.2382,267.8,0.3
3542,2,4097.14,20767.94,0.416118,1.1547646635323219e-06,0.835784,268.4,0.2384,267.8,0.3
3543,2,4097.84,20764.48,0.420316,1.1547425273534223e-06,0.765758,268.8,0.2381,267.8,0.3
3544,2,4098.54,20761.02,0.485894,1.1547203841491445e-06,0.897988,265.8,0.2407,267.6,0.3
3545,2,4099.24,20757.54,0.418927,1.1546982339199891e-06,0.743023,268.0,0.2388,267.7,0.3
3546,2,4099.94,20754.07,0.445007,1.1546760766664567e-06,0.75388,270.6,0.2365,267.6,0.3
3547,2,4100.64,20750.61,0.422721,1.1546539123890482e-06,0.567055,270.0,0.237,267.8,0.3
3548,2,4101.34,20747.15,0.395307,1.1546317410882646e-06,0.689048,267.3,0.2395,267.7,0.3
3549,2,4102.04,20743.7,0.420982,1.154609562764607e-06,0.675889,266.4,0.2402,267.5,0.3
3550,2,4102.74,20740.23,0.396983,1.1545873774185768e-06,0.910517,269.7,0.2373,267.6,0.3
3551,2,4103.44,20736.77,0.469246,1.1545651850506752e-06,0.775058,269.7,0.2373,267.6,0.3
3552,2,4104.14,20733.31,0.444884,1.154542985661404e-06,1.086632,268.7,0.2382,267.5,0.3
3553,2,4104.84,20729.85,0.415245,1.1545207792512653e-06,0.701669,268.3,0.2385,267.6,0.3
3554,2,4105.54,20726.38,0.392911,1.1544985658207606e-06,0.713957,271.8,0.2355,267.7,0.3
3555,2,4106.24,20722.93,0.492199,1.154476345370392e-06,0.898974,269.8,0.2372,267.8,0.3
3556,2,4106.94,20719.49,0.430523,1.154454117900662e-06,0.586709,265.8,0.2407,267.7,0.3
3557,2,4107.64,20716.03,0.418078,1.154431883412073e-06,0.59042,268.1,0.2387,267.7,0.3
3558,2,4108.34,20712.57,0.436215,1.1544096419051274e-06,0.688524,267.4,0.2393,267.7,0.3
3559,2,4109.03,20709.12,0.444234,1.1543873933803282e-06,0.773309,270.0,0.237,267.9,0.3
3560,2,4109.73,20705.67,0.446287,1.154365137838178e-06,0.868983,269.3,0.2376,268.0,0.2
3561,2,4110.44,20702.27,0.457356,1.1543428752791798e-06,0.873374,271.8,0.2354,268.1,0.2
3562,2,4111.15,20698.84,0.405759,1.1543206057038372e-06,0.721255,265.9,0.2407,268.0,0.2
3563,2,4111.84,20695.39,0.480459,1.1542983291126531e-06,0.927759,267.9,0.2389,268.0,0.2
3564,2,4112.54,20691.95,0.45317,1.1542760455061313e-06,0.657178,268.8,0.2381,268.1,0.2
3565,2,4113.24,20688.5,0.439302,1.1542537548847757e-06,0.828773,266.6,0.2401,268.0,0.2
3566,2,4113.94,20685.07,0.461821,1.1542314572490897e-06,0.760688,268.8,0.2381,267.9,0.2
3567,2,4114.64,20681.63,0.400225,1.1542091525995774e-06,0.667679,269.8,0.2372,267.9,0.3
3568,2,4115.34,20678.21,0.462649,1.154186840936743e-06,0.790938,267.8,0.239,267.9,0.3
3569,2,4116.04,20674.77,0.453378,1.154164522261091e-06,0.679369,272.1,0.2352,268.2,0.3
3570,2,4116.74,20671.35,0.474213,1.1541421965731258e-06,0.546885,267.9,0.2389,268.1,0.3
3571,2,4117.45,20667.98,0.474712,1.1541198638733518e-06,0.794291,256.3,0.2497,267.4,0.3
3572,2,4118.14,20664.49,0.434614,1.1540975241622742e-06,0.644776,269.9,0.2371,267.4,0.3
3573,2,4118.84,20661.07,0.482598,1.1540751774403976e-06,0.850376,267.9,0.2389,267.4,0.3
3574,2,4119.54,20657.65,0.43238,1.1540528237082273e-06,0.465527,268.0,0.2388,267.2,0.3
3575,2,4120.24,20654.21,0.49942,1.1540304629662686e-06,1.016649,270.6,0.2365,267.3,0.3
3576,2,4120.94,20650.79,0.434175,1.1540080952150266e-06,0.740381,270.6,0.2365,267.5,0.3
3577,2,4121.64,20647.37,0.435545,1.1539857204550072e-06,0.90808,269.6,0.2373,267.6,0.3
3578,2,4122.34,20643.97,0.447356,1.1539633386867162e-06,0.699662,269.4,0.2376,267.6,0.3
3579,2,4123.04,20640.55,0.439934,1.1539409499106592e-06,0.911027,266.9,0.2398,267.5,0.3
3580,2,4123.74,20637.14,0.409318,1.1539185541273426e-06,0.959788,268.5,0.2383,267.4,0.3
3581,2,4124.46,20633.82,0.456096,1.1538961513372724e-06,0.665591,260.8,0.2454,266.9,0.3
3582,2,4125.15,20630.36,0.408923,1.153873741540955e-06,0.735644,268.7,0.2382,267.0,0.3
3583,2,4125.85,20626.96,0.418311,1.153851324738897e-06,0.902526,266.9,0.2398,267.0,0.3
3584,2,4126.55,20623.55,0.421321,1.153828900931605e-06,0.644483,268.9,0.238,267.0,0.3
3585,2,4127.25,20620.14,0.381278,1.153806470119586e-06,0.752705,269.5,0.2374,267.1,0.3
3586,2,4127.95,20616.73,0.398441,1.153784032303347e-06,0.625888,267.6,0.2392,267.1,0.3
3587,2,4128.65,20613.32,0.45379,1.153761587483395e-06,0.789021,269.9,0.2372,267.1,0.3
3588,2,4129.35,20609.91,0.372877,1.1537391356602377e-06,0.621054,270.9,0.2363,267.3,0.3
3589,2,4130.05,20606.52,0.438879,1.153716676834382e-06,0.692519,268.8,0.2381,267.1,0.3
3590,2,4130.76,20603.15,0.405912,1.1536942110063362e-06,0.723054,265.1,0.2414,267.0,0.3
3591,2,4131.45,20599.74,0.468085,1.1536717381766075e-06,0.654821,267.8,0.239,267.6,0.3
3592,2,4132.16,20596.37,0.387981,1.1536492583457042e-06,0.934993,260.6,0.2456,267.1,0.3
3593,2,4132.85,20592.94,0.436503,1.1536267715141343e-06,0.797293,268.5,0.2383,267.1,0.3
3594,2,4133.55,20589.54,0.397846,1.1536042776824062e-06,0.910651,271.0,0.2361,267.3,0.3
3595,2,4134.25,20586.15,0.42732,1.1535817768510282e-06,0.658628,269.2,0.2378,267.2,0.3
3596,2,4134.95,20582.76,0.389382,1.1535592690205092e-06,0.668272,271.0,0.2362,267.3,0.3
3597,2,4135.65,20579.39,0.412299,1.1535367541913576e-06,0.783796,267.5,0.2392,267.2,0.3
3598,2,4136.35,20575.99,0.39821,1.1535142323640825e-06,0.504093,269.3,0.2377,267.2,0.2
3599,2,4137.05,20572.61,0.417435,1.153491703539193e-06,0.589343,269.2,0.2377,267.3,0.2
3600,2,4137.76,20569.25,0.462577,1.1534691677171982e-06,0.816063,262.8,0.2435,267.0,0.2
3601,2,4289.27,21315.31,0.457717,1.1534466248986073e-06,0.544422,245.0,0.2612,266.0,0.3
3602,2,4289.94,21311.55,0.438503,1.15342407508393e-06,0.696716,271.0,0.2362,266.1,0.3
3603,2,4290.63,21307.89,0.428726,1.1534015182736762e-06,0.816212,270.9,0.2363,266.3,0.3
3604,2,4291.33,21304.23,0.37572,1.1533789544683556e-06,0.573001,271.0,0.2362,266.4,0.3
3605,2,4292.02,21300.58,0.425243,1.153356383668478e-06,0.577455,269.6,0.2374,266.4,0.3
3606,2,4292.72,21296.95,0.410909,1.153333805874554e-06,1.07476,265.2,0.2413,266.3,0.3
3607,2,4293.41,21293.27,0.41437,1.1533112210870938e-06,0.902432,272.3,0.2351,266.4,0.3
3608,2,4294.11,21289.63,0.405045,1.153288629306608e-06,0.617352,268.7,0.2382,266.3,0.3
3609,2,4294.8,21285.99,0.391344,1.1532660305336069e-06,0.544757,266.3,0.2404,266.2,0.3
3610,2,4295.5,21282.34,0.409627,1.1532434247686015e-06,0.672922,270.4,0.2367,266.5,0.3
3611,2,4296.19,21278.69,0.408708,1.1532208120121028e-06,0.661487,270.3,0.2367,266.7,0.3
3612,2,4296.88,21275.05,0.42486,1.1531981922646218e-06,0.632131,269.2,0.2378,267.1,0.3
3613,2,4297.58,21271.42,0.486066,1.1531755655266699e-06,0.697145,270.1,0.237,267.2,0.3
3614,2,4298.27,21267.76,0.419786,1.1531529317987585e-06,0.672784,272.9,0.2345,267.3,0.3
3615,2,4298.97,21264.15,0.406726,1.1531302910813993e-06,0.649813,266.2,0.2404,267.1,0.3
3616,2,4299.66,21260.49,0.431679,1.153107643375104e-06,0.578964,271.6,0.2356,267.1,0.3
3617,2,4300.36,21256.87,0.421084,1.1530849886803845e-06,0.908924,270.9,0.2362,267.3,0.3
3618,2,4301.06,21253.26,0.402561,1.153062326997753e-06,0.744604,267.9,0.2389,267.3,0.3
3619,2,4301.75,21249.63,0.423305,1.1530396583277216e-06,0.628624,268.7,0.2382,267.2,0.2
3620,2,4302.45,21246.01,0.448191,1.1530169826708024e-06,0.745063,269.4,0.2376,267.6,0.2
3621,2,4303.15,21242.41,0.451331,1.1529943000275083e-06,0.534246,273.6,0.2339,269.3,0.2
3622,2,4303.84,21238.79,0.416948,1.152971610398352e-06,0.791034,270.5,0.2366,269.2,0.2
3623,2,4304.54,21235.17,0.464691,1.1529489137838463e-06,0.818848,269.3,0.2377,269.1,0.2
3624,2,4305.24,21231.56,0.483004,1.1529262101845041e-06,0.847168,268.6,0.2383,269.0,0.2
3625,2,4305.93,21227.96,0.403957,1.152903499600839e-06,0.639312,267.6,0.2392,268.9,0.2
3626,2,4306.63,21224.34,0.401526,1.1528807820333637e-06,0.570249,269.9,0.2371,269.2,0.2
3627,2,4307.34,21220.79,0.447649,1.1528580574825922e-06,0.72984,257.2,0.2488,268.4,0.2
3628,2,4308.03,21217.15,0.43033,1.1528353259490377e-06,0.697555,263.0,0.2433,268.1,0.2
3629,2,4308.72,21213.52,0.472538,1.1528125874332144e-06,0.812711,273.7,0.2339,268.5,0.2
3630,2,4309.42,21209.94,0.463145,1.152789841935636e-06,0.544747,269.6,0.2374,268.4,0.2
3631,2,4310.11,21206.33,0.426312,1.1527670894568169e-06,0.62397,272.0,0.2353,268.5,0.2
3632,2,4310.81,21202.73,0.395193,1.1527443299972714e-06,0.541358,270.4,0.2366,268.6,0.2
3633,2,4311.51,21199.14,0.414863,1.1527215635575137e-06,0.708347,269.2,0.2377,268.5,0.2
3634,2,4312.21,21195.54,0.476561,1.1526987901380584e-06,0.819157,269.0,0.2379,268.3,0.2
3635,2,4312.9,21191.94,0.437244,1.1526760097394205e-06,0.475787,270.3,0.2368,268.5,0.2
3636,2,4313.61,21188.43,0.42435,1.1526532223621148e-06,0.583777,255.2,0.2508,267.7,0.2
3637,2,4314.3,21184.77,0.439958,1.1526304280066562e-06,1.024285,269.2,0.2377,267.6,0.2
3638,2,4314.99,21181.18,0.39369,1.15260762667356e-06,0.597318,269.0,0.2379,267.6,0.2
3639,2,4315.69,21177.59,0.432911,1.152584818363342e-06,0.703196,271.3,0.2359,267.7,0.2
3640,2,4316.39,21174.02,0.442645,1.152562003076517e-06,0.963736,267.4,0.2394,267.6,0.2
3641,2,4317.1,21170.51,0.404688,1.1525391808136012e-06,0.89158,267.6,0.2391,267.3,0.2
3642,2,4317.8,21166.95,0.4066,1.1525163515751105e-06,0.598031,264.8,0.2417,267.0,0.2
3643,2,4318.49,21163.35,0.421604,1.1524935153615607e-06,0.664936,271.1,0.2361,267.1,0.2
3644,2,4319.2,21159.79,0.383551,1.152470672173468e-06,0.519469,270.5,0.2366,267.2,0.2
3645,2,4319.9,21156.24,0.409032,1.1524478220113488e-06,0.754981,265.7,0.2409,267.1,0.3
3646,2,4320.6,21152.68,0.498025,1.1524249648757195e-06,1.300594,265.3,0.2413,266.8,0.3
3647,2,4321.29,21149.1,0.425492,1.152402100767097e-06,0.728194,269.1,0.2378,267.4,0.3
3648,2,4322.0,21145.56,0.415392,1.152379229685998e-06,0.589203,266.5,0.2402,267.6,0.3
3649,2,4322.7,21142.0,0.422967,1.1523563516329392e-06,0.644306,266.6,0.2401,267.2,0.3
3650,2,4323.39,21138.41,0.412924,1.152333466608438e-06,0.568341,272.7,0.2347,267.4,0.3
3651,2,4324.09,21134.86,0.399064,1.1523105746130117e-06,0.504412,266.9,0.2397,267.1,0.3
3652,2,4324.79,21131.3,0.421373,1.1522876756471775e-06,0.850145,267.9,0.2389,267.0,0.3
3653,2,4325.49,21127.76,0.440236,1.152264769711453e-06,0.792937,267.3,0.2395,266.9,0.3
3654,2,4326.19,21124.22,0.434351,1.1522418568063563e-06,0.959966,266.1,0.2405,266.7,0.3
3655,2,4326.89,21120.66,0.436539,1.152218936932405e-06,0.578633,267.8,0.239,266.6,0.3
3656,2,4327.59,21117.12,0.430286,1.1521960100901174e-06,0.595074,267.9,0.2389,267.3,0.3
3657,2,4328.29,21113.57,0.441909,1.1521730762800116e-06,0.615255,264.1,0.2424,267.0,0.3
3658,2,4328.98,21110.0,0.434437,1.1521501355026059e-06,0.718039,271.6,0.2357,267.1,0.3
3659,2,4329.68,21106.47,0.460556,1.152127187758419e-06,0.932338,265.5,0.241,266.8,0.3
3660,2,4330.37,21102.89,0.426264,1.1521042330479693e-06,0.670131,271.3,0.2359,267.0,0.3
3661,2,4331.08,21099.38,0.420924,1.152081271371776e-06,1.199703,270.7,0.2364,267.2,0.3
3662,2,4331.78,21095.84,0.448673,1.1520583027303579e-06,0.981106,268.7,0.2382,267.4,0.3
3663,2,4332.48,21092.31,0.438701,1.1520353271242342e-06,0.835198,265.1,0.2414,267.1,0.3
3664,2,4333.18,21088.75,0.4451,1.1520123445539244e-06,0.625046,271.4,0.2358,267.1,0.3
3665,2,4333.88,21085.23,0.475053,1.1519893550199478e-06,0.944966,265.8,0.2408,267.1,0.3
3666,2,4334.57,21081.67,0.44805,1.1519663585228242e-06,0.816703,269.4,0.2375,267.3,0.3
3667,2,4335.27,21078.13,0.430269,1.151943355063073e-06,0.511964,270.9,0.2363,267.4,0.3
3668,2,4335.97,21074.62,0.425046,1.1519203446412146e-06,0.726725,265.3,0.2413,267.3,0.3
3669,2,4336.67,21071.08,0.449377,1.1518973272577687e-06,0.708462,268.4,0.2385,267.4,0.3
3670,2,4337.37,21067.54,0.444237,1.1518743029132562e-06,0.558304,270.2,0.2368,267.2,0.3
3671,2,4338.06,21064.01,0.419461,1.151851271608197e-06,0.690724,269.6,0.2374,267.4,0.3
3672,2,4338.76,21060.5,0.46186,1.1518282333431118e-06,0.722515,268.0,0.2389,267.4,0.3
3673,2,4339.46,21056.96,0.417095,1.1518051881185214e-06,0.871009,266.9,0.2398,267.4,0.3
3674,2,4340.16,21053.43,0.435156,1.1517821359349467e-06,0.652134,270.3,0.2367,267.6,0.3
3675,2,4340.85,21049.9,0.416546,1.1517590767929087e-06,0.636741,273.3,0.2342,267.9,0.3
3676,2,4341.56,21046.39,0.400134,1.1517360106929287e-06,0.681207,269.1,0.2379,267.9,0.3
3677,2,4342.25,21042.87,0.434093,1.1517129376355281e-06,0.876352,268.2,0.2386,268.1,0.3
3678,2,4342.95,21039.35,0.399978,1.1516898576212282e-06,0.84372,268.5,0.2383,268.0,0.3
3679,2,4343.65,21035.82,0.429642,1.1516667706505508e-06,0.813328,270.5,0.2366,268.2,0.3
3680,2,4344.36,21032.36,0.429299,1.1516436767240177e-06,0.942378,260.6,0.2455,267.7,0.3
3681,2,4345.06,21028.85,0.407813,1.151620575842151e-06,0.617613,271.2,0.236,267.8,0.3
3682,2,4345.76,21025.33,0.417763,1.151597468005473e-06,0.555648,269.8,0.2373,267.8,0.3
3683,2,4346.46,21021.83,0.458545,1.1515743532145057e-06,0.7204,265.8,0.2408,267.9,0.3
3684,2,4347.16,21018.34,0.437697,1.1515512314697718e-06,0.714282,262.4,0.2439,267.4,0.3
3685,2,4347.85,21014.82,0.465549,1.151528102771794e-06,0.684246,266.7,0.2399,267.5,0.3
3686,2,4348.55,21011.3,0.405195,1.1515049671210948e-06,0.862922,267.2,0.2395,267.4,0.3
3687,2,4349.25,21007.8,0.396846,1.1514818245181974e-06,0.702198,267.6,0.2391,267.2,0.3
3688,2,4349.95,21004.29,0.43762,1.1514586749636246e-06,0.734167,268.0,0.2388,267.4,0.3
3689,2,4350.64,21000.77,0.443749,1.1514355184579e-06,0.715213,271.4,0.2358,267.5,0.3
3690,2,4351.34,20997.27,0.459171,1.1514123550015468e-06,0.657937,270.3,0.2368,267.6,0.3
3691,2,4352.04,20993.78,0.443311,1.1513891845950888e-06,0.871699,268.8,0.2381,267.5,0.3
3692,2,4352.74,20990.29,0.426111,1.1513660072390494e-06,0.888487,266.8,0.2399,267.4,0.3
3693,2,4353.44,20986.82,0.457234,1.1513428229339525e-06,0.671171,262.4,0.2439,267.2,0.3
3694,2,4354.13,20983.29,0.466961,1.1513196316803225e-06,0.902677,270.6,0.2365,267.2,0.3
3695,2,4354.83,20979.81,0.409492,1.1512964334786835e-06,0.72841,267.6,0.2392,266.9,0.3
3696,2,4355.53,20976.31,0.432289,1.1512732283295595e-06,0.559587,269.0,0.2379,266.9,0.3
3697,2,4356.23,20972.84,0.442827,1.1512500162334756e-06,0.718715,262.0,0.2443,266.6,0.3
3698,2,4356.92,20969.31,0.444744,1.151226797190956e-06,0.909588,270.0,0.237,266.7,0.3
3699,2,4357.62,20965.81,0.413776,1.1512035712025256e-06,0.680828,271.5,0.2358,266.7,0.3
3700,2,4358.31,20962.31,0.44318,1.1511803382687095e-06,0.646364,271.3,0.2359,267.2,0.3
3701,2,4359.02,20958.88,0.418363,1.1511570983900327e-06,0.611767,268.4,0.2384,267.1,0.3
3702,2,4359.71,20955.37,0.452665,1.1511338515670207e-06,0.602057,271.2,0.236,267.2,0.3
3703,2,4360.41,20951.89,0.400064,1.1511105978001989e-06,0.691836,267.6,0.2392,267.3,0.3
3704,2,4361.11,20948.4,0.39534,1.1510873370900927e-06,0.68231,269.4,0.2376,267.6,0.3
3705,2,4361.81,20944.92,0.383398,1.1510640694372281e-06,0.887532,268.1,0.2387,267.7,0.3
3706,2,4362.51,20941.46,0.416729,1.151040794842131e-06,0.90426,263.5,0.2429,267.5,0.3
3707,2,4363.2,20937.94,0.434964,1.1510175133053274e-06,0.756287,270.8,0.2364,267.6,0.3
3708,2,4363.9,20934.46,0.409795,1.1509942248273435e-06,0.740043,268.4,0.2384,267.6,0.3
3709,2,4364.59,20930.97,0.398422,1.150970929408706e-06,0.596742,272.6,0.2348,267.7,0.3
3710,2,4365.29,20927.49,0.41322,1.1509476270499412e-06,0.61817,272.5,0.2349,267.8,0.3
3711,2,4365.98,20924.02,0.443809,1.150924317751576e-06,0.774552,270.6,0.2365,267.9,0.3
3712,2,4366.68,20920.54,0.423782,1.1509010015141371e-06,0.681895,270.9,0.2363,268.2,0.3
3713,2,4367.38,20917.06,0.425353,1.1508776783381514e-06,0.873145,269.7,0.2373,268.5,0.3
3714,2,4368.07,20913.58,0.477748,1.1508543482241464e-06,1.070437,271.1,0.2361,268.6,0.3
3715,2,4368.77,20910.13,0.426873,1.150831011172649e-06,0.979774,267.9,0.2389,268.6,0.3
3716,2,4369.47,20906.66,0.420619,1.1508076671841873e-06,0.645815,269.5,0.2375,268.6,0.3
3717,2,4370.17,20903.19,0.439188,1.1507843162592886e-06,1.035415,269.6,0.2374,269.0,0.3
3718,2,4370.86,20899.73,0.431802,1.1507609583984806e-06,0.676146,268.3,0.2385,268.9,0.3
3719,2,4371.56,20896.26,0.411432,1.1507375936022914e-06,0.809842,270.0,0.2371,268.8,0.3
3720,2,4372.25,20892.79,0.419604,1.150714221871249e-06,0.750092,271.1,0.236,268.8,0.3
3721,2,4372.96,20889.39,0.44465,1.1506908432058821e-06,0.815447,269.0,0.2379,268.8,0.3
3722,2,4373.66,20885.93,0.377039,1.1506674576067187e-06,0.651549,267.7,0.239,268.7,0.3
3723,2,4374.36,20882.47,0.439072,1.1506440650742875e-06,0.760289,269.4,0.2376,268.7,0.3
3724,2,4375.05,20879.01,0.435451,1.1506206656091172e-06,0.552629,271.7,0.2356,268.9,0.3
3725,2,4375.75,20875.57,0.433725,1.150597259211737e-06,0.927132,269.7,0.2373,268.9,0.3
3726,2,4376.45,20872.11,0.396359,1.1505738458826756e-06,0.695227,272.4,0.235,269.4,0.3
3727,2,4377.15,20868.67,0.41241,1.1505504256224626e-06,0.671514,268.9,0.238,269.3,0.3
3728,2,4377.84,20865.21,0.448151,1.150526998431627e-06,0.960643,271.1,0.236,269.5,0.3
3729,2,4378.54,20861.77,0.463278,1.1505035643106985e-06,0.865143,270.0,0.237,269.4,0.3
3730,2,4379.24,20858.33,0.463266,1.1504801232602067e-06,0.722666,269.6,0.2374,269.2,0.3
3731,2,4379.94,20854.89,0.428293,1.1504566752806816e-06,0.667201,268.2,0.2387,269.1,0.3
3732,2,4380.63,20851.44,0.457939,1.1504332203726532e-06,0.964245,270.1,0.237,269.1,0.2
3733,2,4381.33,20848.0,0.445164,1.1504097585366516e-06,0.665567,270.6,0.2365,269.1,0.3
3734,2,4382.03,20844.58,0.418534,1.150386289773207e-06,0.650709,267.1,0.2396,268.9,0.3
3735,2,4382.73,20841.14,0.414429,1.15036281408285e-06,0.68187,270.2,0.2368,269.0,0.3
3736,2,4383.43,20837.7,0.39915,1.1503393314661113e-06,0.540183,269.8,0.2372,269.0,0.3
3737,2,4384.13,20834.31,0.421042,1.1503158419235215e-06,0.613838,260.1,0.246,268.6,0.2
3738,2,4384.82,20830.82,0.418145,1.1502923454556117e-06,0.646271,269.9,0.2371,268.7,0.2
3739,2,4385.52,20827.38,0.481588,1.150268842062913e-06,0.796495,270.3,0.2368,268.7,0.2
3740,2,4386.22,20823.97,0.450025,1.1502453317459567e-06,0.700962,266.9,0.2398,268.5,0.2
3741,2,4386.92,20820.57,0.396897,1.150221814505274e-06,0.764074,271.6,0.2357,268.6,0.2
3742,2,4387.62,20817.16,0.417389,1.1501982903413964e-06,0.764341,267.7,0.2391,268.6,0.2
3743,2,4388.32,20813.74,0.444434,1.1501747592548557e-06,0.792116,267.9,0.2389,268.6,0.2
3744,2,4389.02,20810.33,0.367487,1.1501512212461842e-06,0.696403,265.3,0.2412,268.2,0.2
3745,2,4389.72,20806.93,0.438605,1.1501276763159135e-06,0.789177,257.8,0.2482,267.6,0.2
3746,2,4390.41,20803.45,0.436403,1.150104124464576e-06,0.819973,271.7,0.2355,267.6,0.2
3747,2,4391.1,20800.03,0.426857,1.1500805656927039e-06,0.615218,269.9,0.2371,267.6,0.2
3748,2,4391.8,20796.61,0.402366,1.1500570000008298e-06,0.755759,270.3,0.2368,267.6,0.2
3749,2,4392.5,20793.21,0.390702,1.1500334273894863e-06,0.623394,268.5,0.2384,267.5,0.2
3750,2,4393.2,20789.79,0.406556,1.1500098478592063e-06,0.725013,270.8,0.2364,267.6,0.2
3751,2,4393.91,20786.42,0.45773,1.1499862614105226e-06,0.966365,261.2,0.245,267.2,0.2
3752,2,4394.6,20782.98,0.414535,1.1499626680439687e-06,1.137531,270.9,0.2362,267.2,0.3
3753,2,4395.3,20779.58,0.344115,1.1499390677600775e-06,0.702577,266.9,0.2398,267.0,0.3
3754,2,4395.99,20776.16,0.39977,1.1499154605593826e-06,0.528805,269.5,0.2374,267.1,0.3
3755,2,4396.69,20772.77,0.383729,1.1498918464424177e-06,0.615514,266.1,0.2405,266.9,0.3
3756,2,4397.39,20769.35,0.476056,1.1498682254097162e-06,0.635841,270.0,0.237,266.9,0.3
3757,2,4398.09,20765.95,0.44704,1.1498445974618126e-06,0.694304,269.0,0.2379,267.4,0.3
3758,2,4398.79,20762.56,0.434619,1.1498209625992407e-06,0.794452,266.0,0.2406,267.2,0.3
3759,2,4399.49,20759.16,0.399175,1.1497973208225346e-06,0.776165,270.5,0.2366,267.2,0.3
3760,2,4400.18,20755.76,0.476601,1.1497736721322288e-06,0.824233,270.3,0.2368,267.4,0.3
3761,2,4400.89,20752.41,0.472934,1.1497500165288577e-06,0.691213,269.1,0.2378,267.2,0.3
3762,2,4401.59,20749.01,0.439639,1.149726354012956e-06,0.66968,270.4,0.2367,267.4,0.3
3763,2,4402.29,20745.62,0.414999,1.149702684585059e-06,0.535079,269.7,0.2373,267.5,0.3
3764,2,4402.99,20742.24,0.397588,1.1496790082457012e-06,0.981081,268.9,0.238,267.6,0.3
3765,2,4403.69,20738.86,0.416039,1.149655324995418e-06,0.594247,266.8,0.2399,268.1,0.3
3766,2,4404.39,20735.49,0.404316,1.1496316348347446e-06,0.848106,264.0,0.2424,267.7,0.3
3767,2,4405.09,20732.09,0.42381,1.1496079377642163e-06,0.555974,266.7,0.24,267.6,0.3
3768,2,4405.78,20728.7,0.395216,1.1495842337843693e-06,0.750694,268.2,0.2386,267.5,0.3
3769,2,4406.48,20725.32,0.438616,1.149560522895739e-06,0.558256,269.0,0.2379,267.5,0.3
3770,2,4407.18,20721.92,0.396588,1.1495368050988612e-06,0.561867,272.0,0.2353,267.5,0.3
3771,2,4407.88,20718.55,0.464618,1.1495130803942724e-06,0.7104,268.5,0.2383,267.9,0.3
3772,2,4408.57,20715.16,0.435161,1.1494893487825086e-06,0.583483,272.2,0.2351,268.0,0.3
3773,2,4409.29,20711.84,0.402287,1.1494656102641063e-06,0.83411,254.1,0.2519,267.3,0.2
3774,2,4409.97,20708.41,0.418548,1.1494418648396021e-06,0.743214,267.2,0.2395,267.2,0.2
3775,2,4410.67,20705.04,0.41348,1.1494181125095327e-06,0.577496,264.3,0.2422,267.1,0.3
3776,2,4411.37,20701.67,0.41901,1.1493943532744348e-06,0.599418,264.4,0.2421,266.8,0.3
3777,2,4412.07,20698.29,0.406694,1.1493705871348456e-06,0.893053,268.2,0.2386,266.8,0.3
3778,2,4412.76,20694.9,0.408632,1.1493468140913025e-06,0.913273,271.9,0.2354,267.1,0.3
3779,2,4413.47,20691.56,0.437508,1.1493230341443425e-06,0.564088,264.6,0.2419,266.8,0.3
3780,2,4414.16,20688.18,0.518604,1.1492992472945035e-06,1.150652,269.5,0.2375,266.7,0.3
3781,2,4414.87,20684.86,0.410418,1.1492754535423225e-06,0.719546,269.8,0.2372,266.8,0.3
3782,2,4415.57,20681.49,0.42338,1.149251652888338e-06,0.654379,269.4,0.2375,266.7,0.3
3783,2,4416.27,20678.13,0.452249,1.1492278453330877e-06,0.930727,267.8,0.2389,266.6,0.3
3784,2,4416.97,20674.76,0.396847,1.1492040308771098e-06,0.807213,269.4,0.2376,266.6,0.3
3785,2,4417.66,20671.4,0.429075,1.1491802095209422e-06,0.622895,270.0,0.237,266.8,0.3
3786,2,4418.36,20668.04,0.427753,1.1491563812651239e-06,0.846996,270.9,0.2362,267.1,0.3
3787,2,4419.07,20664.71,0.383803,1.1491325461101933e-06,0.699073,265.1,0.2414,267.1,0.3
3788,2,4419.76,20661.34,0.389568,1.1491087040566891e-06,0.604111,268.8,0.2381,267.1,0.3
3789,2,4420.46,20657.98,0.407444,1.1490848551051502e-06,0.751244,268.6,0.2383,267.1,0.3
3790,2,4421.16,20654.63,0.476485,1.1490609992561159e-06,0.83826,268.7,0.2382,266.9,0.3
3791,2,4421.85,20651.26,0.379587,1.1490371365101251e-06,0.869443,270.7,0.2364,267.0,0.3
3792,2,4422.55,20647.92,0.405718,1.1490132668677175e-06,0.568131,268.3,0.2386,266.9,0.3
3793,2,4423.25,20644.57,0.456935,1.1489893903294323e-06,0.834665,268.7,0.2382,267.6,0.3
3794,2,4423.95,20641.23,0.417469,1.1489655068958093e-06,0.596498,268.5,0.2384,267.7,0.3
3795,2,4424.65,20637.87,0.41494,1.1489416165673883e-06,0.55169,271.9,0.2354,268.1,0.3
3796,2,4425.35,20634.52,0.442117,1.1489177193447095e-06,0.994837,270.3,0.2367,268.4,0.3
3797,2,4426.05,20631.19,0.409925,1.148893815228313e-06,0.54932,268.9,0.238,268.4,0.3
3798,2,4426.75,20627.85,0.385914,1.1488699042187389e-06,0.890812,268.8,0.2381,268.2,0.3
3799,2,4427.44,20624.49,0.412078,1.1488459863165278e-06,0.500932,270.1,0.2369,268.5,0.3
3800,2,4428.14,20621.15,0.373543,1.1488220615222206e-06,0.638898,271.2,0.236,268.6,0.3
3801,2,4456.6,20747.05,0.398827,1.1487981298363576e-06,0.810792,241.6,0.2648,266.9,0.3
3802,2,4457.27,20743.56,0.460137,1.14877419125948e-06,0.725826,270.3,0.2367,266.9,0.3
3803,2,4457.97,20740.16,0.419651,1.1487502457921289e-06,0.783965,272.1,0.2352,267.1,0.3
3804,2,4458.67,20736.79,0.467094,1.1487262934348454e-06,0.750282,267.9,0.2389,267.0,0.3
3805,2,4459.36,20733.39,0.367786,1.1487023341881712e-06,0.571974,270.0,0.237,267.1,0.3
3806,2,4460.06,20730.03,0.473926,1.1486783680526475e-06,1.012388,265.9,0.2407,266.8,0.3
3807,2,4460.76,20726.63,0.420264,1.1486543950288162e-06,0.568094,271.8,0.2355,267.1,0.3
3808,2,4461.46,20723.27,0.448587,1.1486304151172192e-06,0.710182,269.7,0.2373,267.2,0.3
3809,2,4462.15,20719.91,0.392974,1.1486064283183985e-06,0.582797,265.7,0.2409,267.0,0.3
3810,2,4462.85,20716.53,0.423135,1.1485824346328964e-06,0.616668,269.3,0.2376,267.1,0.3
3811,2,4463.55,20713.16,0.436588,1.148558434061255e-06,1.115349,267.5,0.2393,266.9,0.3
3812,2,4464.25,20709.79,0.442919,1.148534426604017e-06,0.846825,267.6,0.2392,266.9,0.3
3813,2,4464.94,20706.42,0.436901,1.1485104122617247e-06,0.647374,270.4,0.2367,267.0,0.3
3814,2,4465.64,20703.04,0.393588,1.1484863910349212e-06,0.633636,271.6,0.2357,267.1,0.3
3815,2,4466.33,20699.68,0.424807,1.1484623629241495e-06,0.714785,270.5,0.2366,267.1,0.3
3816,2,4467.04,20696.33,0.445789,1.1484383279299525e-06,0.756779,268.0,0.2388,267.0,0.3
3817,2,4467.73,20692.96,0.381554,1.1484142860528737e-06,0.943866,269.0,0.2379,267.0,0.3
3818,2,4468.43,20689.6,0.434052,1.1483902372934566e-06,0.743495,268.8,0.2381,267.0,0.3
3819,2,4469.13,20686.25,0.460205,1.1483661816522445e-06,0.650649,270.5,0.2366,267.1,0.3
3820,2,4469.83,20682.91,0.446952,1.1483421191297812e-06,0.682247,267.4,0.2394,266.9,0.3
3821,2,4470.53,20679.58,0.390818,1.1483180497266105e-06,0.560752,272.9,0.2345,268.7,0.2
3822,2,4471.23,20676.22,0.419543,1.1482939734432766e-06,0.718474,270.7,0.2364,268.8,0.2
3823,2,4471.93,20672.89,0.379622,1.1482698902803238e-06,0.56107,269.6,0.2374,268.7,0.2
3824,2,4472.64,20669.6,0.358009,1.1482458002382966e-06,0.59338,256.2,0.2498,268.1,0.2
3825,2,4473.33,20666.19,0.42728,1.1482217033177391e-06,0.707085,268.4,0.2384,268.0,0.2
3826,2,4474.03,20662.85,0.407301,1.1481975995191962e-06,0.609312,267.3,0.2395,268.1,0.2
3827,2,4474.72,20659.49,0.399653,1.1481734888432127e-06,0.791641,270.5,0.2366,268.0,0.2
3828,2,4475.42,20656.15,0.423535,1.1481493712903334e-06,0.757864,269.4,0.2376,268.1,0.2
3829,2,4476.12,20652.81,0.447557,1.1481252468611038e-06,0.770097,267.4,0.2394,268.1,0.2
3830,2,4476.82,20649.47,0.448121,1.148101115556069e-06,0.677141,268.8,0.2381,268.1,0.2
3831,2,4477.51,20646.12,0.407732,1.1480769773757744e-06,0.585063,270.3,0.2368,268.3,0.2
3832,2,4478.21,20642.78,0.395905,1.1480528323207657e-06,0.739748,270.2,0.2368,268.4,0.2
3833,2,4478.91,20639.44,0.397038,1.1480286803915885e-06,0.690134,269.6,0.2374,268.3,0.2
3834,2,4479.62,20636.14,0.435676,1.148004521588789e-06,0.807415,259.7,0.2464,267.7,0.2
3835,2,4480.3,20632.77,0.425552,1.147980355912913e-06,0.749159,270.7,0.2364,267.7,0.2
3836,2,4481.0,20629.44,0.430896,1.1479561833645067e-06,0.835265,267.5,0.2393,267.7,0.2
3837,2,4481.7,20626.1,0.446782,1.1479320039441167e-06,0.751366,270.1,0.2369,267.7,0.2
3838,2,4482.4,20622.78,0.39458,1.1479078176522894e-06,0.551875,268.9,0.238,267.7,0.2
3839,2,4483.1,20619.45,0.453732,1.1478836244895716e-06,0.67482,269.7,0.2373,267.6,0.2
3840,2,4483.8,20616.13,0.419178,1.1478594244565101e-06,0.660737,270.4,0.2367,267.8,0.2
3841,2,4484.51,20612.86,0.40033,1.1478352175536519e-06,0.594227,268.4,0.2384,267.5,0.2
3842,2,4485.2,20609.53,0.412645,1.1478110037815442e-06,0.557047,270.7,0.2364,267.5,0.2
3843,2,4485.9,20606.21,0.45269,1.1477867831407342e-06,0.80011,269.3,0.2376,267.5,0.2
3844,2,4486.61,20602.91,0.409137,1.1477625556317693e-06,0.781491,266.1,0.2405,268.0,0.2
3845,2,4487.3,20599.59,0.414142,1.1477383212551973e-06,0.462156,266.5,0.2402,267.9,0.2
3846,2,4488.0,20596.26,0.362086,1.147714080011566e-06,0.506727,269.1,0.2379,268.0,0.3
3847,2,4488.7,20592.93,0.422428,1.1476898319014232e-06,0.797227,271.5,0.2357,268.0,0.3
3848,2,4489.4,20589.63,0.440537,1.1476655769253171e-06,0.676178,268.6,0.2383,267.9,0.3
3849,2,4490.1,20586.32,0.47064,1.147641315083796e-06,0.918129,268.4,0.2385,268.0,0.3
3850,2,4490.79,20583.0,0.389571,1.147617046377408e-06,0.553956,270.9,0.2362,268.1,0.3
3851,2,4491.49,20579.7,0.414084,1.147592770806702e-06,0.80282,265.2,0.2413,267.8,0.3
3852,2,4492.19,20576.39,0.451966,1.1475684883722264e-06,0.778316,267.5,0.2392,267.6,0.3
3853,2,4492.89,20573.09,0.426506,1.1475441990745304e-06,0.604452,264.9,0.2416,267.4,0.3
3854,2,4493.59,20569.78,0.441986,1.1475199029141626e-06,0.66154,268.5,0.2383,267.9,0.3
3855,2,4494.29,20566.48,0.405809,1.1474955998916727e-06,0.754155,268.9,0.238,267.8,0.3
3856,2,4494.99,20563.17,0.399253,1.1474712900076096e-06,0.736292,269.4,0.2375,267.9,0.3
3857,2,4495.68,20559.86,0.430811,1.1474469732625229e-06,0.76987,271.1,0.2361,267.9,0.3
3858,2,4496.38,20556.55,0.414704,1.1474226496569623e-06,0.603992,272.9,0.2346,268.1,0.3
3859,2,4497.09,20553.3,0.384491,1.1473983191914775e-06,0.816469,265.5,0.2411,267.9,0.3
3860,2,4497.78,20549.98,0.452178,1.1473739818666187e-06,0.687245,270.6,0.2366,267.9,0.3
3861,2,4498.49,20546.73,0.410113,1.1473496376829355e-06,0.760729,270.5,0.2366,268.1,0.3
3862,2,4499.19,20543.44,0.38876,1.1473252866409787e-06,0.764541,267.6,0.2392,267.9,0.3
3863,2,4499.89,20540.13,0.389904,1.1473009287412984e-06,0.710991,270.4,0.2367,267.9,0.3
3864,2,4500.59,20536.84,0.430758,1.1472765639844456e-06,0.644109,270.4,0.2367,268.1,0.3
3865,2,4501.29,20533.55,0.429891,1.1472521923709706e-06,0.730828,270.1,0.2369,268.3,0.3
3866,2,4501.99,20530.28,0.416119,1.1472278139014243e-06,0.839703,265.4,0.2412,268.2,0.3
3867,2,4502.69,20527.02,0.40984,1.1472034285763578e-06,0.682288,260.2,0.246,267.6,0.3
3868,2,4503.38,20523.69,0.404754,1.1471790363963225e-06,0.660361,269.5,0.2375,267.6,0.3
3869,2,4504.08,20520.4,0.402187,1.1471546373618693e-06,0.806982,269.7,0.2373,267.7,0.3
3870,2,4504.78,20517.13,0.39705,1.14713023147355e-06,1.001173,266.2,0.2404,267.5,0.3
3871,2,4505.48,20513.84,0.40673,1.1471058187319162e-06,0.552294,268.2,0.2386,267.6,0.3
3872,2,4506.18,20510.56,0.442072,1.1470813991375196e-06,0.732382,266.6,0.24,267.6,0.3
3873,2,4506.88,20507.28,0.40931,1.1470569726909125e-06,0.678916,267.2,0.2395,267.7,0.3
3874,2,4507.57,20503.98,0.443117,1.1470325393926465e-06,0.71161,271.0,0.2361,267.8,0.3
3875,2,4508.27,20500.72,0.421464,1.1470080992432745e-06,0.564351,267.2,0.2395,267.8,0.2
3876,2,4508.97,20497.43,0.403468,1.1469836522433485e-06,0.548424,270.9,0.2363,267.8,0.3
3877,2,4509.67,20494.16,0.495345,1.1469591983934212e-06,1.01655,271.2,0.236,267.8,0.3
3878,2,4510.37,20490.9,0.437163,1.1469347376940453e-06,0.697016,267.5,0.2393,267.6,0.3
3879,2,4511.07,20487.64,0.449244,1.146910270145774e-06,0.667339,267.6,0.2391,267.7,0.3
3880,2,4511.77,20484.36,0.415976,1.1468857957491598e-06,0.725902,268.4,0.2384,267.6,0.3
3881,2,4512.48,20481.14,0.428245,1.1468613145047563e-06,0.752497,271.3,0.2359,267.6,0.3
3882,2,4513.18,20477.9,0.480003,1.1468368264131168e-06,0.769585,262.9,0.2434,267.4,0.3
3883,2,4513.88,20474.63,0.46939,1.1468123314747947e-06,0.633529,265.8,0.2408,267.1,0.3
3884,2,4514.57,20471.34,0.441432,1.1467878296903437e-06,0.793027,271.6,0.2357,267.2,0.3
3885,2,4515.27,20468.08,0.45533,1.1467633210603176e-06,0.948614,267.5,0.2392,267.1,0.3
3886,2,4515.97,20464.81,0.400645,1.1467388055852706e-06,0.665714,268.3,0.2385,267.2,0.3
3887,2,4516.67,20461.55,0.392883,1.1467142832657564e-06,0.762435,269.1,0.2378,267.6,0.3
3888,2,4517.36,20458.27,0.459756,1.1466897541023295e-06,0.792164,271.3,0.2359,267.7,0.3
3889,2,4518.07,20455.02,0.489919,1.1466652180955447e-06,0.811893,269.0,0.2379,267.7,0.3
3890,2,4518.76,20451.76,0.42444,1.146640675245956e-06,0.646271,269.4,0.2375,267.9,0.3
3891,2,4519.46,20448.51,0.397049,1.1466161255541185e-06,0.759417,266.4,0.2403,267.8,0.3
3892,2,4520.16,20445.25,0.386747,1.1465915690205871e-06,0.627593,270.0,0.237,267.9,0.3
3893,2,4520.86,20442.0,0.479887,1.1465670056459166e-06,0.997757,268.6,0.2383,268.0,0.3
3894,2,4521.56,20438.77,0.408929,1.1465424354306627e-06,0.923142,261.1,0.2451,267.6,0.2
3895,2,4522.26,20435.49,0.451898,1.1465178583753806e-06,0.839655,267.4,0.2393,267.5,0.3
3896,2,4522.95,20432.23,0.483798,1.1464932744806255e-06,0.654558,270.2,0.2368,267.5,0.3
3897,2,4523.65,20428.98,0.439936,1.1464686837469534e-06,0.694667,270.6,0.2365,267.5,0.2
3898,2,4524.35,20425.74,0.456358,1.1464440861749201e-06,0.559879,268.2,0.2386,267.5,0.3
3899,2,4525.05,20422.5,0.421564,1.1464194817650814e-06,0.428603,268.3,0.2385,267.6,0.3
3900,2,4525.75,20419.26,0.400611,1.1463948705179936e-06,0.58079,267.8,0.239,267.5,0.3
3901,2,4526.46,20416.06,0.434616,1.1463702524342128e-06,0.603486,268.3,0.2386,267.4,0.3
3902,2,4527.16,20412.83,0.452123,1.146345627514296e-06,0.586348,262.7,0.2436,267.4,0.3
3903,2,4527.85,20409.56,0.428994,1.146320995758799e-06,0.654968,271.8,0.2354,267.7,0.2
3904,2,4528.55,20406.33,0.42516,1.1462963571682791e-06,0.76553,268.9,0.238,267.5,0.3
3905,2,4529.25,20403.09,0.378829,1.1462717117432931e-06,0.534567,267.5,0.2393,267.6,0.2
3906,2,4529.95,20399.84,0.452113,1.146247059484398e-06,0.956574,270.2,0.2368,267.7,0.2
3907,2,4530.64,20396.6,0.439203,1.1462224003921513e-06,0.791309,271.0,0.2362,267.8,0.2
3908,2,4531.35,20393.38,0.476548,1.14619773446711e-06,0.904033,266.3,0.2404,267.5,0.2
3909,2,4532.04,20390.14,0.419106,1.146173061709832e-06,0.68744,269.9,0.2372,267.6,0.2
3910,2,4532.75,20386.92,0.387139,1.1461483821208744e-06,0.674797,268.3,0.2386,267.5,0.3
3911,2,4533.45,20383.71,0.439863,1.1461236957007957e-06,0.620636,266.4,0.2402,267.5,0.2
3912,2,4534.14,20380.46,0.419283,1.1460990024501534e-06,0.626206,270.1,0.237,267.5,0.2
3913,2,4534.85,20377.26,0.431231,1.146074302369506e-06,0.709528,267.4,0.2394,267.4,0.3
3914,2,4535.54,20374.02,0.430263,1.1460495954594118e-06,0.792865,271.2,0.236,267.9,0.3
3915,2,4536.24,20370.8,0.458504,1.146024881720429e-06,0.901214,271.1,0.2361,268.0,0.3
3916,2,4536.94,20367.59,0.472707,1.1460001611531162e-06,0.762839,267.6,0.2392,267.9,0.3
3917,2,4537.64,20364.37,0.461798,1.1459754337580325e-06,0.76615,268.5,0.2384,267.8,0.3
3918,2,4538.34,20361.15,0.378765,1.1459506995357366e-06,0.58351,269.8,0.2372,267.9,0.3
3919,2,4539.04,20357.93,0.380674,1.1459259584867876e-06,0.805816,267.8,0.239,267.9,0.3
3920,2,4539.75,20354.75,0.402508,1.1459012106117448e-06,0.595203,263.2,0.2432,267.7,0.3
3921,2,4540.45,20351.57,0.446738,1.1458764559111675e-06,0.689633,269.2,0.2378,267.7,0.3
3922,2,4541.15,20348.35,0.423603,1.1458516943856154e-06,0.62595,269.9,0.2371,268.0,0.3
3923,2,4541.86,20345.15,0.454997,1.145826926035648e-06,0.563105,265.1,0.2415,267.7,0.3
3924,2,4542.55,20341.93,0.406879,1.1458021508618252e-06,1.0695,269.7,0.2373,267.8,0.3
3925,2,4543.25,20338.73,0.423349,1.1457773688647069e-06,0.848704,267.8,0.239,267.8,0.3
3926,2,4543.95,20335.53,0.436393,1.1457525800448534e-06,0.718567,267.7,0.2391,267.6,0.3
3927,2,4544.65,20332.32,0.401122,1.145727784402825e-06,0.564994,269.8,0.2372,267.6,0.3
3928,2,4545.35,20329.11,0.419203,1.1457029819391823e-06,0.738115,271.0,0.2361,267.8,0.3
3929,2,4546.05,20325.92,0.373865,1.1456781726544857e-06,0.642174,267.9,0.2389,267.8,0.3
3930,2,4546.75,20322.71,0.413098,1.1456533565492963e-06,0.754568,269.6,0.2373,267.8,0.3
3931,2,4547.45,20319.51,0.414833,1.1456285336241745e-06,0.588497,269.5,0.2375,268.0,0.3
3932,2,4548.15,20316.32,0.438805,1.1456037038796817e-06,0.828981,266.1,0.2405,267.8,0.3
3933,2,4548.86,20313.17,0.410291,1.1455788673163793e-06,0.549071,254.9,0.2511,267.1,0.3
3934,2,4549.55,20309.93,0.445351,1.1455540239348282e-06,0.654433,268.1,0.2387,267.0,0.3
3935,2,4550.25,20306.74,0.441423,1.1455291737355904e-06,0.744788,268.3,0.2385,266.9,0.3
3936,2,4550.95,20303.55,0.419789,1.1455043167192274e-06,0.8262,267.5,0.2393,266.9,0.2
3937,2,4551.65,20300.36,0.413054,1.145479452886301e-06,0.564058,267.0,0.2397,266.8,0.2
3938,2,4552.35,20297.17,0.415208,1.1454545822373734e-06,0.589858,266.0,0.2406,266.6,0.2
3939,2,4553.06,20293.98,0.440127,1.1454297047730068e-06,0.567576,266.6,0.2401,266.5,0.3
3940,2,4553.76,20290.8,0.413184,1.1454048204937632e-06,0.707585,267.2,0.2395,266.7,0.3
3941,2,4554.47,20287.68,0.420826,1.1453799294002053e-06,0.668498,266.0,0.2406,266.6,0.2
3942,2,4555.17,20284.47,0.467878,1.1453550314928956e-06,0.629292,270.2,0.2368,266.6,0.3
3943,2,4555.88,20281.34,0.390068,1.145330126772397e-06,0.96151,260.3,0.2458,266.3,0.3
3944,2,4556.57,20278.12,0.449602,1.1453052152392722e-06,0.748907,270.2,0.2368,266.3,0.3
3945,2,4557.27,20274.95,0.399555,1.1452802968940845e-06,0.776005,266.5,0.2402,266.2,0.3
3946,2,4557.97,20271.77,0.426066,1.145255371737397e-06,0.656769,269.3,0.2376,266.3,0.3
3947,2,4558.67,20268.58,0.45418,1.1452304397697734e-06,0.849519,269.9,0.2371,266.3,0.3
3948,2,4559.37,20265.43,0.410967,1.145205500991777e-06,0.632815,264.9,0.2416,266.0,0.3
3949,2,4560.07,20262.23,0.411763,1.1451805554039715e-06,0.655672,269.7,0.2373,266.1,0.3
3950,2,4560.77,20259.07,0.434467,1.1451556030069207e-06,0.625959,266.9,0.2398,266.0,0.3
3951,2,4561.47,20255.9,0.42997,1.1451306438011887e-06,0.549246,267.7,0.2391,265.9,0.3
3952,2,4562.17,20252.72,0.435575,1.1451056777873396e-06,0.701481,268.5,0.2383,266.0,0.3
3953,2,4562.87,20249.55,0.39815,1.1450807049659379e-06,0.543038,269.6,0.2374,266.8,0.3
3954,2,4563.57,20246.38,0.441005,1.145055725337548e-06,0.691157,269.0,0.2379,266.8,0.3
3955,2,4564.28,20243.22,0.431225,1.1450307389027342e-06,0.719581,266.7,0.24,266.7,0.3
3956,2,4564.98,20240.09,0.387978,1.1450057456620617e-06,0.603106,264.7,0.2418,266.6,0.3
3957,2,4565.68,20236.9,0.382862,1.1449807456160953e-06,0.558426,269.2,0.2377,266.7,0.3
3958,2,4566.38,20233.75,0.417221,1.1449557387654e-06,0.581628,267.8,0.239,266.8,0.3
3959,2,4567.08,20230.58,0.471227,1.144930725110541e-06,0.618265,270.8,0.2363,267.0,0.3
3960,2,4567.78,20227.43,0.411161,1.1449057046520838e-06,0.688011,268.0,0.2388,267.0,0.3
3961,2,4568.49,20224.32,0.411972,1.1448806773905944e-06,0.724185,267.2,0.2395,267.1,0.3
3962,2,4569.19,20221.16,0.409452,1.1448556433266377e-06,0.847935,266.2,0.2404,266.9,0.3
3963,2,4569.9,20218.01,0.420814,1.1448306024607799e-06,1.001712,269.2,0.2378,267.4,0.3
3964,2,4570.59,20214.85,0.448984,1.144805554793587e-06,0.651474,270.5,0.2366,267.4,0.3
3965,2,4571.3,20211.7,0.493496,1.1447805003256251e-06,0.830466,267.5,0.2393,267.4,0.3
3966,2,4572.0,20208.55,0.450294,1.1447554390574607e-06,0.851734,268.4,0.2385,267.4,0.3
3967,2,4572.7,20205.4,0.431832,1.1447303709896602e-06,0.724106,269.1,0.2379,267.3,0.3
3968,2,4573.4,20202.27,0.437868,1.14470529612279e-06,0.7477,265.8,0.2408,267.4,0.3
3969,2,4574.1,20199.12,0.409589,1.1446802144574173e-06,0.770301,267.1,0.2397,267.3,0.3
3970,2,4574.81,20196.01,0.438155,1.1446551259941088e-06,0.634287,256.7,0.2493,266.7,0.3
3971,2,4575.5,20192.82,0.443938,1.1446300307334313e-06,0.899103,267.6,0.2392,266.7,0.3
3972,2,4576.21,20189.72,0.429658,1.1446049286759523e-06,0.582374,258.5,0.2475,266.2,0.3
3973,2,4576.9,20186.53,0.40073,1.1445798198222392e-06,0.870888,270.0,0.2371,266.2,0.3
3974,2,4577.61,20183.4,0.434472,1.1445547041728596e-06,0.684824,269.7,0.2373,266.3,0.3
3975,2,4578.31,20180.26,0.423324,1.1445295817283813e-06,0.572681,269.2,0.2377,266.4,0.3
3976,2,4579.01,20177.15,0.440368,1.1445044524893719e-06,0.809793,261.6,0.2447,266.2,0.3
3977,2,4579.71,20174.0,0.424511,1.1444793164563995e-06,0.873084,264.6,0.2419,266.0,0.3
3978,2,4580.41,20170.85,0.462558,1.1444541736300323e-06,0.862663,267.3,0.2394,266.0,0.3
3979,2,4581.12,20167.75,0.436992,1.1444290240108385e-06,0.682048,257.7,0.2483,265.3,0.3
3980,2,4581.81,20164.56,0.41129,1.1444038675993865e-06,0.552434,267.7,0.239,265.3,0.3
3981,2,4582.51,20161.44,0.439405,1.1443787043962452e-06,0.689028,270.2,0.2369,265.4,0.3
3982,2,4583.22,20158.33,0.418597,1.1443535344019834e-06,0.506855,260.8,0.2454,265.2,0.3
3983,2,4583.91,20155.16,0.385933,1.1443283576171696e-06,0.834723,268.3,0.2386,265.1,0.3
3984,2,4584.6,20152.0,0.451775,1.1443031740423733e-06,0.730202,270.1,0.237,265.1,0.3
3985,2,4585.3,20148.87,0.440796,1.1442779836781634e-06,0.631941,269.0,0.2379,265.2,0.3
3986,2,4586.0,20145.72,0.409604,1.1442527865251096e-06,0.486186,268.1,0.2387,265.2,0.3
3987,2,4586.7,20142.57,0.397355,1.1442275825837813e-06,0.596014,269.0,0.2379,265.2,0.3
3988,2,4587.39,20139.44,0.428121,1.1442023718547482e-06,0.616651,268.3,0.2385,265.3,0.3
3989,2,4588.09,20136.3,0.418796,1.1441771543385802e-06,0.626019,269.7,0.2373,265.4,0.3
3990,2,4588.79,20133.16,0.437448,1.144151930035847e-06,0.689284,269.3,0.2376,266.1,0.3
3991,2,4589.49,20130.03,0.434585,1.144126698947119e-06,0.526336,268.3,0.2385,266.1,0.3
3992,2,4590.18,20126.89,0.408184,1.1441014610729667e-06,0.83995,269.2,0.2378,266.7,0.3
3993,2,4590.88,20123.74,0.423276,1.1440762164139601e-06,0.722195,270.7,0.2364,266.7,0.3
3994,2,4591.57,20120.61,0.396836,1.1440509649706703e-06,0.941702,269.8,0.2372,266.7,0.3
3995,2,4592.27,20117.47,0.441012,1.1440257067436679e-06,0.650723,271.2,0.236,266.8,0.3
3996,2,4592.97,20114.34,0.41637,1.1440004417335235e-06,0.924015,271.5,0.2357,267.3,0.2
3997,2,4593.66,20111.21,0.431101,1.1439751699408086e-06,0.614919,268.9,0.238,267.6,0.2
3998,2,4594.36,20108.08,0.41621,1.1439498913660944e-06,0.883908,269.6,0.2374,267.7,0.2
3999,2,4595.07,20104.99,0.398106,1.143924606009952e-06,0.604357,258.7,0.2474,267.8,0.2
4000,2,4595.75,20101.82,0.410152,1.1438993138729531e-06,0.641332,269.0,0.238,267.8,0.2
4001,2,4729.77,20681.68,0.428827,1.1438740149556695e-06,0.64463,234.8,0.2726,265.7,0.3
4002,2,4730.46,20678.31,0.426684,1.1438487092586728e-06,0.640828,267.2,0.2395,266.0,0.3
4003,2,4731.16,20675.04,0.407371,1.1438233967825351e-06,inf,261.8,0.2444,265.7,0.3
4004,2,4731.86,20671.73,0.452546,1.1437980775278287e-06,0.727972,265.8,0.2408,265.5,0.3
4005,2,4732.55,20668.42,0.429287,1.1437727514951256e-06,0.630361,270.8,0.2363,265.5,0.3
4006,2,4733.25,20665.14,0.421662,1.1437474186849985e-06,0.596608,266.3,0.2403,265.4,0.3
4007,2,4733.95,20661.86,0.384175,1.1437220790980198e-06,0.613539,267.6,0.2391,265.4,0.3
4008,2,4734.65,20658.57,0.448834,1.1436967327347625e-06,0.709919,268.3,0.2386,265.3,0.3
4009,2,4735.34,20655.26,0.431734,1.1436713795957994e-06,0.611956,271.5,0.2358,265.4,0.3
4010,2,4736.04,20651.97,0.418727,1.1436460196817032e-06,0.690083,270.3,0.2368,265.4,0.3
4011,2,4736.74,20648.68,0.383937,1.1436206529930478e-06,0.762193,269.0,0.2379,265.4,0.3
4012,2,4737.44,20645.39,0.40019,1.1435952795304064e-06,0.553776,267.9,0.2389,265.4,0.3
4013,2,4738.13,20642.1,0.409394,1.1435698992943521e-06,0.7074,270.7,0.2364,265.4,0.3
4014,2,4738.84,20638.84,0.416735,1.143544512285459e-06,0.710617,265.3,0.2412,265.2,0.3
4015,2,4739.53,20635.56,0.437457,1.1435191185043008e-06,0.862972,268.1,0.2387,265.0,0.3
4016,2,4740.23,20632.26,0.428107,1.1434937179514515e-06,0.725663,271.5,0.2357,265.0,0.3
4017,2,4740.93,20628.99,0.457924,1.1434683106274851e-06,0.64002,268.8,0.2381,265.0,0.3
4018,2,4741.63,20625.73,0.441912,1.143442896532976e-06,0.935714,267.4,0.2394,264.9,0.3
4019,2,4742.32,20622.45,0.441069,1.1434174756684988e-06,0.620497,269.9,0.2372,265.5,0.3
4020,2,4743.03,20619.18,0.453238,1.1433920480346279e-06,0.682975,267.7,0.239,265.5,0.3
4021,2,4743.78,20616.14,0.430603,1.143366613631938e-06,0.774751,270.8,0.2364,267.6,0.3
4022,2,4744.48,20612.9,0.411642,1.1433411724610044e-06,0.679705,261.5,0.2448,267.3,0.3
4023,2,4745.18,20609.63,0.381289,1.1433157245224016e-06,0.70603,263.1,0.2432,267.3,0.3
4024,2,4745.88,20606.37,0.412552,1.143290269816705e-06,0.55689,265.6,0.241,267.3,0.3
4025,2,4746.58,20603.09,0.495908,1.1432648083444902e-06,0.745698,268.9,0.238,267.3,0.3
4026,2,4747.28,20599.83,0.419276,1.1432393401063326e-06,1.053129,267.1,0.2396,267.3,0.3
4027,2,4747.98,20596.57,0.456999,1.1432138651028077e-06,0.67581,268.5,0.2383,267.4,0.3
4028,2,4748.68,20593.32,0.441414,1.1431883833344914e-06,0.70335,267.3,0.2394,267.4,0.2
4029,2,4749.38,20590.06,0.435386,1.1431628948019596e-06,0.619191,270.0,0.237,267.3,0.2
4030,2,4750.08,20586.83,0.419253,1.1431373995057887e-06,0.64432,266.1,0.2405,267.1,0.2
4031,2,4750.78,20583.59,0.43606,1.1431118974465549e-06,0.596138,265.1,0.2414,267.0,0.2
4032,2,4751.48,20580.33,0.394153,1.1430863886248345e-06,0.875833,267.2,0.2395,266.9,0.2
4033,2,4752.19,20577.1,0.383312,1.143060873041204e-06,0.807652,262.1,0.2442,266.5,0.2
4034,2,4752.89,20573.86,0.478096,1.1430353506962403e-06,0.742998,266.8,0.2399,266.5,0.2
4035,2,4753.59,20570.61,0.376268,1.1430098215905203e-06,0.591205,266.1,0.2405,266.4,0.3
4036,2,4754.29,20567.35,0.441093,1.142984285724621e-06,0.758071,271.1,0.2361,266.3,0.3
4037,2,4754.98,20564.08,0.383665,1.1429587430991196e-06,0.597932,272.5,0.2348,266.5,0.3
4038,2,4755.68,20560.84,0.430334,1.1429331937145935e-06,0.573464,266.8,0.2399,266.4,0.3
4039,2,4756.38,20557.59,0.425505,1.1429076375716204e-06,0.736698,266.3,0.2403,266.2,0.3
4040,2,4757.08,20554.33,0.431178,1.1428820746707773e-06,0.859533,269.0,0.2379,266.2,0.3
4041,2,4757.78,20551.11,0.383209,1.1428565050126426e-06,0.610586,274.9,0.2328,266.4,0.3
4042,2,4758.48,20547.87,0.421296,1.142830928597794e-06,0.677687,269.5,0.2375,266.8,0.3
4043,2,4759.18,20544.64,0.424905,1.1428053454268098e-06,0.651541,266.6,0.2401,267.1,0.3
4044,2,4759.88,20541.4,0.447751,1.142779755500268e-06,0.730386,265.7,0.2409,267.0,0.3
4045,2,4760.58,20538.16,0.434485,1.1427541588187474e-06,0.728116,266.9,0.2398,266.9,0.3
4046,2,4761.28,20534.93,0.409206,1.1427285553828263e-06,0.658171,265.7,0.2409,266.8,0.3
4047,2,4761.98,20531.68,0.451946,1.1427029451930834e-06,0.616308,267.0,0.2397,266.7,0.3
4048,2,4762.67,20528.44,0.47924,1.1426773282500975e-06,0.666624,267.2,0.2395,266.7,0.3
4049,2,4763.37,20525.2,0.437281,1.142651704554448e-06,0.699851,269.1,0.2378,266.6,0.3
4050,2,4764.07,20521.97,0.442063,1.142626074106714e-06,0.587691,267.8,0.239,266.7,0.4
4051,2,4764.78,20518.76,0.456013,1.1426004369074746e-06,0.610318,259.9,0.2462,266.4,0.4
4052,2,4765.47,20515.51,0.422913,1.1425747929573093e-06,0.535846,264.3,0.2422,266.3,0.4
4053,2,4766.17,20512.28,0.47515,1.1425491422567978e-06,0.873871,265.5,0.241,266.5,0.3
4054,2,4766.86,20509.03,0.452909,1.14252348480652e-06,0.975705,269.8,0.2372,266.6,0.3
4055,2,4767.57,20505.82,0.388011,1.1424978206070556e-06,0.666725,266.5,0.2401,266.7,0.3
4056,2,4768.26,20502.59,0.418975,1.142472149658985e-06,0.712884,269.9,0.2372,266.6,0.3
4057,2,4768.96,20499.37,0.429028,1.1424464719628884e-06,0.49903,267.9,0.2389,266.4,0.3
4058,2,4769.66,20496.16,0.386988,1.142420787519346e-06,0.725292,266.0,0.2406,266.3,0.3
4059,2,4770.36,20492.93,0.467849,1.1423950963289383e-06,0.741204,267.7,0.239,266.4,0.3
4060,2,4771.07,20489.76,0.451134,1.1423693983922464e-06,0.653655,253.3,0.2526,265.7,0.3
4061,2,4771.77,20486.52,0.37351,1.142343693709851e-06,0.735246,273.6,0.2339,265.6,0.3
4062,2,4772.47,20483.32,0.367476,1.1423179822823329e-06,0.537588,264.6,0.2419,265.3,0.3
4063,2,4773.17,20480.09,0.408956,1.1422922641102735e-06,0.853928,269.1,0.2379,265.5,0.3
4064,2,4773.87,20476.88,0.413562,1.1422665391942542e-06,0.56109,265.8,0.2408,265.5,0.3
4065,2,4774.56,20473.65,0.43955,1.1422408075348562e-06,0.878022,269.5,0.2375,265.6,0.3
4066,2,4775.26,20470.45,0.381122,1.1422150691326612e-06,0.632293,266.0,0.2406,265.7,0.3
4067,2,4775.96,20467.22,0.44625,1.1421893239882509e-06,0.716213,269.0,0.2379,265.8,0.3
4068,2,4776.66,20464.02,0.417517,1.1421635721022075e-06,0.702227,263.8,0.2426,265.6,0.3
4069,2,4777.35,20460.78,0.463481,1.142137813475113e-06,0.704337,271.9,0.2354,265.8,0.3
4070,2,4778.05,20457.57,0.412524,1.1421120481075492e-06,0.691439,269.6,0.2374,265.9,0.3
4071,2,4778.75,20454.36,0.396177,1.142086276000099e-06,0.627198,272.2,0.2351,266.5,0.3
4072,2,4779.45,20451.16,0.410007,1.1420604971533447e-06,0.866224,267.6,0.2392,266.6,0.3
4073,2,4780.15,20447.96,0.427196,1.1420347115678692e-06,0.801309,264.7,0.2418,266.6,0.3
4074,2,4780.85,20444.76,0.467859,1.1420089192442552e-06,1.057147,264.8,0.2417,266.4,0.3
4075,2,4781.54,20441.54,0.445687,1.1419831201830855e-06,0.810887,267.4,0.2394,266.4,0.3
4076,2,4782.24,20438.34,0.425935,1.1419573143849436e-06,0.807662,266.9,0.2398,266.2,0.3
4077,2,4782.94,20435.13,0.438643,1.1419315018504127e-06,0.675642,267.6,0.2391,266.2,0.3
4078,2,4783.63,20431.91,0.483382,1.141905682580076e-06,0.661533,271.5,0.2358,266.5,0.3
4079,2,4784.33,20428.71,0.453174,1.1418798565745173e-06,0.805258,270.5,0.2366,266.7,0.3
4080,2,4785.03,20425.51,0.398287,1.1418540238343203e-06,0.732783,270.5,0.2366,267.5,0.3
4081,2,4785.74,20422.36,0.413489,1.141828184360069e-06,0.597986,265.6,0.2409,267.2,0.3
4082,2,4786.43,20419.14,0.479493,1.1418023381523474e-06,0.684492,269.1,0.2378,267.4,0.3
4083,2,4787.13,20415.94,0.413141,1.1417764852117396e-06,0.529676,270.0,0.237,267.4,0.3
4084,2,4787.83,20412.75,0.378578,1.1417506255388302e-06,0.644342,268.3,0.2386,267.5,0.3
4085,2,4788.52,20409.55,0.414394,1.1417247591342036e-06,0.708017,269.8,0.2372,267.6,0.3
4086,2,4789.22,20406.35,0.415371,1.1416988859984444e-06,0.755703,269.3,0.2377,267.7,0.3
4087,2,4789.92,20403.16,0.457136,1.1416730061321377e-06,1.114249,267.7,0.2391,267.7,0.3
4088,2,4790.62,20399.96,0.378924,1.1416471195358681e-06,0.713577,269.5,0.2375,268.0,0.3
4089,2,4791.31,20396.77,0.419157,1.1416212262102208e-06,0.685393,269.3,0.2376,267.8,0.3
4090,2,4792.01,20393.58,0.395793,1.1415953261557812e-06,0.717213,270.6,0.2365,267.9,0.3
4091,2,4792.71,20390.39,0.429894,1.1415694193731349e-06,0.869074,271.3,0.2359,267.9,0.3
4092,2,4793.41,20387.21,0.421117,1.1415435058628671e-06,0.600503,269.1,0.2378,268.0,0.3
4093,2,4794.1,20384.02,0.384617,1.1415175856255636e-06,0.562681,268.2,0.2386,268.1,0.3
4094,2,4794.8,20380.84,0.43222,1.1414916586618106e-06,0.65735,268.9,0.238,268.3,0.3
4095,2,4795.5,20377.66,0.428807,1.1414657249721937e-06,0.731234,268.8,0.2381,268.4,0.3
4096,2,4796.2,20374.47,0.436817,1.1414397845572995e-06,0.670419,269.9,0.2372,268.6,0.3
4097,2,4796.91,20371.34,0.503449,1.1414138374177142e-06,1.11923,255.5,0.2505,267.9,0.3
4098,2,4797.59,20368.11,0.460511,1.1413878835540241e-06,0.910592,267.5,0.2392,267.7,0.3
4099,2,4798.29,20364.92,0.455694,1.141361922966816e-06,0.695986,269.8,0.2372,267.7,0.3
4100,2,4798.99,20361.75,0.412699,1.1413359556566768e-06,0.520471,268.9,0.238,267.6,0.3
4101,2,4799.7,20358.62,0.390132,1.1413099816241933e-06,0.9817,271.0,0.2362,267.9,0.3
4102,2,4800.39,20355.44,0.403013,1.1412840008699524e-06,0.859015,271.2,0.236,268.0,0.3
4103,2,4801.09,20352.27,0.43691,1.1412580133945416e-06,0.638211,267.7,0.239,267.9,0.3
4104,2,4801.79,20349.1,0.433771,1.1412320191985487e-06,0.816473,271.0,0.2362,268.0,0.3
4105,2,4802.5,20346.0,0.443353,1.1412060182825607e-06,0.683079,250.9,0.2551,267.0,0.3
4106,2,4803.18,20342.76,0.41085,1.1411800106471652e-06,0.666849,266.7,0.24,266.9,0.3
4107,2,4803.88,20339.58,0.409127,1.1411539962929505e-06,0.752415,269.0,0.238,266.9,0.3
4108,2,4804.57,20336.4,0.451542,1.1411279752205046e-06,0.666785,271.3,0.2359,267.0,0.3
4109,2,4805.27,20333.24,0.385926,1.1411019474304155e-06,1.050886,269.1,0.2379,267.0,0.3
4110,2,4805.98,20330.09,0.457874,1.1410759129232715e-06,0.692796,264.8,0.2417,266.7,0.3
4111,2,4806.67,20326.91,0.446248,1.141049871699661e-06,0.669358,270.5,0.2366,266.6,0.3
4112,2,4807.36,20323.74,0.377117,1.1410238237601726e-06,0.495224,268.8,0.2381,266.6,0.3
4113,2,4808.06,20320.58,0.446642,1.1409977691053953e-06,0.732676,269.8,0.2372,266.7,0.3
4114,2,4808.76,20317.42,0.42553,1.1409717077359178e-06,0.69724,269.8,0.2372,266.8,0.3
4115,2,4809.47,20314.31,0.431272,1.1409456396523293e-06,0.624246,256.2,0.2498,266.1,0.3
4116,2,4810.16,20311.11,0.459928,1.140919564855219e-06,0.71642,269.5,0.2375,266.1,0.3
4117,2,4810.86,20307.96,0.379874,1.1408934833451766e-06,0.692026,265.8,0.2407,266.6,0.3
4118,2,4811.55,20304.8,0.427417,1.140867395122791e-06,0.799357,266.1,0.2405,266.6,0.3
4119,2,4812.25,20301.64,0.411681,1.1408413001886523e-06,0.728807,269.7,0.2373,266.6,0.3
4120,2,4812.95,20298.48,0.420982,1.14081519854335e-06,0.649909,269.9,0.2371,266.6,0.3
4121,2,4813.65,20295.37,0.387034,1.1407890901874746e-06,0.996234,269.7,0.2373,266.6,0.3
4122,2,4814.35,20292.22,0.427471,1.140762975121616e-06,0.583783,268.5,0.2384,266.4,0.3
4123,2,4815.05,20289.06,0.436692,1.1407368533463642e-06,0.628648,268.9,0.238,266.5,0.3
4124,2,4815.75,20285.92,0.411052,1.14071072486231e-06,0.733111,266.6,0.24,266.3,0.3
4125,2,4816.44,20282.77,0.411561,1.1406845896700438e-06,0.521507,266.2,0.2404,267.1,0.3
4126,2,4817.14,20279.62,0.432842,1.1406584477701563e-06,0.509321,269.0,0.2379,267.2,0.3
4127,2,4817.83,20276.46,0.379201,1.1406322991632386e-06,0.875471,270.6,0.2365,267.3,0.3
4128,2,4818.53,20273.31,0.435654,1.1406061438498816e-06,0.534839,271.7,0.2355,267.3,0.3
4129,2,4819.23,20270.17,0.478877,1.1405799818306766e-06,0.955447,267.7,0.239,267.3,0.3
4130,2,4819.92,20267.01,0.440604,1.140553813106215e-06,0.880279,271.2,0.236,267.6,0.3
4131,2,4820.62,20263.87,0.401991,1.1405276376770882e-06,0.529454,270.8,0.2363,267.6,0.3
4132,2,4821.32,20260.73,0.455359,1.1405014555438877e-06,0.567485,270.7,0.2364,267.6,0.3
4133,2,4822.02,20257.61,0.389356,1.1404752667072056e-06,0.556207,265.6,0.2409,267.4,0.3
4134,2,4822.71,20254.45,0.416025,1.1404490711676337e-06,0.855427,268.6,0.2383,267.4,0.3
4135,2,4823.41,20251.31,0.402925,1.1404228689257643e-06,0.597282,269.4,0.2376,268.1,0.3
4136,2,4824.11,20248.18,0.434781,1.1403966599821893e-06,0.602055,266.6,0.2401,267.9,0.3
4137,2,4824.8,20245.04,0.435283,1.1403704443375014e-06,0.818463,268.0,0.2388,268.0,0.3
4138,2,4825.5,20241.9,0.452365,1.1403442219922929e-06,0.56346,271.8,0.2355,268.3,0.3
4139,2,4826.2,20238.78,0.421311,1.1403179929471569e-06,0.652289,268.3,0.2385,268.2,0.3
4140,2,4826.89,20235.65,0.415533,1.1402917572026858e-06,0.62496,269.4,0.2376,268.2,0.3
4141,2,4827.61,20232.61,0.419854,1.140265514759473e-06,0.824622,258.4,0.2477,267.6,0.3
4142,2,4828.3,20229.44,0.402856,1.1402392656181114e-06,0.682572,271.0,0.2362,267.7,0.3
4143,2,4829.0,20226.32,0.396181,1.1402130097791945e-06,0.76366,269.1,0.2378,267.7,0.3
4144,2,4829.69,20223.18,0.38479,1.1401867472433157e-06,0.621529,272.7,0.2347,268.1,0.3
4145,2,4830.39,20220.05,0.45545,1.1401604780110687e-06,0.895075,272.4,0.2349,268.4,0.3
4146,2,4831.09,20216.93,0.421228,1.1401342020830474e-06,0.613481,270.5,0.2366,268.4,0.3
4147,2,4831.79,20213.83,0.406826,1.1401079194598454e-06,0.647129,265.6,0.2409,268.2,0.3
4148,2,4832.5,20210.74,0.475745,1.1400816301420567e-06,0.948913,257.3,0.2488,267.4,0.3
4149,2,4833.19,20207.58,0.445338,1.140055334130276e-06,0.688346,267.2,0.2395,267.4,0.3
4150,2,4833.88,20204.46,0.378176,1.1400290314250975e-06,0.800786,269.2,0.2377,267.3,0.3
4151,2,4834.58,20201.34,0.402743,1.1400027220271157e-06,0.609524,270.4,0.2367,267.3,0.3
4152,2,4835.28,20198.23,0.405735,1.1399764059369251e-06,0.577736,270.1,0.237,267.3,0.3
4153,2,4835.97,20195.11,0.429032,1.1399500831551205e-06,1.125736,267.2,0.2395,267.4,0.3
4154,2,4836.67,20192.0,0.403884,1.139923753682297e-06,0.576808,269.8,0.2372,267.4,0.3
4155,2,4837.37,20188.89,0.439421,1.13989741751905e-06,0.743954,267.7,0.2391,267.3,0.3
4156,2,4838.07,20185.8,0.366413,1.1398710746659746e-06,0.536137,265.9,0.2407,267.3,0.3
4157,2,4838.77,20182.69,0.398741,1.139844725123666e-06,0.801644,266.3,0.2403,267.2,0.3
4158,2,4839.47,20179.58,0.409481,1.13981836889272e-06,0.626242,267.4,0.2393,267.0,0.3
4159,2,4840.16,20176.46,0.418459,1.1397920059737323e-06,0.585609,271.1,0.2361,267.2,0.3
4160,2,4840.86,20173.35,0.401877,1.1397656363672988e-06,0.870988,270.3,0.2368,267.2,0.3
4161,2,4841.56,20170.27,0.438385,1.1397392600740158e-06,0.887257,272.1,0.2352,267.9,0.3
4162,2,4842.27,20167.19,0.428507,1.1397128770944792e-06,0.623668,267.0,0.2397,267.7,0.3
4163,2,4842.96,20164.08,0.418213,1.1396864874292853e-06,0.820128,269.1,0.2378,267.7,0.3
4164,2,4843.66,20160.98,0.423085,1.1396600910790308e-06,0.770848,268.2,0.2386,267.5,0.3
4165,2,4844.36,20157.89,0.438306,1.1396336880443122e-06,0.605483,268.2,0.2386,267.3,0.3
4166,2,4845.06,20154.79,0.385802,1.1396072783257263e-06,0.889265,268.9,0.238,267.3,0.3
4167,2,4845.76,20151.69,0.44579,1.1395808619238703e-06,0.769467,269.0,0.2379,267.4,0.3
4168,2,4846.45,20148.6,0.403293,1.1395544388393408e-06,0.807233,269.9,0.2371,268.1,0.2
4169,2,4847.15,20145.5,0.412095,1.1395280090727355e-06,0.545942,271.5,0.2357,268.3,0.2
4170,2,4847.86,20142.43,0.42779,1.1395015726246517e-06,0.712211,264.9,0.2416,268.1,0.3
4171,2,4848.55,20139.33,0.396983,1.1394751294956868e-06,0.611637,268.5,0.2384,268.0,0.3
4172,2,4849.25,20136.25,0.38039,1.1394486796864386e-06,0.521395,268.7,0.2382,267.9,0.2
4173,2,4849.95,20133.17,0.417206,1.139422223197505e-06,0.701512,267.8,0.239,268.0,0.2
4174,2,4850.65,20130.08,0.430159,1.139395760029484e-06,0.608236,269.3,0.2377,268.0,0.2
4175,2,4851.35,20127.01,0.49779,1.1393692901829738e-06,0.842525,266.7,0.2399,267.9,0.2
4176,2,4852.06,20123.97,0.436703,1.1393428136585724e-06,0.804385,256.0,0.25,267.4,0.2
4177,2,4852.75,20120.84,0.426029,1.1393163304568785e-06,0.911467,268.3,0.2385,267.5,0.2
4178,2,4853.45,20117.78,0.416073,1.1392898405784907e-06,0.515917,264.5,0.242,267.4,0.2
4179,2,4854.15,20114.69,0.443797,1.1392633440240077e-06,0.839694,268.8,0.2381,267.2,0.2
4180,2,4854.85,20111.62,0.406216,1.1392368407940289e-06,0.715935,267.2,0.2395,267.1,0.2
4181,2,4855.56,20108.59,0.479515,1.1392103308891525e-06,0.809468,265.6,0.241,266.8,0.2
4182,2,4856.26,20105.5,0.41399,1.1391838143099785e-06,0.583747,269.5,0.2375,266.8,0.2
4183,2,4856.96,20102.44,0.470146,1.1391572910571057e-06,0.660658,268.6,0.2383,266.8,0.3
4184,2,4857.66,20099.38,0.440519,1.139130761131134e-06,0.652588,264.0,0.2424,266.6,0.3
4185,2,4858.35,20096.29,0.440546,1.1391042245326627e-06,0.872895,269.3,0.2376,266.6,0.3
4186,2,4859.06,20093.24,0.47047,1.1390776812622919e-06,0.780166,265.6,0.2409,266.5,0.3
4187,2,4859.75,20090.16,0.445639,1.1390511313206216e-06,1.2564,270.5,0.2366,266.5,0.3
4188,2,4860.46,20087.1,0.413229,1.1390245747082517e-06,0.848107,266.6,0.24,266.4,0.3
4189,2,4861.15,20084.02,0.402165,1.1389980114257824e-06,0.736122,273.0,0.2344,266.4,0.3
4190,2,4861.85,20080.95,0.437255,1.1389714414738144e-06,0.668172,269.1,0.2378,266.7,0.3
4191,2,4862.55,20077.89,0.39099,1.1389448648529483e-06,0.987422,268.5,0.2383,266.7,0.3
4192,2,4863.25,20074.83,0.455121,1.1389182815637846e-06,0.769039,267.1,0.2396,266.6,0.3
4193,2,4863.95,20071.75,0.411952,1.1388916916069244e-06,0.631078,270.2,0.2368,266.7,0.3
4194,2,4864.65,20068.7,0.417566,1.1388650949829682e-06,0.852925,266.5,0.2402,266.6,0.3
4195,2,4865.35,20065.65,0.445458,1.1388384916925176e-06,0.673812,268.1,0.2387,266.6,0.3
4196,2,4866.05,20062.58,0.406307,1.138811881736174e-06,0.666758,268.7,0.2382,267.3,0.3
4197,2,4866.75,20059.53,0.462887,1.1387852651145386e-06,0.636517,267.1,0.2396,267.2,0.3
4198,2,4867.45,20056.47,0.458306,1.1387586418282134e-06,1.020811,267.3,0.2394,267.4,0.3
4199,2,4868.14,20053.4,0.435733,1.1387320118778e-06,0.688849,272.6,0.2348,267.5,0.3
4200,2,4868.84,20050.36,0.42257,1.1387053752639e-06,0.921682,264.5,0.2419,267.4,0.3
4201,2,4901.3,20178.06,0.426892,1.138678731987116e-06,0.569258,233.9,0.2736,265.4,0.3
4202,2,4901.98,20174.86,0.407948,1.1386520820480499e-06,0.688239,265.9,0.2407,265.3,0.3
4203,2,4902.67,20171.74,0.4065,1.1386254254473043e-06,0.649532,269.6,0.2374,265.3,0.3
4204,2,4903.37,20168.65,0.477236,1.1385987621854815e-06,0.987147,268.3,0.2385,265.6,0.3
4205,2,4904.06,20165.55,0.444905,1.1385720922631841e-06,0.661144,266.8,0.2399,265.5,0.3
4206,2,4904.76,20162.46,0.42325,1.1385454156810152e-06,0.695666,265.5,0.241,265.4,0.3
4207,2,4905.46,20159.36,0.380471,1.1385187324395779e-06,0.81813,269.2,0.2377,265.4,0.3
4208,2,4906.15,20156.27,0.432255,1.1384920425394748e-06,0.614723,269.2,0.2377,265.5,0.3
4209,2,4906.85,20153.17,0.445964,1.1384653459813094e-06,0.773355,272.8,0.2346,265.5,0.3
4210,2,4907.55,20150.08,0.440996,1.1384386427656854e-06,0.798075,271.3,0.2359,265.6,0.3
4211,2,4908.24,20147.0,0.409571,1.1384119328932063e-06,0.791419,266.9,0.2398,265.6,0.3
4212,2,4908.95,20143.93,0.416556,1.1383852163644759e-06,0.639848,265.9,0.2407,265.5,0.3
4213,2,4909.64,20140.83,0.459094,1.1383584931800977e-06,0.731627,269.8,0.2372,265.5,0.3
4214,2,4910.33,20137.73,0.403337,1.1383317633406761e-06,0.625309,270.6,0.2365,265.7,0.3
4215,2,4911.03,20134.65,0.431313,1.138305026846815e-06,0.473785,270.0,0.237,265.8,0.3
4216,2,4911.73,20131.58,0.411423,1.1382782836991188e-06,0.65927,264.7,0.2418,265.6,0.3
4217,2,4912.43,20128.48,0.404611,1.138251533898192e-06,0.806581,271.8,0.2354,265.8,0.3
4218,2,4913.12,20125.41,0.454761,1.1382247774446395e-06,0.671542,270.8,0.2363,266.0,0.3
4219,2,4913.82,20122.34,0.418766,1.1381980143390658e-06,0.855966,267.6,0.2392,265.8,0.3
4220,2,4914.52,20119.26,0.416364,1.1381712445820758e-06,0.517578,267.3,0.2394,265.9,0.3
4221,2,4915.22,20116.21,0.402211,1.138144468174275e-06,0.6391,273.5,0.234,268.3,0.2
4222,2,4915.92,20113.14,0.416517,1.1381176851162682e-06,0.547445,269.3,0.2376,268.4,0.2
4223,2,4916.62,20110.06,0.408995,1.138090895408661e-06,1.000128,271.3,0.2359,268.5,0.2
4224,2,4917.32,20107.0,0.449078,1.138064099052059e-06,0.736691,267.8,0.239,268.5,0.2
4225,2,4918.02,20103.93,0.463721,1.1380372960470676e-06,0.745177,267.2,0.2395,268.4,0.3
4226,2,4918.72,20100.86,0.443773,1.138010486394293e-06,0.744939,268.8,0.2381,268.5,0.3
4227,2,4919.42,20097.82,0.432097,1.137983670094341e-06,0.657365,262.9,0.2435,268.2,0.3
4228,2,4920.12,20094.75,0.429024,1.1379568471478176e-06,0.636349,262.7,0.2436,267.8,0.3
4229,2,4920.81,20091.68,0.400915,1.1379300175553293e-06,0.560657,269.1,0.2379,267.6,0.3
4230,2,4921.51,20088.61,0.440496,1.1379031813174823e-06,0.6102,270.2,0.2368,267.6,0.3
4231,2,4922.21,20085.55,0.396536,1.1378763384348833e-06,0.934464,269.1,0.2378,267.7,0.3
4232,2,4922.91,20082.49,0.41927,1.137849488908139e-06,0.819332,266.7,0.24,267.7,0.3
4233,2,4923.61,20079.44,0.409925,1.1378226327378566e-06,0.658246,265.5,0.2411,267.5,0.3
4234,2,4924.3,20076.37,0.430724,1.137795769924643e-06,0.677406,267.5,0.2393,267.4,0.3
4235,2,4925.02,20073.37,0.410073,1.137768900469105e-06,0.566197,252.9,0.253,266.4,0.3
4236,2,4925.7,20070.25,0.436156,1.1377420243718505e-06,0.775911,270.3,0.2367,266.7,0.3
4237,2,4926.4,20067.2,0.399902,1.137715141633487e-06,0.801435,266.6,0.24,266.5,0.3
4238,2,4927.09,20064.12,0.457393,1.1376882522546216e-06,0.992154,271.2,0.236,266.5,0.3
4239,2,4927.79,20061.06,0.466964,1.1376613562358624e-06,0.621936,269.4,0.2375,266.5,0.3
4240,2,4928.49,20058.02,0.41653,1.1376344535778174e-06,0.690501,266.2,0.2404,266.5,0.3
4241,2,4929.21,20055.05,0.451031,1.1376075442810944e-06,0.877629,259.2,0.247,265.7,0.3
4242,2,4929.9,20051.96,0.453674,1.137580628346302e-06,0.823841,268.8,0.2381,265.8,0.3
4243,2,4930.59,20048.91,0.461783,1.1375537057740484e-06,0.743941,271.4,0.2358,265.8,0.3
4244,2,4931.3,20045.89,0.372355,1.137526776564942e-06,0.701586,265.0,0.2415,265.6,0.3
4245,2,4932.0,20042.84,0.428162,1.1374998407195917e-06,0.654702,267.2,0.2395,265.7,0.3
4246,2,4932.7,20039.82,0.444677,1.1374728982386065e-06,0.743059,263.0,0.2434,265.5,0.3
4247,2,4933.39,20036.76,0.417773,1.1374459491225951e-06,0.562862,266.3,0.2403,265.6,0.3
4248,2,4934.09,20033.71,0.406121,1.1374189933721669e-06,0.539657,268.2,0.2387,265.9,0.3
4249,2,4934.79,20030.67,0.387434,1.1373920309879307e-06,0.631526,269.4,0.2375,265.9,0.3
4250,2,4935.49,20027.63,0.449095,1.1373650619704966e-06,0.734748,268.4,0.2384,265.8,0.3
4251,2,4936.18,20024.58,0.43394,1.1373380863204736e-06,0.921746,270.1,0.237,265.9,0.3
4252,2,4936.89,20021.56,0.432514,1.137311104038472e-06,0.65385,266.3,0.2403,265.8,0.3
4253,2,4937.58,20018.52,0.405212,1.137284115125101e-06,0.721188,268.4,0.2384,266.0,0.3
4254,2,4938.28,20015.48,0.488518,1.1372571195809713e-06,0.793066,269.0,0.2379,266.0,0.3
4255,2,4938.98,20012.45,0.428786,1.1372301174066929e-06,0.570799,268.6,0.2382,266.8,0.3
4256,2,4939.68,20009.42,0.477659,1.1372031086028758e-06,0.664792,267.2,0.2395,266.7,0.3
4257,2,4940.38,20006.39,0.456933,1.137176093170131e-06,0.631888,265.4,0.2411,266.6,0.3
4258,2,4941.08,20003.35,0.453867,1.137149071109069e-06,0.58703,267.7,0.2391,266.4,0.3
4259,2,4941.77,20000.32,0.399269,1.1371220424203003e-06,0.721425,267.9,0.2389,266.4,0.3
4260,2,4942.47,19997.3,0.399165,1.137095007104436e-06,0.581611,265.2,0.2414,266.3,0.3
4261,2,4943.18,19994.29,0.426849,1.1370679651620874e-06,0.89676,269.9,0.2371,266.9,0.3
4262,2,4943.88,19991.26,0.448117,1.1370409165938655e-06,0.96194,269.3,0.2377,266.9,0.3
4263,2,4944.58,19988.25,0.446194,1.1370138614003817e-06,0.718263,266.6,0.2401,266.6,0.3
4264,2,4945.28,19985.23,0.44569,1.1369867995822476e-06,0.771606,266.7,0.24,266.7,0.3
4265,2,4945.98,19982.21,0.400916,1.136959731140075e-06,0.654673,265.3,0.2413,266.6,0.3
4266,2,4946.67,19979.17,0.437535,1.1369326560744753e-06,0.573558,269.4,0.2375,267.0,0.3
4267,2,4947.37,19976.15,0.410717,1.136905574386061e-06,0.747281,267.1,0.2396,267.0,0.3
4268,2,4948.07,19973.15,0.415018,1.1368784860754441e-06,0.659058,265.6,0.2409,266.9,0.3
4269,2,4948.77,19970.13,0.412935,1.1368513911432367e-06,0.582052,266.7,0.2399,266.7,0.3
4270,2,4949.47,19967.11,0.45465,1.1368242895900514e-06,0.700133,265.4,0.2411,266.6,0.3
4271,2,4950.16,19964.08,0.432397,1.1367971814165008e-06,0.600776,267.5,0.2392,266.5,0.3
4272,2,4950.86,19961.05,0.462037,1.1367700666231976e-06,0.813271,271.1,0.236,266.7,0.3
4273,2,4951.56,19958.03,0.435418,1.1367429452107546e-06,0.617929,270.8,0.2363,266.8,0.3
4274,2,4952.26,19955.02,0.41992,1.136715817179785e-06,0.77355,268.8,0.2381,266.8,0.3
4275,2,4952.96,19952.02,0.442923,1.136688682530902e-06,0.703659,264.1,0.2423,266.6,0.3
4276,2,4953.66,19949.01,0.385614,1.1366615412647188e-06,0.786331,264.2,0.2422,266.5,0.3
4277,2,4954.35,19945.99,0.479808,1.1366343933818488e-06,0.723443,267.1,0.2396,266.5,0.3
4278,2,4955.05,19942.98,0.424284,1.1366072388829057e-06,0.562009,267.5,0.2392,266.5,0.3
4279,2,4955.75,19939.96,0.468609,1.1365800777685034e-06,0.73891,270.3,0.2367,266.7,0.3
4280,2,4956.45,19936.96,0.39854,1.1365529100392557e-06,0.518167,266.4,0.2403,266.7,0.3
4281,2,4957.15,19933.97,0.48013,1.136525735695777e-06,0.829142,269.8,0.2372,266.7,0.3
4282,2,4957.85,19930.97,0.416536,1.136498554738681e-06,0.605196,268.7,0.2382,266.7,0.3
4283,2,4958.54,19927.95,0.481201,1.1364713671685825e-06,0.989472,270.6,0.2365,266.9,0.3
4284,2,4959.24,19924.96,0.44587,1.1364441729860958e-06,0.728428,266.9,0.2398,266.9,0.3
4285,2,4959.94,19921.95,0.447012,1.1364169721918358e-06,0.811067,270.8,0.2363,267.2,0.3
4286,2,4960.64,19918.95,0.518531,1.1363897647864171e-06,1.181703,267.7,0.2391,267.1,0.3
4287,2,4961.35,19915.99,0.415716,1.1363625507704545e-06,0.712385,260.1,0.246,266.7,0.3
4288,2,4962.05,19913.01,0.415359,1.1363353301445638e-06,0.675953,257.1,0.2489,266.3,0.3
4289,2,4962.74,19909.98,0.404927,1.1363081029093597e-06,0.695194,267.1,0.2396,266.3,0.3
4290,2,4963.44,19906.98,0.387361,1.1362808690654578e-06,0.916143,266.9,0.2398,266.4,0.3
4291,2,4964.14,19903.99,0.432941,1.1362536286134737e-06,0.659985,267.6,0.2391,266.4,0.3
4292,2,4964.84,19901.0,0.373389,1.1362263815540232e-06,0.52459,266.1,0.2406,266.1,0.3
4293,2,4965.54,19898.02,0.446573,1.136199127887722e-06,0.718914,262.5,0.2438,265.8,0.3
4294,2,4966.23,19895.01,0.424746,1.1361718676151864e-06,0.604596,269.5,0.2375,265.7,0.3
4295,2,4966.93,19892.02,0.417713,1.1361446007370324e-06,0.505981,270.4,0.2367,266.0,0.3
4296,2,4967.63,19889.03,0.436296,1.1361173272538764e-06,0.575182,268.4,0.2384,266.3,0.3
4297,2,4968.34,19886.07,0.434637,1.1360900471663346e-06,0.808338,265.3,0.2412,266.2,0.3
4298,2,4969.03,19883.07,0.42209,1.136062760475024e-06,0.770268,267.8,0.2389,266.2,0.3
4299,2,4969.73,19880.08,0.411396,1.136035467180561e-06,0.811399,269.5,0.2374,266.2,0.3
4300,2,4970.43,19877.11,0.419693,1.1360081672835628e-06,0.806753,264.6,0.2419,266.0,0.3
4301,2,4971.15,19874.19,0.388893,1.1359808607846463e-06,0.809165,266.5,0.2402,265.9,0.3
4302,2,4971.85,19871.22,0.452908,1.1359535476844288e-06,0.937126,263.3,0.2431,265.6,0.3
4303,2,4972.55,19868.23,0.377275,1.1359262279835278e-06,0.63148,271.0,0.2362,265.6,0.3
4304,2,4973.24,19865.25,0.431879,1.1358989016825605e-06,0.759038,268.9,0.238,265.7,0.3
4305,2,4973.94,19862.27,0.397942,1.135871568782145e-06,0.584914,268.2,0.2386,265.6,0.3
4306,2,4974.65,19859.31,0.451968,1.1358442292828987e-06,0.68362,266.1,0.2405,265.5,0.3
4307,2,4975.35,19856.35,0.417736,1.1358168831854398e-06,0.611829,265.5,0.2411,265.8,0.3
4308,2,4976.05,19853.37,0.446849,1.1357895304903863e-06,0.858904,268.0,0.2388,266.3,0.3
4309,2,4976.75,19850.4,0.431334,1.1357621711983564e-06,0.807835,266.5,0.2402,266.3,0.3
4310,2,4977.45,19847.44,0.455781,1.1357348053099687e-06,0.816145,265.4,0.2412,266.2,0.3
4311,2,4978.15,19844.47,0.40572,1.1357074328258417e-06,0.548054,267.8,0.239,266.2,0.3
4312,2,4978.85,19841.5,0.425987,1.135680053746594e-06,0.91449,267.1,0.2396,266.3,0.3
4313,2,4979.55,19838.53,0.437833,1.1356526680728446e-06,0.815338,270.0,0.237,266.6,0.3
4314,2,4980.25,19835.57,0.430857,1.1356252758052125e-06,0.918693,267.9,0.2389,266.6,0.3
4315,2,4980.95,19832.62,0.388772,1.135597876944317e-06,0.971948,265.5,0.2411,266.3,0.3
4316,2,4981.65,19829.65,0.477427,1.135570471490777e-06,0.966072,267.6,0.2392,266.3,0.3
4317,2,4982.36,19826.73,0.434754,1.1355430594452122e-06,0.676011,256.9,0.2492,265.8,0.3
4318,2,4983.05,19823.73,0.410267,1.1355156408082422e-06,0.642691,266.4,0.2402,265.7,0.3
4319,2,4983.75,19820.77,0.431922,1.1354882155804866e-06,0.548751,268.0,0.2388,265.6,0.3
4320,2,4984.45,19817.81,0.453824,1.1354607837625657e-06,0.673115,267.5,0.2393,265.8,0.3
4321,2,4985.17,19814.92,0.424101,1.1354333453550992e-06,0.715211,265.8,0.2408,265.8,0.3
4322,2,4985.87,19811.96,0.440395,1.1354059003587074e-06,0.776833,267.8,0.2389,266.0,0.3
4323,2,4986.57,19809.02,0.459852,1.1353784487740106e-06,1.297258,264.8,0.2417,265.7,0.3
4324,2,4987.28,19806.1,0.458195,1.1353509906016293e-06,0.944643,256.7,0.2493,265.1,0.3
4325,2,4987.97,19803.12,0.448766,1.1353235258421844e-06,0.511073,265.8,0.2408,265.0,0.3
4326,2,4988.67,19800.16,0.403304,1.1352960544962963e-06,0.547358,267.1,0.2396,265.0,0.3
4327,2,4989.38,19797.22,0.453522,1.1352685765645863e-06,0.70644,266.8,0.2399,265.1,0.3
4328,2,4990.08,19794.29,0.407618,1.1352410920476752e-06,1.117877,266.2,0.2404,265.0,0.3
4329,2,4990.78,19791.34,0.359813,1.1352136009461844e-06,0.550463,268.7,0.2382,265.2,0.3
4330,2,4991.48,19788.39,0.43337,1.1351861032607352e-06,0.648776,267.8,0.239,265.3,0.3
4331,2,4992.18,19785.47,0.458556,1.1351585989919494e-06,0.658551,265.0,0.2415,265.1,0.3
4332,2,4992.88,19782.51,0.359756,1.1351310881404483e-06,0.562981,269.8,0.2372,265.2,0.3
4333,2,4993.58,19779.55,0.417337,1.135103570706854e-06,0.705443,269.2,0.2377,265.2,0.3
4334,2,4994.28,19776.62,0.405465,1.1350760466917884e-06,0.706855,266.6,0.2401,265.2,0.3
4335,2,4994.98,19773.67,0.45958,1.1350485160958735e-06,0.680356,269.0,0.2379,265.3,0.3
4336,2,4995.68,19770.73,0.399491,1.1350209789197319e-06,0.70082,266.3,0.2403,265.3,0.3
4337,2,4996.38,19767.78,0.418418,1.1349934351639857e-06,0.781293,270.1,0.237,266.0,0.3
4338,2,4997.08,19764.84,0.418337,1.134965884829258e-06,0.744511,270.0,0.237,266.2,0.3
4339,2,4997.79,19761.96,0.434887,1.134938327916171e-06,0.802498,254.1,0.2519,265.5,0.3
4340,2,4998.48,19758.98,0.381216,1.1349107644253478e-06,0.617961,266.7,0.2399,265.5,0.3
4341,2,4999.19,19756.06,0.38264,1.1348831943574112e-06,0.886731,271.9,0.2354,265.8,0.3
4342,2,4999.89,19753.13,0.391839,1.1348556177129847e-06,0.542402,269.2,0.2378,265.8,0.3
4343,2,5000.59,19750.19,0.429338,1.1348280344926915e-06,0.732563,271.6,0.2357,266.2,0.3
4344,2,5001.29,19747.26,0.405174,1.1348004446971552e-06,0.537297,267.9,0.2389,266.8,0.3
4345,2,5001.99,19744.33,0.464839,1.134772848326999e-06,0.766989,269.2,0.2378,266.9,0.3
4346,2,5002.69,19741.39,0.435989,1.1347452453828473e-06,0.747917,269.8,0.2372,267.0,0.3
4347,2,5003.39,19738.47,0.450077,1.1347176358653234e-06,0.727228,269.7,0.2373,267.2,0.3
4348,2,5004.09,19735.55,0.41449,1.134690019775052e-06,0.557872,266.2,0.2404,267.2,0.3
4349,2,5004.79,19732.63,0.436029,1.1346623971126566e-06,0.523459,264.5,0.2419,267.0,0.3
4350,2,5005.49,19729.7,0.401263,1.134634767878762e-06,0.638592,266.5,0.2401,266.9,0.3
4351,2,5006.2,19726.78,0.421569,1.1346071320739927e-06,0.846271,264.4,0.2421,266.9,0.3
4352,2,5006.89,19723.84,0.384722,1.1345794896989734e-06,0.708039,267.8,0.239,266.8,0.3
4353,2,5007.61,19720.97,0.424869,1.134551840754329e-06,0.677986,255.2,0.2508,266.0,0.3
4354,2,5008.29,19718.0,0.38124,1.134524185240684e-06,0.515225,268.9,0.238,266.2,0.3
4355,2,5008.99,19715.07,0.445204,1.1344965231586638e-06,0.726187,269.7,0.2373,266.2,0.3
4356,2,5009.69,19712.15,0.475624,1.1344688545088936e-06,0.899507,271.3,0.2359,266.4,0.3
4357,2,5010.39,19709.23,0.391564,1.134441179291999e-06,0.713097,268.7,0.2382,266.4,0.3
4358,2,5011.09,19706.31,0.417365,1.1344134975086054e-06,0.526611,267.0,0.2397,266.2,0.3
4359,2,5011.79,19703.39,0.448219,1.1343858091593385e-06,1.420248,269.5,0.2375,267.0,0.3
4360,2,5012.5,19700.49,0.424931,1.1343581142448243e-06,0.9507,264.7,0.2418,266.9,0.3
4361,2,5013.21,19697.62,0.415582,1.1343304127656884e-06,0.626632,267.7,0.2391,266.7,0.3
4362,2,5013.91,19694.71,0.427367,1.1343027047225572e-06,0.606653,266.5,0.2401,266.5,0.3
4363,2,5014.61,19691.8,0.418911,1.134274990116057e-06,0.853073,266.6,0.24,266.3,0.3
4364,2,5015.31,19688.87,0.380516,1.1342472689468143e-06,0.679985,268.6,0.2383,266.3,0.3
4365,2,5016.01,19685.97,0.422695,1.1342195412154557e-06,0.853174,267.6,0.2391,266.2,0.3
4366,2,5016.71,19683.06,0.448972,1.1341918069226076e-06,0.637997,267.0,0.2397,266.1,0.3
4367,2,5017.41,19680.15,0.452871,1.1341640660688972e-06,0.685805,266.4,0.2402,266.0,0.3
4368,2,5018.11,19677.25,0.412668,1.1341363186549518e-06,0.573759,264.8,0.2417,265.9,0.3
4369,2,5018.81,19674.34,0.383084,1.1341085646813982e-06,0.679558,266.6,0.2401,265.9,0.3
4370,2,5019.51,19671.43,0.445393,1.1340808041488638e-06,0.700967,267.0,0.2397,266.0,0.3
4371,2,5020.21,19668.54,0.37871,1.134053037057976e-06,0.561307,267.0,0.2397,266.1,0.3
4372,2,5020.92,19665.64,0.437518,1.1340252634093627e-06,0.60555,267.8,0.239,266.1,0.3
4373,2,5021.62,19662.74,0.404822,1.1339974832036514e-06,0.738145,269.3,0.2377,266.8,0.3
4374,2,5022.32,19659.84,0.402174,1.13396969644147e-06,0.991986,268.2,0.2386,266.8,0.3
4375,2,5023.02,19656.95,0.39126,1.133941903123447e-06,0.592182,267.5,0.2392,266.7,0.3
4376,2,5023.72,19654.06,0.468046,1.13391410325021e-06,0.773184,266.7,0.24,266.5,0.3
4377,2,5024.42,19651.15,0.465463,1.133886296822388e-06,0.706709,269.0,0.2379,266.5,0.3
4378,2,5025.12,19648.25,0.434505,1.1338584838406092e-06,0.610587,268.7,0.2382,266.5,0.3
4379,2,5025.82,19645.35,0.408181,1.1338306643055022e-06,0.589999,267.7,0.2391,266.5,0.3
4380,2,5026.52,19642.46,0.443586,1.133802838217696e-06,0.584997,269.2,0.2377,266.7,0.3
4381,2,5027.24,19639.61,0.440419,1.1337750055778193e-06,0.864915,269.0,0.2379,266.8,0.3
4382,2,5027.94,19636.72,0.42423,1.1337471663865016e-06,0.76467,266.7,0.2399,266.8,0.3
4383,2,5028.64,19633.85,0.442236,1.1337193206443719e-06,0.975184,263.2,0.2431,266.6,0.3
4384,2,5029.34,19630.94,0.436078,1.1336914683520595e-06,0.61033,269.2,0.2378,266.7,0.3
4385,2,5030.04,19628.05,0.441819,1.1336636095101943e-06,0.653443,267.5,0.2392,266.7,0.3
4386,2,5030.74,19625.17,0.399072,1.1336357441194055e-06,0.618529,266.5,0.2402,266.6,0.3
4387,2,5031.44,19622.27,0.436838,1.1336078721803236e-06,0.756322,269.0,0.2379,266.8,0.3
4388,2,5032.15,19619.42,0.425757,1.133579993693578e-06,0.595855,259.1,0.247,266.5,0.3
4389,2,5032.84,19616.51,0.419494,1.1335521086597992e-06,0.670271,266.7,0.24,266.5,0.3
4390,2,5033.54,19613.63,0.434286,1.1335242170796174e-06,0.626724,267.2,0.2396,266.5,0.3
4391,2,5034.24,19610.74,0.43935,1.1334963189536632e-06,0.648753,270.4,0.2366,266.7,0.3
4392,2,5034.95,19607.86,0.407516,1.133468414282567e-06,0.765095,266.6,0.2401,266.6,0.3
4393,2,5035.64,19604.97,0.435735,1.1334405030669595e-06,0.775617,268.6,0.2383,266.6,0.3
4394,2,5036.35,19602.09,0.447559,1.1334125853074717e-06,0.667072,268.6,0.2383,266.6,0.3
4395,2,5037.04,19599.2,0.421289,1.1333846610047347e-06,0.525052,269.9,0.2371,266.8,0.3
4396,2,5037.74,19596.32,0.419658,1.1333567301593794e-06,0.58273,269.6,0.2374,266.9,0.3
4397,2,5038.45,19593.44,0.43569,1.1333287927720376e-06,0.811231,268.8,0.2381,266.9,0.3
4398,2,5039.15,19590.58,0.417144,1.1333008488433402e-06,0.761138,265.3,0.2413,266.7,0.3
4399,2,5039.85,19587.7,0.414707,1.1332728983739193e-06,0.700806,267.8,0.239,266.7,0.2
4400,2,5040.55,19584.82,0.455693,1.1332449413644066e-06,0.612652,270.2,0.2369,266.8,0.2
4401,2,5176.25,20106.35,0.407615,1.1332169778154336e-06,0.769588,240.3,0.2664,265.1,0.3
4402,2,5176.94,20103.26,0.433597,1.1331890077276331e-06,0.805614,266.1,0.2405,265.1,0.3
4403,2,5177.63,20100.22,0.395541,1.1331610311016368e-06,0.733718,268.1,0.2387,265.3,0.3
4404,2,5178.33,20097.18,0.422105,1.133133047938077e-06,0.728479,269.5,0.2375,265.3,0.3
4405,2,5179.03,20094.15,0.457691,1.1331050582375865e-06,0.578571,269.5,0.2375,265.4,0.3
4406,2,5179.72,20091.11,0.415911,1.133077062000798e-06,0.781342,273.0,0.2345,265.8,0.3
4407,2,5180.42,20088.08,0.445316,1.133049059228344e-06,0.72513,271.3,0.2359,265.9,0.3
4408,2,5181.12,20085.05,0.438297,1.1330210499208574e-06,0.677744,268.8,0.2381,266.4,0.3
4409,2,5181.82,20082.04,0.384488,1.1329930340789718e-06,0.915141,266.0,0.2406,266.4,0.3
4410,2,5182.51,20079.01,0.378614,1.13296501170332e-06,0.72519,269.7,0.2373,266.5,0.3
4411,2,5183.21,20075.98,0.493368,1.1329369827945358e-06,0.772519,268.6,0.2383,266.4,0.3
4412,2,5183.91,20072.96,0.432485,1.1329089473532527e-06,0.751594,268.4,0.2384,266.5,0.3
4413,2,5184.61,20069.95,0.435344,1.1328809053801042e-06,0.709935,267.6,0.2392,266.5,0.3
4414,2,5185.32,20066.97,0.44872,1.132852856875724e-06,0.823,254.9,0.2511,265.8,0.3
4415,2,5186.0,20063.9,0.41467,1.1328248018407461e-06,0.940793,267.1,0.2396,265.6,0.3
4416,2,5186.7,20060.88,0.421545,1.132796740275805e-06,0.691828,269.2,0.2378,265.6,0.2
4417,2,5187.41,20057.89,0.431596,1.1327686721815347e-06,0.873457,264.2,0.2422,265.4,0.2
4418,2,5188.1,20054.87,0.390455,1.13274059755857e-06,0.813758,268.6,0.2382,265.6,0.2
4419,2,5188.8,20051.85,0.413814,1.1327125164075447e-06,0.778855,269.6,0.2374,265.7,0.2
4420,2,5189.5,20048.85,0.449177,1.1326844287290942e-06,0.729158,268.4,0.2385,265.6,0.2
4421,2,5190.21,20045.88,0.47421,1.1326563345238534e-06,0.770571,268.2,0.2386,267.3,0.2
4422,2,5190.91,20042.87,0.447335,1.1326282337924571e-06,0.745958,268.7,0.2382,267.4,0.2
4423,2,5191.61,20039.87,0.413753,1.1326001265355404e-06,0.608675,267.2,0.2395,267.4,0.2
4424,2,5192.31,20036.87,0.404288,1.1325720127537387e-06,0.752532,267.7,0.2391,267.3,0.2
4425,2,5193.01,20033.88,0.458728,1.1325438924476876e-06,1.237657,265.9,0.2407,267.1,0.2
4426,2,5193.71,20030.86,0.44394,1.1325157656180224e-06,0.864117,272.5,0.2349,267.1,0.2
4427,2,5194.41,20027.87,0.438279,1.1324876322653792e-06,0.619205,267.8,0.239,266.9,0.2
4428,2,5195.11,20024.89,0.442084,1.1324594923903939e-06,0.791152,265.7,0.2409,266.8,0.2
4429,2,5195.81,20021.88,0.428724,1.1324313459937023e-06,0.791081,269.9,0.2371,267.0,0.2
4430,2,5196.51,20018.89,0.431927,1.1324031930759407e-06,0.597584,269.6,0.2373,267.0,0.2
4431,2,5197.21,20015.89,0.439956,1.1323750336377454e-06,0.646108,270.8,0.2363,267.1,0.2
4432,2,5197.91,20012.89,0.431916,1.1323468676797533e-06,0.715829,270.2,0.2369,267.2,0.2
4433,2,5198.61,20009.9,0.424464,1.1323186952026006e-06,0.85835,270.7,0.2364,267.3,0.2
4434,2,5199.32,20006.93,0.432963,1.1322905162069243e-06,0.543106,266.8,0.2399,267.9,0.2
4435,2,5200.02,20003.95,0.410757,1.1322623306933611e-06,0.763952,265.5,0.2411,267.8,0.2
4436,2,5200.72,20000.96,0.422379,1.1322341386625484e-06,0.630332,266.3,0.2403,267.6,0.2
4437,2,5201.42,19997.98,0.440498,1.1322059401151233e-06,0.958188,268.1,0.2387,267.8,0.2
4438,2,5202.12,19994.97,0.499617,1.132177735051723e-06,0.698593,268.5,0.2384,267.8,0.2
4439,2,5202.82,19991.99,0.408896,1.1321495234729852e-06,0.61853,267.5,0.2393,267.7,0.2
4440,2,5203.53,19989.04,0.469676,1.1321213053795477e-06,0.739434,254.3,0.2517,266.9,0.2
4441,2,5204.22,19986.04,0.397914,1.1320930807720481e-06,0.543786,267.8,0.239,266.9,0.2
4442,2,5204.92,19983.03,0.390306,1.1320648496511244e-06,0.582489,270.0,0.237,266.9,0.3
4443,2,5205.61,19980.05,0.414051,1.132036612017415e-06,0.654971,267.7,0.2391,266.9,0.3
4444,2,5206.31,19977.06,0.432469,1.1320083678715578e-06,0.714857,268.9,0.238,267.0,0.3
4445,2,5207.01,19974.08,0.411927,1.1319801172141914e-06,0.777747,267.2,0.2395,267.0,0.3
4446,2,5207.71,19971.09,0.411362,1.1319518600459545e-06,1.115719,270.0,0.237,266.9,0.3
4447,2,5208.41,19968.12,0.406874,1.1319235963674854e-06,1.035391,264.1,0.2424,266.7,0.3
4448,2,5209.11,19965.11,0.405639,1.1318953261794233e-06,0.672072,270.6,0.2365,266.9,0.3
4449,2,5209.8,19962.13,0.447258,1.131867049482407e-06,0.734408,268.8,0.2381,266.8,0.3
4450,2,5210.51,19959.16,0.405099,1.1318387662770758e-06,1.024208,268.7,0.2382,266.8,0.3
4451,2,5211.2,19956.18,0.430461,1.131810476564069e-06,0.809352,271.0,0.2361,266.8,0.3
4452,2,5211.91,19953.21,0.394625,1.131782180344026e-06,0.64581,265.8,0.2408,266.6,0.3
4453,2,5212.6,19950.24,0.44483,1.1317538776175863e-06,0.770914,266.2,0.2404,266.4,0.3
4454,2,5213.31,19947.29,0.462811,1.13172556838539e-06,0.864352,259.2,0.2469,266.0,0.3
4455,2,5214.0,19944.28,0.371412,1.1316972526480762e-06,0.524377,269.6,0.2374,266.2,0.3
4456,2,5214.71,19941.34,0.425449,1.1316689304062858e-06,0.956198,257.4,0.2486,265.7,0.3
4457,2,5215.4,19938.36,0.457436,1.1316406016606585e-06,0.833597,263.7,0.2427,265.5,0.3
4458,2,5216.1,19935.37,0.477812,1.1316122664118347e-06,0.819451,270.1,0.2369,265.6,0.3
4459,2,5216.8,19932.4,0.449714,1.131583924660455e-06,0.697898,269.6,0.2374,265.7,0.3
4460,2,5217.5,19929.43,0.392068,1.1315555764071597e-06,0.533959,267.1,0.2396,266.4,0.3
4461,2,5218.21,19926.51,0.403513,1.13152722165259e-06,0.714321,268.6,0.2383,266.4,0.3
4462,2,5218.91,19923.56,0.412113,1.1314988603973865e-06,0.838357,261.7,0.2446,266.0,0.3
4463,2,5219.61,19920.58,0.450421,1.1314704926421905e-06,0.708291,267.7,0.2391,266.0,0.3
4464,2,5220.3,19917.61,0.34449,1.131442118387643e-06,0.657574,269.4,0.2376,266.0,0.3
4465,2,5221.0,19914.65,0.439316,1.1314137376343854e-06,0.544022,267.1,0.2396,266.0,0.3
4466,2,5221.7,19911.67,0.40372,1.131385350383059e-06,0.798359,270.8,0.2363,266.0,0.3
4467,2,5222.4,19908.73,0.374411,1.1313569566343061e-06,0.650766,266.1,0.2405,266.1,0.3
4468,2,5223.1,19905.77,0.406387,1.1313285563887677e-06,0.584475,266.6,0.24,265.9,0.3
4469,2,5223.8,19902.8,0.475305,1.1313001496470863e-06,0.763675,270.0,0.237,266.0,0.3
4470,2,5224.5,19899.84,0.477489,1.1312717364099038e-06,0.778328,270.0,0.2371,266.1,0.3
4471,2,5225.2,19896.88,0.40081,1.1312433166778625e-06,0.797707,269.5,0.2375,266.0,0.3
4472,2,5225.9,19893.93,0.421935,1.1312148904516048e-06,0.690587,269.4,0.2376,266.2,0.3
4473,2,5226.59,19890.97,0.405763,1.1311864577317731e-06,0.595988,270.2,0.2368,266.4,0.3
4474,2,5227.29,19888.01,0.412444,1.13115801851901e-06,0.640099,269.8,0.2373,266.9,0.3
4475,2,5227.99,19885.05,0.43469,1.1311295728139584e-06,0.756399,272.3,0.235,267.0,0.3
4476,2,5228.69,19882.12,0.392149,1.1311011206172612e-06,0.699651,265.2,0.2414,267.5,0.3
4477,2,5229.39,19879.17,0.421528,1.1310726619295618e-06,1.011069,267.4,0.2394,267.6,0.3
4478,2,5230.09,19876.21,0.537984,1.1310441967515032e-06,0.971907,267.8,0.239,267.5,0.3
4479,2,5230.79,19873.26,0.435242,1.1310157250837288e-06,0.593418,271.3,0.2359,267.6,0.3
4480,2,5231.49,19870.33,0.404212,1.1309872469268823e-06,0.678137,266.6,0.24,267.6,0.3
4481,2,5232.2,19867.41,0.426541,1.1309587622816075e-06,0.615986,269.9,0.2371,267.7,0.3
4482,2,5232.9,19864.45,0.399561,1.1309302711485483e-06,0.805544,269.3,0.2377,268.0,0.3
4483,2,5233.6,19861.51,0.481513,1.1309017735283483e-06,0.705644,269.4,0.2375,268.1,0.3
4484,2,5234.3,19858.58,0.453896,1.1308732694216517e-06,0.71965,266.4,0.2402,268.0,0.3
4485,2,5235.0,19855.63,0.371981,1.1308447588291031e-06,0.846614,267.0,0.2397,268.0,0.3
4486,2,5235.7,19852.69,0.41767,1.1308162417513468e-06,0.881938,267.8,0.239,267.9,0.3
4487,2,5236.39,19849.74,0.386792,1.1307877181890272e-06,0.591205,270.3,0.2368,268.1,0.3
4488,2,5237.09,19846.8,0.411968,1.130759188142789e-06,0.668451,269.0,0.2379,268.2,0.3
4489,2,5237.79,19843.86,0.407373,1.1307306516132776e-06,0.681243,270.5,0.2366,268.2,0.3
4490,2,5238.49,19840.92,0.451553,1.1307021086011376e-06,0.668298,269.0,0.2379,268.2,0.3
4491,2,5239.19,19837.99,0.407876,1.1306735591070143e-06,0.508669,269.3,0.2376,268.2,0.3
4492,2,5239.89,19835.06,0.488469,1.1306450031315528e-06,0.871579,267.9,0.2389,268.1,0.3
4493,2,5240.59,19832.13,0.391727,1.1306164406753988e-06,0.886482,268.5,0.2384,268.0,0.3
4494,2,5241.29,19829.18,0.447119,1.1305878717391978e-06,0.803531,270.3,0.2368,268.0,0.3
4495,2,5241.99,19826.25,0.42378,1.1305592963235956e-06,0.73098,268.5,0.2383,267.8,0.3
4496,2,5242.68,19823.32,0.43954,1.130530714429238e-06,0.672157,269.5,0.2375,268.0,0.3
4497,2,5243.38,19820.38,0.42626,1.1305021260567712e-06,0.725839,268.6,0.2382,268.1,0.3
4498,2,5244.09,19817.48,0.455145,1.1304735312068415e-06,0.616333,262.3,0.244,267.8,0.3
4499,2,5244.78,19814.54,0.458981,1.1304449298800948e-06,0.888236,268.7,0.2382,267.7,0.3
4500,2,5245.48,19811.61,0.419321,1.130416322077178e-06,0.714438,268.2,0.2387,267.7,0.3
4501,2,5246.19,19808.71,0.390366,1.1303877077987377e-06,0.579178,270.4,0.2367,267.8,0.3
4502,2,5246.89,19805.77,0.464394,1.1303590870454206e-06,0.733685,269.3,0.2377,267.8,0.3
4503,2,5247.59,19802.85,0.456128,1.1303304598178735e-06,0.767082,269.3,0.2377,267.8,0.3
4504,2,5248.28,19799.91,0.417678,1.1303018261167436e-06,0.665151,268.6,0.2382,267.9,0.3
4505,2,5248.98,19796.98,0.391,1.1302731859426782e-06,0.510452,272.5,0.2349,268.1,0.3
4506,2,5249.69,19794.1,0.456682,1.1302445392963244e-06,0.609151,257.3,0.2487,267.6,0.3
4507,2,5250.38,19791.14,0.411909,1.1302158861783299e-06,0.698801,268.3,0.2386,267.5,0.3
4508,2,5251.08,19788.23,0.404804,1.1301872265893423e-06,0.875061,266.3,0.2403,267.3,0.3
4509,2,5251.77,19785.29,0.372614,1.1301585605300095e-06,0.605112,269.8,0.2372,267.3,0.3
4510,2,5252.47,19782.37,0.40852,1.1301298880009792e-06,0.72431,271.3,0.2359,267.5,0.3
4511,2,5253.17,19779.46,0.40523,1.1301012090028996e-06,0.652238,265.7,0.2409,267.3,0.3
4512,2,5253.87,19776.54,0.413718,1.1300725235364191e-06,0.820449,269.7,0.2373,267.4,0.3
4513,2,5254.58,19773.65,0.418157,1.1300438316021863e-06,0.509492,260.1,0.246,266.9,0.3
4514,2,5255.27,19770.7,0.413324,1.1300151332008492e-06,0.588026,268.8,0.2381,266.9,0.3
4515,2,5255.97,19767.79,0.465218,1.1299864283330568e-06,0.84708,264.7,0.2417,266.7,0.3
4516,2,5256.66,19764.86,0.438752,1.1299577169994577e-06,0.809995,270.1,0.237,266.7,0.3
4517,2,5257.36,19761.95,0.42761,1.129928999200701e-06,0.588172,269.5,0.2375,266.7,0.3
4518,2,5258.06,19759.03,0.427399,1.1299002749374358e-06,0.959534,269.4,0.2376,267.1,0.3
4519,2,5258.76,19756.12,0.412152,1.1298715442103116e-06,0.660624,269.7,0.2373,267.2,0.3
4520,2,5259.45,19753.2,0.434092,1.1298428070199774e-06,0.630499,273.0,0.2345,267.4,0.3
4521,2,5260.17,19750.35,0.456206,1.1298140633670832e-06,0.796096,262.2,0.2441,267.0,0.3
4522,2,5260.86,19747.4,0.407285,1.1297853132522783e-06,0.793372,269.7,0.2373,267.0,0.3
4523,2,5261.55,19744.49,0.447854,1.1297565566762128e-06,0.963896,269.6,0.2374,267.0,0.3
4524,2,5262.25,19741.58,0.429104,1.1297277936395364e-06,0.889734,271.2,0.236,267.2,0.3
4525,2,5262.95,19738.68,0.437252,1.1296990241428998e-06,0.674892,268.2,0.2387,267.0,0.3
4526,2,5263.65,19735.77,0.455607,1.129670248186953e-06,0.603593,270.4,0.2367,267.6,0.3
4527,2,5264.34,19732.86,0.452719,1.129641465772346e-06,0.883696,270.3,0.2368,267.7,0.3
4528,2,5265.04,19729.96,0.41116,1.1296126768997298e-06,0.827666,267.7,0.2391,267.8,0.3
4529,2,5265.75,19727.07,0.41488,1.1295838815697553e-06,0.695122,264.4,0.2421,267.5,0.3
4530,2,5266.44,19724.14,0.407992,1.129555079783073e-06,0.910008,273.5,0.234,267.6,0.3
4531,2,5267.14,19721.25,0.369599,1.1295262715403342e-06,0.757963,266.8,0.2399,267.7,0.3
4532,2,5267.83,19718.34,0.435794,1.12949745684219e-06,1.134272,268.6,0.2383,267.7,0.3
4533,2,5268.53,19715.45,0.405731,1.1294686356892917e-06,0.644816,267.3,0.2395,268.0,0.3
4534,2,5269.23,19712.54,0.436627,1.1294398080822907e-06,0.671688,269.4,0.2375,268.1,0.2
4535,2,5269.93,19709.64,0.444037,1.1294109740218386e-06,0.733752,267.8,0.239,268.3,0.2
4536,2,5270.62,19706.72,0.415657,1.129382133508587e-06,0.604067,272.3,0.235,268.4,0.2
4537,2,5271.32,19703.84,0.429804,1.1293532865431881e-06,0.645897,265.2,0.2413,268.2,0.2
4538,2,5272.02,19700.94,0.470383,1.1293244331262938e-06,1.051903,268.6,0.2383,268.1,0.2
4539,2,5272.71,19698.04,0.431921,1.1292955732585562e-06,0.803445,272.0,0.2353,268.2,0.2
4540,2,5273.42,19695.18,0.434855,1.1292667069406276e-06,0.633432,262.7,0.2436,267.7,0.2
4541,2,5274.12,19692.31,0.390964,1.1292378341731606e-06,0.715797,267.9,0.2389,268.0,0.2
4542,2,5274.82,19689.41,0.449562,1.1292089549568078e-06,0.460867,271.1,0.236,268.0,0.3
4543,2,5275.52,19686.52,0.435332,1.1291800692922219e-06,0.827007,267.2,0.2395,267.9,0.2
4544,2,5276.22,19683.63,0.420178,1.1291511771800559e-06,0.71427,267.3,0.2394,267.7,0.3
4545,2,5276.92,19680.75,0.416372,1.129122278620963e-06,0.943783,266.0,0.2406,267.6,0.3
4546,2,5277.61,19677.84,0.45999,1.1290933736155961e-06,0.545731,271.2,0.236,267.6,0.3
4547,2,5278.31,19674.96,0.466863,1.129064462164609e-06,0.691655,269.9,0.2371,267.6,0.3
4548,2,5279.0,19672.07,0.438855,1.1290355442686546e-06,0.557592,269.8,0.2372,267.7,0.3
4549,2,5279.7,19669.19,0.440533,1.1290066199283867e-06,0.795602,269.1,0.2378,267.9,0.3
4550,2,5280.4,19666.31,0.422299,1.1289776891444593e-06,0.619529,267.8,0.2389,267.6,0.3
4551,2,5281.1,19663.41,0.404435,1.1289487519175264e-06,0.802785,270.7,0.2364,267.8,0.3
4552,2,5281.8,19660.54,0.429397,1.128919808248242e-06,0.678249,268.3,0.2386,267.8,0.3
4553,2,5282.5,19657.66,0.433294,1.1288908581372602e-06,0.67259,267.8,0.239,267.8,0.3
4554,2,5283.2,19654.79,0.408324,1.1288619015852355e-06,0.828622,265.8,0.2407,267.6,0.3
4555,2,5283.89,19651.89,0.407823,1.1288329385928222e-06,0.943316,271.3,0.2359,267.7,0.3
4556,2,5284.59,19649.01,0.413804,1.1288039691606752e-06,0.647636,270.0,0.237,267.6,0.3
4557,2,5285.29,19646.15,0.439457,1.1287749932894493e-06,0.59495,265.4,0.2411,267.6,0.3
4558,2,5285.99,19643.27,0.456606,1.1287460109797991e-06,0.668742,268.9,0.238,267.7,0.3
4559,2,5286.69,19640.4,0.446716,1.1287170222323801e-06,0.812759,266.9,0.2398,267.4,0.3
4560,2,5287.38,19637.52,0.451705,1.1286880270478476e-06,0.740578,267.0,0.2397,267.7,0.3
4561,2,5288.09,19634.68,0.455418,1.1286590254268565e-06,0.823476,269.6,0.2374,267.7,0.3
4562,2,5288.79,19631.81,0.441535,1.1286300173700628e-06,0.739881,267.4,0.2393,267.6,0.3
4563,2,5289.48,19628.93,0.46855,1.128601002878122e-06,0.756751,269.6,0.2374,267.7,0.3
4564,2,5290.18,19626.06,0.397478,1.12857198195169e-06,0.680386,268.7,0.2381,267.8,0.3
4565,2,5290.88,19623.19,0.457514,1.1285429545914226e-06,0.658866,269.6,0.2374,268.0,0.3
4566,2,5291.58,19620.32,0.422965,1.1285139207979762e-06,0.582659,268.7,0.2382,267.9,0.3
4567,2,5292.28,19617.47,0.426269,1.128484880572007e-06,0.559141,266.8,0.2399,267.7,0.3
4568,2,5292.97,19614.58,0.476058,1.128455833914171e-06,1.013489,270.5,0.2366,267.8,0.3
4569,2,5293.67,19611.72,0.429613,1.128426780825125e-06,0.652809,269.8,0.2372,267.8,0.3
4570,2,5294.37,19608.87,0.43438,1.128397721305526e-06,0.948105,268.8,0.2381,267.8,0.3
4571,2,5295.07,19606.0,0.426851,1.1283686553560306e-06,0.787694,269.0,0.2379,267.8,0.3
4572,2,5295.77,19603.14,0.37832,1.1283395829772957e-06,0.664472,270.1,0.237,267.9,0.3
4573,2,5296.46,19600.28,0.41268,1.1283105041699786e-06,0.608366,270.2,0.2369,268.0,0.3
4574,2,5297.16,19597.42,0.46602,1.1282814189347364e-06,0.915673,270.6,0.2365,268.2,0.3
4575,2,5297.86,19594.56,0.436385,1.1282523272722267e-06,0.926779,268.2,0.2386,268.1,0.3
4576,2,5298.56,19591.71,0.374247,1.1282232291831069e-06,0.66523,268.1,0.2387,268.0,0.3
4577,2,5299.26,19588.84,0.432959,1.128194124668035e-06,0.846279,270.3,0.2368,268.3,0.3
4578,2,5299.96,19586.0,0.395497,1.1281650137276683e-06,0.788726,265.3,0.2412,268.1,0.3
4579,2,5300.65,19583.13,0.469486,1.1281358963626652e-06,0.814236,270.8,0.2364,268.3,0.3
4580,2,5301.36,19580.31,0.420045,1.128106772573684e-06,0.769105,260.8,0.2454,268.0,0.3
4581,2,5302.06,19577.45,0.425444,1.1280776423613828e-06,0.565482,271.7,0.2356,268.0,0.3
4582,2,5302.76,19574.61,0.396722,1.1280485057264202e-06,0.927607,264.7,0.2418,267.9,0.3
4583,2,5303.46,19571.75,0.49915,1.1280193626694548e-06,0.964321,268.1,0.2388,267.8,0.3
4584,2,5304.15,19568.89,0.428521,1.1279902131911449e-06,0.648604,270.7,0.2364,267.9,0.3
4585,2,5304.85,19566.04,0.38199,1.1279610572921496e-06,0.675902,268.3,0.2385,267.8,0.3
4586,2,5305.55,19563.21,0.392673,1.1279318949731279e-06,0.574418,264.6,0.2419,267.6,0.3
4587,2,5306.25,19560.35,0.428145,1.1279027262347393e-06,0.732802,269.3,0.2377,267.8,0.3
4588,2,5306.96,19557.55,0.42965,1.1278735510776428e-06,0.733615,255.2,0.2508,267.0,0.3
4589,2,5307.64,19554.66,0.408336,1.127844369502498e-06,0.614517,268.9,0.238,266.9,0.3
4590,2,5308.34,19551.82,0.359562,1.1278151815099642e-06,0.685576,267.7,0.2391,266.9,0.3
4591,2,5309.04,19548.98,0.441325,1.1277859871007013e-06,0.593485,269.9,0.2372,266.9,0.3
4592,2,5309.74,19546.14,0.444445,1.1277567862753693e-06,0.668061,267.2,0.2395,266.8,0.3
4593,2,5310.44,19543.3,0.444472,1.1277275790346284e-06,0.762651,268.3,0.2386,266.7,0.3
4594,2,5311.14,19540.47,0.387567,1.1276983653791384e-06,0.655819,264.5,0.242,266.4,0.3
4595,2,5311.84,19537.62,0.42676,1.12766914530956e-06,0.667884,267.4,0.2393,266.3,0.3
4596,2,5312.53,19534.77,0.443653,1.1276399188265536e-06,1.023782,272.0,0.2353,266.5,0.3
4597,2,5313.23,19531.94,0.443949,1.1276106859307792e-06,0.858366,267.8,0.239,266.4,0.3
4598,2,5313.93,19529.11,0.460588,1.1275814466228983e-06,1.278077,265.8,0.2408,266.4,0.3
4599,2,5314.63,19526.27,0.442797,1.1275522009035718e-06,0.979673,267.9,0.2389,266.3,0.3
4600,2,5315.33,19523.43,0.437657,1.1275229487734601e-06,0.957664,269.4,0.2375,266.7,0.3
4601,2,5344.47,19625.05,0.377776,1.127493690233225e-06,0.604412,237.3,0.2696,264.7,0.3
4602,2,5345.15,19622.11,0.407916,1.1274644252835276e-06,0.590313,270.6,0.2365,265.0,0.3
4603,2,5345.85,19619.25,0.46976,1.1274351539250294e-06,0.944651,269.6,0.2374,265.1,0.3
4604,2,5346.55,19616.4,0.410649,1.1274058761583921e-06,0.618784,266.8,0.2398,264.9,0.3
4605,2,5347.25,19613.54,0.384887,1.1273765919842776e-06,0.587751,267.0,0.2397,264.9,0.3
4606,2,5347.94,19610.67,0.451789,1.1273473014033475e-06,0.735813,270.8,0.2364,265.2,0.3
4607,2,5348.64,19607.81,0.47618,1.127318004416264e-06,0.680754,268.8,0.2381,265.2,0.3
4608,2,5349.34,19604.96,0.39729,1.1272887010236896e-06,0.586294,270.9,0.2363,266.0,0.3
4609,2,5350.04,19602.12,0.403695,1.1272593912262863e-06,0.754578,267.6,0.2392,265.9,0.3
4610,2,5350.74,19599.25,0.421973,1.1272300750247168e-06,0.773494,271.0,0.2361,266.1,0.3
4611,2,5351.44,19596.4,0.433038,1.1272007524196436e-06,0.541665,270.3,0.2368,266.1,0.3
4612,2,5352.13,19593.55,0.417089,1.1271714234117293e-06,0.593792,268.5,0.2383,266.2,0.3
4613,2,5352.83,19590.69,0.460396,1.1271420880016373e-06,0.691564,268.6,0.2383,266.2,0.3
4614,2,5353.53,19587.84,0.389049,1.1271127461900304e-06,0.96322,270.4,0.2367,266.5,0.3
4615,2,5354.23,19584.99,0.456833,1.1270833979775717e-06,0.88936,270.2,0.2368,266.6,0.3
4616,2,5354.93,19582.15,0.468281,1.1270540433649251e-06,1.007825,268.9,0.238,266.4,0.3
4617,2,5355.63,19579.3,0.445263,1.1270246823527536e-06,0.646245,268.1,0.2387,266.4,0.3
4618,2,5356.33,19576.46,0.395987,1.126995314941721e-06,0.725959,266.9,0.2398,266.5,0.3
4619,2,5357.03,19573.63,0.438025,1.1269659411324912e-06,0.769999,264.2,0.2422,266.4,0.3
4620,2,5357.73,19570.78,0.436522,1.126936560925728e-06,0.53625,269.1,0.2378,266.4,0.3
4621,2,5358.43,19567.97,0.419422,1.1269071743220954e-06,0.753316,271.3,0.2359,268.4,0.2
4622,2,5359.14,19565.14,0.406026,1.1268777813222579e-06,0.469462,268.6,0.2383,268.3,0.2
4623,2,5359.83,19562.29,0.450754,1.1268483819268798e-06,0.89142,269.0,0.2379,268.2,0.2
4624,2,5360.53,19559.45,0.436272,1.1268189761366257e-06,0.508916,268.7,0.2382,268.3,0.2
4625,2,5361.23,19556.61,0.487183,1.1267895639521602e-06,0.67298,270.2,0.2368,268.4,0.2
4626,2,5361.93,19553.78,0.409209,1.1267601453741481e-06,0.606248,269.3,0.2376,268.3,0.3
4627,2,5362.63,19550.93,0.423433,1.1267307204032542e-06,0.652683,270.8,0.2363,268.4,0.3
4628,2,5363.33,19548.1,0.41693,1.1267012890401437e-06,0.559842,269.5,0.2375,268.4,0.3
4629,2,5364.03,19545.27,0.453836,1.126671851285482e-06,0.647949,269.4,0.2375,268.4,0.3
4630,2,5364.73,19542.44,0.431135,1.1266424071399346e-06,0.665566,267.8,0.239,268.3,0.3
4631,2,5365.43,19539.61,0.412865,1.1266129566041665e-06,0.529499,267.5,0.2393,268.2,0.3
4632,2,5366.13,19536.78,0.414686,1.1265834996788439e-06,0.681764,267.0,0.2397,268.1,0.3
4633,2,5366.82,19533.94,0.429538,1.1265540363646325e-06,0.657099,270.0,0.237,268.1,0.3
4634,2,5367.52,19531.11,0.383658,1.1265245666621982e-06,0.557903,266.7,0.2399,267.9,0.3
4635,2,5368.22,19528.28,0.461585,1.126495090572207e-06,1.072756,268.3,0.2385,267.9,0.2
4636,2,5368.92,19525.45,0.435189,1.1264656080953254e-06,0.651209,269.6,0.2374,267.9,0.2
4637,2,5369.62,19522.63,0.424953,1.1264361192322198e-06,0.83742,268.1,0.2388,267.9,0.2
4638,2,5370.32,19519.8,0.363471,1.1264066239835564e-06,0.577776,265.5,0.2411,267.8,0.3
4639,2,5371.01,19516.96,0.450141,1.1263771223500022e-06,0.554093,269.4,0.2376,268.1,0.2
4640,2,5371.71,19514.14,0.444753,1.126347614332224e-06,0.624496,268.8,0.2381,268.1,0.3
4641,2,5372.42,19511.35,0.422206,1.1263180999308886e-06,0.643931,268.7,0.2382,267.9,0.3
4642,2,5373.12,19508.52,0.424791,1.1262885791466632e-06,0.673227,269.6,0.2374,268.0,0.3
4643,2,5373.82,19505.7,0.398974,1.1262590519802152e-06,0.5515,269.3,0.2376,268.1,0.2
4644,2,5374.52,19502.87,0.45739,1.1262295184322122e-06,0.876586,270.9,0.2362,268.2,0.2
4645,2,5375.22,19500.06,0.39186,1.1261999785033214e-06,0.553376,271.0,0.2361,268.2,0.3
4646,2,5375.92,19497.24,0.408026,1.1261704321942105e-06,0.622472,269.3,0.2376,268.2,0.3
4647,2,5376.61,19494.41,0.458334,1.1261408795055477e-06,0.856022,270.9,0.2362,268.1,0.3
4648,2,5377.32,19491.61,0.389962,1.1261113204380004e-06,0.723568,266.1,0.2405,267.9,0.3
4649,2,5378.02,19488.8,0.407586,1.1260817549922373e-06,0.758016,262.7,0.2436,267.6,0.3
4650,2,5378.71,19485.98,0.420757,1.1260521831689263e-06,0.655642,267.3,0.2394,267.5,0.3
4651,2,5379.41,19483.16,0.427001,1.126022604968736e-06,0.999487,267.5,0.2393,267.6,0.3
4652,2,5380.11,19480.34,0.412721,1.125993020392335e-06,0.705745,269.1,0.2378,267.7,0.3
4653,2,5380.81,19477.53,0.4868,1.125963429440392e-06,0.744619,268.6,0.2383,267.6,0.3
4654,2,5381.51,19474.73,0.46341,1.125933832113576e-06,0.500083,267.8,0.239,267.6,0.3
4655,2,5382.21,19471.92,0.494527,1.1259042284125556e-06,0.697698,266.0,0.2406,267.5,0.3
4656,2,5382.91,19469.11,0.432882,1.1258746183380002e-06,0.638391,265.3,0.2413,267.3,0.3
4657,2,5383.61,19466.33,0.373294,1.1258450018905789e-06,0.547327,258.8,0.2473,266.8,0.3
4658,2,5384.3,19463.47,0.415724,1.1258153790709613e-06,0.741279,268.6,0.2382,267.0,0.3
4659,2,5385.0,19460.66,0.397931,1.125785749879817e-06,0.641837,269.8,0.2372,267.0,0.3
4660,2,5385.7,19457.85,0.441769,1.1257561143178158e-06,0.808796,268.9,0.238,267.0,0.3
4661,2,5386.41,19455.09,0.441873,1.1257264723856274e-06,0.631822,268.8,0.2381,267.0,0.3
4662,2,5387.1,19452.28,0.414424,1.125696824083922e-06,0.854889,269.5,0.2375,267.0,0.3
4663,2,5387.8,19449.48,0.433711,1.1256671694133693e-06,0.695934,268.8,0.2381,267.0,0.3
4664,2,5388.5,19446.68,0.424241,1.12563750837464e-06,0.69447,266.4,0.2402,266.8,0.3
4665,2,5389.2,19443.87,0.412401,1.1256078409684046e-06,0.583929,267.5,0.2392,266.6,0.3
4666,2,5389.9,19441.07,0.457921,1.1255781671953336e-06,0.63258,268.8,0.2381,266.6,0.3
4667,2,5390.6,19438.27,0.4371,1.1255484870560976e-06,0.761023,267.7,0.239,266.5,0.3
4668,2,5391.3,19435.47,0.419236,1.1255188005513675e-06,0.56922,268.8,0.2381,266.6,0.3
4669,2,5392.0,19432.67,0.387533,1.1254891076818143e-06,0.74558,268.2,0.2386,266.9,0.3
4670,2,5392.69,19429.87,0.388394,1.1254594084481094e-06,0.553929,271.5,0.2358,267.1,0.3
4671,2,5393.4,19427.08,0.409187,1.1254297028509236e-06,0.83592,266.8,0.2399,267.1,0.3
4672,2,5394.09,19424.28,0.401041,1.1253999908909288e-06,0.647542,268.5,0.2384,267.0,0.3
4673,2,5394.79,19421.48,0.433147,1.1253702725687962e-06,0.857177,266.8,0.2399,267.0,0.3
4674,2,5395.49,19418.67,0.446433,1.125340547885198e-06,0.585807,270.3,0.2368,267.1,0.3
4675,2,5396.19,19415.88,0.377084,1.1253108168408059e-06,0.659006,271.2,0.236,267.3,0.3
4676,2,5396.88,19413.09,0.459442,1.1252810794362918e-06,0.877762,268.7,0.2381,267.5,0.3
4677,2,5397.58,19410.29,0.382597,1.125251335672328e-06,0.662602,270.5,0.2366,268.1,0.3
4678,2,5398.28,19407.5,0.401492,1.1252215855495868e-06,0.713326,268.0,0.2388,268.1,0.3
4679,2,5398.98,19404.7,0.462931,1.1251918290687407e-06,0.946701,270.3,0.2368,268.1,0.2
4680,2,5399.68,19401.92,0.423377,1.125162066230462e-06,0.820861,269.3,0.2377,268.2,0.3
4681,2,5400.39,19399.17,0.390489,1.1251322970354237e-06,0.628077,270.8,0.2363,268.2,0.3
4682,2,5401.09,19396.4,0.429884,1.1251025214842985e-06,0.59602,266.5,0.2402,268.1,0.2
4683,2,5401.79,19393.61,0.404164,1.1250727395777596e-06,0.705576,267.8,0.239,268.1,0.2
4684,2,5402.48,19390.81,0.450285,1.1250429513164802e-06,0.858006,270.7,0.2364,268.3,0.2
4685,2,5403.19,19388.04,0.408824,1.1250131567011333e-06,0.631811,268.4,0.2384,268.3,0.2
4686,2,5403.88,19385.24,0.392867,1.1249833557323926e-06,0.663239,269.6,0.2374,268.4,0.2
4687,2,5404.58,19382.47,0.410234,1.124953548410932e-06,0.607804,266.4,0.2402,268.3,0.2
4688,2,5405.28,19379.69,0.367406,1.1249237347374247e-06,0.550878,267.1,0.2396,268.2,0.2
4689,2,5405.98,19376.91,0.442046,1.124893914712545e-06,0.682148,266.6,0.2401,268.2,0.2
4690,2,5406.68,19374.12,0.431698,1.1248640883369668e-06,0.882366,271.4,0.2358,268.2,0.2
4691,2,5407.38,19371.35,0.419255,1.1248342556113643e-06,0.792533,270.1,0.2369,268.3,0.2
4692,2,5408.08,19368.59,0.441234,1.1248044165364117e-06,0.671107,267.9,0.2389,268.3,0.2
4693,2,5408.78,19365.82,0.424474,1.1247745711127835e-06,0.647424,269.7,0.2373,268.4,0.2
4694,2,5409.48,19363.04,0.475607,1.1247447193411545e-06,0.743705,268.7,0.2382,268.4,0.2
4695,2,5410.18,19360.26,0.443168,1.1247148612221992e-06,0.791621,271.8,0.2355,268.4,0.2
4696,2,5410.88,19357.5,0.39479,1.1246849967565925e-06,0.714791,268.0,0.2388,268.3,0.2
4697,2,5411.58,19354.73,0.450875,1.1246551259450096e-06,0.669622,271.2,0.236,268.3,0.2
4698,2,5412.28,19351.96,0.395432,1.1246252487881255e-06,0.661552,269.2,0.2377,268.4,0.2
4699,2,5412.98,19349.19,0.406213,1.1245953652866159e-06,0.558044,267.7,0.2391,268.3,0.3
4700,2,5413.68,19346.42,0.413941,1.1245654754411557e-06,0.748021,271.4,0.2358,268.4,0.2
4701,2,5414.39,19343.68,0.387366,1.1245355792524209e-06,0.733134,272.6,0.2347,268.5,0.2
4702,2,5415.09,19340.91,0.487781,1.124505676721087e-06,0.882229,267.6,0.2392,268.5,0.3
4703,2,5415.79,19338.15,0.460865,1.1244757678478303e-06,0.718958,269.7,0.2373,268.6,0.3
4704,2,5416.49,19335.4,0.426296,1.1244458526333266e-06,1.051685,267.2,0.2395,268.4,0.3
4705,2,5417.19,19332.62,0.47397,1.124415931078252e-06,0.647262,270.8,0.2363,268.5,0.3
4706,2,5417.89,19329.88,0.415645,1.1243860031832828e-06,0.747848,268.2,0.2386,268.4,0.3
4707,2,5418.59,19327.12,0.405626,1.1243560689490958e-06,0.867858,266.4,0.2402,268.4,0.3
4708,2,5419.29,19324.36,0.387028,1.1243261283763673e-06,0.629485,266.9,0.2398,268.4,0.3
4709,2,5419.99,19321.6,0.427779,1.1242961814657743e-06,0.840712,268.2,0.2387,268.5,0.3
4710,2,5420.69,19318.82,0.427867,1.1242662282179935e-06,0.774528,272.3,0.2351,268.5,0.3
4711,2,5421.39,19316.08,0.396651,1.124236268633702e-06,0.722478,267.9,0.2389,268.4,0.3
4712,2,5422.09,19313.3,0.430527,1.124206302713577e-06,0.675741,271.4,0.2358,268.6,0.3
4713,2,5422.79,19310.56,0.38872,1.1241763304582957e-06,0.603239,266.8,0.2399,268.4,0.3
4714,2,5423.49,19307.81,0.44058,1.1241463518685358e-06,0.577232,268.9,0.238,268.4,0.3
4715,2,5424.19,19305.05,0.45756,1.1241163669449748e-06,0.875344,269.6,0.2374,268.3,0.3
4716,2,5424.89,19302.3,0.450312,1.1240863756882905e-06,0.699918,268.7,0.2382,268.4,0.3
4717,2,5425.59,19299.56,0.436946,1.1240563780991608e-06,0.768645,265.5,0.241,268.1,0.3
4718,2,5426.29,19296.8,0.43043,1.124026374178264e-06,0.52023,266.6,0.2401,268.0,0.3
4719,2,5426.99,19294.05,0.391432,1.1239963639262777e-06,0.514367,270.6,0.2365,268.1,0.3
4720,2,5427.69,19291.3,0.410497,1.1239663473438807e-06,0.586867,267.1,0.2396,267.9,0.3
4721,2,5428.4,19288.57,0.440166,1.1239363244317513e-06,inf,270.7,0.2364,267.8,0.3
4722,2,5429.1,19285.82,0.397771,1.1239062951905682e-06,0.518866,270.4,0.2367,268.0,0.3
4723,2,5429.79,19283.07,0.401062,1.1238762596210102e-06,0.642776,268.8,0.2381,267.9,0.3
4724,2,5430.49,19280.33,0.445996,1.123846217723756e-06,0.778746,268.0,0.2388,268.0,0.2
4725,2,5431.2,19277.59,0.445779,1.1238161694994846e-06,0.764809,267.1,0.2396,267.8,0.2
4726,2,5431.89,19274.84,0.399344,1.1237861149488755e-06,0.74461,268.5,0.2384,267.8,0.3
4727,2,5432.59,19272.08,0.456117,1.123756054072608e-06,0.855448,271.7,0.2356,268.1,0.3
4728,2,5433.3,19269.35,0.443816,1.1237259868713614e-06,0.706283,265.5,0.2411,268.0,0.3
4729,2,5433.99,19266.6,0.382741,1.1236959133458154e-06,0.819717,268.2,0.2386,268.0,0.3
4730,2,5434.69,19263.87,0.390465,1.1236658334966497e-06,0.634849,264.9,0.2416,267.6,0.3
4731,2,5435.39,19261.11,0.419214,1.1236357473245444e-06,0.701047,270.8,0.2363,267.8,0.2
4732,2,5436.09,19258.37,0.402909,1.1236056548301792e-06,0.819089,270.0,0.237,267.7,0.2
4733,2,5436.79,19255.62,0.392786,1.1235755560142346e-06,0.537202,270.1,0.2369,267.9,0.2
4734,2,5437.49,19252.88,0.467321,1.1235454508773909e-06,0.745834,269.8,0.2372,267.9,0.3
4735,2,5438.19,19250.15,0.449324,1.1235153394203284e-06,0.510929,266.3,0.2403,267.8,0.3
4736,2,5438.89,19247.41,0.395142,1.1234852216437279e-06,0.654034,269.1,0.2378,267.8,0.2
4737,2,5439.59,19244.68,0.450626,1.12345509754827e-06,0.641488,267.1,0.2396,267.9,0.2
4738,2,5440.29,19241.95,0.431828,1.1234249671346358e-06,0.657534,266.8,0.2399,267.9,0.3
4739,2,5440.98,19239.2,0.412465,1.1233948304035064e-06,0.962668,271.1,0.236,267.9,0.3
4740,2,5441.69,19236.48,0.461288,1.1233646873555629e-06,0.780717,266.1,0.2405,267.9,0.3
4741,2,5442.4,19233.79,0.420488,1.1233345379914863e-06,0.55473,265.9,0.2407,267.6,0.3
4742,2,5443.09,19231.04,0.429173,1.1233043823119583e-06,0.724265,269.4,0.2376,267.6,0.3
4743,2,5443.8,19228.32,0.455284,1.1232742203176606e-06,0.649961,263.8,0.2426,267.3,0.3
4744,2,5444.49,19225.58,0.415245,1.1232440520092752e-06,0.701777,270.2,0.2369,267.4,0.3
4745,2,5445.19,19222.85,0.441623,1.1232138773874836e-06,0.869439,267.4,0.2394,267.4,0.3
4746,2,5445.89,19220.12,0.426276,1.123183696452968e-06,0.752934,270.3,0.2368,267.5,0.3
4747,2,5446.6,19217.41,0.445046,1.1231535092064106e-06,0.763675,265.0,0.2415,267.2,0.3
4748,2,5447.29,19214.67,0.374964,1.1231233156484938e-06,0.556361,267.4,0.2393,267.3,0.3
4749,2,5447.99,19211.94,0.478276,1.1230931157799e-06,0.711604,269.0,0.2379,267.3,0.3
4750,2,5448.69,19209.22,0.410706,1.1230629096013118e-06,0.525931,268.9,0.238,267.5,0.3
4751,2,5449.39,19206.49,0.401596,1.123032697113412e-06,0.582161,269.8,0.2372,267.4,0.3
4752,2,5450.09,19203.78,0.380921,1.1230024783168835e-06,0.700386,267.7,0.239,267.3,0.3
4753,2,5450.79,19201.05,0.408058,1.1229722532124093e-06,0.720638,271.0,0.2362,267.3,0.3
4754,2,5451.49,19198.34,0.450728,1.1229420218006724e-06,0.661431,265.0,0.2415,267.1,0.3
4755,2,5452.19,19195.62,0.411385,1.1229117840823566e-06,0.659468,266.9,0.2398,267.1,0.3
4756,2,5452.89,19192.89,0.448245,1.1228815400581452e-06,0.870543,270.5,0.2366,267.2,0.3
4757,2,5453.59,19190.18,0.468912,1.1228512897287216e-06,0.554429,264.8,0.2417,267.1,0.3
4758,2,5454.29,19187.46,0.413572,1.1228210330947697e-06,0.508451,268.3,0.2386,267.2,0.3
4759,2,5454.99,19184.74,0.452982,1.1227907701569733e-06,0.463144,266.7,0.24,267.0,0.3
4760,2,5455.69,19182.02,0.41902,1.1227605009160167e-06,0.642221,267.6,0.2391,267.0,0.3
4761,2,5456.39,19179.32,0.477661,1.122730225372584e-06,0.910821,272.4,0.235,267.4,0.3
4762,2,5457.09,19176.6,0.464311,1.1226999435273595e-06,0.607577,270.5,0.2366,267.4,0.3
4763,2,5457.8,19173.9,0.411472,1.1226696553810276e-06,0.574378,266.1,0.2406,267.6,0.3
4764,2,5458.49,19171.18,0.427043,1.1226393609342728e-06,0.957146,269.7,0.2373,267.5,0.3
4765,2,5459.19,19168.47,0.422565,1.1226090601877803e-06,0.857168,265.6,0.241,267.4,0.3
4766,2,5459.89,19165.76,0.419839,1.1225787531422346e-06,0.557069,268.6,0.2382,267.4,0.3
4767,2,5460.59,19163.05,0.435872,1.1225484397983208e-06,0.525219,266.1,0.2405,267.4,0.3
4768,2,5461.29,19160.33,0.459537,1.122518120156724e-06,0.657091,268.7,0.2382,267.5,0.2
4769,2,5461.99,19157.62,0.442625,1.1224877942181299e-06,0.472224,269.9,0.2371,267.6,0.2
4770,2,5462.69,19154.92,0.440728,1.1224574619832236e-06,0.648349,267.5,0.2393,267.5,0.2
4771,2,5463.39,19152.2,0.444994,1.1224271234526907e-06,0.748665,268.7,0.2382,267.5,0.2
4772,2,5464.09,19149.5,0.438716,1.1223967786272173e-06,0.779523,267.6,0.2391,267.5,0.2
4773,2,5464.79,19146.79,0.365398,1.1223664275074891e-06,0.857221,266.6,0.2401,267.2,0.2
4774,2,5465.48,19144.08,0.41669,1.1223360700941922e-06,0.777093,270.8,0.2363,267.5,0.2
4775,2,5466.18,19141.37,0.407667,1.1223057063880126e-06,0.991364,269.5,0.2375,267.6,0.3
4776,2,5466.89,19138.69,0.404945,1.1222753363896368e-06,0.614627,265.4,0.2412,267.4,0.2
4777,2,5467.59,19135.98,0.410344,1.1222449600997511e-06,0.744523,268.8,0.2381,267.6,0.3
4778,2,5468.29,19133.29,0.432073,1.1222145775190422e-06,0.745535,265.0,0.2415,267.4,0.3
4779,2,5468.99,19130.58,0.450346,1.1221841886481969e-06,0.869332,269.1,0.2378,267.5,0.3
4780,2,5469.69,19127.88,0.442624,1.122153793487902e-06,0.663354,267.1,0.2396,267.5,0.3
4781,2,5470.41,19125.26,0.401756,1.1221233920388447e-06,0.613873,257.9,0.2482,266.7,0.3
4782,2,5471.1,19122.53,0.40944,1.122092984301712e-06,0.595466,270.2,0.2368,266.7,0.3
4783,2,5471.8,19119.83,0.397932,1.1220625702771913e-06,0.507734,268.5,0.2384,266.8,0.3
4784,2,5472.5,19117.14,0.421248,1.12203214996597e-06,0.74147,266.6,0.2401,266.6,0.3
4785,2,5473.2,19114.45,0.418143,1.1220017233687357e-06,0.686599,266.8,0.2398,266.7,0.3
4786,2,5473.89,19111.74,0.395459,1.1219712904861762e-06,0.688132,270.3,0.2368,266.8,0.3
4787,2,5474.6,19109.07,0.420563,1.1219408513189793e-06,0.744906,264.9,0.2416,266.7,0.3
4788,2,5475.3,19106.37,0.358189,1.1219104058678333e-06,0.452726,267.2,0.2395,266.7,0.3
4789,2,5476.0,19103.69,0.444749,1.121879954133426e-06,0.604357,265.0,0.2415,266.4,0.3
4790,2,5476.7,19101.0,0.443782,1.1218494961164458e-06,0.965868,267.4,0.2393,266.4,0.3
4791,2,5477.4,19098.31,0.388407,1.1218190318175813e-06,0.627801,267.1,0.2396,266.3,0.3
4792,2,5478.1,19095.61,0.482083,1.121788561237521e-06,0.819667,269.7,0.2373,266.4,0.3
4793,2,5478.8,19092.94,0.472639,1.1217580843769538e-06,1.279875,268.9,0.238,266.5,0.3
4794,2,5479.5,19090.25,0.435165,1.1217276012365683e-06,0.631993,267.6,0.2391,266.4,0.3
4795,2,5480.2,19087.57,0.441341,1.121697111817054e-06,0.832424,269.4,0.2375,266.4,0.3
4796,2,5480.92,19084.93,0.426908,1.1216666161190994e-06,0.569111,253.9,0.252,265.8,0.3
4797,2,5481.6,19082.2,0.41056,1.1216361141433941e-06,0.631432,268.7,0.2382,265.8,0.3
4798,2,5482.31,19079.52,0.455575,1.1216056058906277e-06,0.809414,268.4,0.2384,266.0,0.3
4799,2,5483.0,19076.83,0.464719,1.1215750913614897e-06,0.658562,268.4,0.2384,265.9,0.3
4800,2,5483.71,19074.17,0.424372,1.12154457055667e-06,0.74011,266.1,0.2406,265.9,0.3
4801,2,5622.19,19550.6,0.402496,1.121514043476858e-06,0.803002,242.4,0.264,264.9,0.3
4802,2,5622.87,19547.73,0.390409,1.1214835101227438e-06,0.879,267.0,0.2397,264.7,0.3
4803,2,5623.57,19544.91,0.404453,1.121452970495018e-06,0.630464,269.1,0.2378,264.8,0.3
4804,2,5624.26,19542.09,0.416551,1.1214224245943706e-06,0.969347,267.7,0.2391,264.8,0.3
4805,2,5624.97,19539.31,0.496489,1.1213918724214922e-06,1.234269,259.2,0.2469,264.4,0.3
4806,2,5625.66,19536.48,0.465454,1.1213613139770732e-06,0.631472,268.6,0.2383,264.3,0.3
4807,2,5626.36,19533.66,0.525028,1.1213307492618043e-06,0.98558,270.3,0.2368,264.6,0.3
4808,2,5627.06,19530.85,0.395701,1.1213001782763767e-06,0.653169,269.9,0.2371,264.8,0.3
4809,2,5627.76,19528.05,0.461285,1.121269601021481e-06,0.586933,270.4,0.2367,265.0,0.3
4810,2,5628.46,19525.25,0.477709,1.1212390174978088e-06,0.844092,267.2,0.2395,265.0,0.3
4811,2,5629.15,19522.44,0.406671,1.1212084277060508e-06,0.522296,269.4,0.2375,265.2,0.3
4812,2,5629.85,19519.63,0.370281,1.1211778316468987e-06,0.566276,272.1,0.2352,265.3,0.3
4813,2,5630.56,19516.84,0.434972,1.1211472293210444e-06,0.632439,264.3,0.2422,265.1,0.3
4814,2,5631.25,19514.03,0.403909,1.1211166207291792e-06,0.907015,269.5,0.2375,265.2,0.3
4815,2,5631.95,19511.24,0.412341,1.1210860058719951e-06,0.642677,265.1,0.2414,265.0,0.3
4816,2,5632.65,19508.43,0.407639,1.1210553847501841e-06,0.659561,270.7,0.2364,265.9,0.3
4817,2,5633.35,19505.63,0.454376,1.1210247573644383e-06,0.727292,268.8,0.2381,265.9,0.3
4818,2,5634.05,19502.84,0.438316,1.12099412371545e-06,0.63815,267.1,0.2396,265.8,0.3
4819,2,5634.75,19500.04,0.400094,1.1209634838039117e-06,0.482139,269.6,0.2374,265.9,0.3
4820,2,5635.45,19497.26,0.40364,1.1209328376305158e-06,0.815562,264.7,0.2418,265.8,0.3
4821,2,5636.15,19494.47,0.45223,1.120902185195955e-06,0.592913,272.7,0.2346,267.5,0.2
4822,2,5636.86,19491.69,0.43451,1.1208715265009226e-06,0.749056,266.5,0.2402,267.5,0.2
4823,2,5637.55,19488.89,0.40281,1.1208408615461112e-06,0.569619,269.7,0.2373,267.5,0.3
4824,2,5638.26,19486.12,0.426396,1.1208101903322138e-06,0.696682,265.0,0.2415,267.3,0.3
4825,2,5638.96,19483.33,0.498333,1.1207795128599239e-06,0.886402,268.3,0.2385,267.8,0.3
4826,2,5639.66,19480.55,0.388045,1.120748829129935e-06,0.576851,270.1,0.2369,267.9,0.2
4827,2,5640.36,19477.78,0.426429,1.1207181391429404e-06,0.606846,265.9,0.2407,267.7,0.2
4828,2,5641.06,19474.99,0.391167,1.1206874428996338e-06,0.582956,267.4,0.2393,267.6,0.2
4829,2,5641.76,19472.21,0.405844,1.1206567404007092e-06,0.723483,268.7,0.2382,267.5,0.2
4830,2,5642.46,19469.42,0.464013,1.1206260316468604e-06,0.759511,270.8,0.2363,267.7,0.2
4831,2,5643.17,19466.65,0.423982,1.1205953166387821e-06,0.63438,265.2,0.2413,267.4,0.2
4832,2,5643.87,19463.87,0.417829,1.120564595377168e-06,0.86687,265.1,0.2414,267.1,0.3
4833,2,5644.57,19461.1,0.396293,1.1205338678627126e-06,0.648594,264.6,0.2419,267.1,0.2
4834,2,5645.28,19458.33,0.418149,1.1205031340961105e-06,0.922138,262.4,0.2439,266.7,0.2
4835,2,5645.97,19455.55,0.417459,1.1204723940780563e-06,0.800026,265.1,0.2414,266.7,0.3
4836,2,5646.68,19452.78,0.419204,1.120441647809245e-06,0.667366,264.8,0.2417,266.4,0.3
4837,2,5647.38,19450.02,0.419153,1.1204108952903715e-06,0.85401,259.4,0.2467,265.9,0.3
4838,2,5648.08,19447.22,0.431172,1.1203801365221308e-06,0.749869,265.5,0.241,265.8,0.3
4839,2,5648.78,19444.44,0.490043,1.1203493715052182e-06,0.679542,269.3,0.2377,265.8,0.3
4840,2,5649.48,19441.68,0.464339,1.120318600240329e-06,0.657256,266.8,0.2399,265.9,0.3
4841,2,5650.19,19438.94,0.441879,1.1202878227281593e-06,0.674388,269.2,0.2377,265.8,0.3
4842,2,5650.89,19436.18,0.39195,1.120257038969404e-06,0.562702,268.1,0.2388,265.8,0.3
4843,2,5651.59,19433.4,0.391898,1.1202262489647593e-06,0.587305,266.1,0.2405,265.7,0.2
4844,2,5652.29,19430.62,0.448247,1.1201954527149211e-06,0.801987,267.4,0.2393,265.8,0.2
4845,2,5652.98,19427.83,0.440094,1.1201646502205854e-06,0.755485,269.4,0.2376,265.9,0.2
4846,2,5653.68,19425.05,0.452774,1.1201338414824485e-06,0.701648,269.8,0.2372,265.9,0.2
4847,2,5654.38,19422.28,0.403362,1.120103026501207e-06,0.625571,266.4,0.2402,265.9,0.3
4848,2,5655.09,19419.53,0.404634,1.1200722052775572e-06,0.830986,262.0,0.2442,265.6,0.3
4849,2,5655.78,19416.75,0.417037,1.1200413778121957e-06,0.694516,267.0,0.2397,265.5,0.3
4850,2,5656.48,19413.96,0.459101,1.1200105441058194e-06,1.084317,270.0,0.2371,265.4,0.3
4851,2,5657.17,19411.19,0.414227,1.1199797041591252e-06,0.700752,270.8,0.2363,265.7,0.3
4852,2,5657.87,19408.41,0.424868,1.1199488579728103e-06,0.739536,270.3,0.2368,265.9,0.3
4853,2,5658.57,19405.65,0.495007,1.119918005547572e-06,0.760438,266.0,0.2406,266.0,0.3
4854,2,5659.27,19402.89,0.444626,1.1198871468841074e-06,0.644734,264.6,0.2419,266.1,0.3
4855,2,5659.97,19400.11,0.428687,1.1198562819831145e-06,0.582842,268.1,0.2387,266.3,0.3
4856,2,5660.67,19397.34,0.437331,1.1198254108452903e-06,0.703219,268.2,0.2386,266.5,0.3
4857,2,5661.37,19394.58,0.423576,1.119794533471333e-06,0.719465,266.3,0.2403,266.8,0.3
4858,2,5662.06,19391.81,0.410906,1.1197636498619403e-06,0.689067,268.2,0.2386,267.0,0.3
4859,2,5662.76,19389.04,0.476896,1.1197327600178104e-06,0.709513,266.5,0.2402,266.8,0.3
4860,2,5663.46,19386.28,0.389142,1.1197018639396417e-06,0.549658,268.8,0.2381,266.9,0.3
4861,2,5664.17,19383.57,0.409806,1.1196709616281326e-06,0.819852,265.4,0.2411,266.7,0.3
4862,2,5664.86,19380.78,0.429011,1.1196400530839812e-06,0.766877,269.7,0.2373,266.8,0.3
4863,2,5665.56,19378.01,0.436628,1.1196091383078863e-06,0.506366,270.9,0.2363,267.0,0.3
4864,2,5666.26,19375.25,0.4226,1.1195782173005467e-06,0.712657,267.7,0.2391,267.1,0.3
4865,2,5666.95,19372.48,0.398665,1.1195472900626612e-06,0.594028,272.0,0.2353,267.2,0.3
4866,2,5667.65,19369.72,0.463924,1.1195163565949291e-06,0.749366,268.5,0.2384,267.1,0.3
4867,2,5668.35,19366.96,0.385228,1.1194854168980494e-06,0.727678,267.0,0.2397,267.2,0.3
4868,2,5669.05,19364.21,0.405027,1.1194544709727215e-06,0.685729,264.6,0.2419,267.3,0.3
4869,2,5669.74,19361.44,0.388554,1.1194235188196448e-06,0.771966,270.5,0.2366,267.5,0.3
4870,2,5670.44,19358.68,0.3853,1.1193925604395192e-06,0.832948,269.4,0.2376,267.4,0.3
4871,2,5671.14,19355.92,0.445174,1.1193615958330441e-06,0.68981,267.8,0.239,267.3,0.3
4872,2,5671.84,19353.16,0.400131,1.1193306250009197e-06,0.760059,268.6,0.2382,267.2,0.3
4873,2,5672.53,19350.39,0.413096,1.119299647943846e-06,0.684647,274.4,0.2333,267.6,0.3
4874,2,5673.23,19347.64,0.420154,1.119268664662523e-06,0.830844,269.3,0.2377,267.9,0.3
4875,2,5673.93,19344.89,0.461366,1.1192376751576512e-06,0.805818,271.5,0.2358,268.0,0.3
4876,2,5674.63,19342.14,0.402483,1.119206679429931e-06,0.733497,267.9,0.2389,268.0,0.3
4877,2,5675.32,19339.39,0.421203,1.119175677480063e-06,0.900465,268.3,0.2385,268.1,0.3
4878,2,5676.02,19336.64,0.392049,1.119144669308748e-06,1.043438,268.5,0.2383,268.1,0.3
4879,2,5676.72,19333.88,0.4571,1.1191136549166868e-06,0.631338,270.1,0.2369,268.3,0.3
4880,2,5677.43,19331.17,0.369004,1.1190826343045807e-06,0.566535,259.2,0.2469,267.8,0.3
4881,2,5678.12,19328.43,0.425992,1.1190516074731305e-06,0.658528,269.9,0.2371,268.0,0.3
4882,2,5678.82,19325.67,0.416587,1.1190205744230376e-06,0.53626,270.7,0.2364,268.1,0.3
4883,2,5679.52,19322.92,0.419217,1.1189895351550037e-06,0.701218,270.4,0.2367,268.1,0.3
4884,2,5680.21,19320.16,0.385334,1.1189584896697302e-06,0.724226,271.6,0.2357,268.2,0.3
4885,2,5680.91,19317.41,0.44619,1.1189274379679188e-06,0.54719,270.2,0.2368,268.2,0.3
4886,2,5681.61,19314.67,0.420773,1.1188963800502714e-06,0.809525,269.7,0.2373,268.2,0.3
4887,2,5682.3,19311.92,0.476089,1.11886531591749e-06,0.577965,269.3,0.2377,268.3,0.3
4888,2,5683.0,19309.19,0.470342,1.118834245570277e-06,0.806902,268.0,0.2388,268.5,0.3
4889,2,5683.7,19306.43,0.386451,1.1188031690093345e-06,0.519637,269.0,0.2379,268.4,0.3
4890,2,5684.39,19303.69,0.40496,1.118772086235365e-06,0.596947,270.1,0.237,268.5,0.3
4891,2,5685.1,19300.96,0.388445,1.1187409972490708e-06,0.601656,264.7,0.2417,268.3,0.3
4892,2,5685.79,19298.21,0.414103,1.118709902051155e-06,0.875512,269.3,0.2377,268.4,0.3
4893,2,5686.49,19295.49,0.461047,1.11867880064232e-06,0.73111,263.3,0.2431,267.8,0.3
4894,2,5687.19,19292.75,0.456582,1.1186476930232693e-06,0.910286,268.1,0.2387,267.8,0.3
4895,2,5687.88,19289.99,0.458873,1.1186165791947056e-06,1.046763,271.6,0.2357,267.8,0.2
4896,2,5688.58,19287.26,0.446774,1.1185854591573326e-06,0.650306,271.9,0.2354,268.0,0.3
4897,2,5689.28,19284.53,0.422359,1.1185543329118535e-06,0.569254,266.6,0.24,267.9,0.3
4898,2,5689.98,19281.79,0.444723,1.1185232004589718e-06,0.552296,269.3,0.2376,267.9,0.3
4899,2,5690.67,19279.06,0.464211,1.1184920617993912e-06,0.667039,269.8,0.2372,267.9,0.3
4900,2,5691.37,19276.31,0.385661,1.1184609169338156e-06,0.724695,271.8,0.2355,268.5,0.3
4901,2,5692.07,19273.61,0.456102,1.118429765862949e-06,0.626991,272.6,0.2348,268.7,0.3
4902,2,5692.77,19270.88,0.411633,1.1183986085874955e-06,0.762061,269.2,0.2377,268.6,0.3
4903,2,5693.47,19268.14,0.454102,1.1183674451081592e-06,0.638675,271.7,0.2355,268.7,0.3
4904,2,5694.17,19265.42,0.399029,1.1183362754256448e-06,0.690176,267.8,0.239,268.5,0.3
4905,2,5694.86,19262.68,0.432534,1.1183050995406568e-06,0.978775,270.0,0.237,268.5,0.3
4906,2,5695.57,19259.99,0.419315,1.1182739174538996e-06,0.723982,259.9,0.2463,268.0,0.3
4907,2,5696.26,19257.23,0.427338,1.1182427291660782e-06,0.889799,270.4,0.2367,268.0,0.2
4908,2,5696.96,19254.51,0.359726,1.1182115346778977e-06,0.789347,268.4,0.2384,268.1,0.2
4909,2,5697.65,19251.78,0.400698,1.118180333990063e-06,0.822306,268.5,0.2384,268.0,0.3
4910,2,5698.35,19249.04,0.439642,1.1181491271032795e-06,0.728835,271.6,0.2356,268.1,0.2
4911,2,5699.04,19246.32,0.41027,1.1181179140182524e-06,0.506705,268.5,0.2384,268.3,0.2
4912,2,5699.74,19243.59,0.436234,1.1180866947356872e-06,0.813772,268.5,0.2384,268.3,0.3
4913,2,5700.44,19240.86,0.44563,1.1180554692562898e-06,0.814657,267.2,0.2395,268.5,0.3
4914,2,5701.13,19238.13,0.434909,1.1180242375807659e-06,0.538766,269.4,0.2376,268.5,0.2
4915,2,5701.83,19235.41,0.394762,1.1179929997098215e-06,0.657114,269.5,0.2375,268.4,0.2
4916,2,5702.53,19232.7,0.396596,1.1179617556441626e-06,0.597135,267.6,0.2392,268.2,0.2
4917,2,5703.22,19229.96,0.406282,1.1179305053844953e-06,0.901995,272.6,0.2348,268.5,0.2
4918,2,5703.92,19227.24,0.439594,1.117899248931526e-06,0.70042,271.4,0.2359,268.6,0.2
4919,2,5704.62,19224.52,0.396295,1.1178679862859613e-06,0.646936,267.4,0.2393,268.5,0.2
4920,2,5705.31,19221.81,0.429851,1.117836717448508e-06,0.739119,268.5,0.2384,268.4,0.2
4921,2,5706.02,19219.11,0.39007,1.1178054424198725e-06,0.69442,272.5,0.2349,268.4,0.2
4922,2,5706.72,19216.4,0.364445,1.117774161200762e-06,0.838592,268.1,0.2387,268.3,0.2
4923,2,5707.42,19213.72,0.454455,1.1177428737918834e-06,0.626122,255.9,0.2501,267.5,0.2
4924,2,5708.11,19210.97,0.443677,1.1177115801939438e-06,0.741389,269.9,0.2371,267.5,0.3
4925,2,5708.81,19208.25,0.40195,1.117680280407651e-06,0.593257,269.5,0.2375,267.5,0.3
4926,2,5709.5,19205.54,0.395265,1.1176489744337123e-06,0.599617,269.2,0.2378,268.0,0.3
4927,2,5710.2,19202.83,0.444123,1.117617662272835e-06,0.997684,268.1,0.2387,267.9,0.2
4928,2,5710.9,19200.12,0.394933,1.1175863439257272e-06,0.666287,270.1,0.2369,268.0,0.3
4929,2,5711.6,19197.41,0.461228,1.1175550193930967e-06,0.656042,267.8,0.239,267.9,0.3
4930,2,5712.3,19194.71,0.435301,1.1175236886756513e-06,1.008781,266.2,0.2404,267.7,0.3
4931,2,5713.0,19192.02,0.369165,1.1174923517740996e-06,0.567303,258.1,0.248,267.1,0.3
4932,2,5713.68,19189.26,0.427032,1.1174610086891497e-06,0.846113,270.7,0.2364,267.2,0.3
4933,2,5714.38,19186.56,0.413877,1.11742965942151e-06,0.800088,269.2,0.2377,267.3,0.3
4934,2,5715.08,19183.85,0.414918,1.1173983039718894e-06,0.596447,270.3,0.2367,267.4,0.3
4935,2,5715.78,19181.15,0.387515,1.1173669423409962e-06,0.560798,266.8,0.2399,267.2,0.3
4936,2,5716.47,19178.44,0.464761,1.1173355745295395e-06,0.634996,271.1,0.2361,267.4,0.3
4937,2,5717.18,19175.76,0.407544,1.1173042005382285e-06,0.529922,264.2,0.2423,267.0,0.3
4938,2,5717.87,19173.05,0.463885,1.1172728203677721e-06,1.083687,269.0,0.2379,266.9,0.3
4939,2,5718.57,19170.34,0.417433,1.1172414340188798e-06,0.558923,268.6,0.2382,266.9,0.3
4940,2,5719.26,19167.63,0.391372,1.1172100414922608e-06,0.670834,270.4,0.2367,267.0,0.3
4941,2,5719.97,19164.95,0.424013,1.1171786427886248e-06,0.690552,272.0,0.2353,267.0,0.3
4942,2,5720.67,19162.26,0.373233,1.1171472379086817e-06,0.691109,268.2,0.2387,267.0,0.3
4943,2,5721.36,19159.56,0.437418,1.1171158268531412e-06,0.749955,269.3,0.2376,267.7,0.3
4944,2,5722.06,19156.86,0.38276,1.1170844096227132e-06,0.708056,268.9,0.238,267.7,0.2
4945,2,5722.75,19154.15,0.419076,1.1170529862181078e-06,0.603879,270.4,0.2367,267.8,0.2
4946,2,5723.45,19151.46,0.418373,1.1170215566400354e-06,0.710327,268.3,0.2385,267.7,0.2
4947,2,5724.15,19148.75,0.454738,1.1169901208892063e-06,1.126942,269.8,0.2372,267.8,0.2
4948,2,5724.84,19146.06,0.47021,1.116958678966331e-06,0.947808,268.5,0.2383,267.7,0.2
4949,2,5725.54,19143.35,0.409288,1.1169272308721205e-06,0.593333,272.8,0.2346,267.9,0.2
4950,2,5726.24,19140.66,0.47006,1.1168957766072855e-06,0.688671,267.3,0.2394,268.0,0.2
4951,2,5726.93,19137.97,0.40763,1.116864316172537e-06,0.830189,268.2,0.2387,268.5,0.2
4952,2,5727.63,19135.27,0.393843,1.116832849568586e-06,0.821493,270.0,0.2371,268.5,0.2
4953,2,5728.32,19132.58,0.408329,1.1168013767961438e-06,0.704827,270.7,0.2364,268.5,0.2
4954,2,5729.03,19129.91,0.397028,1.1167698978559217e-06,0.658658,265.0,0.2415,268.3,0.2
4955,2,5729.72,19127.2,0.422071,1.1167384127486313e-06,1.046833,269.8,0.2372,268.4,0.2
4956,2,5730.41,19124.5,0.432022,1.1167069214749844e-06,0.702607,270.0,0.237,268.4,0.2
4957,2,5731.11,19121.82,0.410662,1.1166754240356927e-06,0.820315,267.9,0.2389,268.6,0.2
4958,2,5731.81,19119.13,0.427765,1.116643920431468e-06,0.839668,268.4,0.2384,268.6,0.2
4959,2,5732.5,19116.44,0.454321,1.1166124106630228e-06,1.060939,267.3,0.2394,268.5,0.2
4960,2,5733.2,19113.75,0.396485,1.116580894731069e-06,0.696523,268.0,0.2388,268.4,0.2
4961,2,5733.91,19111.09,0.460801,1.116549372636319e-06,1.003809,268.6,0.2383,268.2,0.2
4962,2,5734.6,19108.41,0.436206,1.1165178443794853e-06,0.6604,267.3,0.2395,268.1,0.2
4963,2,5735.3,19105.72,0.427064,1.1164863099612808e-06,0.785337,269.0,0.2379,268.1,0.3
4964,2,5735.99,19103.03,0.439835,1.116454769382418e-06,0.745941,269.0,0.238,268.1,0.3
4965,2,5736.69,19100.35,0.462693,1.1164232226436097e-06,0.758152,269.1,0.2378,268.0,0.3
4966,2,5737.39,19097.66,0.418244,1.1163916697455694e-06,0.643409,269.6,0.2374,268.1,0.3
4967,2,5738.08,19094.99,0.439327,1.11636011068901e-06,0.647563,267.5,0.2392,268.0,0.3
4968,2,5738.78,19092.3,0.374273,1.116328545474645e-06,1.065903,266.7,0.24,267.9,0.3
4969,2,5739.47,19089.61,0.419115,1.1162969741031877e-06,0.698972,270.3,0.2368,267.8,0.3
4970,2,5740.17,19086.93,0.388184,1.1162653965753518e-06,0.557218,270.4,0.2366,267.9,0.3
4971,2,5740.87,19084.25,0.404062,1.1162338128918512e-06,0.797281,270.4,0.2367,268.1,0.2
4972,2,5741.56,19081.57,0.420914,1.1162022230533994e-06,0.528246,269.1,0.2379,268.0,0.3
4973,2,5742.26,19078.9,0.39834,1.116170627060711e-06,0.753673,269.9,0.2371,268.0,0.3
4974,2,5742.96,19076.23,0.412039,1.1161390249144996e-06,0.579557,269.6,0.2374,268.2,0.3
4975,2,5743.66,19073.55,0.418054,1.11610741661548e-06,0.60929,269.9,0.2371,268.2,0.3
4976,2,5744.35,19070.88,0.451117,1.1160758021643662e-06,0.660964,269.0,0.2379,268.2,0.2
4977,2,5745.05,19068.19,0.430078,1.1160441815618732e-06,0.756023,272.5,0.2348,268.4,0.3
4978,2,5745.74,19065.53,0.431923,1.1160125548087157e-06,0.582243,269.0,0.2379,268.5,0.2
4979,2,5746.44,19062.86,0.398451,1.1159809219056084e-06,0.723936,268.4,0.2385,268.5,0.2
4980,2,5747.14,19060.18,0.428218,1.1159492828532663e-06,0.675885,271.0,0.2362,268.7,0.2
4981,2,5747.84,19057.54,0.415202,1.1159176376524046e-06,0.664425,269.4,0.2375,268.7,0.2
4982,2,5748.54,19054.87,0.455476,1.1158859863037386e-06,0.866301,270.1,0.237,268.9,0.2
4983,2,5749.23,19052.2,0.436655,1.1158543288079836e-06,0.952132,271.2,0.236,269.0,0.2
4984,2,5749.93,19049.53,0.420458,1.1158226651658553e-06,0.697663,269.8,0.2372,269.0,0.2
4985,2,5750.63,19046.86,0.4539,1.1157909953780694e-06,0.669157,272.0,0.2353,269.2,0.2
4986,2,5751.32,19044.18,0.440158,1.1157593194453419e-06,0.610523,271.2,0.236,269.2,0.2
4987,2,5752.02,19041.52,0.410568,1.1157276373683886e-06,1.099142,271.6,0.2356,269.4,0.2
4988,2,5752.71,19038.85,0.451651,1.1156959491479256e-06,0.630881,269.2,0.2378,269.6,0.2
4989,2,5753.41,19036.2,0.454115,1.1156642547846692e-06,0.605035,268.4,0.2384,269.5,0.2
4990,2,5754.11,19033.54,0.393189,1.1156325542793357e-06,0.947294,269.5,0.2375,269.4,0.3
4991,2,5754.81,19030.87,0.422246,1.1156008476326419e-06,0.576983,270.6,0.2365,269.4,0.3
4992,2,5755.5,19028.21,0.379972,1.1155691348453042e-06,0.516525,271.7,0.2356,269.5,0.3
4993,2,5756.2,19025.55,0.428711,1.1155374159180395e-06,0.766947,271.0,0.2362,269.5,0.3
4994,2,5756.89,19022.88,0.440377,1.1155056908515648e-06,0.625091,272.2,0.2351,269.7,0.3
4995,2,5757.59,19020.22,0.406073,1.1154739596465972e-06,0.555742,269.4,0.2376,269.6,0.3
4996,2,5758.29,19017.56,0.437615,1.115442222303854e-06,0.93637,268.7,0.2382,269.6,0.3
4997,2,5758.98,19014.9,0.437449,1.1154104788240526e-06,0.81303,269.6,0.2374,269.5,0.3
4998,2,5759.68,19012.24,0.364862,1.1153787292079103e-06,0.616946,270.2,0.2368,269.5,0.3
4999,2,5760.38,19009.59,0.471137,1.1153469734561448e-06,0.631201,269.0,0.2379,269.5,0.3
5000,2,5761.08,19006.94,0.376479,1.1153152115694738e-06,0.713705,266.5,0.2401,269.3,0.3
5001,2,5790.85,19100.18,0.404341,1.1152834435486155e-06,0.912024,232.6,0.2751,267.1,0.3
5002,2,5791.52,19097.43,0.465283,1.1152516693942878e-06,0.611495,270.2,0.2369,267.0,0.3
5003,2,5792.22,19094.74,0.402926,1.115219889107209e-06,0.605834,271.8,0.2355,267.1,0.3
5004,2,5792.91,19092.06,0.475095,1.1151881026880971e-06,0.701899,270.8,0.2363,267.2,0.3
5005,2,5793.61,19089.38,0.417188,1.1151563101376713e-06,0.555401,271.4,0.2358,267.1,0.3
5006,2,5794.31,19086.72,0.417886,1.1151245114566494e-06,0.63595,267.1,0.2396,266.9,0.3
5007,2,5795.0,19084.04,0.411626,1.1150927066457507e-06,0.634262,269.3,0.2377,266.8,0.3
5008,2,5795.7,19081.37,0.443825,1.115060895705694e-06,0.932296,269.6,0.2374,266.8,0.3
5009,2,5796.4,19078.69,0.366263,1.115029078637198e-06,0.589881,268.3,0.2385,266.8,0.3
5010,2,5797.09,19076.02,0.400498,1.114997255440982e-06,0.849338,267.8,0.239,266.8,0.3
5011,2,5797.79,19073.34,0.431092,1.1149654261177658e-06,0.635121,269.2,0.2377,266.7,0.3
5012,2,5798.49,19070.68,0.419876,1.1149335906682685e-06,0.777834,265.9,0.2407,266.5,0.3
5013,2,5799.19,19068.05,0.452381,1.1149017490932096e-06,0.634527,255.9,0.2501,265.7,0.3
5014,2,5799.88,19065.34,0.434233,1.1148699013933088e-06,0.923044,268.0,0.2388,265.5,0.3
5015,2,5800.58,19062.68,0.403349,1.1148380475692861e-06,0.669016,267.7,0.2391,265.5,0.3
5016,2,5801.28,19060.02,0.428289,1.1148061876218615e-06,0.663738,269.1,0.2379,265.5,0.3
5017,2,5801.98,19057.36,0.387229,1.1147743215517552e-06,0.628849,266.0,0.2406,265.3,0.3
5018,2,5802.67,19054.68,0.401006,1.1147424493596873e-06,0.646705,271.4,0.2359,265.4,0.3
5019,2,5803.37,19052.03,0.444082,1.1147105710463785e-06,0.667592,268.3,0.2385,265.4,0.3
5020,2,5804.07,19049.36,0.403472,1.114678686612549e-06,0.912667,271.0,0.2362,265.6,0.3
5021,2,5804.78,19046.76,0.45206,1.1146467960589198e-06,0.67932,260.3,0.2459,267.3,0.2
5022,2,5805.47,19044.07,0.435023,1.1146148993862117e-06,0.87161,264.7,0.2418,267.1,0.2
5023,2,5806.17,19041.4,0.406543,1.1145829965951453e-06,0.678599,269.5,0.2375,267.0,0.2
5024,2,5806.86,19038.75,0.377821,1.1145510876864423e-06,0.562554,269.0,0.2379,266.9,0.2
5025,2,5807.56,19036.09,0.401358,1.1145191726608235e-06,0.640755,267.5,0.2392,266.8,0.2
5026,2,5808.26,19033.43,0.437635,1.1144872515190104e-06,0.690137,270.1,0.2369,266.9,0.2
5027,2,5808.96,19030.78,0.409068,1.1144553242617245e-06,0.616488,268.6,0.2383,266.9,0.2
5028,2,5809.66,19028.13,0.419365,1.1144233908896876e-06,0.61584,268.2,0.2387,266.8,0.2
5029,2,5810.36,19025.48,0.399036,1.1143914514036215e-06,0.697188,266.6,0.2401,266.7,0.2
5030,2,5811.06,19022.84,0.399928,1.1143595058042479e-06,0.495397,265.0,0.2415,266.6,0.2
5031,2,5811.75,19020.18,0.382294,1.114327554092289e-06,0.744676,264.8,0.2417,266.3,0.2
5032,2,5812.45,19017.51,0.414107,1.1142955962684673e-06,0.641579,269.9,0.2371,266.5,0.2
5033,2,5813.14,19014.86,0.451641,1.1142636323335047e-06,1.139144,269.8,0.2372,267.2,0.2
5034,2,5813.84,19012.21,0.446346,1.114231662288124e-06,0.77035,267.5,0.2392,267.2,0.2
5035,2,5814.54,19009.56,0.410066,1.1141996861330477e-06,0.803739,272.0,0.2353,267.4,0.2
5036,2,5815.24,19006.91,0.443087,1.1141677038689987e-06,0.738834,268.8,0.2381,267.4,0.2
5037,2,5815.94,19004.26,0.446261,1.1141357154966998e-06,0.668376,269.9,0.2371,267.6,0.2
5038,2,5816.63,19001.62,0.397725,1.114103721016874e-06,1.031233,266.5,0.2402,267.3,0.2
5039,2,5817.33,18998.98,0.484739,1.1140717204302446e-06,0.75747,269.8,0.2372,267.4,0.2
5040,2,5818.03,18996.33,0.43784,1.1140397137375349e-06,0.695403,266.8,0.2398,267.2,0.2
5041,2,5818.73,18993.71,0.423693,1.1140077009394682e-06,0.571331,270.8,0.2364,267.7,0.2
5042,2,5819.43,18991.06,0.444571,1.1139756820367684e-06,0.653995,270.1,0.2369,267.9,0.2
5043,2,5820.13,18988.43,0.430037,1.113943657030159e-06,0.588303,266.6,0.24,267.8,0.2
5044,2,5820.83,18985.77,0.381446,1.1139116259203637e-06,0.645698,270.0,0.2371,267.8,0.2
5045,2,5821.52,18983.13,0.397245,1.113879588708107e-06,0.851589,271.4,0.2358,268.0,0.2
5046,2,5822.22,18980.49,0.426264,1.1138475453941128e-06,0.76213,270.4,0.2367,268.0,0.2
5047,2,5822.92,18977.85,0.471567,1.1138154959791053e-06,0.831809,268.4,0.2385,268.0,0.2
5048,2,5823.62,18975.21,0.462826,1.1137834404638089e-06,0.712907,266.9,0.2398,268.0,0.2
5049,2,5824.31,18972.57,0.447338,1.1137513788489484e-06,0.779262,267.6,0.2392,268.0,0.2
5050,2,5825.02,18969.95,0.405018,1.1137193111352482e-06,0.887549,261.2,0.245,267.8,0.3
5051,2,5825.71,18967.3,0.417256,1.1136872373234334e-06,0.795746,267.6,0.2392,267.9,0.2
5052,2,5826.41,18964.66,0.423843,1.1136551574142289e-06,0.721972,268.1,0.2387,267.8,0.2
5053,2,5827.11,18962.03,0.387877,1.1136230714083598e-06,0.518957,267.2,0.2395,267.7,0.3
5054,2,5827.8,18959.38,0.431587,1.1135909793065514e-06,0.731111,270.7,0.2364,267.8,0.3
5055,2,5828.5,18956.75,0.438857,1.113558881109529e-06,0.595464,269.2,0.2377,267.7,0.2
5056,2,5829.2,18954.13,0.408024,1.113526776818018e-06,0.919264,266.1,0.2405,267.6,0.2
5057,2,5829.9,18951.49,0.449031,1.1134946664327444e-06,0.529107,267.2,0.2395,267.4,0.2
5058,2,5830.6,18948.86,0.416928,1.1134625499544338e-06,0.564743,267.2,0.2395,267.5,0.3
5059,2,5831.29,18946.23,0.414594,1.1134304273838122e-06,0.660089,265.0,0.2415,267.2,0.3
5060,2,5831.99,18943.6,0.41059,1.1133982987216058e-06,0.754249,267.3,0.2394,267.2,0.3
5061,2,5832.7,18941.0,0.369859,1.1133661639685406e-06,0.568444,268.5,0.2384,267.1,0.3
5062,2,5833.4,18938.37,0.397159,1.113334023125343e-06,0.689032,267.0,0.2397,267.0,0.3
5063,2,5834.09,18935.74,0.43835,1.1133018761927394e-06,0.578196,269.5,0.2375,267.1,0.3
5064,2,5834.79,18933.11,0.462394,1.1132697231714568e-06,0.773331,268.8,0.2381,267.1,0.3
5065,2,5835.5,18930.53,0.423371,1.1132375640622214e-06,0.674585,255.4,0.2506,266.2,0.3
5066,2,5836.19,18927.87,0.431494,1.1132053988657605e-06,0.546965,267.7,0.2391,266.1,0.3
5067,2,5836.89,18925.24,0.425322,1.1131732275828012e-06,0.847137,267.4,0.2394,266.0,0.3
5068,2,5837.58,18922.62,0.406929,1.1131410502140704e-06,0.70032,267.7,0.2391,266.1,0.3
5069,2,5838.28,18919.99,0.474558,1.1131088667602957e-06,0.675434,269.2,0.2378,266.2,0.3
5070,2,5838.98,18917.37,0.418723,1.1130766772222042e-06,0.58165,268.7,0.2382,266.6,0.3
5071,2,5839.67,18914.74,0.434618,1.113044481600524e-06,0.85861,273.3,0.2342,266.8,0.2
5072,2,5840.37,18912.12,0.420635,1.1130122798959825e-06,0.847373,268.7,0.2382,266.9,0.2
5073,2,5841.07,18909.5,0.458577,1.1129800721093074e-06,0.726959,268.8,0.2381,267.0,0.2
5074,2,5841.77,18906.88,0.401796,1.112947858241227e-06,0.595073,269.0,0.2379,266.9,0.2
5075,2,5842.47,18904.27,0.414419,1.1129156382924696e-06,0.597159,263.6,0.2428,266.6,0.2
5076,2,5843.16,18901.65,0.408602,1.112883412263763e-06,0.675407,267.2,0.2395,266.7,0.2
5077,2,5843.86,18899.02,0.413667,1.112851180155836e-06,0.603864,271.0,0.2361,266.8,0.2
5078,2,5844.56,18896.41,0.390918,1.1128189419694167e-06,0.569301,269.1,0.2378,267.0,0.2
5079,2,5845.26,18893.8,0.394819,1.1127866977052342e-06,0.539016,266.3,0.2404,267.0,0.2
5080,2,5845.95,18891.17,0.477048,1.1127544473640173e-06,0.757195,271.7,0.2356,267.3,0.2
5081,2,5846.66,18888.59,0.431513,1.1127221909464947e-06,0.622649,271.3,0.2359,267.4,0.2
5082,2,5847.36,18885.99,0.41401,1.1126899284533958e-06,0.729027,269.8,0.2372,267.6,0.2
5083,2,5848.06,18883.37,0.374675,1.11265765988545e-06,0.587027,269.5,0.2374,267.6,0.2
5084,2,5848.76,18880.78,0.398392,1.1126253852433863e-06,0.802343,260.0,0.2461,267.1,0.2
5085,2,5849.45,18878.14,0.400342,1.1125931045279342e-06,0.988254,271.5,0.2357,267.9,0.2
5086,2,5850.15,18875.54,0.444752,1.1125608177398234e-06,0.649398,266.7,0.24,267.9,0.2
5087,2,5850.85,18872.94,0.389385,1.112528524879784e-06,0.648875,265.2,0.2413,267.8,0.2
5088,2,5851.55,18870.32,0.446064,1.1124962259485455e-06,0.813885,269.2,0.2377,267.8,0.2
5089,2,5852.25,18867.71,0.425424,1.1124639209468383e-06,0.51232,269.0,0.2379,267.8,0.2
5090,2,5852.94,18865.1,0.434811,1.1124316098753924e-06,0.801742,269.3,0.2377,267.8,0.2
5091,2,5853.64,18862.5,0.482044,1.1123992927349384e-06,0.687604,267.2,0.2395,267.5,0.2
5092,2,5854.34,18859.9,0.428104,1.1123669695262066e-06,1.07614,266.5,0.2402,267.4,0.2
5093,2,5855.04,18857.31,0.429728,1.1123346402499275e-06,0.885335,264.4,0.242,267.2,0.2
5094,2,5855.74,18854.69,0.427927,1.112302304906832e-06,0.682293,270.3,0.2368,267.2,0.3
5095,2,5856.43,18852.09,0.359554,1.1122699634976508e-06,0.797113,270.0,0.2371,267.5,0.3
5096,2,5857.13,18849.49,0.412533,1.1122376160231153e-06,0.542374,267.7,0.2391,267.6,0.3
5097,2,5857.83,18846.88,0.477018,1.112205262483956e-06,0.688564,271.4,0.2358,267.6,0.3
5098,2,5858.53,18844.29,0.421405,1.1121729028809048e-06,0.749742,266.6,0.2401,267.4,0.3
5099,2,5859.23,18841.69,0.436066,1.112140537214693e-06,0.718668,269.6,0.2374,267.6,0.3
5100,2,5859.93,18839.09,0.429941,1.1121081654860523e-06,0.569853,268.6,0.2383,267.5,0.3
5101,2,5860.63,18836.52,0.450037,1.1120757876957142e-06,0.995134,270.2,0.2369,267.4,0.3
5102,2,5861.33,18833.92,0.454392,1.1120434038444104e-06,0.55472,271.4,0.2358,267.5,0.3
5103,2,5862.04,18831.36,0.380303,1.112011013932873e-06,0.548942,256.3,0.2497,266.8,0.3
5104,2,5862.73,18828.72,0.401622,1.1119786179618344e-06,0.734294,269.8,0.2372,267.3,0.3
5105,2,5863.43,18826.13,0.418439,1.1119462159320267e-06,0.594193,268.1,0.2388,267.1,0.3
5106,2,5864.12,18823.54,0.375133,1.1119138078441822e-06,0.482847,268.6,0.2382,267.2,0.3
5107,2,5864.82,18820.95,0.42806,1.1118813936990335e-06,0.796411,264.8,0.2417,267.2,0.3
5108,2,5865.52,18818.35,0.483133,1.1118489734973131e-06,1.020502,268.9,0.238,267.2,0.3
5109,2,5866.22,18815.77,0.441343,1.111816547239754e-06,0.70586,264.1,0.2424,267.0,0.3
5110,2,5866.91,18813.16,0.459884,1.1117841149270893e-06,0.661756,268.8,0.2381,266.9,0.3
5111,2,5867.62,18810.58,0.421549,1.1117516765600518e-06,0.708122,266.5,0.2401,266.9,0.3
5112,2,5868.31,18807.99,0.408334,1.1117192321393748e-06,0.698117,265.4,0.2412,266.8,0.3
5113,2,5869.01,18805.4,0.401646,1.1116867816657917e-06,0.781019,267.5,0.2393,267.0,0.3
5114,2,5869.71,18802.81,0.433194,1.1116543251400358e-06,0.772408,268.4,0.2385,266.9,0.3
5115,2,5870.4,18800.21,0.43112,1.111621862562841e-06,0.688416,271.2,0.236,267.0,0.3
5116,2,5871.11,18797.64,0.453065,1.111589393934941e-06,0.621323,268.4,0.2384,267.0,0.3
5117,2,5871.81,18795.06,0.440044,1.1115569192570696e-06,0.664987,266.2,0.2404,266.8,0.2
5118,2,5872.5,18792.47,0.421428,1.1115244385299608e-06,0.64969,268.1,0.2388,266.8,0.2
5119,2,5873.21,18789.9,0.443804,1.111491951754349e-06,0.698008,266.8,0.2399,266.7,0.3
5120,2,5873.9,18787.31,0.414988,1.1114594589309682e-06,0.556031,271.1,0.2361,266.8,0.3
5121,2,5874.61,18784.77,0.474443,1.1114269600605531e-06,0.697214,266.3,0.2403,266.6,0.3
5122,2,5875.31,18782.18,0.427235,1.1113944551438382e-06,0.655931,269.9,0.2371,266.5,0.3
5123,2,5876.01,18779.59,0.384439,1.1113619441815582e-06,0.504809,269.3,0.2377,267.2,0.3
5124,2,5876.7,18777.01,0.459409,1.111329427174448e-06,0.59004,271.7,0.2356,267.3,0.3
5125,2,5877.41,18774.47,0.392385,1.1112969041232427e-06,0.837626,257.4,0.2486,266.7,0.3
5126,2,5878.1,18771.85,0.421154,1.111264375028677e-06,0.545861,268.4,0.2385,266.7,0.3
5127,2,5878.8,18769.28,0.396914,1.1112318398914865e-06,0.628948,268.8,0.2381,266.9,0.3
5128,2,5879.5,18766.7,0.485072,1.1111992987124066e-06,0.654671,268.1,0.2388,266.9,0.3
5129,2,5880.2,18764.12,0.400186,1.111166751492173e-06,0.680008,269.5,0.2375,267.2,0.3
5130,2,5880.89,18761.54,0.471623,1.1111341982315212e-06,0.673845,269.7,0.2373,267.2,0.3
5131,2,5881.6,18758.98,0.399219,1.111101638931187e-06,0.523969,267.1,0.2396,267.2,0.3
5132,2,5882.29,18756.39,0.405341,1.1110690735919062e-06,0.563321,269.8,0.2373,267.5,0.2
5133,2,5882.99,18753.83,0.445579,1.111036502214415e-06,0.816811,268.6,0.2383,267.5,0.3
5134,2,5883.69,18751.27,0.463111,1.11100392479945e-06,1.119458,266.9,0.2398,267.4,0.3
5135,2,5884.39,18748.69,0.417487,1.110971341347747e-06,0.592434,269.6,0.2374,267.4,0.3
5136,2,5885.09,18746.13,0.376043,1.1109387518600426e-06,0.619248,269.3,0.2376,267.4,0.3
5137,2,5885.79,18743.55,0.442545,1.1109061563370735e-06,0.855462,270.8,0.2364,267.6,0.3
5138,2,5886.49,18741.0,0.390307,1.1108735547795767e-06,0.611639,263.5,0.2428,267.4,0.3
5139,2,5887.19,18738.42,0.417232,1.110840947188289e-06,0.677583,269.9,0.2372,267.6,0.3
5140,2,5887.89,18735.87,0.443716,1.1108083335639474e-06,0.70582,265.0,0.2415,267.3,0.2
5141,2,5888.6,18733.35,0.431075,1.1107757139072889e-06,0.868262,266.5,0.2402,267.3,0.2
5142,2,5889.3,18730.77,0.404321,1.1107430882190508e-06,0.630163,268.6,0.2383,267.2,0.2
5143,2,5890.0,18728.2,0.449897,1.110710456499971e-06,0.948167,268.9,0.238,267.2,0.2
5144,2,5890.7,18725.64,0.432595,1.1106778187507867e-06,0.611643,268.8,0.2381,267.0,0.3
5145,2,5891.4,18723.08,0.446333,1.1106451749722356e-06,1.003785,269.4,0.2376,267.7,0.2
5146,2,5892.1,18720.53,0.473182,1.1106125251650558e-06,0.715903,267.5,0.2393,267.6,0.2
5147,2,5892.8,18717.97,0.435678,1.1105798693299851e-06,0.885129,267.1,0.2396,267.5,0.2
5148,2,5893.5,18715.41,0.423085,1.1105472074677617e-06,0.718476,265.1,0.2414,267.4,0.2
5149,2,5894.2,18712.84,0.403274,1.1105145395791237e-06,0.872187,271.1,0.2361,267.5,0.3
5150,2,5894.9,18710.29,0.447822,1.1104818656648099e-06,0.71826,267.4,0.2393,267.3,0.3
5151,2,5895.6,18707.73,0.382462,1.1104491857255587e-06,0.790659,266.2,0.2404,267.3,0.3
5152,2,5896.29,18705.16,0.467035,1.1104164997621086e-06,0.655491,270.6,0.2365,267.3,0.3
5153,2,5896.99,18702.61,0.428318,1.1103838077751984e-06,0.721243,269.6,0.2374,267.4,0.3
5154,2,5897.69,18700.06,0.415667,1.1103511097655674e-06,0.840384,269.0,0.2379,267.5,0.3
5155,2,5898.39,18697.5,0.447418,1.1103184057339544e-06,0.767585,268.1,0.2387,267.4,0.3
5156,2,5899.1,18694.96,0.419941,1.1102856956810986e-06,0.620629,263.3,0.2431,267.1,0.3
5157,2,5899.79,18692.39,0.457705,1.1102529796077396e-06,0.67824,266.7,0.24,266.9,0.3
5158,2,5900.49,18689.84,0.418347,1.1102202575146166e-06,0.674101,269.1,0.2379,267.2,0.3
5159,2,5901.19,18687.28,0.414622,1.1101875294024693e-06,0.658542,269.3,0.2377,267.2,0.3
5160,2,5901.89,18684.75,0.396349,1.1101547952720375e-06,0.578772,265.5,0.241,267.2,0.3
5161,2,5902.6,18682.21,0.400913,1.1101220551240613e-06,0.91023,270.8,0.2364,267.4,0.3
5162,2,5903.3,18679.67,0.485778,1.1100893089592804e-06,0.701682,266.3,0.2403,267.3,0.3
5163,2,5904.0,18677.12,0.429168,1.110056556778435e-06,0.816927,267.6,0.2391,267.2,0.3
5164,2,5904.7,18674.58,0.420607,1.1100237985822658e-06,0.816673,266.4,0.2402,267.1,0.3
5165,2,5905.4,18672.03,0.464294,1.1099910343715127e-06,0.603849,269.1,0.2379,267.1,0.3
5166,2,5906.1,18669.48,0.417111,1.1099582641469168e-06,0.700098,268.7,0.2382,267.1,0.3
5167,2,5906.79,18666.93,0.406487,1.1099254879092185e-06,0.888821,269.6,0.2374,267.3,0.3
5168,2,5907.49,18664.39,0.430049,1.1098927056591588e-06,0.685333,269.9,0.2371,267.5,0.3
5169,2,5908.2,18661.85,0.407377,1.1098599173974786e-06,0.767823,268.5,0.2383,267.4,0.3
5170,2,5908.89,18659.31,0.391086,1.1098271231249191e-06,0.529106,269.8,0.2372,267.5,0.3
5171,2,5909.6,18656.78,0.428157,1.1097943228422215e-06,0.943402,266.4,0.2403,267.5,0.2
5172,2,5910.3,18654.23,0.419689,1.1097615165501273e-06,0.692922,268.0,0.2388,267.4,0.2
5173,2,5911.0,18651.7,0.435485,1.1097287042493778e-06,0.684415,266.8,0.2399,267.3,0.3
5174,2,5911.7,18649.16,0.366247,1.1096958859407147e-06,0.66705,267.5,0.2392,267.2,0.3
5175,2,5912.4,18646.62,0.421969,1.10966306162488e-06,0.650079,265.6,0.241,267.1,0.3
5176,2,5913.1,18644.08,0.396512,1.1096302313026157e-06,0.552432,268.8,0.2381,267.3,0.3
5177,2,5913.79,18641.53,0.401537,1.1095973949746639e-06,0.578775,269.8,0.2372,267.5,0.3
5178,2,5914.49,18639.0,0.40946,1.1095645526417665e-06,0.848072,269.9,0.2371,267.5,0.3
5179,2,5915.2,18636.47,0.43634,1.1095317043046658e-06,0.775997,268.6,0.2383,267.5,0.3
5180,2,5915.89,18633.92,0.405411,1.1094988499641046e-06,0.506886,269.2,0.2378,267.7,0.3
5181,2,5916.6,18631.42,0.401166,1.1094659896208255e-06,0.569417,270.2,0.2368,267.6,0.3
5182,2,5917.3,18628.88,0.431371,1.109433123275571e-06,0.936428,269.8,0.2372,267.8,0.3
5183,2,5918.0,18626.34,0.434596,1.1094002509290844e-06,0.6417,268.9,0.238,267.9,0.3
5184,2,5918.7,18623.8,0.413902,1.1093673725821083e-06,0.657005,269.4,0.2375,268.0,0.3
5185,2,5919.4,18621.27,0.392304,1.109334488235386e-06,0.666151,267.7,0.2391,268.0,0.3
5186,2,5920.1,18618.75,0.388562,1.109301597889661e-06,0.781843,267.2,0.2395,267.9,0.3
5187,2,5920.8,18616.21,0.421667,1.1092687015456764e-06,0.537499,266.4,0.2402,267.7,0.3
5188,2,5921.5,18613.68,0.438095,1.109235799204176e-06,0.742698,268.7,0.2381,267.7,0.3
5189,2,5922.2,18611.15,0.332228,1.1092028908659036e-06,0.690441,269.8,0.2372,267.7,0.3
5190,2,5922.9,18608.62,0.417022,1.1091699765316028e-06,0.899576,270.3,0.2367,267.7,0.3
5191,2,5923.6,18606.11,0.415058,1.1091370562020176e-06,0.786356,267.2,0.2396,267.7,0.3
5192,2,5924.3,18603.59,0.462062,1.1091041298778922e-06,0.707179,264.2,0.2423,267.5,0.3
5193,2,5925.0,18601.05,0.450493,1.1090711975599706e-06,0.738007,270.0,0.237,267.7,0.3
5194,2,5925.7,18598.52,0.375425,1.1090382592489977e-06,0.566046,270.6,0.2365,267.9,0.3
5195,2,5926.4,18596.0,0.389492,1.1090053149457177e-06,0.67077,267.5,0.2393,268.0,0.3
5196,2,5927.1,18593.47,0.369687,1.1089723646508752e-06,0.607161,267.2,0.2396,267.9,0.3
5197,2,5927.8,18590.96,0.435182,1.108939408365215e-06,0.722364,266.3,0.2403,267.8,0.3
5198,2,5928.49,18588.42,0.451891,1.1089064460894822e-06,0.704889,268.2,0.2387,267.7,0.3
5199,2,5929.2,18585.9,0.477457,1.1088734778244215e-06,1.111661,267.3,0.2394,267.6,0.3
5200,2,5929.89,18583.37,0.450706,1.1088405035707786e-06,0.505797,270.1,0.2369,267.7,0.3
5201,2,6071.17,19021.29,0.360984,1.1088075233292984e-06,0.579885,241.0,0.2655,265.9,0.3
5202,2,6071.85,19018.59,0.403889,1.1087745371007266e-06,0.682851,269.4,0.2376,265.9,0.3
5203,2,6072.54,19015.95,0.496286,1.1087415448858084e-06,0.884131,270.6,0.2366,266.0,0.3
5204,2,6073.24,19013.31,0.437865,1.1087085466852903e-06,0.908534,269.1,0.2379,266.0,0.3
5205,2,6073.94,19010.67,0.414868,1.1086755424999174e-06,0.617832,270.2,0.2369,266.1,0.3
5206,2,6074.63,19008.03,0.403031,1.1086425323304362e-06,0.748184,269.0,0.2379,266.2,0.3
5207,2,6075.33,19005.39,0.39717,1.1086095161775928e-06,0.694302,266.6,0.2401,266.2,0.3
5208,2,6076.03,19002.75,0.457193,1.1085764940421333e-06,0.74075,267.6,0.2391,266.2,0.3
5209,2,6076.72,19000.11,0.40271,1.108543465924804e-06,0.439492,271.1,0.2361,266.2,0.3
5210,2,6077.42,18997.48,0.49217,1.1085104318263517e-06,0.643017,269.9,0.2371,266.2,0.3
5211,2,6078.12,18994.85,0.436011,1.108477391747523e-06,0.864069,269.7,0.2373,266.4,0.3
5212,2,6078.82,18992.22,0.456673,1.1084443456890648e-06,0.713716,268.5,0.2384,266.6,0.3
5213,2,6079.51,18989.59,0.374181,1.108411293651724e-06,0.833282,272.4,0.2349,266.8,0.3
5214,2,6080.21,18986.96,0.40355,1.1083782356362473e-06,0.679573,271.6,0.2356,266.8,0.2
5215,2,6080.91,18984.33,0.422504,1.1083451716433824e-06,0.628795,271.1,0.2361,267.0,0.2
5216,2,6081.61,18981.71,0.415716,1.1083121016738768e-06,0.717646,268.9,0.238,267.1,0.2
5217,2,6082.31,18979.09,0.412299,1.1082790257284776e-06,0.743058,268.3,0.2385,267.2,0.2
5218,2,6083.01,18976.46,0.413546,1.1082459438079326e-06,0.654445,268.7,0.2382,267.2,0.2
5219,2,6083.7,18973.84,0.412888,1.1082128559129893e-06,0.470072,268.4,0.2384,267.3,0.2
5220,2,6084.4,18971.22,0.416164,1.1081797620443959e-06,0.597905,266.6,0.2401,267.1,0.2
5221,2,6085.11,18968.61,0.445473,1.1081466622029003e-06,0.652028,271.2,0.236,268.9,0.2
5222,2,6085.81,18966.0,0.448282,1.1081135563892509e-06,0.889131,266.6,0.2401,268.8,0.2
5223,2,6086.52,18963.41,0.410695,1.1080804446041956e-06,0.761799,257.5,0.2485,268.1,0.2
5224,2,6087.21,18960.77,0.458427,1.1080473268484832e-06,1.082409,266.8,0.2399,268.0,0.2
5225,2,6087.9,18958.14,0.441821,1.1080142031228623e-06,0.818173,270.7,0.2365,268.1,0.2
5226,2,6088.6,18955.53,0.419283,1.1079810734280812e-06,0.643795,269.3,0.2377,268.1,0.2
5227,2,6089.3,18952.91,0.43425,1.1079479377648891e-06,0.725767,268.6,0.2383,268.2,0.2
5228,2,6090.01,18950.31,0.410976,1.1079147961340348e-06,0.565209,265.2,0.2414,268.1,0.2
5229,2,6090.71,18947.7,0.391457,1.1078816485362675e-06,0.512185,265.8,0.2408,267.8,0.2
5230,2,6091.41,18945.09,0.387017,1.1078484949723364e-06,0.579722,266.5,0.2402,267.6,0.2
5231,2,6092.1,18942.47,0.432329,1.1078153354429909e-06,0.668796,267.8,0.239,267.5,0.2
5232,2,6092.81,18939.87,0.383345,1.1077821699489806e-06,0.68554,267.1,0.2396,267.4,0.2
5233,2,6093.5,18937.25,0.396878,1.1077489984910551e-06,0.650874,271.9,0.2354,267.4,0.2
5234,2,6094.2,18934.64,0.419896,1.1077158210699642e-06,0.78755,265.1,0.2414,267.1,0.2
5235,2,6094.9,18932.03,0.379101,1.1076826376864577e-06,0.635447,271.0,0.2361,267.1,0.2
5236,2,6095.6,18929.43,0.392005,1.1076494483412857e-06,0.641113,268.5,0.2383,267.0,0.2
5237,2,6096.3,18926.82,0.461478,1.1076162530351984e-06,0.839977,266.1,0.2405,266.9,0.2
5238,2,6097.0,18924.22,0.413648,1.107583051768946e-06,0.736841,267.7,0.2391,266.9,0.2
5239,2,6097.7,18921.62,0.458933,1.1075498445432795e-06,0.635201,266.3,0.2403,266.7,0.2
5240,2,6098.4,18919.02,0.422165,1.107516631358949e-06,0.611813,266.7,0.2399,266.8,0.2
5241,2,6099.11,18916.45,0.440294,1.1074834122167053e-06,0.510578,267.8,0.239,266.6,0.2
5242,2,6099.81,18913.83,0.453036,1.1074501871172993e-06,0.709608,269.1,0.2378,266.7,0.2
5243,2,6100.51,18911.23,0.403922,1.1074169560614822e-06,0.816272,266.6,0.2401,267.2,0.2
5244,2,6101.2,18908.61,0.380447,1.1073837190500047e-06,0.606266,270.7,0.2364,267.3,0.2
5245,2,6101.9,18906.01,0.453604,1.1073504760836184e-06,0.611876,266.2,0.2404,267.1,0.2
5246,2,6102.6,18903.4,0.43736,1.1073172271630745e-06,0.570562,268.3,0.2385,267.1,0.2
5247,2,6103.3,18900.8,0.452182,1.1072839722891248e-06,0.669239,266.2,0.2404,267.0,0.2
5248,2,6104.0,18898.2,0.445817,1.1072507114625209e-06,0.667052,265.3,0.2413,266.9,0.2
5249,2,6104.69,18895.58,0.394195,1.1072174446840144e-06,0.635739,270.5,0.2366,267.1,0.2
5250,2,6105.39,18892.98,0.40747,1.1071841719543576e-06,0.576532,268.5,0.2384,267.2,0.2
5251,2,6106.09,18890.38,0.446741,1.1071508932743021e-06,1.021246,267.5,0.2392,267.2,0.2
5252,2,6106.78,18887.78,0.462223,1.1071176086446004e-06,0.878015,271.0,0.2362,267.4,0.2
5253,2,6107.48,18885.18,0.440532,1.1070843180660049e-06,0.896449,271.6,0.2357,267.4,0.3
5254,2,6108.19,18882.6,0.410525,1.1070510215392678e-06,0.630367,267.6,0.2391,267.2,0.4
5255,2,6108.89,18880.01,0.437455,1.107017719065142e-06,0.599249,267.9,0.2389,267.1,0.3
5256,2,6109.59,18877.42,0.43088,1.1069844106443802e-06,0.840383,262.3,0.244,266.8,0.3
5257,2,6110.28,18874.8,0.452052,1.1069510962777351e-06,0.669943,272.7,0.2347,267.1,0.3
5258,2,6110.98,18872.2,0.396918,1.10691777596596e-06,0.647271,269.3,0.2377,267.2,0.3
5259,2,6111.68,18869.61,0.377762,1.1068844497098079e-06,0.593932,270.0,0.2371,267.4,0.3
5260,2,6112.38,18867.02,0.392834,1.106851117510032e-06,0.56434,267.5,0.2392,267.5,0.3
5261,2,6113.08,18864.45,0.448672,1.1068177793673859e-06,0.629751,270.9,0.2363,267.6,0.3
5262,2,6113.78,18861.85,0.433052,1.1067844352826232e-06,0.728695,271.3,0.2359,267.7,0.3
5263,2,6114.48,18859.26,0.412472,1.1067510852564973e-06,0.707641,270.3,0.2367,267.9,0.3
5264,2,6115.18,18856.68,0.388052,1.106717729289762e-06,0.722537,265.9,0.2407,267.7,0.3
5265,2,6115.87,18854.08,0.392403,1.106684367383172e-06,0.458549,271.9,0.2354,268.0,0.3
5266,2,6116.57,18851.48,0.427436,1.1066509995374803e-06,0.689865,271.6,0.2357,268.2,0.3
5267,2,6117.27,18848.89,0.482304,1.1066176257534417e-06,0.846373,270.1,0.237,268.4,0.3
5268,2,6117.96,18846.3,0.407737,1.1065842460318107e-06,0.882162,271.0,0.2361,268.7,0.3
5269,2,6118.66,18843.7,0.394385,1.1065508603733416e-06,0.703007,272.2,0.2351,268.8,0.3
5270,2,6119.36,18841.11,0.406428,1.106517468778789e-06,0.629831,271.8,0.2354,269.0,0.3
5271,2,6120.05,18838.53,0.459822,1.1064840712489077e-06,0.557193,270.0,0.237,269.1,0.3
5272,2,6120.75,18835.93,0.416629,1.1064506677844527e-06,0.911733,272.6,0.2347,269.2,0.2
5273,2,6121.45,18833.35,0.461496,1.1064172583861787e-06,0.740056,268.2,0.2387,269.1,0.2
5274,2,6122.14,18830.75,0.427674,1.1063838430548412e-06,0.69016,270.9,0.2362,269.5,0.1
5275,2,6122.84,18828.16,0.466777,1.1063504217911954e-06,0.933624,270.8,0.2363,269.7,0.1
5276,2,6123.54,18825.59,0.450028,1.1063169945959967e-06,0.81916,266.8,0.2399,269.9,0.1
5277,2,6124.23,18822.99,0.46059,1.1062835614700007e-06,0.923998,270.4,0.2367,269.8,0.1
5278,2,6124.93,18820.41,0.462633,1.1062501224139632e-06,0.665506,269.9,0.2371,269.8,0.1
5279,2,6125.63,18817.83,0.410729,1.1062166774286399e-06,0.647779,267.9,0.2389,269.7,0.1
5280,2,6126.32,18815.24,0.425203,1.1061832265147868e-06,0.834431,267.9,0.2389,269.7,0.1
5281,2,6127.03,18812.68,0.431896,1.1061497696731603e-06,0.753102,271.3,0.2359,269.8,0.1
5282,2,6127.72,18810.09,0.416003,1.106116306904516e-06,0.804677,270.0,0.237,269.7,0.1
5283,2,6128.42,18807.51,0.424824,1.1060828382096107e-06,0.765155,268.0,0.2388,269.6,0.1
5284,2,6129.11,18804.92,0.433745,1.1060493635892007e-06,0.864107,273.4,0.2341,270.0,0.1
5285,2,6129.81,18802.35,0.438412,1.106015883044043e-06,0.808947,269.4,0.2376,269.8,0.1
5286,2,6130.51,18799.77,0.417643,1.1059823965748941e-06,0.703979,270.4,0.2367,269.8,0.1
5287,2,6131.21,18797.18,0.369207,1.1059489041825108e-06,0.647809,271.3,0.2359,269.9,0.1
5288,2,6131.9,18794.6,0.445911,1.1059154058676503e-06,0.588314,270.8,0.2364,269.8,0.1
5289,2,6132.6,18792.02,0.415009,1.1058819016310698e-06,0.631804,271.7,0.2356,269.8,0.1
5290,2,6133.29,18789.44,0.424562,1.1058483914735265e-06,0.638671,273.1,0.2344,269.9,0.1
5291,2,6133.99,18786.88,0.472329,1.1058148753957778e-06,0.606148,265.6,0.2409,269.7,0.1
5292,2,6134.69,18784.3,0.407148,1.1057813533985816e-06,0.733562,271.5,0.2357,269.6,0.1
5293,2,6135.39,18781.73,0.455296,1.1057478254826953e-06,0.73441,269.4,0.2375,269.7,0.1
5294,2,6136.09,18779.16,0.37562,1.105714291648877e-06,0.919922,267.7,0.2391,269.5,0.1
5295,2,6136.78,18776.59,0.454493,1.1056807518978842e-06,0.664302,269.4,0.2376,269.4,0.1
5296,2,6137.48,18774.02,0.407474,1.1056472062304755e-06,0.598689,270.2,0.2369,269.6,0.1
5297,2,6138.18,18771.45,0.391449,1.1056136546474091e-06,0.964414,269.2,0.2377,269.5,0.1
5298,2,6138.88,18768.88,0.420015,1.105580097149443e-06,0.725238,271.2,0.2359,269.6,0.1
5299,2,6139.57,18766.31,0.428981,1.1055465337373362e-06,0.663737,270.6,0.2365,269.7,0.1
5300,2,6140.27,18763.74,0.434757,1.1055129644118472e-06,1.086574,271.8,0.2354,270.0,0.1
5301,2,6140.97,18761.19,0.447948,1.1054793891737344e-06,0.944449,272.1,0.2352,270.0,0.1
5302,2,6141.67,18758.63,0.401614,1.1054458080237571e-06,0.560541,269.3,0.2377,270.0,0.1
5303,2,6142.37,18756.06,0.430384,1.1054122209626742e-06,0.770878,271.6,0.2357,270.1,0.1
5304,2,6143.07,18753.5,0.402031,1.105378627991245e-06,0.854838,270.4,0.2367,270.0,0.1
5305,2,6143.77,18750.94,0.410363,1.1053450291102288e-06,0.633595,269.8,0.2372,270.0,0.1
5306,2,6144.47,18748.38,0.400516,1.105311424320385e-06,0.579317,267.9,0.2389,269.9,0.1
5307,2,6145.16,18745.81,0.384135,1.1052778136224732e-06,0.536467,271.4,0.2358,269.9,0.1
5308,2,6145.86,18743.26,0.437818,1.1052441970172532e-06,0.775355,269.3,0.2376,269.9,0.1
5309,2,6146.56,18740.69,0.457798,1.1052105745054845e-06,0.627541,271.9,0.2354,269.8,0.1
5310,2,6147.26,18738.13,0.452607,1.1051769460879276e-06,0.60205,270.1,0.2369,269.7,0.1
5311,2,6147.95,18735.57,0.459792,1.105143311765342e-06,0.797372,270.7,0.2364,270.0,0.1
5312,2,6148.65,18733.01,0.418537,1.1051096715384885e-06,0.841782,271.0,0.2361,269.9,0.1
5313,2,6149.35,18730.46,0.412434,1.1050760254081273e-06,0.569471,269.8,0.2372,270.0,0.1
5314,2,6150.05,18727.9,0.450448,1.105042373375019e-06,0.808737,271.1,0.2361,270.1,0.1
5315,2,6150.75,18725.35,0.416125,1.1050087154399243e-06,0.864108,270.3,0.2367,270.2,0.1
5316,2,6151.44,18722.79,0.463495,1.1049750516036035e-06,0.875143,271.5,0.2357,270.2,0.1
5317,2,6152.14,18720.24,0.422826,1.104941381866818e-06,0.718039,270.4,0.2367,270.3,0.1
5318,2,6152.84,18717.68,0.476253,1.1049077062303286e-06,0.75349,269.2,0.2377,270.2,0.1
5319,2,6153.54,18715.13,0.424108,1.1048740246948965e-06,0.626197,272.7,0.2347,270.3,0.1
5320,2,6154.24,18712.58,0.439247,1.1048403372612833e-06,0.739073,270.1,0.237,270.2,0.1
5321,2,6154.94,18710.06,0.451012,1.1048066439302502e-06,0.572843,270.8,0.2363,270.1,0.1
5322,2,6155.64,18707.51,0.452595,1.1047729447025587e-06,0.66602,270.0,0.2371,270.2,0.1
5323,2,6156.35,18704.98,0.416652,1.1047392395789707e-06,0.573628,265.3,0.2413,269.8,0.1
5324,2,6157.05,18702.44,0.391321,1.1047055285602478e-06,0.607191,269.0,0.2379,269.8,0.1
5325,2,6157.74,18699.88,0.425422,1.1046718116471523e-06,0.814894,272.2,0.2352,269.9,0.1
5326,2,6158.44,18697.34,0.424022,1.1046380888404463e-06,0.619428,269.7,0.2373,270.0,0.1
5327,2,6159.14,18694.79,0.432486,1.104604360140892e-06,0.649379,270.6,0.2365,269.9,0.1
5328,2,6159.84,18692.25,0.444549,1.1045706255492516e-06,0.622211,270.3,0.2368,270.0,0.1
5329,2,6160.54,18689.72,0.416082,1.1045368850662878e-06,0.737257,268.1,0.2387,269.8,0.1
5330,2,6161.24,18687.18,0.451516,1.1045031386927632e-06,0.922352,266.2,0.2405,269.6,0.1
5331,2,6161.94,18684.63,0.426834,1.1044693864294405e-06,0.732137,271.0,0.2362,269.6,0.1
5332,2,6162.64,18682.09,0.472889,1.1044356282770827e-06,0.642598,271.9,0.2354,269.6,0.1
5333,2,6163.34,18679.55,0.361163,1.104401864236453e-06,0.850308,269.5,0.2375,269.6,0.1
5334,2,6164.04,18677.01,0.424743,1.1043680943083143e-06,0.610325,271.4,0.2358,269.6,0.1
5335,2,6164.74,18674.48,0.396941,1.10433431849343e-06,0.731814,269.7,0.2373,269.6,0.1
5336,2,6165.44,18671.94,0.421937,1.1043005367925636e-06,0.614183,268.8,0.2381,269.5,0.1
5337,2,6166.14,18669.42,0.439008,1.1042667492064788e-06,0.584459,267.8,0.239,269.3,0.1
5338,2,6166.84,18666.87,0.437748,1.104232955735939e-06,0.846292,271.6,0.2357,269.5,0.1
5339,2,6167.54,18664.35,0.367056,1.1041991563817085e-06,0.81548,269.6,0.2374,269.3,0.1
5340,2,6168.24,18661.81,0.385884,1.1041653511445508e-06,0.700209,271.0,0.2362,269.3,0.1
5341,2,6168.95,18659.3,0.364329,1.1041315400252301e-06,0.785835,270.5,0.2366,269.3,0.1
5342,2,6169.65,18656.78,0.430324,1.104097723024511e-06,0.531969,267.9,0.2389,269.2,0.1
5343,2,6170.35,18654.25,0.464623,1.1040639001431575e-06,0.721455,267.5,0.2393,269.4,0.1
5344,2,6171.05,18651.72,0.459518,1.1040300713819342e-06,0.561824,270.0,0.237,269.4,0.1
5345,2,6171.75,18649.2,0.449609,1.1039962367416058e-06,0.831708,267.9,0.2389,269.2,0.1
5346,2,6172.45,18646.67,0.412078,1.1039623962229373e-06,0.89977,269.0,0.2379,269.2,0.1
5347,2,6173.16,18644.16,0.438324,1.1039285498266932e-06,0.578675,265.0,0.2415,268.9,0.1
5348,2,6173.85,18641.62,0.434578,1.1038946975536388e-06,0.76244,270.5,0.2366,268.9,0.1
5349,2,6174.55,18639.09,0.426756,1.1038608394045392e-06,0.655272,269.1,0.2378,268.9,0.1
5350,2,6175.25,18636.56,0.433577,1.1038269753801597e-06,0.786478,271.7,0.2356,269.2,0.1
5351,2,6175.95,18634.03,0.417144,1.1037931054812657e-06,0.630834,271.2,0.236,269.2,0.1
5352,2,6176.65,18631.51,0.428797,1.1037592297086228e-06,0.664144,269.2,0.2378,269.1,0.1
5353,2,6177.35,18628.99,0.444841,1.103725348062997e-06,0.539443,271.2,0.236,269.2,0.1
5354,2,6178.06,18626.48,0.427964,1.1036914605451534e-06,0.667741,268.4,0.2384,269.0,0.1
5355,2,6178.76,18623.96,0.390034,1.1036575671558588e-06,0.586632,270.8,0.2363,269.1,0.1
5356,2,6179.46,18621.44,0.400692,1.1036236678958787e-06,0.662388,269.8,0.2372,269.1,0.1
5357,2,6180.16,18618.92,0.37258,1.1035897627659798e-06,0.5352,270.9,0.2363,269.3,0.1
5358,2,6180.86,18616.4,0.439974,1.1035558517669281e-06,1.010917,269.2,0.2377,269.2,0.1
5359,2,6181.56,18613.88,0.456223,1.1035219348994904e-06,0.814367,270.9,0.2363,269.2,0.1
5360,2,6182.26,18611.37,0.454033,1.103488012164433e-06,0.747662,267.9,0.2389,269.1,0.1
5361,2,6182.97,18608.87,0.401505,1.1034540835625231e-06,0.606633,267.9,0.2389,269.0,0.1
5362,2,6183.66,18606.35,0.390895,1.1034201490945272e-06,1.048706,271.0,0.2362,269.1,0.1
5363,2,6184.37,18603.85,0.434378,1.1033862087612127e-06,0.843034,267.5,0.2392,269.1,0.1
5364,2,6185.07,18601.34,0.441044,1.1033522625633465e-06,0.691192,268.3,0.2385,269.0,0.1
5365,2,6185.78,18598.83,0.482305,1.103318310501696e-06,0.700146,266.0,0.2406,268.9,0.1
5366,2,6186.48,18596.32,0.409611,1.1032843525770286e-06,0.570612,268.1,0.2387,268.9,0.1
5367,2,6187.17,18593.8,0.480659,1.1032503887901116e-06,0.766705,270.7,0.2364,269.2,0.1
5368,2,6187.88,18591.29,0.443907,1.103216419141713e-06,0.657191,269.5,0.2375,269.1,0.1
5369,2,6188.58,18588.78,0.419732,1.1031824436326009e-06,0.559921,270.4,0.2367,269.2,0.1
5370,2,6189.28,18586.28,0.386761,1.1031484622635428e-06,0.889373,268.8,0.2381,269.0,0.1
5371,2,6189.98,18583.77,0.391143,1.1031144750353068e-06,0.578537,268.3,0.2385,268.9,0.1
5372,2,6190.68,18581.25,0.420691,1.1030804819486615e-06,0.708444,269.6,0.2374,268.9,0.1
5373,2,6191.38,18578.75,0.420829,1.103046483004375e-06,0.710725,269.4,0.2376,268.8,0.1
5374,2,6191.94,18575.82,0.484913,1.1030124782032157e-06,1.604946,226.3,0.1016,267.9,0.1
5375,3,6198.07,18589.6,0.434577,1.1029784675459523e-06,0.863916,261.7,0.2445,10.8,95.9
5376,3,6199.05,18587.93,0.453214,1.1029444510333537e-06,1.312177,166.3,0.3849,20.3,90.0
5377,3,6201.24,18589.89,0.429225,1.1029104286661886e-06,0.90674,266.7,0.24,24.1,89.1
5378,3,6206.88,18602.19,0.442951,1.1028764004452261e-06,1.075755,259.3,0.2468,19.5,91.5
5379,3,6207.77,18600.22,0.452521,1.1028423663712355e-06,0.644368,151.9,0.4212,23.6,88.7
5380,3,6208.31,18597.23,0.425555,1.1028083264449858e-06,0.658695,265.3,0.2413,27.8,87.1
5381,3,6209.12,18595.05,0.371124,1.1027742806672465e-06,0.60242,262.6,0.2437,31.9,85.6
5382,3,6209.93,18592.86,0.428894,1.1027402290387875e-06,0.936809,185.8,0.3445,35.6,83.6
5383,3,6211.11,18591.8,0.435745,1.102706171560378e-06,1.014258,258.3,0.2478,37.9,82.8
5384,3,6211.83,18589.34,0.447782,1.102672108232788e-06,0.698005,257.2,0.2488,41.4,81.5
5385,3,6212.54,18586.85,0.397875,1.1026380390567875e-06,0.816703,258.7,0.2474,44.8,80.2
5386,3,6213.28,18584.47,0.427404,1.1026039640331465e-06,0.631361,223.6,0.2862,48.0,78.8
5387,3,6213.96,18581.9,0.428726,1.1025698831626354e-06,0.635729,242.3,0.2642,51.2,77.5
5388,3,6214.65,18579.36,0.408191,1.1025357964460241e-06,0.665774,264.7,0.2418,54.3,76.4
5389,3,6215.35,18576.85,0.396935,1.1025017038840834e-06,0.619973,261.7,0.2445,57.3,75.2
5390,3,6216.05,18574.34,0.405416,1.102467605477584e-06,0.655932,267.1,0.2397,60.3,74.2
5391,3,6216.75,18571.83,0.441665,1.1024335012272963e-06,0.623688,267.2,0.2395,63.1,73.1
5392,3,6217.45,18569.34,0.458719,1.1023993911339915e-06,0.6439,264.8,0.2417,65.9,72.1
5393,3,6218.16,18566.84,0.39523,1.1023652751984405e-06,0.650488,265.7,0.2409,68.6,71.2
5394,3,6218.86,18564.34,0.420385,1.1023311534214144e-06,0.644734,264.1,0.2424,71.3,70.2
5395,3,6219.56,18561.83,0.412202,1.1022970258036845e-06,1.152055,265.9,0.2407,104.3,56.4
5396,3,6220.25,18559.32,0.427924,1.1022628923460224e-06,0.89673,267.8,0.239,105.5,57.1
5397,3,6220.96,18556.82,0.409764,1.1022287530491993e-06,0.864959,266.5,0.2402,119.4,51.5
5398,3,6221.66,18554.32,0.38467,1.102194607913987e-06,0.686492,265.2,0.2414,221.0,10.3
5399,3,6222.35,18551.8,0.393742,1.1021604569411573e-06,0.69901,270.4,0.2367,228.5,10.5
5400,3,6223.05,18549.29,0.402666,1.102126300131482e-06,0.855584,269.8,0.2372,228.7,10.5
5401,3,6245.93,18612.89,0.40088,1.1020921374857333e-06,0.570853,242.3,0.2642,227.9,10.5
5402,3,6246.61,18610.32,0.410109,1.1020579690046834e-06,0.779525,265.9,0.2407,232.3,10.6
5403,3,6247.31,18607.8,0.458631,1.1020237946891044e-06,0.78288,267.0,0.2397,259.0,0.5
5404,3,6248.01,18605.28,0.459964,1.1019896145397692e-06,0.725748,267.3,0.2394,259.5,0.5
5405,3,6248.7,18602.74,0.425958,1.10195542855745e-06,0.703066,271.1,0.236,260.2,0.5
5406,3,6249.4,18600.22,0.418755,1.1019212367429198e-06,0.626104,269.0,0.2379,262.9,0.4
5407,3,6250.1,18597.71,0.409722,1.101887039096951e-06,0.670243,264.1,0.2423,264.2,0.4
5408,3,6250.79,18595.17,0.457755,1.101852835620317e-06,0.932102,271.3,0.2359,264.6,0.3
5409,3,6251.48,18592.65,0.444731,1.1018186263137908e-06,0.902689,268.7,0.2382,265.0,0.3
5410,3,6252.18,18590.13,0.41689,1.1017844111781455e-06,0.774934,268.8,0.2381,265.2,0.3
5411,3,6252.88,18587.61,0.396698,1.1017501902141546e-06,0.663929,267.8,0.239,265.2,0.3
5412,3,6253.58,18585.09,0.470578,1.1017159634225917e-06,0.757367,265.3,0.2413,265.3,0.3
5413,3,6254.27,18582.57,0.437654,1.1016817308042302e-06,0.965936,266.8,0.2399,265.3,0.3
5414,3,6254.98,18580.08,0.416028,1.1016474923598442e-06,0.711971,258.6,0.2475,265.1,0.3
5415,3,6255.67,18577.54,0.42652,1.1016132480902073e-06,0.881796,267.8,0.239,265.2,0.3
5416,3,6256.36,18575.03,0.462718,1.101578997996094e-06,0.611262,267.1,0.2396,265.2,0.3
5417,3,6257.06,18572.51,0.431813,1.101544742078278e-06,0.897761,268.0,0.2388,265.2,0.3
5418,3,6257.76,18570.0,0.407316,1.1015104803375336e-06,0.747521,269.3,0.2377,265.5,0.3
5419,3,6258.46,18567.48,0.411717,1.1014762127746354e-06,0.738364,268.2,0.2386,265.4,0.3
5420,3,6259.15,18564.97,0.433515,1.101441939390358e-06,0.693576,269.2,0.2378,265.3,0.3
5421,3,6259.87,18562.52,0.424891,1.101407660185476e-06,0.715722,260.3,0.2459,266.4,0.2
5422,3,6260.56,18559.99,0.450907,1.1013733751607643e-06,0.826828,268.1,0.2387,266.6,0.2
5423,3,6261.26,18557.48,0.416596,1.1013390843169977e-06,0.723867,269.6,0.2374,266.7,0.2
5424,3,6261.96,18554.98,0.446597,1.1013047876549518e-06,0.704536,267.0,0.2397,266.7,0.2
5425,3,6262.66,18552.47,0.406985,1.1012704851754012e-06,0.563119,267.2,0.2395,266.6,0.2
5426,3,6263.35,18549.97,0.39223,1.1012361768791214e-06,0.772232,267.7,0.2391,266.5,0.2
5427,3,6264.05,18547.45,0.371414,1.1012018627668879e-06,0.821301,270.2,0.2369,266.8,0.2
5428,3,6264.75,18544.96,0.419156,1.1011675428394765e-06,0.660438,265.3,0.2412,266.5,0.2
5429,3,6265.45,18542.46,0.413768,1.101133217097663e-06,0.778711,261.7,0.2446,266.2,0.2
5430,3,6266.16,18539.97,0.420945,1.1010988855422226e-06,0.594367,257.0,0.2491,265.6,0.2
5431,3,6266.85,18537.47,0.44654,1.1010645481739321e-06,0.930994,255.6,0.2504,264.9,0.2
5432,3,6267.55,18534.96,0.406732,1.1010302049935675e-06,0.685445,261.9,0.2444,264.7,0.2
5433,3,6268.24,18532.44,0.391914,1.100995856001905e-06,0.569445,269.1,0.2378,264.8,0.2
5434,3,6268.94,18529.95,0.415694,1.1009615011997208e-06,0.53332,268.0,0.2388,265.3,0.2
5435,3,6269.64,18527.44,0.438644,1.1009271405877914e-06,0.625601,268.5,0.2383,265.3,0.2
5436,3,6270.34,18524.95,0.473949,1.1008927741668936e-06,0.807562,266.8,0.2399,265.3,0.2
5437,3,6271.03,18522.45,0.428688,1.1008584019378043e-06,0.916472,269.2,0.2377,265.4,0.2
5438,3,6271.74,18519.96,0.432454,1.1008240239013004e-06,0.774944,267.6,0.2392,265.2,0.2
5439,3,6272.43,18517.46,0.446075,1.1007896400581588e-06,0.644039,269.0,0.2379,265.3,0.2
5440,3,6273.13,18514.97,0.432098,1.100755250409157e-06,0.591653,266.1,0.2405,265.1,0.2
5441,3,6273.84,18512.5,0.467902,1.100720854955072e-06,0.869788,269.5,0.2375,265.6,0.2
5442,3,6274.54,18510.0,0.424049,1.1006864536966814e-06,0.600402,268.6,0.2382,265.6,0.2
5443,3,6275.24,18507.52,0.443361,1.1006520466347627e-06,0.781334,266.1,0.2405,265.4,0.2
5444,3,6275.93,18505.01,0.431093,1.1006176337700936e-06,0.780855,269.7,0.2373,265.5,0.3
5445,3,6276.63,18502.53,0.417749,1.100583215103452e-06,0.682408,268.6,0.2383,265.6,0.3
5446,3,6277.33,18500.04,0.40242,1.1005487906356161e-06,0.934514,266.6,0.24,265.5,0.3
5447,3,6278.03,18497.54,0.380875,1.1005143603673638e-06,0.678677,268.4,0.2384,265.4,0.3
5448,3,6278.73,18495.05,0.427009,1.1004799242994733e-06,0.856362,267.6,0.2392,265.5,0.3
5449,3,6279.43,18492.57,0.398483,1.100445482432723e-06,0.756935,268.8,0.2381,265.8,0.3
5450,3,6280.13,18490.08,0.397104,1.1004110347678914e-06,0.624138,267.7,0.2391,266.4,0.3
5451,3,6280.83,18487.59,0.355282,1.1003765813057572e-06,0.508905,265.4,0.2411,266.9,0.3
5452,3,6281.53,18485.11,0.449655,1.1003421220470993e-06,0.713822,264.9,0.2416,267.1,0.3
5453,3,6282.23,18482.62,0.419465,1.100307656992696e-06,0.516509,266.2,0.2404,266.9,0.3
5454,3,6282.93,18480.14,0.438002,1.100273186143327e-06,0.946022,266.5,0.2401,266.8,0.3
5455,3,6283.62,18477.66,0.445708,1.1002387094997712e-06,0.892715,266.4,0.2402,266.7,0.3
5456,3,6284.32,18475.17,0.443954,1.1002042270628082e-06,0.685344,266.9,0.2398,266.7,0.3
5457,3,6285.02,18472.7,0.377085,1.1001697388332168e-06,0.78577,265.6,0.241,266.5,0.3
5458,3,6285.73,18470.25,0.423899,1.100135244811777e-06,0.838385,252.3,0.2536,265.7,0.3
5459,3,6286.42,18467.72,0.414392,1.100100744999268e-06,0.598041,268.4,0.2385,265.7,0.3
5460,3,6287.12,18465.24,0.425596,1.1000662393964702e-06,0.87446,267.2,0.2395,265.7,0.3
5461,3,6287.83,18462.8,0.454166,1.1000317280041633e-06,0.554424,264.1,0.2423,265.5,0.3
5462,3,6288.52,18460.31,0.408337,1.0999972108231274e-06,0.711411,270.1,0.237,265.6,0.3
5463,3,6289.23,18457.84,0.473471,1.0999626878541426e-06,0.91454,267.2,0.2395,265.6,0.3
5464,3,6289.92,18455.35,0.442852,1.0999281590979895e-06,0.71591,270.8,0.2363,265.7,0.3
5465,3,6290.62,18452.88,0.417337,1.0998936245554482e-06,0.901854,266.6,0.24,265.6,0.3
5466,3,6291.32,18450.41,0.431085,1.0998590842272997e-06,0.67331,265.0,0.2415,265.5,0.3
5467,3,6292.02,18447.93,0.441568,1.0998245381143244e-06,0.89887,264.4,0.2421,265.3,0.3
5468,3,6292.72,18445.44,0.395511,1.0997899862173033e-06,0.52729,271.0,0.2362,265.5,0.3
5469,3,6293.42,18442.97,0.443302,1.0997554285370171e-06,0.951589,268.5,0.2383,265.5,0.3
5470,3,6294.13,18440.54,0.402346,1.0997208650742475e-06,0.626593,253.9,0.2521,264.7,0.3
5471,3,6294.82,18438.02,0.450191,1.0996862958297755e-06,0.542968,269.2,0.2377,264.9,0.3
5472,3,6295.51,18435.55,0.38604,1.0996517208043821e-06,0.831305,269.7,0.2373,265.2,0.3
5473,3,6296.21,18433.07,0.395511,1.0996171399988493e-06,0.897737,268.4,0.2385,265.3,0.3
5474,3,6296.91,18430.6,0.420692,1.0995825534139585e-06,0.784072,267.3,0.2395,265.3,0.3
5475,3,6297.62,18428.15,0.481114,1.0995479610504917e-06,1.184731,257.1,0.2489,264.9,0.3
5476,3,6298.3,18425.64,0.473076,1.0995133629092304e-06,0.727569,271.6,0.2357,265.1,0.3
5477,3,6299.0,18423.17,0.447352,1.099478758990957e-06,0.745173,268.2,0.2386,265.3,0.3
5478,3,6299.7,18420.71,0.38349,1.0994441492964535e-06,0.650337,267.0,0.2397,266.0,0.3
5479,3,6300.4,18418.24,0.438349,1.0994095338265023e-06,0.831411,266.2,0.2404,265.9,0.3
5480,3,6301.11,18415.79,0.385331,1.0993749125818859e-06,0.525828,260.0,0.2462,265.5,0.3
5481,3,6301.81,18413.33,0.383719,1.0993402855633867e-06,0.559915,267.1,0.2396,265.6,0.3
5482,3,6302.51,18410.86,0.431308,1.0993056527717872e-06,0.748602,268.2,0.2386,265.5,0.3
5483,3,6303.21,18408.4,0.383819,1.0992710142078707e-06,0.570588,264.2,0.2422,265.4,0.3
5484,3,6303.9,18405.92,0.410365,1.0992363698724195e-06,0.664266,270.4,0.2367,265.4,0.3
5485,3,6304.6,18403.45,0.434084,1.0992017197662173e-06,0.716179,271.8,0.2355,265.6,0.3
5486,3,6305.3,18400.99,0.454692,1.099167063890047e-06,0.799618,265.7,0.2408,265.7,0.3
5487,3,6306.0,18398.52,0.437763,1.0991324022446921e-06,0.666915,270.8,0.2363,265.9,0.3
5488,3,6306.7,18396.06,0.446475,1.099097734830936e-06,0.910813,269.5,0.2374,265.9,0.3
5489,3,6307.4,18393.62,0.426407,1.0990630616495622e-06,0.663031,258.3,0.2477,265.4,0.3
5490,3,6308.09,18391.13,0.375652,1.0990283827013545e-06,0.833756,268.2,0.2387,266.1,0.3
5491,3,6308.79,18388.67,0.386542,1.098993697987097e-06,0.651294,267.7,0.2391,266.0,0.3
5492,3,6309.49,18386.2,0.442761,1.098959007507573e-06,0.649363,268.5,0.2383,266.0,0.3
5493,3,6310.19,18383.74,0.40485,1.0989243112635676e-06,0.84446,269.4,0.2376,266.0,0.3
5494,3,6310.89,18381.29,0.463891,1.0988896092558642e-06,0.634427,264.8,0.2417,265.9,0.3
5495,3,6311.58,18378.83,0.494399,1.0988549014852476e-06,0.810092,270.4,0.2367,266.6,0.3
5496,3,6312.29,18376.38,0.444796,1.0988201879525021e-06,0.721892,266.0,0.2406,266.3,0.3
5497,3,6312.98,18373.92,0.423638,1.0987854686584127e-06,1.211287,267.7,0.2391,266.3,0.3
5498,3,6313.68,18371.45,0.45032,1.098750743603764e-06,0.840345,270.0,0.237,266.4,0.3
5499,3,6314.38,18368.99,0.432114,1.0987160127893407e-06,0.704463,270.4,0.2367,266.7,0.3
5500,3,6315.08,18366.54,0.465332,1.0986812762159282e-06,0.699364,269.0,0.2379,267.2,0.3
5501,3,6315.78,18364.11,0.404142,1.0986465338843112e-06,0.702813,266.8,0.2399,267.2,0.3
5502,3,6316.48,18361.65,0.440019,1.0986117857952752e-06,0.704966,267.8,0.239,267.1,0.3
5503,3,6317.18,18359.2,0.404936,1.0985770319496058e-06,0.79528,266.5,0.2402,267.2,0.3
5504,3,6317.89,18356.79,0.3979,1.0985422723480884e-06,0.626427,254.1,0.2518,266.4,0.3
5505,3,6318.59,18354.34,0.486983,1.0985075069915089e-06,0.861531,254.5,0.2515,265.5,0.3
5506,3,6319.28,18351.86,0.404414,1.098472735880653e-06,0.69428,263.1,0.2433,265.3,0.3
5507,3,6319.98,18349.4,0.386607,1.0984379590163063e-06,0.542977,269.1,0.2378,265.3,0.3
5508,3,6320.68,18346.97,0.397025,1.0984031763992554e-06,0.589216,263.9,0.2425,265.0,0.3
5509,3,6321.38,18344.51,0.460505,1.0983683880302861e-06,0.708052,267.1,0.2396,265.4,0.3
5510,3,6322.08,18342.07,0.398629,1.0983335939101849e-06,0.759979,265.6,0.241,265.3,0.3
5511,3,6322.78,18339.61,0.459755,1.0982987940397383e-06,0.74923,268.9,0.238,265.3,0.3
5512,3,6323.48,18337.16,0.419123,1.0982639884197327e-06,0.623318,269.1,0.2378,265.3,0.3
5513,3,6324.17,18334.71,0.394902,1.0982291770509552e-06,0.543122,269.3,0.2377,265.3,0.3
5514,3,6324.87,18332.26,0.426273,1.0981943599341921e-06,0.715265,270.7,0.2364,265.6,0.3
5515,3,6325.57,18329.83,0.379342,1.0981595370702309e-06,0.643175,266.1,0.2406,265.4,0.3
5516,3,6326.27,18327.38,0.452687,1.0981247084598584e-06,0.600482,268.6,0.2383,265.5,0.3
5517,3,6326.97,18324.94,0.370483,1.098089874103862e-06,0.578722,267.8,0.239,265.5,0.3
5518,3,6327.67,18322.5,0.422566,1.098055034003029e-06,0.758402,267.4,0.2394,265.3,0.3
5519,3,6328.38,18320.07,0.406719,1.0980201881581473e-06,0.82893,263.1,0.2432,265.0,0.3
5520,3,6329.08,18317.63,0.374021,1.097985336570004e-06,0.68049,265.7,0.2408,264.8,0.3
5521,3,6329.78,18315.21,0.441444,1.0979504792393871e-06,0.595623,269.6,0.2374,264.9,0.3
5522,3,6330.49,18312.78,0.4348,1.0979156161670845e-06,0.598801,265.9,0.2407,264.8,0.3
5523,3,6331.19,18310.34,0.442444,1.0978807473538838e-06,0.782872,265.6,0.2409,264.7,0.4
5524,3,6331.88,18307.9,0.417642,1.0978458728005739e-06,0.664935,266.2,0.2404,265.3,0.4
5525,3,6332.58,18305.46,0.434961,1.0978109925079425e-06,0.735087,269.9,0.2371,266.2,0.4
5526,3,6333.28,18303.02,0.43791,1.0977761064767782e-06,0.914868,268.4,0.2385,266.4,0.4
5527,3,6333.98,18300.59,0.449103,1.0977412147078696e-06,0.756984,266.0,0.2406,266.3,0.4
5528,3,6334.68,18298.16,0.419119,1.0977063172020051e-06,0.671165,265.6,0.2409,266.4,0.4
5529,3,6335.39,18295.73,0.447783,1.0976714139599738e-06,0.85524,263.0,0.2433,266.2,0.3
5530,3,6336.08,18293.28,0.410143,1.0976365049825647e-06,0.68058,269.7,0.2373,266.4,0.3
5531,3,6336.78,18290.85,0.398865,1.0976015902705668e-06,0.568756,265.5,0.241,266.2,0.3
5532,3,6337.48,18288.41,0.390281,1.097566669824769e-06,0.643741,271.8,0.2355,266.4,0.3
5533,3,6338.18,18285.98,0.378897,1.097531743645961e-06,0.485292,268.5,0.2383,266.4,0.3
5534,3,6338.87,18283.54,0.387463,1.097496811734932e-06,0.697462,269.3,0.2377,266.3,0.3
5535,3,6339.59,18281.15,0.484127,1.0974618740924717e-06,0.750329,254.6,0.2514,265.7,0.3
5536,3,6340.28,18278.69,0.426079,1.0974269307193698e-06,0.661964,263.5,0.2429,265.5,0.3
5537,3,6340.97,18276.25,0.396413,1.097391981616416e-06,0.557979,267.3,0.2395,265.5,0.3
5538,3,6341.67,18273.81,0.405337,1.0973570267844004e-06,0.764494,269.1,0.2378,265.6,0.3
5539,3,6342.37,18271.39,0.405737,1.097322066224113e-06,0.75129,266.2,0.2404,265.7,0.3
5540,3,6343.07,18268.95,0.400606,1.097287099936344e-06,0.53601,271.8,0.2355,266.0,0.3
5541,3,6343.78,18266.56,0.420788,1.0972521279218841e-06,0.681692,267.9,0.2389,265.9,0.3
5542,3,6344.48,18264.13,0.419576,1.0972171501815234e-06,0.502433,267.5,0.2392,266.0,0.3
5543,3,6345.18,18261.72,0.375407,1.0971821667160526e-06,0.691797,262.7,0.2437,265.9,0.3
5544,3,6345.88,18259.3,0.425593,1.0971471775262626e-06,0.534,263.9,0.2425,265.8,0.3
5545,3,6346.58,18256.87,0.421482,1.0971121826129444e-06,0.665029,265.2,0.2413,265.6,0.3
5546,3,6347.28,18254.44,0.419115,1.0970771819768886e-06,0.657954,268.8,0.2381,265.6,0.3
5547,3,6347.98,18252.02,0.400218,1.0970421756188864e-06,0.72818,265.7,0.2408,265.6,0.3
5548,3,6348.68,18249.59,0.375764,1.0970071635397293e-06,0.451941,268.1,0.2388,265.7,0.3
5549,3,6349.38,18247.16,0.429551,1.0969721457402084e-06,0.780653,268.9,0.2381,266.0,0.3
5550,3,6350.08,18244.75,0.413813,1.0969371222211156e-06,0.58112,264.7,0.2418,265.7,0.3
5551,3,6350.78,18242.33,0.46586,1.0969020929832422e-06,0.714599,267.1,0.2396,265.8,0.3
5552,3,6351.48,18239.91,0.439563,1.09686705802738e-06,0.917177,264.7,0.2418,265.5,0.3
5553,3,6352.19,18237.51,0.389093,1.0968320173543213e-06,0.646938,256.7,0.2493,264.8,0.3
5554,3,6352.87,18235.06,0.406134,1.0967969709648578e-06,0.669215,269.3,0.2376,264.9,0.3
5555,3,6353.57,18232.64,0.435677,1.0967619188597816e-06,0.785169,268.8,0.2381,265.6,0.3
5556,3,6354.27,18230.21,0.402389,1.0967268610398852e-06,0.815495,269.2,0.2378,265.9,0.3
5557,3,6354.97,18227.8,0.418011,1.096691797505961e-06,0.763609,269.9,0.2371,266.0,0.3
5558,3,6355.67,18225.39,0.450085,1.0966567282588014e-06,0.585633,267.6,0.2391,265.9,0.3
5559,3,6356.37,18222.97,0.404807,1.0966216532991992e-06,0.559341,266.1,0.2405,265.9,0.3
5560,3,6357.07,18220.55,0.43769,1.0965865726279472e-06,0.691335,269.2,0.2377,265.8,0.3
5561,3,6357.78,18218.17,0.408392,1.0965514862458384e-06,0.993944,266.4,0.2402,265.8,0.3
5562,3,6358.48,18215.75,0.38602,1.0965163941536657e-06,0.749612,267.9,0.2389,265.7,0.3
5563,3,6359.18,18213.34,0.416054,1.0964812963522225e-06,0.819552,267.1,0.2396,266.0,0.3
5564,3,6359.88,18210.93,0.384895,1.096446192842302e-06,0.715288,266.2,0.2405,266.1,0.3
5565,3,6360.59,18208.55,0.410348,1.0964110836246977e-06,0.809371,258.0,0.2481,265.7,0.3
5566,3,6361.28,18206.11,0.399041,1.0963759687002032e-06,0.544409,267.6,0.2391,265.7,0.3
5567,3,6361.98,18203.71,0.430748,1.0963408480696123e-06,0.663373,265.3,0.2412,265.7,0.3
5568,3,6362.69,18201.31,0.414299,1.0963057217337185e-06,0.583585,259.8,0.2463,265.3,0.3
5569,3,6363.38,18198.89,0.404246,1.0962705896933163e-06,0.636504,262.3,0.244,264.9,0.3
5570,3,6364.08,18196.48,0.410804,1.0962354519491992e-06,0.669094,265.8,0.2408,265.0,0.3
5571,3,6364.78,18194.07,0.450713,1.096200308502162e-06,0.821843,266.7,0.24,265.0,0.3
5572,3,6365.48,18191.65,0.442787,1.0961651593529988e-06,1.124863,268.8,0.2381,265.2,0.3
5573,3,6366.18,18189.25,0.415777,1.0961300045025042e-06,0.713644,269.1,0.2379,265.8,0.3
5574,3,6366.88,18186.85,0.435419,1.0960948439514725e-06,0.655987,269.9,0.2372,265.8,0.3
5575,3,6367.58,18184.44,0.444015,1.0960596777006988e-06,0.609829,268.4,0.2385,265.8,0.3
5576,3,6368.28,18182.04,0.431976,1.0960245057509777e-06,0.829136,267.3,0.2394,265.7,0.3
5577,3,6368.98,18179.64,0.4295,1.0959893281031047e-06,0.643535,266.8,0.2398,265.6,0.3
5578,3,6369.68,18177.23,0.392075,1.0959541447578743e-06,0.534286,268.8,0.2381,265.6,0.3
5579,3,6370.38,18174.83,0.419246,1.0959189557160823e-06,0.676653,267.2,0.2395,265.7,0.3
5580,3,6371.08,18172.43,0.423227,1.0958837609785237e-06,0.583454,267.5,0.2392,265.6,0.3
5581,3,6371.8,18170.08,0.419643,1.0958485605459942e-06,0.619894,256.7,0.2493,265.1,0.3
5582,3,6372.49,18167.65,0.42341,1.0958133544192895e-06,0.709868,267.0,0.2397,265.1,0.2
5583,3,6373.19,18165.25,0.401447,1.095778142599205e-06,0.663948,266.7,0.2399,265.1,0.2
5584,3,6373.89,18162.84,0.452572,1.0957429250865372e-06,0.781062,268.2,0.2386,265.2,0.2
5585,3,6374.59,18160.45,0.390862,1.0957077018820817e-06,0.667792,265.8,0.2408,265.6,0.2
5586,3,6375.29,18158.04,0.44272,1.0956724729866348e-06,0.486308,267.7,0.239,265.6,0.2
5587,3,6375.99,18155.64,0.392229,1.095637238400993e-06,0.836968,268.0,0.2388,265.7,0.2
5588,3,6376.68,18153.24,0.383813,1.095601998125952e-06,0.912407,270.7,0.2365,266.3,0.2
5589,3,6377.39,18150.84,0.444484,1.0955667521623091e-06,0.666806,268.5,0.2384,266.6,0.2
5590,3,6378.09,18148.45,0.376067,1.0955315005108609e-06,0.739906,268.8,0.2381,266.7,0.2
5591,3,6378.78,18146.05,0.431727,1.0954962431724038e-06,0.67553,269.8,0.2372,266.9,0.2
5592,3,6379.5,18143.71,0.388006,1.095460980147735e-06,0.60579,249.3,0.2568,265.9,0.2
5593,3,6380.19,18141.27,0.458433,1.0954257114376517e-06,0.819016,265.8,0.2408,265.7,0.2
5594,3,6380.89,18138.87,0.398636,1.0953904370429508e-06,0.587993,267.9,0.2389,265.6,0.2
5595,3,6381.59,18136.49,0.440299,1.0953551569644297e-06,0.677869,264.0,0.2424,265.4,0.2
5596,3,6382.29,18134.09,0.438966,1.0953198712028859e-06,0.653486,268.4,0.2385,265.4,0.3
5597,3,6382.99,18131.72,0.424438,1.095284579759117e-06,0.556833,260.6,0.2456,265.1,0.3
5598,3,6383.69,18129.31,0.397844,1.0952492826339207e-06,0.952417,267.5,0.2393,265.0,0.3
5599,3,6384.39,18126.92,0.433367,1.0952139798280949e-06,0.592059,268.3,0.2385,265.0,0.3
5600,3,6385.09,18124.52,0.464306,1.0951786713424376e-06,1.006845,268.5,0.2383,265.1,0.3
5601,3,6522.79,18510.95,0.41718,1.0951433571777466e-06,0.789166,236.1,0.2711,263.8,0.3
5602,3,6523.47,18508.39,0.472398,1.0951080373348204e-06,0.711779,268.0,0.2388,263.8,0.3
5603,3,6524.16,18505.89,0.434448,1.095072711814457e-06,0.765203,271.4,0.2358,264.1,0.3
5604,3,6524.85,18503.39,0.411878,1.0950373806174554e-06,0.715454,271.6,0.2356,264.2,0.3
5605,3,6525.55,18500.89,0.447735,1.0950020437446137e-06,0.805846,268.9,0.238,264.4,0.3
5606,3,6526.24,18498.39,0.448937,1.094966701196731e-06,0.581616,269.6,0.2374,264.5,0.3
5607,3,6526.94,18495.9,0.423245,1.0949313529746057e-06,1.023364,272.4,0.235,264.7,0.3
5608,3,6527.63,18493.4,0.423817,1.0948959990790374e-06,0.743049,271.8,0.2355,264.7,0.3
5609,3,6528.33,18490.93,0.414697,1.0948606395108248e-06,0.701037,261.8,0.2444,264.4,0.3
5610,3,6529.02,18488.41,0.38684,1.0948252742707673e-06,0.872207,269.3,0.2377,264.5,0.3
5611,3,6529.72,18485.93,0.442253,1.0947899033596642e-06,0.778872,266.7,0.24,264.3,0.3
5612,3,6530.41,18483.43,0.428369,1.094754526778315e-06,0.648918,269.6,0.2374,265.4,0.3
5613,3,6531.11,18480.96,0.426066,1.0947191445275195e-06,0.631827,265.0,0.2415,265.3,0.3
5614,3,6531.81,18478.49,0.430156,1.0946837566080774e-06,0.76191,258.8,0.2473,264.9,0.3
5615,3,6532.5,18475.97,0.419437,1.0946483630207884e-06,0.617167,267.5,0.2393,265.1,0.3
5616,3,6533.19,18473.48,0.403799,1.0946129637664528e-06,0.627679,268.2,0.2386,265.1,0.3
5617,3,6533.89,18470.99,0.425692,1.0945775588458706e-06,0.808206,270.2,0.2369,265.6,0.3
5618,3,6534.58,18468.51,0.460351,1.0945421482598418e-06,0.646978,270.2,0.2368,265.7,0.3
5619,3,6535.28,18466.03,0.44526,1.0945067320091671e-06,0.637642,265.9,0.2406,265.6,0.3
5620,3,6535.98,18463.55,0.419531,1.0944713100946472e-06,0.990719,266.7,0.24,265.5,0.3
5621,3,6536.68,18461.1,0.434309,1.0944358825170823e-06,0.617568,261.5,0.2448,267.1,0.2
5622,3,6537.37,18458.6,0.427321,1.0944004492772736e-06,0.595552,266.3,0.2403,267.0,0.2
5623,3,6538.07,18456.12,0.418525,1.0943650103760216e-06,0.782721,267.6,0.2391,266.9,0.2
5624,3,6538.76,18453.63,0.408484,1.0943295658141277e-06,0.623228,269.8,0.2372,266.7,0.2
5625,3,6539.46,18451.15,0.419073,1.0942941155923928e-06,0.850386,270.5,0.2366,266.8,0.2
5626,3,6540.15,18448.67,0.425719,1.0942586597116185e-06,1.063652,272.4,0.2349,266.9,0.2
5627,3,6540.85,18446.2,0.384487,1.094223198172606e-06,0.68241,268.8,0.2381,266.8,0.2
5628,3,6541.55,18443.73,0.476955,1.0941877309761568e-06,0.77954,265.1,0.2414,266.4,0.2
5629,3,6542.24,18441.25,0.420321,1.0941522581230727e-06,0.655584,272.5,0.2348,267.0,0.2
5630,3,6542.94,18438.78,0.409594,1.0941167796141554e-06,0.656096,269.5,0.2375,267.0,0.2
5631,3,6543.64,18436.3,0.462615,1.0940812954502072e-06,0.49965,272.3,0.2351,267.3,0.2
5632,3,6544.34,18433.85,0.449685,1.0940458056320296e-06,0.664297,262.1,0.2442,266.9,0.2
5633,3,6545.03,18431.36,0.409832,1.0940103101604252e-06,0.56786,266.2,0.2404,266.9,0.2
5634,3,6545.73,18428.89,0.441152,1.093974809036196e-06,0.900559,268.6,0.2383,267.4,0.2
5635,3,6546.43,18426.42,0.452731,1.0939393022601449e-06,0.680102,268.3,0.2386,267.4,0.2
5636,3,6547.13,18423.96,0.435895,1.0939037898330742e-06,0.916993,265.0,0.2415,267.3,0.3
5637,3,6547.83,18421.51,0.400602,1.0938682717557863e-06,0.811681,259.3,0.2468,266.8,0.2
5638,3,6548.52,18419.02,0.458449,1.0938327480290846e-06,1.024496,270.1,0.2369,266.7,0.2
5639,3,6549.22,18416.55,0.445823,1.0937972186537717e-06,0.697832,269.3,0.2376,266.9,0.2
5640,3,6549.92,18414.1,0.401636,1.0937616836306508e-06,0.646206,266.8,0.2399,266.9,0.2
5641,3,6550.62,18411.66,0.441278,1.0937261429605252e-06,0.732019,271.6,0.2357,267.4,0.2
5642,3,6551.32,18409.2,0.40858,1.0936905966441978e-06,0.57645,267.6,0.2392,267.5,0.3
5643,3,6552.03,18406.75,0.394677,1.0936550446824724e-06,0.600168,265.2,0.2413,267.3,0.3
5644,3,6552.73,18404.29,0.404515,1.0936194870761528e-06,0.718166,266.7,0.24,267.2,0.3
5645,3,6553.42,18401.82,0.428941,1.0935839238260424e-06,0.865676,270.2,0.2368,267.2,0.3
5646,3,6554.13,18399.4,0.412734,1.0935483549329454e-06,0.58109,255.6,0.2503,266.3,0.3
5647,3,6554.82,18396.91,0.376399,1.0935127803976654e-06,0.673259,267.2,0.2395,266.2,0.3
5648,3,6555.52,18394.44,0.404705,1.0934772002210066e-06,0.636979,269.9,0.2371,266.4,0.3
5649,3,6556.21,18391.99,0.402414,1.0934416144037734e-06,0.64231,271.2,0.236,266.3,0.3
5650,3,6556.92,18389.54,0.387166,1.0934060229467698e-06,0.519288,267.0,0.2397,266.2,0.3
5651,3,6557.62,18387.11,0.432596,1.0933704258508007e-06,0.697941,259.7,0.2464,265.6,0.3
5652,3,6558.32,18384.64,0.412154,1.0933348231166705e-06,0.788666,267.5,0.2393,265.9,0.3
5653,3,6559.02,18382.19,0.460684,1.093299214745184e-06,0.601697,265.3,0.2413,265.8,0.3
5654,3,6559.72,18379.74,0.42224,1.093263600737146e-06,1.000614,268.3,0.2386,265.8,0.3
5655,3,6560.42,18377.3,0.401223,1.0932279810933614e-06,0.67592,267.4,0.2393,265.7,0.3
5656,3,6561.12,18374.85,0.392641,1.0931923558146355e-06,0.665411,265.4,0.2411,265.8,0.3
5657,3,6561.82,18372.4,0.458186,1.0931567249017736e-06,0.803413,268.3,0.2385,266.2,0.3
5658,3,6562.52,18369.95,0.427237,1.093121088355581e-06,0.706636,268.7,0.2382,266.2,0.3
5659,3,6563.22,18367.5,0.429759,1.0930854461768633e-06,1.149916,267.7,0.2391,266.1,0.3
5660,3,6563.92,18365.06,0.380149,1.093049798366426e-06,0.798842,267.4,0.2394,266.1,0.3
5661,3,6564.63,18362.63,0.42413,1.0930141449250748e-06,0.743349,272.8,0.2346,266.2,0.3
5662,3,6565.34,18360.23,0.43867,1.0929784858536158e-06,0.648579,253.8,0.2522,265.4,0.3
5663,3,6566.03,18357.75,0.464648,1.0929428211528549e-06,0.787348,269.7,0.2373,265.7,0.3
5664,3,6566.73,18355.32,0.416705,1.0929071508235981e-06,0.605002,267.3,0.2395,265.7,0.3
5665,3,6567.43,18352.87,0.453558,1.092871474866652e-06,0.742354,266.4,0.2402,265.5,0.3
5666,3,6568.13,18350.43,0.418487,1.0928357932828227e-06,0.738609,270.4,0.2367,266.3,0.3
5667,3,6568.84,18348.01,0.378631,1.092800106072917e-06,0.562938,264.1,0.2424,266.2,0.3
5668,3,6569.54,18345.56,0.420388,1.0927644132377413e-06,0.733842,267.1,0.2396,266.0,0.3
5669,3,6570.24,18343.12,0.424916,1.0927287147781024e-06,0.81548,265.6,0.241,265.8,0.3
5670,3,6570.94,18340.69,0.384963,1.0926930106948073e-06,0.626311,267.8,0.239,265.8,0.2
5671,3,6571.64,18338.26,0.423968,1.092657300988663e-06,0.701749,264.7,0.2418,266.1,0.2
5672,3,6572.35,18335.84,0.433879,1.0926215856604767e-06,0.943458,262.8,0.2436,265.8,0.2
5673,3,6573.05,18333.4,0.422991,1.0925858647110557e-06,0.654301,267.2,0.2395,265.9,0.2
5674,3,6573.75,18330.96,0.464026,1.0925501381412073e-06,0.732099,267.0,0.2397,265.9,0.3
5675,3,6574.45,18328.54,0.417369,1.0925144059517391e-06,0.552024,263.7,0.2427,265.7,0.3
5676,3,6575.15,18326.1,0.455123,1.0924786681434588e-06,0.942227,268.4,0.2385,265.8,0.3
5677,3,6575.86,18323.67,0.394189,1.0924429247171743e-06,0.611026,266.9,0.2397,265.7,0.3
5678,3,6576.56,18321.24,0.380497,1.0924071756736934e-06,0.690696,268.1,0.2387,265.7,0.3
5679,3,6577.26,18318.82,0.432989,1.092371421013824e-06,0.705152,262.9,0.2434,265.5,0.3
5680,3,6577.96,18316.38,0.476902,1.0923356607383744e-06,0.598791,263.7,0.2427,265.3,0.3
5681,3,6578.67,18313.98,0.379632,1.092299894848153e-06,0.572184,266.4,0.2402,265.0,0.3
5682,3,6579.38,18311.55,0.432887,1.0922641233439683e-06,0.681584,266.2,0.2404,265.6,0.3
5683,3,6580.07,18309.12,0.384068,1.0922283462266288e-06,0.69195,269.7,0.2373,265.6,0.3
5684,3,6580.78,18306.69,0.352385,1.092192563496943e-06,0.86639,265.7,0.2409,265.6,0.3
5685,3,6581.48,18304.26,0.410249,1.0921567751557197e-06,0.712041,268.0,0.2388,265.6,0.3
5686,3,6582.18,18301.83,0.509418,1.092120981203768e-06,0.856453,267.7,0.239,265.5,0.3
5687,3,6582.88,18299.41,0.446053,1.0920851816418968e-06,0.753073,266.7,0.24,265.6,0.3
5688,3,6583.58,18296.97,0.460996,1.0920493764709154e-06,0.768263,269.0,0.238,265.7,0.3
5689,3,6584.29,18294.57,0.460778,1.0920135656916332e-06,0.835989,257.7,0.2483,265.3,0.3
5690,3,6584.98,18292.11,0.425304,1.0919777493048596e-06,0.748205,269.9,0.2371,265.4,0.3
5691,3,6585.68,18289.69,0.45061,1.0919419273114039e-06,0.751217,267.7,0.2391,265.5,0.3
5692,3,6586.37,18287.26,0.429429,1.0919060997120761e-06,0.82718,269.3,0.2377,265.8,0.3
5693,3,6587.07,18284.82,0.450732,1.0918702665076861e-06,0.685455,269.6,0.2374,265.9,0.3
5694,3,6587.77,18282.4,0.40661,1.0918344276990437e-06,0.868596,267.9,0.2389,266.0,0.3
5695,3,6588.47,18279.97,0.406846,1.091798583286959e-06,0.767017,269.9,0.2371,266.3,0.3
5696,3,6589.18,18277.56,0.426162,1.0917627332722422e-06,0.563367,267.2,0.2396,266.3,0.3
5697,3,6589.87,18275.13,0.467068,1.0917268776557035e-06,0.843785,268.7,0.2382,266.3,0.3
5698,3,6590.57,18272.71,0.432459,1.0916910164381535e-06,0.658718,267.3,0.2394,266.3,0.3
5699,3,6591.27,18270.28,0.397823,1.0916551496204028e-06,0.742816,268.3,0.2385,266.6,0.3
5700,3,6591.97,18267.86,0.426315,1.091619277203262e-06,1.048875,270.9,0.2362,266.9,0.3
5701,3,6592.68,18265.46,0.419714,1.0915833991875423e-06,0.753372,270.6,0.2365,267.1,0.3
5702,3,6593.38,18263.04,0.435805,1.0915475155740543e-06,0.643629,269.2,0.2377,267.3,0.3
5703,3,6594.08,18260.62,0.419989,1.0915116263636089e-06,0.812345,268.4,0.2385,267.2,0.3
5704,3,6594.78,18258.2,0.452728,1.0914757315570178e-06,0.828559,268.3,0.2386,267.3,0.3
5705,3,6595.48,18255.79,0.413309,1.091439831155092e-06,0.859686,267.0,0.2397,267.3,0.3
5706,3,6596.18,18253.37,0.418458,1.0914039251586433e-06,0.739102,268.4,0.2385,267.3,0.3
5707,3,6596.88,18250.95,0.394927,1.091368013568483e-06,0.761844,268.9,0.238,267.4,0.3
5708,3,6597.58,18248.54,0.431435,1.0913320963854229e-06,0.688723,268.3,0.2385,267.4,0.3
5709,3,6598.28,18246.12,0.393381,1.091296173610275e-06,0.541733,268.2,0.2386,268.0,0.3
5710,3,6598.98,18243.71,0.423691,1.091260245243851e-06,0.714505,266.1,0.2405,267.8,0.3
5711,3,6599.68,18241.27,0.412285,1.0912243112869631e-06,0.686697,270.6,0.2365,267.9,0.3
5712,3,6600.38,18238.86,0.458449,1.0911883717404238e-06,0.82101,266.7,0.24,267.8,0.3
5713,3,6601.08,18236.45,0.411816,1.091152426605045e-06,0.678322,267.2,0.2395,267.7,0.3
5714,3,6601.78,18234.03,0.456207,1.0911164758816395e-06,0.866723,267.6,0.2392,267.7,0.3
5715,3,6602.48,18231.62,0.395186,1.0910805195710198e-06,0.484642,266.6,0.24,267.5,0.3
5716,3,6603.17,18229.2,0.403527,1.0910445576739987e-06,0.66893,270.9,0.2363,267.7,0.3
5717,3,6603.88,18226.8,0.438075,1.091008590191389e-06,0.89821,262.5,0.2438,267.4,0.3
5718,3,6604.57,18224.37,0.445797,1.0909726171240038e-06,0.793709,269.3,0.2376,267.5,0.3
5719,3,6605.27,18221.96,0.406685,1.0909366384726562e-06,0.604816,269.0,0.2379,267.5,0.3
5720,3,6605.97,18219.55,0.428353,1.090900654238159e-06,0.577558,268.0,0.2388,267.4,0.3
5721,3,6606.68,18217.17,0.429176,1.0908646644213262e-06,0.771131,268.9,0.238,267.3,0.3
5722,3,6607.38,18214.76,0.460702,1.090828669022971e-06,0.645187,266.8,0.2398,267.2,0.3
5723,3,6608.08,18212.36,0.410578,1.090792668043907e-06,0.84358,264.8,0.2417,267.0,0.3
5724,3,6608.78,18209.95,0.420658,1.090756661484948e-06,0.699039,266.4,0.2403,266.9,0.3
5725,3,6609.48,18207.54,0.461205,1.0907206493469077e-06,0.786719,264.9,0.2416,266.8,0.3
5726,3,6610.18,18205.13,0.414178,1.0906846316306004e-06,0.579869,269.1,0.2378,266.8,0.3
5727,3,6610.89,18202.74,0.398477,1.09064860833684e-06,0.768423,264.3,0.2422,266.6,0.3
5728,3,6611.58,18200.32,0.411059,1.090612579466441e-06,0.889156,267.7,0.2391,266.5,0.3
5729,3,6612.28,18197.92,0.420413,1.0905765450202175e-06,0.702162,265.8,0.2408,266.4,0.3
5730,3,6612.99,18195.53,0.394635,1.090540504998984e-06,0.583521,258.2,0.2479,266.0,0.3
5731,3,6613.68,18193.1,0.460438,1.0905044594035555e-06,0.880051,270.3,0.2367,266.0,0.3
5732,3,6614.38,18190.7,0.442558,1.0904684082347462e-06,0.723858,270.9,0.2363,266.2,0.3
5733,3,6615.09,18188.33,0.445516,1.0904323514933714e-06,0.90699,254.4,0.2515,265.5,0.3
5734,3,6615.78,18185.9,0.421178,1.0903962891802458e-06,0.768154,267.6,0.2392,265.5,0.3
5735,3,6616.48,18183.49,0.432453,1.0903602212961847e-06,0.779464,267.9,0.2389,265.6,0.3
5736,3,6617.18,18181.1,0.424739,1.0903241478420035e-06,0.964326,266.3,0.2404,265.3,0.3
5737,3,6617.88,18178.7,0.42302,1.0902880688185172e-06,0.945104,265.0,0.2415,265.5,0.3
5738,3,6618.58,18176.3,0.459153,1.0902519842265418e-06,0.824768,267.6,0.2392,265.4,0.3
5739,3,6619.28,18173.89,0.399847,1.0902158940668923e-06,0.52411,270.2,0.2368,265.4,0.3
5740,3,6619.98,18171.49,0.376786,1.090179798340385e-06,0.661578,269.6,0.2374,265.5,0.3
5741,3,6620.69,18169.13,0.436345,1.0901436970478357e-06,0.750166,264.0,0.2424,265.3,0.3
5742,3,6621.39,18166.74,0.403838,1.0901075901900604e-06,0.548667,265.6,0.241,265.2,0.3
5743,3,6622.09,18164.34,0.445997,1.0900714777678749e-06,1.019689,269.3,0.2377,265.4,0.3
5744,3,6622.79,18161.94,0.392896,1.0900353597820958e-06,0.745907,267.4,0.2393,265.5,0.3
5745,3,6623.49,18159.56,0.383181,1.0899992362335394e-06,0.807689,266.8,0.2398,265.6,0.3
5746,3,6624.19,18157.16,0.394886,1.0899631071230223e-06,0.833218,268.3,0.2386,265.5,0.3
5747,3,6624.89,18154.77,0.40586,1.089926972451361e-06,0.517078,268.7,0.2382,265.7,0.3
5748,3,6625.59,18152.38,0.436724,1.0898908322193723e-06,0.598055,269.2,0.2377,265.8,0.3
5749,3,6626.3,18150.0,0.449334,1.0898546864278733e-06,0.736916,265.5,0.2411,265.8,0.3
5750,3,6627.0,18147.6,0.441316,1.0898185350776807e-06,0.631136,269.5,0.2375,266.4,0.3
5751,3,6627.7,18145.22,0.414414,1.089782378169612e-06,0.722192,266.3,0.2403,266.2,0.3
5752,3,6628.4,18142.82,0.38659,1.089746215704484e-06,0.708242,269.4,0.2376,266.2,0.3
5753,3,6629.11,18140.47,0.452558,1.0897100476831143e-06,0.617389,253.4,0.2525,266.1,0.3
5754,3,6629.8,18138.05,0.366145,1.0896738741063206e-06,0.676696,267.8,0.239,266.1,0.3
5755,3,6630.5,18135.67,0.405862,1.0896376949749204e-06,0.765318,267.5,0.2393,266.1,0.3
5756,3,6631.2,18133.28,0.447649,1.0896015102897313e-06,0.868407,268.3,0.2386,266.2,0.3
5757,3,6631.9,18130.88,0.438072,1.0895653200515715e-06,0.864495,269.3,0.2376,266.4,0.3
5758,3,6632.62,18128.53,0.451418,1.089529124261259e-06,0.796352,254.0,0.2519,265.7,0.3
5759,3,6633.3,18126.12,0.428365,1.0894929229196117e-06,0.708395,267.5,0.2392,265.6,0.3
5760,3,6634.01,18123.74,0.415528,1.0894567160274481e-06,0.643543,267.2,0.2395,265.5,0.3
5761,3,6634.71,18121.37,0.424244,1.0894205035855865e-06,0.517411,270.8,0.2364,265.8,0.3
5762,3,6635.42,18119.0,0.427655,1.0893842855948454e-06,0.998933,262.3,0.244,265.7,0.3
5763,3,6636.12,18116.61,0.373645,1.0893480620560435e-06,0.77154,269.5,0.2375,265.7,0.3
5764,3,6636.82,18114.23,0.407889,1.0893118329699995e-06,0.664159,267.8,0.239,265.7,0.3
5765,3,6637.52,18111.85,0.370143,1.0892755983375326e-06,0.581162,269.5,0.2375,265.8,0.3
5766,3,6638.22,18109.47,0.455015,1.0892393581594613e-06,0.603847,267.0,0.2397,265.8,0.3
5767,3,6638.92,18107.09,0.450903,1.089203112436605e-06,0.814967,266.9,0.2398,265.7,0.3
5768,3,6639.62,18104.72,0.44142,1.0891668611697831e-06,0.855432,263.8,0.2426,265.4,0.3
5769,3,6640.33,18102.34,0.400546,1.0891306043598149e-06,0.562347,264.1,0.2423,265.4,0.2
5770,3,6641.03,18099.96,0.457585,1.0890943420075198e-06,0.532273,267.6,0.2392,265.3,0.2
5771,3,6641.73,18097.6,0.441055,1.0890580741137178e-06,0.642423,264.0,0.2424,265.1,0.2
5772,3,6642.43,18095.21,0.396326,1.0890218006792285e-06,0.76239,267.9,0.2389,265.1,0.2
5773,3,6643.13,18092.84,0.438116,1.0889855217048716e-06,0.547018,267.4,0.2393,265.8,0.2
5774,3,6643.83,18090.47,0.42858,1.0889492371914674e-06,0.658416,267.0,0.2397,265.8,0.2
5775,3,6644.54,18088.09,0.455674,1.088912947139836e-06,0.754495,268.7,0.2382,265.9,0.2
5776,3,6645.24,18085.73,0.408791,1.0888766515507975e-06,0.772794,267.1,0.2396,265.8,0.2
5777,3,6645.94,18083.35,0.463077,1.0888403504251725e-06,0.561668,268.7,0.2382,265.8,0.2
5778,3,6646.65,18081.01,0.42131,1.0888040437637815e-06,0.665709,254.2,0.2517,265.8,0.2
5779,3,6647.35,18078.64,0.403034,1.0887677315674452e-06,0.850785,258.7,0.2474,265.4,0.2
5780,3,6648.05,18076.25,0.426907,1.0887314138369841e-06,0.652875,267.0,0.2397,265.3,0.2
5781,3,6648.76,18073.9,0.439765,1.0886950905732194e-06,0.637434,270.7,0.2365,265.3,0.2
5782,3,6649.47,18071.56,0.447566,1.088658761776972e-06,0.754823,256.2,0.2499,265.0,0.2
5783,3,6650.17,18069.18,0.442354,1.0886224274490632e-06,0.746747,264.3,0.2422,264.7,0.2
5784,3,6650.86,18066.8,0.420439,1.0885860875903139e-06,0.4853,269.9,0.2372,264.8,0.2
5785,3,6651.57,18064.44,0.411177,1.088549742201546e-06,0.701301,268.6,0.2383,264.8,0.2
5786,3,6652.27,18062.07,0.425708,1.0885133912835807e-06,0.684554,265.5,0.241,264.7,0.2
5787,3,6652.97,18059.7,0.401105,1.0884770348372397e-06,0.952741,268.5,0.2384,264.8,0.2
5788,3,6653.67,18057.34,0.424689,1.0884406728633449e-06,0.711575,267.2,0.2395,264.9,0.2
5789,3,6654.37,18054.97,0.381306,1.088404305362718e-06,0.763335,273.8,0.2337,265.4,0.2
5790,3,6655.08,18052.61,0.444381,1.0883679323361812e-06,0.77344,267.2,0.2395,265.4,0.3
5791,3,6655.78,18050.24,0.467649,1.0883315537845567e-06,0.642036,268.6,0.2383,265.6,0.3
5792,3,6656.47,18047.87,0.433704,1.0882951697086667e-06,0.646027,270.2,0.2369,265.7,0.2
5793,3,6657.17,18045.5,0.423228,1.0882587801093335e-06,0.639917,266.9,0.2398,265.7,0.2
5794,3,6657.87,18043.14,0.413424,1.0882223849873799e-06,0.720631,265.8,0.2408,265.6,0.3
5795,3,6658.57,18040.76,0.422217,1.0881859843436281e-06,0.610771,268.9,0.238,265.6,0.3
5796,3,6659.26,18038.38,0.425486,1.0881495781789013e-06,0.842243,268.6,0.2383,265.7,0.3
5797,3,6659.97,18036.02,0.414358,1.0881131664940221e-06,0.595682,264.9,0.2416,265.5,0.3
5798,3,6660.66,18033.65,0.395333,1.0880767492898136e-06,0.5218,269.7,0.2373,266.3,0.3
5799,3,6661.36,18031.28,0.434764,1.0880403265670993e-06,0.682286,266.8,0.2399,266.7,0.3
5800,3,6662.06,18028.91,0.445962,1.0880038983267023e-06,0.748829,269.1,0.2378,266.8,0.3
5801,3,6690.27,18100.97,0.442384,1.0879674645694456e-06,0.689923,234.7,0.2727,264.7,0.3
5802,3,6690.94,18098.52,0.405157,1.0879310252961532e-06,0.684874,268.5,0.2384,265.3,0.3
5803,3,6691.64,18096.14,0.429978,1.0878945805076485e-06,0.567516,265.9,0.2407,265.4,0.3
5804,3,6692.34,18093.75,0.417462,1.0878581302047555e-06,1.058017,266.2,0.2404,265.2,0.3
5805,3,6693.04,18091.4,0.461631,1.087821674388298e-06,0.630351,252.5,0.2535,264.3,0.3
5806,3,6693.74,18089.01,0.443807,1.0877852130590998e-06,0.591717,252.5,0.2535,263.7,0.3
5807,3,6694.43,18086.61,0.428704,1.0877487462179854e-06,0.898086,263.2,0.2431,263.4,0.3
5808,3,6695.13,18084.22,0.415243,1.0877122738657788e-06,0.685799,268.8,0.2381,263.5,0.3
5809,3,6695.82,18081.84,0.423398,1.0876757960033045e-06,0.799237,266.6,0.24,263.2,0.3
5810,3,6696.52,18079.46,0.355535,1.087639312631387e-06,0.711169,265.4,0.2412,263.0,0.3
5811,3,6697.22,18077.08,0.466088,1.0876028237508512e-06,0.77092,260.0,0.2461,262.6,0.3
5812,3,6697.91,18074.69,0.455686,1.0875663293625215e-06,1.2307,265.6,0.241,262.4,0.3
5813,3,6698.61,18072.3,0.450747,1.0875298294672228e-06,0.613471,267.2,0.2396,262.4,0.3
5814,3,6699.31,18069.94,0.41305,1.0874933240657803e-06,0.805076,262.9,0.2434,262.2,0.3
5815,3,6700.01,18067.56,0.457804,1.0874568131590191e-06,0.774803,264.8,0.2417,262.1,0.3
5816,3,6700.71,18065.18,0.411846,1.0874202967477646e-06,0.478866,267.3,0.2394,262.0,0.3
5817,3,6701.4,18062.8,0.404252,1.087383774832842e-06,0.732626,266.7,0.24,262.1,0.3
5818,3,6702.1,18060.42,0.416436,1.087347247415077e-06,0.603915,267.5,0.2392,262.0,0.3
5819,3,6702.8,18058.05,0.405236,1.087310714495295e-06,0.676818,267.1,0.2396,262.0,0.3
5820,3,6703.5,18055.68,0.412942,1.0872741760743221e-06,0.877494,266.7,0.24,261.9,0.3
5821,3,6704.21,18053.34,0.477688,1.087237632152984e-06,0.984931,265.8,0.2408,263.8,0.3
5822,3,6704.91,18050.97,0.390636,1.0872010827321065e-06,0.518746,266.6,0.2401,263.7,0.3
5823,3,6705.61,18048.6,0.451105,1.087164527812516e-06,0.629106,266.8,0.2399,263.7,0.3
5824,3,6706.31,18046.23,0.468044,1.0871279673950389e-06,0.749807,266.3,0.2404,263.8,0.2
5825,3,6707.01,18043.87,0.457723,1.0870914014805012e-06,0.694905,267.2,0.2395,264.6,0.2
5826,3,6707.7,18041.49,0.401033,1.0870548300697299e-06,0.74834,271.0,0.2361,265.5,0.2
5827,3,6708.4,18039.13,0.369496,1.087018253163551e-06,0.693417,267.3,0.2394,265.7,0.2
5828,3,6709.1,18036.75,0.426937,1.0869816707627918e-06,0.701091,267.3,0.2394,265.6,0.2
5829,3,6709.8,18034.39,0.436118,1.086945082868279e-06,0.681626,266.6,0.2401,265.6,0.2
5830,3,6710.5,18032.02,0.435514,1.0869084894808398e-06,0.745985,266.5,0.2402,265.8,0.2
5831,3,6711.2,18029.66,0.432346,1.086871890601301e-06,0.761168,266.6,0.2401,266.1,0.2
5832,3,6711.9,18027.28,0.445033,1.08683528623049e-06,0.774155,267.0,0.2397,266.2,0.2
5833,3,6712.59,18024.92,0.421317,1.0867986763692341e-06,0.523794,265.9,0.2407,266.1,0.2
5834,3,6713.29,18022.55,0.420092,1.086762061018361e-06,0.734731,266.6,0.24,266.3,0.2
5835,3,6713.99,18020.19,0.40422,1.0867254401786982e-06,0.463748,266.5,0.2401,266.3,0.2
5836,3,6714.7,18017.85,0.457483,1.0866888138510734e-06,1.083504,256.7,0.2493,265.8,0.2
5837,3,6715.39,18015.46,0.430704,1.0866521820363145e-06,0.642645,265.8,0.2408,265.7,0.2
5838,3,6716.09,18013.1,0.416476,1.0866155447352498e-06,0.796304,266.7,0.24,265.7,0.2
5839,3,6716.78,18010.73,0.448628,1.0865789019487069e-06,0.598141,268.3,0.2385,265.7,0.3
5840,3,6717.5,18008.42,0.442381,1.0865422536775145e-06,0.645969,250.6,0.2554,264.8,0.3
5841,3,6718.2,18006.07,0.400184,1.0865055999225008e-06,0.598571,256.2,0.2498,264.3,0.3
5842,3,6718.9,18003.71,0.407954,1.0864689406844944e-06,0.862546,256.7,0.2493,263.8,0.3
5843,3,6719.59,18001.32,0.436343,1.0864322759643239e-06,0.798535,267.5,0.2392,263.8,0.3
5844,3,6720.28,17998.95,0.438011,1.0863956057628179e-06,0.747965,270.4,0.2367,264.0,0.3
5845,3,6720.98,17996.59,0.495287,1.0863589300808052e-06,0.934541,269.9,0.2371,264.1,0.3
5846,3,6721.68,17994.24,0.46662,1.0863222489191151e-06,0.757342,267.0,0.2397,263.9,0.3
5847,3,6722.39,17991.9,0.384428,1.0862855622785767e-06,0.757712,259.2,0.2469,263.5,0.3
5848,3,6723.08,17989.52,0.388652,1.0862488701600188e-06,0.634914,265.4,0.2411,263.4,0.3
5849,3,6723.77,17987.16,0.442251,1.0862121725642713e-06,0.924999,267.5,0.2393,263.4,0.3
5850,3,6724.47,17984.79,0.359809,1.0861754694921635e-06,0.853937,269.7,0.2373,263.6,0.3
5851,3,6725.17,17982.43,0.469169,1.086138760944525e-06,0.762574,268.0,0.2388,263.6,0.3
5852,3,6725.87,17980.08,0.508019,1.0861020469221856e-06,0.612074,267.3,0.2394,263.7,0.3
5853,3,6726.57,17977.74,0.391136,1.086065327425975e-06,0.75968,262.6,0.2437,263.5,0.3
5854,3,6727.27,17975.38,0.39859,1.0860286024567232e-06,0.81755,264.3,0.2421,263.4,0.3
5855,3,6727.96,17973.02,0.428055,1.0859918720152602e-06,0.863678,269.6,0.2374,263.5,0.3
5856,3,6728.66,17970.67,0.423061,1.0859551361024166e-06,0.716608,266.8,0.2398,264.0,0.3
5857,3,6729.36,17968.31,0.380884,1.0859183947190226e-06,0.826532,268.6,0.2383,264.2,0.3
5858,3,6730.06,17965.96,0.457728,1.0858816478659085e-06,0.594776,267.6,0.2391,264.3,0.3
5859,3,6730.75,17963.61,0.413798,1.0858448955439052e-06,0.821485,266.6,0.2401,264.2,0.3
5860,3,6731.46,17961.28,0.434201,1.0858081377538433e-06,0.75036,255.7,0.2503,264.5,0.3
5861,3,6732.16,17958.93,0.401296,1.0857713744965536e-06,0.636377,268.0,0.2388,265.0,0.3
5862,3,6732.86,17956.58,0.355246,1.0857346057728668e-06,0.579474,266.6,0.2401,265.6,0.3
5863,3,6733.55,17954.23,0.404013,1.0856978315836145e-06,0.707904,267.5,0.2393,265.5,0.3
5864,3,6734.25,17951.88,0.463136,1.0856610519296279e-06,0.976032,267.7,0.2391,265.4,0.3
5865,3,6734.95,17949.53,0.396572,1.085624266811738e-06,0.704921,268.5,0.2383,265.3,0.3
5866,3,6735.65,17947.18,0.400575,1.0855874762307764e-06,0.629917,266.9,0.2398,265.3,0.3
5867,3,6736.35,17944.84,0.425608,1.0855506801875747e-06,0.675482,266.0,0.2406,265.6,0.3
5868,3,6737.05,17942.49,0.436282,1.0855138786829645e-06,0.654775,266.0,0.2406,265.7,0.3
5869,3,6737.74,17940.15,0.421536,1.085477071717778e-06,0.689898,264.5,0.242,265.5,0.3
5870,3,6738.44,17937.8,0.448832,1.085440259292847e-06,0.743573,266.6,0.2401,265.4,0.3
5871,3,6739.14,17935.45,0.455251,1.0854034414090033e-06,0.696656,269.1,0.2378,265.5,0.3
5872,3,6739.84,17933.11,0.440244,1.0853666180670796e-06,0.873621,265.1,0.2414,265.4,0.3
5873,3,6740.53,17930.76,0.394895,1.0853297892679076e-06,0.55198,271.2,0.236,265.8,0.3
5874,3,6741.24,17928.43,0.421083,1.0852929550123205e-06,0.662856,265.8,0.2408,265.9,0.3
5875,3,6741.93,17926.08,0.398803,1.0852561153011502e-06,0.706427,268.2,0.2386,265.8,0.3
5876,3,6742.63,17923.74,0.41903,1.0852192701352297e-06,0.743639,269.1,0.2378,265.9,0.3
5877,3,6743.33,17921.4,0.391138,1.0851824195153919e-06,0.68908,268.8,0.2381,265.9,0.3
5878,3,6744.03,17919.06,0.416195,1.0851455634424695e-06,0.575441,266.9,0.2398,265.8,0.3
5879,3,6744.73,17916.72,0.382075,1.085108701917296e-06,0.751731,266.0,0.2406,265.8,0.3
5880,3,6745.43,17914.38,0.457248,1.0850718349407043e-06,0.74155,263.4,0.243,266.2,0.3
5881,3,6746.13,17912.06,0.394475,1.0850349625135277e-06,0.762129,269.1,0.2378,266.3,0.3
5882,3,6746.83,17909.74,0.498034,1.0849980846365997e-06,0.802062,261.1,0.2451,266.0,0.3
5883,3,6747.53,17907.4,0.46677,1.084961201310754e-06,0.543383,268.5,0.2384,266.1,0.3
5884,3,6748.23,17905.05,0.39988,1.084924312536824e-06,0.8625,269.4,0.2376,266.2,0.3
5885,3,6748.93,17902.72,0.387975,1.0848874183156435e-06,0.564605,268.1,0.2387,266.2,0.3
5886,3,6749.63,17900.38,0.4033,1.0848505186480468e-06,0.948553,268.0,0.2388,266.2,0.3
5887,3,6750.32,17898.05,0.386662,1.0848136135348678e-06,0.65304,268.6,0.2383,266.4,0.3
5888,3,6751.02,17895.71,0.424139,1.0847767029769404e-06,0.76881,268.2,0.2386,266.5,0.3
5889,3,6751.72,17893.38,0.416093,1.0847397869750993e-06,0.896738,267.0,0.2397,266.6,0.3
5890,3,6752.42,17891.05,0.46215,1.0847028655301788e-06,0.768422,266.2,0.2404,266.6,0.3
5891,3,6753.12,17888.71,0.349713,1.0846659386430135e-06,0.504847,269.9,0.2371,266.6,0.3
5892,3,6753.82,17886.38,0.431338,1.0846290063144378e-06,0.99143,268.0,0.2388,266.8,0.3
5893,3,6754.51,17884.05,0.40898,1.0845920685452868e-06,0.826301,266.2,0.2404,266.5,0.3
5894,3,6755.21,17881.71,0.440287,1.0845551253363952e-06,0.707768,269.1,0.2378,266.7,0.3
5895,3,6755.92,17879.4,0.434335,1.0845181766885982e-06,0.779827,264.8,0.2417,266.5,0.3
5896,3,6756.61,17877.07,0.404367,1.084481222602731e-06,0.598463,268.7,0.2382,266.5,0.3
5897,3,6757.32,17874.75,0.464541,1.0844442630796288e-06,0.965564,261.6,0.2447,266.1,0.3
5898,3,6758.01,17872.41,0.421861,1.0844072981201268e-06,1.089732,266.5,0.2401,266.1,0.3
5899,3,6758.71,17870.08,0.416169,1.0843703277250608e-06,1.263082,265.8,0.2408,266.0,0.3
5900,3,6759.41,17867.75,0.416607,1.0843333518952665e-06,0.820522,271.1,0.2361,266.4,0.3
5901,3,6760.12,17865.46,0.406028,1.0842963706315796e-06,0.516886,268.1,0.2387,266.4,0.3
5902,3,6760.82,17863.14,0.438057,1.084259383934836e-06,1.108889,265.6,0.241,266.6,0.3
5903,3,6761.52,17860.82,0.389951,1.0842223918058715e-06,0.547025,265.2,0.2414,266.4,0.3
5904,3,6762.22,17858.49,0.440175,1.0841853942455225e-06,0.538589,267.1,0.2396,266.3,0.3
5905,3,6762.92,17856.17,0.403962,1.0841483912546251e-06,0.75961,263.8,0.2426,266.1,0.3
5906,3,6763.63,17853.88,0.440792,1.084111382834016e-06,0.694162,257.2,0.2488,265.5,0.3
5907,3,6764.32,17851.52,0.397769,1.0840743689845315e-06,0.609471,270.6,0.2366,265.6,0.3
5908,3,6765.02,17849.22,0.440253,1.0840373497070082e-06,0.635248,263.1,0.2432,265.3,0.4
5909,3,6765.72,17846.9,0.394851,1.084000325002283e-06,0.714917,265.5,0.241,265.2,0.4
5910,3,6766.42,17844.57,0.411513,1.0839632948711926e-06,0.489811,267.9,0.2389,265.3,0.4
5911,3,6767.12,17842.27,0.422301,1.083926259314574e-06,0.524771,264.5,0.2419,265.1,0.3
5912,3,6767.82,17839.95,0.493491,1.0838892183332647e-06,0.767681,265.6,0.241,264.9,0.4
5913,3,6768.52,17837.63,0.398695,1.0838521719281016e-06,0.520698,265.8,0.2407,264.9,0.4
5914,3,6769.22,17835.32,0.378764,1.0838151200999223e-06,0.671402,267.5,0.2392,264.8,0.3
5915,3,6769.93,17833.01,0.445814,1.0837780628495638e-06,0.723014,263.9,0.2425,264.8,0.3
5916,3,6770.63,17830.7,0.448364,1.0837410001778644e-06,0.785508,262.2,0.2441,264.5,0.3
5917,3,6771.33,17828.39,0.47898,1.0837039320856615e-06,0.779092,262.4,0.2439,264.5,0.3
5918,3,6772.03,17826.08,0.453211,1.083666858573793e-06,1.122728,265.6,0.241,264.5,0.3
5919,3,6772.73,17823.77,0.397046,1.0836297796430969e-06,0.539509,265.5,0.2411,264.5,0.3
5920,3,6773.44,17821.47,0.392671,1.083592695294411e-06,0.692222,259.6,0.2465,263.9,0.4
5921,3,6774.16,17819.2,0.410925,1.0835556055285739e-06,0.790633,258.3,0.2478,263.4,0.4
5922,3,6774.85,17816.88,0.400341,1.0835185103464239e-06,0.46758,263.0,0.2434,263.2,0.4
5923,3,6775.55,17814.56,0.440076,1.0834814097487995e-06,0.820896,267.0,0.2397,263.3,0.4
5924,3,6776.25,17812.26,0.476642,1.0834443037365392e-06,0.71109,264.0,0.2424,263.2,0.4
5925,3,6776.96,17809.98,0.421662,1.0834071923104817e-06,0.529987,256.4,0.2496,262.8,0.4
5926,3,6777.66,17807.66,0.40646,1.083370075471466e-06,0.635525,260.9,0.2453,263.0,0.4
5927,3,6778.36,17805.35,0.408926,1.083332953220331e-06,0.731891,262.1,0.2442,262.5,0.4
5928,3,6779.07,17803.05,0.389557,1.0832958255579157e-06,0.673347,260.8,0.2454,262.4,0.4
5929,3,6779.76,17800.73,0.420815,1.0832586924850593e-06,0.884975,268.2,0.2387,262.5,0.4
5930,3,6780.46,17798.43,0.371212,1.0832215540026014e-06,0.607332,266.9,0.2398,262.4,0.4
5931,3,6781.16,17796.12,0.371734,1.083184410111381e-06,0.612823,266.2,0.2405,262.5,0.4
5932,3,6781.86,17793.81,0.452041,1.0831472608122383e-06,0.927108,267.2,0.2395,262.6,0.4
5933,3,6782.56,17791.5,0.387003,1.0831101061060124e-06,0.649193,267.9,0.2389,262.7,0.4
5934,3,6783.26,17789.19,0.398492,1.0830729459935435e-06,0.622764,270.1,0.237,262.8,0.4
5935,3,6783.97,17786.91,0.394115,1.0830357804756713e-06,0.827482,255.8,0.2502,262.4,0.4
5936,3,6784.66,17784.59,0.439963,1.082998609553236e-06,0.662114,263.4,0.243,262.4,0.4
5937,3,6785.36,17782.28,0.427489,1.0829614332270777e-06,0.701628,268.9,0.238,262.8,0.4
5938,3,6786.06,17779.98,0.423887,1.082924251498037e-06,0.614885,266.1,0.2405,262.8,0.4
5939,3,6786.76,17777.68,0.407948,1.0828870643669539e-06,0.526338,263.9,0.2426,262.8,0.4
5940,3,6787.46,17775.37,0.404062,1.0828498718346692e-06,0.598897,267.1,0.2396,263.2,0.4
5941,3,6788.16,17773.08,0.458334,1.0828126739020235e-06,0.693153,270.2,0.2369,263.8,0.4
5942,3,6788.87,17770.79,0.504817,1.0827754705698577e-06,1.219094,265.9,0.2407,263.9,0.4
5943,3,6789.56,17768.48,0.487754,1.0827382618390128e-06,0.877967,267.9,0.2389,264.0,0.4
5944,3,6790.27,17766.19,0.414754,1.0827010477103296e-06,0.81975,261.5,0.2447,263.9,0.4
5945,3,6790.96,17763.88,0.375015,1.0826638281846493e-06,0.572725,266.0,0.2406,264.4,0.3
5946,3,6791.67,17761.59,0.404633,1.0826266032628132e-06,0.733501,263.4,0.243,264.5,0.3
5947,3,6792.36,17759.28,0.400374,1.0825893729456627e-06,0.581672,267.3,0.2394,264.8,0.3
5948,3,6793.06,17756.98,0.44762,1.0825521372340396e-06,0.86921,268.1,0.2387,265.2,0.3
5949,3,6793.76,17754.69,0.409822,1.082514896128785e-06,0.755158,265.6,0.2409,265.1,0.3
5950,3,6794.46,17752.39,0.373337,1.0824776496307413e-06,0.648638,265.7,0.2409,265.1,0.3
5951,3,6795.16,17750.09,0.395689,1.0824403977407501e-06,0.57708,266.9,0.2398,265.1,0.3
5952,3,6795.86,17747.79,0.369205,1.0824031404596534e-06,0.655909,268.8,0.2381,265.2,0.3
5953,3,6796.56,17745.48,0.417943,1.0823658777882933e-06,0.658208,269.3,0.2376,265.3,0.3
5954,3,6797.25,17743.18,0.404987,1.0823286097275123e-06,0.838877,268.0,0.2388,265.2,0.3
5955,3,6797.95,17740.89,0.44885,1.0822913362781526e-06,1.152244,268.6,0.2382,265.8,0.3
5956,3,6798.66,17738.63,0.424312,1.0822540574410567e-06,0.713456,253.5,0.2525,265.3,0.3
5957,3,6799.35,17736.3,0.443737,1.0822167732170672e-06,0.641887,265.0,0.2415,265.2,0.3
5958,3,6800.05,17734.01,0.40983,1.082179483607027e-06,0.522191,267.6,0.2391,265.2,0.3
5959,3,6800.75,17731.71,0.458497,1.0821421886117788e-06,1.020677,264.9,0.2416,265.3,0.3
5960,3,6801.45,17729.42,0.431323,1.0821048882321655e-06,1.025451,266.0,0.2406,265.2,0.3
5961,3,6802.16,17727.16,0.40624,1.0820675824690306e-06,0.700918,267.2,0.2395,265.1,0.3
5962,3,6802.86,17724.87,0.416359,1.0820302713232172e-06,0.61238,262.8,0.2436,264.9,0.3
5963,3,6803.56,17722.56,0.460568,1.0819929547955685e-06,0.79732,269.8,0.2372,265.0,0.3
5964,3,6804.26,17720.28,0.422721,1.0819556328869282e-06,0.848192,263.1,0.2433,265.1,0.3
5965,3,6804.95,17717.98,0.384111,1.0819183055981395e-06,0.629376,268.7,0.2382,265.2,0.3
5966,3,6805.66,17715.7,0.403843,1.0818809729300466e-06,0.713217,263.2,0.2432,265.2,0.3
5967,3,6806.36,17713.41,0.374485,1.0818436348834931e-06,0.604133,263.5,0.2429,265.0,0.3
5968,3,6807.06,17711.12,0.427099,1.0818062914593231e-06,0.665611,263.1,0.2433,264.7,0.3
5969,3,6807.75,17708.82,0.479205,1.0817689426583802e-06,0.849251,267.5,0.2393,264.8,0.3
5970,3,6808.45,17706.54,0.411024,1.0817315884815092e-06,0.583374,264.7,0.2418,264.7,0.3
5971,3,6809.15,17704.24,0.410876,1.0816942289295543e-06,0.726286,269.5,0.2374,264.8,0.3
5972,3,6809.85,17701.97,0.416953,1.0816568640033597e-06,0.673489,262.9,0.2434,264.6,0.3
5973,3,6810.55,17699.67,0.391118,1.0816194937037703e-06,0.603567,267.2,0.2395,264.5,0.3
5974,3,6811.25,17697.39,0.375812,1.0815821180316304e-06,0.519285,265.9,0.2407,264.3,0.3
5975,3,6811.95,17695.1,0.469239,1.0815447369877855e-06,0.863821,266.2,0.2405,264.2,0.3
5976,3,6812.64,17692.8,0.463064,1.0815073505730798e-06,0.659673,268.0,0.2388,265.0,0.3
5977,3,6813.34,17690.53,0.456242,1.0814699587883588e-06,0.691823,264.2,0.2422,264.9,0.3
5978,3,6814.04,17688.24,0.425967,1.0814325616344673e-06,0.704231,267.8,0.239,265.0,0.3
5979,3,6814.75,17685.97,0.404468,1.081395159112251e-06,0.850827,261.6,0.2447,264.8,0.3
5980,3,6815.44,17683.68,0.456849,1.081357751222555e-06,0.900446,265.4,0.2411,264.8,0.3
5981,3,6816.15,17681.42,0.419889,1.0813203379662252e-06,0.797562,266.9,0.2398,264.8,0.3
5982,3,6816.85,17679.13,0.434866,1.081282919344107e-06,0.708716,268.0,0.2388,265.0,0.3
5983,3,6817.55,17676.86,0.464199,1.0812454953570463e-06,0.747829,265.2,0.2413,264.8,0.3
5984,3,6818.25,17674.57,0.387577,1.0812080660058892e-06,0.569673,267.1,0.2396,265.0,0.3
5985,3,6818.95,17672.3,0.385476,1.0811706312914812e-06,0.665399,263.6,0.2428,264.7,0.3
5986,3,6819.64,17670.01,0.433959,1.0811331912146688e-06,0.591837,267.8,0.239,265.0,0.3
5987,3,6820.35,17667.74,0.416742,1.0810957457762983e-06,0.64832,265.2,0.2414,265.1,0.3
5988,3,6821.04,17665.45,0.440566,1.0810582949772158e-06,1.171057,268.1,0.2387,265.3,0.3
5989,3,6821.74,17663.18,0.466141,1.0810208388182682e-06,1.01141,265.4,0.2412,265.2,0.3
5990,3,6822.44,17660.9,0.414868,1.080983377300302e-06,0.740807,267.7,0.2391,265.4,0.3
5991,3,6823.14,17658.62,0.425674,1.080945910424164e-06,0.521738,267.1,0.2396,265.3,0.3
5992,3,6823.84,17656.35,0.420103,1.080908438190701e-06,0.519877,266.0,0.2406,265.4,0.3
5993,3,6824.54,17654.07,0.403508,1.08087096060076e-06,0.78779,268.1,0.2387,265.5,0.3
5994,3,6825.25,17651.81,0.354812,1.0808334776551881e-06,0.815444,260.2,0.246,265.1,0.3
5995,3,6825.94,17649.52,0.391503,1.0807959893548325e-06,0.693392,268.7,0.2382,265.3,0.3
5996,3,6826.64,17647.26,0.413388,1.0807584957005407e-06,0.721391,264.5,0.242,265.0,0.3
5997,3,6827.34,17644.97,0.421881,1.0807209966931601e-06,0.641009,268.5,0.2384,265.3,0.3
5998,3,6828.04,17642.7,0.371991,1.0806834923335382e-06,0.70872,265.6,0.2409,265.1,0.3
5999,3,6828.74,17640.44,0.438409,1.0806459826225229e-06,0.649062,264.6,0.2418,265.3,0.3
6000,3,6829.44,17638.16,0.392771,1.0806084675609617e-06,0.651882,266.7,0.24,265.3,0.3
6001,3,6968.51,17993.17,0.385544,1.0805709471497032e-06,0.665403,238.0,0.2689,263.7,0.4
6002,3,6969.19,17990.77,0.410985,1.080533421389595e-06,0.777894,265.9,0.2407,263.6,0.4
6003,3,6969.89,17988.41,0.420283,1.0804958902814853e-06,0.764247,266.7,0.24,263.7,0.4
6004,3,6970.58,17986.06,0.391426,1.0804583538262227e-06,0.545995,267.4,0.2393,263.7,0.3
6005,3,6971.28,17983.7,0.377005,1.0804208120246558e-06,0.662124,267.8,0.239,263.9,0.3
6006,3,6971.98,17981.35,0.423378,1.0803832648776328e-06,0.861609,268.9,0.238,264.0,0.3
6007,3,6972.68,17979.0,0.388298,1.0803457123860025e-06,0.706409,265.7,0.2408,264.0,0.3
6008,3,6973.38,17976.65,0.412791,1.0803081545506135e-06,0.700103,267.6,0.2391,264.0,0.3
6009,3,6974.09,17974.32,0.481742,1.0802705913723152e-06,0.826772,255.6,0.2504,263.5,0.3
6010,3,6974.78,17971.95,0.400886,1.0802330228519563e-06,0.561968,266.5,0.2402,263.5,0.3
6011,3,6975.48,17969.61,0.380661,1.0801954489903861e-06,0.689605,264.8,0.2417,263.3,0.3
6012,3,6976.19,17967.28,0.422672,1.0801578697884538e-06,0.794969,258.2,0.2479,262.9,0.3
6013,3,6976.88,17964.91,0.487769,1.080120285247009e-06,0.887819,267.7,0.2391,262.9,0.3
6014,3,6977.58,17962.56,0.373813,1.080082695366901e-06,0.629702,268.8,0.2381,263.4,0.3
6015,3,6978.28,17960.22,0.423199,1.0800451001489797e-06,0.706282,266.4,0.2402,263.3,0.3
6016,3,6978.97,17957.87,0.419441,1.0800074995940945e-06,0.710281,269.9,0.2371,263.6,0.3
6017,3,6979.68,17955.54,0.417392,1.0799698937030956e-06,0.725322,262.9,0.2434,263.4,0.3
6018,3,6980.38,17953.19,0.430447,1.0799322824768332e-06,0.686356,269.8,0.2373,263.6,0.3
6019,3,6981.08,17950.85,0.433527,1.079894665916157e-06,0.624008,266.9,0.2398,263.7,0.3
6020,3,6981.78,17948.5,0.430133,1.0798570440219179e-06,0.554338,268.2,0.2387,263.7,0.3
6021,3,6982.48,17946.18,0.401941,1.0798194167949656e-06,0.787422,270.9,0.2362,265.6,0.3
6022,3,6983.19,17943.85,0.473721,1.0797817842361509e-06,0.909043,267.6,0.2391,265.7,0.3
6023,3,6983.89,17941.51,0.396702,1.0797441463463243e-06,0.599118,266.8,0.2399,265.7,0.3
6024,3,6984.59,17939.17,0.420801,1.0797065031263366e-06,0.774781,264.3,0.2422,265.5,0.3
6025,3,6985.29,17936.83,0.423763,1.079668854577039e-06,0.580913,265.5,0.2411,265.4,0.3
6026,3,6985.99,17934.49,0.402208,1.079631200699282e-06,0.827772,267.0,0.2397,265.3,0.3
6027,3,6986.69,17932.16,0.403593,1.0795935414939167e-06,0.759746,267.0,0.2397,265.4,0.2
6028,3,6987.4,17929.84,0.453593,1.0795558769617947e-06,0.774341,261.1,0.2451,265.1,0.2
6029,3,6988.09,17927.49,0.414423,1.0795182071037671e-06,0.7561,268.1,0.2387,265.8,0.2
6030,3,6988.8,17925.16,0.419906,1.0794805319206856e-06,0.626601,265.9,0.2407,265.7,0.2
6031,3,6989.51,17922.85,0.420383,1.0794428514134015e-06,0.663074,255.0,0.251,265.2,0.2
6032,3,6990.2,17920.5,0.429385,1.0794051655827665e-06,0.666643,268.5,0.2384,265.8,0.2
6033,3,6990.9,17918.16,0.399505,1.0793674744296326e-06,0.799043,269.1,0.2378,265.8,0.2
6034,3,6991.6,17915.84,0.431106,1.0793297779548519e-06,0.608372,265.9,0.2407,265.6,0.3
6035,3,6992.3,17913.5,0.433779,1.0792920761592761e-06,0.678338,267.1,0.2396,265.6,0.3
6036,3,6993.0,17911.17,0.439038,1.0792543690437577e-06,0.779418,267.3,0.2395,265.5,0.3
6037,3,6993.71,17908.84,0.415142,1.0792166566091487e-06,0.693577,265.0,0.2416,265.6,0.3
6038,3,6994.41,17906.53,0.395304,1.0791789388563018e-06,0.706255,261.7,0.2446,265.2,0.3
6039,3,6995.11,17904.19,0.407867,1.0791412157860695e-06,0.859495,265.8,0.2408,265.1,0.3
6040,3,6995.81,17901.85,0.440442,1.0791034873993045e-06,0.716235,270.4,0.2367,265.3,0.2
6041,3,6996.52,17899.56,0.415529,1.0790657536968592e-06,0.577565,266.8,0.2399,265.1,0.2
6042,3,6997.22,17897.24,0.392062,1.0790280146795868e-06,0.537458,263.0,0.2433,264.8,0.3
6043,3,6997.93,17894.91,0.423497,1.0789902703483404e-06,0.754049,263.2,0.2431,264.6,0.3
6044,3,6998.62,17892.58,0.395071,1.078952520703973e-06,0.757573,268.0,0.2388,264.8,0.3
6045,3,6999.32,17890.25,0.421674,1.078914765747338e-06,0.686291,266.4,0.2402,264.8,0.3
6046,3,7000.04,17887.95,0.388824,1.0788770054792888e-06,0.676247,254.3,0.2516,264.2,0.3
6047,3,7000.73,17885.6,0.358079,1.0788392399006788e-06,0.600286,264.7,0.2418,264.1,0.3
6048,3,7001.43,17883.28,0.384432,1.078801469012362e-06,0.628103,261.6,0.2446,264.1,0.3
6049,3,7002.13,17880.95,0.400862,1.0787636928151914e-06,0.687373,265.3,0.2412,263.9,0.3
6050,3,7002.83,17878.64,0.444188,1.0787259113100215e-06,0.806431,264.1,0.2423,263.8,0.3
6051,3,7003.53,17876.31,0.404484,1.078688124497706e-06,0.716114,268.2,0.2387,264.5,0.3
6052,3,7004.23,17873.99,0.413681,1.078650332379099e-06,0.602345,267.3,0.2394,264.4,0.3
6053,3,7004.93,17871.66,0.424754,1.0786125349550551e-06,0.573257,268.9,0.238,264.4,0.3
6054,3,7005.65,17869.38,0.438786,1.0785747322264284e-06,0.685276,255.2,0.2508,263.9,0.3
6055,3,7006.34,17867.03,0.427321,1.078536924194073e-06,0.776023,265.1,0.2414,263.8,0.3
6056,3,7007.04,17864.71,0.376743,1.0784991108588443e-06,0.589306,267.6,0.2392,263.8,0.3
6057,3,7007.74,17862.39,0.424773,1.0784612922215962e-06,0.758647,265.3,0.2413,263.8,0.3
6058,3,7008.45,17860.1,0.441447,1.078423468283184e-06,0.654635,256.1,0.25,263.5,0.3
6059,3,7009.14,17857.76,0.433892,1.0783856390444627e-06,0.634077,265.9,0.2407,263.5,0.3
6060,3,7009.84,17855.43,0.410585,1.078347804506287e-06,0.643024,268.3,0.2385,263.5,0.3
6061,3,7010.55,17853.14,0.406283,1.0783099646695123e-06,0.619379,268.9,0.238,263.5,0.3
6062,3,7011.26,17850.83,0.374473,1.078272119534994e-06,0.79226,264.0,0.2424,263.6,0.3
6063,3,7011.95,17848.5,0.43487,1.0782342691035873e-06,0.649177,270.7,0.2364,264.0,0.3
6064,3,7012.66,17846.2,0.381664,1.078196413376148e-06,0.694929,264.7,0.2418,263.8,0.3
6065,3,7013.36,17843.89,0.465305,1.0781585523535313e-06,1.116485,265.6,0.241,263.8,0.3
6066,3,7014.06,17841.57,0.410271,1.0781206860365937e-06,0.728575,267.8,0.239,264.4,0.3
6067,3,7014.77,17839.27,0.414226,1.0780828144261906e-06,0.783014,265.1,0.2414,264.4,0.3
6068,3,7015.47,17836.96,0.378981,1.0780449375231783e-06,0.686096,264.5,0.242,264.6,0.3
6069,3,7016.17,17834.64,0.450417,1.0780070553284126e-06,0.724871,269.0,0.238,264.8,0.3
6070,3,7016.87,17832.33,0.426284,1.07796916784275e-06,0.989575,268.3,0.2385,265.0,0.3
6071,3,7017.58,17830.04,0.431715,1.0779312750670468e-06,0.745032,261.8,0.2444,264.6,0.3
6072,3,7018.28,17827.71,0.4621,1.0778933770021598e-06,0.851794,266.6,0.24,264.6,0.3
6073,3,7018.98,17825.4,0.466379,1.077855473648945e-06,0.8695,268.0,0.2388,264.5,0.3
6074,3,7019.68,17823.09,0.391166,1.0778175650082598e-06,0.817188,266.5,0.2401,265.1,0.3
6075,3,7020.37,17820.77,0.475544,1.0777796510809607e-06,0.792857,269.7,0.2373,265.4,0.3
6076,3,7021.08,17818.47,0.372136,1.0777417318679048e-06,1.005105,265.7,0.2409,265.3,0.3
6077,3,7021.78,17816.17,0.433131,1.0777038073699493e-06,0.617529,263.0,0.2433,265.2,0.3
6078,3,7022.48,17813.85,0.421822,1.077665877587951e-06,0.85717,264.7,0.2418,265.6,0.3
6079,3,7023.18,17811.54,0.457253,1.0776279425227678e-06,0.786689,268.4,0.2384,265.7,0.3
6080,3,7023.88,17809.24,0.405119,1.0775900021752566e-06,0.639613,265.6,0.241,265.6,0.3
6081,3,7024.59,17806.95,0.40862,1.0775520565462755e-06,0.646304,270.2,0.2368,265.7,0.3
6082,3,7025.29,17804.65,0.389696,1.077514105636682e-06,0.832179,264.8,0.2417,265.7,0.3
6083,3,7025.99,17802.33,0.437076,1.0774761494473338e-06,1.028791,268.6,0.2383,265.6,0.3
6084,3,7026.69,17800.02,0.430565,1.077438187979089e-06,0.640115,269.0,0.2379,265.8,0.3
6085,3,7027.39,17797.72,0.396773,1.0774002212328056e-06,0.708652,266.8,0.2399,265.9,0.3
6086,3,7028.09,17795.41,0.397867,1.0773622492093419e-06,0.659548,268.6,0.2383,265.9,0.3
6087,3,7028.79,17793.1,0.46423,1.077324271909556e-06,1.003467,268.1,0.2388,266.1,0.3
6088,3,7029.49,17790.8,0.440877,1.0772862893343063e-06,0.864704,266.0,0.2406,266.2,0.3
6089,3,7030.19,17788.5,0.467108,1.0772483014844514e-06,0.834112,265.2,0.2414,266.0,0.3
6090,3,7030.89,17786.19,0.421199,1.0772103083608502e-06,0.541678,267.8,0.239,265.9,0.3
6091,3,7031.6,17783.92,0.408687,1.0771723099643608e-06,0.674545,256.2,0.2498,265.7,0.3
6092,3,7032.29,17781.59,0.431129,1.0771343062958427e-06,0.477591,267.7,0.2391,265.7,0.3
6093,3,7033.0,17779.31,0.387289,1.0770962973561547e-06,0.763476,258.1,0.248,265.2,0.3
6094,3,7033.7,17776.99,0.418314,1.0770582831461562e-06,0.790547,265.4,0.2411,265.2,0.3
6095,3,7034.4,17774.69,0.416392,1.0770202636667061e-06,0.774386,265.9,0.2407,265.0,0.3
6096,3,7035.1,17772.39,0.395756,1.0769822389186642e-06,0.871625,265.9,0.2407,265.0,0.3
6097,3,7035.8,17770.09,0.42447,1.0769442089028893e-06,0.554664,266.1,0.2405,265.2,0.3
6098,3,7036.5,17767.79,0.385844,1.0769061736202414e-06,0.582021,268.8,0.2381,265.3,0.3
6099,3,7037.2,17765.5,0.483256,1.0768681330715804e-06,0.671018,262.0,0.2442,265.0,0.3
6100,3,7037.9,17763.2,0.394716,1.0768300872577657e-06,1.023963,263.2,0.2432,264.9,0.3
6101,3,7038.61,17760.92,0.436866,1.0767920361796577e-06,0.77292,269.2,0.2377,264.9,0.3
6102,3,7039.31,17758.63,0.411936,1.0767539798381163e-06,0.738165,264.9,0.2416,264.9,0.3
6103,3,7040.01,17756.33,0.430425,1.0767159182340017e-06,0.485414,268.6,0.2383,264.9,0.3
6104,3,7040.71,17754.03,0.452674,1.0766778513681743e-06,0.590504,268.4,0.2385,264.9,0.3
6105,3,7041.42,17751.76,0.400755,1.0766397792414946e-06,0.565852,256.4,0.2496,264.3,0.3
6106,3,7042.11,17749.45,0.42464,1.0766017018548228e-06,0.546638,264.9,0.2416,264.2,0.3
6107,3,7042.81,17747.14,0.403143,1.07656361920902e-06,0.642155,270.5,0.2366,264.3,0.3
6108,3,7043.52,17744.86,0.43338,1.0765255313049468e-06,0.582887,266.8,0.2399,264.3,0.3
6109,3,7044.21,17742.56,0.443241,1.076487438143464e-06,0.758409,267.7,0.2391,264.4,0.3
6110,3,7044.91,17740.27,0.414256,1.0764493397254328e-06,0.514274,268.1,0.2388,264.4,0.3
6111,3,7045.63,17738.01,0.415074,1.0764112360517142e-06,0.891916,255.2,0.2507,264.4,0.3
6112,3,7046.32,17735.7,0.400004,1.0763731271231696e-06,0.563755,261.0,0.2452,264.0,0.3
6113,3,7047.02,17733.4,0.410575,1.0763350129406605e-06,0.667328,264.6,0.2419,264.3,0.3
6114,3,7047.72,17731.11,0.43901,1.0762968935050483e-06,0.747492,266.2,0.2405,264.4,0.3
6115,3,7048.42,17728.82,0.425621,1.0762587688171946e-06,0.673574,268.6,0.2383,264.5,0.3
6116,3,7049.12,17726.53,0.480227,1.0762206388779612e-06,1.074922,268.0,0.2388,264.6,0.3
6117,3,7049.82,17724.25,0.433164,1.0761825036882097e-06,0.741152,268.8,0.2381,264.7,0.3
6118,3,7050.53,17721.97,0.418235,1.0761443632488024e-06,0.766314,266.6,0.2401,264.6,0.3
6119,3,7051.23,17719.68,0.400091,1.0761062175606013e-06,0.659863,266.6,0.24,264.8,0.3
6120,3,7051.94,17717.41,0.412958,1.0760680666244688e-06,0.704038,262.0,0.2443,264.7,0.3
6121,3,7052.64,17715.14,0.466637,1.0760299104412671e-06,0.943999,267.5,0.2392,264.7,0.3
6122,3,7053.34,17712.85,0.492423,1.0759917490118584e-06,0.624646,270.0,0.237,264.9,0.3
6123,3,7054.05,17710.58,0.392667,1.0759535823371055e-06,0.866702,264.9,0.2416,264.8,0.3
6124,3,7054.75,17708.29,0.415967,1.0759154104178711e-06,0.865578,266.3,0.2403,264.6,0.3
6125,3,7055.45,17706.01,0.439564,1.0758772332550182e-06,0.846168,267.6,0.2391,265.2,0.3
6126,3,7056.15,17703.73,0.457663,1.0758390508494094e-06,0.733495,265.5,0.2411,265.2,0.3
6127,3,7056.85,17701.45,0.4252,1.0758008632019079e-06,0.782663,268.6,0.2383,265.1,0.3
6128,3,7057.56,17699.17,0.3648,1.075762670313377e-06,0.552387,266.5,0.2402,265.2,0.3
6129,3,7058.26,17696.89,0.442472,1.0757244721846798e-06,0.656998,268.3,0.2386,265.2,0.3
6130,3,7058.96,17694.61,0.411066,1.0756862688166798e-06,0.677277,267.3,0.2395,265.1,0.3
6131,3,7059.66,17692.33,0.447253,1.0756480602102405e-06,0.755033,264.4,0.242,265.6,0.3
6132,3,7060.36,17690.05,0.437311,1.0756098463662256e-06,0.633422,266.0,0.2406,265.9,0.3
6133,3,7061.06,17687.77,0.439598,1.0755716272854988e-06,1.160776,266.3,0.2403,266.0,0.3
6134,3,7061.76,17685.49,0.380853,1.075533402968924e-06,0.770907,267.4,0.2394,266.1,0.3
6135,3,7062.47,17683.22,0.392732,1.075495173417365e-06,0.55844,267.6,0.2392,266.0,0.3
6136,3,7063.17,17680.95,0.397344,1.0754569386316862e-06,0.698456,267.1,0.2396,266.0,0.3
6137,3,7063.87,17678.68,0.422005,1.0754186986127516e-06,0.803051,264.1,0.2423,265.8,0.3
6138,3,7064.58,17676.41,0.437309,1.0753804533614258e-06,0.725246,266.1,0.2405,265.8,0.2
6139,3,7065.28,17674.14,0.386024,1.0753422028785732e-06,0.669175,264.5,0.242,265.7,0.2
6140,3,7065.99,17671.87,0.43359,1.0753039471650583e-06,0.609761,264.8,0.2417,265.9,0.2
6141,3,7066.7,17669.62,0.431361,1.0752656862217457e-06,0.638267,266.9,0.2398,265.8,0.3
6142,3,7067.4,17667.34,0.415635,1.0752274200495004e-06,0.89654,267.2,0.2396,265.7,0.3
6143,3,7068.1,17665.07,0.424344,1.0751891486491873e-06,0.641529,266.0,0.2406,265.7,0.3
6144,3,7068.8,17662.8,0.420285,1.0751508720216717e-06,0.584222,266.2,0.2405,265.7,0.2
6145,3,7069.5,17660.52,0.346898,1.0751125901678186e-06,0.68244,269.0,0.2379,265.8,0.2
6146,3,7070.21,17658.26,0.393499,1.0750743030884933e-06,0.773198,265.8,0.2408,265.8,0.2
6147,3,7070.91,17655.98,0.410932,1.075036010784561e-06,0.566107,266.8,0.2399,265.8,0.2
6148,3,7071.61,17653.72,0.437231,1.0749977132568872e-06,0.680611,263.9,0.2426,265.6,0.2
6149,3,7072.31,17651.45,0.450415,1.0749594105063379e-06,0.71338,264.0,0.2425,265.4,0.2
6150,3,7073.02,17649.2,0.430187,1.0749211025337787e-06,0.923534,258.1,0.248,265.0,0.2
6151,3,7073.71,17646.9,0.404458,1.074882789340076e-06,0.607525,268.7,0.2382,265.2,0.2
6152,3,7074.41,17644.63,0.391135,1.074844470926095e-06,0.750144,269.6,0.2374,265.3,0.2
6153,3,7075.12,17642.37,0.380176,1.0748061472927022e-06,0.568435,265.0,0.2415,265.3,0.2
6154,3,7075.81,17640.1,0.506246,1.0747678184407638e-06,0.932948,269.2,0.2378,265.3,0.2
6155,3,7076.52,17637.84,0.469018,1.074729484371146e-06,1.126529,264.4,0.242,265.2,0.2
6156,3,7077.22,17635.56,0.386673,1.0746911450847156e-06,0.545784,269.2,0.2378,265.3,0.2
6157,3,7077.93,17633.31,0.417598,1.0746528005823391e-06,0.546631,261.9,0.2444,265.2,0.2
6158,3,7078.62,17631.04,0.408364,1.0746144508648833e-06,0.656974,266.1,0.2405,265.2,0.2
6159,3,7079.32,17628.77,0.437703,1.0745760959332148e-06,0.624459,269.8,0.2372,265.4,0.2
6160,3,7080.03,17626.51,0.430724,1.0745377357882008e-06,0.938292,266.2,0.2404,265.5,0.2
6161,3,7080.74,17624.27,0.410717,1.0744993704307083e-06,0.594355,265.4,0.2411,265.4,0.2
6162,3,7081.44,17622.0,0.426111,1.0744609998616042e-06,0.550344,266.4,0.2403,265.4,0.2
6163,3,7082.14,17619.74,0.450636,1.0744226240817558e-06,0.73681,267.1,0.2396,265.4,0.2
6164,3,7082.84,17617.48,0.464499,1.074384243092031e-06,0.828473,264.6,0.2419,265.3,0.3
6165,3,7083.54,17615.21,0.420315,1.074345856893297e-06,0.956906,270.6,0.2365,265.4,0.3
6166,3,7084.24,17612.95,0.403333,1.0743074654864215e-06,0.647625,267.3,0.2394,265.5,0.3
6167,3,7084.96,17610.72,0.404636,1.0742690688722725e-06,0.73707,255.1,0.2509,264.9,0.3
6168,3,7085.65,17608.44,0.455488,1.0742306670517175e-06,0.750283,264.1,0.2423,264.9,0.3
6169,3,7086.35,17606.17,0.393806,1.074192260025625e-06,0.670056,268.3,0.2386,265.1,0.3
6170,3,7087.05,17603.92,0.394039,1.0741538477948627e-06,0.507583,264.9,0.2416,265.4,0.3
6171,3,7087.76,17601.68,0.440466,1.0741154303602989e-06,0.973005,256.2,0.2498,264.8,0.3
6172,3,7088.46,17599.41,0.41704,1.0740770077228022e-06,0.639682,264.1,0.2423,264.5,0.3
6173,3,7089.15,17597.13,0.43092,1.0740385798832407e-06,0.75301,272.2,0.2351,264.9,0.3
6174,3,7089.86,17594.88,0.401909,1.0740001468424832e-06,0.661532,265.7,0.2409,264.7,0.3
6175,3,7090.56,17592.62,0.380187,1.0739617086013987e-06,0.768992,266.3,0.2403,264.8,0.3
6176,3,7091.26,17590.36,0.417878,1.0739232651608558e-06,0.82511,265.9,0.2407,264.6,0.3
6177,3,7091.96,17588.1,0.421079,1.0738848165217234e-06,0.756047,267.9,0.2389,264.9,0.3
6178,3,7092.66,17585.85,0.414268,1.0738463626848706e-06,0.79533,265.7,0.2409,264.9,0.3
6179,3,7093.36,17583.59,0.44206,1.0738079036511665e-06,0.702302,269.8,0.2372,264.8,0.3
6180,3,7094.06,17581.33,0.427782,1.0737694394214806e-06,0.612628,268.6,0.2382,265.0,0.3
6181,3,7094.77,17579.09,0.432514,1.073730969996682e-06,0.590616,269.7,0.2373,265.2,0.3
6182,3,7095.47,17576.84,0.430183,1.0736924953776407e-06,0.576579,266.6,0.2401,265.2,0.3
6183,3,7096.18,17574.61,0.421664,1.073654015565226e-06,0.637905,257.2,0.2488,264.7,0.3
6184,3,7096.87,17572.33,0.394823,1.0736155305603078e-06,0.746047,267.6,0.2392,264.8,0.3
6185,3,7097.57,17570.08,0.412114,1.073577040363756e-06,0.519686,269.0,0.2379,264.7,0.3
6186,3,7098.27,17567.83,0.439241,1.0735385449764406e-06,0.691902,265.7,0.2409,264.7,0.3
6187,3,7098.98,17565.58,0.469567,1.0735000443992317e-06,0.803759,265.4,0.2412,265.2,0.3
6188,3,7099.68,17563.32,0.437781,1.0734615386329996e-06,0.836609,268.2,0.2386,265.4,0.3
6189,3,7100.38,17561.07,0.399484,1.0734230276786146e-06,0.608381,266.1,0.2405,265.4,0.3
6190,3,7101.08,17558.83,0.453561,1.0733845115369473e-06,0.830926,266.3,0.2403,265.4,0.3
6191,3,7101.78,17556.57,0.426005,1.073345990208868e-06,0.675185,268.9,0.238,266.1,0.3
6192,3,7102.48,17554.32,0.421477,1.0733074636952476e-06,0.710165,269.5,0.2375,266.4,0.3
6193,3,7103.19,17552.09,0.412131,1.073268931996957e-06,0.722171,262.0,0.2443,265.9,0.3
6194,3,7103.89,17549.83,0.415246,1.073230395114867e-06,0.659884,265.3,0.2412,265.9,0.3
6195,3,7104.59,17547.59,0.384646,1.0731918530498489e-06,0.681695,262.8,0.2436,265.6,0.3
6196,3,7105.29,17545.33,0.446123,1.0731533058027736e-06,0.546887,269.3,0.2377,265.8,0.3
6197,3,7105.99,17543.09,0.440806,1.0731147533745126e-06,0.691302,268.0,0.2388,265.8,0.3
6198,3,7106.69,17540.85,0.448729,1.0730761957659373e-06,0.601381,265.1,0.2414,265.8,0.3
6199,3,7107.39,17538.6,0.412009,1.073037632977919e-06,0.97418,264.9,0.2416,265.6,0.3
6200,3,7108.09,17536.35,0.425585,1.0729990650113297e-06,0.609124,267.3,0.2394,265.5,0.3
6201,3,7133.77,17595.7,0.425991,1.0729604918670408e-06,0.744949,235.6,0.2717,263.5,0.3
6202,3,7134.45,17593.4,0.399963,1.0729219135459245e-06,0.620022,263.5,0.2428,263.3,0.3
6203,3,7135.15,17591.13,0.409783,1.0728833300488524e-06,1.043847,267.6,0.2392,263.8,0.3
6204,3,7135.85,17588.87,0.389158,1.0728447413766973e-06,0.548961,265.3,0.2412,263.7,0.3
6205,3,7136.54,17586.6,0.487341,1.0728061475303308e-06,0.641367,267.2,0.2395,263.7,0.3
6206,3,7137.24,17584.33,0.421294,1.0727675485106255e-06,0.747663,271.0,0.2362,263.9,0.3
6207,3,7137.93,17582.06,0.462758,1.0727289443184538e-06,1.051334,271.4,0.2359,264.2,0.3
6208,3,7138.63,17579.8,0.437074,1.0726903349546883e-06,0.920287,270.2,0.2369,264.3,0.3
6209,3,7139.33,17577.54,0.3571,1.0726517204202017e-06,0.661704,268.8,0.2381,264.4,0.3
6210,3,7140.03,17575.28,0.514304,1.072613100715867e-06,1.093363,266.2,0.2404,264.4,0.3
6211,3,7140.73,17573.02,0.428485,1.0725744758425568e-06,0.663744,267.8,0.239,264.4,0.3
6212,3,7141.42,17570.75,0.416644,1.0725358458011445e-06,0.691172,269.1,0.2379,264.3,0.3
6213,3,7142.13,17568.5,0.376922,1.072497210592503e-06,0.646044,262.7,0.2436,264.4,0.3
6214,3,7142.82,17566.24,0.439772,1.072458570217506e-06,0.669531,266.7,0.2399,264.5,0.3
6215,3,7143.52,17563.99,0.378199,1.0724199246770262e-06,0.670859,264.3,0.2422,264.6,0.3
6216,3,7144.22,17561.73,0.410016,1.0723812739719375e-06,0.612135,264.9,0.2416,264.4,0.3
6217,3,7144.92,17559.47,0.442948,1.0723426181031139e-06,0.672314,267.6,0.2391,264.4,0.3
6218,3,7145.62,17557.22,0.462746,1.0723039570714287e-06,0.757417,265.8,0.2408,264.4,0.3
6219,3,7146.32,17554.96,0.46077,1.072265290877756e-06,0.681436,266.8,0.2399,264.5,0.3
6220,3,7147.01,17552.69,0.435825,1.0722266195229696e-06,0.631456,271.2,0.236,264.7,0.3
6221,3,7147.72,17550.47,0.440545,1.0721879430079436e-06,0.838205,267.8,0.239,266.6,0.2
6222,3,7148.42,17548.22,0.458794,1.0721492613335522e-06,1.083534,265.9,0.2407,266.9,0.2
6223,3,7149.12,17545.96,0.397668,1.07211057450067e-06,0.76465,266.5,0.2402,266.8,0.2
6224,3,7149.82,17543.71,0.450955,1.0720718825101713e-06,0.820394,268.8,0.2381,267.0,0.2
6225,3,7150.52,17541.46,0.419163,1.0720331853629304e-06,0.656496,265.9,0.2407,266.9,0.2
6226,3,7151.22,17539.2,0.417651,1.0719944830598224e-06,0.64545,269.3,0.2377,266.8,0.2
6227,3,7151.91,17536.95,0.475012,1.0719557756017219e-06,0.96499,270.1,0.237,266.8,0.2
6228,3,7152.61,17534.7,0.400238,1.0719170629895038e-06,0.852906,269.0,0.2379,266.7,0.2
6229,3,7153.32,17532.47,0.409374,1.0718783452240434e-06,0.864463,256.7,0.2493,266.1,0.2
6230,3,7154.01,17530.19,0.434555,1.0718396223062155e-06,0.849854,269.1,0.2378,266.2,0.2
6231,3,7154.71,17527.94,0.457087,1.0718008942368955e-06,0.716879,268.5,0.2383,266.2,0.2
6232,3,7155.4,17525.69,0.375747,1.0717621610169588e-06,0.542677,270.1,0.237,266.3,0.2
6233,3,7156.1,17523.43,0.451746,1.0717234226472809e-06,1.034331,270.2,0.2368,266.6,0.2
6234,3,7156.8,17521.18,0.402979,1.0716846791287374e-06,0.843946,271.5,0.2357,266.8,0.2
6235,3,7157.49,17518.93,0.40881,1.071645930462204e-06,0.531262,269.0,0.2379,267.1,0.2
6236,3,7158.19,17516.68,0.436697,1.0716071766485568e-06,0.716859,269.1,0.2378,267.3,0.2
6237,3,7158.89,17514.43,0.380317,1.0715684176886714e-06,0.669305,266.9,0.2398,267.2,0.2
6238,3,7159.59,17512.2,0.460489,1.0715296535834241e-06,0.682024,261.1,0.2452,267.0,0.2
6239,3,7160.29,17509.94,0.407375,1.071490884333691e-06,0.560184,268.7,0.2382,267.1,0.2
6240,3,7160.99,17507.7,0.379172,1.0714521099403485e-06,0.678396,263.4,0.243,266.7,0.2
6241,3,7161.7,17505.48,0.426039,1.071413330404273e-06,0.904562,266.1,0.2405,266.6,0.2
6242,3,7162.4,17503.24,0.469165,1.0713745457263412e-06,1.155308,264.5,0.2419,266.5,0.2
6243,3,7163.09,17500.99,0.436701,1.0713357559074296e-06,0.829891,268.7,0.2382,266.6,0.3
6244,3,7163.79,17498.74,0.421804,1.071296960948415e-06,0.863904,269.4,0.2375,266.6,0.3
6245,3,7164.49,17496.49,0.375135,1.071258160850174e-06,0.502758,270.8,0.2364,266.9,0.3
6246,3,7165.18,17494.24,0.410097,1.0712193556135843e-06,0.63581,270.1,0.237,266.9,0.3
6247,3,7165.88,17492.0,0.394247,1.0711805452395223e-06,0.546595,268.3,0.2385,266.8,0.3
6248,3,7166.58,17489.76,0.439719,1.0711417297288658e-06,0.8344,264.6,0.2419,266.5,0.3
6249,3,7167.28,17487.52,0.469214,1.0711029090824918e-06,0.813065,269.6,0.2374,267.2,0.3
6250,3,7167.98,17485.27,0.403745,1.0710640833012778e-06,0.698444,267.5,0.2393,267.2,0.3
6251,3,7168.67,17483.03,0.422775,1.0710252523861019e-06,0.716925,269.3,0.2376,267.2,0.3
6252,3,7169.37,17480.79,0.391703,1.070986416337841e-06,0.864436,270.1,0.237,267.2,0.3
6253,3,7170.07,17478.54,0.417032,1.0709475751573737e-06,0.684302,269.5,0.2375,267.2,0.3
6254,3,7170.77,17476.3,0.372642,1.0709087288455774e-06,0.763723,267.8,0.239,267.0,0.3
6255,3,7171.46,17474.06,0.413968,1.0708698774033305e-06,0.564644,270.9,0.2362,267.1,0.3
6256,3,7172.16,17471.82,0.394314,1.070831020831511e-06,0.557721,269.4,0.2375,267.1,0.3
6257,3,7172.86,17469.59,0.432006,1.070792159130997e-06,0.553821,266.6,0.2401,267.1,0.3
6258,3,7173.56,17467.35,0.442528,1.0707532923026673e-06,1.0272,267.5,0.2392,267.4,0.3
6259,3,7174.25,17465.11,0.457932,1.0707144203474002e-06,0.967239,268.0,0.2388,267.3,0.3
6260,3,7174.95,17462.88,0.412969,1.0706755432660745e-06,0.575856,266.8,0.2398,267.5,0.3
6261,3,7175.66,17460.66,0.365756,1.0706366610595687e-06,0.519654,267.5,0.2393,267.6,0.3
6262,3,7176.35,17458.41,0.427205,1.070597773728762e-06,0.807239,268.3,0.2385,267.7,0.3
6263,3,7177.05,17456.17,0.432496,1.070558881274533e-06,0.686056,271.1,0.2361,267.9,0.3
6264,3,7177.75,17453.94,0.473214,1.070519983697761e-06,0.603816,266.5,0.2402,267.7,0.3
6265,3,7178.45,17451.7,0.383516,1.0704810809993254e-06,0.585011,268.8,0.2381,267.6,0.3
6266,3,7179.14,17449.46,0.405923,1.0704421731801052e-06,0.639426,269.4,0.2376,267.6,0.3
6267,3,7179.84,17447.24,0.457697,1.07040326024098e-06,0.799957,266.3,0.2404,267.5,0.3
6268,3,7180.54,17445.0,0.467664,1.0703643421828295e-06,0.885192,265.7,0.2409,267.5,0.3
6269,3,7181.24,17442.77,0.4454,1.0703254190065329e-06,0.778504,266.2,0.2404,267.4,0.3
6270,3,7181.94,17440.53,0.390902,1.0702864907129706e-06,0.648017,268.3,0.2385,267.4,0.3
6271,3,7182.64,17438.31,0.436555,1.0702475573030222e-06,0.598922,266.2,0.2404,267.3,0.3
6272,3,7183.33,17436.08,0.360965,1.0702086187775678e-06,0.576718,265.9,0.2407,267.0,0.3
6273,3,7184.03,17433.84,0.444971,1.0701696751374876e-06,0.885781,267.1,0.2396,266.9,0.3
6274,3,7184.73,17431.61,0.401981,1.0701307263836615e-06,0.617627,266.0,0.2406,266.8,0.3
6275,3,7185.42,17429.38,0.437689,1.0700917725169702e-06,0.667521,266.9,0.2397,266.6,0.3
6276,3,7186.13,17427.16,0.442158,1.070052813538294e-06,0.610353,262.9,0.2435,266.3,0.3
6277,3,7186.82,17424.92,0.420734,1.0700138494485138e-06,0.511588,267.8,0.2389,266.4,0.3
6278,3,7187.52,17422.69,0.453629,1.0699748802485102e-06,0.844793,267.2,0.2395,266.4,0.3
6279,3,7188.22,17420.47,0.44434,1.069935905939164e-06,0.601501,263.8,0.2427,266.2,0.3
6280,3,7188.91,17418.23,0.445992,1.0698969265213562e-06,0.779285,269.6,0.2374,266.3,0.3
6281,3,7189.62,17416.03,0.426941,1.0698579419959677e-06,0.480687,270.6,0.2365,266.5,0.3
6282,3,7190.32,17413.8,0.507843,1.0698189523638799e-06,0.759725,268.5,0.2383,266.5,0.3
6283,3,7191.01,17411.57,0.417177,1.0697799576259738e-06,0.930224,270.8,0.2363,266.5,0.3
6284,3,7191.72,17409.36,0.429804,1.069740957783131e-06,0.798073,265.9,0.2407,266.5,0.2
6285,3,7192.41,17407.12,0.38291,1.0697019528362333e-06,0.668014,269.6,0.2374,266.6,0.2
6286,3,7193.11,17404.9,0.386279,1.069662942786162e-06,0.497478,268.2,0.2386,266.5,0.2
6287,3,7193.81,17402.68,0.42084,1.0696239276337987e-06,0.704144,268.1,0.2387,266.6,0.2
6288,3,7194.51,17400.45,0.438016,1.0695849073800257e-06,0.586535,268.2,0.2386,266.8,0.2
6289,3,7195.2,17398.23,0.380327,1.0695458820257247e-06,0.686766,268.8,0.2381,266.9,0.2
6290,3,7195.9,17396.0,0.405034,1.0695068515717778e-06,0.963696,270.1,0.237,267.0,0.2
6291,3,7196.6,17393.79,0.367671,1.0694678160190674e-06,0.794829,265.1,0.2414,266.9,0.2
6292,3,7197.3,17391.57,0.441659,1.069428775368476e-06,0.696737,267.5,0.2393,267.0,0.2
6293,3,7198.0,17389.35,0.435111,1.0693897296208855e-06,0.588136,266.9,0.2398,267.0,0.2
6294,3,7198.7,17387.13,0.409429,1.0693506787771789e-06,0.711712,268.2,0.2387,267.1,0.2
6295,3,7199.4,17384.92,0.391374,1.0693116228382387e-06,0.566405,264.1,0.2424,267.0,0.2
6296,3,7200.1,17382.7,0.415171,1.0692725618049479e-06,0.84286,267.2,0.2395,267.2,0.2
6297,3,7200.79,17380.48,0.385411,1.0692334956781891e-06,0.715955,270.0,0.2371,267.3,0.2
6298,3,7201.5,17378.27,0.36838,1.0691944244588455e-06,0.776229,267.2,0.2395,267.3,0.2
6299,3,7202.19,17376.05,0.412674,1.0691553481478004e-06,0.764464,266.8,0.2399,267.4,0.2
6300,3,7202.89,17373.83,0.411905,1.0691162667459368e-06,0.674869,269.2,0.2378,267.4,0.2
6301,3,7203.6,17371.65,0.483766,1.0690771802541381e-06,0.843687,269.0,0.2379,267.3,0.3
6302,3,7204.3,17369.43,0.433189,1.0690380886732878e-06,0.76854,267.2,0.2395,267.2,0.3
6303,3,7205.0,17367.22,0.428556,1.0689989920042695e-06,0.725644,266.6,0.2401,267.0,0.3
6304,3,7205.7,17365.01,0.463208,1.068959890247967e-06,1.16281,268.9,0.238,267.1,0.3
6305,3,7206.4,17362.8,0.384061,1.0689207834052641e-06,0.604921,265.9,0.2407,266.9,0.3
6306,3,7207.1,17360.59,0.419509,1.0688816714770449e-06,0.646964,269.7,0.2373,267.0,0.3
6307,3,7207.8,17358.38,0.468686,1.0688425544641934e-06,0.887432,267.6,0.2391,267.0,0.3
6308,3,7208.5,17356.16,0.424372,1.0688034323675932e-06,0.851496,271.6,0.2356,267.2,0.3
6309,3,7209.2,17353.97,0.430239,1.0687643051881295e-06,0.734032,262.9,0.2434,266.9,0.3
6310,3,7209.9,17351.74,0.437616,1.068725172926686e-06,0.676282,268.4,0.2385,266.8,0.3
6311,3,7210.6,17349.54,0.409298,1.0686860355841477e-06,0.73454,265.0,0.2415,266.8,0.3
6312,3,7211.3,17347.34,0.408038,1.0686468931613991e-06,0.918952,265.9,0.2407,266.7,0.3
6313,3,7212.0,17345.12,0.413732,1.0686077456593248e-06,0.702369,266.3,0.2403,266.6,0.3
6314,3,7212.69,17342.9,0.423646,1.0685685930788098e-06,0.707462,270.0,0.237,266.7,0.3
6315,3,7213.41,17340.73,0.40008,1.068529435420739e-06,0.847208,253.0,0.2529,266.1,0.3
6316,3,7214.09,17338.49,0.436496,1.0684902726859975e-06,0.700509,269.0,0.2379,266.2,0.3
6317,3,7214.79,17336.28,0.411182,1.0684511048754705e-06,0.88425,270.0,0.237,266.2,0.3
6318,3,7215.49,17334.07,0.436138,1.0684119319900434e-06,0.634134,268.7,0.2382,266.3,0.3
6319,3,7216.19,17331.87,0.411268,1.0683727540306019e-06,0.740526,266.5,0.2401,266.3,0.3
6320,3,7216.89,17329.68,0.411794,1.068333570998031e-06,0.703524,264.1,0.2424,266.1,0.3
6321,3,7217.6,17327.49,0.378249,1.0682943828932167e-06,0.580452,265.0,0.2415,265.9,0.3
6322,3,7218.3,17325.28,0.439566,1.0682551897170447e-06,0.814727,266.4,0.2402,265.8,0.3
6323,3,7218.99,17323.07,0.415896,1.0682159914704009e-06,0.641424,269.3,0.2377,266.0,0.2
6324,3,7219.7,17320.88,0.413415,1.0681767881541713e-06,0.799358,265.1,0.2414,265.8,0.2
6325,3,7220.4,17318.68,0.411995,1.068137579769242e-06,0.698656,265.8,0.2408,265.8,0.2
6326,3,7221.09,17316.47,0.427878,1.0680983663164991e-06,0.587542,269.0,0.2379,265.8,0.2
6327,3,7221.8,17314.28,0.398195,1.0680591477968294e-06,0.563537,267.9,0.2389,265.8,0.2
6328,3,7222.49,17312.07,0.381444,1.068019924211119e-06,0.71841,268.4,0.2384,265.6,0.3
6329,3,7223.19,17309.87,0.454522,1.0679806955602548e-06,0.930502,270.9,0.2362,266.0,0.3
6330,3,7223.89,17307.66,0.425323,1.0679414618451232e-06,0.699775,273.1,0.2343,266.2,0.3
6331,3,7224.59,17305.47,0.452626,1.0679022230666112e-06,0.957631,270.1,0.2369,266.5,0.3
6332,3,7225.29,17303.27,0.432248,1.0678629792256056e-06,0.653239,269.3,0.2376,266.6,0.3
6333,3,7226.0,17301.08,0.412289,1.0678237303229936e-06,0.716062,264.7,0.2417,266.6,0.3
6334,3,7226.7,17298.89,0.444106,1.0677844763596622e-06,0.880855,263.1,0.2432,266.2,0.3
6335,3,7227.4,17296.69,0.415345,1.0677452173364986e-06,0.624296,271.1,0.2361,267.2,0.3
6336,3,7228.1,17294.5,0.484616,1.0677059532543905e-06,0.701776,270.4,0.2367,267.2,0.3
6337,3,7228.8,17292.31,0.40879,1.0676666841142252e-06,0.558037,267.2,0.2395,267.1,0.3
6338,3,7229.5,17290.11,0.41028,1.0676274099168903e-06,0.659984,270.6,0.2365,267.2,0.3
6339,3,7230.2,17287.91,0.380926,1.0675881306632735e-06,0.595562,269.3,0.2376,267.3,0.3
6340,3,7230.9,17285.72,0.396022,1.0675488463542625e-06,0.624627,267.5,0.2392,267.4,0.3
6341,3,7231.61,17283.55,0.384482,1.0675095569907457e-06,0.533541,266.9,0.2398,267.5,0.3
6342,3,7232.31,17281.35,0.393124,1.067470262573611e-06,0.647933,268.7,0.2382,267.6,0.3
6343,3,7233.0,17279.16,0.402573,1.0674309631037462e-06,0.810744,269.1,0.2378,267.6,0.3
6344,3,7233.71,17276.97,0.404395,1.0673916585820401e-06,0.59061,265.3,0.2413,267.5,0.3
6345,3,7234.41,17274.78,0.404228,1.0673523490093809e-06,0.654004,264.8,0.2417,267.5,0.3
6346,3,7235.11,17272.59,0.449694,1.0673130343866572e-06,0.850936,266.2,0.2404,267.4,0.3
6347,3,7235.81,17270.4,0.425111,1.0672737147147576e-06,1.085713,266.5,0.2402,267.3,0.3
6348,3,7236.51,17268.21,0.376656,1.067234389994571e-06,0.618152,263.2,0.2431,267.1,0.3
6349,3,7237.2,17266.01,0.468702,1.0671950602269862e-06,0.632258,268.2,0.2386,266.9,0.3
6350,3,7237.91,17263.83,0.412717,1.067155725412892e-06,0.584118,264.2,0.2422,266.5,0.3
6351,3,7238.6,17261.63,0.434077,1.0671163855531777e-06,0.632863,268.0,0.2388,266.4,0.3
6352,3,7239.3,17259.44,0.420926,1.0670770406487324e-06,0.58557,270.5,0.2366,266.5,0.3
6353,3,7240.0,17257.26,0.359622,1.0670376907004453e-06,0.461591,262.9,0.2434,266.4,0.3
6354,3,7240.7,17255.06,0.497106,1.066998335709206e-06,0.911144,269.5,0.2374,266.7,0.3
6355,3,7241.4,17252.88,0.450028,1.066958975675904e-06,0.745307,268.9,0.238,266.6,0.3
6356,3,7242.1,17250.69,0.420227,1.0669196106014293e-06,0.636342,270.6,0.2365,266.7,0.3
6357,3,7242.8,17248.5,0.433529,1.0668802404866713e-06,1.038272,270.5,0.2366,266.8,0.3
6358,3,7243.5,17246.32,0.437083,1.0668408653325202e-06,0.759319,270.3,0.2368,266.8,0.3
6359,3,7244.2,17244.13,0.39677,1.0668014851398658e-06,0.97359,270.7,0.2364,266.9,0.3
6360,3,7244.9,17241.94,0.382822,1.0667620999095981e-06,0.644655,267.5,0.2392,266.9,0.3
6361,3,7245.61,17239.78,0.429538,1.0667227096426075e-06,0.833701,269.7,0.2373,267.1,0.3
6362,3,7246.3,17237.59,0.443015,1.0666833143397842e-06,0.69758,270.0,0.2371,267.1,0.3
6363,3,7247.0,17235.4,0.44973,1.066643914002019e-06,1.039764,269.3,0.2376,267.2,0.2
6364,3,7247.7,17233.22,0.381141,1.0666045086302022e-06,0.6347,265.5,0.241,267.2,0.2
6365,3,7248.4,17231.03,0.388042,1.0665650982252247e-06,0.733999,269.4,0.2376,267.4,0.2
6366,3,7249.1,17228.85,0.438196,1.066525682787977e-06,0.594892,266.7,0.2399,267.5,0.2
6367,3,7249.8,17226.68,0.405292,1.0664862623193503e-06,0.635459,264.0,0.2425,267.3,0.2
6368,3,7250.5,17224.49,0.498031,1.0664468368202355e-06,0.904486,269.2,0.2378,267.6,0.2
6369,3,7251.2,17222.31,0.407935,1.0664074062915238e-06,0.646789,269.4,0.2376,267.7,0.2
6370,3,7251.9,17220.13,0.426373,1.0663679707341067e-06,0.98054,268.6,0.2383,267.9,0.2
6371,3,7252.6,17217.95,0.406196,1.0663285301488752e-06,0.780137,270.6,0.2365,268.0,0.2
6372,3,7253.3,17215.76,0.380315,1.0662890845367208e-06,0.853838,269.4,0.2376,268.0,0.2
6373,3,7254.0,17213.59,0.414343,1.0662496338985355e-06,0.750106,266.0,0.2406,268.1,0.3
6374,3,7254.7,17211.42,0.449196,1.0662101782352108e-06,0.915693,264.6,0.2419,267.8,0.3
6375,3,7255.39,17209.22,0.411579,1.0661707175476384e-06,0.636951,270.2,0.2368,267.9,0.2
6376,3,7256.09,17207.05,0.461152,1.0661312518367104e-06,0.864143,269.5,0.2374,267.9,0.2
6377,3,7256.79,17204.87,0.370397,1.0660917811033185e-06,0.554464,267.4,0.2393,267.7,0.2
6378,3,7257.5,17202.72,0.440028,1.0660523053483554e-06,0.542279,257.4,0.2487,267.1,0.2
6379,3,7258.19,17200.52,0.490271,1.0660128245727128e-06,0.732305,266.8,0.2399,266.9,0.2
6380,3,7258.89,17198.34,0.415452,1.065973338777284e-06,0.607224,271.7,0.2355,267.1,0.2
6381,3,7259.6,17196.18,0.416415,1.0659338479629607e-06,0.571578,268.2,0.2387,267.0,0.2
6382,3,7260.3,17194.01,0.431777,1.0658943521306359e-06,0.600098,268.4,0.2384,266.9,0.3
6383,3,7261.0,17191.84,0.427359,1.065854851281202e-06,0.829561,266.0,0.2406,266.7,0.3
6384,3,7261.7,17189.67,0.464971,1.0658153454155524e-06,0.803538,266.2,0.2404,266.7,0.3
6385,3,7262.4,17187.49,0.428553,1.0657758345345795e-06,0.760514,268.3,0.2386,266.7,0.3
6386,3,7263.1,17185.31,0.439259,1.0657363186391766e-06,0.933985,269.3,0.2376,266.8,0.3
6387,3,7263.8,17183.14,0.411647,1.065696797730237e-06,0.575588,269.0,0.2379,267.1,0.3
6388,3,7264.5,17180.97,0.449915,1.0656572718086538e-06,0.610752,267.2,0.2395,266.9,0.3
6389,3,7265.2,17178.81,0.413506,1.0656177408753204e-06,0.87468,267.1,0.2396,266.8,0.3
6390,3,7265.9,17176.63,0.388764,1.0655782049311308e-06,0.600424,270.2,0.2369,266.9,0.3
6391,3,7266.6,17174.45,0.388887,1.0655386639769781e-06,1.20392,270.5,0.2366,266.9,0.3
6392,3,7267.3,17172.29,0.374394,1.0654991180137564e-06,0.709821,266.2,0.2405,266.7,0.3
6393,3,7268.0,17170.12,0.386922,1.0654595670423595e-06,0.741128,266.9,0.2398,266.8,0.3
6394,3,7268.7,17167.95,0.464772,1.0654200110636813e-06,0.91981,267.6,0.2392,266.9,0.3
6395,3,7269.4,17165.78,0.369844,1.065380450078616e-06,0.718217,267.6,0.2392,266.8,0.3
6396,3,7270.09,17163.6,0.376197,1.0653408840880576e-06,0.538136,269.9,0.2371,266.8,0.3
6397,3,7270.79,17161.43,0.44381,1.0653013130929007e-06,0.837614,269.0,0.2379,266.9,0.3
6398,3,7271.49,17159.27,0.365321,1.0652617370940395e-06,0.693455,267.5,0.2393,267.4,0.3
6399,3,7272.19,17157.1,0.499027,1.0652221560923686e-06,0.888603,268.3,0.2385,267.5,0.3
6400,3,7272.89,17154.93,0.400352,1.065182570088783e-06,0.738848,266.7,0.2399,267.2,0.3
6401,3,7413.06,17481.67,0.458931,1.0651429790841772e-06,0.931815,242.9,0.2635,265.7,0.3
6402,3,7413.74,17479.38,0.421002,1.065103383079446e-06,0.716701,268.5,0.2383,265.7,0.4
6403,3,7414.43,17477.12,0.392497,1.0650637820754845e-06,0.647586,268.9,0.238,265.8,0.4
6404,3,7415.13,17474.87,0.388032,1.0650241760731879e-06,0.493694,267.3,0.2394,265.9,0.3
6405,3,7415.82,17472.62,0.434799,1.0649845650734513e-06,0.790767,270.9,0.2362,266.1,0.3
6406,3,7416.52,17470.38,0.411175,1.0649449490771698e-06,0.690249,267.7,0.2391,265.9,0.4
6407,3,7417.21,17468.13,0.439034,1.0649053280852395e-06,0.837284,271.9,0.2354,266.0,0.4
6408,3,7417.91,17465.89,0.448848,1.0648657020985553e-06,0.766745,268.6,0.2383,266.1,0.4
6409,3,7418.61,17463.65,0.382347,1.0648260711180135e-06,0.65732,266.2,0.2404,266.1,0.3
6410,3,7419.3,17461.41,0.419224,1.0647864351445095e-06,0.538139,267.6,0.2392,266.0,0.3
6411,3,7420.0,17459.17,0.441267,1.0647467941789394e-06,0.772165,265.3,0.2413,265.8,0.3
6412,3,7420.69,17456.92,0.41283,1.064707148222199e-06,0.813869,271.6,0.2356,266.0,0.3
6413,3,7421.39,17454.68,0.383286,1.0646674972751846e-06,0.712788,268.1,0.2387,266.1,0.3
6414,3,7422.09,17452.45,0.404924,1.0646278413387925e-06,0.913627,265.2,0.2414,266.0,0.3
6415,3,7422.79,17450.22,0.396583,1.064588180413919e-06,0.733821,263.7,0.2427,265.8,0.3
6416,3,7423.49,17447.97,0.416425,1.0645485145014602e-06,0.706514,267.0,0.2397,265.6,0.3
6417,3,7424.18,17445.73,0.461718,1.064508843602313e-06,0.555681,269.3,0.2376,265.7,0.3
6418,3,7424.88,17443.5,0.43794,1.0644691677173744e-06,0.766665,269.1,0.2379,265.8,0.3
6419,3,7425.58,17441.26,0.450331,1.0644294868475407e-06,0.704694,268.8,0.2381,265.8,0.3
6420,3,7426.28,17439.03,0.419103,1.0643898009937092e-06,0.572965,266.9,0.2398,265.9,0.3
6421,3,7426.99,17436.82,0.401681,1.0643501101567767e-06,0.849612,269.7,0.2373,267.4,0.2
6422,3,7427.68,17434.58,0.396624,1.0643104143376405e-06,0.738744,269.2,0.2377,267.5,0.2
6423,3,7428.38,17432.36,0.41823,1.0642707135371977e-06,0.844238,268.9,0.238,267.5,0.2
6424,3,7429.09,17430.14,0.402703,1.0642310077563456e-06,0.742881,266.3,0.2404,267.5,0.2
6425,3,7429.78,17427.9,0.355769,1.064191296995982e-06,0.562895,266.7,0.2399,267.3,0.2
6426,3,7430.49,17425.68,0.42425,1.0641515812570043e-06,0.625853,267.0,0.2397,267.3,0.2
6427,3,7431.19,17423.47,0.472593,1.0641118605403104e-06,0.75855,259.4,0.2467,266.7,0.2
6428,3,7431.88,17421.22,0.414089,1.0640721348467977e-06,0.707567,266.1,0.2405,266.6,0.2
6429,3,7432.58,17418.99,0.451423,1.0640324041773646e-06,0.734383,269.9,0.2371,266.7,0.2
6430,3,7433.28,17416.77,0.380939,1.0639926685329086e-06,0.603308,268.6,0.2383,266.7,0.2
6431,3,7433.98,17414.54,0.407589,1.0639529279143286e-06,0.788582,270.3,0.2368,267.0,0.2
6432,3,7434.68,17412.31,0.47591,1.0639131823225225e-06,1.020366,267.2,0.2395,266.8,0.2
6433,3,7435.38,17410.09,0.421437,1.0638734317583884e-06,0.848311,269.8,0.2372,266.8,0.2
6434,3,7436.08,17407.88,0.43533,1.0638336762228252e-06,0.813627,266.4,0.2402,266.9,0.2
6435,3,7436.79,17405.66,0.408521,1.0637939157167313e-06,0.521037,265.0,0.2415,266.9,0.2
6436,3,7437.48,17403.43,0.439636,1.0637541502410056e-06,0.680022,268.8,0.2381,267.0,0.2
6437,3,7438.18,17401.2,0.424847,1.0637143797965469e-06,0.833827,271.4,0.2358,267.1,0.2
6438,3,7438.89,17399.0,0.422853,1.0636746043842538e-06,0.79106,263.6,0.2428,266.8,0.2
6439,3,7439.58,17396.77,0.401605,1.0636348240050258e-06,0.655858,269.7,0.2373,266.9,0.2
6440,3,7440.28,17394.55,0.409822,1.0635950386597619e-06,0.799906,268.0,0.2388,266.9,0.2
6441,3,7440.99,17392.36,0.382725,1.0635552483493614e-06,0.599501,267.9,0.2389,266.8,0.2
6442,3,7441.69,17390.14,0.359224,1.0635154530747237e-06,0.865666,266.7,0.24,266.7,0.3
6443,3,7442.39,17387.92,0.394081,1.0634756528367481e-06,0.674762,268.4,0.2385,266.7,0.3
6444,3,7443.1,17385.71,0.439638,1.0634358476363345e-06,0.63761,265.3,0.2412,266.6,0.3
6445,3,7443.8,17383.49,0.434716,1.0633960374743827e-06,0.651698,266.3,0.2403,266.6,0.3
6446,3,7444.5,17381.28,0.451638,1.0633562223517923e-06,0.787219,266.7,0.2399,266.6,0.3
6447,3,7445.2,17379.06,0.433195,1.0633164022694632e-06,0.906705,268.1,0.2387,267.0,0.3
6448,3,7445.9,17376.84,0.450062,1.0632765772282958e-06,0.994829,267.1,0.2396,267.0,0.3
6449,3,7446.6,17374.62,0.452915,1.06323674722919e-06,0.843399,270.1,0.237,267.1,0.3
6450,3,7447.3,17372.42,0.398979,1.0631969122730462e-06,0.665044,267.2,0.2395,267.0,0.2
6451,3,7448.0,17370.2,0.419844,1.0631570723607649e-06,0.753367,267.7,0.239,266.9,0.2
6452,3,7448.71,17368.0,0.404247,1.0631172274932463e-06,0.722549,264.0,0.2424,266.7,0.3
6453,3,7449.4,17365.78,0.435614,1.0630773776713914e-06,0.729192,270.2,0.2368,266.7,0.3
6454,3,7450.11,17363.59,0.450746,1.0630375228961007e-06,0.860923,260.1,0.246,266.4,0.3
6455,3,7450.82,17361.39,0.445797,1.062997663168275e-06,0.794129,255.2,0.2508,265.9,0.2
6456,3,7451.51,17359.16,0.415666,1.0629577984888158e-06,0.72721,266.4,0.2402,265.8,0.2
6457,3,7452.21,17356.95,0.43766,1.0629179288586234e-06,0.70053,269.6,0.2374,265.7,0.2
6458,3,7452.91,17354.74,0.408038,1.0628780542785995e-06,0.7462,269.6,0.2373,266.0,0.2
6459,3,7453.62,17352.54,0.458264,1.0628381747496453e-06,0.599729,264.8,0.2417,265.8,0.2
6460,3,7454.33,17350.35,0.41695,1.0627982902726622e-06,0.701755,261.7,0.2445,265.4,0.3
6461,3,7455.04,17348.17,0.424219,1.0627584008485518e-06,0.688834,266.2,0.2404,265.3,0.3
6462,3,7455.74,17345.96,0.424891,1.0627185064782153e-06,0.87678,266.5,0.2402,265.3,0.3
6463,3,7456.45,17343.76,0.416484,1.062678607162555e-06,0.605825,265.4,0.2411,265.1,0.3
6464,3,7457.15,17341.57,0.456838,1.0626387029024723e-06,0.771288,263.9,0.2425,265.1,0.3
6465,3,7457.85,17339.35,0.456071,1.0625987936988695e-06,0.871304,269.7,0.2373,265.2,0.3
6466,3,7458.56,17337.16,0.394831,1.0625588795526486e-06,0.533589,262.8,0.2436,265.0,0.3
6467,3,7459.25,17334.95,0.361417,1.0625189604647117e-06,0.789268,270.0,0.2371,265.1,0.3
6468,3,7459.96,17332.75,0.45132,1.0624790364359613e-06,0.800165,265.6,0.241,265.0,0.3
6469,3,7460.66,17330.54,0.411296,1.0624391074672999e-06,1.010345,267.5,0.2392,264.9,0.3
6470,3,7461.36,17328.34,0.405011,1.0623991735596296e-06,0.524291,268.7,0.2382,265.0,0.3
6471,3,7462.06,17326.14,0.43565,1.0623592347138534e-06,0.755539,264.6,0.2419,264.8,0.3
6472,3,7462.76,17323.94,0.440124,1.0623192909308738e-06,0.665581,267.0,0.2397,265.0,0.3
6473,3,7463.46,17321.73,0.425037,1.062279342211594e-06,0.599303,270.3,0.2368,265.0,0.3
6474,3,7464.17,17319.54,0.465607,1.0622393885569167e-06,0.845992,264.9,0.2416,265.2,0.3
6475,3,7464.86,17317.33,0.427336,1.062199429967745e-06,0.594238,269.8,0.2372,266.0,0.3
6476,3,7465.56,17315.12,0.414109,1.0621594664449823e-06,0.620886,268.7,0.2382,266.1,0.3
6477,3,7466.26,17312.92,0.451093,1.0621194979895317e-06,0.665539,269.4,0.2376,266.1,0.3
6478,3,7466.97,17310.73,0.433847,1.0620795246022966e-06,0.549657,265.6,0.241,265.9,0.3
6479,3,7467.67,17308.53,0.466268,1.0620395462841807e-06,0.667865,268.8,0.2381,266.1,0.3
6480,3,7468.37,17306.34,0.413622,1.0619995630360876e-06,0.710692,264.0,0.2424,266.3,0.3
6481,3,7469.08,17304.15,0.418355,1.061959574858921e-06,0.645499,271.0,0.2362,266.5,0.3
6482,3,7469.78,17301.95,0.448344,1.0619195817535846e-06,0.593548,270.0,0.237,266.7,0.2
6483,3,7470.49,17299.77,0.435244,1.061879583720983e-06,0.862485,258.3,0.2478,266.4,0.2
6484,3,7471.18,17297.56,0.383889,1.0618395807620196e-06,0.800451,268.0,0.2388,266.6,0.2
6485,3,7471.88,17295.36,0.415154,1.0617995728775988e-06,0.569349,264.3,0.2421,266.3,0.2
6486,3,7472.58,17293.16,0.437289,1.0617595600686251e-06,0.69686,268.8,0.2381,266.6,0.2
6487,3,7473.28,17290.96,0.459823,1.0617195423360028e-06,0.72874,268.9,0.238,266.6,0.2
6488,3,7473.98,17288.76,0.454469,1.0616795196806366e-06,0.792205,267.8,0.239,266.7,0.2
6489,3,7474.68,17286.56,0.464484,1.061639492103431e-06,0.858281,268.9,0.238,266.7,0.2
6490,3,7475.38,17284.37,0.373845,1.0615994596052906e-06,0.551694,266.4,0.2402,266.6,0.2
6491,3,7476.08,17282.18,0.400251,1.0615594221871203e-06,0.738805,265.7,0.2408,266.7,0.2
6492,3,7476.78,17279.98,0.43979,1.0615193798498252e-06,0.725639,270.5,0.2366,266.8,0.2
6493,3,7477.48,17277.78,0.401895,1.0614793325943104e-06,0.568223,270.8,0.2363,266.9,0.2
6494,3,7478.18,17275.59,0.459598,1.0614392804214814e-06,0.730483,267.6,0.2391,267.0,0.2
6495,3,7478.88,17273.39,0.443999,1.0613992233322431e-06,0.59374,270.6,0.2365,267.0,0.2
6496,3,7479.58,17271.2,0.439691,1.061359161327501e-06,0.981727,266.0,0.2406,266.9,0.2
6497,3,7480.28,17269.0,0.433538,1.0613190944081607e-06,0.719105,271.3,0.2359,267.0,0.2
6498,3,7480.98,17266.81,0.397209,1.0612790225751278e-06,0.958338,267.3,0.2394,267.0,0.3
6499,3,7481.68,17264.62,0.475535,1.0612389458293082e-06,0.685423,269.5,0.2375,267.1,0.3
6500,3,7482.38,17262.44,0.440775,1.0611988641716076e-06,0.988085,267.8,0.239,267.2,0.3
6501,3,7483.09,17260.26,0.386708,1.061158777602932e-06,0.652502,270.9,0.2363,267.2,0.3
6502,3,7483.79,17258.06,0.411971,1.0611186861241876e-06,0.773308,270.5,0.2366,267.2,0.3
6503,3,7484.49,17255.87,0.477057,1.0610785897362805e-06,0.744386,268.2,0.2386,267.7,0.3
6504,3,7485.19,17253.68,0.438322,1.061038488440117e-06,0.644632,268.8,0.2381,267.7,0.3
6505,3,7485.9,17251.51,0.401032,1.0609983822366036e-06,0.725173,258.8,0.2473,267.4,0.3
6506,3,7486.58,17249.29,0.442095,1.0609582711266467e-06,0.981295,269.0,0.2379,267.5,0.3
6507,3,7487.28,17247.1,0.419685,1.060918155111153e-06,0.73446,267.3,0.2394,267.4,0.3
6508,3,7487.98,17244.91,0.401112,1.0608780341910292e-06,0.704835,268.5,0.2384,267.4,0.3
6509,3,7488.68,17242.71,0.406993,1.0608379083671824e-06,0.662734,269.7,0.2373,267.4,0.3
6510,3,7489.38,17240.53,0.451849,1.0607977776405195e-06,0.761768,266.8,0.2399,267.4,0.3
6511,3,7490.08,17238.33,0.391588,1.0607576420119476e-06,0.847952,268.1,0.2387,267.5,0.3
6512,3,7490.77,17236.14,0.425229,1.0607175014823737e-06,0.557467,270.4,0.2367,267.6,0.3
6513,3,7491.48,17233.96,0.424983,1.0606773560527054e-06,0.86088,266.3,0.2403,267.4,0.3
6514,3,7492.17,17231.77,0.452919,1.06063720572385e-06,0.626746,267.4,0.2393,267.4,0.3
6515,3,7492.87,17229.58,0.436261,1.060597050496715e-06,0.68494,267.1,0.2396,267.2,0.3
6516,3,7493.57,17227.4,0.410529,1.060556890372208e-06,0.650566,267.6,0.2391,267.3,0.3
6517,3,7494.28,17225.22,0.425056,1.0605167253512369e-06,0.61942,265.9,0.2407,267.0,0.3
6518,3,7494.97,17223.03,0.421934,1.0604765554347096e-06,0.759711,268.2,0.2386,267.1,0.3
6519,3,7495.67,17220.84,0.446069,1.0604363806235339e-06,0.71728,269.0,0.2379,267.1,0.3
6520,3,7496.37,17218.66,0.410503,1.0603962009186178e-06,0.623199,265.0,0.2415,266.9,0.3
6521,3,7497.08,17216.5,0.396998,1.0603560163208698e-06,0.70556,266.1,0.2405,266.7,0.3
6522,3,7497.78,17214.32,0.478448,1.060315826831198e-06,0.684712,264.8,0.2417,266.4,0.3
6523,3,7498.48,17212.13,0.463701,1.0602756324505107e-06,0.904983,266.7,0.2399,266.4,0.2
6524,3,7499.18,17209.96,0.459736,1.0602354331797168e-06,0.698157,265.5,0.241,266.2,0.2
6525,3,7499.88,17207.77,0.459629,1.0601952290197246e-06,0.748156,269.4,0.2376,266.8,0.2
6526,3,7500.58,17205.59,0.421384,1.060155019971443e-06,0.658761,267.7,0.239,266.7,0.2
6527,3,7501.28,17203.41,0.395492,1.0601148060357807e-06,0.718835,269.6,0.2374,266.9,0.2
6528,3,7501.98,17201.23,0.410178,1.060074587213647e-06,0.743216,272.9,0.2345,267.0,0.2
6529,3,7502.68,17199.05,0.418142,1.0600343635059508e-06,0.681648,269.7,0.2373,267.0,0.2
6530,3,7503.38,17196.88,0.44126,1.0599941349136014e-06,0.776872,269.1,0.2378,267.2,0.2
6531,3,7504.08,17194.7,0.452969,1.0599539014375077e-06,0.620391,266.5,0.2401,267.1,0.2
6532,3,7504.79,17192.53,0.401114,1.0599136630785796e-06,0.726986,263.2,0.2432,266.7,0.3
6533,3,7505.48,17190.35,0.461541,1.0598734198377262e-06,0.776299,268.1,0.2387,266.8,0.3
6534,3,7506.18,17188.17,0.43453,1.0598331717158576e-06,0.910966,268.7,0.2382,266.8,0.3
6535,3,7506.89,17186.0,0.4341,1.0597929187138831e-06,0.579691,268.5,0.2384,266.9,0.3
6536,3,7507.59,17183.83,0.447753,1.0597526608327128e-06,0.796954,269.2,0.2378,267.0,0.3
6537,3,7508.29,17181.65,0.445955,1.0597123980732566e-06,0.623306,269.9,0.2371,267.2,0.3
6538,3,7509.0,17179.51,0.410544,1.0596721304364247e-06,1.188712,255.4,0.2506,266.5,0.3
6539,3,7509.7,17177.32,0.414026,1.0596318579231272e-06,0.889833,265.1,0.2414,266.3,0.3
6540,3,7510.39,17175.14,0.463811,1.0595915805342744e-06,0.859466,268.1,0.2387,266.5,0.3
6541,3,7511.1,17172.99,0.444486,1.0595512982707767e-06,0.833716,271.2,0.236,266.7,0.3
6542,3,7511.81,17170.83,0.42143,1.0595110111335445e-06,0.802394,265.1,0.2414,266.7,0.3
6543,3,7512.51,17168.67,0.446672,1.0594707191234885e-06,0.869579,268.4,0.2385,266.8,0.3
6544,3,7513.21,17166.49,0.411532,1.0594304222415196e-06,0.827515,267.2,0.2396,266.9,0.3
6545,3,7513.91,17164.33,0.399055,1.0593901204885484e-06,0.95838,268.1,0.2387,266.8,0.3
6546,3,7514.62,17162.17,0.382815,1.059349813865486e-06,0.745293,263.2,0.2431,266.6,0.3
6547,3,7515.32,17160.01,0.429516,1.0593095023732435e-06,0.540468,261.7,0.2446,266.2,0.3
6548,3,7516.02,17157.83,0.393217,1.0592691860127317e-06,0.940826,266.4,0.2402,265.9,0.3
6549,3,7516.74,17155.69,0.429256,1.0592288647848625e-06,0.566003,256.0,0.25,265.2,0.3
6550,3,7517.43,17153.51,0.458574,1.0591885386905467e-06,0.680054,263.5,0.2428,264.9,0.3
6551,3,7518.13,17151.34,0.481195,1.0591482077306962e-06,0.943292,269.2,0.2377,265.1,0.2
6552,3,7518.83,17149.18,0.418667,1.0591078719062226e-06,0.651838,266.0,0.2406,265.2,0.2
6553,3,7519.53,17147.01,0.414094,1.0590675312180375e-06,0.579089,267.3,0.2395,265.2,0.2
6554,3,7520.24,17144.86,0.430995,1.0590271856670528e-06,0.667201,261.5,0.2447,264.8,0.2
6555,3,7520.94,17142.69,0.404969,1.0589868352541803e-06,0.575709,265.9,0.2407,264.7,0.2
6556,3,7521.63,17140.52,0.396413,1.0589464799803323e-06,0.609007,270.9,0.2362,264.8,0.2
6557,3,7522.34,17138.36,0.410571,1.0589061198464208e-06,0.703349,265.1,0.2414,264.6,0.2
6558,3,7523.04,17136.21,0.462126,1.058865754853358e-06,0.704012,264.6,0.2419,265.0,0.2
6559,3,7523.75,17134.05,0.449571,1.0588253850020564e-06,0.582317,267.8,0.239,265.2,0.2
6560,3,7524.45,17131.89,0.414931,1.0587850102934287e-06,0.649853,266.4,0.2402,265.1,0.2
6561,3,7525.16,17129.74,0.413539,1.0587446307283872e-06,0.591455,271.1,0.2361,265.1,0.2
6562,3,7525.86,17127.58,0.391334,1.0587042463078447e-06,0.657542,267.5,0.2393,265.2,0.2
6563,3,7526.56,17125.42,0.428168,1.0586638570327139e-06,0.593118,268.6,0.2382,265.2,0.2
6564,3,7527.27,17123.27,0.462094,1.058623462903908e-06,0.920673,265.8,0.2408,265.1,0.2
6565,3,7527.97,17121.11,0.411399,1.0585830639223397e-06,0.66598,265.1,0.2414,265.0,0.2
6566,3,7528.67,17118.95,0.42901,1.0585426600889226e-06,0.953116,268.9,0.238,265.3,0.2
6567,3,7529.37,17116.79,0.386401,1.0585022514045697e-06,0.79418,267.8,0.239,265.6,0.2
6568,3,7530.07,17114.63,0.434967,1.0584618378701947e-06,0.89554,270.2,0.2369,265.7,0.3
6569,3,7530.77,17112.47,0.431623,1.0584214194867104e-06,0.676923,269.7,0.2373,266.5,0.3
6570,3,7531.48,17110.32,0.464502,1.0583809962550308e-06,0.716117,266.5,0.2402,266.6,0.2
6571,3,7532.18,17108.16,0.416837,1.0583405681760697e-06,0.572841,268.7,0.2381,266.6,0.2
6572,3,7532.88,17106.01,0.445674,1.0583001352507407e-06,0.589887,268.2,0.2386,266.7,0.2
6573,3,7533.59,17103.86,0.430899,1.0582596974799578e-06,0.647365,262.1,0.2442,266.4,0.2
6574,3,7534.28,17101.69,0.431321,1.0582192548646352e-06,0.62943,269.4,0.2375,266.8,0.3
6575,3,7534.98,17099.54,0.4795,1.0581788074056868e-06,0.636133,268.8,0.2381,267.0,0.3
6576,3,7535.69,17097.39,0.4264,1.058138355104027e-06,0.640198,266.0,0.2406,266.7,0.2
6577,3,7536.38,17095.22,0.466922,1.05809789796057e-06,0.840148,269.5,0.2375,267.0,0.2
6578,3,7537.09,17093.07,0.403544,1.0580574359762304e-06,0.559718,266.4,0.2402,267.0,0.3
6579,3,7537.79,17090.92,0.407703,1.0580169691519227e-06,0.763687,266.6,0.2401,267.0,0.2
6580,3,7538.49,17088.77,0.385501,1.0579764974885615e-06,0.565386,267.0,0.2397,267.0,0.2
6581,3,7539.2,17086.63,0.411826,1.0579360209870618e-06,0.673958,268.8,0.2381,266.9,0.2
6582,3,7539.9,17084.48,0.414575,1.0578955396483384e-06,0.822906,269.8,0.2372,267.0,0.3
6583,3,7540.6,17082.32,0.397827,1.0578550534733063e-06,0.796604,268.8,0.2381,267.0,0.2
6584,3,7541.3,17080.17,0.352991,1.0578145624628808e-06,0.746763,267.4,0.2393,267.1,0.2
6585,3,7542.0,17078.02,0.433884,1.057774066617977e-06,0.640161,267.5,0.2393,267.2,0.2
6586,3,7542.7,17075.87,0.431631,1.0577335659395103e-06,0.864727,266.1,0.2405,267.1,0.3
6587,3,7543.4,17073.72,0.423112,1.0576930604283959e-06,0.73789,265.0,0.2415,266.9,0.3
6588,3,7544.1,17071.56,0.445099,1.0576525500855496e-06,0.73479,269.2,0.2377,266.9,0.3
6589,3,7544.81,17069.42,0.374592,1.057612034911887e-06,0.658469,265.9,0.2407,266.7,0.3
6590,3,7545.51,17067.27,0.465815,1.057571514908324e-06,0.95661,266.4,0.2403,266.7,0.3
6591,3,7546.21,17065.12,0.470684,1.0575309900757764e-06,0.774212,268.4,0.2385,266.7,0.3
6592,3,7546.91,17062.97,0.448723,1.0574904604151602e-06,0.871931,266.5,0.2402,266.6,0.3
6593,3,7547.61,17060.82,0.49059,1.0574499259273914e-06,0.857386,270.0,0.237,267.0,0.3
6594,3,7548.31,17058.67,0.402573,1.0574093866133863e-06,0.900584,266.6,0.2401,266.8,0.3
6595,3,7549.01,17056.52,0.474857,1.0573688424740613e-06,0.839235,268.4,0.2384,266.8,0.3
6596,3,7549.71,17054.37,0.400594,1.0573282935103328e-06,0.747167,268.1,0.2387,266.9,0.3
6597,3,7550.41,17052.23,0.421363,1.0572877397231172e-06,0.792128,267.1,0.2396,266.8,0.3
6598,3,7551.11,17050.08,0.432935,1.0572471811133315e-06,0.731001,266.4,0.2402,266.8,0.3
6599,3,7551.81,17047.94,0.406369,1.057206617681892e-06,0.677087,265.7,0.2409,266.8,0.3
6600,3,7552.51,17045.79,0.442765,1.0571660494297161e-06,0.633693,267.1,0.2396,266.8,0.3
